pdb_id,chain_id,subtype,full_scaffold_index_0,biological_index_1,full_scaffold_amino_acid,coordinate_index_0,coordinate_amino_acid,pdb_residue_number,pdb_insertion_code,pdb_residue_name,backbone_complete,msa_column_0,msa_column_1,mapping_status,mapping_confidence,msa_coverage,conservation,entropy,gap_fraction,msa_consensus,allowed_residues,scaffold_consensus_status,conservation_constraint_eligible,manual_review_required,decision_reasons
6E9F,A,VI-D,0,1,M,,,,,,False,43,44,full_msa_only_unresolved_coordinate,medium,0.9065934065934066,0.9545920378399684,0.2411828238299522,0.09340659340659341,M,M,matches_consensus,False,True,unresolved_terminal
6E9F,A,VI-D,1,2,G,,,,,,False,44,45,full_msa_only_unresolved_coordinate,medium,0.9065934065934066,0.257311785573512,2.090300057390328,0.09340659340659341,K,A;E;G;K;N;S;T,differs_from_consensus,False,True,unresolved_terminal;scaffold_differs_from_msa_consensus
6E9F,A,VI-D,2,3,K,,,,,,False,46,47,full_msa_only_unresolved_coordinate,medium,0.8571428571428571,0.6467303950596396,1.3013013479555542,0.1428571428571429,K,E;K;N,matches_consensus,False,True,unresolved_terminal
6E9F,A,VI-D,3,4,K,,,,,,False,48,49,full_msa_only_unresolved_coordinate,medium,0.8461538461538461,0.6326425316020294,1.3574115577290657,0.15384615384615385,K,K;N,matches_consensus,False,True,unresolved_terminal
6E9F,A,VI-D,4,5,I,,,,,,False,85,86,full_msa_only_unresolved_coordinate,medium,0.6868131868131868,0.20291467348982087,2.252092333101242,0.3131868131868132,K,E;I;K;L;M;Q;V,differs_from_consensus,False,True,unresolved_terminal;scaffold_differs_from_msa_consensus
6E9F,A,VI-D,5,6,H,,,,,,False,86,87,full_msa_only_unresolved_coordinate,medium,0.6923076923076923,0.31700605393505776,2.042154349993927,0.3076923076923077,N,K;N;S;T,differs_from_consensus,False,True,unresolved_terminal;scaffold_differs_from_msa_consensus
6E9F,A,VI-D,6,7,A,,,,,,False,87,88,full_msa_only_unresolved_coordinate,medium,0.6868131868131868,0.4054956057403493,2.0095076001874896,0.3131868131868132,A,A;I;L;P;V,matches_consensus,False,True,unresolved_terminal
6E9F,A,VI-D,7,8,R,,,,,,False,88,89,full_msa_only_unresolved_coordinate,medium,0.6868131868131868,0.4912671042385137,1.4871320618732518,0.3131868131868132,K,E;K;R,differs_from_consensus,False,True,unresolved_terminal;scaffold_differs_from_msa_consensus
6E9F,A,VI-D,8,9,D,,,,,,False,89,90,full_msa_only_unresolved_coordinate,medium,0.6923076923076923,0.3346175013758943,1.8714192882978082,0.3076923076923077,E,D;E;K;N;Q,differs_from_consensus,False,True,unresolved_terminal;scaffold_differs_from_msa_consensus
6E9F,A,VI-D,9,10,L,,,,,,False,90,91,full_msa_only_unresolved_coordinate,medium,0.6978021978021978,0.20912754601895217,2.2528156864655444,0.30219780219780223,R,I;K;L;N;Q;R,differs_from_consensus,False,True,unresolved_terminal;scaffold_differs_from_msa_consensus
6E9F,A,VI-D,10,11,R,,,,,,False,91,92,full_msa_only_unresolved_coordinate,medium,0.6923076923076923,0.6195927352779307,1.327908461318374,0.3076923076923077,R,E;K;R,matches_consensus,False,True,unresolved_terminal
6E9F,A,VI-D,11,12,E,,,,,,False,92,93,full_msa_only_unresolved_coordinate,medium,0.6703296703296703,0.6248707045167222,1.492874827116403,0.3296703296703297,E,A;E;L;Q,matches_consensus,False,True,unresolved_terminal
6E9F,A,VI-D,12,13,Q,,,,,,False,93,94,full_msa_only_unresolved_coordinate,medium,0.6703296703296703,0.2059533386967015,2.307683563829647,0.3296703296703297,A,A;E;K;L;Q,differs_from_consensus,False,True,unresolved_terminal;scaffold_differs_from_msa_consensus
6E9F,A,VI-D,13,14,R,,,,,,False,94,95,full_msa_only_unresolved_coordinate,medium,0.6648351648351648,0.2789076118535735,2.2748008919849525,0.3351648351648352,K,E;K;N;Q;R,differs_from_consensus,False,True,unresolved_terminal;scaffold_differs_from_msa_consensus
6E9F,A,VI-D,14,15,K,,,,,,False,95,96,full_msa_only_unresolved_coordinate,medium,0.6593406593406593,0.46973792455047597,1.826161900367876,0.34065934065934067,K,A;E;K;N;Q;R,matches_consensus,False,True,unresolved_terminal
6E9F,A,VI-D,15,16,T,,,,,,False,96,97,full_msa_only_unresolved_coordinate,medium,0.6648351648351648,0.26775130737943054,2.2671905430073798,0.3351648351648352,A,A;E;K;L;N;Q;T,differs_from_consensus,False,True,unresolved_terminal;scaffold_differs_from_msa_consensus
6E9F,A,VI-D,16,17,D,,,,,,False,114,115,full_msa_only_unresolved_coordinate,medium,0.6428571428571429,0.3308307692307692,2.037259182880884,0.3571428571428571,K,A;D;E;K;Q;R,differs_from_consensus,False,True,unresolved_terminal;scaffold_differs_from_msa_consensus
6E9F,A,VI-D,17,18,R,,,,,,False,115,116,full_msa_only_unresolved_coordinate,medium,0.6483516483516484,0.3269675221992458,1.7602401767973868,0.3516483516483516,K,K;N;Q;R,differs_from_consensus,False,True,unresolved_terminal;scaffold_differs_from_msa_consensus
6E9F,A,VI-D,18,19,T,,,,,,False,134,135,full_msa_only_unresolved_coordinate,medium,0.5989010989010989,0.37989711119905023,1.9890892013302428,0.4010989010989011,K,K;L;M;N;Q;R,differs_from_consensus,False,True,unresolved_terminal;scaffold_differs_from_msa_consensus
6E9F,A,VI-D,19,20,E,,,,,,False,135,136,full_msa_only_unresolved_coordinate,medium,0.5934065934065934,0.26452905811623245,1.9900688544637355,0.4065934065934066,E,A;D;E;K;N;Q,matches_consensus,False,True,unresolved_terminal
6E9F,A,VI-D,20,21,K,,,,,,False,136,137,full_msa_only_unresolved_coordinate,medium,0.5879120879120879,0.5322777101096224,1.547119004196714,0.41208791208791207,K,A;I;K;Q;R,matches_consensus,False,True,unresolved_terminal
6E9F,A,VI-D,21,22,F,,,,,,False,137,138,full_msa_only_unresolved_coordinate,medium,0.532967032967033,0.1941203919738684,2.4661170037383084,0.46703296703296704,Y,A;F;I;V;W;Y,differs_from_consensus,False,True,unresolved_terminal;scaffold_differs_from_msa_consensus
6E9F,A,VI-D,22,23,A,,,,,,False,138,139,full_msa_only_unresolved_coordinate,medium,0.5659340659340659,0.2740899357601713,2.143495720632917,0.4340659340659341,E,A;D;E;Q;S,differs_from_consensus,False,True,unresolved_terminal;scaffold_differs_from_msa_consensus
6E9F,A,VI-D,23,24,D,,,,,,False,139,140,full_msa_only_unresolved_coordinate,medium,0.554945054945055,0.23954205195948922,1.9931866631548372,0.44505494505494503,A,A;E;K;Q;R;S,differs_from_consensus,False,True,unresolved_terminal;scaffold_differs_from_msa_consensus
6E9F,A,VI-D,24,25,Q,,,,,,False,140,141,full_msa_only_unresolved_coordinate,medium,0.5439560439560439,0.15949252378794743,2.373455206672549,0.4560439560439561,E,A;E;K;N;Q;V,differs_from_consensus,False,True,unresolved_terminal;scaffold_differs_from_msa_consensus
6E9F,A,VI-D,25,26,N,,,,,,False,141,142,full_msa_only_unresolved_coordinate,medium,0.5439560439560439,0.1739918441323063,2.403399988467088,0.4560439560439561,A,A;K;N;Q;R;T;V,differs_from_consensus,False,True,unresolved_terminal;scaffold_differs_from_msa_consensus
6E9F,A,VI-D,26,27,K,,,,,,False,142,143,full_msa_only_unresolved_coordinate,medium,0.5164835164835165,0.37469467513434296,2.0599033831188676,0.48351648351648346,K,A;E;I;K;Q,matches_consensus,False,True,unresolved_terminal
6E9F,A,VI-D,27,28,K,,,,,,False,143,144,full_msa_only_unresolved_coordinate,medium,0.510989010989011,0.33349875930521095,1.989178016047435,0.48901098901098905,A,A;E;K;N,differs_from_consensus,False,True,unresolved_terminal;scaffold_differs_from_msa_consensus
6E9F,A,VI-D,28,29,R,,,,,,False,144,145,full_msa_only_unresolved_coordinate,medium,0.510989010989011,0.19057071960297767,2.212779635081481,0.48901098901098905,E,A;E;I;K;R;T;V,differs_from_consensus,False,True,unresolved_terminal;scaffold_differs_from_msa_consensus
6E9F,A,VI-D,29,30,E,,,,,,False,145,146,full_msa_only_unresolved_coordinate,medium,0.46153846153846156,0.3514765489287782,2.146305822046063,0.5384615384615384,E,A;E;K;Q;T,matches_consensus,False,True,unresolved_terminal
6E9F,A,VI-D,30,31,A,,,,,,False,146,147,full_msa_only_unresolved_coordinate,medium,0.45054945054945056,0.3271196632591702,2.1630455643954396,0.5494505494505495,E,A;E;K;L;N;Q;R,differs_from_consensus,False,True,unresolved_terminal;scaffold_differs_from_msa_consensus
6E9F,A,VI-D,31,32,E,,,,,,False,147,148,full_msa_only_unresolved_coordinate,medium,0.3956043956043956,0.2859270290394639,2.1731240435922814,0.6043956043956045,K,A;E;K;N;Q;R,differs_from_consensus,False,True,unresolved_terminal;scaffold_differs_from_msa_consensus
6E9F,A,VI-D,32,33,R,,,,,,False,163,164,full_msa_only_unresolved_coordinate,medium,0.5,0.48069868995633186,1.812223923705824,0.5,K,E;K;Q;R;S,differs_from_consensus,False,True,unresolved_terminal;scaffold_differs_from_msa_consensus
6E9F,A,VI-D,33,34,A,,,,,,False,164,165,full_msa_only_unresolved_coordinate,medium,0.5,0.2850655021834061,2.0084124506774783,0.5,K,A;K;P;Q;R,differs_from_consensus,False,True,unresolved_terminal;scaffold_differs_from_msa_consensus
6E9F,A,VI-D,34,35,V,,,,,,False,165,166,full_msa_only_unresolved_coordinate,medium,0.5274725274725275,0.34037066881547134,2.195545818080973,0.4725274725274725,E,A;E;K;Q;V,differs_from_consensus,False,True,unresolved_terminal;scaffold_differs_from_msa_consensus
6E9F,A,VI-D,35,36,P,,,,,,False,166,167,full_msa_only_unresolved_coordinate,medium,0.532967032967033,0.3758133629582605,1.9919113494227125,0.46703296703296704,E,A;E;K;Q;T,differs_from_consensus,False,True,unresolved_terminal;scaffold_differs_from_msa_consensus
6E9F,A,VI-D,36,37,K,,,,,,False,167,168,full_msa_only_unresolved_coordinate,medium,0.521978021978022,0.42429202815518086,1.8930849445483797,0.478021978021978,E,A;E;F;K;T,differs_from_consensus,False,True,unresolved_terminal;scaffold_differs_from_msa_consensus
6E9F,A,VI-D,37,38,K,,,,,,False,168,169,full_msa_only_unresolved_coordinate,medium,0.532967032967033,0.18235200761783843,2.4991407924856284,0.46703296703296704,K,A;D;E;K;N;Q;R,matches_consensus,False,True,unresolved_terminal
6E9F,A,VI-D,38,39,D,,,,,,False,169,170,full_msa_only_unresolved_coordinate,medium,0.532967032967033,0.2742421837803523,2.3717483272195796,0.46703296703296704,A,A;E;K;Q;R;T,differs_from_consensus,False,True,unresolved_terminal;scaffold_differs_from_msa_consensus
6E9F,A,VI-D,39,40,A,,,,,,False,170,171,full_msa_only_unresolved_coordinate,medium,0.5054945054945055,0.21388077649888335,2.3220700819939433,0.4945054945054945,A,A;E;K;Q;R;V,matches_consensus,False,True,unresolved_terminal
6E9F,A,VI-D,40,41,A,,,,,,False,171,172,full_msa_only_unresolved_coordinate,medium,0.4835164835164835,0.25786279198087175,2.385896562819295,0.5164835164835164,A,A;E;I;K;N;P;R;S,matches_consensus,False,True,unresolved_terminal
6E9F,A,VI-D,41,42,V,,,,,,False,172,173,full_msa_only_unresolved_coordinate,medium,0.45054945054945056,0.28903517794692446,2.0461419203906415,0.5494505494505495,V,A;E;K;L;T;V,matches_consensus,False,True,unresolved_terminal
6E9F,A,VI-D,42,43,S,,,,,,False,173,174,full_msa_only_unresolved_coordinate,medium,0.42857142857142855,0.171543444270717,2.345762628633072,0.5714285714285714,E,A;D;E;L;N;P;Q;T;V,differs_from_consensus,False,True,unresolved_terminal;scaffold_differs_from_msa_consensus
6E9F,A,VI-D,43,44,V,,,,,,False,174,175,full_msa_only_unresolved_coordinate,medium,0.44505494505494503,0.2216159496327387,2.4488767851240616,0.554945054945055,K,A;E;K;P;Q;T;V,differs_from_consensus,False,True,unresolved_terminal;scaffold_differs_from_msa_consensus
6E9F,A,VI-D,44,45,K,,,,,,False,202,203,full_msa_only_unresolved_coordinate,medium,0.24725274725274726,0.2651356993736952,2.0626503752120544,0.7527472527472527,K,A;D;E;H;I;K;L;N;T,matches_consensus,False,True,unresolved_terminal
6E9F,A,VI-D,45,46,S,,,,,,False,203,204,full_msa_only_unresolved_coordinate,medium,0.24725274725274726,0.1336116910229645,2.5227942781938166,0.7527472527472527,T,D;E;H;K;M;N;P;Q;R;S;T;V;Y,differs_from_consensus,False,True,unresolved_terminal;scaffold_differs_from_msa_consensus
6E9F,A,VI-D,46,47,V,,,,,,False,204,205,full_msa_only_unresolved_coordinate,medium,0.24725274725274726,0.20041753653444677,2.047475906534647,0.7527472527472527,E,A;E;G;H;K;M;P;Q;V,differs_from_consensus,False,True,unresolved_terminal;scaffold_differs_from_msa_consensus
6E9F,A,VI-D,47,48,S,,,,,,False,205,206,full_msa_only_unresolved_coordinate,medium,0.2857142857142857,0.27311522048364156,2.0507821981669148,0.7142857142857143,E,D;E;L;N;P;R;S,differs_from_consensus,False,True,unresolved_terminal;scaffold_differs_from_msa_consensus
6E9F,A,VI-D,48,49,S,,,,,,False,206,207,full_msa_only_unresolved_coordinate,medium,0.2967032967032967,0.20860495436766624,2.3155516046151385,0.7032967032967032,K,A;I;K;M;S;T,differs_from_consensus,False,True,unresolved_terminal;scaffold_differs_from_msa_consensus
6E9F,A,VI-D,49,50,V,,,,,,False,207,208,full_msa_only_unresolved_coordinate,medium,0.3131868131868132,0.1853997682502897,2.3434011475400687,0.6868131868131868,T,I;R;S;T;V,differs_from_consensus,False,True,unresolved_terminal;scaffold_differs_from_msa_consensus
6E9F,A,VI-D,50,51,S,,,,,,False,208,209,full_msa_only_unresolved_coordinate,medium,0.489010989010989,0.16958134605193428,2.3723055645212225,0.510989010989011,K,A;E;G;K;N;Q;R;S;T,differs_from_consensus,False,True,unresolved_terminal;scaffold_differs_from_msa_consensus
6E9F,A,VI-D,51,52,S,,,,,,False,209,210,full_msa_only_unresolved_coordinate,medium,0.510989010989011,0.14292803970223325,2.495483588447493,0.48901098901098905,K,D;E;I;K;N;P;R,differs_from_consensus,False,True,unresolved_terminal;scaffold_differs_from_msa_consensus
6E9F,A,VI-D,52,53,K,,,,,,False,210,211,full_msa_only_unresolved_coordinate,medium,0.554945054945055,0.18189977561705312,2.4667057457826633,0.44505494505494503,P,E;K;P;R;S;T;V,differs_from_consensus,False,True,unresolved_terminal;scaffold_differs_from_msa_consensus
6E9F,A,VI-D,53,54,K,,,,,,False,211,212,full_msa_only_unresolved_coordinate,medium,0.5659340659340659,0.22291696960884108,2.3949013648213855,0.4340659340659341,K,D;E;K;L;N;S;V,matches_consensus,False,True,unresolved_terminal
6E9F,A,VI-D,54,55,D,,,,,,False,212,213,full_msa_only_unresolved_coordinate,medium,0.5769230769230769,0.21728674494270764,2.4714785036181066,0.42307692307692313,K,A;E;K;P;Q;S;T,differs_from_consensus,False,True,unresolved_terminal;scaffold_differs_from_msa_consensus
6E9F,A,VI-D,55,56,N,,,,,,False,213,214,full_msa_only_unresolved_coordinate,medium,0.5769230769230769,0.13580421558919226,2.538586018114439,0.42307692307692313,S,E;G;K;N;Q;R;S;T;V,differs_from_consensus,False,True,unresolved_terminal;scaffold_differs_from_msa_consensus
6E9F,A,VI-D,56,57,V,,,,,,False,214,215,full_msa_only_unresolved_coordinate,medium,0.7747252747252747,0.1587515653597919,2.5628205194091347,0.22527472527472525,K,E;G;K;N;R;S;T;V,differs_from_consensus,False,True,unresolved_terminal;scaffold_differs_from_msa_consensus
6E9F,A,VI-D,57,58,T,0.0,T,58.0,,THR,True,215,216,four_layer_exact,high,0.8681318681318682,0.5127778240239741,1.9045604964317486,0.13186813186813184,K,K;R,differs_from_consensus,True,True,scaffold_differs_from_msa_consensus
6E9F,A,VI-D,58,59,K,1.0,K,59.0,,LYS,True,216,217,four_layer_exact,high,0.8901098901098901,0.9535371460837299,0.24974544341960223,0.10989010989010994,K,K,matches_consensus,True,False,
6E9F,A,VI-D,59,60,S,2.0,S,60.0,,SER,True,248,249,four_layer_exact,high,0.945054945054945,0.7125102942277457,0.9071193515018483,0.05494505494505497,S,S;T,matches_consensus,True,False,
6E9F,A,VI-D,60,61,M,3.0,M,61.0,,MET,True,249,250,four_layer_exact,high,0.9505494505494505,0.20694268936296734,2.5093949816418735,0.0494505494505495,K,A;K;L;N;R;S;T,differs_from_consensus,True,True,scaffold_differs_from_msa_consensus
6E9F,A,VI-D,61,62,A,4.0,A,62.0,,ALA,True,250,251,four_layer_exact,high,0.9560439560439561,0.6693482913868182,1.2504246457891033,0.04395604395604391,A,A;S;V,matches_consensus,True,False,
6E9F,A,VI-D,62,63,K,5.0,K,63.0,,LYS,True,251,252,four_layer_exact,high,0.9560439560439561,0.9929146062440033,0.04213094684547743,0.04395604395604391,K,K,matches_consensus,True,False,
6E9F,A,VI-D,63,64,A,6.0,A,64.0,,ALA,True,252,253,four_layer_exact,high,0.9615384615384616,0.6552583363869549,1.3528717150717957,0.038461538461538436,A,A;R,matches_consensus,True,False,
6E9F,A,VI-D,64,65,A,7.0,A,65.0,,ALA,True,253,254,four_layer_exact,high,0.967032967032967,0.4271159304271887,1.7182799322688695,0.03296703296703296,A,A;I;L;M;S;V,matches_consensus,True,False,
6E9F,A,VI-D,65,66,G,8.0,G,66.0,,GLY,True,254,255,four_layer_exact,high,0.967032967032967,0.9860272178152973,0.08323267756449973,0.03296703296703296,G,G,matches_consensus,True,False,
6E9F,A,VI-D,66,67,V,9.0,V,67.0,,VAL,True,255,256,four_layer_exact,high,0.967032967032967,0.5763772651189869,1.08187629296816,0.03296703296703296,L,I;L;V,differs_from_consensus,True,True,scaffold_differs_from_msa_consensus
6E9F,A,VI-D,67,68,K,10.0,K,68.0,,LYS,True,256,257,four_layer_exact,high,0.967032967032967,0.9790408267229459,0.12477493786647012,0.03296703296703296,K,K,matches_consensus,True,False,
6E9F,A,VI-D,68,69,S,11.0,S,69.0,,SER,True,257,258,four_layer_exact,high,0.967032967032967,0.9091769157994324,0.45814780748362016,0.03296703296703296,S,S,matches_consensus,True,False,
6E9F,A,VI-D,69,70,V,12.0,V,70.0,,VAL,True,258,259,four_layer_exact,high,0.967032967032967,0.3947310967178516,1.6992246664650792,0.03296703296703296,T,A;I;T;V,differs_from_consensus,True,True,scaffold_differs_from_msa_consensus
6E9F,A,VI-D,70,71,F,13.0,F,71.0,,PHE,True,259,260,four_layer_exact,high,0.967032967032967,0.5062950294738373,1.2498110704586254,0.03296703296703296,F,F;I;L,matches_consensus,True,False,
6E9F,A,VI-D,71,72,A,14.0,A,72.0,,ALA,True,260,261,four_layer_exact,high,0.9725274725274725,0.3272385632723856,2.1121187202881275,0.027472527472527486,V,A;I;S;V,differs_from_consensus,True,True,scaffold_differs_from_msa_consensus
6E9F,A,VI-D,72,73,V,15.0,V,73.0,,VAL,True,261,262,four_layer_exact,high,0.9725274725274725,0.2009828720098287,2.3665675367642436,0.027472527472527486,V,F;H;I;L;V;Y,matches_consensus,True,False,
6E9F,A,VI-D,73,74,G,16.0,G,74.0,,GLY,True,262,263,four_layer_exact,high,0.9725274725274725,0.3304184433041844,1.801106335966163,0.027472527472527486,G,D;G;N;S,matches_consensus,True,False,
6E9F,A,VI-D,74,75,N,17.0,N,75.0,,ASN,True,267,268,four_layer_exact,high,0.9395604395604396,0.4560742025488273,1.6173802814414795,0.06043956043956045,D,D;E;G;K;N,differs_from_consensus,True,True,scaffold_differs_from_msa_consensus
6E9F,A,VI-D,75,76,T,18.0,T,76.0,,THR,True,274,275,four_layer_exact,high,0.9560439560439561,0.3200236179791866,2.0036331809104624,0.04395604395604391,K,D;E;K;N;R;S;T,differs_from_consensus,True,True,scaffold_differs_from_msa_consensus
6E9F,A,VI-D,76,77,V,19.0,V,77.0,,VAL,True,280,281,four_layer_exact,high,0.9725274725274725,0.39893040398930396,1.648984130767411,0.027472527472527486,L,I;L;V,differs_from_consensus,True,True,scaffold_differs_from_msa_consensus
6E9F,A,VI-D,77,78,Y,20.0,Y,78.0,,TYR,True,281,282,four_layer_exact,high,0.9725274725274725,0.2671099226710992,1.7819001293843486,0.027472527472527486,L,A;I;L;V;Y,differs_from_consensus,True,True,scaffold_differs_from_msa_consensus
6E9F,A,VI-D,78,79,M,21.0,M,79.0,,MET,True,282,283,four_layer_exact,high,0.967032967032967,0.4294447274579724,1.4811518958896204,0.03296703296703296,M,I;L;M;V,matches_consensus,True,False,
6E9F,A,VI-D,79,80,T,22.0,T,80.0,,THR,True,284,285,four_layer_exact,high,0.978021978021978,0.8621976602311059,0.6059760468456942,0.02197802197802201,T,S;T,matches_consensus,True,False,
6E9F,A,VI-D,80,81,S,23.0,S,81.0,,SER,True,292,293,four_layer_exact,high,0.978021978021978,0.7381755544391013,0.9947325851226966,0.02197802197802201,S,A;S;T,matches_consensus,True,False,
6E9F,A,VI-D,81,82,F,24.0,F,82.0,,PHE,True,293,294,four_layer_exact,high,0.978021978021978,0.8966482451733295,0.5286431443832109,0.02197802197802201,F,F,matches_consensus,True,False,
6E9F,A,VI-D,82,83,G,25.0,G,83.0,,GLY,True,312,313,four_layer_exact,high,0.9505494505494505,0.7930573106370326,0.922177043381254,0.0494505494505495,G,G,matches_consensus,True,False,
6E9F,A,VI-D,83,84,R,26.0,R,84.0,,ARG,True,313,314,four_layer_exact,high,0.9560439560439561,0.4865303712451103,1.5400904170215637,0.04395604395604391,K,K;N;R,differs_from_consensus,True,True,scaffold_differs_from_msa_consensus
6E9F,A,VI-D,84,85,G,27.0,G,85.0,,GLY,True,314,315,four_layer_exact,high,0.9615384615384616,0.7467204104067423,1.0872364902092786,0.038461538461538436,G,G;K,matches_consensus,True,False,
6E9F,A,VI-D,85,86,N,28.0,N,86.0,,ASN,True,315,316,four_layer_exact,high,0.967032967032967,0.6646532275671349,1.440195898959805,0.03296703296703296,N,N;S,matches_consensus,True,False,
6E9F,A,VI-D,86,87,D,29.0,D,87.0,,ASP,True,316,317,four_layer_exact,high,0.9725274725274725,0.2356724723567247,2.099879356735846,0.027472527472527486,D,A;D;E;K;N;S;T,matches_consensus,True,False,
6E9F,A,VI-D,87,88,A,30.0,A,88.0,,ALA,True,317,318,four_layer_exact,high,0.9725274725274725,0.7294211172942111,1.1051673809037301,0.027472527472527486,A,A;S,matches_consensus,True,False,
6E9F,A,VI-D,88,89,V,31.0,V,89.0,,VAL,True,318,319,four_layer_exact,high,0.9725274725274725,0.32702175327021754,2.237269038976929,0.027472527472527486,V,A;E;I;K;L;N;V,matches_consensus,True,False,
6E9F,A,VI-D,89,90,L,32.0,L,90.0,,LEU,True,319,320,four_layer_exact,high,0.978021978021978,0.3557740615804205,1.9760526724519545,0.02197802197802201,L,I;L;N;P;V,matches_consensus,True,False,
6E9F,A,VI-D,90,91,E,33.0,E,91.0,,GLU,True,320,321,four_layer_exact,high,0.978021978021978,0.655494150577765,1.3890713160628305,0.02197802197802201,E,A;E;I;V,matches_consensus,True,False,
6E9F,A,VI-D,91,92,Q,34.0,Q,92.0,,GLN,True,321,322,four_layer_exact,high,0.978021978021978,0.5133137156391301,1.8214920525862972,0.02197802197802201,K,E;K;Q,differs_from_consensus,True,True,scaffold_differs_from_msa_consensus
6E9F,A,VI-D,92,93,K,35.0,K,93.0,,LYS,True,322,323,four_layer_exact,high,0.967032967032967,0.34211483880358046,2.1951504323846187,0.03296703296703296,K,E;I;K;R,matches_consensus,True,False,
6E9F,A,VI-D,93,94,I,36.0,I,94.0,,ILE,True,323,324,four_layer_exact,high,0.967032967032967,0.5551997671202968,1.5401403075624502,0.03296703296703296,I,I;V,matches_consensus,True,False,
6E9F,A,VI-D,94,95,V,37.0,V,95.0,,VAL,True,326,327,four_layer_exact,high,0.9560439560439561,0.15532838126057216,2.5513462977121204,0.04395604395604391,T,A;D;E;I;K;S;T;V,differs_from_consensus,True,True,scaffold_differs_from_msa_consensus
6E9F,A,VI-D,95,96,D,38.0,D,96.0,,ASP,True,327,328,four_layer_exact,high,0.9340659340659341,0.2322712480133202,2.352801991003843,0.06593406593406592,D,A;D;G;K;N;S;T,matches_consensus,True,False,
6E9F,A,VI-D,96,97,T,39.0,T,97.0,,THR,True,328,329,four_layer_exact,high,0.9340659340659341,0.1598425792779838,2.5857038994526658,0.06593406593406592,D,A;D;E;G;L;N;R;S,differs_from_consensus,True,True,scaffold_differs_from_msa_consensus
6E9F,A,VI-D,97,98,S,40.0,S,98.0,,SER,True,329,330,four_layer_exact,high,0.9285714285714286,0.17564991995120832,2.452276521386664,0.0714285714285714,E,D;E;G;K;N;S,differs_from_consensus,True,True,scaffold_differs_from_msa_consensus
6E9F,A,VI-D,98,99,H,41.0,H,99.0,,HIS,True,338,339,four_layer_exact,high,0.8791208791208791,0.37755018435067594,1.7146131749936964,0.1208791208791209,I,I;L;V,differs_from_consensus,True,True,scaffold_differs_from_msa_consensus
6E9F,A,VI-D,99,100,E,42.0,E,100.0,,GLU,True,339,340,four_layer_exact,high,0.8791208791208791,0.25931995083981974,2.3614232965510986,0.1208791208791209,E,D;E;K;S;T,matches_consensus,True,False,
6E9F,A,VI-D,100,101,P,43.0,P,101.0,,PRO,True,340,341,four_layer_exact,high,0.8736263736263736,0.19027169873647698,2.263293370502574,0.12637362637362637,D,D;E;K;N;P;S;T,differs_from_consensus,True,True,scaffold_differs_from_msa_consensus
6E9F,A,VI-D,101,102,L,44.0,L,102.0,,LEU,True,341,342,four_layer_exact,high,0.8241758241758241,0.29453090262338816,2.073156075079693,0.17582417582417587,I,I;K;L;M;V,differs_from_consensus,True,True,scaffold_differs_from_msa_consensus
6E9F,A,VI-D,102,103,N,45.0,N,103.0,,ASN,True,344,345,four_layer_exact,high,0.6538461538461539,0.44466896469749195,1.8699781879628345,0.34615384615384615,N,A;D;N;Q;S,matches_consensus,False,False,
6E9F,A,VI-D,103,104,I,46.0,I,104.0,,ILE,True,345,346,four_layer_exact,high,0.6153846153846154,0.19842397623046118,2.3389348701933486,0.3846153846153846,E,D;E;K;N;T,differs_from_consensus,False,True,scaffold_differs_from_msa_consensus
6E9F,A,VI-D,104,105,D,47.0,D,105.0,,ASP,True,346,347,four_layer_exact,high,0.6043956043956044,0.2073122267850046,2.2895738690462952,0.39560439560439564,D,A;D;E;G;K;N;P;S;T,matches_consensus,False,False,
6E9F,A,VI-D,105,106,D,48.0,D,106.0,,ASP,True,354,355,four_layer_exact,high,0.6868131868131868,0.2749576031656303,2.267626693227431,0.3131868131868132,N,D;K;N;Q;S;T,differs_from_consensus,False,True,scaffold_differs_from_msa_consensus
6E9F,A,VI-D,106,107,P,49.0,P,107.0,,PRO,True,355,356,four_layer_exact,high,0.8296703296703297,0.7319460365047173,1.1028045382233553,0.17032967032967028,P,E;P;S,matches_consensus,True,False,
6E9F,A,VI-D,107,108,A,50.0,A,108.0,,ALA,True,367,368,four_layer_exact,high,0.967032967032967,0.21635979914125605,2.4837791654927113,0.03296703296703296,A,A;K;M;N;Q;S;T,matches_consensus,True,False,
6E9F,A,VI-D,108,109,Y,51.0,Y,109.0,,TYR,True,368,369,four_layer_exact,high,0.967032967032967,0.6322683938577978,1.1105960048903276,0.03296703296703296,F,F;I;L;Y,differs_from_consensus,True,True,scaffold_differs_from_msa_consensus
6E9F,A,VI-D,109,110,Q,52.0,Q,110.0,,GLN,True,378,379,four_layer_exact,high,0.9560439560439561,0.19484832828991067,2.2062077956123254,0.04395604395604391,S,D;E;K;N;R;S;T,differs_from_consensus,True,True,scaffold_differs_from_msa_consensus
6E9F,A,VI-D,110,111,L,53.0,L,111.0,,LEU,True,379,380,four_layer_exact,high,0.9505494505494505,0.3746376272950271,1.7433444770914472,0.0494505494505495,V,A;I;L;V,differs_from_consensus,True,True,scaffold_differs_from_msa_consensus
6E9F,A,VI-D,111,112,N,54.0,N,112.0,,ASN,True,380,381,four_layer_exact,high,0.8736263736263736,0.16252374267074077,2.475165409379496,0.12637362637362637,T,A;D;E;K;N;S;T;V,differs_from_consensus,True,True,scaffold_differs_from_msa_consensus
6E9F,A,VI-D,112,113,V,55.0,V,113.0,,VAL,True,381,382,four_layer_exact,high,0.8626373626373627,0.11278006209616513,2.6742483123405223,0.13736263736263732,K,A;D;E;I;K;L;N;P;S,differs_from_consensus,True,True,scaffold_differs_from_msa_consensus
6E9F,A,VI-D,113,114,V,56.0,V,114.0,,VAL,True,435,436,four_layer_exact,high,0.6703296703296703,0.4262728422020457,1.69204780475337,0.3296703296703297,V,A;I;T;V,matches_consensus,False,False,
6E9F,A,VI-D,114,115,T,57.0,T,115.0,,THR,True,436,437,four_layer_exact,high,0.6758241758241759,0.29828350574059337,1.9894706485431206,0.32417582417582413,D,D;E;G;N;S;T,differs_from_consensus,False,True,scaffold_differs_from_msa_consensus
6E9F,A,VI-D,115,116,M,58.0,M,116.0,,MET,True,437,438,four_layer_exact,high,0.6703296703296703,0.22066429146075162,2.1459339161154576,0.3296703296703297,E,A;D;E;K;N;P;R;S;T,differs_from_consensus,False,True,scaffold_differs_from_msa_consensus
6E9F,A,VI-D,116,117,N,59.0,N,117.0,,ASN,True,439,440,four_layer_exact,high,0.945054945054945,0.3126450550273265,2.3974674163023746,0.05494505494505497,K,D;E;K;N;S;T,differs_from_consensus,True,True,scaffold_differs_from_msa_consensus
6E9F,A,VI-D,117,118,G,60.0,G,118.0,,GLY,True,442,443,four_layer_exact,high,0.8901098901098901,0.28264902799064284,2.294952448916504,0.10989010989010994,K,D;E;G;K;N;Q;R;S;T,differs_from_consensus,True,True,scaffold_differs_from_msa_consensus
6E9F,A,VI-D,118,119,Y,61.0,Y,119.0,,TYR,True,447,448,four_layer_exact,high,0.967032967032967,0.3330179754020813,1.6210769632639537,0.03296703296703296,I,F;I;L;V;Y,differs_from_consensus,True,True,scaffold_differs_from_msa_consensus
6E9F,A,VI-D,119,120,S,62.0,S,120.0,,SER,True,448,449,four_layer_exact,high,0.9560439560439561,0.14857185032105688,2.639177815806229,0.04395604395604391,S,D;E;K;N;R;S;T,matches_consensus,True,False,
6E9F,A,VI-D,120,121,V,63.0,V,121.0,,VAL,True,450,451,four_layer_exact,high,0.9505494505494505,0.3139820114472608,1.5433007962640164,0.0494505494505495,I,F;I;L;V,differs_from_consensus,True,True,scaffold_differs_from_msa_consensus
6E9F,A,VI-D,121,122,T,64.0,T,122.0,,THR,True,455,456,four_layer_exact,high,0.9120879120879121,0.2311097305272967,2.379220273785973,0.08791208791208793,K,E;K;Q;R;S;T,differs_from_consensus,True,True,scaffold_differs_from_msa_consensus
6E9F,A,VI-D,122,123,G,65.0,G,123.0,,GLY,True,456,457,four_layer_exact,high,0.8956043956043956,0.43061402811978705,1.5459415884889187,0.10439560439560436,G,G;K;N;S,matches_consensus,True,False,
6E9F,A,VI-D,123,124,H,66.0,H,124.0,,HIS,True,470,471,four_layer_exact,high,0.6758241758241759,0.29054131708998965,2.1025075571387273,0.32417582417582413,K,G;K;N;R;S;T,differs_from_consensus,False,True,scaffold_differs_from_msa_consensus
6E9F,A,VI-D,124,125,R,67.0,R,125.0,,ARG,True,471,472,four_layer_exact,high,0.6318681318681318,0.6369595361149628,1.2623893288411205,0.36813186813186816,R,K;N;R,matches_consensus,False,False,
6E9F,A,VI-D,125,126,G,68.0,G,126.0,,GLY,True,472,473,four_layer_exact,high,0.5989010989010989,0.18268315889628925,2.6497855246336,0.4010989010989011,I,A;D;G;I;N;P;S;T;V,differs_from_consensus,False,True,scaffold_differs_from_msa_consensus
6E9F,A,VI-D,126,127,E,69.0,E,127.0,,GLU,True,473,474,four_layer_exact,high,0.6263736263736264,0.12249585300497638,2.621959926688242,0.37362637362637363,K,A;E;F;I;K;N;R;S,differs_from_consensus,False,True,scaffold_differs_from_msa_consensus
6E9F,A,VI-D,127,128,T,70.0,T,128.0,,THR,True,474,475,four_layer_exact,high,0.6098901098901099,0.19075374221751223,2.4125412516406386,0.39010989010989006,N,A;D;E;G;K;N;S;V,differs_from_consensus,False,True,scaffold_differs_from_msa_consensus
6E9F,A,VI-D,128,129,V,71.0,V,129.0,,VAL,True,486,487,four_layer_exact,high,0.45054945054945056,0.21372191863995144,2.4081697528469217,0.5494505494505495,I,I;K;L;M;N;R;T,differs_from_consensus,False,True,scaffold_differs_from_msa_consensus
6E9F,A,VI-D,129,130,S,72.0,S,130.0,,SER,True,487,488,four_layer_exact,high,0.7307692307692307,0.16753926701570682,2.4884698344207945,0.2692307692307693,E,D;E;K;N;S;T,differs_from_consensus,False,True,scaffold_differs_from_msa_consensus
6E9F,A,VI-D,130,131,A,73.0,A,131.0,,ALA,True,488,489,four_layer_exact,high,0.9340659340659341,0.38625142423091524,1.9131032147108522,0.06593406593406592,A,A;G;I;L;T;V,matches_consensus,True,False,
6E9F,A,VI-D,131,132,V,74.0,V,132.0,,VAL,True,489,490,four_layer_exact,high,0.9395604395604396,0.23889601085890955,2.380030213672298,0.06043956043956045,T,E;I;L;N;S;T;V,differs_from_consensus,True,True,scaffold_differs_from_msa_consensus
6E9F,A,VI-D,132,133,T,75.0,T,133.0,,THR,True,490,491,four_layer_exact,high,0.9395604395604396,0.23165673780257895,2.2249362352972106,0.06043956043956045,A,A;I;L;P;S;T;V,differs_from_consensus,True,True,scaffold_differs_from_msa_consensus
6E9F,A,VI-D,133,134,D,76.0,D,134.0,,ASP,True,491,492,four_layer_exact,high,0.945054945054945,0.4274163360035936,2.0799929411783484,0.05494505494505497,D,A;D;E;N;S,matches_consensus,True,False,
6E9F,A,VI-D,134,135,N,77.0,N,135.0,,ASN,True,492,493,four_layer_exact,high,0.9560439560439561,0.7520112185401135,0.9764390571959576,0.04395604395604391,N,D;K;N,matches_consensus,True,False,
6E9F,A,VI-D,135,136,P,78.0,P,136.0,,PRO,True,493,494,four_layer_exact,high,0.9615384615384616,0.9085379259802125,0.48198311820001133,0.038461538461538436,P,P,matches_consensus,True,False,
6E9F,A,VI-D,136,137,L,79.0,L,137.0,,LEU,True,494,495,four_layer_exact,high,0.8681318681318682,0.363356363939066,2.2344235712832656,0.13186813186813184,L,A;I;L;S;T;V,matches_consensus,True,False,
6E9F,A,VI-D,137,138,R,80.0,R,138.0,,ARG,True,496,497,four_layer_exact,high,0.532967032967033,0.5281701317251231,1.3384381343531648,0.46703296703296704,H,H;Y,differs_from_consensus,False,True,scaffold_differs_from_msa_consensus
6E9F,A,VI-D,138,139,R,81.0,R,139.0,,ARG,True,497,498,four_layer_exact,high,0.5164835164835165,0.23948112423083318,2.444638560920194,0.48351648351648346,S,A;G;H;I;N;R;S;V,differs_from_consensus,False,True,scaffold_differs_from_msa_consensus
6E9F,A,VI-D,139,140,F,82.0,F,140.0,,PHE,True,498,499,four_layer_exact,high,0.42857142857142855,0.23587223587223588,2.3180795406466093,0.5714285714285714,G,G;K;R;S;T,differs_from_consensus,False,True,scaffold_differs_from_msa_consensus
6E9F,A,VI-D,140,141,N,83.0,N,141.0,,ASN,True,516,517,four_layer_exact,high,0.26373626373626374,0.16695652173913045,2.292053949399303,0.7362637362637363,R,A;D;F;G;H;K;N;Q;R;S;V,differs_from_consensus,False,True,scaffold_differs_from_msa_consensus
6E9F,A,VI-D,141,142,G,84.0,G,142.0,,GLY,True,517,518,four_layer_exact,high,0.2802197802197802,0.23845007451564829,1.8989068488106589,0.7197802197802198,K,A;E;G;K;N,differs_from_consensus,False,True,scaffold_differs_from_msa_consensus
6E9F,A,VI-D,142,143,R,85.0,R,143.0,,ARG,True,518,519,four_layer_exact,high,0.34615384615384615,0.2805474095796676,2.087849035073622,0.6538461538461539,G,A;D;E;G;K;N;Q;S,differs_from_consensus,False,True,scaffold_differs_from_msa_consensus
6E9F,A,VI-D,143,144,K,86.0,K,144.0,,LYS,True,519,520,four_layer_exact,high,0.36813186813186816,0.4439617723718506,1.5507433177462775,0.6318681318681318,K,K;N;Q;R;S;T,matches_consensus,False,False,
6E9F,A,VI-D,144,145,K,,,,,,False,520,521,full_msa_only_unresolved_coordinate,medium,0.3626373626373626,0.4575513851653262,1.955868259546823,0.6373626373626373,P,E;F;K;M;P,differs_from_consensus,False,True,unresolved_internal;scaffold_differs_from_msa_consensus
6E9F,A,VI-D,145,146,D,,,,,,False,521,522,full_msa_only_unresolved_coordinate,medium,0.31868131868131866,0.22247972190034762,2.106422259035158,0.6813186813186813,K,D;E;K;N;R;T,differs_from_consensus,False,True,unresolved_internal;scaffold_differs_from_msa_consensus
6E9F,A,VI-D,146,147,E,,,,,,False,522,523,full_msa_only_unresolved_coordinate,medium,0.27472527472527475,0.26359143327841844,1.9524524192169557,0.7252747252747253,R,A;D;E;G;H;K;N;R;S,differs_from_consensus,False,True,unresolved_internal;scaffold_differs_from_msa_consensus
6E9F,A,VI-D,147,148,P,87.0,P,148.0,,PRO,True,523,524,four_layer_exact,high,0.24725274725274726,0.21476510067114093,2.124512640153343,0.7527472527472527,A,A;D;E;G;I;P;Q;R;S,differs_from_consensus,False,True,scaffold_differs_from_msa_consensus
6E9F,A,VI-D,148,149,E,88.0,E,149.0,,GLU,True,532,533,four_layer_exact,high,0.6043956043956044,0.21027479091995221,2.3748205072861825,0.39560439560439564,S,A;E;I;K;S;V;Y,differs_from_consensus,False,True,scaffold_differs_from_msa_consensus
6E9F,A,VI-D,149,150,Q,89.0,Q,150.0,,GLN,True,533,534,four_layer_exact,high,0.8076923076923077,0.24094186364880896,2.4729087309970152,0.1923076923076923,K,D;E;G;K;N;Q;R;S,differs_from_consensus,True,True,scaffold_differs_from_msa_consensus
6E9F,A,VI-D,150,151,S,90.0,S,151.0,,SER,True,534,535,four_layer_exact,high,0.8131868131868132,0.1780512078168823,2.5265393926374644,0.18681318681318682,K,A;E;K;N;P;Q;R;S;T,differs_from_consensus,True,True,scaffold_differs_from_msa_consensus
6E9F,A,VI-D,151,152,V,91.0,V,152.0,,VAL,True,536,537,four_layer_exact,high,0.8901098901098901,0.2759538598047914,2.3545397328097026,0.10989010989010994,V,A;I;L;P;S;T;V,matches_consensus,True,False,
6E9F,A,VI-D,152,153,P,92.0,P,153.0,,PRO,True,537,538,four_layer_exact,high,0.8791208791208791,0.6017206063088898,1.5229936692232289,0.1208791208791209,G,G;N;P;R,differs_from_consensus,True,True,scaffold_differs_from_msa_consensus
6E9F,A,VI-D,153,154,T,93.0,T,154.0,,THR,True,538,539,four_layer_exact,high,0.8846153846153846,0.1482806275912527,2.433867761775832,0.11538461538461542,Q,A;D;E;K;M;Q;R;S;T,differs_from_consensus,True,True,scaffold_differs_from_msa_consensus
6E9F,A,VI-D,154,155,D,94.0,D,155.0,,ASP,True,554,555,four_layer_exact,high,0.9725274725274725,0.9028691190286912,0.4903819545334799,0.027472527472527486,D,D,matches_consensus,True,False,
6E9F,A,VI-D,155,156,M,95.0,M,156.0,,MET,True,555,556,four_layer_exact,high,0.9725274725274725,0.26364096263640957,2.1080298549867944,0.027472527472527486,Y,I;K;L;M;Q;Y,differs_from_consensus,True,True,scaffold_differs_from_msa_consensus
6E9F,A,VI-D,156,157,L,96.0,L,157.0,,LEU,True,556,557,four_layer_exact,high,0.9725274725274725,0.5247524752475247,1.1047228506401456,0.027472527472527486,L,I;L,matches_consensus,True,False,
6E9F,A,VI-D,157,158,C,97.0,C,158.0,,CYS,True,557,558,four_layer_exact,high,0.9725274725274725,0.4833417648334176,1.8605782609423995,0.027472527472527486,G,C;G;H;K;R,differs_from_consensus,True,True,scaffold_differs_from_msa_consensus
6E9F,A,VI-D,158,159,L,98.0,L,159.0,,LEU,True,558,559,four_layer_exact,high,0.9725274725274725,0.3790561537905615,1.857486521669793,0.027472527472527486,L,A;C;I;L;R,matches_consensus,True,False,
6E9F,A,VI-D,159,160,K,99.0,K,160.0,,LYS,True,559,560,four_layer_exact,high,0.9725274725274725,0.8161451181614511,0.5991945906047905,0.027472527472527486,K,K;R,matches_consensus,True,False,
6E9F,A,VI-D,160,161,P,100.0,P,161.0,,PRO,True,560,561,four_layer_exact,high,0.978021978021978,0.26182444556089857,2.1311095792334753,0.02197802197802201,D,A;D;E;G;N;P;S,differs_from_consensus,True,True,scaffold_differs_from_msa_consensus
6E9F,A,VI-D,161,162,T,101.0,T,162.0,,THR,True,561,562,four_layer_exact,high,0.978021978021978,0.22048374363023035,2.3047630718212755,0.02197802197802201,K,A;E;K;T;V,differs_from_consensus,True,True,scaffold_differs_from_msa_consensus
6E9F,A,VI-D,162,163,L,102.0,L,163.0,,LEU,True,562,563,four_layer_exact,high,0.978021978021978,0.7864063733582143,0.847668083666137,0.02197802197802201,L,I;L,matches_consensus,True,False,
6E9F,A,VI-D,163,164,E,103.0,E,164.0,,GLU,True,563,564,four_layer_exact,high,0.978021978021978,0.9379889471039977,0.35916599952158834,0.02197802197802201,E,E,matches_consensus,True,False,
6E9F,A,VI-D,164,165,K,104.0,K,165.0,,LYS,True,564,565,four_layer_exact,high,0.978021978021978,0.3764444125457546,1.8978953842065425,0.02197802197802201,K,E;K;N;Q;R,matches_consensus,True,False,
6E9F,A,VI-D,165,166,K,105.0,K,166.0,,LYS,True,565,566,four_layer_exact,high,0.9725274725274725,0.2960179229601792,2.2327720619293143,0.027472527472527486,R,E;K;L;Q;R,differs_from_consensus,True,True,scaffold_differs_from_msa_consensus
6E9F,A,VI-D,166,167,F,106.0,F,167.0,,PHE,True,566,567,four_layer_exact,high,0.9725274725274725,0.3964009539640095,1.3154595161030895,0.027472527472527486,F,F;I;V;Y,matches_consensus,True,False,
6E9F,A,VI-D,167,168,F,107.0,F,168.0,,PHE,True,567,568,four_layer_exact,high,0.9725274725274725,0.9028691190286912,0.38244824832753255,0.027472527472527486,F,F;Y,matches_consensus,True,False,
6E9F,A,VI-D,168,169,G,108.0,G,169.0,,GLY,True,572,573,four_layer_exact,high,0.967032967032967,0.8509569900298377,0.6669910387731421,0.03296703296703296,G,D;G,matches_consensus,True,False,
6E9F,A,VI-D,169,170,K,109.0,K,170.0,,LYS,True,577,578,four_layer_exact,high,0.9560439560439561,0.4437965901542549,1.8169639891654,0.04395604395604391,K,E;K;Q;R,matches_consensus,True,False,
6E9F,A,VI-D,170,171,E,110.0,E,171.0,,GLU,True,578,579,four_layer_exact,high,0.9560439560439561,0.4310281201564691,1.8581568467619405,0.04395604395604391,T,E;K;N;S;T,differs_from_consensus,True,True,scaffold_differs_from_msa_consensus
6E9F,A,VI-D,171,172,F,111.0,F,172.0,,PHE,True,579,580,four_layer_exact,high,0.9560439560439561,0.7874381873200974,0.7486458359144552,0.04395604395604391,F,F;Y,matches_consensus,True,False,
6E9F,A,VI-D,172,173,D,112.0,D,173.0,,ASP,True,589,590,four_layer_exact,high,0.9505494505494505,0.29822344458485095,1.8617780241960429,0.0494505494505495,D,D;E;K;N;Q;S,matches_consensus,True,False,
6E9F,A,VI-D,173,174,D,113.0,D,174.0,,ASP,True,592,593,four_layer_exact,high,0.9725274725274725,0.9028691190286912,0.4422919571830753,0.027472527472527486,D,D,matches_consensus,True,False,
6E9F,A,VI-D,174,175,N,114.0,N,175.0,,ASN,True,593,594,four_layer_exact,high,0.9725274725274725,0.8818385488183854,0.4780332910855459,0.027472527472527486,N,N;S,matches_consensus,True,False,
6E9F,A,VI-D,175,176,I,115.0,I,176.0,,ILE,True,594,595,four_layer_exact,high,0.9725274725274725,0.6461660764616607,1.0064735926327066,0.027472527472527486,I,I;L;V,matches_consensus,True,False,
6E9F,A,VI-D,176,177,H,116.0,H,177.0,,HIS,True,595,596,four_layer_exact,high,0.9725274725274725,0.7641107176411072,0.7909641595037971,0.027472527472527486,H,H;R,matches_consensus,True,False,
6E9F,A,VI-D,177,178,I,117.0,I,178.0,,ILE,True,596,597,four_layer_exact,high,0.9725274725274725,0.7294211172942111,0.7432855236723085,0.027472527472527486,I,I;V,matches_consensus,True,False,
6E9F,A,VI-D,178,179,Q,118.0,Q,179.0,,GLN,True,597,598,four_layer_exact,high,0.9725274725274725,0.9791862397918624,0.10118944875267935,0.027472527472527486,Q,Q,matches_consensus,True,False,
6E9F,A,VI-D,179,180,L,119.0,L,180.0,,LEU,True,598,599,four_layer_exact,high,0.9725274725274725,0.5064681650646816,1.0732635696041648,0.027472527472527486,I,I;L,differs_from_consensus,True,True,scaffold_differs_from_msa_consensus
6E9F,A,VI-D,180,181,I,120.0,I,181.0,,ILE,True,599,600,four_layer_exact,high,0.9725274725274725,0.549035195490352,0.9937481707190129,0.027472527472527486,I,A;I,matches_consensus,True,False,
6E9F,A,VI-D,181,182,Y,121.0,Y,182.0,,TYR,True,600,601,four_layer_exact,high,0.9725274725274725,0.7918623979186239,0.7195081984231031,0.027472527472527486,Y,H;Y,matches_consensus,True,False,
6E9F,A,VI-D,182,183,N,122.0,N,183.0,,ASN,True,601,602,four_layer_exact,high,0.9725274725274725,0.7710486377104863,0.9327503258970569,0.027472527472527486,N,N;Q,matches_consensus,True,False,
6E9F,A,VI-D,183,184,I,123.0,I,184.0,,ILE,True,602,603,four_layer_exact,high,0.9725274725274725,0.8473657584736575,0.5720383016931849,0.027472527472527486,I,I;V,matches_consensus,True,False,
6E9F,A,VI-D,184,185,L,124.0,L,185.0,,LEU,True,603,604,four_layer_exact,high,0.9725274725274725,0.7224831972248319,1.1142788584799177,0.027472527472527486,L,F;L;M,matches_consensus,True,False,
6E9F,A,VI-D,185,186,D,125.0,D,186.0,,ASP,True,604,605,four_layer_exact,high,0.9725274725274725,0.9859073498590735,0.08382380255312424,0.027472527472527486,D,D,matches_consensus,True,False,
6E9F,A,VI-D,186,187,I,126.0,I,187.0,,ILE,True,605,606,four_layer_exact,high,0.9725274725274725,0.8612415986124159,0.59589947731441,0.027472527472527486,I,I;V,matches_consensus,True,False,
6E9F,A,VI-D,187,188,E,127.0,E,188.0,,GLU,True,606,607,four_layer_exact,high,0.9725274725274725,0.4241526342415263,1.8243117747193878,0.027472527472527486,E,E;K;N;Q,matches_consensus,True,False,
6E9F,A,VI-D,188,189,K,128.0,K,189.0,,LYS,True,607,608,four_layer_exact,high,0.9725274725274725,0.9861241598612416,0.07313450029329766,0.027472527472527486,K,K,matches_consensus,True,False,
6E9F,A,VI-D,189,190,I,129.0,I,190.0,,ILE,True,608,609,four_layer_exact,high,0.9725274725274725,0.7710486377104863,0.9794433374117556,0.027472527472527486,I,I;V,matches_consensus,True,False,
6E9F,A,VI-D,190,191,L,130.0,L,191.0,,LEU,True,609,610,four_layer_exact,high,0.9725274725274725,0.7014526270145263,0.961400111587987,0.027472527472527486,L,F;I;L,matches_consensus,True,False,
6E9F,A,VI-D,191,192,A,131.0,A,192.0,,ALA,True,610,611,four_layer_exact,high,0.9725274725274725,0.42762159427621593,1.6201183849636598,0.027472527472527486,A,A;G;S;T,matches_consensus,True,False,
6E9F,A,VI-D,192,193,V,132.0,V,193.0,,VAL,True,611,612,four_layer_exact,high,0.978021978021978,0.3401110390078593,2.1266266094351343,0.02197802197802201,V,E;I;L;P;T;V,matches_consensus,True,False,
6E9F,A,VI-D,193,194,Y,133.0,Y,194.0,,TYR,True,612,613,four_layer_exact,high,0.978021978021978,0.63638330088687,1.1764477779997193,0.02197802197802201,Y,H;Y,matches_consensus,True,False,
6E9F,A,VI-D,194,195,S,134.0,S,195.0,,SER,True,613,614,four_layer_exact,high,0.978021978021978,0.4083928185161151,1.5821683639735213,0.02197802197802201,I,A;I;S;V,differs_from_consensus,True,True,scaffold_differs_from_msa_consensus
6E9F,A,VI-D,195,196,T,135.0,T,196.0,,THR,True,614,615,four_layer_exact,high,0.9725274725274725,0.6029187540840776,1.3564394589399267,0.027472527472527486,N,N;T,differs_from_consensus,True,True,scaffold_differs_from_msa_consensus
6E9F,A,VI-D,196,197,N,136.0,N,197.0,,ASN,True,615,616,four_layer_exact,high,0.978021978021978,0.6227557862859615,1.220235102878004,0.02197802197802201,N,D;N,matches_consensus,True,False,
6E9F,A,VI-D,197,198,A,137.0,A,198.0,,ALA,True,616,617,four_layer_exact,high,0.978021978021978,0.6748864373783258,0.987056587698443,0.02197802197802201,I,A;I;V,differs_from_consensus,True,True,scaffold_differs_from_msa_consensus
6E9F,A,VI-D,198,199,I,138.0,I,199.0,,ILE,True,617,618,four_layer_exact,high,0.978021978021978,0.46052346960847934,1.4637418878752475,0.02197802197802201,V,I;L;T;V,differs_from_consensus,True,True,scaffold_differs_from_msa_consensus
6E9F,A,VI-D,199,200,Y,139.0,Y,200.0,,TYR,True,618,619,four_layer_exact,high,0.978021978021978,0.6400605667315596,1.2786003477419858,0.02197802197802201,Y,F;Y,matches_consensus,True,False,
6E9F,A,VI-D,200,201,A,140.0,A,201.0,,ALA,True,619,620,four_layer_exact,high,0.978021978021978,0.38741077222582737,1.8668297053550893,0.02197802197802201,A,A;I;M;S;T,matches_consensus,True,False,
6E9F,A,VI-D,201,202,L,141.0,L,202.0,,LEU,True,626,627,four_layer_exact,high,0.978021978021978,0.41509842093878435,1.4610470414168355,0.02197802197802201,L,F;I;L;V,matches_consensus,True,False,
6E9F,A,VI-D,202,203,N,142.0,N,203.0,,ASN,True,627,628,four_layer_exact,high,0.978021978021978,0.5293099718797317,1.5383120879550498,0.02197802197802201,N,D;N;Y,matches_consensus,True,False,
6E9F,A,VI-D,203,204,N,143.0,N,204.0,,ASN,True,628,629,four_layer_exact,high,0.978021978021978,0.8061864590093013,0.8667451873659544,0.02197802197802201,N,H;N,matches_consensus,True,False,
6E9F,A,VI-D,204,205,M,144.0,M,205.0,,MET,True,629,630,four_layer_exact,high,0.9835164835164835,0.6228373702422145,1.1990834743759282,0.016483516483516536,L,I;L;M;V,differs_from_consensus,True,True,scaffold_differs_from_msa_consensus
6E9F,A,VI-D,205,206,S,145.0,S,206.0,,SER,True,630,631,four_layer_exact,high,0.9835164835164835,0.1695501730103806,2.6246834244920807,0.016483516483516536,L,A;D;F;L;N;Q;R;S,differs_from_consensus,True,True,scaffold_differs_from_msa_consensus
6E9F,A,VI-D,206,207,A,146.0,A,207.0,,ALA,True,631,632,four_layer_exact,high,0.9615384615384616,0.5195729537366548,1.7704840240886426,0.038461538461538436,R,D;G;N;R,differs_from_consensus,True,True,scaffold_differs_from_msa_consensus
6E9F,A,VI-D,207,208,D,147.0,D,208.0,,ASP,True,633,634,four_layer_exact,high,0.8956043956043956,0.1625806451612903,2.560474128027858,0.10439560439560436,D,A;D;E;G;K;N;R;S;T,matches_consensus,True,False,
6E9F,A,VI-D,208,209,E,148.0,E,209.0,,GLU,True,634,635,four_layer_exact,high,0.8956043956043956,0.2474870298313878,2.3402382182330475,0.10439560439560436,E,D;E;G;K;N;S,matches_consensus,True,False,
6E9F,A,VI-D,209,210,N,149.0,N,210.0,,ASN,True,635,636,four_layer_exact,high,0.6703296703296703,0.15065913370998116,2.524932108101712,0.3296703296703297,D,A;D;E;G;I;N;R;S;T,differs_from_consensus,False,True,scaffold_differs_from_msa_consensus
6E9F,A,VI-D,210,211,I,150.0,I,211.0,,ILE,True,636,637,four_layer_exact,high,0.6538461538461539,0.2962962962962963,2.4002029059513537,0.34615384615384615,D,D;E;K;N;S,differs_from_consensus,False,True,scaffold_differs_from_msa_consensus
6E9F,A,VI-D,211,212,E,151.0,E,212.0,,GLU,True,637,638,four_layer_exact,high,0.6208791208791209,0.4591194968553459,1.914095276075878,0.3791208791208791,E,D;E;I;K;T;V,matches_consensus,False,False,
6E9F,A,VI-D,212,213,N,152.0,N,213.0,,ASN,True,666,667,four_layer_exact,high,0.7967032967032966,0.14096916299559473,2.6129206461232837,0.20329670329670335,D,D;E;G;K;N;P;S;T;Y,differs_from_consensus,False,True,scaffold_differs_from_msa_consensus
6E9F,A,VI-D,213,214,S,153.0,S,214.0,,SER,True,667,668,four_layer_exact,high,0.9615384615384616,0.19217081850533807,2.5580005415999194,0.038461538461538436,E,D;E;G;K;N;S;T,differs_from_consensus,True,True,scaffold_differs_from_msa_consensus
6E9F,A,VI-D,214,215,D,154.0,D,215.0,,ASP,True,668,669,four_layer_exact,high,0.9835164835164835,0.9446366782006921,0.25474063757544324,0.016483516483516536,D,D,matches_consensus,True,False,
6E9F,A,VI-D,215,216,F,155.0,F,216.0,,PHE,True,669,670,four_layer_exact,high,0.9835164835164835,0.3181228373702422,1.8410987589276657,0.016483516483516536,F,F;I;L;V;Y,matches_consensus,True,False,
6E9F,A,VI-D,216,217,F,156.0,F,217.0,,PHE,True,670,671,four_layer_exact,high,0.9835164835164835,0.5247981545559401,1.3844867958828906,0.016483516483516536,I,F;I;L;V,differs_from_consensus,True,True,scaffold_differs_from_msa_consensus
6E9F,A,VI-D,217,218,M,157.0,M,218.0,,MET,True,675,676,four_layer_exact,high,0.9560439560439561,0.8924731182795699,0.5329649423499991,0.04395604395604391,G,G,differs_from_consensus,True,True,scaffold_differs_from_msa_consensus
6E9F,A,VI-D,218,219,K,158.0,K,219.0,,LYS,True,677,678,four_layer_exact,high,0.945054945054945,0.23826714801444043,2.31862657470561,0.05494505494505497,Y,G;M;N;S;T;Y,differs_from_consensus,True,True,scaffold_differs_from_msa_consensus
6E9F,A,VI-D,219,220,R,159.0,R,220.0,,ARG,True,678,679,four_layer_exact,high,0.9505494505494505,0.4838709677419355,1.5113316420864789,0.0494505494505495,L,F;I;L;M,differs_from_consensus,True,True,scaffold_differs_from_msa_consensus
6E9F,A,VI-D,220,221,T,160.0,T,221.0,,THR,True,679,680,four_layer_exact,high,0.8406593406593407,0.30151673640167365,2.168871405821139,0.15934065934065933,S,G;K;N;P;R;S;T;Y,differs_from_consensus,True,True,scaffold_differs_from_msa_consensus
6E9F,A,VI-D,221,222,T,161.0,T,222.0,,THR,True,680,681,four_layer_exact,high,0.7802197802197802,0.3745199692780338,2.120855394358002,0.21978021978021978,T,A;F;L;S;T;V;Y,matches_consensus,False,False,
6E9F,A,VI-D,222,223,D,162.0,D,223.0,,ASP,True,688,689,four_layer_exact,high,0.7252747252747253,0.12307692307692308,2.685364474835372,0.27472527472527475,D,D;G;K;L;N;Q;R;S;T,matches_consensus,False,False,
6E9F,A,VI-D,223,224,E,163.0,E,224.0,,GLU,True,689,690,four_layer_exact,high,0.7362637362637363,0.3922738693467337,2.1847113390248687,0.2637362637362637,N,D;I;K;N;V;Y,differs_from_consensus,False,True,scaffold_differs_from_msa_consensus
6E9F,A,VI-D,224,225,T,164.0,T,225.0,,THR,True,690,691,four_layer_exact,high,0.7692307692307693,0.36792452830188677,1.9994576928039347,0.23076923076923073,T,D;K;P;S;T,matches_consensus,False,False,
6E9F,A,VI-D,225,226,F,165.0,F,226.0,,PHE,True,692,693,four_layer_exact,high,0.8516483516483516,0.8068415637860082,0.6570525118176964,0.14835164835164838,Y,F;Y,differs_from_consensus,True,True,scaffold_differs_from_msa_consensus
6E9F,A,VI-D,226,227,D,166.0,D,227.0,,ASP,True,705,706,four_layer_exact,high,0.9175824175824175,0.2679245283018868,2.1500797832958343,0.08241758241758246,E,A;D;E;K;Q;S,differs_from_consensus,True,True,scaffold_differs_from_msa_consensus
6E9F,A,VI-D,227,228,D,167.0,D,228.0,,ASP,True,706,707,four_layer_exact,high,0.9230769230769231,0.14232209737827714,2.474100316647014,0.07692307692307687,K,A;D;E;K;N;Q;S;T;V,differs_from_consensus,True,True,scaffold_differs_from_msa_consensus
6E9F,A,VI-D,228,229,F,168.0,F,229.0,,PHE,True,707,708,four_layer_exact,high,0.9230769230769231,0.4342228464419476,1.7561895836793948,0.07692307692307687,F,F;I;L;V;Y,matches_consensus,True,False,
6E9F,A,VI-D,229,230,E,169.0,E,230.0,,GLU,True,743,744,four_layer_exact,high,0.5604395604395604,0.2530413625304136,2.231738306569456,0.43956043956043955,E,D;E;K;N;Q;S;T,matches_consensus,False,False,
6E9F,A,VI-D,230,231,K,170.0,K,231.0,,LYS,True,744,745,four_layer_exact,high,0.3791208791208791,0.21296296296296294,2.343535210906453,0.6208791208791209,D,A;D;E;K;N;P;R;S;V,differs_from_consensus,False,True,scaffold_differs_from_msa_consensus
6E9F,A,VI-D,231,232,K,171.0,K,232.0,,LYS,True,745,746,four_layer_exact,high,0.3901098901098901,0.17543859649122806,2.3080875510354337,0.6098901098901099,D,D;G;I;K;L;N;R,differs_from_consensus,False,True,scaffold_differs_from_msa_consensus
6E9F,A,VI-D,232,233,K,172.0,K,233.0,,LYS,True,746,747,four_layer_exact,high,0.3626373626373626,0.17475728155339804,2.49492349552644,0.6373626373626373,E,A;D;E;G;K;N;Q;S;T;V,differs_from_consensus,False,True,scaffold_differs_from_msa_consensus
6E9F,A,VI-D,233,234,E,173.0,E,234.0,,GLU,True,747,748,four_layer_exact,high,0.37362637362637363,0.5045871559633027,1.4819618708788802,0.6263736263736264,K,A;E;I;K;R;V,differs_from_consensus,False,True,scaffold_differs_from_msa_consensus
6E9F,A,VI-D,234,235,S,174.0,S,235.0,,SER,True,757,758,four_layer_exact,high,0.6483516483516484,0.2745098039215686,2.2140650838006617,0.3516483516483516,K,A;D;K;N;R;S,differs_from_consensus,False,True,scaffold_differs_from_msa_consensus
6E9F,A,VI-D,235,236,T,175.0,T,236.0,,THR,True,758,759,four_layer_exact,high,0.7032967032967034,0.3263157894736842,2.0183308491572056,0.29670329670329665,N,A;D;K;N;R;S;T,differs_from_consensus,False,True,scaffold_differs_from_msa_consensus
6E9F,A,VI-D,236,237,N,176.0,N,237.0,,ASN,True,759,760,four_layer_exact,high,0.7142857142857143,0.2268041237113402,2.4667628755816913,0.2857142857142857,I,A;F;I;L;N;R;V,differs_from_consensus,False,True,scaffold_differs_from_msa_consensus
6E9F,A,VI-D,237,238,S,177.0,S,238.0,,SER,True,760,761,four_layer_exact,high,0.7252747252747253,0.16161616161616163,2.4705730625141404,0.27472527472527475,N,A;D;E;G;K;N;R;S;T,differs_from_consensus,False,True,scaffold_differs_from_msa_consensus
6E9F,A,VI-D,238,239,R,178.0,R,239.0,,ARG,True,761,762,four_layer_exact,high,0.7252747252747253,0.3163265306122449,2.216312346365829,0.27472527472527475,K,D;E;K;N;R;S,differs_from_consensus,False,True,scaffold_differs_from_msa_consensus
6E9F,A,VI-D,239,240,E,179.0,E,240.0,,GLU,True,762,763,four_layer_exact,high,0.7802197802197802,0.21395348837209302,2.484878606258631,0.21978021978021978,S,A;I;K;L;N;Q;S;V,differs_from_consensus,False,True,scaffold_differs_from_msa_consensus
6E9F,A,VI-D,240,241,K,180.0,K,241.0,,LYS,True,763,764,four_layer_exact,high,0.7857142857142857,0.41284403669724773,1.8907203716128045,0.2142857142857143,K,K;R;Y,matches_consensus,False,False,
6E9F,A,VI-D,241,242,A,181.0,A,242.0,,ALA,True,764,765,four_layer_exact,high,0.8131868131868132,0.19383259911894274,2.164355216127221,0.18681318681318682,E,A;D;E;K;N;R;S,differs_from_consensus,True,True,scaffold_differs_from_msa_consensus
6E9F,A,VI-D,242,243,D,182.0,D,243.0,,ASP,True,765,766,four_layer_exact,high,0.7307692307692307,0.20812182741116753,2.5933707260581027,0.2692307692307693,K,A;D;E;F;K;L;N;S;T,differs_from_consensus,False,True,scaffold_differs_from_msa_consensus
6E9F,A,VI-D,243,244,F,183.0,F,244.0,,PHE,True,766,767,four_layer_exact,high,0.27472527472527475,0.21052631578947367,2.287721822767132,0.7252747252747253,E,A;D;E;F;H;I;K;L;M;R;S;V,differs_from_consensus,False,True,scaffold_differs_from_msa_consensus
6E9F,A,VI-D,244,245,D,184.0,D,245.0,,ASP,True,806,807,four_layer_exact,high,0.25824175824175827,0.25,1.9600951351245584,0.7417582417582418,E,A;D;E;I;K;N;P;R,differs_from_consensus,False,True,scaffold_differs_from_msa_consensus
6E9F,A,VI-D,245,246,A,185.0,A,246.0,,ALA,True,807,808,four_layer_exact,high,0.27472527472527475,0.3004694835680751,1.8209748275094753,0.7252747252747253,K,A;C;D;I;K;N;R;S,differs_from_consensus,False,True,scaffold_differs_from_msa_consensus
6E9F,A,VI-D,246,247,F,186.0,F,247.0,,PHE,True,808,809,four_layer_exact,high,0.7967032967032966,0.6947869955156951,1.085834884972082,0.20329670329670335,F,F;L;Y,matches_consensus,False,False,
6E9F,A,VI-D,247,248,E,187.0,E,248.0,,GLU,True,847,848,four_layer_exact,high,0.8791208791208791,0.272,2.3570440080535624,0.1208791208791209,E,D;E;K;L;Q,matches_consensus,True,False,
6E9F,A,VI-D,248,249,K,188.0,K,249.0,,LYS,True,848,849,four_layer_exact,high,0.8901098901098901,0.2125984251968504,2.259972308387499,0.10989010989010994,E,A;D;E;K;N;Q,differs_from_consensus,True,True,scaffold_differs_from_msa_consensus
6E9F,A,VI-D,249,250,F,189.0,F,250.0,,PHE,True,853,854,four_layer_exact,high,0.989010989010989,0.3931034482758621,1.7026153784520743,0.01098901098901095,L,F;I;L;V;Y,differs_from_consensus,True,True,scaffold_differs_from_msa_consensus
6E9F,A,VI-D,250,251,I,190.0,I,251.0,,ILE,True,854,855,four_layer_exact,high,0.9835164835164835,0.3819444444444444,1.902525130550066,0.016483516483516536,L,I;L;M;V;Y,differs_from_consensus,True,True,scaffold_differs_from_msa_consensus
6E9F,A,VI-D,251,252,G,191.0,G,252.0,,GLY,True,855,856,four_layer_exact,high,0.9725274725274725,0.3218968531468531,2.266836153858927,0.027472527472527486,K,D;E;K;N;R;S,differs_from_consensus,True,True,scaffold_differs_from_msa_consensus
6E9F,A,VI-D,252,253,N,192.0,N,253.0,,ASN,True,859,860,four_layer_exact,high,0.9725274725274725,0.2867132867132867,2.1543887797951977,0.027472527472527486,N,A;D;K;N;R;S;T,matches_consensus,True,False,
6E9F,A,VI-D,253,254,Y,193.0,Y,254.0,,TYR,True,866,867,four_layer_exact,high,0.9560439560439561,0.17985611510791366,2.5536442431912896,0.04395604395604391,P,A;I;K;N;P;S;T,differs_from_consensus,True,True,scaffold_differs_from_msa_consensus
6E9F,A,VI-D,254,255,R,194.0,R,255.0,,ARG,True,867,868,four_layer_exact,high,0.9615384615384616,0.4357142857142857,1.8329361782237117,0.038461538461538436,R,E;K;Q;R;S,matches_consensus,True,False,
6E9F,A,VI-D,255,256,L,195.0,L,256.0,,LEU,True,876,877,four_layer_exact,high,0.9340659340659341,0.5073529411764706,1.6645494685568731,0.06593406593406592,L,F;I;L;M;Y,matches_consensus,True,False,
6E9F,A,VI-D,256,257,A,196.0,A,257.0,,ALA,True,877,878,four_layer_exact,high,0.9340659340659341,0.38235294117647056,2.1978079174136638,0.06593406593406592,G,A;G;K;R;S;V,differs_from_consensus,True,True,scaffold_differs_from_msa_consensus
6E9F,A,VI-D,257,258,Y,197.0,Y,258.0,,TYR,True,883,884,four_layer_exact,high,0.989010989010989,0.8896551724137931,0.45613492492350044,0.01098901098901095,Y,F;Y,matches_consensus,True,False,
6E9F,A,VI-D,258,259,F,198.0,F,259.0,,PHE,True,884,885,four_layer_exact,high,0.989010989010989,0.7448275862068966,0.9081011234715318,0.01098901098901095,F,F;L;Y,matches_consensus,True,False,
6E9F,A,VI-D,259,260,A,199.0,A,260.0,,ALA,True,889,890,four_layer_exact,high,0.9725274725274725,0.676056338028169,1.231170526549714,0.027472527472527486,G,D;G;N;S,differs_from_consensus,True,True,scaffold_differs_from_msa_consensus
6E9F,A,VI-D,260,261,D,200.0,D,261.0,,ASP,True,901,902,four_layer_exact,high,0.9835164835164835,0.20833333333333334,2.408580112882473,0.016483516483516536,D,D;E;F;G;K;N;S;T,matches_consensus,True,False,
6E9F,A,VI-D,261,262,A,201.0,A,262.0,,ALA,True,902,903,four_layer_exact,high,0.9835164835164835,0.3611111111111111,2.0000778562397588,0.016483516483516536,A,A;E;I;L;T;V,matches_consensus,True,False,
6E9F,A,VI-D,262,263,F,202.0,F,263.0,,PHE,True,903,904,four_layer_exact,high,0.978021978021978,0.7482517482517482,0.9158307687118252,0.02197802197802201,F,F;L;Y,matches_consensus,True,False,
6E9F,A,VI-D,263,264,Y,203.0,Y,264.0,,TYR,True,904,905,four_layer_exact,high,0.9725274725274725,0.2887323943661972,2.4549672026777847,0.027472527472527486,Y,F;I;K;Y,matches_consensus,True,False,
6E9F,A,VI-D,264,265,V,204.0,V,265.0,,VAL,True,922,923,four_layer_exact,high,0.2967032967032967,0.391304347826087,1.6232034941668427,0.7032967032967032,E,D;E;K,differs_from_consensus,False,True,scaffold_differs_from_msa_consensus
6E9F,A,VI-D,265,266,N,205.0,N,266.0,,ASN,True,923,924,four_layer_exact,high,0.3131868131868132,0.46153846153846156,1.6215897184730756,0.6868131868131868,K,E;G;K;P,differs_from_consensus,False,True,scaffold_differs_from_msa_consensus
6E9F,A,VI-D,266,267,K,206.0,K,267.0,,LYS,True,924,925,four_layer_exact,high,0.3076923076923077,0.16,2.310717508000889,0.6923076923076923,D,A;D;E;K;L;T,differs_from_consensus,False,True,scaffold_differs_from_msa_consensus
6E9F,A,VI-D,267,268,K,,,,,,False,925,926,full_msa_only_unresolved_coordinate,medium,0.2967032967032967,0.34782608695652173,1.8596715651221942,0.7032967032967032,G,A;E;G;K,differs_from_consensus,False,True,unresolved_internal;scaffold_differs_from_msa_consensus
6E9F,A,VI-D,268,269,N,,,,,,False,937,938,full_msa_only_unresolved_coordinate,medium,0.6098901098901099,0.2568108974358974,2.2904374821144593,0.39010989010989006,K,D;E;K;N;R;S,differs_from_consensus,False,True,unresolved_internal;scaffold_differs_from_msa_consensus
6E9F,A,VI-D,269,270,P,,,,,,False,946,947,full_msa_only_unresolved_coordinate,medium,0.7857142857142857,0.35185185185185186,2.211937438426997,0.2142857142857143,K,A;E;G;K;N;R,differs_from_consensus,False,True,unresolved_internal;scaffold_differs_from_msa_consensus
6E9F,A,VI-D,270,271,K,,,,,,False,947,948,full_msa_only_unresolved_coordinate,medium,0.8241758241758241,0.7043478260869566,1.1626233707530862,0.17582417582417587,K,E;K,matches_consensus,False,True,unresolved_internal
6E9F,A,VI-D,271,272,G,,,,,,False,948,949,full_msa_only_unresolved_coordinate,medium,0.7802197802197802,0.23393691588785046,2.3817694049600524,0.21978021978021978,D,D;E;G;K;N;P;S,differs_from_consensus,False,True,unresolved_internal;scaffold_differs_from_msa_consensus
6E9F,A,VI-D,272,273,K,207.0,K,273.0,,LYS,True,979,980,four_layer_exact,high,0.7802197802197802,0.24299065420560748,2.240258343890273,0.21978021978021978,K,D;E;G;K;N;S;T,matches_consensus,False,False,
6E9F,A,VI-D,273,274,A,208.0,A,274.0,,ALA,True,980,981,four_layer_exact,high,0.7912087912087912,0.2782874617737003,2.34506098958044,0.20879120879120883,K,E;K;P;Q;R;S,differs_from_consensus,False,True,scaffold_differs_from_msa_consensus
6E9F,A,VI-D,274,275,K,209.0,K,275.0,,LYS,True,981,982,four_layer_exact,high,0.7307692307692307,0.35637626262626265,2.099450546137691,0.2692307692307693,K,D;E;K;Q;R,matches_consensus,False,False,
6E9F,A,VI-D,275,276,N,210.0,N,276.0,,ASN,True,982,983,four_layer_exact,high,0.34065934065934067,0.1935483870967742,2.3607045857511078,0.6593406593406593,E,A;D;E;K;N;V;Y,differs_from_consensus,False,True,scaffold_differs_from_msa_consensus
6E9F,A,VI-D,276,277,V,211.0,V,277.0,,VAL,True,994,995,four_layer_exact,high,0.7252747252747253,0.15306122448979592,2.5439263886462906,0.27472527472527475,K,D;E;I;K;N;Q;T;V,differs_from_consensus,False,True,scaffold_differs_from_msa_consensus
6E9F,A,VI-D,277,278,L,212.0,L,278.0,,LEU,True,995,996,four_layer_exact,high,0.8296703296703297,0.21839080459770113,2.5145360363436486,0.17032967032967028,E,D;E;K;L;N;P;Q;R,differs_from_consensus,True,True,scaffold_differs_from_msa_consensus
6E9F,A,VI-D,278,279,R,213.0,R,279.0,,ARG,True,996,997,four_layer_exact,high,0.9725274725274725,0.38028169014084506,2.0447219024364927,0.027472527472527486,K,A;E;K;N;R,differs_from_consensus,True,True,scaffold_differs_from_msa_consensus
6E9F,A,VI-D,279,280,E,214.0,E,280.0,,GLU,True,997,998,four_layer_exact,high,0.967032967032967,0.2624113475177305,2.556186469552014,0.03296703296703296,S,D;E;N;S;T,differs_from_consensus,True,True,scaffold_differs_from_msa_consensus
6E9F,A,VI-D,280,281,D,215.0,D,281.0,,ASP,True,998,999,four_layer_exact,high,0.967032967032967,0.3191489361702128,2.001474815983524,0.03296703296703296,E,D;E;K;Q;R,differs_from_consensus,True,True,scaffold_differs_from_msa_consensus
6E9F,A,VI-D,281,282,K,216.0,K,282.0,,LYS,True,999,1000,four_layer_exact,high,0.9120879120879121,0.3435114503816794,1.9206601311885951,0.08791208791208793,K,D;E;K;N;R,matches_consensus,True,False,
6E9F,A,VI-D,282,283,E,217.0,E,283.0,,GLU,True,1021,1022,four_layer_exact,high,0.9725274725274725,0.42231514084507044,2.004366578420314,0.027472527472527486,E,D;E;H;K;R;Y,matches_consensus,True,False,
6E9F,A,VI-D,283,284,L,218.0,L,284.0,,LEU,True,1030,1031,four_layer_exact,high,0.9945054945054945,0.3084332191780822,1.9334741628997252,0.005494505494505475,I,A;C;I;L;N;V,differs_from_consensus,True,True,scaffold_differs_from_msa_consensus
6E9F,A,VI-D,284,285,Y,219.0,Y,285.0,,TYR,True,1031,1032,four_layer_exact,high,0.9945054945054945,0.6643835616438356,1.2277374201348163,0.005494505494505475,Y,F;Y,matches_consensus,True,False,
6E9F,A,VI-D,285,286,S,220.0,S,286.0,,SER,True,1032,1033,four_layer_exact,high,0.9945054945054945,0.2054794520547945,2.289840835448434,0.005494505494505475,N,D;H;K;N;S;Y,differs_from_consensus,True,True,scaffold_differs_from_msa_consensus
6E9F,A,VI-D,286,287,V,221.0,V,287.0,,VAL,True,1033,1034,four_layer_exact,high,0.9945054945054945,0.4111729452054795,1.6950957478591993,0.005494505494505475,I,I;L;V,differs_from_consensus,True,True,scaffold_differs_from_msa_consensus
6E9F,A,VI-D,287,288,L,222.0,L,288.0,,LEU,True,1034,1035,four_layer_exact,high,0.9945054945054945,0.6712328767123288,1.1842719882745139,0.005494505494505475,L,F;I;L,matches_consensus,True,False,
6E9F,A,VI-D,288,289,T,223.0,T,289.0,,THR,True,1035,1036,four_layer_exact,high,0.9945054945054945,0.3424657534246575,1.8198097162278748,0.005494505494505475,R,A;C;R;S,differs_from_consensus,True,True,scaffold_differs_from_msa_consensus
6E9F,A,VI-D,289,290,L,224.0,L,290.0,,LEU,True,1036,1037,four_layer_exact,high,0.9945054945054945,0.4246575342465753,1.7449120721819953,0.005494505494505475,L,F;I;L;M;V,matches_consensus,True,False,
6E9F,A,VI-D,290,291,I,225.0,I,291.0,,ILE,True,1037,1038,four_layer_exact,high,1.0,0.6326530612244898,1.1752685407534762,0.0,L,A;I;L;V,differs_from_consensus,True,True,scaffold_differs_from_msa_consensus
6E9F,A,VI-D,291,292,G,226.0,G,292.0,,GLY,True,1038,1039,four_layer_exact,high,1.0,0.4419642857142857,1.2867105197612856,0.0,G,A;G;S,matches_consensus,True,False,
6E9F,A,VI-D,292,293,K,227.0,K,293.0,,LYS,True,1039,1040,four_layer_exact,high,1.0,0.14285714285714285,2.660033185241378,0.0,S,A;F;I;K;L;M;Q;S;T;Y,differs_from_consensus,True,True,scaffold_differs_from_msa_consensus
6E9F,A,VI-D,293,294,L,228.0,L,294.0,,LEU,True,1040,1041,four_layer_exact,high,1.0,0.46938775510204084,1.5713257017154096,0.0,L,A;I;L;M;V,matches_consensus,True,False,
6E9F,A,VI-D,294,295,A,229.0,A,295.0,,ALA,True,1041,1042,four_layer_exact,high,1.0,1.0,-0.0,0.0,R,R,differs_from_consensus,True,True,scaffold_differs_from_msa_consensus
6E9F,A,VI-D,295,296,H,230.0,H,296.0,,HIS,True,1042,1043,four_layer_exact,high,1.0,0.7142857142857143,0.9316783758070812,0.0,Q,H;N;Q,differs_from_consensus,True,True,scaffold_differs_from_msa_consensus
6E9F,A,VI-D,296,297,W,231.0,W,297.0,,TRP,True,1043,1044,four_layer_exact,high,1.0,0.2108843537414966,2.323815639312074,0.0,F,A;F;L;M;S;W,differs_from_consensus,True,True,scaffold_differs_from_msa_consensus
6E9F,A,VI-D,297,298,C,232.0,C,298.0,,CYS,True,1044,1045,four_layer_exact,high,1.0,0.3197278911564626,1.9871025701383873,0.0,C,A;C;I;L;S;T;V,matches_consensus,True,False,
6E9F,A,VI-D,298,299,V,233.0,V,299.0,,VAL,True,1045,1046,four_layer_exact,high,1.0,0.2653061224489796,1.9638985671056766,0.0,F,A;F;M;T;V,differs_from_consensus,True,True,scaffold_differs_from_msa_consensus
6E9F,A,VI-D,299,300,A,234.0,A,300.0,,ALA,True,1046,1047,four_layer_exact,high,1.0,0.9931972789115646,0.04072805093236134,0.0,H,H,differs_from_consensus,True,True,scaffold_differs_from_msa_consensus
6E9F,A,VI-D,300,301,S,235.0,S,301.0,,SER,True,1047,1048,four_layer_exact,high,1.0,0.3197278911564626,2.187913418055878,0.0,G,D;E;F;G;S;Y,differs_from_consensus,True,True,scaffold_differs_from_msa_consensus
6E9F,A,VI-D,301,302,E,236.0,E,302.0,,GLU,True,1049,1050,four_layer_exact,high,0.9285714285714286,0.18382352941176472,2.43337981865906,0.0714285714285714,K,D;E;G;K;N;S;T;Y,differs_from_consensus,True,True,scaffold_differs_from_msa_consensus
6E9F,A,VI-D,302,303,E,237.0,E,303.0,,GLU,True,1050,1051,four_layer_exact,high,0.9120879120879121,0.17533396946564886,2.61739589031574,0.08791208791208793,E,D;E;G;K;N;T;V,matches_consensus,True,False,
6E9F,A,VI-D,303,304,G,238.0,G,304.0,,GLY,True,1051,1052,four_layer_exact,high,0.9340659340659341,0.17530864197530863,2.555000334921787,0.06593406593406592,S,A;D;E;G;K;N;R;S;T,differs_from_consensus,True,True,scaffold_differs_from_msa_consensus
6E9F,A,VI-D,304,305,R,239.0,R,305.0,,ARG,True,1055,1056,four_layer_exact,high,0.8626373626373627,0.22540983606557377,2.519479610737625,0.13736263736263732,N,D;E;G;K;N;R;S;T,differs_from_consensus,True,True,scaffold_differs_from_msa_consensus
6E9F,A,VI-D,305,306,A,240.0,A,306.0,,ALA,True,1056,1057,four_layer_exact,high,0.8131868131868132,0.168141592920354,2.4508894946563955,0.18681318681318682,R,A;D;K;N;R;S;T,differs_from_consensus,True,True,scaffold_differs_from_msa_consensus
6E9F,A,VI-D,306,307,E,241.0,E,307.0,,GLU,True,1057,1058,four_layer_exact,high,0.521978021978022,0.12698412698412698,2.421662682717796,0.478021978021978,A,A;D;E;K;L;N;P;Q;S;T,differs_from_consensus,False,True,scaffold_differs_from_msa_consensus
6E9F,A,VI-D,307,308,F,242.0,F,308.0,,PHE,True,1075,1076,four_layer_exact,high,0.6538461538461539,0.21428571428571427,2.3573451971064188,0.34615384615384615,T,A;F;N;S;T;Y,differs_from_consensus,False,True,scaffold_differs_from_msa_consensus
6E9F,A,VI-D,308,309,W,243.0,W,309.0,,TRP,True,1078,1079,four_layer_exact,high,0.8516483516483516,0.39166666666666666,2.1616914042489888,0.14835164835164838,W,A;S;V;W;Y,matches_consensus,True,False,
6E9F,A,VI-D,309,310,L,244.0,L,310.0,,LEU,True,1079,1080,four_layer_exact,high,0.978021978021978,0.6153846153846154,1.3618227655954975,0.02197802197802201,L,I;L,matches_consensus,True,False,
6E9F,A,VI-D,310,311,Y,245.0,Y,311.0,,TYR,True,1080,1081,four_layer_exact,high,0.9835164835164835,0.6319444444444444,0.7720129761978174,0.016483516483516536,Y,F;Y,matches_consensus,True,False,
6E9F,A,VI-D,311,312,K,246.0,K,312.0,,LYS,True,1081,1082,four_layer_exact,high,0.945054945054945,0.39416058394160586,2.045662002332108,0.05494505494505497,N,D;K;N;Q;R;S,differs_from_consensus,True,True,scaffold_differs_from_msa_consensus
6E9F,A,VI-D,312,313,L,247.0,L,313.0,,LEU,True,1082,1083,four_layer_exact,high,0.9835164835164835,0.5277777777777778,1.7186172629535157,0.016483516483516536,L,A;I;L;S,matches_consensus,True,False,
6E9F,A,VI-D,313,314,D,248.0,D,314.0,,ASP,True,1092,1093,four_layer_exact,high,0.9395604395604396,0.40693430656934304,1.7487052880905518,0.06043956043956045,D,D;E;K;N;S,matches_consensus,True,False,
6E9F,A,VI-D,314,315,E,249.0,E,315.0,,GLU,True,1093,1094,four_layer_exact,high,0.9065934065934066,0.2366412213740458,2.340740778692264,0.09340659340659341,K,D;E;K;N;Q;S,differs_from_consensus,True,True,scaffold_differs_from_msa_consensus
6E9F,A,VI-D,315,316,L,250.0,L,316.0,,LEU,True,1100,1101,four_layer_exact,high,0.7142857142857143,0.6185567010309279,1.313524370036907,0.2857142857142857,L,F;I;L,matches_consensus,False,False,
6E9F,A,VI-D,316,317,K,251.0,K,317.0,,LYS,True,1113,1114,four_layer_exact,high,0.8846153846153846,0.164021164021164,2.6217096580117674,0.11538461538461542,D,A;D;K;N;P;R;S,differs_from_consensus,True,True,scaffold_differs_from_msa_consensus
6E9F,A,VI-D,317,318,D,252.0,D,318.0,,ASP,True,1114,1115,four_layer_exact,high,0.9560439560439561,0.18944844124700239,2.3583923331809755,0.04395604395604391,P,A;D;E;G;K;N;P;Q;S,differs_from_consensus,True,True,scaffold_differs_from_msa_consensus
6E9F,A,VI-D,318,319,D,253.0,D,319.0,,ASP,True,1115,1116,four_layer_exact,high,0.9725274725274725,0.5070422535211268,1.5166328558532232,0.027472527472527486,E,D;E;N,differs_from_consensus,True,True,scaffold_differs_from_msa_consensus
6E9F,A,VI-D,319,320,F,254.0,F,320.0,,PHE,True,1124,1125,four_layer_exact,high,0.9230769230769231,0.2781954887218045,1.8854669823053436,0.07692307692307687,L,A;F;I;L;V;Y,differs_from_consensus,True,True,scaffold_differs_from_msa_consensus
6E9F,A,VI-D,320,321,K,255.0,K,321.0,,LYS,True,1145,1146,four_layer_exact,high,0.978021978021978,0.26573426573426573,2.2510283909761952,0.02197802197802201,K,I;K;L;R;W,matches_consensus,True,False,
6E9F,A,VI-D,321,322,N,256.0,N,322.0,,ASN,True,1146,1147,four_layer_exact,high,0.9945054945054945,0.19863013698630136,2.326101214931983,0.005494505494505475,D,A;D;E;K;N;Q;S,differs_from_consensus,True,True,scaffold_differs_from_msa_consensus
6E9F,A,VI-D,322,323,V,257.0,V,323.0,,VAL,True,1147,1148,four_layer_exact,high,1.0,0.2857142857142857,2.118341611796008,0.0,T,F;I;L;T;V,differs_from_consensus,True,True,scaffold_differs_from_msa_consensus
6E9F,A,VI-D,323,324,L,258.0,L,324.0,,LEU,True,1148,1149,four_layer_exact,high,1.0,0.6462585034013606,1.051052160330606,0.0,L,I;L;V,matches_consensus,True,False,
6E9F,A,VI-D,324,325,D,259.0,D,325.0,,ASP,True,1149,1150,four_layer_exact,high,1.0,0.54421768707483,1.492785903870701,0.0,D,D;E;N,matches_consensus,True,False,
6E9F,A,VI-D,325,326,V,260.0,V,326.0,,VAL,True,1150,1151,four_layer_exact,high,1.0,0.14285714285714285,2.5588674590066685,0.0,K,A;D;E;K;N;R;S;T;Y,differs_from_consensus,True,True,scaffold_differs_from_msa_consensus
6E9F,A,VI-D,326,327,V,261.0,V,327.0,,VAL,True,1151,1152,four_layer_exact,high,1.0,0.29931972789115646,2.2837401168457734,0.0,L,F;I;K;L;T;V;Y,differs_from_consensus,True,True,scaffold_differs_from_msa_consensus
6E9F,A,VI-D,327,328,Y,262.0,Y,328.0,,TYR,True,1152,1153,four_layer_exact,high,1.0,0.6530612244897959,1.1214409686467792,0.0,Y,F;Y,matches_consensus,True,False,
6E9F,A,VI-D,328,329,N,263.0,N,329.0,,ASN,True,1153,1154,four_layer_exact,high,1.0,0.1950113378684807,2.297177350744636,0.0,D,A;D;E;K;N;R;S,differs_from_consensus,True,True,scaffold_differs_from_msa_consensus
6E9F,A,VI-D,329,330,R,264.0,R,330.0,,ARG,True,1154,1155,four_layer_exact,high,1.0,0.2789115646258503,2.3094382548538204,0.0,E,A;D;E;K;N;Q;R;S,differs_from_consensus,True,True,scaffold_differs_from_msa_consensus
6E9F,A,VI-D,330,331,P,265.0,P,331.0,,PRO,True,1155,1156,four_layer_exact,high,1.0,0.2789115646258503,2.155414520474483,0.0,R,A;G;K;R,differs_from_consensus,True,True,scaffold_differs_from_msa_consensus
6E9F,A,VI-D,331,332,V,266.0,V,332.0,,VAL,True,1156,1157,four_layer_exact,high,1.0,0.35374149659863946,1.7471194004335109,0.0,I,F;I;L;V,differs_from_consensus,True,True,scaffold_differs_from_msa_consensus
6E9F,A,VI-D,332,333,E,267.0,E,333.0,,GLU,True,1157,1158,four_layer_exact,high,1.0,0.2018140589569161,2.2584787038230623,0.0,D,D;E;K;N;T,differs_from_consensus,True,True,scaffold_differs_from_msa_consensus
6E9F,A,VI-D,333,334,E,268.0,E,334.0,,GLU,True,1158,1159,four_layer_exact,high,1.0,0.21768707482993196,2.312275293531052,0.0,E,A;D;E;K;Q;R;S;T,matches_consensus,True,False,
6E9F,A,VI-D,334,335,I,269.0,I,335.0,,ILE,True,1159,1160,four_layer_exact,high,0.989010989010989,0.3931034482758621,1.3740939813341855,0.01098901098901095,I,I;L;V,matches_consensus,True,False,
6E9F,A,VI-D,335,336,N,270.0,N,336.0,,ASN,True,1160,1161,four_layer_exact,high,0.989010989010989,0.7517241379310344,1.1115490089747386,0.01098901098901095,N,D;N,matches_consensus,True,False,
6E9F,A,VI-D,336,337,N,271.0,N,337.0,,ASN,True,1161,1162,four_layer_exact,high,0.9835164835164835,0.2638888888888889,2.2512048529561555,0.016483516483516536,K,A;D;E;K;N;R;S,differs_from_consensus,True,True,scaffold_differs_from_msa_consensus
6E9F,A,VI-D,337,338,R,272.0,R,338.0,,ARG,True,1162,1163,four_layer_exact,high,0.9835164835164835,0.25231481481481477,1.8953336900202957,0.016483516483516536,D,D;E;G;N;S,differs_from_consensus,True,True,scaffold_differs_from_msa_consensus
6E9F,A,VI-D,338,339,F,273.0,F,339.0,,PHE,True,1164,1165,four_layer_exact,high,0.9945054945054945,0.9657534246575342,0.17225541780117243,0.005494505494505475,F,F,matches_consensus,True,False,
6E9F,A,VI-D,339,340,I,274.0,I,340.0,,ILE,True,1165,1166,four_layer_exact,high,0.9945054945054945,0.2671232876712329,2.2388035855694746,0.005494505494505475,I,A;F;I;L;V,matches_consensus,True,False,
6E9F,A,VI-D,340,341,E,275.0,E,341.0,,GLU,True,1166,1167,four_layer_exact,high,0.9945054945054945,0.3698630136986301,1.9018254981732938,0.005494505494505475,K,D;E;K;N;S;T,differs_from_consensus,True,True,scaffold_differs_from_msa_consensus
6E9F,A,VI-D,341,342,N,276.0,N,342.0,,ASN,True,1185,1186,four_layer_exact,high,1.0,0.4217687074829932,1.7103184593830913,0.0,N,H;K;N;Q;T,matches_consensus,True,False,
6E9F,A,VI-D,342,343,N,277.0,N,343.0,,ASN,True,1186,1187,four_layer_exact,high,1.0,0.38095238095238093,1.5139112730778306,0.0,N,A;N;S,matches_consensus,True,False,
6E9F,A,VI-D,343,344,K,278.0,K,344.0,,LYS,True,1205,1206,four_layer_exact,high,0.989010989010989,0.47586206896551725,1.9274362618765346,0.01098901098901095,K,A;K;R;S,matches_consensus,True,False,
6E9F,A,VI-D,344,345,V,279.0,V,345.0,,VAL,True,1206,1207,four_layer_exact,high,0.9835164835164835,0.2777777777777778,1.9833296245501533,0.016483516483516536,V,K;N;R;T;V,matches_consensus,True,False,
6E9F,A,VI-D,345,346,N,280.0,N,346.0,,ASN,True,1208,1209,four_layer_exact,high,1.0,0.8299319727891157,0.5496289992148657,0.0,N,D;N,matches_consensus,True,False,
6E9F,A,VI-D,346,347,I,281.0,I,347.0,,ILE,True,1209,1210,four_layer_exact,high,1.0,0.6122448979591837,1.1209026347865876,0.0,L,F;I;L;V,differs_from_consensus,True,True,scaffold_differs_from_msa_consensus
6E9F,A,VI-D,347,348,Q,282.0,Q,348.0,,GLN,True,1210,1211,four_layer_exact,high,1.0,0.19727891156462585,2.6782287151563526,0.0,Y,A;K;L;N;Q;S;Y,differs_from_consensus,True,True,scaffold_differs_from_msa_consensus
6E9F,A,VI-D,348,349,I,283.0,I,349.0,,ILE,True,1211,1212,four_layer_exact,high,1.0,0.6122448979591837,1.3254426319926962,0.0,I,I;L;V,matches_consensus,True,False,
6E9F,A,VI-D,349,350,L,284.0,L,350.0,,LEU,True,1212,1213,four_layer_exact,high,1.0,0.782312925170068,0.6506324030379541,0.0,L,I;L,matches_consensus,True,False,
6E9F,A,VI-D,350,351,G,285.0,G,351.0,,GLY,True,1213,1214,four_layer_exact,high,1.0,0.2789115646258503,2.4016508680885007,0.0,F,A;C;E;F;K;S,differs_from_consensus,True,True,scaffold_differs_from_msa_consensus
6E9F,A,VI-D,351,352,S,286.0,S,352.0,,SER,True,1214,1215,four_layer_exact,high,1.0,0.22675736961451243,2.253763267631969,0.0,E,D;E;K;N;Q;R;S,differs_from_consensus,True,True,scaffold_differs_from_msa_consensus
6E9F,A,VI-D,352,353,V,287.0,V,353.0,,VAL,True,1219,1220,four_layer_exact,high,0.989010989010989,0.28505747126436776,1.7954617694267447,0.01098901098901095,I,A;I;L;V;Y,differs_from_consensus,True,True,scaffold_differs_from_msa_consensus
6E9F,A,VI-D,353,354,Y,288.0,Y,354.0,,TYR,True,1220,1221,four_layer_exact,high,0.9835164835164835,0.4025607638888889,1.4280767284554827,0.016483516483516536,Y,F;L;Y,matches_consensus,True,False,
6E9F,A,VI-D,354,355,K,289.0,K,355.0,,LYS,True,1238,1239,four_layer_exact,high,0.8076923076923077,0.16176470588235292,2.468053632903694,0.1923076923076923,D,D;E;G;K;N;P;R;S;T,differs_from_consensus,True,True,scaffold_differs_from_msa_consensus
6E9F,A,VI-D,355,356,N,290.0,N,356.0,,ASN,True,1239,1240,four_layer_exact,high,0.8406593406593407,0.21288515406162464,2.2749309544108747,0.15934065934065933,D,D;E;K;L;N;P;S,differs_from_consensus,True,True,scaffold_differs_from_msa_consensus
6E9F,A,VI-D,356,357,T,291.0,T,357.0,,THR,True,1244,1245,four_layer_exact,high,0.8956043956043956,0.3515625,2.327869116409754,0.10439560439560436,E,A;D;E;K;S,differs_from_consensus,True,True,scaffold_differs_from_msa_consensus
6E9F,A,VI-D,357,358,D,292.0,D,358.0,,ASP,True,1245,1246,four_layer_exact,high,0.9010989010989011,0.2248062015503876,2.230511985753227,0.09890109890109888,E,D;E;K;N;Q;S,differs_from_consensus,True,True,scaffold_differs_from_msa_consensus
6E9F,A,VI-D,358,359,I,293.0,I,359.0,,ILE,True,1246,1247,four_layer_exact,high,0.9010989010989011,0.3798449612403101,2.2984176260791895,0.09890109890109888,K,F;K;L;Q;R,differs_from_consensus,True,True,scaffold_differs_from_msa_consensus
6E9F,A,VI-D,359,360,A,294.0,A,360.0,,ALA,True,1247,1248,four_layer_exact,high,0.967032967032967,0.2907801418439716,2.2156108668266676,0.03296703296703296,K,A;D;E;K;N,differs_from_consensus,True,True,scaffold_differs_from_msa_consensus
6E9F,A,VI-D,360,361,E,295.0,E,361.0,,GLU,True,1248,1249,four_layer_exact,high,0.978021978021978,0.26573426573426573,2.210779940638721,0.02197802197802201,E,A;D;E;K;N;Q;T,matches_consensus,True,False,
6E9F,A,VI-D,361,362,L,296.0,L,362.0,,LEU,True,1255,1256,four_layer_exact,high,1.0,0.5034013605442177,1.4518623197294174,0.0,L,I;L;V,matches_consensus,True,False,
6E9F,A,VI-D,362,363,V,297.0,V,363.0,,VAL,True,1256,1257,four_layer_exact,high,1.0,0.29931972789115646,1.9395287444864753,0.0,A,A;I;L;T;V,differs_from_consensus,True,True,scaffold_differs_from_msa_consensus
6E9F,A,VI-D,363,364,R,298.0,R,364.0,,ARG,True,1257,1258,four_layer_exact,high,1.0,0.2585034013605442,2.084442976404572,0.0,R,E;K;N;Q;R,matches_consensus,True,False,
6E9F,A,VI-D,364,365,S,299.0,S,365.0,,SER,True,1258,1259,four_layer_exact,high,1.0,0.32653061224489793,2.0622700135974417,0.0,E,A;D;E;K;L;Q,differs_from_consensus,True,True,scaffold_differs_from_msa_consensus
6E9F,A,VI-D,365,366,Y,300.0,Y,366.0,,TYR,True,1259,1260,four_layer_exact,high,1.0,0.8299319727891157,0.5763658118470587,0.0,Y,F;Y,matches_consensus,True,False,
6E9F,A,VI-D,366,367,Y,301.0,Y,367.0,,TYR,True,1260,1261,four_layer_exact,high,1.0,0.8639455782312925,0.5195563462488444,0.0,Y,F;Y,matches_consensus,True,False,
6E9F,A,VI-D,367,368,E,302.0,E,368.0,,GLU,True,1261,1262,four_layer_exact,high,1.0,0.3877551020408163,1.9020060843287694,0.0,D,D;E;K;N;R,differs_from_consensus,True,True,scaffold_differs_from_msa_consensus
6E9F,A,VI-D,368,369,F,303.0,F,369.0,,PHE,True,1262,1263,four_layer_exact,high,1.0,0.8231292517006803,0.6533785638727668,0.0,F,F;L;Y,matches_consensus,True,False,
6E9F,A,VI-D,369,370,L,304.0,L,370.0,,LEU,True,1263,1264,four_layer_exact,high,1.0,0.23809523809523808,1.9716622477744783,0.0,I,A;I;L;S;T;V,differs_from_consensus,True,True,scaffold_differs_from_msa_consensus
6E9F,A,VI-D,370,371,I,305.0,I,371.0,,ILE,True,1264,1265,four_layer_exact,high,1.0,0.5238095238095238,1.256953151755419,0.0,V,I;V,differs_from_consensus,True,True,scaffold_differs_from_msa_consensus
6E9F,A,VI-D,371,372,T,306.0,T,372.0,,THR,True,1265,1266,four_layer_exact,high,1.0,0.23129251700680273,2.29246263815805,0.0,L,K;L;R;T;V,differs_from_consensus,True,True,scaffold_differs_from_msa_consensus
6E9F,A,VI-D,372,373,K,307.0,K,373.0,,LYS,True,1266,1267,four_layer_exact,high,1.0,0.8979591836734694,0.5457328038407442,0.0,K,K,matches_consensus,True,False,
6E9F,A,VI-D,373,374,K,308.0,K,374.0,,LYS,True,1267,1268,four_layer_exact,high,1.0,0.35374149659863946,2.046123816334197,0.0,E,D;E;K;N;Q;S;T,differs_from_consensus,True,True,scaffold_differs_from_msa_consensus
6E9F,A,VI-D,374,375,Y,309.0,Y,375.0,,TYR,True,1268,1269,four_layer_exact,high,1.0,0.3333333333333333,2.0479296015683297,0.0,Y,D;G;H;N;Q;Y,matches_consensus,True,False,
6E9F,A,VI-D,375,376,K,310.0,K,376.0,,LYS,True,1270,1271,four_layer_exact,high,1.0,0.8299319727891157,0.7833546044022643,0.0,K,K,matches_consensus,True,False,
6E9F,A,VI-D,376,377,N,311.0,N,377.0,,ASN,True,1271,1272,four_layer_exact,high,1.0,0.8979591836734694,0.5098511654738686,0.0,N,N,matches_consensus,True,False,
6E9F,A,VI-D,377,378,M,312.0,M,378.0,,MET,True,1272,1273,four_layer_exact,high,1.0,0.47619047619047616,1.4215496408747055,0.0,L,I;L;M,differs_from_consensus,True,True,scaffold_differs_from_msa_consensus
6E9F,A,VI-D,378,379,G,313.0,G,379.0,,GLY,True,1273,1274,four_layer_exact,high,1.0,0.9931972789115646,0.04072805093236134,0.0,G,G,matches_consensus,True,False,
6E9F,A,VI-D,379,380,F,314.0,F,380.0,,PHE,True,1274,1275,four_layer_exact,high,1.0,0.673469387755102,1.024525939789765,0.0,F,F;I;L;V,matches_consensus,True,False,
6E9F,A,VI-D,380,381,S,315.0,S,381.0,,SER,True,1275,1276,four_layer_exact,high,1.0,0.6802721088435374,0.8701824883160747,0.0,S,N;S,matches_consensus,True,False,
6E9F,A,VI-D,381,382,I,316.0,I,382.0,,ILE,True,1276,1277,four_layer_exact,high,1.0,0.4897959183673469,1.4029766224170415,0.0,I,I;L;V,matches_consensus,True,False,
6E9F,A,VI-D,382,383,K,317.0,K,383.0,,LYS,True,1277,1278,four_layer_exact,high,1.0,0.6326530612244898,1.231637905784032,0.0,K,K;R;T,matches_consensus,True,False,
6E9F,A,VI-D,383,384,K,318.0,K,384.0,,LYS,True,1278,1279,four_layer_exact,high,1.0,0.5374149659863946,1.6664890810719153,0.0,K,K;L;R;T,matches_consensus,True,False,
6E9F,A,VI-D,384,385,L,319.0,L,385.0,,LEU,True,1279,1280,four_layer_exact,high,1.0,0.7074829931972789,0.9403957543104906,0.0,L,I;L;V,matches_consensus,True,False,
6E9F,A,VI-D,385,386,R,320.0,R,386.0,,ARG,True,1280,1281,four_layer_exact,high,1.0,0.9183673469387755,0.3724215158765141,0.0,R,K;R,matches_consensus,True,False,
6E9F,A,VI-D,386,387,E,321.0,E,387.0,,GLU,True,1281,1282,four_layer_exact,high,1.0,0.9387755102040817,0.3329962617527603,0.0,E,E,matches_consensus,True,False,
6E9F,A,VI-D,387,388,S,322.0,S,388.0,,SER,True,1282,1283,four_layer_exact,high,0.9835164835164835,0.15299479166666666,2.6583769167918456,0.016483516483516536,I,A;C;E;I;K;L;N;Q;S;T,differs_from_consensus,True,True,scaffold_differs_from_msa_consensus
6E9F,A,VI-D,388,389,M,323.0,M,389.0,,MET,True,1283,1284,four_layer_exact,high,0.9835164835164835,0.388671875,1.4537946797931418,0.016483516483516536,M,I;L;M,matches_consensus,True,False,
6E9F,A,VI-D,389,390,L,324.0,L,390.0,,LEU,True,1284,1285,four_layer_exact,high,0.989010989010989,0.4896551724137931,1.4849654532787977,0.01098901098901095,L,F;I;L;V,matches_consensus,True,False,
6E9F,A,VI-D,390,391,E,325.0,E,391.0,,GLU,True,1285,1286,four_layer_exact,high,0.967032967032967,0.32151300236406616,2.0545554518651894,0.03296703296703296,E,A;D;E;K;T,matches_consensus,True,False,
6E9F,A,VI-D,391,392,G,326.0,G,392.0,,GLY,True,1286,1287,four_layer_exact,high,0.9505494505494505,0.18571428571428572,2.6199475077964154,0.0494505494505495,L,D;E;I;K;L;N;Q;R;S,differs_from_consensus,True,True,scaffold_differs_from_msa_consensus
6E9F,A,VI-D,392,393,K,327.0,K,393.0,,LYS,True,1294,1295,four_layer_exact,high,0.6648351648351648,0.21839080459770116,2.2766275839962753,0.3351648351648352,P,D;E;K;P;S;T,differs_from_consensus,False,True,scaffold_differs_from_msa_consensus
6E9F,A,VI-D,393,394,G,328.0,G,394.0,,GLY,True,1295,1296,four_layer_exact,high,0.7527472527472527,0.27214805825242716,2.300478646670668,0.24725274725274726,E,D;E;G;N;Q;Y,differs_from_consensus,False,True,scaffold_differs_from_msa_consensus
6E9F,A,VI-D,394,395,Y,329.0,Y,395.0,,TYR,True,1296,1297,four_layer_exact,high,0.7527472527472527,0.36893203883495146,2.0793457834291,0.24725274725274726,A,A;F;G;L;Y,differs_from_consensus,False,True,scaffold_differs_from_msa_consensus
6E9F,A,VI-D,395,396,A,330.0,A,396.0,,ALA,True,1297,1298,four_layer_exact,high,0.7637362637362637,0.2,2.495497538984417,0.2362637362637363,S,A;E;K;N;P;Q;S;T,differs_from_consensus,False,True,scaffold_differs_from_msa_consensus
6E9F,A,VI-D,396,397,D,331.0,D,397.0,,ASP,True,1318,1319,four_layer_exact,high,0.9505494505494505,0.4364508393285372,1.726737219707108,0.0494505494505495,D,D;E;G;N;S,matches_consensus,True,False,
6E9F,A,VI-D,397,398,K,332.0,K,398.0,,LYS,True,1319,1320,four_layer_exact,high,0.9505494505494505,0.4170413669064748,1.9166068960674483,0.0494505494505495,K,D;E;K;N;Q;T,matches_consensus,True,False,
6E9F,A,VI-D,398,399,E,333.0,E,399.0,,GLU,True,1320,1321,four_layer_exact,high,0.945054945054945,0.29008152173913043,2.26751313735381,0.05494505494505497,K,D;E;K;Q;S,differs_from_consensus,True,True,scaffold_differs_from_msa_consensus
6E9F,A,VI-D,399,400,Y,334.0,Y,400.0,,TYR,True,1328,1329,four_layer_exact,high,0.9835164835164835,0.5763888888888888,1.5655954542862445,0.016483516483516536,Y,F;H;L;M;Y,matches_consensus,True,False,
6E9F,A,VI-D,400,401,D,335.0,D,401.0,,ASP,True,1329,1330,four_layer_exact,high,0.989010989010989,0.7034482758620689,0.9771299884301745,0.01098901098901095,D,D;N;S,matches_consensus,True,False,
6E9F,A,VI-D,401,402,S,336.0,S,402.0,,SER,True,1339,1340,four_layer_exact,high,1.0,0.5644132653061225,1.3492588774272718,0.0,S,N;S;T,matches_consensus,True,False,
6E9F,A,VI-D,402,403,V,337.0,V,403.0,,VAL,True,1340,1341,four_layer_exact,high,1.0,0.4217687074829932,1.9251991179954837,0.0,V,C;F;I;V;Y,matches_consensus,True,False,
6E9F,A,VI-D,403,404,R,338.0,R,404.0,,ARG,True,1341,1342,four_layer_exact,high,1.0,0.891156462585034,0.447573497919058,0.0,R,K;R,matches_consensus,True,False,
6E9F,A,VI-D,404,405,N,339.0,N,405.0,,ASN,True,1342,1343,four_layer_exact,high,1.0,0.42857142857142855,1.8646521770095155,0.0,S,G;H;N;Q;S,differs_from_consensus,True,True,scaffold_differs_from_msa_consensus
6E9F,A,VI-D,405,406,K,340.0,K,406.0,,LYS,True,1343,1344,four_layer_exact,high,1.0,0.8843537414965986,0.5502227380803095,0.0,K,K;R,matches_consensus,True,False,
6E9F,A,VI-D,406,407,L,341.0,L,407.0,,LEU,True,1344,1345,four_layer_exact,high,1.0,0.6326530612244898,1.2602980918772664,0.0,L,F;I;L;M,matches_consensus,True,False,
6E9F,A,VI-D,407,408,Y,342.0,Y,408.0,,TYR,True,1345,1346,four_layer_exact,high,1.0,0.7414965986394558,0.8412463775084362,0.0,Y,N;Y,matches_consensus,True,False,
6E9F,A,VI-D,408,409,Q,343.0,Q,409.0,,GLN,True,1346,1347,four_layer_exact,high,1.0,0.2789115646258503,2.131463212267474,0.0,K,K;Q;R;S;T,differs_from_consensus,True,True,scaffold_differs_from_msa_consensus
6E9F,A,VI-D,409,410,M,344.0,M,410.0,,MET,True,1347,1348,four_layer_exact,high,1.0,0.4421768707482993,1.7099606389579318,0.0,L,F;I;L;M;V,differs_from_consensus,True,True,scaffold_differs_from_msa_consensus
6E9F,A,VI-D,410,411,T,345.0,T,411.0,,THR,True,1348,1349,four_layer_exact,high,1.0,0.272108843537415,1.916129955052642,0.0,I,F;I;L;M;T,differs_from_consensus,True,True,scaffold_differs_from_msa_consensus
6E9F,A,VI-D,411,412,D,346.0,D,412.0,,ASP,True,1349,1350,four_layer_exact,high,1.0,0.8299319727891157,0.7323686358194832,0.0,D,D;N,matches_consensus,True,False,
6E9F,A,VI-D,412,413,F,347.0,F,413.0,,PHE,True,1350,1351,four_layer_exact,high,1.0,0.8775510204081632,0.41449031412831394,0.0,F,F;Y,matches_consensus,True,False,
6E9F,A,VI-D,413,414,I,348.0,I,414.0,,ILE,True,1351,1352,four_layer_exact,high,1.0,0.29931972789115646,1.8451094753767683,0.0,I,A;C;I;L;M;V,matches_consensus,True,False,
6E9F,A,VI-D,414,415,L,349.0,L,415.0,,LEU,True,1352,1353,four_layer_exact,high,1.0,0.5850340136054422,0.8941066555717766,0.0,I,I;L,differs_from_consensus,True,True,scaffold_differs_from_msa_consensus
6E9F,A,VI-D,415,416,Y,350.0,Y,416.0,,TYR,True,1353,1354,four_layer_exact,high,1.0,0.4897959183673469,1.630093046751539,0.0,Y,F;V;W;Y,matches_consensus,True,False,
6E9F,A,VI-D,416,417,T,351.0,T,417.0,,THR,True,1354,1355,four_layer_exact,high,0.9945054945054945,0.23309075342465754,2.197380744921965,0.005494505494505475,R,D;H;K;R;Y,differs_from_consensus,True,True,scaffold_differs_from_msa_consensus
6E9F,A,VI-D,417,418,G,352.0,G,418.0,,GLY,True,1355,1356,four_layer_exact,high,0.989010989010989,0.3586206896551724,2.3468570009870247,0.01098901098901095,Y,E;G;H;Y,differs_from_consensus,True,True,scaffold_differs_from_msa_consensus
6E9F,A,VI-D,418,419,Y,353.0,Y,419.0,,TYR,True,1356,1357,four_layer_exact,high,0.989010989010989,0.5103448275862069,1.398364346465243,0.01098901098901095,Y,F;I;L;Y,matches_consensus,True,False,
6E9F,A,VI-D,419,420,I,354.0,I,420.0,,ILE,True,1357,1358,four_layer_exact,high,0.9725274725274725,0.15492957746478872,2.6150961546718117,0.027472527472527486,K,E;I;K;L;N;R;S;T;V,differs_from_consensus,True,True,scaffold_differs_from_msa_consensus
6E9F,A,VI-D,420,421,N,355.0,N,421.0,,ASN,True,1363,1364,four_layer_exact,high,0.3516483516483517,0.15151515151515152,2.2629354538632005,0.6483516483516483,T,H;K;N;R;S;T;V;Y,differs_from_consensus,False,True,scaffold_differs_from_msa_consensus
6E9F,A,VI-D,421,422,E,356.0,E,422.0,,GLU,True,1364,1365,four_layer_exact,high,0.8406593406593407,0.23702330508474576,2.2794906108007345,0.15934065934065933,E,D;E;K;N;Q;S,matches_consensus,True,False,
6E9F,A,VI-D,422,423,D,357.0,D,423.0,,ASP,True,1378,1379,four_layer_exact,high,0.9560439560439561,0.2568195443645084,2.1486389561885093,0.04395604395604391,N,D;E;H;K;N;R;S,differs_from_consensus,True,True,scaffold_differs_from_msa_consensus
6E9F,A,VI-D,423,424,S,358.0,S,424.0,,SER,True,1379,1380,four_layer_exact,high,0.9340659340659341,0.2,2.290201628033181,0.06593406593406592,P,A;D;E;K;N;P;Q;S,differs_from_consensus,True,True,scaffold_differs_from_msa_consensus
6E9F,A,VI-D,424,425,D,359.0,D,425.0,,ASP,True,1380,1381,four_layer_exact,high,0.8241758241758241,0.3046195652173913,2.126673938915689,0.17582417582417587,E,A;D;E;G;K;N;S,differs_from_consensus,True,True,scaffold_differs_from_msa_consensus
6E9F,A,VI-D,425,426,R,360.0,R,426.0,,ARG,True,1382,1383,four_layer_exact,high,0.8186813186813187,0.2807017543859649,2.2104926532452183,0.18131868131868134,K,E;K;Q;R,differs_from_consensus,True,True,scaffold_differs_from_msa_consensus
6E9F,A,VI-D,426,427,A,361.0,A,427.0,,ALA,True,1441,1442,four_layer_exact,high,0.9010989010989011,0.2692307692307692,2.2293803660384617,0.09890109890109888,A,A;I;L;S;V,matches_consensus,True,False,
6E9F,A,VI-D,427,428,D,362.0,D,428.0,,ASP,True,1443,1444,four_layer_exact,high,1.0,0.30137471655328796,2.0156646799666533,0.0,D,D;E;N;Q;S,matches_consensus,True,False,
6E9F,A,VI-D,428,429,D,363.0,D,429.0,,ASP,True,1444,1445,four_layer_exact,high,1.0,0.25170068027210885,2.3454829593119575,0.0,E,A;D;E;K;N;Q;R;S,differs_from_consensus,True,True,scaffold_differs_from_msa_consensus
6E9F,A,VI-D,429,430,L,364.0,L,430.0,,LEU,True,1445,1446,four_layer_exact,high,1.0,0.2925170068027211,2.0303833825336195,0.0,L,F;I;L;M;N;T;Y,matches_consensus,True,False,
6E9F,A,VI-D,430,431,V,365.0,V,431.0,,VAL,True,1446,1447,four_layer_exact,high,1.0,0.7346938775510204,1.0135608409881667,0.0,V,I;V,matches_consensus,True,False,
6E9F,A,VI-D,431,432,N,366.0,N,432.0,,ASN,True,1447,1448,four_layer_exact,high,1.0,0.23129251700680273,2.2179089351191426,0.0,E,A;D;E;N;S,differs_from_consensus,True,True,scaffold_differs_from_msa_consensus
6E9F,A,VI-D,432,433,T,367.0,T,433.0,,THR,True,1448,1449,four_layer_exact,high,1.0,0.23809523809523808,2.461115116554963,0.0,K,A;D;E;K;Q;R;S,differs_from_consensus,True,True,scaffold_differs_from_msa_consensus
6E9F,A,VI-D,433,434,L,368.0,L,434.0,,LEU,True,1449,1450,four_layer_exact,high,1.0,1.0,-0.0,0.0,L,L,matches_consensus,True,False,
6E9F,A,VI-D,434,435,R,369.0,R,435.0,,ARG,True,1450,1451,four_layer_exact,high,1.0,0.9319727891156463,0.36386243421617015,0.0,R,R,matches_consensus,True,False,
6E9F,A,VI-D,435,436,S,370.0,S,436.0,,SER,True,1451,1452,four_layer_exact,high,1.0,0.3469387755102041,2.235741102985488,0.0,A,A;G;L;S,differs_from_consensus,True,True,scaffold_differs_from_msa_consensus
6E9F,A,VI-D,436,437,S,371.0,S,437.0,,SER,True,1452,1453,four_layer_exact,high,0.9945054945054945,0.2646261415525114,1.9112159641758841,0.005494505494505475,S,A;C;N;S;T,matches_consensus,True,False,
6E9F,A,VI-D,437,438,L,372.0,L,438.0,,LEU,True,1453,1454,four_layer_exact,high,1.0,0.19727891156462585,2.5733659055577522,0.0,L,A;E;I;L;M;Q;T;V,matches_consensus,True,False,
6E9F,A,VI-D,438,439,K,373.0,K,439.0,,LYS,True,1463,1464,four_layer_exact,high,0.989010989010989,0.23448275862068965,2.1566729463705903,0.01098901098901095,S,D;G;N;S;T,differs_from_consensus,True,True,scaffold_differs_from_msa_consensus
6E9F,A,VI-D,439,440,E,374.0,E,440.0,,GLU,True,1464,1465,four_layer_exact,high,0.989010989010989,0.47586206896551725,1.2142240834917555,0.01098901098901095,E,D;E,matches_consensus,True,False,
6E9F,A,VI-D,440,441,D,375.0,D,441.0,,ASP,True,1465,1466,four_layer_exact,high,0.978021978021978,0.5128205128205128,1.7173787131873783,0.02197802197802201,E,A;D;E,differs_from_consensus,True,True,scaffold_differs_from_msa_consensus
6E9F,A,VI-D,441,442,D,376.0,D,442.0,,ASP,True,1481,1482,four_layer_exact,high,0.9615384615384616,0.39285714285714285,1.8100121644774785,0.038461538461538436,E,A;D;E;G;Q,differs_from_consensus,True,True,scaffold_differs_from_msa_consensus
6E9F,A,VI-D,442,443,K,377.0,K,443.0,,LYS,True,1483,1484,four_layer_exact,high,1.0,0.9251700680272109,0.3108673782336407,0.0,K,K;R,matches_consensus,True,False,
6E9F,A,VI-D,443,444,T,378.0,T,444.0,,THR,True,1484,1485,four_layer_exact,high,1.0,0.4557823129251701,1.7742692619317308,0.0,E,D;E;K,differs_from_consensus,True,True,scaffold_differs_from_msa_consensus
6E9F,A,VI-D,444,445,T,379.0,T,445.0,,THR,True,1493,1494,four_layer_exact,high,1.0,0.16326530612244897,2.5690933420424202,0.0,A,A;D;E;K;N;Q;R;S,differs_from_consensus,True,True,scaffold_differs_from_msa_consensus
6E9F,A,VI-D,445,446,V,380.0,V,446.0,,VAL,True,1494,1495,four_layer_exact,high,1.0,0.42857142857142855,1.7428869139002894,0.0,I,A;F;I;L;V,differs_from_consensus,True,True,scaffold_differs_from_msa_consensus
6E9F,A,VI-D,446,447,Y,381.0,Y,447.0,,TYR,True,1495,1496,four_layer_exact,high,1.0,1.0,-0.0,0.0,Y,Y,matches_consensus,True,False,
6E9F,A,VI-D,447,448,C,382.0,C,448.0,,CYS,True,1496,1497,four_layer_exact,high,1.0,0.14285714285714285,2.5809512589923322,0.0,R,A;D;E;I;K;L;N;Q;R;S,differs_from_consensus,True,True,scaffold_differs_from_msa_consensus
6E9F,A,VI-D,448,449,K,383.0,K,449.0,,LYS,True,1497,1498,four_layer_exact,high,1.0,0.14965986394557823,2.369323817968326,0.0,E,A;D;E;K;N;Q;R;S,differs_from_consensus,True,True,scaffold_differs_from_msa_consensus
6E9F,A,VI-D,449,450,E,384.0,E,450.0,,GLU,True,1498,1499,four_layer_exact,high,1.0,0.4217687074829932,1.9739928392220103,0.0,E,A;E;F;I;L;Y,matches_consensus,True,False,
6E9F,A,VI-D,450,451,A,385.0,A,451.0,,ALA,True,1503,1504,four_layer_exact,high,1.0,0.8435374149659864,0.704003828144631,0.0,A,A;S,matches_consensus,True,False,
6E9F,A,VI-D,451,452,D,386.0,D,452.0,,ASP,True,1504,1505,four_layer_exact,high,1.0,0.21315192743764172,2.3213737058840342,0.0,E,A;D;E;K;N;R;S,differs_from_consensus,True,True,scaffold_differs_from_msa_consensus
6E9F,A,VI-D,452,453,Y,387.0,Y,453.0,,TYR,True,1505,1506,four_layer_exact,high,1.0,0.19727891156462585,2.6254323338770935,0.0,R,A;D;E;I;K;R;S,differs_from_consensus,True,True,scaffold_differs_from_msa_consensus
6E9F,A,VI-D,453,454,L,388.0,L,454.0,,LEU,True,1506,1507,four_layer_exact,high,0.9945054945054945,0.4246575342465753,1.732594913941025,0.005494505494505475,L,F;I;L;V,matches_consensus,True,False,
6E9F,A,VI-D,454,455,W,389.0,W,455.0,,TRP,True,1512,1513,four_layer_exact,high,0.945054945054945,0.561815693430657,1.6265565502127437,0.05494505494505497,W,A;F;K;W;Y,matches_consensus,True,False,
6E9F,A,VI-D,455,456,K,390.0,K,456.0,,LYS,True,1513,1514,four_layer_exact,high,0.9340659340659341,0.17777777777777778,2.491302523823853,0.06593406593406592,N,A;D;E;K;N;P;S,differs_from_consensus,True,True,scaffold_differs_from_msa_consensus
6E9F,A,VI-D,456,457,K,391.0,K,457.0,,LYS,True,1514,1515,four_layer_exact,high,0.9505494505494505,0.2028985507246377,2.4104156145397626,0.0494505494505495,K,A;D;E;K;R;S,matches_consensus,True,False,
6E9F,A,VI-D,457,458,Y,392.0,Y,458.0,,TYR,True,1558,1559,four_layer_exact,high,0.978021978021978,0.2727272727272727,2.1448269525385713,0.02197802197802201,L,F;I;L;N;V;Y,differs_from_consensus,True,True,scaffold_differs_from_msa_consensus
6E9F,A,VI-D,458,459,R,393.0,R,459.0,,ARG,True,1559,1560,four_layer_exact,high,0.978021978021978,0.25874125874125875,2.078267806016698,0.02197802197802201,K,E;G;K;R;S,differs_from_consensus,True,True,scaffold_differs_from_msa_consensus
6E9F,A,VI-D,459,460,E,394.0,E,460.0,,GLU,True,1560,1561,four_layer_exact,high,0.9725274725274725,0.24647887323943662,2.3370759136951706,0.027472527472527486,D,D;E;G;K;N;S,differs_from_consensus,True,True,scaffold_differs_from_msa_consensus
6E9F,A,VI-D,460,461,S,395.0,S,461.0,,SER,True,1612,1613,four_layer_exact,high,0.9615384615384616,0.15,2.6274251197114253,0.038461538461538436,K,A;D;I;K;L;P;Q;R;S;T;V,differs_from_consensus,True,True,scaffold_differs_from_msa_consensus
6E9F,A,VI-D,461,462,I,396.0,I,462.0,,ILE,True,1613,1614,four_layer_exact,high,0.9835164835164835,0.3125,1.6765038569311987,0.016483516483516536,I,F;I;L;V,matches_consensus,True,False,
6E9F,A,VI-D,462,463,R,397.0,R,463.0,,ARG,True,1615,1616,four_layer_exact,high,0.945054945054945,0.18115942028985507,2.493729977501687,0.05494505494505497,N,A;D;E;K;L;N;Q;R,differs_from_consensus,True,True,scaffold_differs_from_msa_consensus
6E9F,A,VI-D,463,464,E,398.0,E,464.0,,GLU,True,1616,1617,four_layer_exact,high,0.9340659340659341,0.21346507352941177,2.6291662866310275,0.06593406593406592,K,D;E;K;N;R;S;T;Y,differs_from_consensus,True,True,scaffold_differs_from_msa_consensus
6E9F,A,VI-D,464,465,V,399.0,V,465.0,,VAL,True,1617,1618,four_layer_exact,high,0.945054945054945,0.2608695652173913,2.1771218718041907,0.05494505494505497,I,A;F;I;L;M;V,differs_from_consensus,True,True,scaffold_differs_from_msa_consensus
6E9F,A,VI-D,465,466,A,400.0,A,466.0,,ALA,True,1618,1619,four_layer_exact,high,0.8846153846153846,0.2047244094488189,2.4295383116632627,0.11538461538461542,L,A;C;I;K;L;V,differs_from_consensus,True,True,scaffold_differs_from_msa_consensus
6E9F,A,VI-D,466,467,D,401.0,D,467.0,,ASP,True,1619,1620,four_layer_exact,high,0.8736263736263736,0.24,2.2729373170800193,0.12637362637362637,P,D;E;K;N;P;S,differs_from_consensus,True,True,scaffold_differs_from_msa_consensus
6E9F,A,VI-D,467,468,A,402.0,A,468.0,,ALA,True,1620,1621,four_layer_exact,high,0.8571428571428571,0.12269467213114754,2.6848771729341925,0.1428571428571429,A,A;K;L;M;Q;R;S,matches_consensus,True,False,
6E9F,A,VI-D,468,469,L,403.0,L,469.0,,LEU,True,1621,1622,four_layer_exact,high,0.8571428571428571,0.22131147540983606,1.9900906288311284,0.1428571428571429,L,F;I;L;M;V,matches_consensus,True,False,
6E9F,A,VI-D,469,470,D,404.0,D,470.0,,ASP,True,1642,1643,four_layer_exact,high,0.8131868131868132,0.3274336283185841,2.0235842718943307,0.18681318681318682,N,D;E;K;N;S,differs_from_consensus,True,True,scaffold_differs_from_msa_consensus
6E9F,A,VI-D,470,471,G,405.0,G,471.0,,GLY,True,1643,1644,four_layer_exact,high,0.6868131868131868,0.5420138888888889,1.5542509616949942,0.3131868131868132,G,A;E;G;K,matches_consensus,False,False,
6E9F,A,VI-D,471,472,D,406.0,D,472.0,,ASP,True,1649,1650,four_layer_exact,high,0.6703296703296703,0.29920977011494254,2.234683528872811,0.3296703296703297,K,A;D;K;N;S,differs_from_consensus,False,True,scaffold_differs_from_msa_consensus
6E9F,A,VI-D,472,473,N,407.0,N,473.0,,ASN,True,1650,1651,four_layer_exact,high,0.6703296703296703,0.2640086206896552,2.3083275238481704,0.3296703296703297,N,A;E;K;N;S;T;Y,matches_consensus,False,False,
6E9F,A,VI-D,473,474,I,408.0,I,474.0,,ILE,True,1698,1699,four_layer_exact,high,0.7637362637362637,0.73046875,0.906308675562731,0.2362637362637363,I,I;L;V,matches_consensus,False,False,
6E9F,A,VI-D,474,475,K,409.0,K,475.0,,LYS,True,1713,1714,four_layer_exact,high,0.9505494505494505,0.5434782608695652,1.6373027553552315,0.0494505494505495,K,E;K;Q;R;S,matches_consensus,True,False,
6E9F,A,VI-D,475,476,K,410.0,K,476.0,,LYS,True,1715,1716,four_layer_exact,high,0.9395604395604396,0.19852941176470587,2.2649299702020453,0.06043956043956045,E,D;E;G;K;N;Q,differs_from_consensus,True,True,scaffold_differs_from_msa_consensus
6E9F,A,VI-D,476,477,L,411.0,L,477.0,,LEU,True,1716,1717,four_layer_exact,high,0.9395604395604396,0.2867647058823529,2.259406732441456,0.06043956043956045,L,A;F;I;K;L;M;V;Y,matches_consensus,True,False,
6E9F,A,VI-D,477,478,S,412.0,S,478.0,,SER,True,1717,1718,four_layer_exact,high,0.9340659340659341,0.2298611111111111,2.4768306474043302,0.06593406593406592,K,D;E;K;N;Q;R;S;T,differs_from_consensus,True,True,scaffold_differs_from_msa_consensus
6E9F,A,VI-D,478,479,K,413.0,K,479.0,,LYS,True,1718,1719,four_layer_exact,high,0.9175824175824175,0.3169981060606061,2.3218871680824935,0.08241758241758246,K,A;D;G;K;N;P;R;S,matches_consensus,True,False,
6E9F,A,VI-D,479,480,S,414.0,S,480.0,,SER,True,1719,1720,four_layer_exact,high,0.7197802197802198,0.23469387755102042,2.2606185232570297,0.2802197802197802,D,D;E;K;N;R;S,differs_from_consensus,False,True,scaffold_differs_from_msa_consensus
6E9F,A,VI-D,480,481,N,415.0,N,481.0,,ASN,True,1720,1721,four_layer_exact,high,0.6868131868131868,0.22826086956521738,2.501347899829055,0.3131868131868132,K,D;E;G;H;K;N;P;S,differs_from_consensus,False,True,scaffold_differs_from_msa_consensus
6E9F,A,VI-D,481,482,I,416.0,I,482.0,,ILE,True,1721,1722,four_layer_exact,high,0.6263736263736264,0.14814814814814814,2.7165792703980234,0.37362637362637363,D,D;E;I;K;L;S;T;V,differs_from_consensus,False,True,scaffold_differs_from_msa_consensus
6E9F,A,VI-D,482,483,E,417.0,E,483.0,,GLU,True,1722,1723,four_layer_exact,high,0.4230769230769231,0.2391304347826087,2.403212749310924,0.5769230769230769,S,D;E;I;K;S;V,differs_from_consensus,False,True,scaffold_differs_from_msa_consensus
6E9F,A,VI-D,483,484,I,418.0,I,484.0,,ILE,True,1779,1780,four_layer_exact,high,0.9120879120879121,0.3435114503816794,1.9320333962666139,0.08791208791208793,F,F;I;L;V;Y,differs_from_consensus,True,True,scaffold_differs_from_msa_consensus
6E9F,A,VI-D,484,485,Q,419.0,Q,485.0,,GLN,True,1780,1781,four_layer_exact,high,0.9340659340659341,0.2518518518518518,2.1702756729707864,0.06593406593406592,K,A;D;K;N;P;R;S;T,differs_from_consensus,True,True,scaffold_differs_from_msa_consensus
6E9F,A,VI-D,485,486,E,420.0,E,486.0,,GLU,True,1792,1793,four_layer_exact,high,0.6813186813186813,0.3642361111111111,1.915310982998874,0.31868131868131866,E,D;E;G;K;N;S,matches_consensus,False,False,
6E9F,A,VI-D,486,487,D,421.0,D,487.0,,ASP,True,1799,1800,four_layer_exact,high,0.4725274725274725,0.23270440251572327,2.5025146555781848,0.5274725274725275,I,F;G;I;K;L;N;S;V,differs_from_consensus,False,True,scaffold_differs_from_msa_consensus
6E9F,A,VI-D,487,488,K,422.0,K,488.0,,LYS,True,1800,1801,four_layer_exact,high,0.9065934065934066,0.14447115384615383,2.631169441935095,0.09340659340659341,K,A;D;E;K;M;Q;S;V,matches_consensus,True,False,
6E9F,A,VI-D,488,489,L,423.0,L,489.0,,LEU,True,1801,1802,four_layer_exact,high,0.9285714285714286,0.35074626865671643,1.6554692045209036,0.0714285714285714,L,F;I;L;V,matches_consensus,True,False,
6E9F,A,VI-D,489,490,R,424.0,R,490.0,,ARG,True,1818,1819,four_layer_exact,high,0.9010989010989011,0.3023255813953488,2.0708367394739287,0.09890109890109888,E,D;E;N;P;S,differs_from_consensus,True,True,scaffold_differs_from_msa_consensus
6E9F,A,VI-D,490,491,K,425.0,K,491.0,,LYS,True,1819,1820,four_layer_exact,high,0.9010989010989011,0.1937984496124031,2.2989603811603,0.09890109890109888,E,A;D;E;G;K;N;S,differs_from_consensus,True,True,scaffold_differs_from_msa_consensus
6E9F,A,VI-D,491,492,C,426.0,C,492.0,,CYS,True,1820,1821,four_layer_exact,high,0.8791208791208791,0.25661375661375657,2.348692044329717,0.1208791208791209,I,I;L;V;Y,differs_from_consensus,True,True,scaffold_differs_from_msa_consensus
6E9F,A,VI-D,492,493,F,427.0,F,493.0,,PHE,True,1851,1852,four_layer_exact,high,0.5494505494505495,0.16417910447761194,2.7773561777617393,0.4505494505494505,V,A;C;G;L;T;V,differs_from_consensus,False,True,scaffold_differs_from_msa_consensus
6E9F,A,VI-D,493,494,I,428.0,I,494.0,,ILE,True,1852,1853,four_layer_exact,high,0.6318681318681318,0.19166666666666665,2.477836666832085,0.36813186813186816,K,A;F;I;K;L;M;R;S;V,differs_from_consensus,False,True,scaffold_differs_from_msa_consensus
6E9F,A,VI-D,494,495,S,429.0,S,495.0,,SER,True,1853,1854,four_layer_exact,high,0.8461538461538461,0.21666666666666667,2.318497798458601,0.15384615384615385,I,I;K;L;Q;R;S;V,differs_from_consensus,True,True,scaffold_differs_from_msa_consensus
6E9F,A,VI-D,495,496,Y,430.0,Y,496.0,,TYR,True,1854,1855,four_layer_exact,high,0.8846153846153846,0.20209973753280838,2.424667976800019,0.11538461538461542,S,E;G;I;K;L;N;S;T,differs_from_consensus,True,True,scaffold_differs_from_msa_consensus
6E9F,A,VI-D,496,497,A,431.0,A,497.0,,ALA,True,1855,1856,four_layer_exact,high,0.9065934065934066,0.21212121212121213,2.4640271150506643,0.09340659340659341,S,A;D;E;G;K;N;P;R;S;T,differs_from_consensus,True,True,scaffold_differs_from_msa_consensus
6E9F,A,VI-D,497,498,D,432.0,D,498.0,,ASP,True,1856,1857,four_layer_exact,high,0.945054945054945,0.2302158273381295,2.310045202045129,0.05494505494505497,E,A;D;E;K;N;S,differs_from_consensus,True,True,scaffold_differs_from_msa_consensus
6E9F,A,VI-D,498,499,S,433.0,S,499.0,,SER,True,1857,1858,four_layer_exact,high,0.967032967032967,0.3617021276595745,1.9119688492247582,0.03296703296703296,N,D;E;K;N;S,differs_from_consensus,True,True,scaffold_differs_from_msa_consensus
6E9F,A,VI-D,499,500,V,434.0,V,500.0,,VAL,True,1859,1860,four_layer_exact,high,0.978021978021978,0.34265734265734266,1.9582044525873454,0.02197802197802201,A,A;I;T;V,differs_from_consensus,True,True,scaffold_differs_from_msa_consensus
6E9F,A,VI-D,500,501,S,435.0,S,501.0,,SER,True,1866,1867,four_layer_exact,high,0.9945054945054945,0.3789954337899544,2.033045624361181,0.005494505494505475,S,D;H;N;S;T,matches_consensus,True,False,
6E9F,A,VI-D,501,502,E,436.0,E,502.0,,GLU,True,1867,1868,four_layer_exact,high,1.0,0.36054421768707484,2.272974925393071,0.0,Y,D;L;P;S;T;Y,differs_from_consensus,True,True,scaffold_differs_from_msa_consensus
6E9F,A,VI-D,502,503,F,437.0,F,503.0,,PHE,True,1868,1869,four_layer_exact,high,1.0,0.8979591836734694,0.4738477239414613,0.0,F,F;L,matches_consensus,True,False,
6E9F,A,VI-D,503,504,T,438.0,T,504.0,,THR,True,1869,1870,four_layer_exact,high,1.0,0.3469387755102041,1.6809986183902323,0.0,S,A;C;S;T;V,differs_from_consensus,True,True,scaffold_differs_from_msa_consensus
6E9F,A,VI-D,504,505,K,439.0,K,505.0,,LYS,True,1870,1871,four_layer_exact,high,1.0,0.7278911564625851,1.172430109044073,0.0,K,E;K;Q,matches_consensus,True,False,
6E9F,A,VI-D,505,506,L,440.0,L,506.0,,LEU,True,1871,1872,four_layer_exact,high,1.0,0.564625850340136,1.480645417410278,0.0,L,I;L;M;V,matches_consensus,True,False,
6E9F,A,VI-D,506,507,I,441.0,I,507.0,,ILE,True,1872,1873,four_layer_exact,high,1.0,0.41496598639455784,1.4337109365189795,0.0,I,I;L;M;V,matches_consensus,True,False,
6E9F,A,VI-D,507,508,Y,442.0,Y,508.0,,TYR,True,1873,1874,four_layer_exact,high,1.0,0.782312925170068,0.8904468001169228,0.0,Y,A;F;Y,matches_consensus,True,False,
6E9F,A,VI-D,508,509,L,443.0,L,509.0,,LEU,True,1874,1875,four_layer_exact,high,1.0,0.35374149659863946,1.6924165180236204,0.0,F,A;F;L;M;V,differs_from_consensus,True,True,scaffold_differs_from_msa_consensus
6E9F,A,VI-D,509,510,L,444.0,L,510.0,,LEU,True,1875,1876,four_layer_exact,high,1.0,0.5510204081632653,1.3299700895444704,0.0,L,I;L;M;V,matches_consensus,True,False,
6E9F,A,VI-D,510,511,T,445.0,T,511.0,,THR,True,1876,1877,four_layer_exact,high,1.0,0.564625850340136,1.100496697203287,0.0,T,C;S;T,matches_consensus,True,False,
6E9F,A,VI-D,511,512,R,446.0,R,512.0,,ARG,True,1877,1878,four_layer_exact,high,1.0,0.3129251700680272,2.220253024889425,0.0,L,F;K;L;M;N;R,differs_from_consensus,True,True,scaffold_differs_from_msa_consensus
6E9F,A,VI-D,512,513,F,447.0,F,513.0,,PHE,True,1878,1879,four_layer_exact,high,1.0,0.9183673469387755,0.3416338748989142,0.0,F,F;L,matches_consensus,True,False,
6E9F,A,VI-D,513,514,L,448.0,L,514.0,,LEU,True,1879,1880,four_layer_exact,high,1.0,0.8231292517006803,0.6978446422888986,0.0,L,I;L,matches_consensus,True,False,
6E9F,A,VI-D,514,515,S,449.0,S,515.0,,SER,True,1880,1881,four_layer_exact,high,1.0,0.7959183673469388,0.7786317192627682,0.0,D,D;E;N,differs_from_consensus,True,True,scaffold_differs_from_msa_consensus
6E9F,A,VI-D,515,516,G,450.0,G,516.0,,GLY,True,1881,1882,four_layer_exact,high,1.0,0.8435374149659864,0.7604654682901153,0.0,G,G;K,matches_consensus,True,False,
6E9F,A,VI-D,516,517,K,451.0,K,517.0,,LYS,True,1882,1883,four_layer_exact,high,1.0,0.9931972789115646,0.04072805093236134,0.0,K,K,matches_consensus,True,False,
6E9F,A,VI-D,517,518,E,452.0,E,518.0,,GLU,True,1883,1884,four_layer_exact,high,1.0,0.9727891156462585,0.14021068886600796,0.0,E,E,matches_consensus,True,False,
6E9F,A,VI-D,518,519,I,453.0,I,519.0,,ILE,True,1884,1885,four_layer_exact,high,1.0,0.8775510204081632,0.5693343986134891,0.0,I,I,matches_consensus,True,False,
6E9F,A,VI-D,519,520,N,454.0,N,520.0,,ASN,True,1885,1886,four_layer_exact,high,1.0,1.0,-0.0,0.0,N,N,matches_consensus,True,False,
6E9F,A,VI-D,520,521,D,455.0,D,521.0,,ASP,True,1886,1887,four_layer_exact,high,1.0,0.4897959183673469,1.3634847226218587,0.0,D,D;E;I,matches_consensus,True,False,
6E9F,A,VI-D,521,522,L,456.0,L,522.0,,LEU,True,1887,1888,four_layer_exact,high,1.0,0.8503401360544217,0.5510940293246659,0.0,L,F;L,matches_consensus,True,False,
6E9F,A,VI-D,522,523,V,457.0,V,523.0,,VAL,True,1888,1889,four_layer_exact,high,1.0,0.7074829931972789,1.094446455166942,0.0,L,F;I;L;V,differs_from_consensus,True,True,scaffold_differs_from_msa_consensus
6E9F,A,VI-D,523,524,T,458.0,T,524.0,,THR,True,1889,1890,four_layer_exact,high,1.0,0.7006802721088435,0.9855207153732972,0.0,T,C;S;T,matches_consensus,True,False,
6E9F,A,VI-D,524,525,T,459.0,T,525.0,,THR,True,1890,1891,four_layer_exact,high,1.0,0.4421768707482993,1.7109871039484106,0.0,T,A;G;S;T,matches_consensus,True,False,
6E9F,A,VI-D,525,526,L,460.0,L,526.0,,LEU,True,1891,1892,four_layer_exact,high,1.0,0.782312925170068,0.862810340609705,0.0,L,I;L;M;Y,matches_consensus,True,False,
6E9F,A,VI-D,526,527,I,461.0,I,527.0,,ILE,True,1892,1893,four_layer_exact,high,1.0,0.7891156462585034,0.876635168330833,0.0,I,I;V,matches_consensus,True,False,
6E9F,A,VI-D,527,528,N,462.0,N,528.0,,ASN,True,1893,1894,four_layer_exact,high,1.0,0.6938775510204082,1.0712944490502216,0.0,N,H;N;S,matches_consensus,True,False,
6E9F,A,VI-D,528,529,K,463.0,K,529.0,,LYS,True,1894,1895,four_layer_exact,high,1.0,0.8571428571428571,0.6733816047923615,0.0,K,K,matches_consensus,True,False,
6E9F,A,VI-D,529,530,F,464.0,F,530.0,,PHE,True,1895,1896,four_layer_exact,high,1.0,0.8163265306122449,0.6652628659212857,0.0,F,F;L,matches_consensus,True,False,
6E9F,A,VI-D,530,531,D,465.0,D,531.0,,ASP,True,1896,1897,four_layer_exact,high,1.0,0.4897959183673469,1.2275483767033433,0.0,D,D;E,matches_consensus,True,False,
6E9F,A,VI-D,531,532,N,466.0,N,532.0,,ASN,True,1897,1898,four_layer_exact,high,1.0,0.7755102040816326,0.9738557928909877,0.0,N,N;S,matches_consensus,True,False,
6E9F,A,VI-D,532,533,I,467.0,I,533.0,,ILE,True,1898,1899,four_layer_exact,high,1.0,0.9727891156462585,0.15320077393324902,0.0,I,I,matches_consensus,True,False,
6E9F,A,VI-D,533,534,R,468.0,R,534.0,,ARG,True,1899,1900,four_layer_exact,high,1.0,0.3469387755102041,2.0446377815591643,0.0,A,A;D;N;Q;R;S,differs_from_consensus,True,True,scaffold_differs_from_msa_consensus
6E9F,A,VI-D,534,535,S,469.0,S,535.0,,SER,True,1900,1901,four_layer_exact,high,1.0,0.6054421768707483,1.353568709219572,0.0,S,A;D;G;S,matches_consensus,True,False,
6E9F,A,VI-D,535,536,F,470.0,F,536.0,,PHE,True,1901,1902,four_layer_exact,high,1.0,0.6190476190476191,0.9068532215822056,0.0,F,F;L,matches_consensus,True,False,
6E9F,A,VI-D,536,537,L,471.0,L,537.0,,LEU,True,1902,1903,four_layer_exact,high,1.0,0.3741496598639456,1.8950098821150316,0.0,I,I;L;M;N;V,differs_from_consensus,True,True,scaffold_differs_from_msa_consensus
6E9F,A,VI-D,537,538,E,472.0,E,538.0,,GLU,True,1903,1904,four_layer_exact,high,1.0,0.3469387755102041,2.0107811541491083,0.0,D,D;E;K;N;Q;S,differs_from_consensus,True,True,scaffold_differs_from_msa_consensus
6E9F,A,VI-D,538,539,I,473.0,I,539.0,,ILE,True,1904,1905,four_layer_exact,high,1.0,0.3741496598639456,1.562613437700859,0.0,V,I;L;T;V,differs_from_consensus,True,True,scaffold_differs_from_msa_consensus
6E9F,A,VI-D,539,540,M,474.0,M,540.0,,MET,True,1913,1914,four_layer_exact,high,1.0,0.30718537414965985,1.8058501554481994,0.0,L,A;I;L;M,differs_from_consensus,True,True,scaffold_differs_from_msa_consensus
6E9F,A,VI-D,540,541,D,475.0,D,541.0,,ASP,True,1914,1915,four_layer_exact,high,0.9945054945054945,0.3219178082191781,2.0026462262962146,0.005494505494505475,K,D;E;K;N;R,differs_from_consensus,True,True,scaffold_differs_from_msa_consensus
6E9F,A,VI-D,541,542,E,476.0,E,542.0,,GLU,True,1924,1925,four_layer_exact,high,0.978021978021978,0.23076923076923078,2.2663361141371317,0.02197802197802201,E,D;E;K;Q;S,matches_consensus,True,False,
6E9F,A,VI-D,542,543,L,477.0,L,543.0,,LEU,True,1925,1926,four_layer_exact,high,0.967032967032967,0.41134751773049644,2.09769891143406,0.03296703296703296,L,C;E;I;L;Q,matches_consensus,True,False,
6E9F,A,VI-D,543,544,G,478.0,G,544.0,,GLY,True,1951,1952,four_layer_exact,high,0.9560439560439561,0.49640287769784175,1.6967490771387135,0.04395604395604391,G,D;G;K;N;S,matches_consensus,True,False,
6E9F,A,VI-D,544,545,L,479.0,L,545.0,,LEU,True,1952,1953,four_layer_exact,high,0.9340659340659341,0.2962962962962963,2.233178555701175,0.06593406593406592,L,E;I;K;L;M;V,matches_consensus,True,False,
6E9F,A,VI-D,545,546,D,480.0,D,546.0,,ASP,True,1953,1954,four_layer_exact,high,0.967032967032967,0.24135638297872342,2.1898049691173327,0.03296703296703296,E,D;E;K;N;P;S,differs_from_consensus,True,True,scaffold_differs_from_msa_consensus
6E9F,A,VI-D,546,547,R,481.0,R,547.0,,ARG,True,1954,1955,four_layer_exact,high,0.9560439560439561,0.17266187050359713,2.4325451488115584,0.04395604395604391,V,A;C;I;L;R;S;T;V,differs_from_consensus,True,True,scaffold_differs_from_msa_consensus
6E9F,A,VI-D,547,548,T,482.0,T,548.0,,THR,True,1981,1982,four_layer_exact,high,0.9725274725274725,0.23943661971830985,2.4260502226502383,0.027472527472527486,E,D;E;K;N;S;T,differs_from_consensus,True,True,scaffold_differs_from_msa_consensus
6E9F,A,VI-D,548,549,F,483.0,F,549.0,,PHE,True,1982,1983,four_layer_exact,high,0.989010989010989,0.7931034482758621,0.7019234381787381,0.01098901098901095,F,F;L;Y,matches_consensus,True,False,
6E9F,A,VI-D,549,550,T,484.0,T,550.0,,THR,True,1995,1996,four_layer_exact,high,0.9615384615384616,0.22857142857142856,2.402960687402209,0.038461538461538436,T,A;E;K;Q;R;S;T;V,matches_consensus,True,False,
6E9F,A,VI-D,550,551,A,485.0,A,551.0,,ALA,True,2037,2038,four_layer_exact,high,1.0,0.25396825396825395,2.0892276975605535,0.0,E,A;D;E;K;P,differs_from_consensus,True,True,scaffold_differs_from_msa_consensus
6E9F,A,VI-D,551,552,E,486.0,E,552.0,,GLU,True,2038,2039,four_layer_exact,high,1.0,0.272108843537415,2.0393084887849886,0.0,E,D;E;G;K;N,matches_consensus,True,False,
6E9F,A,VI-D,552,553,Y,487.0,Y,553.0,,TYR,True,2049,2050,four_layer_exact,high,0.9945054945054945,0.773972602739726,0.6761898808828565,0.005494505494505475,Y,F;Y,matches_consensus,True,False,
6E9F,A,VI-D,553,554,S,488.0,S,554.0,,SER,True,2051,2052,four_layer_exact,high,0.9945054945054945,0.21575342465753425,2.177386161055365,0.005494505494505475,K,A;E;K;R;S,differs_from_consensus,True,True,scaffold_differs_from_msa_consensus
6E9F,A,VI-D,554,555,F,489.0,F,555.0,,PHE,True,2052,2053,four_layer_exact,high,0.9945054945054945,0.3698630136986301,1.7387501761397037,0.005494505494505475,F,F;I;L;M;V,matches_consensus,True,False,
6E9F,A,VI-D,555,556,F,490.0,F,556.0,,PHE,True,2053,2054,four_layer_exact,high,1.0,0.8979591836734694,0.4030262359021584,0.0,F,F;L,matches_consensus,True,False,
6E9F,A,VI-D,556,557,E,491.0,E,557.0,,GLU,True,2077,2078,four_layer_exact,high,0.9725274725274725,0.323943661971831,2.0774301339406964,0.027472527472527486,N,A;D;E;K;N;S,differs_from_consensus,True,True,scaffold_differs_from_msa_consensus
6E9F,A,VI-D,557,558,G,492.0,G,558.0,,GLY,True,2094,2095,four_layer_exact,high,1.0,0.22448979591836735,2.406589494979646,0.0,N,D;E;K;N;Q;R;S,differs_from_consensus,True,True,scaffold_differs_from_msa_consensus
6E9F,A,VI-D,558,559,S,493.0,S,559.0,,SER,True,2095,2096,four_layer_exact,high,1.0,0.6326530612244898,1.2508471240780406,0.0,S,A;C;S,matches_consensus,True,False,
6E9F,A,VI-D,559,560,T,494.0,T,560.0,,THR,True,2096,2097,four_layer_exact,high,1.0,0.2108843537414966,2.222595186472575,0.0,G,A;D;E;G;K;R;S,differs_from_consensus,True,True,scaffold_differs_from_msa_consensus
6E9F,A,VI-D,560,561,K,495.0,K,561.0,,LYS,True,2097,2098,four_layer_exact,high,1.0,0.27437641723356004,2.271048763197599,0.0,K,D;E;K;N;Q;R;T,matches_consensus,True,False,
6E9F,A,VI-D,561,562,Y,496.0,Y,562.0,,TYR,True,2098,2099,four_layer_exact,high,1.0,0.5782312925170068,1.424677957899505,0.0,I,I;V;Y,differs_from_consensus,True,True,scaffold_differs_from_msa_consensus
6E9F,A,VI-D,562,563,L,497.0,L,563.0,,LEU,True,2099,2100,four_layer_exact,high,1.0,0.5238095238095238,1.6623759917322187,0.0,A,A;C;S;V,differs_from_consensus,True,True,scaffold_differs_from_msa_consensus
6E9F,A,VI-D,563,564,A,498.0,A,564.0,,ALA,True,2104,2105,four_layer_exact,high,0.989010989010989,0.20689655172413793,2.3409813170190277,0.01098901098901095,E,A;D;E;K;N;R;S,differs_from_consensus,True,True,scaffold_differs_from_msa_consensus
6E9F,A,VI-D,564,565,E,499.0,E,565.0,,GLU,True,2105,2106,four_layer_exact,high,0.9945054945054945,0.5273972602739726,1.5192846228609018,0.005494505494505475,E,D;E;Q,matches_consensus,True,False,
6E9F,A,VI-D,565,566,L,500.0,L,566.0,,LEU,True,2106,2107,four_layer_exact,high,0.9945054945054945,0.821917808219178,0.5918675357263076,0.005494505494505475,L,I;L,matches_consensus,True,False,
6E9F,A,VI-D,566,567,V,501.0,V,567.0,,VAL,True,2107,2108,four_layer_exact,high,0.9945054945054945,0.5958904109589042,1.604710796645177,0.005494505494505475,R,K;N;R;T,differs_from_consensus,True,True,scaffold_differs_from_msa_consensus
6E9F,A,VI-D,567,568,E,502.0,E,568.0,,GLU,True,2108,2109,four_layer_exact,high,1.0,0.2857142857142857,2.1428791785498946,0.0,I,A;E;F;I;L;T;V,differs_from_consensus,True,True,scaffold_differs_from_msa_consensus
6E9F,A,VI-D,568,569,L,503.0,L,569.0,,LEU,True,2109,2110,four_layer_exact,high,1.0,0.3673469387755102,1.332497444898705,0.0,I,I;L;V,differs_from_consensus,True,True,scaffold_differs_from_msa_consensus
6E9F,A,VI-D,569,570,N,504.0,N,570.0,,ASN,True,2110,2111,four_layer_exact,high,1.0,0.3877551020408163,1.5727945757315092,0.0,K,A;K;N,differs_from_consensus,True,True,scaffold_differs_from_msa_consensus
6E9F,A,VI-D,570,571,S,505.0,S,571.0,,SER,True,2111,2112,four_layer_exact,high,1.0,0.6394557823129252,1.1003041688611606,0.0,S,N;S,matches_consensus,True,False,
6E9F,A,VI-D,571,572,F,506.0,F,572.0,,PHE,True,2112,2113,four_layer_exact,high,1.0,0.3945578231292517,1.3194395583553464,0.0,F,F;I;L;V,matches_consensus,True,False,
6E9F,A,VI-D,572,573,V,507.0,V,573.0,,VAL,True,2113,2114,four_layer_exact,high,1.0,0.6530612244897959,1.19525362353663,0.0,A,A;G;S,differs_from_consensus,True,True,scaffold_differs_from_msa_consensus
6E9F,A,VI-D,573,574,K,508.0,K,574.0,,LYS,True,2114,2115,four_layer_exact,high,1.0,0.6122448979591837,1.2143778303437045,0.0,R,K;R,differs_from_consensus,True,True,scaffold_differs_from_msa_consensus
6E9F,A,VI-D,574,575,S,509.0,S,575.0,,SER,True,2115,2116,four_layer_exact,high,1.0,0.8571428571428571,0.7113012067054002,0.0,M,M,differs_from_consensus,True,True,scaffold_differs_from_msa_consensus
6E9F,A,VI-D,575,576,C,510.0,C,576.0,,CYS,True,2116,2117,four_layer_exact,high,0.9285714285714286,0.21641791044776118,2.2640765960078166,0.0714285714285714,K,C;D;E;G;K;Q;S;T,differs_from_consensus,True,True,scaffold_differs_from_msa_consensus
6E9F,A,VI-D,576,577,S,511.0,S,577.0,,SER,True,2122,2123,four_layer_exact,high,0.8516483516483516,0.6166666666666667,1.582507438135677,0.14835164835164838,K,K;R;S,differs_from_consensus,True,True,scaffold_differs_from_msa_consensus
6E9F,A,VI-D,577,578,F,512.0,F,578.0,,PHE,True,2123,2124,four_layer_exact,high,0.8516483516483516,0.4166666666666667,2.1032142678567847,0.14835164835164838,P,A;E;K;P,differs_from_consensus,True,True,scaffold_differs_from_msa_consensus
6E9F,A,VI-D,578,579,D,513.0,D,579.0,,ASP,True,2130,2131,four_layer_exact,high,0.967032967032967,0.36879432624113473,2.103087712439381,0.03296703296703296,D,A;D;E;N;S,matches_consensus,True,False,
6E9F,A,VI-D,579,580,I,514.0,I,580.0,,ILE,True,2131,2132,four_layer_exact,high,0.967032967032967,0.16312056737588654,2.427358468175039,0.03296703296703296,A,A;E;I;K;L;M;P;V,differs_from_consensus,True,True,scaffold_differs_from_msa_consensus
6E9F,A,VI-D,580,581,N,515.0,N,581.0,,ASN,True,2148,2149,four_layer_exact,high,0.9835164835164835,0.201171875,2.26356625908991,0.016483516483516536,N,A;D;K;N;S,matches_consensus,True,False,
6E9F,A,VI-D,581,582,A,516.0,A,582.0,,ALA,True,2149,2150,four_layer_exact,high,0.9835164835164835,0.4375,1.9869221185385997,0.016483516483516536,A,A;I;S;T;V,matches_consensus,True,False,
6E9F,A,VI-D,582,583,K,517.0,K,583.0,,LYS,True,2150,2151,four_layer_exact,high,0.978021978021978,0.6153846153846154,1.5255126535790835,0.02197802197802201,K,K;N;S,matches_consensus,True,False,
6E9F,A,VI-D,583,584,R,518.0,R,584.0,,ARG,True,2151,2152,four_layer_exact,high,0.978021978021978,0.2867132867132867,2.1465178737366775,0.02197802197802201,R,A;E;K;R,matches_consensus,True,False,
6E9F,A,VI-D,584,585,T,519.0,T,585.0,,THR,True,2162,2163,four_layer_exact,high,0.9285714285714286,0.17037037037037037,2.5169221974396727,0.0714285714285714,V,A;E;I;P;Q;S;T;V,differs_from_consensus,True,True,scaffold_differs_from_msa_consensus
6E9F,A,VI-D,585,586,M,520.0,M,586.0,,MET,True,2163,2164,four_layer_exact,high,0.9285714285714286,0.5259259259259259,1.3665553528949437,0.0714285714285714,M,L;M;V,matches_consensus,True,False,
6E9F,A,VI-D,586,587,Y,521.0,Y,587.0,,TYR,True,2173,2174,four_layer_exact,high,0.9945054945054945,0.4383561643835616,1.4631933734396794,0.005494505494505475,Y,F;I;L;Y,matches_consensus,True,False,
6E9F,A,VI-D,587,588,R,522.0,R,588.0,,ARG,True,2174,2175,four_layer_exact,high,0.9945054945054945,0.23972602739726026,2.3571543363396743,0.005494505494505475,R,E;I;K;L;R;V;Y,matches_consensus,True,False,
6E9F,A,VI-D,588,589,D,523.0,D,589.0,,ASP,True,2175,2176,four_layer_exact,high,0.9945054945054945,0.7397260273972602,0.9231110752216587,0.005494505494505475,D,A;D;E,matches_consensus,True,False,
6E9F,A,VI-D,589,590,A,524.0,A,590.0,,ALA,True,2177,2178,four_layer_exact,high,0.9945054945054945,0.958904109589041,0.21655989397777298,0.005494505494505475,A,A,matches_consensus,True,False,
6E9F,A,VI-D,590,591,L,525.0,L,591.0,,LEU,True,2178,2179,four_layer_exact,high,0.9945054945054945,0.3356164383561644,1.774873005308953,0.005494505494505475,L,A;I;L;V,matches_consensus,True,False,
6E9F,A,VI-D,591,592,D,526.0,D,592.0,,ASP,True,2179,2180,four_layer_exact,high,0.9945054945054945,0.1506849315068493,2.5423870286418473,0.005494505494505475,R,A;D;E;K;N;Q;R;T;Y,differs_from_consensus,True,True,scaffold_differs_from_msa_consensus
6E9F,A,VI-D,592,593,I,527.0,I,593.0,,ILE,True,2180,2181,four_layer_exact,high,0.9945054945054945,0.4178082191780822,1.5684907183055476,0.005494505494505475,I,I;L;M;T;V,matches_consensus,True,False,
6E9F,A,VI-D,593,594,L,528.0,L,594.0,,LEU,True,2181,2182,four_layer_exact,high,0.9945054945054945,0.8972602739726028,0.4286223933512616,0.005494505494505475,L,F;L,matches_consensus,True,False,
6E9F,A,VI-D,594,595,G,529.0,G,595.0,,GLY,True,2183,2184,four_layer_exact,high,1.0,0.9183673469387755,0.4348760218906276,0.0,G,G,matches_consensus,True,False,
6E9F,A,VI-D,595,596,I,530.0,I,596.0,,ILE,True,2184,2185,four_layer_exact,high,0.9945054945054945,0.21689497716894976,2.362992330965375,0.005494505494505475,I,F;I;L;M;T;V;Y,matches_consensus,True,False,
6E9F,A,VI-D,596,597,E,531.0,E,597.0,,GLU,True,2207,2208,four_layer_exact,high,0.6153846153846154,0.2294372294372294,2.3917285271214634,0.3846153846153846,D,D;E;G;K;N;P;R;S,differs_from_consensus,False,True,scaffold_differs_from_msa_consensus
6E9F,A,VI-D,597,598,S,532.0,S,598.0,,SER,True,2208,2209,four_layer_exact,high,0.4835164835164835,0.14814814814814814,2.4353644381839836,0.5164835164835164,K,D;E;G;H;K;N;S;T;V,differs_from_consensus,False,True,scaffold_differs_from_msa_consensus
6E9F,A,VI-D,598,599,D,533.0,D,599.0,,ASP,True,2209,2210,four_layer_exact,high,0.5,0.1600877192982456,2.5013726448460205,0.5,D,D;E;G;K;N;P;R;T;V,matches_consensus,False,False,
6E9F,A,VI-D,599,600,K,534.0,K,600.0,,LYS,True,2210,2211,four_layer_exact,high,0.6868131868131868,0.23333333333333334,2.6046820032950753,0.3131868131868132,M,A;I;K;L;M;V;Y,differs_from_consensus,False,True,scaffold_differs_from_msa_consensus
6E9F,A,VI-D,600,601,T,535.0,T,601.0,,THR,True,2211,2212,four_layer_exact,high,0.7637362637362637,0.3272235576923077,2.2898809709004224,0.2362637362637363,S,D;E;Q;S;T;Y,differs_from_consensus,False,True,scaffold_differs_from_msa_consensus
6E9F,A,VI-D,601,602,E,536.0,E,602.0,,GLU,True,2212,2213,four_layer_exact,high,0.8076923076923077,0.2767857142857143,2.211486572343379,0.1923076923076923,E,D;E;K;N;P;T,matches_consensus,True,False,
6E9F,A,VI-D,602,603,E,537.0,E,603.0,,GLU,True,2213,2214,four_layer_exact,high,0.9285714285714286,0.3729011194029851,2.0063318134408825,0.0714285714285714,E,D;E;K;N;P;Q;S,matches_consensus,True,False,
6E9F,A,VI-D,603,604,D,538.0,D,604.0,,ASP,True,2214,2215,four_layer_exact,high,0.9395604395604396,0.40686274509803916,1.9177663889166732,0.06043956043956045,E,A;D;E;N;Q,differs_from_consensus,True,True,scaffold_differs_from_msa_consensus
6E9F,A,VI-D,604,605,I,539.0,I,605.0,,ILE,True,2215,2216,four_layer_exact,high,0.9395604395604396,0.27941176470588236,2.3270442032622807,0.06043956043956045,L,F;I;L;V;Y,differs_from_consensus,True,True,scaffold_differs_from_msa_consensus
6E9F,A,VI-D,605,606,E,540.0,E,606.0,,GLU,True,2216,2217,four_layer_exact,high,0.9505494505494505,0.2246376811594203,2.2562227947184934,0.0494505494505495,D,D;E;K;N;Q;S,differs_from_consensus,True,True,scaffold_differs_from_msa_consensus
6E9F,A,VI-D,606,607,K,541.0,K,607.0,,LYS,True,2217,2218,four_layer_exact,high,0.9340659340659341,0.2222222222222222,2.186511054381146,0.06593406593406592,E,A;D;E;K;N;Q;R;S,differs_from_consensus,True,True,scaffold_differs_from_msa_consensus
6E9F,A,VI-D,607,608,M,542.0,M,608.0,,MET,True,2218,2219,four_layer_exact,high,0.9340659340659341,0.23703703703703705,2.3975259230819947,0.06593406593406592,Y,A;E;F;I;K;L;M;Y,differs_from_consensus,True,True,scaffold_differs_from_msa_consensus
6E9F,A,VI-D,608,609,I,543.0,I,609.0,,ILE,True,2231,2232,four_layer_exact,high,0.7362637362637363,0.32,1.7236461551685858,0.2637362637362637,L,A;F;I;L;V,differs_from_consensus,False,True,scaffold_differs_from_msa_consensus
6E9F,A,VI-D,609,610,D,544.0,D,610.0,,ASP,True,2233,2234,four_layer_exact,high,0.9175824175824175,0.4552238805970149,1.84318765225062,0.08241758241758246,D,D;E;K;N;S,matches_consensus,True,False,
6E9F,A,VI-D,610,611,N,545.0,N,611.0,,ASN,True,2234,2235,four_layer_exact,high,0.9065934065934066,0.20454545454545456,2.2742192318380194,0.09340659340659341,E,D;E;K;N;R,differs_from_consensus,True,True,scaffold_differs_from_msa_consensus
6E9F,A,VI-D,611,612,I,546.0,I,612.0,,ILE,True,2235,2236,four_layer_exact,high,0.9065934065934066,0.25757575757575757,2.1789406973992764,0.09340659340659341,I,F;I;L;M;V;W;Y,matches_consensus,True,False,
6E9F,A,VI-D,612,613,L,547.0,L,613.0,,LEU,True,2236,2237,four_layer_exact,high,0.8131868131868132,0.42214439655172414,1.6736390906316498,0.18681318681318682,L,F;I;L;V;Y,matches_consensus,True,False,
6E9F,A,VI-D,613,614,Q,548.0,Q,614.0,,GLN,True,2237,2238,four_layer_exact,high,0.7857142857142857,0.22522522522522523,2.5311921718650634,0.2142857142857143,E,A;C;E;G;K;N;Q;S,differs_from_consensus,False,True,scaffold_differs_from_msa_consensus
6E9F,A,VI-D,614,615,I,549.0,I,615.0,,ILE,True,2277,2278,four_layer_exact,high,0.6648351648351648,0.25287356321839083,2.3446029804260986,0.3351648351648352,L,F;G;I;K;L;V;Y,differs_from_consensus,False,True,scaffold_differs_from_msa_consensus
6E9F,A,VI-D,615,616,D,,,,,,False,2278,2279,full_msa_only_unresolved_coordinate,medium,0.7252747252747253,0.5612244897959183,1.5694452231864695,0.27472527472527475,D,D;E;K;N,matches_consensus,False,True,unresolved_internal
6E9F,A,VI-D,616,617,A,,,,,,False,2279,2280,full_msa_only_unresolved_coordinate,medium,0.7032967032967034,0.30526315789473685,2.1467039349033055,0.29670329670329665,K,A;E;K;P;R;S;T,differs_from_consensus,False,True,unresolved_internal;scaffold_differs_from_msa_consensus
6E9F,A,VI-D,617,618,N,,,,,,False,2280,2281,full_msa_only_unresolved_coordinate,medium,0.5659340659340659,0.2857142857142857,2.2393309991903956,0.4340659340659341,N,A;D;E;G;K;N;S,matches_consensus,False,True,unresolved_internal
6E9F,A,VI-D,618,619,G,,,,,,False,2290,2291,full_msa_only_unresolved_coordinate,medium,0.6978021978021978,0.6344086021505376,1.383610521736433,0.30219780219780223,G,G;K;N;S,matches_consensus,False,True,unresolved_internal
6E9F,A,VI-D,619,620,D,550.0,D,620.0,,ASP,True,2291,2292,four_layer_exact,high,0.7362637362637363,0.4603125,1.7781822332535753,0.2637362637362637,K,D;E;K;N;T,differs_from_consensus,False,True,scaffold_differs_from_msa_consensus
6E9F,A,VI-D,620,621,K,551.0,K,621.0,,LYS,True,2292,2293,four_layer_exact,high,0.7692307692307693,0.32075471698113206,2.3879128042717594,0.23076923076923073,K,E;K;P;T,matches_consensus,False,False,
6E9F,A,VI-D,621,622,K,552.0,K,622.0,,LYS,True,2296,2297,four_layer_exact,high,0.4835164835164835,0.35658482142857145,2.229665617075063,0.5164835164835164,K,A;E;G;K;N;P,matches_consensus,False,False,
6E9F,A,VI-D,622,623,L,553.0,L,623.0,,LEU,True,2297,2298,four_layer_exact,high,0.4835164835164835,0.17857142857142858,2.369497347081102,0.5164835164835164,G,A;D;E;G;K;L;P;S;T,differs_from_consensus,False,True,scaffold_differs_from_msa_consensus
6E9F,A,VI-D,623,624,K,554.0,K,624.0,,LYS,True,2298,2299,four_layer_exact,high,0.510989010989011,0.3765368852459016,2.229159954328877,0.48901098901098905,K,E;K;R,matches_consensus,False,False,
6E9F,A,VI-D,624,625,K,555.0,K,625.0,,LYS,True,2299,2300,four_layer_exact,high,0.4945054945054945,0.4827586206896552,1.7160583804509766,0.5054945054945055,K,A;K;N;R;T,matches_consensus,False,False,
6E9F,A,VI-D,625,626,N,556.0,N,626.0,,ASN,True,2300,2301,four_layer_exact,high,0.41208791208791207,0.2727272727272727,1.9138771772886183,0.5879120879120879,G,D;E;G;K;N,differs_from_consensus,False,True,scaffold_differs_from_msa_consensus
6E9F,A,VI-D,626,627,N,557.0,N,627.0,,ASN,True,2342,2343,four_layer_exact,high,0.989010989010989,0.25495689655172415,2.044704689199091,0.01098901098901095,N,H;K;N;R;T,matches_consensus,True,False,
6E9F,A,VI-D,627,628,G,558.0,G,628.0,,GLY,True,2343,2344,four_layer_exact,high,0.9945054945054945,0.3287671232876712,2.0693192496989004,0.005494505494505475,G,D;G;K;N;P,matches_consensus,True,False,
6E9F,A,VI-D,628,629,L,559.0,L,629.0,,LEU,True,2344,2345,four_layer_exact,high,0.9945054945054945,0.4726027397260274,1.5759153766818645,0.005494505494505475,F,F;I;L;V,differs_from_consensus,True,True,scaffold_differs_from_msa_consensus
6E9F,A,VI-D,629,630,R,560.0,R,630.0,,ARG,True,2345,2346,four_layer_exact,high,0.9945054945054945,0.8835616438356164,0.506741600035178,0.005494505494505475,R,K;R,matches_consensus,True,False,
6E9F,A,VI-D,630,631,N,561.0,N,631.0,,ASN,True,2352,2353,four_layer_exact,high,1.0,0.9047619047619048,0.4827964867853797,0.0,N,N,matches_consensus,True,False,
6E9F,A,VI-D,631,632,F,562.0,F,632.0,,PHE,True,2353,2354,four_layer_exact,high,1.0,0.9047619047619048,0.39945580802605973,0.0,F,F;Y,matches_consensus,True,False,
6E9F,A,VI-D,632,633,I,563.0,I,633.0,,ILE,True,2354,2355,four_layer_exact,high,1.0,0.7755102040816326,0.7402808121349429,0.0,I,I;L,matches_consensus,True,False,
6E9F,A,VI-D,633,634,A,564.0,A,634.0,,ALA,True,2355,2356,four_layer_exact,high,1.0,0.3333333333333333,1.8894836396114303,0.0,A,A;I,matches_consensus,True,False,
6E9F,A,VI-D,634,635,S,565.0,S,635.0,,SER,True,2356,2357,four_layer_exact,high,1.0,0.7142857142857143,0.8897169537548101,0.0,N,K;N;S,differs_from_consensus,True,True,scaffold_differs_from_msa_consensus
6E9F,A,VI-D,635,636,N,566.0,N,636.0,,ASN,True,2357,2358,four_layer_exact,high,1.0,0.9115646258503401,0.42431032084574216,0.0,N,N,matches_consensus,True,False,
6E9F,A,VI-D,636,637,V,567.0,V,637.0,,VAL,True,2358,2359,four_layer_exact,high,1.0,0.8503401360544217,0.4497918496700321,0.0,V,I;V,matches_consensus,True,False,
6E9F,A,VI-D,637,638,I,568.0,I,638.0,,ILE,True,2359,2360,four_layer_exact,high,1.0,0.6802721088435374,0.9582240756813062,0.0,I,I;L;V,matches_consensus,True,False,
6E9F,A,VI-D,638,639,D,569.0,D,639.0,,ASP,True,2360,2361,four_layer_exact,high,1.0,0.3333333333333333,1.8971449057834,0.0,E,D;E;K;N;S,differs_from_consensus,True,True,scaffold_differs_from_msa_consensus
6E9F,A,VI-D,639,640,S,570.0,S,640.0,,SER,True,2361,2362,four_layer_exact,high,1.0,0.8435374149659864,0.5213503309611086,0.0,S,N;S,matches_consensus,True,False,
6E9F,A,VI-D,640,641,N,571.0,N,641.0,,ASN,True,2362,2363,four_layer_exact,high,1.0,0.35374149659863946,1.8156290973535367,0.0,R,K;N;R;S;T,differs_from_consensus,True,True,scaffold_differs_from_msa_consensus
6E9F,A,VI-D,641,642,R,572.0,R,642.0,,ARG,True,2363,2364,four_layer_exact,high,1.0,0.7619047619047619,0.9837272783521896,0.0,R,K;R;W,matches_consensus,True,False,
6E9F,A,VI-D,642,643,F,573.0,F,643.0,,PHE,True,2364,2365,four_layer_exact,high,1.0,0.9659863945578231,0.14842828921717494,0.0,F,F,matches_consensus,True,False,
6E9F,A,VI-D,643,644,K,574.0,K,644.0,,LYS,True,2365,2366,four_layer_exact,high,1.0,0.17665816326530612,2.459084966990156,0.0,K,F;H;I;K;N;Q;R,matches_consensus,True,False,
6E9F,A,VI-D,644,645,Y,575.0,Y,645.0,,TYR,True,2367,2368,four_layer_exact,high,1.0,0.9727891156462585,0.14021068886600796,0.0,Y,Y,matches_consensus,True,False,
6E9F,A,VI-D,645,646,L,576.0,L,646.0,,LEU,True,2368,2369,four_layer_exact,high,1.0,0.5714285714285714,1.0281281059418343,0.0,L,I;L;V,matches_consensus,True,False,
6E9F,A,VI-D,646,647,V,577.0,V,647.0,,VAL,True,2369,2370,four_layer_exact,high,1.0,0.43537414965986393,1.4172898637728437,0.0,V,A;I;V,matches_consensus,True,False,
6E9F,A,VI-D,647,648,R,578.0,R,648.0,,ARG,True,2370,2371,four_layer_exact,high,1.0,0.6394557823129252,0.811700257404049,0.0,R,K;R,matches_consensus,True,False,
6E9F,A,VI-D,648,649,Y,579.0,Y,649.0,,TYR,True,2371,2372,four_layer_exact,high,1.0,0.8503401360544217,0.5452229666215684,0.0,Y,F;Y,matches_consensus,True,False,
6E9F,A,VI-D,649,650,G,580.0,G,650.0,,GLY,True,2372,2373,four_layer_exact,high,1.0,0.17006802721088435,2.1980692364241254,0.0,G,A;C;G;I;N;S;T;V,matches_consensus,True,False,
6E9F,A,VI-D,650,651,N,581.0,N,651.0,,ASN,True,2373,2374,four_layer_exact,high,1.0,0.5170068027210885,1.4482255672881175,0.0,N,D;K;N;R;S,matches_consensus,True,False,
6E9F,A,VI-D,651,652,P,582.0,P,652.0,,PRO,True,2374,2375,four_layer_exact,high,1.0,0.7551020408163265,0.9980762056073185,0.0,P,A;P;T;V,matches_consensus,True,False,
6E9F,A,VI-D,652,653,K,583.0,K,653.0,,LYS,True,2375,2376,four_layer_exact,high,1.0,0.3129251700680272,2.1956100345897855,0.0,K,A;E;K;R;S;T,matches_consensus,True,False,
6E9F,A,VI-D,653,654,K,584.0,K,654.0,,LYS,True,2376,2377,four_layer_exact,high,1.0,0.3401360544217687,2.2917467198863397,0.0,K,D;E;K;N;S;T,matches_consensus,True,False,
6E9F,A,VI-D,654,655,I,585.0,I,655.0,,ILE,True,2377,2378,four_layer_exact,high,1.0,0.35374149659863946,1.688112846401972,0.0,V,A;C;I;L;V,differs_from_consensus,True,True,scaffold_differs_from_msa_consensus
6E9F,A,VI-D,655,656,R,586.0,R,656.0,,ARG,True,2378,2379,four_layer_exact,high,1.0,0.5578231292517006,1.7049736224519816,0.0,R,H;K;R;S,matches_consensus,True,False,
6E9F,A,VI-D,656,657,E,587.0,E,657.0,,GLU,True,2379,2380,four_layer_exact,high,1.0,0.3356009070294784,2.0562657025875595,0.0,K,A;E;K;R,differs_from_consensus,True,True,scaffold_differs_from_msa_consensus
6E9F,A,VI-D,657,658,T,588.0,T,658.0,,THR,True,2380,2381,four_layer_exact,high,1.0,0.46938775510204084,1.4714960160367159,0.0,L,F;I;L;V,differs_from_consensus,True,True,scaffold_differs_from_msa_consensus
6E9F,A,VI-D,658,659,A,589.0,A,659.0,,ALA,True,2381,2382,four_layer_exact,high,1.0,0.42857142857142855,1.5186706172242754,0.0,A,A;I;M;V,matches_consensus,True,False,
6E9F,A,VI-D,659,660,K,590.0,K,660.0,,LYS,True,2382,2383,four_layer_exact,high,0.9945054945054945,0.27168949771689493,2.093049613727429,0.005494505494505475,K,E;K;N;Q;R;S,matches_consensus,True,False,
6E9F,A,VI-D,660,661,C,591.0,C,661.0,,CYS,True,2388,2389,four_layer_exact,high,1.0,0.7959183673469388,0.8274555280008078,0.0,N,C;N,differs_from_consensus,True,True,scaffold_differs_from_msa_consensus
6E9F,A,VI-D,661,662,K,592.0,K,662.0,,LYS,True,2389,2390,four_layer_exact,high,1.0,0.28741496598639454,2.0159987736505576,0.0,E,E;K;P;R;T,differs_from_consensus,True,True,scaffold_differs_from_msa_consensus
6E9F,A,VI-D,662,663,P,593.0,P,663.0,,PRO,True,2390,2391,four_layer_exact,high,1.0,0.23809523809523808,2.3303626812105,0.0,K,A;E;K;N;P;S;T,differs_from_consensus,True,True,scaffold_differs_from_msa_consensus
6E9F,A,VI-D,663,664,A,594.0,A,664.0,,ALA,True,2391,2392,four_layer_exact,high,1.0,0.3469387755102041,1.4594640207736869,0.0,V,A;I;L;V,differs_from_consensus,True,True,scaffold_differs_from_msa_consensus
6E9F,A,VI-D,664,665,V,595.0,V,665.0,,VAL,True,2392,2393,four_layer_exact,high,1.0,0.6258503401360545,1.143334124932022,0.0,V,I;L;T;V,matches_consensus,True,False,
6E9F,A,VI-D,665,666,R,596.0,R,666.0,,ARG,True,2393,2394,four_layer_exact,high,1.0,0.32653061224489793,1.9751902431035713,0.0,R,A;E;K;R;S,matches_consensus,True,False,
6E9F,A,VI-D,666,667,F,597.0,F,667.0,,PHE,True,2394,2395,four_layer_exact,high,1.0,0.7551020408163265,0.8150132857617806,0.0,F,F;L;Y,matches_consensus,True,False,
6E9F,A,VI-D,667,668,V,598.0,V,668.0,,VAL,True,2395,2396,four_layer_exact,high,1.0,0.7278911564625851,0.8883088396536021,0.0,V,A;I;V,matches_consensus,True,False,
6E9F,A,VI-D,668,669,L,599.0,L,669.0,,LEU,True,2396,2397,four_layer_exact,high,1.0,0.9455782312925171,0.2832196460072378,0.0,L,L,matches_consensus,True,False,
6E9F,A,VI-D,669,670,N,600.0,N,670.0,,ASN,True,2398,2399,four_layer_exact,high,0.9945054945054945,0.2602739726027397,2.153475989484622,0.005494505494505475,K,D;E;G;K;N;R;S,differs_from_consensus,True,True,scaffold_differs_from_msa_consensus
6E9F,A,VI-D,670,671,E,601.0,E,671.0,,GLU,True,2407,2408,four_layer_exact,high,0.978021978021978,0.3076923076923077,2.03431797599515,0.02197802197802201,R,D;E;G;K;R;S,differs_from_consensus,True,True,scaffold_differs_from_msa_consensus
6E9F,A,VI-D,671,672,I,602.0,I,672.0,,ILE,True,2409,2410,four_layer_exact,high,0.9945054945054945,0.589041095890411,1.0731959757798548,0.005494505494505475,I,I;L;M,matches_consensus,True,False,
6E9F,A,VI-D,672,673,P,603.0,P,673.0,,PRO,True,2431,2432,four_layer_exact,high,1.0,0.7959183673469388,0.9609288284265856,0.0,P,P,matches_consensus,True,False,
6E9F,A,VI-D,673,674,D,604.0,D,674.0,,ASP,True,2432,2433,four_layer_exact,high,1.0,0.40816326530612246,1.6881584280251571,0.0,D,D;E;K;P,matches_consensus,True,False,
6E9F,A,VI-D,674,675,A,605.0,A,675.0,,ALA,True,2433,2434,four_layer_exact,high,1.0,0.2653061224489796,1.9733158421276453,0.0,T,A;E;K;N;S;T,differs_from_consensus,True,True,scaffold_differs_from_msa_consensus
6E9F,A,VI-D,675,676,Q,606.0,Q,676.0,,GLN,True,2434,2435,four_layer_exact,high,1.0,0.8979591836734694,0.4879014008686823,0.0,Q,Q,matches_consensus,True,False,
6E9F,A,VI-D,676,677,I,607.0,I,677.0,,ILE,True,2435,2436,four_layer_exact,high,1.0,0.7891156462585034,0.6560502726420293,0.0,I,I;L,matches_consensus,True,False,
6E9F,A,VI-D,677,678,E,608.0,E,678.0,,GLU,True,2436,2437,four_layer_exact,high,1.0,0.36054421768707484,2.145366358317453,0.0,D,D;E;K;L;R;T,differs_from_consensus,True,True,scaffold_differs_from_msa_consensus
6E9F,A,VI-D,678,679,R,609.0,R,679.0,,ARG,True,2437,2438,four_layer_exact,high,1.0,0.7891156462585034,0.849897306138563,0.0,R,K;R;S,matches_consensus,True,False,
6E9F,A,VI-D,679,680,Y,610.0,Y,680.0,,TYR,True,2438,2439,four_layer_exact,high,1.0,0.9659863945578231,0.1937405014692199,0.0,Y,Y,matches_consensus,True,False,
6E9F,A,VI-D,680,681,Y,611.0,Y,681.0,,TYR,True,2439,2440,four_layer_exact,high,0.9945054945054945,0.6917808219178082,1.255111671604974,0.005494505494505475,Y,C;F;Y,matches_consensus,True,False,
6E9F,A,VI-D,681,682,E,612.0,E,682.0,,GLU,True,2445,2446,four_layer_exact,high,0.9725274725274725,0.1974031690140845,2.4402951543493234,0.027472527472527486,K,D;E;K;N;R,differs_from_consensus,True,True,scaffold_differs_from_msa_consensus
6E9F,A,VI-D,682,683,A,613.0,A,683.0,,ALA,True,2446,2447,four_layer_exact,high,0.9725274725274725,0.4859154929577465,1.7173684276155556,0.027472527472527486,S,A;S;T,differs_from_consensus,True,True,scaffold_differs_from_msa_consensus
6E9F,A,VI-D,683,684,C,614.0,C,684.0,,CYS,True,2447,2448,four_layer_exact,high,0.978021978021978,0.48951048951048953,1.4922572554319866,0.02197802197802201,C,C;I;L;V,matches_consensus,True,False,
6E9F,A,VI-D,684,685,C,615.0,C,685.0,,CYS,True,2453,2454,four_layer_exact,high,0.8241758241758241,0.22608695652173913,2.5951530840494907,0.17582417582417587,T,F;G;I;K;N;S;T;V,differs_from_consensus,True,True,scaffold_differs_from_msa_consensus
6E9F,A,VI-D,685,686,P,616.0,P,686.0,,PRO,True,2454,2455,four_layer_exact,high,0.8461538461538461,0.4369747899159664,2.0463891484723957,0.15384615384615385,G,D;E;G,differs_from_consensus,True,True,scaffold_differs_from_msa_consensus
6E9F,A,VI-D,686,687,K,,,,,,False,2455,2456,full_msa_only_unresolved_coordinate,medium,0.7582417582417582,0.16201456310679613,2.6546072910495537,0.2417582417582418,K,A;E;G;I;K;N;P;S;T,matches_consensus,False,True,unresolved_internal
6E9F,A,VI-D,687,688,N,,,,,,False,2456,2457,full_msa_only_unresolved_coordinate,medium,0.8186813186813187,0.17543859649122806,2.448897424287677,0.18131868131868134,K,D;E;G;K;N;P;R;S,differs_from_consensus,False,True,unresolved_internal;scaffold_differs_from_msa_consensus
6E9F,A,VI-D,688,689,T,,,,,,False,2457,2458,full_msa_only_unresolved_coordinate,medium,0.5439560439560439,0.23076923076923078,2.3437011529219887,0.4560439560439561,E,D;E;P;S;T,differs_from_consensus,False,True,unresolved_internal;scaffold_differs_from_msa_consensus
6E9F,A,VI-D,689,690,A,,,,,,False,2458,2459,full_msa_only_unresolved_coordinate,medium,0.4835164835164835,0.12962962962962962,2.6984803688903556,0.5164835164835164,E,A;E;I;L;N;P;S;T;V,differs_from_consensus,False,True,unresolved_internal;scaffold_differs_from_msa_consensus
6E9F,A,VI-D,690,691,L,,,,,,False,2459,2460,full_msa_only_unresolved_coordinate,medium,0.4065934065934066,0.19047619047619047,2.5036877497927854,0.5934065934065934,Y,F;I;L;P;Y,differs_from_consensus,False,True,unresolved_internal;scaffold_differs_from_msa_consensus
6E9F,A,VI-D,691,692,C,617.0,C,692.0,,CYS,True,2460,2461,four_layer_exact,high,0.3626373626373626,0.20588235294117646,2.462566966920486,0.6373626373626373,D,A;C;D;E;N;P;S;T;Y,differs_from_consensus,False,True,scaffold_differs_from_msa_consensus
6E9F,A,VI-D,692,693,S,618.0,S,693.0,,SER,True,2461,2462,four_layer_exact,high,0.3076923076923077,0.16666666666666666,2.469811713553478,0.6923076923076923,N,D;K;N;Q;R;S;T;V,differs_from_consensus,False,True,scaffold_differs_from_msa_consensus
6E9F,A,VI-D,693,694,A,619.0,A,694.0,,ALA,True,2462,2463,four_layer_exact,high,0.4065934065934066,0.2,2.3080871436024677,0.5934065934065934,P,A;E;G;K;N;P;Q;S;T,differs_from_consensus,False,True,scaffold_differs_from_msa_consensus
6E9F,A,VI-D,694,695,N,620.0,N,695.0,,ASN,True,2482,2483,four_layer_exact,high,0.8846153846153846,0.2887139107611548,2.1441282122661236,0.11538461538461542,E,D;E;K;N;S,differs_from_consensus,True,True,scaffold_differs_from_msa_consensus
6E9F,A,VI-D,695,696,K,621.0,K,696.0,,LYS,True,2483,2484,four_layer_exact,high,0.8901098901098901,0.3125,2.275687682037037,0.10989010989010994,E,A;D;E;K;R;T,differs_from_consensus,True,True,scaffold_differs_from_msa_consensus
6E9F,A,VI-D,696,697,R,622.0,R,697.0,,ARG,True,2484,2485,four_layer_exact,high,0.9945054945054945,0.4535530821917808,1.8017100993145243,0.005494505494505475,K,K;M;Q,differs_from_consensus,True,True,scaffold_differs_from_msa_consensus
6E9F,A,VI-D,697,698,R,623.0,R,698.0,,ARG,True,2485,2486,four_layer_exact,high,1.0,0.46938775510204084,1.4556105835935438,0.0,I,I;L;R;V,differs_from_consensus,True,True,scaffold_differs_from_msa_consensus
6E9F,A,VI-D,698,699,E,624.0,E,699.0,,GLU,True,2486,2487,four_layer_exact,high,1.0,0.31994047619047616,2.0892302674309065,0.0,D,A;D;E;K;N;Q;S,differs_from_consensus,True,True,scaffold_differs_from_msa_consensus
6E9F,A,VI-D,699,700,K,625.0,K,700.0,,LYS,True,2487,2488,four_layer_exact,high,1.0,0.16326530612244897,2.5682494721684734,0.0,E,A;E;F;K;T;V;Y,differs_from_consensus,True,True,scaffold_differs_from_msa_consensus
6E9F,A,VI-D,700,701,L,626.0,L,701.0,,LEU,True,2488,2489,four_layer_exact,high,1.0,0.9183673469387755,0.36299094199134474,0.0,L,I;L,matches_consensus,True,False,
6E9F,A,VI-D,701,702,A,627.0,A,702.0,,ALA,True,2489,2490,four_layer_exact,high,1.0,0.36054421768707484,1.9231872361462825,0.0,A,A;I;S;T;V,matches_consensus,True,False,
6E9F,A,VI-D,702,703,D,628.0,D,703.0,,ASP,True,2490,2491,four_layer_exact,high,1.0,0.23129251700680273,2.0818279240922206,0.0,E,D;E;G;K;N;R,differs_from_consensus,True,True,scaffold_differs_from_msa_consensus
6E9F,A,VI-D,703,704,M,629.0,M,704.0,,MET,True,2491,2492,four_layer_exact,high,1.0,0.1564625850340136,2.3943393928930647,0.0,I,A;E;I;K;L;M;Q;R,differs_from_consensus,True,True,scaffold_differs_from_msa_consensus
6E9F,A,VI-D,704,705,I,630.0,I,705.0,,ILE,True,2492,2493,four_layer_exact,high,1.0,0.5238095238095238,0.9656212078672829,0.0,I,I;L,matches_consensus,True,False,
6E9F,A,VI-D,705,706,A,631.0,A,706.0,,ALA,True,2493,2494,four_layer_exact,high,1.0,0.23129251700680273,2.377059686067302,0.0,T,A;C;K;R;S;T;V,differs_from_consensus,True,True,scaffold_differs_from_msa_consensus
6E9F,A,VI-D,706,707,E,632.0,E,707.0,,GLU,True,2494,2495,four_layer_exact,high,1.0,0.20408163265306123,2.1812981957329782,0.0,G,D;E;G;K;N;Q;S,differs_from_consensus,True,True,scaffold_differs_from_msa_consensus
6E9F,A,VI-D,707,708,I,633.0,I,708.0,,ILE,True,2495,2496,four_layer_exact,high,1.0,0.272108843537415,1.7179731267051934,0.0,F,F;I;L;M;V,differs_from_consensus,True,True,scaffold_differs_from_msa_consensus
6E9F,A,VI-D,708,709,K,634.0,K,709.0,,LYS,True,2496,2497,four_layer_exact,high,1.0,0.41496598639455784,1.6454428118663162,0.0,S,D;K;N;S;T,differs_from_consensus,True,True,scaffold_differs_from_msa_consensus
6E9F,A,VI-D,709,710,F,635.0,F,710.0,,PHE,True,2497,2498,four_layer_exact,high,1.0,0.54421768707483,1.4476296345672652,0.0,F,F;I;L;Y,matches_consensus,True,False,
6E9F,A,VI-D,710,711,E,636.0,E,711.0,,GLU,True,2498,2499,four_layer_exact,high,1.0,0.20904195011337867,2.2685962897054077,0.0,D,D;E;G;K;N;S,differs_from_consensus,True,True,scaffold_differs_from_msa_consensus
6E9F,A,VI-D,711,712,N,637.0,N,712.0,,ASN,True,2500,2501,four_layer_exact,high,0.967032967032967,0.20611702127659576,2.411003770316559,0.03296703296703296,D,D;E;K;N;Q;S;T,differs_from_consensus,True,True,scaffold_differs_from_msa_consensus
6E9F,A,VI-D,712,713,F,638.0,F,713.0,,PHE,True,2502,2503,four_layer_exact,high,0.978021978021978,0.6083916083916084,1.3673360658753668,0.02197802197802201,F,F;I;L,matches_consensus,True,False,
6E9F,A,VI-D,713,714,S,,,,,,False,2503,2504,full_msa_only_unresolved_coordinate,medium,0.978021978021978,0.24475524475524477,2.345306231783017,0.02197802197802201,E,E;I;K;L;R;S;T,differs_from_consensus,False,True,unresolved_internal;scaffold_differs_from_msa_consensus
6E9F,A,VI-D,714,715,D,,,,,,False,2511,2512,full_msa_only_unresolved_coordinate,medium,0.9725274725274725,0.35446009389671357,1.8248594816385622,0.027472527472527486,D,D;G;K;N,matches_consensus,False,True,unresolved_internal
6E9F,A,VI-D,715,716,A,,,,,,False,2517,2518,full_msa_only_unresolved_coordinate,medium,0.9615384615384616,0.5928571428571429,1.110576939410738,0.038461538461538436,V,A;I;V,differs_from_consensus,False,True,unresolved_internal;scaffold_differs_from_msa_consensus
6E9F,A,VI-D,716,717,G,,,,,,False,2526,2527,full_msa_only_unresolved_coordinate,medium,0.8956043956043956,0.2578125,2.3014362249240654,0.10439560439560436,K,D;E;G;K;N;Q;R,differs_from_consensus,False,True,unresolved_internal;scaffold_differs_from_msa_consensus
6E9F,A,VI-D,717,718,N,,,,,,False,2527,2528,full_msa_only_unresolved_coordinate,medium,0.8846153846153846,0.40476190476190477,1.885689526112464,0.11538461538461542,Q,E;K;N;Q;T,differs_from_consensus,False,True,unresolved_internal;scaffold_differs_from_msa_consensus
6E9F,A,VI-D,718,719,Y,,,,,,False,2528,2529,full_msa_only_unresolved_coordinate,medium,0.8846153846153846,0.19047619047619047,2.557731120816462,0.11538461538461542,K,A;K;L;M;N;S;V,differs_from_consensus,False,True,unresolved_internal;scaffold_differs_from_msa_consensus
6E9F,A,VI-D,719,720,Q,,,,,,False,2532,2533,full_msa_only_unresolved_coordinate,medium,0.7802197802197802,0.1743119266055046,2.408228072180579,0.21978021978021978,A,A;D;E;K;N;Q;S;V,differs_from_consensus,False,True,unresolved_internal;scaffold_differs_from_msa_consensus
6E9F,A,VI-D,720,721,K,,,,,,False,2533,2534,full_msa_only_unresolved_coordinate,medium,0.7582417582417582,0.2857142857142857,2.202028705278716,0.2417582417582418,K,D;E;K;N;R;S,matches_consensus,False,True,unresolved_internal
6E9F,A,VI-D,721,722,A,,,,,,False,2541,2542,full_msa_only_unresolved_coordinate,medium,0.35714285714285715,0.26666666666666666,2.268605285634966,0.6428571428571428,A,A;I;S;V,matches_consensus,False,True,unresolved_internal
6E9F,A,VI-D,722,723,N,,,,,,False,2542,2543,full_msa_only_unresolved_coordinate,medium,0.510989010989011,0.3275862068965517,2.0233165659635355,0.48901098901098905,N,E;F;G;K;N;Y,matches_consensus,False,True,unresolved_internal
6E9F,A,VI-D,723,724,V,,,,,,False,2543,2544,full_msa_only_unresolved_coordinate,medium,0.521978021978022,0.284375,2.1764025004460144,0.478021978021978,A,A;D;E;G;K;S;V,differs_from_consensus,False,True,unresolved_internal;scaffold_differs_from_msa_consensus
6E9F,A,VI-D,724,725,T,,,,,,False,2544,2545,full_msa_only_unresolved_coordinate,medium,0.521978021978022,0.25,2.1819940971853127,0.478021978021978,D,D;E;K;N;Q;R;S;T,differs_from_consensus,False,True,unresolved_internal;scaffold_differs_from_msa_consensus
6E9F,A,VI-D,725,726,S,639.0,S,726.0,,SER,True,2551,2552,four_layer_exact,high,0.24175824175824176,0.3076923076923077,1.3516811946858949,0.7582417582417582,G,A;D;G;S,differs_from_consensus,False,True,scaffold_differs_from_msa_consensus
6E9F,A,VI-D,726,727,R,640.0,R,727.0,,ARG,True,2552,2553,four_layer_exact,high,0.24175824175824176,0.23557692307692307,1.8905691715061717,0.7582417582417582,T,D;K;L;S;T;V;Y,differs_from_consensus,False,True,scaffold_differs_from_msa_consensus
6E9F,A,VI-D,727,728,T,641.0,T,728.0,,THR,True,2555,2556,four_layer_exact,high,0.8131868131868132,0.17391304347826086,2.3780661473668188,0.18681318681318682,S,A;G;K;P;Q;R;S;T,differs_from_consensus,True,True,scaffold_differs_from_msa_consensus
6E9F,A,VI-D,728,729,S,642.0,S,729.0,,SER,True,2556,2557,four_layer_exact,high,0.8461538461538461,0.1652892561983471,2.420833704936432,0.15384615384615385,E,A;D;E;K;N;Q;R,differs_from_consensus,True,True,scaffold_differs_from_msa_consensus
6E9F,A,VI-D,729,730,E,643.0,E,730.0,,GLU,True,2558,2559,four_layer_exact,high,0.9505494505494505,0.34057971014492755,2.130455423297098,0.0494505494505495,E,D;E;K;N;Q,matches_consensus,True,False,
6E9F,A,VI-D,730,731,A,644.0,A,731.0,,ALA,True,2559,2560,four_layer_exact,high,0.9725274725274725,0.29577464788732394,2.3409547363578675,0.027472527472527486,N,A;G;I;K;N;Q;S,differs_from_consensus,True,True,scaffold_differs_from_msa_consensus
6E9F,A,VI-D,731,732,E,645.0,E,732.0,,GLU,True,2560,2561,four_layer_exact,high,0.978021978021978,0.1958041958041958,2.514145033457609,0.02197802197802201,E,A;E;I;K;L;Q;S;V,matches_consensus,True,False,
6E9F,A,VI-D,732,733,I,646.0,I,733.0,,ILE,True,2561,2562,four_layer_exact,high,0.9835164835164835,0.3402777777777778,2.1743241749712787,0.016483516483516536,E,D;E;K;Q;R,differs_from_consensus,True,True,scaffold_differs_from_msa_consensus
6E9F,A,VI-D,733,734,K,647.0,K,734.0,,LYS,True,2562,2563,four_layer_exact,high,0.989010989010989,0.6827586206896552,1.1966129281184084,0.01098901098901095,K,I;K;R,matches_consensus,True,False,
6E9F,A,VI-D,734,735,R,648.0,R,735.0,,ARG,True,2563,2564,four_layer_exact,high,0.989010989010989,0.5655172413793104,1.6154148084290416,0.01098901098901095,E,A;E;Q;R,differs_from_consensus,True,True,scaffold_differs_from_msa_consensus
6E9F,A,VI-D,735,736,K,649.0,K,736.0,,LYS,True,2564,2565,four_layer_exact,high,0.9945054945054945,0.4452054794520548,1.5924278725022518,0.005494505494505475,R,K;Q;R,differs_from_consensus,True,True,scaffold_differs_from_msa_consensus
6E9F,A,VI-D,736,737,N,650.0,N,737.0,,ASN,True,2565,2566,four_layer_exact,high,1.0,0.22448979591836735,2.217077410589673,0.0,K,F;K;L;M;N;Y,differs_from_consensus,True,True,scaffold_differs_from_msa_consensus
6E9F,A,VI-D,737,738,Q,651.0,Q,738.0,,GLN,True,2566,2567,four_layer_exact,high,1.0,0.5714285714285714,1.3168066800392397,0.0,K,K;Q,differs_from_consensus,True,True,scaffold_differs_from_msa_consensus
6E9F,A,VI-D,738,739,A,652.0,A,739.0,,ALA,True,2567,2568,four_layer_exact,high,1.0,0.6585884353741497,1.2836432611857385,0.0,A,A;N;S,matches_consensus,True,False,
6E9F,A,VI-D,739,740,I,653.0,I,740.0,,ILE,True,2568,2569,four_layer_exact,high,1.0,0.40816326530612246,1.4013609778265448,0.0,I,I;L;V,matches_consensus,True,False,
6E9F,A,VI-D,740,741,I,654.0,I,741.0,,ILE,True,2569,2570,four_layer_exact,high,0.9945054945054945,0.5051194539249146,1.3480713694736552,0.005494505494505475,I,I;L;T;V,matches_consensus,True,False,
6E9F,A,VI-D,741,742,R,655.0,R,742.0,,ARG,True,2570,2571,four_layer_exact,high,0.9945054945054945,0.3583617747440273,1.628871656479298,0.005494505494505475,G,G;K;N;R;S;T,differs_from_consensus,True,True,scaffold_differs_from_msa_consensus
6E9F,A,VI-D,742,743,L,656.0,L,743.0,,LEU,True,2571,2572,four_layer_exact,high,0.9945054945054945,0.9726962457337884,0.1405949040578399,0.005494505494505475,L,L,matches_consensus,True,False,
6E9F,A,VI-D,743,744,Y,657.0,Y,744.0,,TYR,True,2572,2573,four_layer_exact,high,0.9945054945054945,0.9931740614334471,0.04084371786340105,0.005494505494505475,Y,Y,matches_consensus,True,False,
6E9F,A,VI-D,744,745,L,658.0,L,745.0,,LEU,True,2573,2574,four_layer_exact,high,0.9945054945054945,0.8703071672354948,0.5659801064147093,0.005494505494505475,L,L,matches_consensus,True,False,
6E9F,A,VI-D,745,746,T,659.0,T,746.0,,THR,True,2574,2575,four_layer_exact,high,0.9945054945054945,0.8464163822525598,0.682968501365504,0.005494505494505475,T,N;T,matches_consensus,True,False,
6E9F,A,VI-D,746,747,V,660.0,V,747.0,,VAL,True,2575,2576,four_layer_exact,high,0.9945054945054945,0.7815699658703071,0.7252802535594597,0.005494505494505475,V,I;V,matches_consensus,True,False,
6E9F,A,VI-D,747,748,M,661.0,M,748.0,,MET,True,2576,2577,four_layer_exact,high,0.9945054945054945,0.3583617747440273,1.7035115601036432,0.005494505494505475,L,A;I;L;M;V,differs_from_consensus,True,True,scaffold_differs_from_msa_consensus
6E9F,A,VI-D,748,749,Y,662.0,Y,749.0,,TYR,True,2577,2578,four_layer_exact,high,0.9945054945054945,0.9453924914675768,0.23243900427431557,0.005494505494505475,Y,Y,matches_consensus,True,False,
6E9F,A,VI-D,749,750,I,663.0,I,750.0,,ILE,True,2578,2579,four_layer_exact,high,0.9945054945054945,0.5802047781569966,1.3137402061419368,0.005494505494505475,L,I;L;Q,differs_from_consensus,True,True,scaffold_differs_from_msa_consensus
6E9F,A,VI-D,750,751,M,664.0,M,751.0,,MET,True,2579,2580,four_layer_exact,high,0.9945054945054945,0.3583617747440273,1.6765219583980584,0.005494505494505475,I,A;F;I;L;V,differs_from_consensus,True,True,scaffold_differs_from_msa_consensus
6E9F,A,VI-D,751,752,L,665.0,L,752.0,,LEU,True,2580,2581,four_layer_exact,high,0.9945054945054945,0.41638225255972694,1.7118747516697965,0.005494505494505475,V,I;L;T;V,differs_from_consensus,True,True,scaffold_differs_from_msa_consensus
6E9F,A,VI-D,752,753,K,666.0,K,753.0,,LYS,True,2581,2582,four_layer_exact,high,0.9945054945054945,1.0,-0.0,0.005494505494505475,K,K,matches_consensus,True,False,
6E9F,A,VI-D,753,754,N,667.0,N,754.0,,ASN,True,2582,2583,four_layer_exact,high,0.9945054945054945,0.7747440273037542,0.8187206589520368,0.005494505494505475,N,N;S,matches_consensus,True,False,
6E9F,A,VI-D,754,755,L,668.0,L,755.0,,LEU,True,2583,2584,four_layer_exact,high,0.9945054945054945,0.7610921501706485,0.7497833821657893,0.005494505494505475,L,I;L;M,matches_consensus,True,False,
6E9F,A,VI-D,755,756,V,669.0,V,756.0,,VAL,True,2584,2585,four_layer_exact,high,0.9945054945054945,0.8327645051194539,0.7317718664974477,0.005494505494505475,V,I;V,matches_consensus,True,False,
6E9F,A,VI-D,756,757,N,670.0,N,757.0,,ASN,True,2585,2586,four_layer_exact,high,0.9945054945054945,0.3651877133105802,1.6138005399096629,0.005494505494505475,N,K;N;R;Y,matches_consensus,True,False,
6E9F,A,VI-D,757,758,V,671.0,V,758.0,,VAL,True,2586,2587,four_layer_exact,high,0.9945054945054945,0.5358361774744027,1.0578935661054298,0.005494505494505475,V,A;I;V,matches_consensus,True,False,
6E9F,A,VI-D,758,759,N,672.0,N,759.0,,ASN,True,2587,2588,four_layer_exact,high,0.9945054945054945,1.0,-0.0,0.005494505494505475,N,N,matches_consensus,True,False,
6E9F,A,VI-D,759,760,A,673.0,A,760.0,,ALA,True,2588,2589,four_layer_exact,high,0.9945054945054945,0.44368600682593856,1.204293998580746,0.005494505494505475,S,A;S;T,differs_from_consensus,True,True,scaffold_differs_from_msa_consensus
6E9F,A,VI-D,760,761,R,674.0,R,761.0,,ARG,True,2589,2590,four_layer_exact,high,0.9945054945054945,0.8293515358361775,0.7967762206574318,0.005494505494505475,R,R,matches_consensus,True,False,
6E9F,A,VI-D,761,762,Y,675.0,Y,762.0,,TYR,True,2590,2591,four_layer_exact,high,0.9945054945054945,0.8293515358361775,0.4569129468902394,0.005494505494505475,Y,F;Y,matches_consensus,True,False,
6E9F,A,VI-D,762,763,V,676.0,V,763.0,,VAL,True,2591,2592,four_layer_exact,high,0.9945054945054945,0.310580204778157,1.930086470252553,0.005494505494505475,V,F;L;S;T;V,matches_consensus,True,False,
6E9F,A,VI-D,763,764,I,677.0,I,764.0,,ILE,True,2592,2593,four_layer_exact,high,0.9945054945054945,0.5460750853242321,1.2426740662908782,0.005494505494505475,I,I;L;M,matches_consensus,True,False,
6E9F,A,VI-D,764,765,A,678.0,A,765.0,,ALA,True,2593,2594,four_layer_exact,high,0.9945054945054945,0.8430034129692833,0.48103875045225025,0.005494505494505475,A,A;G,matches_consensus,True,False,
6E9F,A,VI-D,765,766,F,679.0,F,766.0,,PHE,True,2594,2595,four_layer_exact,high,0.9945054945054945,0.7474402730375427,0.9933917542404176,0.005494505494505475,F,F;I;Y,matches_consensus,True,False,
6E9F,A,VI-D,766,767,H,680.0,H,767.0,,HIS,True,2595,2596,four_layer_exact,high,0.9945054945054945,0.44368600682593856,1.8268208765594283,0.005494505494505475,H,A;H;Q;S;Y,matches_consensus,True,False,
6E9F,A,VI-D,767,768,C,681.0,C,768.0,,CYS,True,2596,2597,four_layer_exact,high,0.9945054945054945,0.5187713310580204,1.7740587079985133,0.005494505494505475,C,A;C;S,matches_consensus,True,False,
6E9F,A,VI-D,768,769,V,682.0,V,769.0,,VAL,True,2597,2598,four_layer_exact,high,0.9945054945054945,0.5872440273037542,1.4647097106339533,0.005494505494505475,L,F;L;V;Y,differs_from_consensus,True,True,scaffold_differs_from_msa_consensus
6E9F,A,VI-D,769,770,E,683.0,E,770.0,,GLU,True,2598,2599,four_layer_exact,high,0.9945054945054945,0.9385665529010239,0.31499124039210447,0.005494505494505475,E,E,matches_consensus,True,False,
6E9F,A,VI-D,770,771,R,684.0,R,771.0,,ARG,True,2599,2600,four_layer_exact,high,0.9945054945054945,0.9110494880546075,0.44459488025201893,0.005494505494505475,R,R,matches_consensus,True,False,
6E9F,A,VI-D,771,772,D,685.0,D,772.0,,ASP,True,2600,2601,four_layer_exact,high,0.9945054945054945,0.9726962457337884,0.1630920840305657,0.005494505494505475,D,D,matches_consensus,True,False,
6E9F,A,VI-D,772,773,T,686.0,T,773.0,,THR,True,2602,2603,four_layer_exact,high,0.9835164835164835,0.2320501730103806,2.369872249098753,0.016483516483516536,A,A;R;S;T;Y,differs_from_consensus,True,True,scaffold_differs_from_msa_consensus
6E9F,A,VI-D,773,774,K,687.0,K,774.0,,LYS,True,2603,2604,four_layer_exact,high,0.989010989010989,0.15807560137457044,2.5890123444313353,0.01098901098901095,A,A;E;K;L;Q;S;V;Y,differs_from_consensus,True,True,scaffold_differs_from_msa_consensus
6E9F,A,VI-D,774,775,L,688.0,L,775.0,,LEU,True,2604,2605,four_layer_exact,high,0.989010989010989,0.7353951890034365,1.0705526406580745,0.01098901098901095,L,F;I;L,matches_consensus,True,False,
6E9F,A,VI-D,775,776,Y,689.0,Y,776.0,,TYR,True,2606,2607,four_layer_exact,high,0.9120879120879121,0.4015151515151515,1.8462381770052159,0.08791208791208793,Y,F;H;I;K;L;Y,matches_consensus,True,False,
6E9F,A,VI-D,776,777,A,690.0,A,777.0,,ALA,True,2607,2608,four_layer_exact,high,0.7967032967032966,0.2072072072072072,2.4239874098099996,0.20329670329670335,G,D;E;G;K;L;N,differs_from_consensus,False,True,scaffold_differs_from_msa_consensus
6E9F,A,VI-D,777,778,E,691.0,E,778.0,,GLU,True,2608,2609,four_layer_exact,high,0.6483516483516484,0.10588235294117647,2.708149798870757,0.3516483516483516,Q,D;E;I;K;L;N;Q;R;V,differs_from_consensus,False,True,scaffold_differs_from_msa_consensus
6E9F,A,VI-D,778,779,S,692.0,S,779.0,,SER,True,2609,2610,four_layer_exact,high,0.5274725274725275,0.25396825396825395,2.3626466250137828,0.4725274725274725,K,E;K;Q;S,differs_from_consensus,False,True,scaffold_differs_from_msa_consensus
6E9F,A,VI-D,779,780,G,693.0,G,780.0,,GLY,True,2615,2616,four_layer_exact,high,0.7142857142857143,0.28983160621761656,2.073080346070501,0.2857142857142857,G,D;E;G;K;N;S,matches_consensus,False,False,
6E9F,A,VI-D,780,781,L,694.0,L,781.0,,LEU,True,2617,2618,four_layer_exact,high,0.7472527472527473,0.22439024390243903,2.4455305924756554,0.25274725274725274,K,D;E;I;K;L;Q;V,differs_from_consensus,False,True,scaffold_differs_from_msa_consensus
6E9F,A,VI-D,781,782,E,695.0,E,782.0,,GLU,True,2618,2619,four_layer_exact,high,0.7967032967032966,0.25168161434977576,2.32476777145408,0.20329670329670335,K,A;E;K;N;S;T,differs_from_consensus,False,True,scaffold_differs_from_msa_consensus
6E9F,A,VI-D,782,783,V,696.0,V,783.0,,VAL,True,2619,2620,four_layer_exact,high,0.7472527472527473,0.26108374384236455,2.1158077834497107,0.25274725274725274,L,F;G;I;L;V;Y,differs_from_consensus,False,True,scaffold_differs_from_msa_consensus
6E9F,A,VI-D,783,784,G,697.0,G,784.0,,GLY,True,2621,2622,four_layer_exact,high,0.6208791208791209,0.17834394904458598,2.4032502966240665,0.3791208791208791,K,D;E;G;K;N;S,differs_from_consensus,False,True,scaffold_differs_from_msa_consensus
6E9F,A,VI-D,784,785,N,698.0,N,785.0,,ASN,True,2622,2623,four_layer_exact,high,0.5769230769230769,0.24113475177304963,2.336916710266744,0.42307692307692313,N,D;G;K;N;S,matches_consensus,False,False,
6E9F,A,VI-D,785,786,I,699.0,I,786.0,,ILE,True,2623,2624,four_layer_exact,high,0.34615384615384615,0.12698412698412698,2.487636534927092,0.6538461538461539,G,G;H;I;L;N;S;T;V;Y,differs_from_consensus,False,True,scaffold_differs_from_msa_consensus
6E9F,A,VI-D,786,787,E,700.0,E,787.0,,GLU,True,2642,2643,four_layer_exact,high,0.41208791208791207,0.18823529411764706,2.454431655078948,0.5879120879120879,D,D;E;G;L;S;T,differs_from_consensus,False,True,scaffold_differs_from_msa_consensus
6E9F,A,VI-D,787,788,K,701.0,K,788.0,,LYS,True,2643,2644,four_layer_exact,high,0.4175824175824176,0.5632183908045977,1.5845661384715548,0.5824175824175823,K,E;K;N,matches_consensus,False,False,
6E9F,A,VI-D,788,789,N,702.0,N,789.0,,ASN,True,2644,2645,four_layer_exact,high,0.36813186813186816,0.17391304347826086,2.3475170550896696,0.6318681318681318,N,A;D;E;F;K;N;Q;S,matches_consensus,False,False,
6E9F,A,VI-D,789,790,K,703.0,K,790.0,,LYS,True,2645,2646,four_layer_exact,high,0.34065934065934067,0.14754098360655737,2.5363113539376276,0.6593406593406593,R,A;C;D;E;G;K;L;N;Q;R,differs_from_consensus,False,True,scaffold_differs_from_msa_consensus
6E9F,A,VI-D,790,791,T,704.0,T,791.0,,THR,True,2677,2678,four_layer_exact,high,0.989010989010989,0.3024054982817869,2.309402011292449,0.01098901098901095,L,A;F;L;R;S;T,differs_from_consensus,True,True,scaffold_differs_from_msa_consensus
6E9F,A,VI-D,791,792,N,705.0,N,792.0,,ASN,True,2678,2679,four_layer_exact,high,0.989010989010989,0.3230240549828179,2.3644001380882167,0.01098901098901095,A,A;E;G;K;S,differs_from_consensus,True,True,scaffold_differs_from_msa_consensus
6E9F,A,VI-D,792,793,L,706.0,L,793.0,,LEU,True,2679,2680,four_layer_exact,high,0.9945054945054945,0.7098976109215017,1.1075423377193525,0.005494505494505475,L,F;I;L,matches_consensus,True,False,
6E9F,A,VI-D,793,794,T,707.0,T,794.0,,THR,True,2700,2701,four_layer_exact,high,0.989010989010989,0.5876288659793815,1.3628932113580754,0.01098901098901095,T,A;L;S;T;V,matches_consensus,True,False,
6E9F,A,VI-D,794,795,M,708.0,M,795.0,,MET,True,2701,2702,four_layer_exact,high,0.989010989010989,0.23367697594501718,2.2404601917955667,0.01098901098901095,K,A;D;E;K;N;Q;R,differs_from_consensus,True,True,scaffold_differs_from_msa_consensus
6E9F,A,VI-D,795,796,A,709.0,A,796.0,,ALA,True,2702,2703,four_layer_exact,high,0.9945054945054945,0.15753424657534246,2.5787273039239347,0.005494505494505475,Y,A;D;E;H;K;L;R;Y,differs_from_consensus,True,True,scaffold_differs_from_msa_consensus
6E9F,A,VI-D,796,797,V,710.0,V,797.0,,VAL,True,2703,2704,four_layer_exact,high,0.989010989010989,0.4827586206896552,1.609178058533682,0.01098901098901095,F,F;L;Y,differs_from_consensus,True,True,scaffold_differs_from_msa_consensus
6E9F,A,VI-D,797,798,M,711.0,M,798.0,,MET,True,2704,2705,four_layer_exact,high,0.989010989010989,0.38620689655172413,1.8964710809938348,0.01098901098901095,L,I;L;M;V,differs_from_consensus,True,True,scaffold_differs_from_msa_consensus
6E9F,A,VI-D,798,799,G,712.0,G,799.0,,GLY,True,2707,2708,four_layer_exact,high,0.9835164835164835,0.20833333333333334,2.3561891361010985,0.016483516483516536,E,A;D;E;G;K;N;S,differs_from_consensus,True,True,scaffold_differs_from_msa_consensus
6E9F,A,VI-D,799,800,V,713.0,V,800.0,,VAL,True,2708,2709,four_layer_exact,high,0.9560439560439561,0.2078853046594982,2.396700478961797,0.04395604395604391,E,D;E;I;K;N;Q;R,differs_from_consensus,True,True,scaffold_differs_from_msa_consensus
6E9F,A,VI-D,800,801,K,714.0,K,801.0,,LYS,True,2750,2751,four_layer_exact,high,0.45604395604395603,0.23300970873786409,2.2828275399384372,0.543956043956044,K,A;D;E;K;N;R;S;T,matches_consensus,False,False,
6E9F,A,VI-D,801,802,L,715.0,L,802.0,,LEU,True,2751,2752,four_layer_exact,high,0.46153846153846156,0.19047619047619047,2.3429864624014907,0.5384615384615384,E,A;D;E;K;L;N;P;T,differs_from_consensus,False,True,scaffold_differs_from_msa_consensus
6E9F,A,VI-D,802,803,E,716.0,E,803.0,,GLU,True,2752,2753,four_layer_exact,high,0.46703296703296704,0.32710280373831774,2.2055683713182455,0.532967032967033,E,D;E;G;N;P;Q,matches_consensus,False,False,
6E9F,A,VI-D,803,804,N,717.0,N,804.0,,ASN,True,2753,2754,four_layer_exact,high,0.47802197802197804,0.2882882882882883,1.9605735622880087,0.5219780219780219,R,K;N;Q;R;S,differs_from_consensus,False,True,scaffold_differs_from_msa_consensus
6E9F,A,VI-D,804,805,G,718.0,G,805.0,,GLY,True,2754,2755,four_layer_exact,high,0.3021978021978022,0.375,2.0216792766331735,0.6978021978021978,G,A;G;I;T,matches_consensus,False,False,
6E9F,A,VI-D,805,806,I,719.0,I,806.0,,ILE,True,2755,2756,four_layer_exact,high,0.25824175824175827,0.375,1.9273310810450341,0.7417582417582418,E,A;E;F;I;P;R;S;T;V,differs_from_consensus,False,True,scaffold_differs_from_msa_consensus
6E9F,A,VI-D,806,807,I,720.0,I,807.0,,ILE,True,2756,2757,four_layer_exact,high,0.25824175824175827,0.3125,1.977006172908861,0.7417582417582418,I,A;E;I;K;L;R;T;V;Y,matches_consensus,False,False,
6E9F,A,VI-D,807,808,K,721.0,K,808.0,,LYS,True,2757,2758,four_layer_exact,high,0.25824175824175827,0.25,2.0467385326945515,0.7417582417582418,K,A;E;F;K;L;M;P;Q;V,matches_consensus,False,False,
6E9F,A,VI-D,808,809,T,722.0,T,809.0,,THR,True,2758,2759,four_layer_exact,high,0.25824175824175827,0.3125,1.8364223867541591,0.7417582417582418,E,A;D;E;G;K;N;T;Y,differs_from_consensus,False,True,scaffold_differs_from_msa_consensus
6E9F,A,VI-D,809,810,E,723.0,E,810.0,,GLU,True,2759,2760,four_layer_exact,high,0.25824175824175827,0.375,1.6674619334292948,0.7417582417582418,D,D;E;K;R;S;T;V,differs_from_consensus,False,True,scaffold_differs_from_msa_consensus
6E9F,A,VI-D,810,811,F,724.0,F,811.0,,PHE,True,2764,2765,four_layer_exact,high,0.3021978021978022,0.2916666666666667,2.278081366326456,0.6978021978021978,C,C;I;L;T,differs_from_consensus,False,True,scaffold_differs_from_msa_consensus
6E9F,A,VI-D,811,812,D,725.0,D,812.0,,ASP,True,2765,2766,four_layer_exact,high,0.31868131868131866,0.2962962962962963,2.0542170065194,0.6813186813186813,D,A;D;E;G;N;P;V,matches_consensus,False,False,
6E9F,A,VI-D,812,813,K,726.0,K,813.0,,LYS,True,2766,2767,four_layer_exact,high,0.42857142857142855,0.2765957446808511,2.382890784089819,0.5714285714285714,K,K;N;P;Q;R;S,matches_consensus,False,False,
6E9F,A,VI-D,813,814,S,727.0,S,814.0,,SER,True,2767,2768,four_layer_exact,high,0.4725274725274725,0.12727272727272726,2.515219789085249,0.5274725274725275,E,A;D;E;G;I;K;P;S;V,differs_from_consensus,False,True,scaffold_differs_from_msa_consensus
6E9F,A,VI-D,814,815,F,728.0,F,815.0,,PHE,True,2768,2769,four_layer_exact,high,0.47802197802197804,0.17857142857142858,2.576563939914319,0.5219780219780219,K,A;D;E;F;K;L;R;S;T,differs_from_consensus,False,True,scaffold_differs_from_msa_consensus
6E9F,A,VI-D,815,816,A,729.0,A,816.0,,ALA,True,2769,2770,four_layer_exact,high,0.47802197802197804,0.23214285714285715,2.410439512304235,0.5219780219780219,A,A;D;L;R;V;Y,matches_consensus,False,False,
6E9F,A,VI-D,816,817,E,730.0,E,817.0,,GLU,True,2770,2771,four_layer_exact,high,0.489010989010989,0.39655172413793105,1.753979294799344,0.510989010989011,K,A;D;E;K;R,differs_from_consensus,False,True,scaffold_differs_from_msa_consensus
6E9F,A,VI-D,817,818,N,731.0,N,818.0,,ASN,True,2771,2772,four_layer_exact,high,0.4835164835164835,0.2807017543859649,2.107607824357211,0.5164835164835164,E,A;E;K;N;Q;S;T,differs_from_consensus,False,True,scaffold_differs_from_msa_consensus
6E9F,A,VI-D,818,819,A,732.0,A,819.0,,ALA,True,2772,2773,four_layer_exact,high,0.4725274725274725,0.37735849056603776,2.041816216533003,0.5274725274725275,A,A;L;S;T;V,matches_consensus,False,False,
6E9F,A,VI-D,819,820,A,733.0,A,820.0,,ALA,True,2773,2774,four_layer_exact,high,0.6318681318681318,0.147239263803681,2.588783200271536,0.36813186813186816,K,K;L;N;R;T,differs_from_consensus,False,True,scaffold_differs_from_msa_consensus
6E9F,A,VI-D,820,821,N,734.0,N,821.0,,ASN,True,2774,2775,four_layer_exact,high,0.6373626373626373,0.2909090909090909,2.0103418791286254,0.3626373626373627,N,D;K;N;R;S,matches_consensus,False,False,
6E9F,A,VI-D,821,822,R,735.0,R,822.0,,ARG,True,2775,2776,four_layer_exact,high,0.6373626373626373,0.21818181818181817,2.301561125909051,0.3626373626373627,R,A;E;G;K;R,matches_consensus,False,False,
6E9F,A,VI-D,822,823,Y,736.0,Y,823.0,,TYR,True,2776,2777,four_layer_exact,high,0.6648351648351648,0.30857142857142855,2.1124356890593097,0.3351648351648352,Y,F;H;L;Y,matches_consensus,False,False,
6E9F,A,VI-D,823,824,L,737.0,L,824.0,,LEU,True,2777,2778,four_layer_exact,high,0.6648351648351648,0.5828571428571429,1.5659919020608037,0.3351648351648352,L,F;I;K;L;R,matches_consensus,False,False,
6E9F,A,VI-D,824,825,R,738.0,R,825.0,,ARG,True,2778,2779,four_layer_exact,high,0.6593406593406593,0.3930635838150289,1.8599215232801662,0.34065934065934067,K,A;D;K;R,differs_from_consensus,False,True,scaffold_differs_from_msa_consensus
6E9F,A,VI-D,825,826,N,739.0,N,826.0,,ASN,True,2791,2792,four_layer_exact,high,0.9615384615384616,0.3487544483985765,2.0376508177228585,0.038461538461538436,N,K;N;Q;R,matches_consensus,True,False,
6E9F,A,VI-D,826,827,A,740.0,A,827.0,,ALA,True,2792,2793,four_layer_exact,high,0.9835164835164835,0.40599769319492507,2.0801532475047324,0.016483516483516536,K,K;M;R;T,differs_from_consensus,True,True,scaffold_differs_from_msa_consensus
6E9F,A,VI-D,827,828,R,741.0,R,828.0,,ARG,True,2793,2794,four_layer_exact,high,0.9835164835164835,0.35986159169550175,1.445138951463459,0.016483516483516536,H,H;K;R;S,differs_from_consensus,True,True,scaffold_differs_from_msa_consensus
6E9F,A,VI-D,828,829,W,742.0,W,829.0,,TRP,True,2794,2795,four_layer_exact,high,0.9835164835164835,0.17993079584775087,2.322548022835267,0.016483516483516536,F,A;F;L;V;W;Y,differs_from_consensus,True,True,scaffold_differs_from_msa_consensus
6E9F,A,VI-D,829,830,Y,743.0,Y,830.0,,TYR,True,2795,2796,four_layer_exact,high,0.9835164835164835,0.1453287197231834,2.612648747591606,0.016483516483516536,S,A;C;G;K;N;R;S;T;Y,differs_from_consensus,True,True,scaffold_differs_from_msa_consensus
6E9F,A,VI-D,830,831,K,744.0,K,831.0,,LYS,True,2796,2797,four_layer_exact,high,0.978021978021978,0.1672473867595819,2.5902126977516384,0.02197802197802201,E,D;E;G;K;Q;R;S,differs_from_consensus,True,True,scaffold_differs_from_msa_consensus
6E9F,A,VI-D,831,832,L,745.0,L,832.0,,LEU,True,2820,2821,four_layer_exact,high,0.967032967032967,0.47703180212014135,1.7914208502171265,0.03296703296703296,Y,C;I;L;Y,differs_from_consensus,True,True,scaffold_differs_from_msa_consensus
6E9F,A,VI-D,832,833,I,746.0,I,833.0,,ILE,True,2821,2822,four_layer_exact,high,0.9615384615384616,0.3914590747330961,1.5504590116416832,0.038461538461538436,L,F;I;L;M;V,differs_from_consensus,True,True,scaffold_differs_from_msa_consensus
6E9F,A,VI-D,833,834,L,747.0,L,834.0,,LEU,True,2822,2823,four_layer_exact,high,0.9560439560439561,0.27956989247311825,2.5010599389054975,0.04395604395604391,K,A;E;K;R;S;T;V,differs_from_consensus,True,True,scaffold_differs_from_msa_consensus
6E9F,A,VI-D,834,835,D,748.0,D,835.0,,ASP,True,2824,2825,four_layer_exact,high,0.9505494505494505,0.22021660649819494,2.3007268366601537,0.0494505494505495,K,D;E;H;K;N;Q;S;T,differs_from_consensus,True,True,scaffold_differs_from_msa_consensus
6E9F,A,VI-D,835,836,N,749.0,N,836.0,,ASN,True,2860,2861,four_layer_exact,high,0.978021978021978,0.6794425087108014,1.0070103004882645,0.02197802197802201,N,D;N,matches_consensus,True,False,
6E9F,A,VI-D,836,837,L,750.0,L,837.0,,LEU,True,2867,2868,four_layer_exact,high,0.945054945054945,0.3709090909090909,1.7519562069429615,0.05494505494505497,L,F;I;L;M;V,matches_consensus,True,False,
6E9F,A,VI-D,837,838,K,751.0,K,838.0,,LYS,True,2886,2887,four_layer_exact,high,0.967032967032967,0.23674911660777384,2.1489935970760325,0.03296703296703296,E,A;D;E;K;N;S,differs_from_consensus,True,True,scaffold_differs_from_msa_consensus
6E9F,A,VI-D,838,839,K,752.0,K,839.0,,LYS,True,2887,2888,four_layer_exact,high,0.967032967032967,0.4169611307420495,2.0048846984549202,0.03296703296703296,N,E;H;N;S,differs_from_consensus,True,True,scaffold_differs_from_msa_consensus
6E9F,A,VI-D,839,840,S,753.0,S,840.0,,SER,True,2901,2902,four_layer_exact,high,0.945054945054945,0.2909090909090909,2.1035600283597664,0.05494505494505497,A,A;I;L;S;V;Y,differs_from_consensus,True,True,scaffold_differs_from_msa_consensus
6E9F,A,VI-D,840,841,E,754.0,E,841.0,,GLU,True,2902,2903,four_layer_exact,high,0.9395604395604396,0.358974358974359,2.0819152050835474,0.06043956043956045,D,D;E;K;N;R;S,differs_from_consensus,True,True,scaffold_differs_from_msa_consensus
6E9F,A,VI-D,841,842,R,755.0,R,842.0,,ARG,True,2903,2904,four_layer_exact,high,0.9340659340659341,0.18450184501845018,2.3924975417138663,0.06593406593406592,K,D;E;K;N;Q;S,differs_from_consensus,True,True,scaffold_differs_from_msa_consensus
6E9F,A,VI-D,842,843,A,756.0,A,843.0,,ALA,True,2904,2905,four_layer_exact,high,0.9120879120879121,0.1444866920152091,2.714515138638037,0.08791208791208793,I,A;G;I;L;N;S;T;W;Y,differs_from_consensus,True,True,scaffold_differs_from_msa_consensus
6E9F,A,VI-D,843,844,V,757.0,V,844.0,,VAL,True,2927,2928,four_layer_exact,high,0.945054945054945,0.2608695652173913,2.1653032680391404,0.05494505494505497,L,A;F;I;L;M;S;T;V,differs_from_consensus,True,True,scaffold_differs_from_msa_consensus
6E9F,A,VI-D,844,845,V,758.0,V,845.0,,VAL,True,2928,2929,four_layer_exact,high,0.967032967032967,0.3028169014084507,1.9963040312387688,0.03296703296703296,I,F;I;L;V;Y,differs_from_consensus,True,True,scaffold_differs_from_msa_consensus
6E9F,A,VI-D,845,846,N,759.0,N,846.0,,ASN,True,2940,2941,four_layer_exact,high,0.9945054945054945,0.24914675767918087,2.2916369484788452,0.005494505494505475,R,K;N;R;S;T;V,differs_from_consensus,True,True,scaffold_differs_from_msa_consensus
6E9F,A,VI-D,846,847,E,760.0,E,847.0,,GLU,True,2941,2942,four_layer_exact,high,0.9945054945054945,0.12286689419795221,2.709728539248469,0.005494505494505475,A,A;D;E;K;L;N;Q;S;T;V,differs_from_consensus,True,True,scaffold_differs_from_msa_consensus
6E9F,A,VI-D,847,848,F,761.0,F,848.0,,PHE,True,2942,2943,four_layer_exact,high,0.9945054945054945,0.4778156996587031,1.264865563050892,0.005494505494505475,Y,A;F;Y,differs_from_consensus,True,True,scaffold_differs_from_msa_consensus
6E9F,A,VI-D,848,849,A,762.0,A,849.0,,ALA,True,2943,2944,four_layer_exact,high,0.9945054945054945,0.9863481228668942,0.07217776154617153,0.005494505494505475,R,R,differs_from_consensus,True,True,scaffold_differs_from_msa_consensus
6E9F,A,VI-D,849,850,N,763.0,N,850.0,,ASN,True,2944,2945,four_layer_exact,high,0.9945054945054945,0.9658703071672355,0.19428341938950588,0.005494505494505475,N,N,matches_consensus,True,False,
6E9F,A,VI-D,850,851,T,764.0,T,851.0,,THR,True,2945,2946,four_layer_exact,high,0.9945054945054945,0.19795221843003413,2.486413414557738,0.005494505494505475,N,A;C;I;K;N;Q;S;T,differs_from_consensus,True,True,scaffold_differs_from_msa_consensus
6E9F,A,VI-D,851,852,V,765.0,V,852.0,,VAL,True,2946,2947,four_layer_exact,high,0.9945054945054945,0.5358361774744027,1.1687021341462314,0.005494505494505475,V,A;I;T;V,matches_consensus,True,False,
6E9F,A,VI-D,852,853,C,766.0,C,853.0,,CYS,True,2947,2948,four_layer_exact,high,0.9945054945054945,0.5426621160409556,1.5575289013707645,0.005494505494505475,A,A;D;E;M,differs_from_consensus,True,True,scaffold_differs_from_msa_consensus
6E9F,A,VI-D,853,854,A,767.0,A,854.0,,ALA,True,2948,2949,four_layer_exact,high,0.9945054945054945,0.9931740614334471,0.04084371786340105,0.005494505494505475,H,H,differs_from_consensus,True,True,scaffold_differs_from_msa_consensus
6E9F,A,VI-D,854,855,L,768.0,L,855.0,,LEU,True,2949,2950,four_layer_exact,high,0.9945054945054945,0.7747440273037542,0.9264919163679826,0.005494505494505475,L,I;L;M,matches_consensus,True,False,
6E9F,A,VI-D,855,856,N,769.0,N,856.0,,ASN,True,2950,2951,four_layer_exact,high,0.9945054945054945,0.5460750853242321,1.51553409871928,0.005494505494505475,N,A;N;S;T,matches_consensus,True,False,
6E9F,A,VI-D,856,857,A,770.0,A,857.0,,ALA,True,2951,2952,four_layer_exact,high,0.9945054945054945,0.4129692832764505,1.4208257338511148,0.005494505494505475,A,A;I;V,matches_consensus,True,False,
6E9F,A,VI-D,857,858,I,771.0,I,858.0,,ILE,True,2952,2953,four_layer_exact,high,0.9945054945054945,0.4197952218430034,1.2712606531607642,0.005494505494505475,V,I;L;V,differs_from_consensus,True,True,scaffold_differs_from_msa_consensus
6E9F,A,VI-D,858,859,R,772.0,R,859.0,,ARG,True,2970,2971,four_layer_exact,high,0.9835164835164835,0.5190311418685121,1.805813755696792,0.016483516483516536,R,A;N;R;S,matches_consensus,True,False,
6E9F,A,VI-D,859,860,N,773.0,N,860.0,,ASN,True,2971,2972,four_layer_exact,high,0.9835164835164835,0.3806228373702422,2.102410568039889,0.016483516483516536,N,A;D;E;K;N;R;S,matches_consensus,True,False,
6E9F,A,VI-D,860,861,I,774.0,I,861.0,,ILE,True,2972,2973,four_layer_exact,high,0.978021978021978,0.3310104529616725,1.93143586602138,0.02197802197802201,A,A;C;F;I;L;M;V,differs_from_consensus,True,True,scaffold_differs_from_msa_consensus
6E9F,A,VI-D,861,862,N,775.0,N,862.0,,ASN,True,2973,2974,four_layer_exact,high,0.978021978021978,0.2578397212543554,2.3552684538297886,0.02197802197802201,D,A;D;G;H;N;P;S,differs_from_consensus,True,True,scaffold_differs_from_msa_consensus
6E9F,A,VI-D,862,863,I,776.0,I,863.0,,ILE,True,2974,2975,four_layer_exact,high,0.9835164835164835,0.3206459054209919,2.181501697909065,0.016483516483516536,K,D;E;K;L;N;R,differs_from_consensus,True,True,scaffold_differs_from_msa_consensus
6E9F,A,VI-D,863,864,N,777.0,N,864.0,,ASN,True,2975,2976,four_layer_exact,high,0.9615384615384616,0.7217258662017869,1.0803433260661472,0.038461538461538436,Y,F;Y,differs_from_consensus,True,True,scaffold_differs_from_msa_consensus
6E9F,A,VI-D,864,865,I,778.0,I,865.0,,ILE,True,2976,2977,four_layer_exact,high,0.967032967032967,0.48755680588617184,1.6375594256322548,0.03296703296703296,I,A;I;L;V,matches_consensus,True,False,
6E9F,A,VI-D,865,866,K,779.0,K,866.0,,LYS,True,2984,2985,four_layer_exact,high,0.9835164835164835,0.2745098039215686,2.1201385496305694,0.016483516483516536,G,A;D;E;G;K;N;S,differs_from_consensus,True,True,scaffold_differs_from_msa_consensus
6E9F,A,VI-D,866,867,E,780.0,E,867.0,,GLU,True,2985,2986,four_layer_exact,high,0.9835164835164835,0.46366782006920415,1.6664074302277303,0.016483516483516536,D,D;E;G;K;N,differs_from_consensus,True,True,scaffold_differs_from_msa_consensus
6E9F,A,VI-D,867,868,I,781.0,I,868.0,,ILE,True,2992,2993,four_layer_exact,high,0.9835164835164835,0.5397923875432526,1.5186884667253122,0.016483516483516536,I,F;I;L;V,matches_consensus,True,False,
6E9F,A,VI-D,868,869,K,782.0,K,869.0,,LYS,True,2993,2994,four_layer_exact,high,0.9505494505494505,0.30324909747292417,2.110489159128578,0.0494505494505495,K,A;E;G;K;R;S;T,matches_consensus,True,False,
6E9F,A,VI-D,869,870,E,783.0,E,870.0,,GLU,True,3006,3007,four_layer_exact,high,0.9615384615384616,0.19217081850533807,2.4255818223282586,0.038461538461538436,E,D;E;K;N;R;S;Y,matches_consensus,True,False,
6E9F,A,VI-D,870,871,V,784.0,V,871.0,,VAL,True,3007,3008,four_layer_exact,high,0.989010989010989,0.3539518900343643,1.6060298236467747,0.01098901098901095,I,F;I;M;V,differs_from_consensus,True,True,scaffold_differs_from_msa_consensus
6E9F,A,VI-D,871,872,E,785.0,E,872.0,,GLU,True,3008,3009,four_layer_exact,high,0.989010989010989,0.26231386025200454,2.1231691141312816,0.01098901098901095,D,D;E;K;N;S;T,differs_from_consensus,True,True,scaffold_differs_from_msa_consensus
6E9F,A,VI-D,872,873,N,786.0,N,873.0,,ASN,True,3035,3036,four_layer_exact,high,0.989010989010989,0.8625429553264605,0.6452752271356559,0.01098901098901095,S,S,differs_from_consensus,True,True,scaffold_differs_from_msa_consensus
6E9F,A,VI-D,873,874,Y,787.0,Y,874.0,,TYR,True,3044,3045,four_layer_exact,high,0.9945054945054945,0.8771331058020477,0.5003688822901302,0.005494505494505475,Y,W;Y,matches_consensus,True,False,
6E9F,A,VI-D,874,875,F,788.0,F,875.0,,PHE,True,3045,3046,four_layer_exact,high,0.9945054945054945,0.7303754266211604,0.646373754231609,0.005494505494505475,F,F;Y,matches_consensus,True,False,
6E9F,A,VI-D,875,876,A,789.0,A,876.0,,ALA,True,3046,3047,four_layer_exact,high,0.9945054945054945,0.3412969283276451,1.7842046366484416,0.005494505494505475,E,A;D;E;G;Q;S,differs_from_consensus,True,True,scaffold_differs_from_msa_consensus
6E9F,A,VI-D,876,877,L,790.0,L,877.0,,LEU,True,3047,3048,four_layer_exact,high,0.9945054945054945,0.6655290102389079,1.0945551553873463,0.005494505494505475,L,F;I;L;V,matches_consensus,True,False,
6E9F,A,VI-D,877,878,Y,791.0,Y,878.0,,TYR,True,3048,3049,four_layer_exact,high,0.9945054945054945,0.9112627986348123,0.32367097733673555,0.005494505494505475,Y,F;Y,matches_consensus,True,False,
6E9F,A,VI-D,878,879,H,792.0,H,879.0,,HIS,True,3049,3050,four_layer_exact,high,0.9945054945054945,0.7406143344709898,1.0243926616835217,0.005494505494505475,H,C;H,matches_consensus,True,False,
6E9F,A,VI-D,879,880,Y,793.0,Y,880.0,,TYR,True,3050,3051,four_layer_exact,high,0.9945054945054945,0.78839590443686,0.8194246612011497,0.005494505494505475,Y,F;Y,matches_consensus,True,False,
6E9F,A,VI-D,880,881,L,794.0,L,881.0,,LEU,True,3051,3052,four_layer_exact,high,0.9945054945054945,0.36860068259385664,1.602683868186286,0.005494505494505475,I,A;C;I;L;V,differs_from_consensus,True,True,scaffold_differs_from_msa_consensus
6E9F,A,VI-D,881,882,I,795.0,I,882.0,,ILE,True,3061,3062,four_layer_exact,high,0.9945054945054945,0.3651877133105802,1.635936536196335,0.005494505494505475,M,I;L;M;V,differs_from_consensus,True,True,scaffold_differs_from_msa_consensus
6E9F,A,VI-D,882,883,Q,796.0,Q,883.0,,GLN,True,3062,3063,four_layer_exact,high,0.9945054945054945,0.931740614334471,0.3684350711820774,0.005494505494505475,Q,Q,matches_consensus,True,False,
6E9F,A,VI-D,883,884,K,797.0,K,884.0,,LYS,True,3063,3064,four_layer_exact,high,0.9945054945054945,0.5870307167235495,1.4652015731632821,0.005494505494505475,R,K;R;S,differs_from_consensus,True,True,scaffold_differs_from_msa_consensus
6E9F,A,VI-D,884,885,H,798.0,H,885.0,,HIS,True,3080,3081,four_layer_exact,high,0.9615384615384616,0.10676156583629894,2.7734581905670805,0.038461538461538436,H,A;H;I;L;M;Q;S;Y,matches_consensus,True,False,
6E9F,A,VI-D,885,886,L,799.0,L,886.0,,LEU,True,3081,3082,four_layer_exact,high,0.989010989010989,0.5773195876288659,1.2142087209349026,0.01098901098901095,L,I;L;M;V,matches_consensus,True,False,
6E9F,A,VI-D,886,887,E,800.0,E,887.0,,GLU,True,3091,3092,four_layer_exact,high,0.8131868131868132,0.17467248908296942,2.4703232462616773,0.18681318681318682,L,A;F;I;L;M;Q;V;Y,differs_from_consensus,True,True,scaffold_differs_from_msa_consensus
6E9F,A,VI-D,887,888,N,801.0,N,888.0,,ASN,True,3092,3093,four_layer_exact,high,0.7967032967032966,0.26905829596412556,2.1311032502971,0.20329670329670335,D,D;E;G;K;N;S,differs_from_consensus,False,True,scaffold_differs_from_msa_consensus
6E9F,A,VI-D,888,889,R,802.0,R,889.0,,ARG,True,3093,3094,four_layer_exact,high,0.7307692307692307,0.25125628140703515,2.329051546329626,0.2692307692307693,K,E;K;N;Q;R;S,differs_from_consensus,False,True,scaffold_differs_from_msa_consensus
6E9F,A,VI-D,889,890,F,803.0,F,890.0,,PHE,True,3094,3095,four_layer_exact,high,0.6538461538461539,0.1871345029239766,2.4048458984399383,0.34615384615384615,F,F;I;L;V;Y,matches_consensus,False,False,
6E9F,A,VI-D,890,891,A,804.0,A,891.0,,ALA,True,3110,3111,four_layer_exact,high,0.5604395604395604,0.2028985507246377,2.321079322969002,0.43956043956043955,K,A;K;N;S;T,differs_from_consensus,False,True,scaffold_differs_from_msa_consensus
6E9F,A,VI-D,891,892,D,805.0,D,892.0,,ASP,True,3111,3112,four_layer_exact,high,0.6483516483516484,0.40784313725490196,1.7946383577714922,0.3516483516483516,D,D;E;N;S,matches_consensus,False,False,
6E9F,A,VI-D,892,893,K,806.0,K,893.0,,LYS,True,3112,3113,four_layer_exact,high,0.6538461538461539,0.19622093023255813,2.5776045604077606,0.34615384615384615,K,E;H;K;N;P;R;S;Y,matches_consensus,False,False,
6E9F,A,VI-D,893,894,K,807.0,K,894.0,,LYS,True,3113,3114,four_layer_exact,high,0.6538461538461539,0.1511627906976744,2.5844502358479784,0.34615384615384615,S,A;E;G;K;S;T,differs_from_consensus,False,True,scaffold_differs_from_msa_consensus
6E9F,A,VI-D,894,895,V,808.0,V,895.0,,VAL,True,3114,3115,four_layer_exact,high,0.6428571428571429,0.27311522048364156,2.4580433833576945,0.3571428571428571,K,E;K;N;S;Y,differs_from_consensus,False,True,scaffold_differs_from_msa_consensus
6E9F,A,VI-D,895,896,E,809.0,E,896.0,,GLU,True,3115,3116,four_layer_exact,high,0.6208791208791209,0.16302765647743814,2.3466557434847095,0.3791208791208791,D,D;E;G;K;N;P;S,differs_from_consensus,False,True,scaffold_differs_from_msa_consensus
6E9F,A,VI-D,896,897,R,810.0,R,897.0,,ARG,True,3116,3117,four_layer_exact,high,0.6373626373626373,0.11764705882352941,2.7959902884656938,0.3626373626373627,E,A;D;E;G;K;L;S;T,differs_from_consensus,False,True,scaffold_differs_from_msa_consensus
6E9F,A,VI-D,897,898,D,811.0,D,898.0,,ASP,True,3117,3118,four_layer_exact,high,0.6098901098901099,0.1875,2.6075595058323313,0.39010989010989006,N,A;D;F;K;N;Q;S;V;Y,differs_from_consensus,False,True,scaffold_differs_from_msa_consensus
6E9F,A,VI-D,898,899,T,812.0,T,899.0,,THR,True,3167,3168,four_layer_exact,high,0.8186813186813187,0.24017467248908297,2.3015612297799546,0.18131868131868134,L,I;K;L;S;T;V,differs_from_consensus,True,True,scaffold_differs_from_msa_consensus
6E9F,A,VI-D,899,900,G,813.0,G,900.0,,GLY,True,3168,3169,four_layer_exact,high,0.9340659340659341,0.15867158671586715,2.5794093569111802,0.06593406593406592,K,A;D;E;K;L;N;Q,differs_from_consensus,True,True,scaffold_differs_from_msa_consensus
6E9F,A,VI-D,900,901,D,814.0,D,901.0,,ASP,True,3169,3170,four_layer_exact,high,0.9505494505494505,0.2888086642599278,2.2537359628963842,0.0494505494505495,E,D;E;G;K;P;Q;R,differs_from_consensus,True,True,scaffold_differs_from_msa_consensus
6E9F,A,VI-D,901,902,F,815.0,F,902.0,,PHE,True,3170,3171,four_layer_exact,high,0.9615384615384616,0.69105871886121,1.358622346108025,0.038461538461538436,Y,F;Y,differs_from_consensus,True,True,scaffold_differs_from_msa_consensus
6E9F,A,VI-D,902,903,I,816.0,I,903.0,,ILE,True,3171,3172,four_layer_exact,high,0.9725274725274725,0.2736842105263158,2.3840711075667165,0.027472527472527486,F,A;F;K;L;R;S;Y,differs_from_consensus,True,True,scaffold_differs_from_msa_consensus
6E9F,A,VI-D,903,904,S,817.0,S,904.0,,SER,True,3185,3186,four_layer_exact,high,0.9725274725274725,0.22807017543859648,2.121004101676971,0.027472527472527486,E,A;D;E;K;N;S,differs_from_consensus,True,True,scaffold_differs_from_msa_consensus
6E9F,A,VI-D,904,905,K,818.0,K,905.0,,LYS,True,3186,3187,four_layer_exact,high,0.9725274725274725,0.17543859649122806,2.509953448043905,0.027472527472527486,K,A;D;E;K;L;N;Q;S,matches_consensus,True,False,
6E9F,A,VI-D,905,906,L,819.0,L,906.0,,LEU,True,3192,3193,four_layer_exact,high,0.967032967032967,0.45229681978798586,1.411107694756027,0.03296703296703296,L,I;L;V,matches_consensus,True,False,
6E9F,A,VI-D,906,907,E,820.0,E,907.0,,GLU,True,3193,3194,four_layer_exact,high,0.9615384615384616,0.1708185053380783,2.4935338041618795,0.038461538461538436,E,D;E;K;L;N;R;S,matches_consensus,True,False,
6E9F,A,VI-D,907,908,E,821.0,E,908.0,,GLU,True,3205,3206,four_layer_exact,high,0.9340659340659341,0.45343137254901966,1.743901500804819,0.06593406593406592,K,E;K;N;Q;R;S;T,differs_from_consensus,True,True,scaffold_differs_from_msa_consensus
6E9F,A,VI-D,908,909,H,822.0,H,909.0,,HIS,True,3206,3207,four_layer_exact,high,0.9120879120879121,0.49242424242424243,1.7660496347280825,0.08791208791208793,Y,F;H;N;Y,differs_from_consensus,True,True,scaffold_differs_from_msa_consensus
6E9F,A,VI-D,909,910,K,823.0,K,910.0,,LYS,True,3213,3214,four_layer_exact,high,0.978021978021978,0.34843205574912894,1.8051593138252697,0.02197802197802201,G,G;H;K;N;R,differs_from_consensus,True,True,scaffold_differs_from_msa_consensus
6E9F,A,VI-D,910,911,T,824.0,T,911.0,,THR,True,3214,3215,four_layer_exact,high,0.978021978021978,0.5470383275261324,1.7377392265940013,0.02197802197802201,T,S;T,matches_consensus,True,False,
6E9F,A,VI-D,911,912,Y,825.0,Y,912.0,,TYR,True,3215,3216,four_layer_exact,high,0.989010989010989,0.7800687285223368,0.9399261397042378,0.01098901098901095,Y,P;Y,matches_consensus,True,False,
6E9F,A,VI-D,912,913,C,826.0,C,913.0,,CYS,True,3216,3217,four_layer_exact,high,0.989010989010989,0.36082474226804123,1.6287875860541623,0.01098901098901095,S,C;D;N;S;V,differs_from_consensus,True,True,scaffold_differs_from_msa_consensus
6E9F,A,VI-D,913,914,K,827.0,K,914.0,,LYS,True,3217,3218,four_layer_exact,high,0.989010989010989,0.7250859106529209,1.1454749984188979,0.01098901098901095,K,K;R,matches_consensus,True,False,
6E9F,A,VI-D,914,915,D,828.0,D,915.0,,ASP,True,3218,3219,four_layer_exact,high,0.9945054945054945,0.7337883959044369,1.124333275233936,0.005494505494505475,D,D;N,matches_consensus,True,False,
6E9F,A,VI-D,915,916,F,829.0,F,916.0,,PHE,True,3219,3220,four_layer_exact,high,0.9945054945054945,0.41638225255972694,1.4008498795579936,0.005494505494505475,F,A;F;L;M,matches_consensus,True,False,
6E9F,A,VI-D,916,917,V,830.0,V,917.0,,VAL,True,3220,3221,four_layer_exact,high,0.9945054945054945,0.46075085324232085,1.434370393272457,0.005494505494505475,V,I;L;M;V,matches_consensus,True,False,
6E9F,A,VI-D,917,918,K,831.0,K,918.0,,LYS,True,3221,3222,four_layer_exact,high,0.9945054945054945,0.6245733788395904,1.2722698224800089,0.005494505494505475,K,H;K;W,matches_consensus,True,False,
6E9F,A,VI-D,918,919,A,832.0,A,919.0,,ALA,True,3222,3223,four_layer_exact,high,0.9945054945054945,0.49146757679180886,1.6026506977934307,0.005494505494505475,A,A;I;L;V,matches_consensus,True,False,
6E9F,A,VI-D,919,920,Y,833.0,Y,920.0,,TYR,True,3223,3224,four_layer_exact,high,0.9945054945054945,0.7133105802047781,1.0995162720432474,0.005494505494505475,L,I;L;Y,differs_from_consensus,True,True,scaffold_differs_from_msa_consensus
6E9F,A,VI-D,920,921,C,834.0,C,921.0,,CYS,True,3224,3225,four_layer_exact,high,0.9945054945054945,0.5938566552901023,1.162126883169962,0.005494505494505475,N,C;F;N;Y,differs_from_consensus,True,True,scaffold_differs_from_msa_consensus
6E9F,A,VI-D,921,922,T,835.0,T,922.0,,THR,True,3225,3226,four_layer_exact,high,0.9945054945054945,0.27986348122866894,1.9470579621542505,0.005494505494505475,V,A;I;L;S;T;V,differs_from_consensus,True,True,scaffold_differs_from_msa_consensus
6E9F,A,VI-D,922,923,P,836.0,P,923.0,,PRO,True,3243,3244,four_layer_exact,high,0.9945054945054945,0.9112627986348123,0.4798990182367803,0.005494505494505475,P,P,matches_consensus,True,False,
6E9F,A,VI-D,923,924,F,837.0,F,924.0,,PHE,True,3244,3245,four_layer_exact,high,0.9945054945054945,0.8225255972696246,0.6470827085570559,0.005494505494505475,F,F;L,matches_consensus,True,False,
6E9F,A,VI-D,924,925,G,838.0,G,925.0,,GLY,True,3271,3272,four_layer_exact,high,0.9945054945054945,0.5426621160409556,0.8563680260277136,0.005494505494505475,A,A;G,differs_from_consensus,True,True,scaffold_differs_from_msa_consensus
6E9F,A,VI-D,925,926,Y,839.0,Y,926.0,,TYR,True,3272,3273,four_layer_exact,high,0.9945054945054945,1.0,-0.0,0.005494505494505475,Y,Y,matches_consensus,True,False,
6E9F,A,VI-D,926,927,N,840.0,N,927.0,,ASN,True,3273,3274,four_layer_exact,high,0.9945054945054945,0.8703071672354948,0.5843109063318744,0.005494505494505475,N,C;N,matches_consensus,True,False,
6E9F,A,VI-D,927,928,L,841.0,L,928.0,,LEU,True,3274,3275,four_layer_exact,high,0.9945054945054945,0.6484641638225256,1.366584549574924,0.005494505494505475,L,I;L;V,matches_consensus,True,False,
6E9F,A,VI-D,928,929,V,842.0,V,929.0,,VAL,True,3275,3276,four_layer_exact,high,0.9945054945054945,0.5733788395904437,1.0294672488228733,0.005494505494505475,P,A;P,differs_from_consensus,True,True,scaffold_differs_from_msa_consensus
6E9F,A,VI-D,929,930,R,843.0,R,930.0,,ARG,True,3281,3282,four_layer_exact,high,0.9945054945054945,1.0,-0.0,0.005494505494505475,R,R,matches_consensus,True,False,
6E9F,A,VI-D,930,931,Y,844.0,Y,931.0,,TYR,True,3282,3283,four_layer_exact,high,0.9945054945054945,0.7337883959044369,0.6111992156029766,0.005494505494505475,Y,F;Y,matches_consensus,True,False,
6E9F,A,VI-D,931,932,K,845.0,K,932.0,,LYS,True,3283,3284,four_layer_exact,high,0.9945054945054945,0.9112627986348123,0.45335767708448793,0.005494505494505475,K,K,matches_consensus,True,False,
6E9F,A,VI-D,932,933,N,846.0,N,933.0,,ASN,True,3284,3285,four_layer_exact,high,0.9945054945054945,0.8805460750853242,0.5454137059640182,0.005494505494505475,N,N,matches_consensus,True,False,
6E9F,A,VI-D,933,934,L,847.0,L,934.0,,LEU,True,3285,3286,four_layer_exact,high,0.9945054945054945,0.9795221843003413,0.12239008681102315,0.005494505494505475,L,L,matches_consensus,True,False,
6E9F,A,VI-D,934,935,T,848.0,T,935.0,,THR,True,3286,3287,four_layer_exact,high,0.9945054945054945,0.6075085324232082,0.7385756362529033,0.005494505494505475,S,S;T,differs_from_consensus,True,True,scaffold_differs_from_msa_consensus
6E9F,A,VI-D,935,936,I,849.0,I,936.0,,ILE,True,3291,3292,four_layer_exact,high,0.9945054945054945,0.676905574516496,1.2826502550317684,0.005494505494505475,I,I;N;V,matches_consensus,True,False,
6E9F,A,VI-D,936,937,D,850.0,D,937.0,,ASP,True,3292,3293,four_layer_exact,high,0.9945054945054945,0.49146757679180886,1.6634119131836618,0.005494505494505475,E,A;D;E;K;N,differs_from_consensus,True,True,scaffold_differs_from_msa_consensus
6E9F,A,VI-D,937,938,G,851.0,G,938.0,,GLY,True,3293,3294,four_layer_exact,high,0.9945054945054945,0.21160409556313994,2.1916698208890306,0.005494505494505475,E,A;D;E;G;K;Q,differs_from_consensus,True,True,scaffold_differs_from_msa_consensus
6E9F,A,VI-D,938,939,L,852.0,L,939.0,,LEU,True,3294,3295,four_layer_exact,high,0.9945054945054945,0.78839590443686,0.920485964506321,0.005494505494505475,L,I;L,matches_consensus,True,False,
6E9F,A,VI-D,939,940,F,853.0,F,940.0,,PHE,True,3295,3296,four_layer_exact,high,0.9945054945054945,0.9522184300341296,0.22997968485208015,0.005494505494505475,F,F,matches_consensus,True,False,
6E9F,A,VI-D,940,941,D,854.0,D,941.0,,ASP,True,3303,3304,four_layer_exact,high,0.9725274725274725,0.7590643274853801,0.9431207284312613,0.027472527472527486,D,D;Y,matches_consensus,True,False,
6E9F,A,VI-D,941,942,K,855.0,K,942.0,,LYS,True,3304,3305,four_layer_exact,high,0.9835164835164835,0.41522491349480967,1.800919381742992,0.016483516483516536,R,D;E;K;M;R,differs_from_consensus,True,True,scaffold_differs_from_msa_consensus
6E9F,A,VI-D,942,943,N,856.0,N,943.0,,ASN,True,3316,3317,four_layer_exact,high,0.945054945054945,0.6836363636363636,1.2332013883339008,0.05494505494505497,N,D;E;N,matches_consensus,True,False,
6E9F,A,VI-D,943,944,Y,857.0,Y,944.0,,TYR,True,3317,3318,four_layer_exact,high,0.8956043956043956,0.29961089494163423,2.244778911930258,0.10439560439560436,E,A;D;E;K;N;R;S,differs_from_consensus,True,True,scaffold_differs_from_msa_consensus
6E9F,A,VI-D,944,945,P,858.0,P,945.0,,PRO,True,3411,3412,four_layer_exact,high,0.7912087912087912,0.4106735159817352,2.0263891856972456,0.20879120879120883,P,A;E;K;P;T,matches_consensus,False,False,
6E9F,A,VI-D,945,946,G,859.0,G,946.0,,GLY,True,3412,3413,four_layer_exact,high,0.7967032967032966,0.2986425339366516,2.2257389782312202,0.20329670329670335,E,D;E;G;K;R,differs_from_consensus,False,True,scaffold_differs_from_msa_consensus
6E9F,A,VI-D,946,947,K,860.0,K,947.0,,LYS,True,3413,3414,four_layer_exact,high,0.7912087912087912,0.1963470319634703,2.3631954098400354,0.20879120879120883,K,A;D;E;K;P;Q;T;V,matches_consensus,False,False,
6E9F,A,VI-D,947,948,D,861.0,D,948.0,,ASP,True,3414,3415,four_layer_exact,high,0.7582417582417582,0.3561208267090619,2.2090170498338395,0.2417582417582418,K,A;D;E;G;K;N;S,differs_from_consensus,False,True,scaffold_differs_from_msa_consensus
6E9F,A,VI-D,948,949,D,862.0,D,949.0,,ASP,True,3423,3424,four_layer_exact,high,0.7417582417582418,0.309328968903437,2.1549634450683137,0.2582417582417582,E,D;E;G;K;R,differs_from_consensus,False,True,scaffold_differs_from_msa_consensus
6E9F,A,VI-D,949,950,S,863.0,S,950.0,,SER,True,3424,3425,four_layer_exact,high,0.7252747252747253,0.43288590604026844,1.9501339966491873,0.27472527472527475,K,A;D;E;G;K;N;R;S,differs_from_consensus,False,True,scaffold_differs_from_msa_consensus
6E9F,A,VI-D,950,951,D,,,,,,False,3425,3426,full_msa_only_unresolved_coordinate,medium,0.6978021978021978,0.16961130742049468,2.485611810474002,0.30219780219780223,K,A;D;E;G;I;K;N;T,differs_from_consensus,False,True,unresolved_terminal;scaffold_differs_from_msa_consensus
6E9F,A,VI-D,951,952,E,,,,,,False,3426,3427,full_msa_only_unresolved_coordinate,medium,0.6043956043956044,0.24694148936170215,2.33853640986709,0.39560439560439564,E,D;E;G;K;Q;S;T,matches_consensus,False,True,unresolved_terminal
6E9F,A,VI-D,952,953,Q,,,,,,False,3427,3428,full_msa_only_unresolved_coordinate,medium,0.5879120879120879,0.11946902654867257,2.6192127815445048,0.41208791208791207,K,A;E;I;K;L;N;S;T;V,differs_from_consensus,False,True,unresolved_terminal;scaffold_differs_from_msa_consensus
6E9F,A,VI-D,953,954,K,,,,,,False,3428,3429,full_msa_only_unresolved_coordinate,medium,0.5439560439560439,0.32673267326732675,2.061272798513255,0.4560439560439561,K,A;D;E;K;N;R,matches_consensus,False,True,unresolved_terminal
