pdb_id,chain_id,subtype,state,full_scaffold_index_0,biological_index_1,full_scaffold_amino_acid,coordinate_index_0,coordinate_amino_acid,pdb_residue_number,pdb_insertion_code,pdb_residue_name,backbone_complete,msa_column_0,msa_column_1,mapping_status,mapping_confidence,msa_coverage,conservation,entropy,gap_fraction,msa_consensus,allowed_residues,scaffold_consensus_status,conservation_constraint_eligible,manual_review_required,decision_reasons
9M30,A,VI-D,binary,0,1,M,,,,,,False,43,44,full_msa_only_unresolved_coordinate,medium,0.9065934065934066,0.9545920378399684,0.2411828238299522,0.09340659340659341,M,M,matches_consensus,False,True,unresolved_terminal
9M30,A,VI-D,binary,1,2,K,,,,,,False,44,45,full_msa_only_unresolved_coordinate,medium,0.9065934065934066,0.257311785573512,2.090300057390328,0.09340659340659341,K,A;E;G;K;N;S;T,matches_consensus,False,True,unresolved_terminal
9M30,A,VI-D,binary,2,3,K,,,,,,False,46,47,full_msa_only_unresolved_coordinate,medium,0.8571428571428571,0.6467303950596396,1.3013013479555542,0.1428571428571429,K,E;K;N,matches_consensus,False,True,unresolved_terminal
9M30,A,VI-D,binary,3,4,Q,0.0,Q,4.0,,GLN,True,48,49,four_layer_exact,high,0.8461538461538461,0.6326425316020294,1.3574115577290657,0.15384615384615385,K,K;N,differs_from_consensus,True,True,scaffold_differs_from_msa_consensus
9M30,A,VI-D,binary,5,6,S,2.0,S,6.0,,SER,True,86,87,four_layer_exact,high,0.6923076923076923,0.31700605393505776,2.042154349993927,0.3076923076923077,N,K;N;S;T,differs_from_consensus,False,True,scaffold_differs_from_msa_consensus
9M30,A,VI-D,binary,8,9,T,5.0,T,9.0,,THR,True,248,249,four_layer_exact,high,0.945054945054945,0.7125102942277457,0.9071193515018483,0.05494505494505497,S,S;T,differs_from_consensus,True,True,scaffold_differs_from_msa_consensus
9M30,A,VI-D,binary,9,10,V,6.0,V,10.0,,VAL,True,249,250,four_layer_exact,high,0.9505494505494505,0.20694268936296734,2.5093949816418735,0.0494505494505495,K,A;K;L;N;R;S;T,differs_from_consensus,True,True,scaffold_differs_from_msa_consensus
9M30,A,VI-D,binary,10,11,S,7.0,S,11.0,,SER,True,250,251,four_layer_exact,high,0.9560439560439561,0.6693482913868182,1.2504246457891033,0.04395604395604391,A,A;S;V,differs_from_consensus,True,True,scaffold_differs_from_msa_consensus
9M30,A,VI-D,binary,12,13,T,9.0,T,13.0,,THR,True,252,253,four_layer_exact,high,0.9615384615384616,0.6552583363869549,1.3528717150717957,0.038461538461538436,A,A;R,differs_from_consensus,True,True,scaffold_differs_from_msa_consensus
9M30,A,VI-D,binary,13,14,S,10.0,S,14.0,,SER,True,253,254,four_layer_exact,high,0.967032967032967,0.4271159304271887,1.7182799322688695,0.03296703296703296,A,A;I;L;M;S;V,differs_from_consensus,True,True,scaffold_differs_from_msa_consensus
9M30,A,VI-D,binary,17,18,E,14.0,E,18.0,,GLU,True,257,258,four_layer_exact,high,0.967032967032967,0.9091769157994324,0.45814780748362016,0.03296703296703296,S,S,differs_from_consensus,True,True,scaffold_differs_from_msa_consensus
9M30,A,VI-D,binary,18,19,A,15.0,A,19.0,,ALA,True,258,259,four_layer_exact,high,0.967032967032967,0.3947310967178516,1.6992246664650792,0.03296703296703296,T,A;I;T;V,differs_from_consensus,True,True,scaffold_differs_from_msa_consensus
9M30,A,VI-D,binary,19,20,L,16.0,L,20.0,,LEU,True,259,260,four_layer_exact,high,0.967032967032967,0.5062950294738373,1.2498110704586254,0.03296703296703296,F,F;I;L,differs_from_consensus,True,True,scaffold_differs_from_msa_consensus
9M30,A,VI-D,binary,20,21,S,17.0,S,21.0,,SER,True,260,261,four_layer_exact,high,0.9725274725274725,0.3272385632723856,2.1121187202881275,0.027472527472527486,V,A;I;S;V,differs_from_consensus,True,True,scaffold_differs_from_msa_consensus
9M30,A,VI-D,binary,22,23,Q,19.0,Q,23.0,,GLN,True,262,263,four_layer_exact,high,0.9725274725274725,0.3304184433041844,1.801106335966163,0.027472527472527486,G,D;G;N;S,differs_from_consensus,True,True,scaffold_differs_from_msa_consensus
9M30,A,VI-D,binary,23,24,G,20.0,G,24.0,,GLY,True,267,268,four_layer_exact,high,0.9395604395604396,0.4560742025488273,1.6173802814414795,0.06043956043956045,D,D;E;G;K;N,differs_from_consensus,True,True,scaffold_differs_from_msa_consensus
9M30,A,VI-D,binary,24,25,T,21.0,T,25.0,,THR,True,274,275,four_layer_exact,high,0.9560439560439561,0.3200236179791866,2.0036331809104624,0.04395604395604391,K,D;E;K;N;R;S;T,differs_from_consensus,True,True,scaffold_differs_from_msa_consensus
9M30,A,VI-D,binary,25,26,V,22.0,V,26.0,,VAL,True,280,281,four_layer_exact,high,0.9725274725274725,0.39893040398930396,1.648984130767411,0.027472527472527486,L,I;L;V,differs_from_consensus,True,True,scaffold_differs_from_msa_consensus
9M30,A,VI-D,binary,26,27,I,23.0,I,27.0,,ILE,True,281,282,four_layer_exact,high,0.9725274725274725,0.2671099226710992,1.7819001293843486,0.027472527472527486,L,A;I;L;V;Y,differs_from_consensus,True,True,scaffold_differs_from_msa_consensus
9M30,A,VI-D,binary,35,36,M,32.0,M,36.0,,MET,True,316,317,four_layer_exact,high,0.9725274725274725,0.2356724723567247,2.099879356735846,0.027472527472527486,D,A;D;E;K;N;S;T,differs_from_consensus,True,True,scaffold_differs_from_msa_consensus
9M30,A,VI-D,binary,37,38,N,34.0,N,38.0,,ASN,True,318,319,four_layer_exact,high,0.9725274725274725,0.32702175327021754,2.237269038976929,0.027472527472527486,V,A;E;I;K;L;N;V,differs_from_consensus,True,True,scaffold_differs_from_msa_consensus
9M30,A,VI-D,binary,39,40,S,36.0,S,40.0,,SER,True,320,321,four_layer_exact,high,0.978021978021978,0.655494150577765,1.3890713160628305,0.02197802197802201,E,A;E;I;V,differs_from_consensus,True,True,scaffold_differs_from_msa_consensus
9M30,A,VI-D,binary,40,41,Y,37.0,Y,41.0,,TYR,True,321,322,four_layer_exact,high,0.978021978021978,0.5133137156391301,1.8214920525862972,0.02197802197802201,K,E;K;Q,differs_from_consensus,True,True,scaffold_differs_from_msa_consensus
9M30,A,VI-D,binary,44,45,S,41.0,S,45.0,,SER,True,326,327,four_layer_exact,high,0.9560439560439561,0.15532838126057216,2.5513462977121204,0.04395604395604391,T,A;D;E;I;K;S;T;V,differs_from_consensus,True,True,scaffold_differs_from_msa_consensus
9M30,A,VI-D,binary,45,46,S,42.0,S,46.0,,SER,True,327,328,four_layer_exact,high,0.9340659340659341,0.2322712480133202,2.352801991003843,0.06593406593406592,D,A;D;G;K;N;S;T,differs_from_consensus,True,True,scaffold_differs_from_msa_consensus
9M30,A,VI-D,binary,46,47,Q,43.0,Q,47.0,,GLN,True,328,329,four_layer_exact,high,0.9340659340659341,0.1598425792779838,2.5857038994526658,0.06593406593406592,D,A;D;E;G;L;N;R;S,differs_from_consensus,True,True,scaffold_differs_from_msa_consensus
9M30,A,VI-D,binary,47,48,K,44.0,K,48.0,,LYS,True,329,330,four_layer_exact,high,0.9285714285714286,0.17564991995120832,2.452276521386664,0.0714285714285714,E,D;E;G;K;N;S,differs_from_consensus,True,True,scaffold_differs_from_msa_consensus
9M30,A,VI-D,binary,48,49,P,45.0,P,49.0,,PRO,True,338,339,four_layer_exact,high,0.8791208791208791,0.37755018435067594,1.7146131749936964,0.1208791208791209,I,I;L;V,differs_from_consensus,True,True,scaffold_differs_from_msa_consensus
9M30,A,VI-D,binary,49,50,Q,46.0,Q,50.0,,GLN,True,339,340,four_layer_exact,high,0.8791208791208791,0.25931995083981974,2.3614232965510986,0.1208791208791209,E,D;E;K;S;T,differs_from_consensus,True,True,scaffold_differs_from_msa_consensus
9M30,A,VI-D,binary,50,51,N,47.0,N,51.0,,ASN,True,340,341,four_layer_exact,high,0.8736263736263736,0.19027169873647698,2.263293370502574,0.12637362637362637,D,D;E;K;N;P;S;T,differs_from_consensus,True,True,scaffold_differs_from_msa_consensus
9M30,A,VI-D,binary,51,52,L,48.0,L,52.0,,LEU,True,341,342,four_layer_exact,high,0.8241758241758241,0.29453090262338816,2.073156075079693,0.17582417582417587,I,I;K;L;M;V,differs_from_consensus,True,True,scaffold_differs_from_msa_consensus
9M30,A,VI-D,binary,53,54,S,50.0,S,54.0,,SER,True,355,356,four_layer_exact,high,0.8296703296703297,0.7319460365047173,1.1028045382233553,0.17032967032967028,P,E;P;S,differs_from_consensus,True,True,scaffold_differs_from_msa_consensus
9M30,A,VI-D,binary,54,55,S,51.0,S,55.0,,SER,True,356,357,four_layer_exact,high,0.3516483516483517,0.184,2.625716339612458,0.6483516483516483,E,A;E;H;K;P;R;Y,differs_from_consensus,False,True,scaffold_differs_from_msa_consensus
9M30,A,VI-D,binary,56,57,G,53.0,G,57.0,,GLY,True,367,368,four_layer_exact,high,0.967032967032967,0.21635979914125605,2.4837791654927113,0.03296703296703296,A,A;K;M;N;Q;S;T,differs_from_consensus,True,True,scaffold_differs_from_msa_consensus
9M30,A,VI-D,binary,57,58,L,54.0,L,58.0,,LEU,True,368,369,four_layer_exact,high,0.967032967032967,0.6322683938577978,1.1105960048903276,0.03296703296703296,F,F;I;L;Y,differs_from_consensus,True,True,scaffold_differs_from_msa_consensus
9M30,A,VI-D,binary,59,60,N,56.0,N,60.0,,ASN,True,378,379,four_layer_exact,high,0.9560439560439561,0.19484832828991067,2.2062077956123254,0.04395604395604391,S,D;E;K;N;R;S;T,differs_from_consensus,True,True,scaffold_differs_from_msa_consensus
9M30,A,VI-D,binary,61,62,E,58.0,E,62.0,,GLU,True,380,381,four_layer_exact,high,0.8736263736263736,0.16252374267074077,2.475165409379496,0.12637362637362637,T,A;D;E;K;N;S;T;V,differs_from_consensus,True,True,scaffold_differs_from_msa_consensus
9M30,A,VI-D,binary,62,63,V,59.0,V,63.0,,VAL,True,381,382,four_layer_exact,high,0.8626373626373627,0.11278006209616513,2.6742483123405223,0.13736263736263732,K,A;D;E;I;K;L;N;P;S,differs_from_consensus,True,True,scaffold_differs_from_msa_consensus
9M30,A,VI-D,binary,63,64,S,60.0,S,64.0,,SER,True,382,383,four_layer_exact,high,0.34615384615384615,0.1951219512195122,2.4119813689627168,0.6538461538461539,K,A;D;E;G;K;N;Q;S,differs_from_consensus,False,True,scaffold_differs_from_msa_consensus
9M30,A,VI-D,binary,64,65,G,61.0,G,65.0,,GLY,True,434,435,four_layer_exact,high,0.21978021978021978,0.25,2.1927438540629898,0.7802197802197802,D,D;E;G;K;P;S,differs_from_consensus,False,True,scaffold_differs_from_msa_consensus
9M30,A,VI-D,binary,68,69,K,65.0,K,69.0,,LYS,True,448,449,four_layer_exact,high,0.9560439560439561,0.14857185032105688,2.639177815806229,0.04395604395604391,S,D;E;K;N;R;S;T,differs_from_consensus,True,True,scaffold_differs_from_msa_consensus
9M30,A,VI-D,binary,69,70,F,66.0,F,70.0,,PHE,True,450,451,four_layer_exact,high,0.9505494505494505,0.3139820114472608,1.5433007962640164,0.0494505494505495,I,F;I;L;V,differs_from_consensus,True,True,scaffold_differs_from_msa_consensus
9M30,A,VI-D,binary,70,71,Q,67.0,Q,71.0,,GLN,True,455,456,four_layer_exact,high,0.9120879120879121,0.2311097305272967,2.379220273785973,0.08791208791208793,K,E;K;Q;R;S;T,differs_from_consensus,True,True,scaffold_differs_from_msa_consensus
9M30,A,VI-D,binary,73,74,H,70.0,H,74.0,,HIS,True,472,473,four_layer_exact,high,0.5989010989010989,0.18268315889628925,2.6497855246336,0.4010989010989011,I,A;D;G;I;N;P;S;T;V,differs_from_consensus,False,True,scaffold_differs_from_msa_consensus
9M30,A,VI-D,binary,74,75,P,71.0,P,75.0,,PRO,True,473,474,four_layer_exact,high,0.6263736263736264,0.12249585300497638,2.621959926688242,0.37362637362637363,K,A;E;F;I;K;N;R;S,differs_from_consensus,False,True,scaffold_differs_from_msa_consensus
9M30,A,VI-D,binary,75,76,K,72.0,K,76.0,,LYS,True,474,475,four_layer_exact,high,0.6098901098901099,0.19075374221751223,2.4125412516406386,0.39010989010989006,N,A;D;E;G;K;N;S;V,differs_from_consensus,False,True,scaffold_differs_from_msa_consensus
9M30,A,VI-D,binary,77,78,A,74.0,A,78.0,,ALA,True,487,488,four_layer_exact,high,0.7307692307692307,0.16753926701570682,2.4884698344207945,0.2692307692307693,E,D;E;K;N;S;T,differs_from_consensus,False,True,scaffold_differs_from_msa_consensus
9M30,A,VI-D,binary,79,80,T,76.0,T,80.0,,THR,True,490,491,four_layer_exact,high,0.9395604395604396,0.23165673780257895,2.2249362352972106,0.06043956043956045,A,A;I;L;P;S;T;V,differs_from_consensus,True,True,scaffold_differs_from_msa_consensus
9M30,A,VI-D,binary,84,85,F,81.0,F,85.0,,PHE,True,496,497,four_layer_exact,high,0.532967032967033,0.5281701317251231,1.3384381343531648,0.46703296703296704,H,H;Y,differs_from_consensus,False,True,scaffold_differs_from_msa_consensus
9M30,A,VI-D,binary,86,87,P,83.0,P,87.0,,PRO,True,534,535,four_layer_exact,high,0.8131868131868132,0.1780512078168823,2.5265393926374644,0.18681318681318682,K,A;E;K;N;P;Q;R;S;T,differs_from_consensus,True,True,scaffold_differs_from_msa_consensus
9M30,A,VI-D,binary,87,88,Q,84.0,Q,88.0,,GLN,True,535,536,four_layer_exact,high,0.44505494505494503,0.11513859275053306,2.66069748312687,0.554945054945055,R,A;D;E;I;K;N;P;Q;R;S;T;V,differs_from_consensus,False,True,scaffold_differs_from_msa_consensus
9M30,A,VI-D,binary,88,89,P,85.0,P,89.0,,PRO,True,536,537,four_layer_exact,high,0.8901098901098901,0.2759538598047914,2.3545397328097026,0.10989010989010994,V,A;I;L;P;S;T;V,differs_from_consensus,True,True,scaffold_differs_from_msa_consensus
9M30,A,VI-D,binary,90,91,M,87.0,M,91.0,,MET,True,538,539,four_layer_exact,high,0.8846153846153846,0.1482806275912527,2.433867761775832,0.11538461538461542,Q,A;D;E;K;M;Q;R;S;T,differs_from_consensus,True,True,scaffold_differs_from_msa_consensus
9M30,A,VI-D,binary,92,93,L,89.0,L,93.0,,LEU,True,555,556,four_layer_exact,high,0.9725274725274725,0.26364096263640957,2.1080298549867944,0.027472527472527486,Y,I;K;L;M;Q;Y,differs_from_consensus,True,True,scaffold_differs_from_msa_consensus
9M30,A,VI-D,binary,94,95,C,91.0,C,95.0,,CYS,True,557,558,four_layer_exact,high,0.9725274725274725,0.4833417648334176,1.8605782609423995,0.027472527472527486,G,C;G;H;K;R,differs_from_consensus,True,True,scaffold_differs_from_msa_consensus
9M30,A,VI-D,binary,101,102,M,98.0,M,102.0,,MET,True,564,565,four_layer_exact,high,0.978021978021978,0.3764444125457546,1.8978953842065425,0.02197802197802201,K,E;K;N;Q;R,differs_from_consensus,True,True,scaffold_differs_from_msa_consensus
9M30,A,VI-D,binary,102,103,H,99.0,H,103.0,,HIS,True,565,566,four_layer_exact,high,0.9725274725274725,0.2960179229601792,2.2327720619293143,0.027472527472527486,R,E;K;L;Q;R,differs_from_consensus,True,True,scaffold_differs_from_msa_consensus
9M30,A,VI-D,binary,103,104,Y,100.0,Y,104.0,,TYR,True,566,567,four_layer_exact,high,0.9725274725274725,0.3964009539640095,1.3154595161030895,0.027472527472527486,F,F;I;V;Y,differs_from_consensus,True,True,scaffold_differs_from_msa_consensus
9M30,A,VI-D,binary,116,117,L,113.0,L,117.0,,LEU,True,598,599,four_layer_exact,high,0.9725274725274725,0.5064681650646816,1.0732635696041648,0.027472527472527486,I,I;L,differs_from_consensus,True,True,scaffold_differs_from_msa_consensus
9M30,A,VI-D,binary,119,120,Q,116.0,Q,120.0,,GLN,True,601,602,four_layer_exact,high,0.9725274725274725,0.7710486377104863,0.9327503258970569,0.027472527472527486,N,N;Q,differs_from_consensus,True,True,scaffold_differs_from_msa_consensus
9M30,A,VI-D,binary,130,131,H,127.0,H,131.0,,HIS,True,612,613,four_layer_exact,high,0.978021978021978,0.63638330088687,1.1764477779997193,0.02197802197802201,Y,H;Y,differs_from_consensus,True,True,scaffold_differs_from_msa_consensus
9M30,A,VI-D,binary,131,132,V,128.0,V,132.0,,VAL,True,613,614,four_layer_exact,high,0.978021978021978,0.4083928185161151,1.5821683639735213,0.02197802197802201,I,A;I;S;V,differs_from_consensus,True,True,scaffold_differs_from_msa_consensus
9M30,A,VI-D,binary,136,137,F,133.0,F,137.0,,PHE,True,618,619,four_layer_exact,high,0.978021978021978,0.6400605667315596,1.2786003477419858,0.02197802197802201,Y,F;Y,differs_from_consensus,True,True,scaffold_differs_from_msa_consensus
9M30,A,VI-D,binary,137,138,T,134.0,T,138.0,,THR,True,619,620,four_layer_exact,high,0.978021978021978,0.38741077222582737,1.8668297053550893,0.02197802197802201,A,A;I;M;S;T,differs_from_consensus,True,True,scaffold_differs_from_msa_consensus
9M30,A,VI-D,binary,139,140,D,136.0,D,140.0,,ASP,True,627,628,four_layer_exact,high,0.978021978021978,0.5293099718797317,1.5383120879550498,0.02197802197802201,N,D;N;Y,differs_from_consensus,True,True,scaffold_differs_from_msa_consensus
9M30,A,VI-D,binary,141,142,V,138.0,V,142.0,,VAL,True,629,630,four_layer_exact,high,0.9835164835164835,0.6228373702422145,1.1990834743759282,0.016483516483516536,L,I;L;M;V,differs_from_consensus,True,True,scaffold_differs_from_msa_consensus
9M30,A,VI-D,binary,143,144,H,140.0,H,144.0,,HIS,True,631,632,four_layer_exact,high,0.9615384615384616,0.5195729537366548,1.7704840240886426,0.038461538461538436,R,D;G;N;R,differs_from_consensus,True,True,scaffold_differs_from_msa_consensus
9M30,A,VI-D,binary,144,145,P,141.0,P,145.0,,PRO,True,633,634,four_layer_exact,high,0.8956043956043956,0.1625806451612903,2.560474128027858,0.10439560439560436,D,A;D;E;G;K;N;R;S;T,differs_from_consensus,True,True,scaffold_differs_from_msa_consensus
9M30,A,VI-D,binary,145,146,Q,,,,,,False,634,635,full_msa_only_unresolved_coordinate,medium,0.8956043956043956,0.2474870298313878,2.3402382182330475,0.10439560439560436,E,D;E;G;K;N;S,differs_from_consensus,False,True,unresolved_internal;scaffold_differs_from_msa_consensus
9M30,A,VI-D,binary,146,147,K,,,,,,False,635,636,full_msa_only_unresolved_coordinate,medium,0.6703296703296703,0.15065913370998116,2.524932108101712,0.3296703296703297,D,A;D;E;G;I;N;R;S;T,differs_from_consensus,False,True,unresolved_internal;scaffold_differs_from_msa_consensus
9M30,A,VI-D,binary,147,148,E,,,,,,False,636,637,full_msa_only_unresolved_coordinate,medium,0.6538461538461539,0.2962962962962963,2.4002029059513537,0.34615384615384615,D,D;E;K;N;S,differs_from_consensus,False,True,unresolved_internal;scaffold_differs_from_msa_consensus
9M30,A,VI-D,binary,148,149,E,,,,,,False,637,638,full_msa_only_unresolved_coordinate,medium,0.6208791208791209,0.4591194968553459,1.914095276075878,0.3791208791208791,E,D;E;I;K;T;V,matches_consensus,False,True,unresolved_internal
9M30,A,VI-D,binary,149,150,L,,,,,,False,665,666,full_msa_only_unresolved_coordinate,medium,0.15384615384615385,0.25,2.461778515219649,0.8461538461538461,L,E;K;L;N;S;T,matches_consensus,False,True,unresolved_internal
9M30,A,VI-D,binary,150,151,T,,,,,,False,666,667,full_msa_only_unresolved_coordinate,medium,0.7967032967032966,0.14096916299559473,2.6129206461232837,0.20329670329670335,D,D;E;G;K;N;P;S;T;Y,differs_from_consensus,False,True,unresolved_internal;scaffold_differs_from_msa_consensus
9M30,A,VI-D,binary,151,152,E,,,,,,False,667,668,full_msa_only_unresolved_coordinate,medium,0.9615384615384616,0.19217081850533807,2.5580005415999194,0.038461538461538436,E,D;E;G;K;N;S;T,matches_consensus,False,True,unresolved_internal
9M30,A,VI-D,binary,152,153,D,,,,,,False,668,669,full_msa_only_unresolved_coordinate,medium,0.9835164835164835,0.9446366782006921,0.25474063757544324,0.016483516483516536,D,D,matches_consensus,False,True,unresolved_internal
9M30,A,VI-D,binary,153,154,F,,,,,,False,669,670,full_msa_only_unresolved_coordinate,medium,0.9835164835164835,0.3181228373702422,1.8410987589276657,0.016483516483516536,F,F;I;L;V;Y,matches_consensus,False,True,unresolved_internal
9M30,A,VI-D,binary,154,155,I,,,,,,False,670,671,full_msa_only_unresolved_coordinate,medium,0.9835164835164835,0.5247981545559401,1.3844867958828906,0.016483516483516536,I,F;I;L;V,matches_consensus,False,True,unresolved_internal
9M30,A,VI-D,binary,155,156,G,,,,,,False,671,672,full_msa_only_unresolved_coordinate,medium,0.07142857142857142,0.8461538461538461,0.4293230219306162,0.9285714285714286,G,G;S,matches_consensus,False,True,unresolved_internal
9M30,A,VI-D,binary,156,157,A,,,,,,False,674,675,full_msa_only_unresolved_coordinate,medium,0.07142857142857142,0.3076923076923077,1.6715952780212544,0.9285714285714286,M,A;D;F;I;M;N,differs_from_consensus,False,True,unresolved_internal;scaffold_differs_from_msa_consensus
9M30,A,VI-D,binary,157,158,G,,,,,,False,675,676,full_msa_only_unresolved_coordinate,medium,0.9560439560439561,0.8924731182795699,0.5329649423499991,0.04395604395604391,G,G,matches_consensus,False,True,unresolved_internal
9M30,A,VI-D,binary,158,159,G,,,,,,False,677,678,full_msa_only_unresolved_coordinate,medium,0.945054945054945,0.23826714801444043,2.31862657470561,0.05494505494505497,Y,G;M;N;S;T;Y,differs_from_consensus,False,True,unresolved_internal;scaffold_differs_from_msa_consensus
9M30,A,VI-D,binary,159,160,W,,,,,,False,678,679,full_msa_only_unresolved_coordinate,medium,0.9505494505494505,0.4838709677419355,1.5113316420864789,0.0494505494505495,L,F;I;L;M,differs_from_consensus,False,True,unresolved_internal;scaffold_differs_from_msa_consensus
9M30,A,VI-D,binary,160,161,R,,,,,,False,679,680,full_msa_only_unresolved_coordinate,medium,0.8406593406593407,0.30151673640167365,2.168871405821139,0.15934065934065933,S,G;K;N;P;R;S;T;Y,differs_from_consensus,False,True,unresolved_internal;scaffold_differs_from_msa_consensus
9M30,A,VI-D,binary,161,162,I,,,,,,False,680,681,full_msa_only_unresolved_coordinate,medium,0.7802197802197802,0.3745199692780338,2.120855394358002,0.21978021978021978,T,A;F;L;S;T;V;Y,differs_from_consensus,False,True,unresolved_internal;scaffold_differs_from_msa_consensus
9M30,A,VI-D,binary,162,163,N,,,,,,False,688,689,full_msa_only_unresolved_coordinate,medium,0.7252747252747253,0.12307692307692308,2.685364474835372,0.27472527472527475,D,D;G;K;L;N;Q;R;S;T,differs_from_consensus,False,True,unresolved_internal;scaffold_differs_from_msa_consensus
9M30,A,VI-D,binary,163,164,L,142.0,L,164.0,,LEU,True,689,690,four_layer_exact,high,0.7362637362637363,0.3922738693467337,2.1847113390248687,0.2637362637362637,N,D;I;K;N;V;Y,differs_from_consensus,False,True,scaffold_differs_from_msa_consensus
9M30,A,VI-D,binary,164,165,D,143.0,D,165.0,,ASP,True,690,691,four_layer_exact,high,0.7692307692307693,0.36792452830188677,1.9994576928039347,0.23076923076923073,T,D;K;P;S;T,differs_from_consensus,False,True,scaffold_differs_from_msa_consensus
9M30,A,VI-D,binary,166,167,Q,145.0,Q,167.0,,GLN,True,705,706,four_layer_exact,high,0.9175824175824175,0.2679245283018868,2.1500797832958343,0.08241758241758246,E,A;D;E;K;Q;S,differs_from_consensus,True,True,scaffold_differs_from_msa_consensus
9M30,A,VI-D,binary,167,168,T,146.0,T,168.0,,THR,True,706,707,four_layer_exact,high,0.9230769230769231,0.14232209737827714,2.474100316647014,0.07692307692307687,K,A;D;E;K;N;Q;S;T;V,differs_from_consensus,True,True,scaffold_differs_from_msa_consensus
9M30,A,VI-D,binary,168,169,L,147.0,L,169.0,,LEU,True,707,708,four_layer_exact,high,0.9230769230769231,0.4342228464419476,1.7561895836793948,0.07692307692307687,F,F;I;L;V;Y,differs_from_consensus,True,True,scaffold_differs_from_msa_consensus
9M30,A,VI-D,binary,169,170,R,148.0,R,170.0,,ARG,True,726,727,four_layer_exact,high,0.34615384615384615,0.14992191566892243,2.4575951719379603,0.6538461538461539,L,A;C;K;L;M;R;S;T,differs_from_consensus,False,True,scaffold_differs_from_msa_consensus
9M30,A,VI-D,binary,170,171,G,149.0,G,171.0,,GLY,True,727,728,four_layer_exact,high,0.35714285714285715,0.3712846347607053,1.7196090522880478,0.6428571428571428,D,D;E;N;S,differs_from_consensus,False,True,scaffold_differs_from_msa_consensus
9M30,A,VI-D,binary,171,172,Q,150.0,Q,172.0,,GLN,True,729,730,four_layer_exact,high,0.2857142857142857,0.6730401529636711,1.308589648316443,0.7142857142857143,P,A;K;P;S,differs_from_consensus,False,True,scaffold_differs_from_msa_consensus
9M30,A,VI-D,binary,172,173,T,151.0,T,173.0,,THR,True,730,731,four_layer_exact,high,0.2857142857142857,0.2045889101338432,2.313767979451839,0.7142857142857143,E,D;E;K;N;S;T,differs_from_consensus,False,True,scaffold_differs_from_msa_consensus
9M30,A,VI-D,binary,173,174,N,152.0,N,174.0,,ASN,True,761,762,four_layer_exact,high,0.7252747252747253,0.3163265306122449,2.216312346365829,0.27472527472527475,K,D;E;K;N;R;S,differs_from_consensus,False,True,scaffold_differs_from_msa_consensus
9M30,A,VI-D,binary,174,175,K,153.0,K,175.0,,LYS,True,762,763,four_layer_exact,high,0.7802197802197802,0.21395348837209302,2.484878606258631,0.21978021978021978,S,A;I;K;L;N;Q;S;V,differs_from_consensus,False,True,scaffold_differs_from_msa_consensus
9M30,A,VI-D,binary,175,176,Y,154.0,Y,176.0,,TYR,True,763,764,four_layer_exact,high,0.7857142857142857,0.41284403669724773,1.8907203716128045,0.2142857142857143,K,K;R;Y,differs_from_consensus,False,True,scaffold_differs_from_msa_consensus
9M30,A,VI-D,binary,176,177,D,155.0,D,177.0,,ASP,True,764,765,four_layer_exact,high,0.8131868131868132,0.19383259911894274,2.164355216127221,0.18681318681318682,E,A;D;E;K;N;R;S,differs_from_consensus,True,True,scaffold_differs_from_msa_consensus
9M30,A,VI-D,binary,177,178,R,156.0,R,178.0,,ARG,True,765,766,four_layer_exact,high,0.7307692307692307,0.20812182741116753,2.5933707260581027,0.2692307692307693,K,A;D;E;F;K;L;N;S;T,differs_from_consensus,False,True,scaffold_differs_from_msa_consensus
9M30,A,VI-D,binary,179,180,K,158.0,K,180.0,,LYS,True,847,848,four_layer_exact,high,0.8791208791208791,0.272,2.3570440080535624,0.1208791208791209,E,D;E;K;L;Q,differs_from_consensus,True,True,scaffold_differs_from_msa_consensus
9M30,A,VI-D,binary,180,181,N,159.0,N,181.0,,ASN,True,848,849,four_layer_exact,high,0.8901098901098901,0.2125984251968504,2.259972308387499,0.10989010989010994,E,A;D;E;K;N;Q,differs_from_consensus,True,True,scaffold_differs_from_msa_consensus
9M30,A,VI-D,binary,181,182,Y,160.0,Y,182.0,,TYR,True,853,854,four_layer_exact,high,0.989010989010989,0.3931034482758621,1.7026153784520743,0.01098901098901095,L,F;I;L;V;Y,differs_from_consensus,True,True,scaffold_differs_from_msa_consensus
9M30,A,VI-D,binary,182,183,I,161.0,I,183.0,,ILE,True,854,855,four_layer_exact,high,0.9835164835164835,0.3819444444444444,1.902525130550066,0.016483516483516536,L,I;L;M;V;Y,differs_from_consensus,True,True,scaffold_differs_from_msa_consensus
9M30,A,VI-D,binary,184,185,R,163.0,R,185.0,,ARG,True,859,860,four_layer_exact,high,0.9725274725274725,0.2867132867132867,2.1543887797951977,0.027472527472527486,N,A;D;K;N;R;S;T,differs_from_consensus,True,True,scaffold_differs_from_msa_consensus
9M30,A,VI-D,binary,185,186,K,164.0,K,186.0,,LYS,True,866,867,four_layer_exact,high,0.9560439560439561,0.17985611510791366,2.5536442431912896,0.04395604395604391,P,A;I;K;N;P;S;T,differs_from_consensus,True,True,scaffold_differs_from_msa_consensus
9M30,A,VI-D,binary,186,187,E,165.0,E,187.0,,GLU,True,867,868,four_layer_exact,high,0.9615384615384616,0.4357142857142857,1.8329361782237117,0.038461538461538436,R,E;K;Q;R;S,differs_from_consensus,True,True,scaffold_differs_from_msa_consensus
9M30,A,VI-D,binary,188,189,L,167.0,L,189.0,,LEU,True,877,878,four_layer_exact,high,0.9340659340659341,0.38235294117647056,2.1978079174136638,0.06593406593406592,G,A;G;K;R;S;V,differs_from_consensus,True,True,scaffold_differs_from_msa_consensus
9M30,A,VI-D,binary,192,193,E,171.0,E,193.0,,GLU,True,901,902,four_layer_exact,high,0.9835164835164835,0.20833333333333334,2.408580112882473,0.016483516483516536,D,D;E;F;G;K;N;S;T,differs_from_consensus,True,True,scaffold_differs_from_msa_consensus
9M30,A,VI-D,binary,196,197,H,175.0,H,197.0,,HIS,True,905,906,four_layer_exact,high,0.6208791208791209,0.17272727272727273,2.608474249594354,0.3791208791208791,K,D;H;K;P;R;S;T;Y,differs_from_consensus,False,True,scaffold_differs_from_msa_consensus
9M30,A,VI-D,binary,198,199,N,177.0,N,199.0,,ASN,True,993,994,four_layer_exact,high,0.5164835164835165,0.11827956989247312,2.7355261193529987,0.48351648351648346,E,D;E;G;K;L;N;R;Y,differs_from_consensus,False,True,scaffold_differs_from_msa_consensus
9M30,A,VI-D,binary,199,200,E,178.0,E,200.0,,GLU,True,994,995,four_layer_exact,high,0.7252747252747253,0.15306122448979592,2.5439263886462906,0.27472527472527475,K,D;E;I;K;N;Q;T;V,differs_from_consensus,False,True,scaffold_differs_from_msa_consensus
9M30,A,VI-D,binary,200,201,R,179.0,R,201.0,,ARG,True,995,996,four_layer_exact,high,0.8296703296703297,0.21839080459770113,2.5145360363436486,0.17032967032967028,E,D;E;K;L;N;P;Q;R,differs_from_consensus,True,True,scaffold_differs_from_msa_consensus
9M30,A,VI-D,binary,201,202,R,180.0,R,202.0,,ARG,True,996,997,four_layer_exact,high,0.9725274725274725,0.38028169014084506,2.0447219024364927,0.027472527472527486,K,A;E;K;N;R,differs_from_consensus,True,True,scaffold_differs_from_msa_consensus
9M30,A,VI-D,binary,202,203,Y,181.0,Y,203.0,,TYR,True,997,998,four_layer_exact,high,0.967032967032967,0.2624113475177305,2.556186469552014,0.03296703296703296,S,D;E;N;S;T,differs_from_consensus,True,True,scaffold_differs_from_msa_consensus
9M30,A,VI-D,binary,204,205,E,183.0,E,205.0,,GLU,True,999,1000,four_layer_exact,high,0.9120879120879121,0.3435114503816794,1.9206601311885951,0.08791208791208793,K,D;E;K;N;R,differs_from_consensus,True,True,scaffold_differs_from_msa_consensus
9M30,A,VI-D,binary,205,206,D,184.0,D,206.0,,ASP,True,1021,1022,four_layer_exact,high,0.9725274725274725,0.42231514084507044,2.004366578420314,0.027472527472527486,E,D;E;H;K;R;Y,differs_from_consensus,True,True,scaffold_differs_from_msa_consensus
9M30,A,VI-D,binary,207,208,F,186.0,F,208.0,,PHE,True,1031,1032,four_layer_exact,high,0.9945054945054945,0.6643835616438356,1.2277374201348163,0.005494505494505475,Y,F;Y,differs_from_consensus,True,True,scaffold_differs_from_msa_consensus
9M30,A,VI-D,binary,208,209,A,187.0,A,209.0,,ALA,True,1032,1033,four_layer_exact,high,0.9945054945054945,0.2054794520547945,2.289840835448434,0.005494505494505475,N,D;H;K;N;S;Y,differs_from_consensus,True,True,scaffold_differs_from_msa_consensus
9M30,A,VI-D,binary,211,212,T,190.0,T,212.0,,THR,True,1035,1036,four_layer_exact,high,0.9945054945054945,0.3424657534246575,1.8198097162278748,0.005494505494505475,R,A;C;R;S,differs_from_consensus,True,True,scaffold_differs_from_msa_consensus
9M30,A,VI-D,binary,214,215,S,193.0,S,215.0,,SER,True,1038,1039,four_layer_exact,high,1.0,0.4419642857142857,1.2867105197612856,0.0,G,A;G;S,differs_from_consensus,True,True,scaffold_differs_from_msa_consensus
9M30,A,VI-D,binary,215,216,A,194.0,A,216.0,,ALA,True,1039,1040,four_layer_exact,high,1.0,0.14285714285714285,2.660033185241378,0.0,S,A;F;I;K;L;M;Q;S;T;Y,differs_from_consensus,True,True,scaffold_differs_from_msa_consensus
9M30,A,VI-D,binary,217,218,R,196.0,A,218.0,,ALA,True,1041,1042,four_layer_literature_restored_substitution,high,1.0,1.0,-0.0,0.0,R,R,matches_consensus,True,True,literature_confirmed_construct_substitution
9M30,A,VI-D,binary,222,223,H,201.0,A,223.0,,ALA,True,1046,1047,four_layer_literature_restored_substitution,high,1.0,0.9931972789115646,0.04072805093236134,0.0,H,H,matches_consensus,True,True,literature_confirmed_construct_substitution
9M30,A,VI-D,binary,223,224,S,,,,,,False,1047,1048,full_msa_only_unresolved_coordinate,medium,1.0,0.3197278911564626,2.187913418055878,0.0,G,D;E;F;G;S;Y,differs_from_consensus,False,True,unresolved_internal;scaffold_differs_from_msa_consensus
9M30,A,VI-D,binary,224,225,D,,,,,,False,1049,1050,full_msa_only_unresolved_coordinate,medium,0.9285714285714286,0.18382352941176472,2.43337981865906,0.0714285714285714,K,D;E;G;K;N;S;T;Y,differs_from_consensus,False,True,unresolved_internal;scaffold_differs_from_msa_consensus
9M30,A,VI-D,binary,225,226,L,,,,,,False,1050,1051,full_msa_only_unresolved_coordinate,medium,0.9120879120879121,0.17533396946564886,2.61739589031574,0.08791208791208793,E,D;E;G;K;N;T;V,differs_from_consensus,False,True,unresolved_internal;scaffold_differs_from_msa_consensus
9M30,A,VI-D,binary,226,227,S,,,,,,False,1051,1052,full_msa_only_unresolved_coordinate,medium,0.9340659340659341,0.17530864197530863,2.555000334921787,0.06593406593406592,S,A;D;E;G;K;N;R;S;T,matches_consensus,False,True,unresolved_internal
9M30,A,VI-D,binary,227,228,S,,,,,,False,1055,1056,full_msa_only_unresolved_coordinate,medium,0.8626373626373627,0.22540983606557377,2.519479610737625,0.13736263736263732,N,D;E;G;K;N;R;S;T,differs_from_consensus,False,True,unresolved_internal;scaffold_differs_from_msa_consensus
9M30,A,VI-D,binary,228,229,D,,,,,,False,1056,1057,full_msa_only_unresolved_coordinate,medium,0.8131868131868132,0.168141592920354,2.4508894946563955,0.18681318681318682,R,A;D;K;N;R;S;T,differs_from_consensus,False,True,unresolved_internal;scaffold_differs_from_msa_consensus
9M30,A,VI-D,binary,229,230,E,,,,,,False,1057,1058,full_msa_only_unresolved_coordinate,medium,0.521978021978022,0.12698412698412698,2.421662682717796,0.478021978021978,A,A;D;E;K;L;N;P;Q;S;T,differs_from_consensus,False,True,unresolved_internal;scaffold_differs_from_msa_consensus
9M30,A,VI-D,binary,230,231,S,,,,,,False,1058,1059,full_msa_only_unresolved_coordinate,medium,0.25824175824175827,0.15217391304347827,2.6263256266459956,0.7417582417582418,N,A;D;E;F;G;K;L;N;S;V,differs_from_consensus,False,True,unresolved_internal;scaffold_differs_from_msa_consensus
9M30,A,VI-D,binary,231,232,D,,,,,,False,1069,1070,full_msa_only_unresolved_coordinate,medium,0.19230769230769232,0.21212121212121213,2.361930388083419,0.8076923076923077,D,D;E;G;H;K;N;R;T;V,matches_consensus,False,True,unresolved_internal
9M30,A,VI-D,binary,232,233,H,,,,,,False,1070,1071,full_msa_only_unresolved_coordinate,medium,0.21428571428571427,0.21621621621621623,2.065754107628625,0.7857142857142857,D,D;E;G;H;K;Q;S,differs_from_consensus,False,True,unresolved_internal;scaffold_differs_from_msa_consensus
9M30,A,VI-D,binary,233,234,V,202.0,V,234.0,,VAL,True,1072,1073,four_layer_exact,high,0.2857142857142857,0.17647058823529413,2.5788448082309836,0.7142857142857143,I,D;I;K;L;N;Q;R;S;V,differs_from_consensus,False,True,scaffold_differs_from_msa_consensus
9M30,A,VI-D,binary,234,235,N,203.0,N,235.0,,ASN,True,1073,1074,four_layer_exact,high,0.3901098901098901,0.17647058823529413,2.429284477153144,0.6098901098901099,A,A;D;G;K;P;S;T,differs_from_consensus,False,True,scaffold_differs_from_msa_consensus
9M30,A,VI-D,binary,235,236,S,204.0,S,236.0,,SER,True,1074,1075,four_layer_exact,high,0.4065934065934066,0.17142857142857143,2.4148389702678728,0.5934065934065934,D,D;E;G;K;N;P;R;S,differs_from_consensus,False,True,scaffold_differs_from_msa_consensus
9M30,A,VI-D,binary,236,237,F,205.0,F,237.0,,PHE,True,1075,1076,four_layer_exact,high,0.6538461538461539,0.21428571428571427,2.3573451971064188,0.34615384615384615,T,A;F;N;S;T;Y,differs_from_consensus,False,True,scaffold_differs_from_msa_consensus
9M30,A,VI-D,binary,240,241,Q,209.0,Q,241.0,,GLN,True,1081,1082,four_layer_exact,high,0.945054945054945,0.39416058394160586,2.045662002332108,0.05494505494505497,N,D;K;N;Q;R;S,differs_from_consensus,True,True,scaffold_differs_from_msa_consensus
9M30,A,VI-D,binary,242,243,E,211.0,E,243.0,,GLU,True,1092,1093,four_layer_exact,high,0.9395604395604396,0.40693430656934304,1.7487052880905518,0.06043956043956045,D,D;E;K;N;S,differs_from_consensus,True,True,scaffold_differs_from_msa_consensus
9M30,A,VI-D,binary,243,244,D,212.0,D,244.0,,ASP,True,1093,1094,four_layer_exact,high,0.9065934065934066,0.2366412213740458,2.340740778692264,0.09340659340659341,K,D;E;K;N;Q;S,differs_from_consensus,True,True,scaffold_differs_from_msa_consensus
9M30,A,VI-D,binary,244,245,Q,213.0,Q,245.0,,GLN,True,1099,1100,four_layer_exact,high,0.45604395604395603,0.21311475409836061,2.715843952942517,0.543956043956044,K,D;E;F;K;Q;V,differs_from_consensus,False,True,scaffold_differs_from_msa_consensus
9M30,A,VI-D,binary,246,247,S,215.0,S,247.0,,SER,True,1113,1114,four_layer_exact,high,0.8846153846153846,0.164021164021164,2.6217096580117674,0.11538461538461542,D,A;D;K;N;P;R;S,differs_from_consensus,True,True,scaffold_differs_from_msa_consensus
9M30,A,VI-D,binary,247,248,D,216.0,D,248.0,,ASP,True,1114,1115,four_layer_exact,high,0.9560439560439561,0.18944844124700239,2.3583923331809755,0.04395604395604391,P,A;D;E;G;K;N;P;Q;S,differs_from_consensus,True,True,scaffold_differs_from_msa_consensus
9M30,A,VI-D,binary,249,250,F,218.0,F,250.0,,PHE,True,1124,1125,four_layer_exact,high,0.9230769230769231,0.2781954887218045,1.8854669823053436,0.07692307692307687,L,A;F;I;L;V;Y,differs_from_consensus,True,True,scaffold_differs_from_msa_consensus
9M30,A,VI-D,binary,251,252,E,220.0,E,252.0,,GLU,True,1146,1147,four_layer_exact,high,0.9945054945054945,0.19863013698630136,2.326101214931983,0.005494505494505475,D,A;D;E;K;N;Q;S,differs_from_consensus,True,True,scaffold_differs_from_msa_consensus
9M30,A,VI-D,binary,254,255,S,223.0,S,255.0,,SER,True,1149,1150,four_layer_exact,high,1.0,0.54421768707483,1.492785903870701,0.0,D,D;E;N,differs_from_consensus,True,True,scaffold_differs_from_msa_consensus
9M30,A,VI-D,binary,255,256,I,224.0,I,256.0,,ILE,True,1150,1151,four_layer_exact,high,1.0,0.14285714285714285,2.5588674590066685,0.0,K,A;D;E;K;N;R;S;T;Y,differs_from_consensus,True,True,scaffold_differs_from_msa_consensus
9M30,A,VI-D,binary,257,258,W,226.0,W,258.0,,TRP,True,1152,1153,four_layer_exact,high,1.0,0.6530612244897959,1.1214409686467792,0.0,Y,F;Y,differs_from_consensus,True,True,scaffold_differs_from_msa_consensus
9M30,A,VI-D,binary,258,259,E,227.0,E,259.0,,GLU,True,1153,1154,four_layer_exact,high,1.0,0.1950113378684807,2.297177350744636,0.0,D,A;D;E;K;N;R;S,differs_from_consensus,True,True,scaffold_differs_from_msa_consensus
9M30,A,VI-D,binary,260,261,V,229.0,V,261.0,,VAL,True,1155,1156,four_layer_exact,high,1.0,0.2789115646258503,2.155414520474483,0.0,R,A;G;K;R,differs_from_consensus,True,True,scaffold_differs_from_msa_consensus
9M30,A,VI-D,binary,261,262,T,230.0,T,262.0,,THR,True,1156,1157,four_layer_exact,high,1.0,0.35374149659863946,1.7471194004335109,0.0,I,F;I;L;V,differs_from_consensus,True,True,scaffold_differs_from_msa_consensus
9M30,A,VI-D,binary,262,263,E,231.0,E,263.0,,GLU,True,1157,1158,four_layer_exact,high,1.0,0.2018140589569161,2.2584787038230623,0.0,D,D;E;K;N;T,differs_from_consensus,True,True,scaffold_differs_from_msa_consensus
9M30,A,VI-D,binary,263,264,R,232.0,R,264.0,,ARG,True,1158,1159,four_layer_exact,high,1.0,0.21768707482993196,2.312275293531052,0.0,E,A;D;E;K;Q;R;S;T,differs_from_consensus,True,True,scaffold_differs_from_msa_consensus
9M30,A,VI-D,binary,265,266,D,234.0,D,266.0,,ASP,True,1160,1161,four_layer_exact,high,0.989010989010989,0.7517241379310344,1.1115490089747386,0.01098901098901095,N,D;N,differs_from_consensus,True,True,scaffold_differs_from_msa_consensus
9M30,A,VI-D,binary,266,267,S,235.0,S,267.0,,SER,True,1161,1162,four_layer_exact,high,0.9835164835164835,0.2638888888888889,2.2512048529561555,0.016483516483516536,K,A;D;E;K;N;R;S,differs_from_consensus,True,True,scaffold_differs_from_msa_consensus
9M30,A,VI-D,binary,267,268,E,236.0,E,268.0,,GLU,True,1162,1163,four_layer_exact,high,0.9835164835164835,0.25231481481481477,1.8953336900202957,0.016483516483516536,D,D;E;G;N;S,differs_from_consensus,True,True,scaffold_differs_from_msa_consensus
9M30,A,VI-D,binary,269,270,L,238.0,L,270.0,,LEU,True,1165,1166,four_layer_exact,high,0.9945054945054945,0.2671232876712329,2.2388035855694746,0.005494505494505475,I,A;F;I;L;V,differs_from_consensus,True,True,scaffold_differs_from_msa_consensus
9M30,A,VI-D,binary,271,272,T,240.0,T,272.0,,THR,True,1185,1186,four_layer_exact,high,1.0,0.4217687074829932,1.7103184593830913,0.0,N,H;K;N;Q;T,differs_from_consensus,True,True,scaffold_differs_from_msa_consensus
9M30,A,VI-D,binary,273,274,T,242.0,T,274.0,,THR,True,1205,1206,four_layer_exact,high,0.989010989010989,0.47586206896551725,1.9274362618765346,0.01098901098901095,K,A;K;R;S,differs_from_consensus,True,True,scaffold_differs_from_msa_consensus
9M30,A,VI-D,binary,277,278,H,246.0,H,278.0,,HIS,True,1210,1211,four_layer_exact,high,1.0,0.19727891156462585,2.6782287151563526,0.0,Y,A;K;L;N;Q;S;Y,differs_from_consensus,True,True,scaffold_differs_from_msa_consensus
9M30,A,VI-D,binary,280,281,C,249.0,C,281.0,,CYS,True,1213,1214,four_layer_exact,high,1.0,0.2789115646258503,2.4016508680885007,0.0,F,A;C;E;F;K;S,differs_from_consensus,True,True,scaffold_differs_from_msa_consensus
9M30,A,VI-D,binary,281,282,H,250.0,H,282.0,,HIS,True,1214,1215,four_layer_exact,high,1.0,0.22675736961451243,2.253763267631969,0.0,E,D;E;K;N;Q;R;S,differs_from_consensus,True,True,scaffold_differs_from_msa_consensus
9M30,A,VI-D,binary,282,283,V,251.0,V,283.0,,VAL,True,1219,1220,four_layer_exact,high,0.989010989010989,0.28505747126436776,1.7954617694267447,0.01098901098901095,I,A;I;L;V;Y,differs_from_consensus,True,True,scaffold_differs_from_msa_consensus
9M30,A,VI-D,binary,283,284,F,252.0,F,284.0,,PHE,True,1220,1221,four_layer_exact,high,0.9835164835164835,0.4025607638888889,1.4280767284554827,0.016483516483516536,Y,F;L;Y,differs_from_consensus,True,True,scaffold_differs_from_msa_consensus
9M30,A,VI-D,binary,284,285,P,253.0,P,285.0,,PRO,True,1238,1239,four_layer_exact,high,0.8076923076923077,0.16176470588235292,2.468053632903694,0.1923076923076923,D,D;E;G;K;N;P;R;S;T,differs_from_consensus,True,True,scaffold_differs_from_msa_consensus
9M30,A,VI-D,binary,285,286,K,254.0,K,286.0,,LYS,True,1239,1240,four_layer_exact,high,0.8406593406593407,0.21288515406162464,2.2749309544108747,0.15934065934065933,D,D;E;K;L;N;P;S,differs_from_consensus,True,True,scaffold_differs_from_msa_consensus
9M30,A,VI-D,binary,287,288,S,256.0,S,288.0,,SER,True,1245,1246,four_layer_exact,high,0.9010989010989011,0.2248062015503876,2.230511985753227,0.09890109890109888,E,D;E;K;N;Q;S,differs_from_consensus,True,True,scaffold_differs_from_msa_consensus
9M30,A,VI-D,binary,289,290,E,258.0,E,290.0,,GLU,True,1247,1248,four_layer_exact,high,0.967032967032967,0.2907801418439716,2.2156108668266676,0.03296703296703296,K,A;D;E;K;N,differs_from_consensus,True,True,scaffold_differs_from_msa_consensus
9M30,A,VI-D,binary,290,291,T,259.0,T,291.0,,THR,True,1248,1249,four_layer_exact,high,0.978021978021978,0.26573426573426573,2.210779940638721,0.02197802197802201,E,A;D;E;K;N;Q;T,differs_from_consensus,True,True,scaffold_differs_from_msa_consensus
9M30,A,VI-D,binary,291,292,I,260.0,I,292.0,,ILE,True,1255,1256,four_layer_exact,high,1.0,0.5034013605442177,1.4518623197294174,0.0,L,I;L;V,differs_from_consensus,True,True,scaffold_differs_from_msa_consensus
9M30,A,VI-D,binary,292,293,V,261.0,V,293.0,,VAL,True,1256,1257,four_layer_exact,high,1.0,0.29931972789115646,1.9395287444864753,0.0,A,A;I;L;T;V,differs_from_consensus,True,True,scaffold_differs_from_msa_consensus
9M30,A,VI-D,binary,294,295,A,263.0,A,295.0,,ALA,True,1258,1259,four_layer_exact,high,1.0,0.32653061224489793,2.0622700135974417,0.0,E,A;D;E;K;L;Q,differs_from_consensus,True,True,scaffold_differs_from_msa_consensus
9M30,A,VI-D,binary,297,298,E,266.0,E,298.0,,GLU,True,1261,1262,four_layer_exact,high,1.0,0.3877551020408163,1.9020060843287694,0.0,D,D;E;K;N;R,differs_from_consensus,True,True,scaffold_differs_from_msa_consensus
9M30,A,VI-D,binary,299,300,L,268.0,L,300.0,,LEU,True,1263,1264,four_layer_exact,high,1.0,0.23809523809523808,1.9716622477744783,0.0,I,A;I;L;S;T;V,differs_from_consensus,True,True,scaffold_differs_from_msa_consensus
9M30,A,VI-D,binary,300,301,I,269.0,I,301.0,,ILE,True,1264,1265,four_layer_exact,high,1.0,0.5238095238095238,1.256953151755419,0.0,V,I;V,differs_from_consensus,True,True,scaffold_differs_from_msa_consensus
9M30,A,VI-D,binary,301,302,K,270.0,K,302.0,,LYS,True,1265,1266,four_layer_exact,high,1.0,0.23129251700680273,2.29246263815805,0.0,L,K;L;R;T;V,differs_from_consensus,True,True,scaffold_differs_from_msa_consensus
9M30,A,VI-D,binary,303,304,S,272.0,S,304.0,,SER,True,1267,1268,four_layer_exact,high,1.0,0.35374149659863946,2.046123816334197,0.0,E,D;E;K;N;Q;S;T,differs_from_consensus,True,True,scaffold_differs_from_msa_consensus
9M30,A,VI-D,binary,304,305,F,273.0,F,305.0,,PHE,True,1268,1269,four_layer_exact,high,1.0,0.3333333333333333,2.0479296015683297,0.0,Y,D;G;H;N;Q;Y,differs_from_consensus,True,True,scaffold_differs_from_msa_consensus
9M30,A,VI-D,binary,307,308,M,276.0,M,308.0,,MET,True,1272,1273,four_layer_exact,high,1.0,0.47619047619047616,1.4215496408747055,0.0,L,I;L;M,differs_from_consensus,True,True,scaffold_differs_from_msa_consensus
9M30,A,VI-D,binary,321,322,Q,290.0,Q,322.0,,GLN,True,1286,1287,four_layer_exact,high,0.9505494505494505,0.18571428571428572,2.6199475077964154,0.0494505494505495,L,D;E;I;K;L;N;Q;R;S,differs_from_consensus,True,True,scaffold_differs_from_msa_consensus
9M30,A,VI-D,binary,322,323,S,291.0,S,323.0,,SER,True,1294,1295,four_layer_exact,high,0.6648351648351648,0.21839080459770116,2.2766275839962753,0.3351648351648352,P,D;E;K;P;S;T,differs_from_consensus,False,True,scaffold_differs_from_msa_consensus
9M30,A,VI-D,binary,323,324,D,292.0,D,324.0,,ASP,True,1295,1296,four_layer_exact,high,0.7527472527472527,0.27214805825242716,2.300478646670668,0.24725274725274726,E,D;E;G;N;Q;Y,differs_from_consensus,False,True,scaffold_differs_from_msa_consensus
9M30,A,VI-D,binary,324,325,L,293.0,L,325.0,,LEU,True,1296,1297,four_layer_exact,high,0.7527472527472527,0.36893203883495146,2.0793457834291,0.24725274725274726,A,A;F;G;L;Y,differs_from_consensus,False,True,scaffold_differs_from_msa_consensus
9M30,A,VI-D,binary,325,326,K,294.0,K,326.0,,LYS,True,1297,1298,four_layer_exact,high,0.7637362637362637,0.2,2.495497538984417,0.2362637362637363,S,A;E;K;N;P;Q;S;T,differs_from_consensus,False,True,scaffold_differs_from_msa_consensus
9M30,A,VI-D,binary,326,327,S,295.0,S,327.0,,SER,True,1298,1299,four_layer_exact,high,0.5439560439560439,0.13541666666666666,2.80145769037482,0.4560439560439561,E,D;E;F;G;K;R;V;Y,differs_from_consensus,False,True,scaffold_differs_from_msa_consensus
9M30,A,VI-D,binary,327,328,F,296.0,F,328.0,,PHE,True,1304,1305,four_layer_exact,high,0.7692307692307693,0.43795620437956206,1.5540738784102612,0.23076923076923073,L,F;I;L;V;Y,differs_from_consensus,False,True,scaffold_differs_from_msa_consensus
9M30,A,VI-D,binary,329,330,E,298.0,E,330.0,,GLU,True,1318,1319,four_layer_exact,high,0.9505494505494505,0.4364508393285372,1.726737219707108,0.0494505494505495,D,D;E;G;N;S,differs_from_consensus,True,True,scaffold_differs_from_msa_consensus
9M30,A,VI-D,binary,330,331,D,299.0,D,331.0,,ASP,True,1319,1320,four_layer_exact,high,0.9505494505494505,0.4170413669064748,1.9166068960674483,0.0494505494505495,K,D;E;K;N;Q;T,differs_from_consensus,True,True,scaffold_differs_from_msa_consensus
9M30,A,VI-D,binary,333,334,N,302.0,N,334.0,,ASN,True,1329,1330,four_layer_exact,high,0.989010989010989,0.7034482758620689,0.9771299884301745,0.01098901098901095,D,D;N;S,differs_from_consensus,True,True,scaffold_differs_from_msa_consensus
9M30,A,VI-D,binary,337,338,A,306.0,A,338.0,,ALA,True,1342,1343,four_layer_exact,high,1.0,0.42857142857142855,1.8646521770095155,0.0,S,G;H;N;Q;S,differs_from_consensus,True,True,scaffold_differs_from_msa_consensus
9M30,A,VI-D,binary,343,344,F,312.0,F,344.0,,PHE,True,1348,1349,four_layer_exact,high,1.0,0.272108843537415,1.916129955052642,0.0,I,F;I;L;M;T,differs_from_consensus,True,True,scaffold_differs_from_msa_consensus
9M30,A,VI-D,binary,348,349,T,317.0,T,349.0,,THR,True,1353,1354,four_layer_exact,high,1.0,0.4897959183673469,1.630093046751539,0.0,Y,F;V;W;Y,differs_from_consensus,True,True,scaffold_differs_from_msa_consensus
9M30,A,VI-D,binary,349,350,Y,318.0,Y,350.0,,TYR,True,1354,1355,four_layer_exact,high,0.9945054945054945,0.23309075342465754,2.197380744921965,0.005494505494505475,R,D;H;K;R;Y,differs_from_consensus,True,True,scaffold_differs_from_msa_consensus
9M30,A,VI-D,binary,352,353,D,321.0,D,353.0,,ASP,True,1357,1358,four_layer_exact,high,0.9725274725274725,0.15492957746478872,2.6150961546718117,0.027472527472527486,K,E;I;K;L;N;R;S;T;V,differs_from_consensus,True,True,scaffold_differs_from_msa_consensus
9M30,A,VI-D,binary,353,354,H,322.0,H,354.0,,HIS,True,1364,1365,four_layer_exact,high,0.8406593406593407,0.23702330508474576,2.2794906108007345,0.15934065934065933,E,D;E;K;N;Q;S,differs_from_consensus,True,True,scaffold_differs_from_msa_consensus
9M30,A,VI-D,binary,354,355,H,323.0,H,355.0,,HIS,True,1378,1379,four_layer_exact,high,0.9560439560439561,0.2568195443645084,2.1486389561885093,0.04395604395604391,N,D;E;H;K;N;R;S,differs_from_consensus,True,True,scaffold_differs_from_msa_consensus
9M30,A,VI-D,binary,355,356,A,324.0,A,356.0,,ALA,True,1379,1380,four_layer_exact,high,0.9340659340659341,0.2,2.290201628033181,0.06593406593406592,P,A;D;E;K;N;P;Q;S,differs_from_consensus,True,True,scaffold_differs_from_msa_consensus
9M30,A,VI-D,binary,356,357,F,325.0,F,357.0,,PHE,True,1380,1381,four_layer_exact,high,0.8241758241758241,0.3046195652173913,2.126673938915689,0.17582417582417587,E,A;D;E;G;K;N;S,differs_from_consensus,True,True,scaffold_differs_from_msa_consensus
9M30,A,VI-D,binary,357,358,E,326.0,E,358.0,,GLU,True,1382,1383,four_layer_exact,high,0.8186813186813187,0.2807017543859649,2.2104926532452183,0.18131868131868134,K,E;K;Q;R,differs_from_consensus,True,True,scaffold_differs_from_msa_consensus
9M30,A,VI-D,binary,358,359,K,327.0,K,359.0,,LYS,True,1439,1440,four_layer_exact,high,0.04395604395604396,0.125,2.0794415416798357,0.9560439560439561,A,A;G;I;K;R;S;T;V,differs_from_consensus,False,True,scaffold_differs_from_msa_consensus
9M30,A,VI-D,binary,359,360,E,328.0,E,360.0,,GLU,True,1443,1444,four_layer_exact,high,1.0,0.30137471655328796,2.0156646799666533,0.0,D,D;E;N;Q;S,differs_from_consensus,True,True,scaffold_differs_from_msa_consensus
9M30,A,VI-D,binary,360,361,A,329.0,A,361.0,,ALA,True,1444,1445,four_layer_exact,high,1.0,0.25170068027210885,2.3454829593119575,0.0,E,A;D;E;K;N;Q;R;S,differs_from_consensus,True,True,scaffold_differs_from_msa_consensus
9M30,A,VI-D,binary,363,364,S,332.0,S,364.0,,SER,True,1447,1448,four_layer_exact,high,1.0,0.23129251700680273,2.2179089351191426,0.0,E,A;D;E;N;S,differs_from_consensus,True,True,scaffold_differs_from_msa_consensus
9M30,A,VI-D,binary,364,365,S,333.0,S,365.0,,SER,True,1448,1449,four_layer_exact,high,1.0,0.23809523809523808,2.461115116554963,0.0,K,A;D;E;K;Q;R;S,differs_from_consensus,True,True,scaffold_differs_from_msa_consensus
9M30,A,VI-D,binary,367,368,S,336.0,S,368.0,,SER,True,1451,1452,four_layer_exact,high,1.0,0.3469387755102041,2.235741102985488,0.0,A,A;G;L;S,differs_from_consensus,True,True,scaffold_differs_from_msa_consensus
9M30,A,VI-D,binary,370,371,T,339.0,T,371.0,,THR,True,1463,1464,four_layer_exact,high,0.989010989010989,0.23448275862068965,2.1566729463705903,0.01098901098901095,S,D;G;N;S;T,differs_from_consensus,True,True,scaffold_differs_from_msa_consensus
9M30,A,VI-D,binary,373,374,N,342.0,N,374.0,,ASN,True,1481,1482,four_layer_exact,high,0.9615384615384616,0.39285714285714285,1.8100121644774785,0.038461538461538436,E,A;D;E;G;Q,differs_from_consensus,True,True,scaffold_differs_from_msa_consensus
9M30,A,VI-D,binary,376,377,E,345.0,E,377.0,,GLU,True,1493,1494,four_layer_exact,high,1.0,0.16326530612244897,2.5690933420424202,0.0,A,A;D;E;K;N;Q;R;S,differs_from_consensus,True,True,scaffold_differs_from_msa_consensus
9M30,A,VI-D,binary,379,380,I,348.0,I,380.0,,ILE,True,1496,1497,four_layer_exact,high,1.0,0.14285714285714285,2.5809512589923322,0.0,R,A;D;E;I;K;L;N;Q;R;S,differs_from_consensus,True,True,scaffold_differs_from_msa_consensus
9M30,A,VI-D,binary,380,381,K,349.0,K,381.0,,LYS,True,1497,1498,four_layer_exact,high,1.0,0.14965986394557823,2.369323817968326,0.0,E,A;D;E;K;N;Q;R;S,differs_from_consensus,True,True,scaffold_differs_from_msa_consensus
9M30,A,VI-D,binary,381,382,T,350.0,T,382.0,,THR,True,1498,1499,four_layer_exact,high,1.0,0.4217687074829932,1.9739928392220103,0.0,E,A;E;F;I;L;Y,differs_from_consensus,True,True,scaffold_differs_from_msa_consensus
9M30,A,VI-D,binary,383,384,R,352.0,R,384.0,,ARG,True,1504,1505,four_layer_exact,high,1.0,0.21315192743764172,2.3213737058840342,0.0,E,A;D;E;K;N;R;S,differs_from_consensus,True,True,scaffold_differs_from_msa_consensus
9M30,A,VI-D,binary,384,385,T,353.0,T,385.0,,THR,True,1505,1506,four_layer_exact,high,1.0,0.19727891156462585,2.6254323338770935,0.0,R,A;D;E;I;K;R;S,differs_from_consensus,True,True,scaffold_differs_from_msa_consensus
9M30,A,VI-D,binary,386,387,A,355.0,A,387.0,,ALA,True,1512,1513,four_layer_exact,high,0.945054945054945,0.561815693430657,1.6265565502127437,0.05494505494505497,W,A;F;K;W;Y,differs_from_consensus,True,True,scaffold_differs_from_msa_consensus
9M30,A,VI-D,binary,387,388,S,356.0,S,388.0,,SER,True,1513,1514,four_layer_exact,high,0.9340659340659341,0.17777777777777778,2.491302523823853,0.06593406593406592,N,A;D;E;K;N;P;S,differs_from_consensus,True,True,scaffold_differs_from_msa_consensus
9M30,A,VI-D,binary,388,389,A,357.0,A,389.0,,ALA,True,1514,1515,four_layer_exact,high,0.9505494505494505,0.2028985507246377,2.4104156145397626,0.0494505494505495,K,A;D;E;K;R;S,differs_from_consensus,True,True,scaffold_differs_from_msa_consensus
9M30,A,VI-D,binary,390,391,G,359.0,G,391.0,,GLY,True,1559,1560,four_layer_exact,high,0.978021978021978,0.25874125874125875,2.078267806016698,0.02197802197802201,K,E;G;K;R;S,differs_from_consensus,True,True,scaffold_differs_from_msa_consensus
9M30,A,VI-D,binary,391,392,A,360.0,A,392.0,,ALA,True,1560,1561,four_layer_exact,high,0.9725274725274725,0.24647887323943662,2.3370759136951706,0.027472527472527486,D,D;E;G;K;N;S,differs_from_consensus,True,True,scaffold_differs_from_msa_consensus
9M30,A,VI-D,binary,392,393,D,361.0,D,393.0,,ASP,True,1612,1613,four_layer_exact,high,0.9615384615384616,0.15,2.6274251197114253,0.038461538461538436,K,A;D;I;K;L;P;Q;R;S;T;V,differs_from_consensus,True,True,scaffold_differs_from_msa_consensus
9M30,A,VI-D,binary,393,394,F,362.0,F,394.0,,PHE,True,1613,1614,four_layer_exact,high,0.9835164835164835,0.3125,1.6765038569311987,0.016483516483516536,I,F;I;L;V,differs_from_consensus,True,True,scaffold_differs_from_msa_consensus
9M30,A,VI-D,binary,394,395,K,363.0,K,395.0,,LYS,True,1615,1616,four_layer_exact,high,0.945054945054945,0.18115942028985507,2.493729977501687,0.05494505494505497,N,A;D;E;K;L;N;Q;R,differs_from_consensus,True,True,scaffold_differs_from_msa_consensus
9M30,A,VI-D,binary,396,397,A,365.0,A,397.0,,ALA,True,1617,1618,four_layer_exact,high,0.945054945054945,0.2608695652173913,2.1771218718041907,0.05494505494505497,I,A;F;I;L;M;V,differs_from_consensus,True,True,scaffold_differs_from_msa_consensus
9M30,A,VI-D,binary,397,398,A,366.0,A,398.0,,ALA,True,1618,1619,four_layer_exact,high,0.8846153846153846,0.2047244094488189,2.4295383116632627,0.11538461538461542,L,A;C;I;K;L;V,differs_from_consensus,True,True,scaffold_differs_from_msa_consensus
9M30,A,VI-D,binary,398,399,A,367.0,A,399.0,,ALA,True,1619,1620,four_layer_exact,high,0.8736263736263736,0.24,2.2729373170800193,0.12637362637362637,P,D;E;K;N;P;S,differs_from_consensus,True,True,scaffold_differs_from_msa_consensus
9M30,A,VI-D,binary,399,400,D,368.0,D,400.0,,ASP,True,1620,1621,four_layer_exact,high,0.8571428571428571,0.12269467213114754,2.6848771729341925,0.1428571428571429,A,A;K;L;M;Q;R;S,differs_from_consensus,True,True,scaffold_differs_from_msa_consensus
9M30,A,VI-D,binary,400,401,V,369.0,V,401.0,,VAL,True,1621,1622,four_layer_exact,high,0.8571428571428571,0.22131147540983606,1.9900906288311284,0.1428571428571429,L,F;I;L;M;V,differs_from_consensus,True,True,scaffold_differs_from_msa_consensus
9M30,A,VI-D,binary,402,403,A,371.0,A,403.0,,ALA,True,1643,1644,four_layer_exact,high,0.6868131868131868,0.5420138888888889,1.5542509616949942,0.3131868131868132,G,A;E;G;K,differs_from_consensus,False,True,scaffold_differs_from_msa_consensus
9M30,A,VI-D,binary,406,407,R,375.0,R,407.0,,ARG,True,1713,1714,four_layer_exact,high,0.9505494505494505,0.5434782608695652,1.6373027553552315,0.0494505494505495,K,E;K;Q;R;S,differs_from_consensus,True,True,scaffold_differs_from_msa_consensus
9M30,A,VI-D,binary,407,408,D,376.0,D,408.0,,ASP,True,1715,1716,four_layer_exact,high,0.9395604395604396,0.19852941176470587,2.2649299702020453,0.06043956043956045,E,D;E;G;K;N;Q,differs_from_consensus,True,True,scaffold_differs_from_msa_consensus
9M30,A,VI-D,binary,408,409,Y,377.0,Y,409.0,,TYR,True,1716,1717,four_layer_exact,high,0.9395604395604396,0.2867647058823529,2.259406732441456,0.06043956043956045,L,A;F;I;K;L;M;V;Y,differs_from_consensus,True,True,scaffold_differs_from_msa_consensus
9M30,A,VI-D,binary,409,410,Q,378.0,Q,410.0,,GLN,True,1717,1718,four_layer_exact,high,0.9340659340659341,0.2298611111111111,2.4768306474043302,0.06593406593406592,K,D;E;K;N;Q;R;S;T,differs_from_consensus,True,True,scaffold_differs_from_msa_consensus
9M30,A,VI-D,binary,411,412,K,380.0,K,412.0,,LYS,True,1719,1720,four_layer_exact,high,0.7197802197802198,0.23469387755102042,2.2606185232570297,0.2802197802197802,D,D;E;K;N;R;S,differs_from_consensus,False,True,scaffold_differs_from_msa_consensus
9M30,A,VI-D,binary,412,413,A,381.0,A,413.0,,ALA,True,1720,1721,four_layer_exact,high,0.6868131868131868,0.22826086956521738,2.501347899829055,0.3131868131868132,K,D;E;G;H;K;N;P;S,differs_from_consensus,False,True,scaffold_differs_from_msa_consensus
9M30,A,VI-D,binary,413,414,N,382.0,N,414.0,,ASN,True,1721,1722,four_layer_exact,high,0.6263736263736264,0.14814814814814814,2.7165792703980234,0.37362637362637363,D,D;E;I;K;L;S;T;V,differs_from_consensus,False,True,scaffold_differs_from_msa_consensus
9M30,A,VI-D,binary,414,415,D,383.0,D,415.0,,ASP,True,1722,1723,four_layer_exact,high,0.4230769230769231,0.2391304347826087,2.403212749310924,0.5769230769230769,S,D;E;I;K;S;V,differs_from_consensus,False,True,scaffold_differs_from_msa_consensus
9M30,A,VI-D,binary,415,416,Y,384.0,Y,416.0,,TYR,True,1779,1780,four_layer_exact,high,0.9120879120879121,0.3435114503816794,1.9320333962666139,0.08791208791208793,F,F;I;L;V;Y,differs_from_consensus,True,True,scaffold_differs_from_msa_consensus
9M30,A,VI-D,binary,416,417,R,385.0,R,417.0,,ARG,True,1780,1781,four_layer_exact,high,0.9340659340659341,0.2518518518518518,2.1702756729707864,0.06593406593406592,K,A;D;K;N;P;R;S;T,differs_from_consensus,True,True,scaffold_differs_from_msa_consensus
9M30,A,VI-D,binary,418,419,S,387.0,S,419.0,,SER,True,1800,1801,four_layer_exact,high,0.9065934065934066,0.14447115384615383,2.631169441935095,0.09340659340659341,K,A;D;E;K;M;Q;S;V,differs_from_consensus,True,True,scaffold_differs_from_msa_consensus
9M30,A,VI-D,binary,419,420,F,388.0,F,420.0,,PHE,True,1801,1802,four_layer_exact,high,0.9285714285714286,0.35074626865671643,1.6554692045209036,0.0714285714285714,L,F;I;L;V,differs_from_consensus,True,True,scaffold_differs_from_msa_consensus
9M30,A,VI-D,binary,420,421,E,389.0,E,421.0,,GLU,True,1817,1818,four_layer_exact,high,0.1043956043956044,0.2222222222222222,2.1390858946957136,0.8956043956043956,V,A;E;F;G;I;K;L;R;S;V,differs_from_consensus,False,True,scaffold_differs_from_msa_consensus
9M30,A,VI-D,binary,421,422,D,390.0,D,422.0,,ASP,True,1818,1819,four_layer_exact,high,0.9010989010989011,0.3023255813953488,2.0708367394739287,0.09890109890109888,E,D;E;N;P;S,differs_from_consensus,True,True,scaffold_differs_from_msa_consensus
9M30,A,VI-D,binary,425,426,G,394.0,G,426.0,,GLY,True,1854,1855,four_layer_exact,high,0.8846153846153846,0.20209973753280838,2.424667976800019,0.11538461538461542,S,E;G;I;K;L;N;S;T,differs_from_consensus,True,True,scaffold_differs_from_msa_consensus
9M30,A,VI-D,binary,426,427,N,395.0,N,427.0,,ASN,True,1855,1856,four_layer_exact,high,0.9065934065934066,0.21212121212121213,2.4640271150506643,0.09340659340659341,S,A;D;E;G;K;N;P;R;S;T,differs_from_consensus,True,True,scaffold_differs_from_msa_consensus
9M30,A,VI-D,binary,427,428,T,396.0,T,428.0,,THR,True,1856,1857,four_layer_exact,high,0.945054945054945,0.2302158273381295,2.310045202045129,0.05494505494505497,E,A;D;E;K;N;S,differs_from_consensus,True,True,scaffold_differs_from_msa_consensus
9M30,A,VI-D,binary,428,429,G,397.0,G,429.0,,GLY,True,1857,1858,four_layer_exact,high,0.967032967032967,0.3617021276595745,1.9119688492247582,0.03296703296703296,N,D;E;K;N;S,differs_from_consensus,True,True,scaffold_differs_from_msa_consensus
9M30,A,VI-D,binary,429,430,I,398.0,I,430.0,,ILE,True,1859,1860,four_layer_exact,high,0.978021978021978,0.34265734265734266,1.9582044525873454,0.02197802197802201,A,A;I;T;V,differs_from_consensus,True,True,scaffold_differs_from_msa_consensus
9M30,A,VI-D,binary,430,431,G,399.0,G,431.0,,GLY,True,1866,1867,four_layer_exact,high,0.9945054945054945,0.3789954337899544,2.033045624361181,0.005494505494505475,S,D;H;N;S;T,differs_from_consensus,True,True,scaffold_differs_from_msa_consensus
9M30,A,VI-D,binary,434,435,E,403.0,E,435.0,,GLU,True,1870,1871,four_layer_exact,high,1.0,0.7278911564625851,1.172430109044073,0.0,K,E;K;Q,differs_from_consensus,True,True,scaffold_differs_from_msa_consensus
9M30,A,VI-D,binary,438,439,M,407.0,M,439.0,,MET,True,1874,1875,four_layer_exact,high,1.0,0.35374149659863946,1.6924165180236204,0.0,F,A;F;L;M;V,differs_from_consensus,True,True,scaffold_differs_from_msa_consensus
9M30,A,VI-D,binary,442,443,L,411.0,L,443.0,,LEU,True,1878,1879,four_layer_exact,high,1.0,0.9183673469387755,0.3416338748989142,0.0,F,F;L,differs_from_consensus,True,True,scaffold_differs_from_msa_consensus
9M30,A,VI-D,binary,463,464,I,432.0,I,464.0,,ILE,True,1899,1900,four_layer_exact,high,1.0,0.3469387755102041,2.0446377815591643,0.0,A,A;D;N;Q;R;S,differs_from_consensus,True,True,scaffold_differs_from_msa_consensus
9M30,A,VI-D,binary,468,469,I,437.0,I,469.0,,ILE,True,1904,1905,four_layer_exact,high,1.0,0.3741496598639456,1.562613437700859,0.0,V,I;L;T;V,differs_from_consensus,True,True,scaffold_differs_from_msa_consensus
9M30,A,VI-D,binary,471,472,K,440.0,K,472.0,,LYS,True,1924,1925,four_layer_exact,high,0.978021978021978,0.23076923076923078,2.2663361141371317,0.02197802197802201,E,D;E;K;Q;S,differs_from_consensus,True,True,scaffold_differs_from_msa_consensus
9M30,A,VI-D,binary,473,474,N,442.0,N,474.0,,ASN,True,1951,1952,four_layer_exact,high,0.9560439560439561,0.49640287769784175,1.6967490771387135,0.04395604395604391,G,D;G;K;N;S,differs_from_consensus,True,True,scaffold_differs_from_msa_consensus
9M30,A,VI-D,binary,476,477,F,445.0,F,477.0,,PHE,True,1954,1955,four_layer_exact,high,0.9560439560439561,0.17266187050359713,2.4325451488115584,0.04395604395604391,V,A;C;I;L;R;S;T;V,differs_from_consensus,True,True,scaffold_differs_from_msa_consensus
9M30,A,VI-D,binary,477,478,K,446.0,K,478.0,,LYS,True,1981,1982,four_layer_exact,high,0.9725274725274725,0.23943661971830985,2.4260502226502383,0.027472527472527486,E,D;E;K;N;S;T,differs_from_consensus,True,True,scaffold_differs_from_msa_consensus
9M30,A,VI-D,binary,479,480,K,448.0,K,480.0,,LYS,True,1995,1996,four_layer_exact,high,0.9615384615384616,0.22857142857142856,2.402960687402209,0.038461538461538436,T,A;E;K;Q;R;S;T;V,differs_from_consensus,True,True,scaffold_differs_from_msa_consensus
9M30,A,VI-D,binary,480,481,P,449.0,P,481.0,,PRO,True,2037,2038,four_layer_exact,high,1.0,0.25396825396825395,2.0892276975605535,0.0,E,A;D;E;K;P,differs_from_consensus,True,True,scaffold_differs_from_msa_consensus
9M30,A,VI-D,binary,484,485,D,453.0,D,485.0,,ASP,True,2051,2052,four_layer_exact,high,0.9945054945054945,0.21575342465753425,2.177386161055365,0.005494505494505475,K,A;E;K;R;S,differs_from_consensus,True,True,scaffold_differs_from_msa_consensus
9M30,A,VI-D,binary,488,489,M,457.0,M,489.0,,MET,True,2055,2056,four_layer_exact,high,0.054945054945054944,0.1,2.3025850929940455,0.945054945054945,A,A;D;K;M;N;Q;R;S;V;Y,differs_from_consensus,False,True,scaffold_differs_from_msa_consensus
9M30,A,VI-D,binary,489,490,T,458.0,T,490.0,,THR,True,2077,2078,four_layer_exact,high,0.9725274725274725,0.323943661971831,2.0774301339406964,0.027472527472527486,N,A;D;E;K;N;S,differs_from_consensus,True,True,scaffold_differs_from_msa_consensus
9M30,A,VI-D,binary,491,492,C,460.0,C,492.0,,CYS,True,2095,2096,four_layer_exact,high,1.0,0.6326530612244898,1.2508471240780406,0.0,S,A;C;S,differs_from_consensus,True,True,scaffold_differs_from_msa_consensus
9M30,A,VI-D,binary,492,493,R,461.0,R,493.0,,ARG,True,2096,2097,four_layer_exact,high,1.0,0.2108843537414966,2.222595186472575,0.0,G,A;D;E;G;K;R;S,differs_from_consensus,True,True,scaffold_differs_from_msa_consensus
9M30,A,VI-D,binary,493,494,Y,462.0,Y,494.0,,TYR,True,2097,2098,four_layer_exact,high,1.0,0.27437641723356004,2.271048763197599,0.0,K,D;E;K;N;Q;R;T,differs_from_consensus,True,True,scaffold_differs_from_msa_consensus
9M30,A,VI-D,binary,494,495,T,463.0,T,495.0,,THR,True,2098,2099,four_layer_exact,high,1.0,0.5782312925170068,1.424677957899505,0.0,I,I;V;Y,differs_from_consensus,True,True,scaffold_differs_from_msa_consensus
9M30,A,VI-D,binary,495,496,L,464.0,L,496.0,,LEU,True,2099,2100,four_layer_exact,high,1.0,0.5238095238095238,1.6623759917322187,0.0,A,A;C;S;V,differs_from_consensus,True,True,scaffold_differs_from_msa_consensus
9M30,A,VI-D,binary,500,501,V,469.0,V,501.0,,VAL,True,2108,2109,four_layer_exact,high,1.0,0.2857142857142857,2.1428791785498946,0.0,I,A;E;F;I;L;T;V,differs_from_consensus,True,True,scaffold_differs_from_msa_consensus
9M30,A,VI-D,binary,502,503,N,471.0,N,503.0,,ASN,True,2110,2111,four_layer_exact,high,1.0,0.3877551020408163,1.5727945757315092,0.0,K,A;K;N,differs_from_consensus,True,True,scaffold_differs_from_msa_consensus
9M30,A,VI-D,binary,504,505,I,473.0,I,505.0,,ILE,True,2112,2113,four_layer_exact,high,1.0,0.3945578231292517,1.3194395583553464,0.0,F,F;I;L;V,differs_from_consensus,True,True,scaffold_differs_from_msa_consensus
9M30,A,VI-D,binary,508,509,Q,477.0,Q,509.0,,GLN,True,2116,2117,four_layer_exact,high,0.9285714285714286,0.21641791044776118,2.2640765960078166,0.0714285714285714,K,C;D;E;G;K;Q;S;T,differs_from_consensus,True,True,scaffold_differs_from_msa_consensus
9M30,A,VI-D,binary,511,512,S,480.0,S,512.0,,SER,True,2130,2131,four_layer_exact,high,0.967032967032967,0.36879432624113473,2.103087712439381,0.03296703296703296,D,A;D;E;N;S,differs_from_consensus,True,True,scaffold_differs_from_msa_consensus
9M30,A,VI-D,binary,513,514,D,482.0,D,514.0,,ASP,True,2148,2149,four_layer_exact,high,0.9835164835164835,0.201171875,2.26356625908991,0.016483516483516536,N,A;D;K;N;S,differs_from_consensus,True,True,scaffold_differs_from_msa_consensus
9M30,A,VI-D,binary,515,516,R,484.0,R,516.0,,ARG,True,2150,2151,four_layer_exact,high,0.978021978021978,0.6153846153846154,1.5255126535790835,0.02197802197802201,K,K;N;S,differs_from_consensus,True,True,scaffold_differs_from_msa_consensus
9M30,A,VI-D,binary,516,517,K,485.0,K,517.0,,LYS,True,2151,2152,four_layer_exact,high,0.978021978021978,0.2867132867132867,2.1465178737366775,0.02197802197802201,R,A;E;K;R,differs_from_consensus,True,True,scaffold_differs_from_msa_consensus
9M30,A,VI-D,binary,517,518,I,486.0,I,518.0,,ILE,True,2162,2163,four_layer_exact,high,0.9285714285714286,0.17037037037037037,2.5169221974396727,0.0714285714285714,V,A;E;I;P;Q;S;T;V,differs_from_consensus,True,True,scaffold_differs_from_msa_consensus
9M30,A,VI-D,binary,528,529,M,497.0,M,529.0,,MET,True,2184,2185,four_layer_exact,high,0.9945054945054945,0.21689497716894976,2.362992330965375,0.005494505494505475,I,F;I;L;M;T;V;Y,differs_from_consensus,True,True,scaffold_differs_from_msa_consensus
9M30,A,VI-D,binary,530,531,N,499.0,N,531.0,,ASN,True,2208,2209,four_layer_exact,high,0.4835164835164835,0.14814814814814814,2.4353644381839836,0.5164835164835164,K,D;E;G;H;K;N;S;T;V,differs_from_consensus,False,True,scaffold_differs_from_msa_consensus
9M30,A,VI-D,binary,531,532,R,500.0,R,532.0,,ARG,True,2210,2211,four_layer_exact,high,0.6868131868131868,0.23333333333333334,2.6046820032950753,0.3131868131868132,M,A;I;K;L;M;V;Y,differs_from_consensus,False,True,scaffold_differs_from_msa_consensus
9M30,A,VI-D,binary,532,533,P,501.0,P,533.0,,PRO,True,2211,2212,four_layer_exact,high,0.7637362637362637,0.3272235576923077,2.2898809709004224,0.2362637362637363,S,D;E;Q;S;T;Y,differs_from_consensus,False,True,scaffold_differs_from_msa_consensus
9M30,A,VI-D,binary,533,534,D,502.0,D,534.0,,ASP,True,2212,2213,four_layer_exact,high,0.8076923076923077,0.2767857142857143,2.211486572343379,0.1923076923076923,E,D;E;K;N;P;T,differs_from_consensus,True,True,scaffold_differs_from_msa_consensus
9M30,A,VI-D,binary,536,537,I,505.0,I,537.0,,ILE,True,2215,2216,four_layer_exact,high,0.9395604395604396,0.27941176470588236,2.3270442032622807,0.06043956043956045,L,F;I;L;V;Y,differs_from_consensus,True,True,scaffold_differs_from_msa_consensus
9M30,A,VI-D,binary,538,539,R,507.0,R,539.0,,ARG,True,2217,2218,four_layer_exact,high,0.9340659340659341,0.2222222222222222,2.186511054381146,0.06593406593406592,E,A;D;E;K;N;Q;R;S,differs_from_consensus,True,True,scaffold_differs_from_msa_consensus
9M30,A,VI-D,binary,539,540,E,508.0,E,540.0,,GLU,True,2218,2219,four_layer_exact,high,0.9340659340659341,0.23703703703703705,2.3975259230819947,0.06593406593406592,Y,A;E;F;I;K;L;M;Y,differs_from_consensus,True,True,scaffold_differs_from_msa_consensus
9M30,A,VI-D,binary,541,542,E,510.0,E,542.0,,GLU,True,2233,2234,four_layer_exact,high,0.9175824175824175,0.4552238805970149,1.84318765225062,0.08241758241758246,D,D;E;K;N;S,differs_from_consensus,True,True,scaffold_differs_from_msa_consensus
9M30,A,VI-D,binary,542,543,R,511.0,R,543.0,,ARG,True,2234,2235,four_layer_exact,high,0.9065934065934066,0.20454545454545456,2.2742192318380194,0.09340659340659341,E,D;E;K;N;R,differs_from_consensus,True,True,scaffold_differs_from_msa_consensus
9M30,A,VI-D,binary,543,544,T,512.0,T,544.0,,THR,True,2235,2236,four_layer_exact,high,0.9065934065934066,0.25757575757575757,2.1789406973992764,0.09340659340659341,I,F;I;L;M;V;W;Y,differs_from_consensus,True,True,scaffold_differs_from_msa_consensus
9M30,A,VI-D,binary,544,545,M,513.0,M,545.0,,MET,True,2236,2237,four_layer_exact,high,0.8131868131868132,0.42214439655172414,1.6736390906316498,0.18681318681318682,L,F;I;L;V;Y,differs_from_consensus,True,True,scaffold_differs_from_msa_consensus
9M30,A,VI-D,binary,545,546,P,514.0,P,546.0,,PRO,True,2237,2238,four_layer_exact,high,0.7857142857142857,0.22522522522522523,2.5311921718650634,0.2142857142857143,E,A;C;E;G;K;N;Q;S,differs_from_consensus,False,True,scaffold_differs_from_msa_consensus
9M30,A,VI-D,binary,546,547,V,515.0,V,547.0,,VAL,True,2277,2278,four_layer_exact,high,0.6648351648351648,0.25287356321839083,2.3446029804260986,0.3351648351648352,L,F;G;I;K;L;V;Y,differs_from_consensus,False,True,scaffold_differs_from_msa_consensus
9M30,A,VI-D,binary,547,548,G,516.0,G,548.0,,GLY,True,2278,2279,four_layer_exact,high,0.7252747252747253,0.5612244897959183,1.5694452231864695,0.27472527472527475,D,D;E;K;N,differs_from_consensus,False,True,scaffold_differs_from_msa_consensus
9M30,A,VI-D,binary,548,549,A,517.0,A,549.0,,ALA,True,2279,2280,four_layer_exact,high,0.7032967032967034,0.30526315789473685,2.1467039349033055,0.29670329670329665,K,A;E;K;P;R;S;T,differs_from_consensus,False,True,scaffold_differs_from_msa_consensus
9M30,A,VI-D,binary,549,550,D,518.0,D,550.0,,ASP,True,2280,2281,four_layer_exact,high,0.5659340659340659,0.2857142857142857,2.2393309991903956,0.4340659340659341,N,A;D;E;G;K;N;S,differs_from_consensus,False,True,scaffold_differs_from_msa_consensus
9M30,A,VI-D,binary,552,553,F,521.0,F,553.0,,PHE,True,2292,2293,four_layer_exact,high,0.7692307692307693,0.32075471698113206,2.3879128042717594,0.23076923076923073,K,E;K;P;T,differs_from_consensus,False,True,scaffold_differs_from_msa_consensus
9M30,A,VI-D,binary,555,556,G,524.0,G,556.0,,GLY,True,2340,2341,four_layer_exact,high,0.4725274725274725,0.17647058823529413,2.571291527024937,0.5274725274725275,K,A;E;G;I;K;T;V,differs_from_consensus,False,True,scaffold_differs_from_msa_consensus
9M30,A,VI-D,binary,556,557,K,525.0,K,557.0,,LYS,True,2341,2342,four_layer_exact,high,0.6648351648351648,0.31932773109243695,2.1855023061773924,0.3351648351648352,D,D;K;N;V,differs_from_consensus,False,True,scaffold_differs_from_msa_consensus
9M30,A,VI-D,binary,557,558,Q,526.0,Q,558.0,,GLN,True,2342,2343,four_layer_exact,high,0.989010989010989,0.25495689655172415,2.044704689199091,0.01098901098901095,N,H;K;N;R;T,differs_from_consensus,True,True,scaffold_differs_from_msa_consensus
9M30,A,VI-D,binary,565,566,S,534.0,S,566.0,,SER,True,2356,2357,four_layer_exact,high,1.0,0.7142857142857143,0.8897169537548101,0.0,N,K;N;S,differs_from_consensus,True,True,scaffold_differs_from_msa_consensus
9M30,A,VI-D,binary,571,572,S,540.0,S,572.0,,SER,True,2362,2363,four_layer_exact,high,1.0,0.35374149659863946,1.8156290973535367,0.0,R,K;N;R;S;T,differs_from_consensus,True,True,scaffold_differs_from_msa_consensus
9M30,A,VI-D,binary,574,575,H,543.0,H,575.0,,HIS,True,2365,2366,four_layer_exact,high,1.0,0.17665816326530612,2.459084966990156,0.0,K,F;H;I;K;N;Q;R,differs_from_consensus,True,True,scaffold_differs_from_msa_consensus
9M30,A,VI-D,binary,580,581,N,549.0,N,581.0,,ASN,True,2372,2373,four_layer_exact,high,1.0,0.17006802721088435,2.1980692364241254,0.0,G,A;C;G;I;N;S;T;V,differs_from_consensus,True,True,scaffold_differs_from_msa_consensus
9M30,A,VI-D,binary,583,584,H,552.0,H,584.0,,HIS,True,2375,2376,four_layer_exact,high,1.0,0.3129251700680272,2.1956100345897855,0.0,K,A;E;K;R;S;T,differs_from_consensus,True,True,scaffold_differs_from_msa_consensus
9M30,A,VI-D,binary,585,586,T,554.0,T,586.0,,THR,True,2377,2378,four_layer_exact,high,1.0,0.35374149659863946,1.688112846401972,0.0,V,A;C;I;L;V,differs_from_consensus,True,True,scaffold_differs_from_msa_consensus
9M30,A,VI-D,binary,587,588,T,556.0,T,588.0,,THR,True,2379,2380,four_layer_exact,high,1.0,0.3356009070294784,2.0562657025875595,0.0,K,A;E;K;R,differs_from_consensus,True,True,scaffold_differs_from_msa_consensus
9M30,A,VI-D,binary,589,590,V,558.0,V,590.0,,VAL,True,2381,2382,four_layer_exact,high,1.0,0.42857142857142855,1.5186706172242754,0.0,A,A;I;M;V,differs_from_consensus,True,True,scaffold_differs_from_msa_consensus
9M30,A,VI-D,binary,592,593,P,561.0,P,593.0,,PRO,True,2389,2390,four_layer_exact,high,1.0,0.28741496598639454,2.0159987736505576,0.0,E,E;K;P;R;T,differs_from_consensus,True,True,scaffold_differs_from_msa_consensus
9M30,A,VI-D,binary,593,594,N,562.0,N,594.0,,ASN,True,2390,2391,four_layer_exact,high,1.0,0.23809523809523808,2.3303626812105,0.0,K,A;E;K;N;P;S;T,differs_from_consensus,True,True,scaffold_differs_from_msa_consensus
9M30,A,VI-D,binary,596,597,K,565.0,K,597.0,,LYS,True,2393,2394,four_layer_exact,high,1.0,0.32653061224489793,1.9751902431035713,0.0,R,A;E;K;R;S,differs_from_consensus,True,True,scaffold_differs_from_msa_consensus
9M30,A,VI-D,binary,600,601,E,569.0,E,601.0,,GLU,True,2398,2399,four_layer_exact,high,0.9945054945054945,0.2602739726027397,2.153475989484622,0.005494505494505475,K,D;E;G;K;N;R;S,differs_from_consensus,True,True,scaffold_differs_from_msa_consensus
9M30,A,VI-D,binary,601,602,G,570.0,G,602.0,,GLY,True,2407,2408,four_layer_exact,high,0.978021978021978,0.3076923076923077,2.03431797599515,0.02197802197802201,R,D;E;G;K;R;S,differs_from_consensus,True,True,scaffold_differs_from_msa_consensus
9M30,A,VI-D,binary,604,605,E,573.0,E,605.0,,GLU,True,2432,2433,four_layer_exact,high,1.0,0.40816326530612246,1.6881584280251571,0.0,D,D;E;K;P,differs_from_consensus,True,True,scaffold_differs_from_msa_consensus
9M30,A,VI-D,binary,608,609,K,577.0,K,609.0,,LYS,True,2436,2437,four_layer_exact,high,1.0,0.36054421768707484,2.145366358317453,0.0,D,D;E;K;L;R;T,differs_from_consensus,True,True,scaffold_differs_from_msa_consensus
9M30,A,VI-D,binary,611,612,F,580.0,F,612.0,,PHE,True,2439,2440,four_layer_exact,high,0.9945054945054945,0.6917808219178082,1.255111671604974,0.005494505494505475,Y,C;F;Y,differs_from_consensus,True,True,scaffold_differs_from_msa_consensus
9M30,A,VI-D,binary,612,613,D,581.0,D,613.0,,ASP,True,2445,2446,four_layer_exact,high,0.9725274725274725,0.1974031690140845,2.4402951543493234,0.027472527472527486,K,D;E;K;N;R,differs_from_consensus,True,True,scaffold_differs_from_msa_consensus
9M30,A,VI-D,binary,613,614,V,582.0,V,614.0,,VAL,True,2446,2447,four_layer_exact,high,0.9725274725274725,0.4859154929577465,1.7173684276155556,0.027472527472527486,S,A;S;T,differs_from_consensus,True,True,scaffold_differs_from_msa_consensus
9M30,A,VI-D,binary,615,616,K,584.0,K,616.0,,LYS,True,2453,2454,four_layer_exact,high,0.8241758241758241,0.22608695652173913,2.5951530840494907,0.17582417582417587,T,F;G;I;K;N;S;T;V,differs_from_consensus,True,True,scaffold_differs_from_msa_consensus
9M30,A,VI-D,binary,617,618,Q,586.0,Q,618.0,,GLN,True,2456,2457,four_layer_exact,high,0.8186813186813187,0.17543859649122806,2.448897424287677,0.18131868131868134,K,D;E;G;K;N;P;R;S,differs_from_consensus,True,True,scaffold_differs_from_msa_consensus
9M30,A,VI-D,binary,619,620,I,588.0,I,620.0,,ILE,True,2458,2459,four_layer_exact,high,0.4835164835164835,0.12962962962962962,2.6984803688903556,0.5164835164835164,E,A;E;I;L;N;P;S;T;V,differs_from_consensus,False,True,scaffold_differs_from_msa_consensus
9M30,A,VI-D,binary,620,621,P,589.0,P,621.0,,PRO,True,2459,2460,four_layer_exact,high,0.4065934065934066,0.19047619047619047,2.5036877497927854,0.5934065934065934,Y,F;I;L;P;Y,differs_from_consensus,False,True,scaffold_differs_from_msa_consensus
9M30,A,VI-D,binary,621,622,P,590.0,P,622.0,,PRO,True,2460,2461,four_layer_exact,high,0.3626373626373626,0.20588235294117646,2.462566966920486,0.6373626373626373,D,A;C;D;E;N;P;S;T;Y,differs_from_consensus,False,True,scaffold_differs_from_msa_consensus
9M30,A,VI-D,binary,622,623,T,591.0,T,623.0,,THR,True,2461,2462,four_layer_exact,high,0.3076923076923077,0.16666666666666666,2.469811713553478,0.6923076923076923,N,D;K;N;Q;R;S;T;V,differs_from_consensus,False,True,scaffold_differs_from_msa_consensus
9M30,A,VI-D,binary,623,624,S,592.0,S,624.0,,SER,True,2462,2463,four_layer_exact,high,0.4065934065934066,0.2,2.3080871436024677,0.5934065934065934,P,A;E;G;K;N;P;Q;S;T,differs_from_consensus,False,True,scaffold_differs_from_msa_consensus
9M30,A,VI-D,binary,624,625,D,593.0,D,625.0,,ASP,True,2480,2481,four_layer_exact,high,0.6758241758241759,0.24166666666666667,2.3078159210303624,0.32417582417582413,S,D;G;K;N;P;S;T,differs_from_consensus,False,True,scaffold_differs_from_msa_consensus
9M30,A,VI-D,binary,626,627,S,595.0,S,627.0,,SER,True,2482,2483,four_layer_exact,high,0.8846153846153846,0.2887139107611548,2.1441282122661236,0.11538461538461542,E,D;E;K;N;S,differs_from_consensus,True,True,scaffold_differs_from_msa_consensus
9M30,A,VI-D,binary,627,628,A,596.0,A,628.0,,ALA,True,2483,2484,four_layer_exact,high,0.8901098901098901,0.3125,2.275687682037037,0.10989010989010994,E,A;D;E;K;R;T,differs_from_consensus,True,True,scaffold_differs_from_msa_consensus
9M30,A,VI-D,binary,628,629,Q,597.0,Q,629.0,,GLN,True,2484,2485,four_layer_exact,high,0.9945054945054945,0.4535530821917808,1.8017100993145243,0.005494505494505475,K,K;M;Q,differs_from_consensus,True,True,scaffold_differs_from_msa_consensus
9M30,A,VI-D,binary,631,632,V,600.0,V,632.0,,VAL,True,2487,2488,four_layer_exact,high,1.0,0.16326530612244897,2.5682494721684734,0.0,E,A;E;F;K;T;V;Y,differs_from_consensus,True,True,scaffold_differs_from_msa_consensus
9M30,A,VI-D,binary,634,635,R,603.0,R,635.0,,ARG,True,2490,2491,four_layer_exact,high,1.0,0.23129251700680273,2.0818279240922206,0.0,E,D;E;G;K;N;R,differs_from_consensus,True,True,scaffold_differs_from_msa_consensus
9M30,A,VI-D,binary,637,638,S,606.0,S,638.0,,SER,True,2493,2494,four_layer_exact,high,1.0,0.23129251700680273,2.377059686067302,0.0,T,A;C;K;R;S;T;V,differs_from_consensus,True,True,scaffold_differs_from_msa_consensus
9M30,A,VI-D,binary,638,639,S,607.0,S,639.0,,SER,True,2494,2495,four_layer_exact,high,1.0,0.20408163265306123,2.1812981957329782,0.0,G,D;E;G;K;N;Q;S,differs_from_consensus,True,True,scaffold_differs_from_msa_consensus
9M30,A,VI-D,binary,639,640,V,608.0,V,640.0,,VAL,True,2495,2496,four_layer_exact,high,1.0,0.272108843537415,1.7179731267051934,0.0,F,F;I;L;M;V,differs_from_consensus,True,True,scaffold_differs_from_msa_consensus
9M30,A,VI-D,binary,640,641,D,609.0,D,641.0,,ASP,True,2496,2497,four_layer_exact,high,1.0,0.41496598639455784,1.6454428118663162,0.0,S,D;K;N;S;T,differs_from_consensus,True,True,scaffold_differs_from_msa_consensus
9M30,A,VI-D,binary,641,642,Y,610.0,Y,642.0,,TYR,True,2497,2498,four_layer_exact,high,1.0,0.54421768707483,1.4476296345672652,0.0,F,F;I;L;Y,differs_from_consensus,True,True,scaffold_differs_from_msa_consensus
9M30,A,VI-D,binary,642,643,K,611.0,K,643.0,,LYS,True,2498,2499,four_layer_exact,high,1.0,0.20904195011337867,2.2685962897054077,0.0,D,D;E;G;K;N;S,differs_from_consensus,True,True,scaffold_differs_from_msa_consensus
9M30,A,VI-D,binary,643,644,I,612.0,I,644.0,,ILE,True,2500,2501,four_layer_exact,high,0.967032967032967,0.20611702127659576,2.411003770316559,0.03296703296703296,D,D;E;K;N;Q;S;T,differs_from_consensus,True,True,scaffold_differs_from_msa_consensus
9M30,A,VI-D,binary,648,649,P,617.0,P,649.0,,PRO,True,2526,2527,four_layer_exact,high,0.8956043956043956,0.2578125,2.3014362249240654,0.10439560439560436,K,D;E;G;K;N;Q;R,differs_from_consensus,True,True,scaffold_differs_from_msa_consensus
9M30,A,VI-D,binary,650,651,S,619.0,S,651.0,,SER,True,2528,2529,four_layer_exact,high,0.8846153846153846,0.19047619047619047,2.557731120816462,0.11538461538461542,K,A;K;L;M;N;S;V,differs_from_consensus,True,True,scaffold_differs_from_msa_consensus
9M30,A,VI-D,binary,653,654,I,622.0,I,654.0,,ILE,True,2541,2542,four_layer_exact,high,0.35714285714285715,0.26666666666666666,2.268605285634966,0.6428571428571428,A,A;I;S;V,differs_from_consensus,False,True,scaffold_differs_from_msa_consensus
9M30,A,VI-D,binary,655,656,K,624.0,K,656.0,,LYS,True,2543,2544,four_layer_exact,high,0.521978021978022,0.284375,2.1764025004460144,0.478021978021978,A,A;D;E;G;K;S;V,differs_from_consensus,False,True,scaffold_differs_from_msa_consensus
9M30,A,VI-D,binary,657,658,D,626.0,D,658.0,,ASP,True,2545,2546,four_layer_exact,high,0.07142857142857142,0.38461538461538464,1.5857708352080968,0.9285714285714286,R,D;E;K;R;T;V,differs_from_consensus,False,True,scaffold_differs_from_msa_consensus
9M30,A,VI-D,binary,659,660,S,628.0,S,660.0,,SER,True,2547,2548,four_layer_exact,high,0.054945054945054944,0.3,1.6434177197931796,0.945054945054945,E,D;E;Q;R;S;T,differs_from_consensus,False,True,scaffold_differs_from_msa_consensus
9M30,A,VI-D,binary,662,663,F,631.0,F,663.0,,PHE,True,2555,2556,four_layer_exact,high,0.8131868131868132,0.17391304347826086,2.3780661473668188,0.18681318681318682,S,A;G;K;P;Q;R;S;T,differs_from_consensus,True,True,scaffold_differs_from_msa_consensus
9M30,A,VI-D,binary,663,664,S,632.0,S,664.0,,SER,True,2556,2557,four_layer_exact,high,0.8461538461538461,0.1652892561983471,2.420833704936432,0.15384615384615385,E,A;D;E;K;N;Q;R,differs_from_consensus,True,True,scaffold_differs_from_msa_consensus
9M30,A,VI-D,binary,664,665,D,633.0,D,665.0,,ASP,True,2558,2559,four_layer_exact,high,0.9505494505494505,0.34057971014492755,2.130455423297098,0.0494505494505495,E,D;E;K;N;Q,differs_from_consensus,True,True,scaffold_differs_from_msa_consensus
9M30,A,VI-D,binary,665,666,A,634.0,A,666.0,,ALA,True,2559,2560,four_layer_exact,high,0.9725274725274725,0.29577464788732394,2.3409547363578675,0.027472527472527486,N,A;G;I;K;N;Q;S,differs_from_consensus,True,True,scaffold_differs_from_msa_consensus
9M30,A,VI-D,binary,666,667,L,635.0,L,667.0,,LEU,True,2560,2561,four_layer_exact,high,0.978021978021978,0.1958041958041958,2.514145033457609,0.02197802197802201,E,A;E;I;K;L;Q;S;V,differs_from_consensus,True,True,scaffold_differs_from_msa_consensus
9M30,A,VI-D,binary,667,668,K,636.0,K,668.0,,LYS,True,2561,2562,four_layer_exact,high,0.9835164835164835,0.3402777777777778,2.1743241749712787,0.016483516483516536,E,D;E;K;Q;R,differs_from_consensus,True,True,scaffold_differs_from_msa_consensus
9M30,A,VI-D,binary,669,670,Q,638.0,Q,670.0,,GLN,True,2563,2564,four_layer_exact,high,0.989010989010989,0.5655172413793104,1.6154148084290416,0.01098901098901095,E,A;E;Q;R,differs_from_consensus,True,True,scaffold_differs_from_msa_consensus
9M30,A,VI-D,binary,671,672,Y,640.0,Y,672.0,,TYR,True,2565,2566,four_layer_exact,high,1.0,0.22448979591836735,2.217077410589673,0.0,K,F;K;L;M;N;Y,differs_from_consensus,True,True,scaffold_differs_from_msa_consensus
9M30,A,VI-D,binary,672,673,Q,641.0,Q,673.0,,GLN,True,2566,2567,four_layer_exact,high,1.0,0.5714285714285714,1.3168066800392397,0.0,K,K;Q,differs_from_consensus,True,True,scaffold_differs_from_msa_consensus
9M30,A,VI-D,binary,675,676,V,644.0,V,676.0,,VAL,True,2569,2570,four_layer_exact,high,0.9945054945054945,0.5051194539249146,1.3480713694736552,0.005494505494505475,I,I;L;T;V,differs_from_consensus,True,True,scaffold_differs_from_msa_consensus
9M30,A,VI-D,binary,676,677,S,645.0,S,677.0,,SER,True,2570,2571,four_layer_exact,high,0.9945054945054945,0.3583617747440273,1.628871656479298,0.005494505494505475,G,G;K;N;R;S;T,differs_from_consensus,True,True,scaffold_differs_from_msa_consensus
9M30,A,VI-D,binary,682,683,M,651.0,M,683.0,,MET,True,2576,2577,four_layer_exact,high,0.9945054945054945,0.3583617747440273,1.7035115601036432,0.005494505494505475,L,A;I;L;M;V,differs_from_consensus,True,True,scaffold_differs_from_msa_consensus
9M30,A,VI-D,binary,686,687,T,655.0,T,687.0,,THR,True,2580,2581,four_layer_exact,high,0.9945054945054945,0.41638225255972694,1.7118747516697965,0.005494505494505475,V,I;L;T;V,differs_from_consensus,True,True,scaffold_differs_from_msa_consensus
9M30,A,VI-D,binary,691,692,Y,660.0,Y,692.0,,TYR,True,2585,2586,four_layer_exact,high,0.9945054945054945,0.3651877133105802,1.6138005399096629,0.005494505494505475,N,K;N;R;Y,differs_from_consensus,True,True,scaffold_differs_from_msa_consensus
9M30,A,VI-D,binary,708,709,F,677.0,F,709.0,,PHE,True,2603,2604,four_layer_exact,high,0.989010989010989,0.15807560137457044,2.5890123444313353,0.01098901098901095,A,A;E;K;L;Q;S;V;Y,differs_from_consensus,True,True,scaffold_differs_from_msa_consensus
9M30,A,VI-D,binary,710,711,H,679.0,H,711.0,,HIS,True,2606,2607,four_layer_exact,high,0.9120879120879121,0.4015151515151515,1.8462381770052159,0.08791208791208793,Y,F;H;I;K;L;Y,differs_from_consensus,True,True,scaffold_differs_from_msa_consensus
9M30,A,VI-D,binary,712,713,V,681.0,V,713.0,,VAL,True,2608,2609,four_layer_exact,high,0.6483516483516484,0.10588235294117647,2.708149798870757,0.3516483516483516,Q,D;E;I;K;L;N;Q;R;V,differs_from_consensus,False,True,scaffold_differs_from_msa_consensus
9M30,A,VI-D,binary,713,714,T,682.0,T,714.0,,THR,True,2609,2610,four_layer_exact,high,0.5274725274725275,0.25396825396825395,2.3626466250137828,0.4725274725274725,K,E;K;Q;S,differs_from_consensus,False,True,scaffold_differs_from_msa_consensus
9M30,A,VI-D,binary,715,716,P,684.0,P,716.0,,PRO,True,2611,2612,four_layer_exact,high,0.16483516483516483,0.35714285714285715,1.9960601285714927,0.8351648351648352,G,D;E;G;K;P;S;T,differs_from_consensus,False,True,scaffold_differs_from_msa_consensus
9M30,A,VI-D,binary,716,717,K,685.0,K,717.0,,LYS,True,2613,2614,four_layer_exact,high,0.08791208791208792,0.2857142857142857,1.9459101490553135,0.9120879120879121,L,G;K;L;M;P;Q;R;Y,differs_from_consensus,False,True,scaffold_differs_from_msa_consensus
9M30,A,VI-D,binary,717,718,M,686.0,M,718.0,,MET,True,2614,2615,four_layer_exact,high,0.14285714285714285,0.2127659574468085,2.3941100107886535,0.8571428571428572,S,A;E;K;N;P;S;T,differs_from_consensus,False,True,scaffold_differs_from_msa_consensus
9M30,A,VI-D,binary,718,719,N,687.0,N,719.0,,ASN,True,2615,2616,four_layer_exact,high,0.7142857142857143,0.28983160621761656,2.073080346070501,0.2857142857142857,G,D;E;G;K;N;S,differs_from_consensus,False,True,scaffold_differs_from_msa_consensus
9M30,A,VI-D,binary,721,722,I,690.0,I,722.0,,ILE,True,2619,2620,four_layer_exact,high,0.7472527472527473,0.26108374384236455,2.1158077834497107,0.25274725274725274,L,F;G;I;L;V;Y,differs_from_consensus,False,True,scaffold_differs_from_msa_consensus
9M30,A,VI-D,binary,722,723,V,691.0,V,723.0,,VAL,True,2669,2670,four_layer_exact,high,0.7417582417582418,0.42135503950203496,1.9167164682237476,0.2582417582417582,D,D;E;K;N;S,differs_from_consensus,False,True,scaffold_differs_from_msa_consensus
9M30,A,VI-D,binary,724,725,S,693.0,S,725.0,,SER,True,2677,2678,four_layer_exact,high,0.989010989010989,0.3024054982817869,2.309402011292449,0.01098901098901095,L,A;F;L;R;S;T,differs_from_consensus,True,True,scaffold_differs_from_msa_consensus
9M30,A,VI-D,binary,725,726,Q,694.0,Q,726.0,,GLN,True,2678,2679,four_layer_exact,high,0.989010989010989,0.3230240549828179,2.3644001380882167,0.01098901098901095,A,A;E;G;K;S,differs_from_consensus,True,True,scaffold_differs_from_msa_consensus
9M30,A,VI-D,binary,728,729,T,697.0,T,729.0,,THR,True,2701,2702,four_layer_exact,high,0.989010989010989,0.23367697594501718,2.2404601917955667,0.01098901098901095,K,A;D;E;K;N;Q;R,differs_from_consensus,True,True,scaffold_differs_from_msa_consensus
9M30,A,VI-D,binary,729,730,H,698.0,H,730.0,,HIS,True,2702,2703,four_layer_exact,high,0.9945054945054945,0.15753424657534246,2.5787273039239347,0.005494505494505475,Y,A;D;E;H;K;L;R;Y,differs_from_consensus,True,True,scaffold_differs_from_msa_consensus
9M30,A,VI-D,binary,730,731,L,699.0,L,731.0,,LEU,True,2703,2704,four_layer_exact,high,0.989010989010989,0.4827586206896552,1.609178058533682,0.01098901098901095,F,F;L;Y,differs_from_consensus,True,True,scaffold_differs_from_msa_consensus
9M30,A,VI-D,binary,732,733,T,701.0,T,733.0,,THR,True,2707,2708,four_layer_exact,high,0.9835164835164835,0.20833333333333334,2.3561891361010985,0.016483516483516536,E,A;D;E;G;K;N;S,differs_from_consensus,True,True,scaffold_differs_from_msa_consensus
9M30,A,VI-D,binary,733,734,D,702.0,D,734.0,,ASP,True,2708,2709,four_layer_exact,high,0.9560439560439561,0.2078853046594982,2.396700478961797,0.04395604395604391,E,D;E;I;K;N;Q;R,differs_from_consensus,True,True,scaffold_differs_from_msa_consensus
9M30,A,VI-D,binary,734,735,K,703.0,K,735.0,,LYS,True,2709,2710,four_layer_exact,high,0.7472527472527473,0.2641509433962264,2.2871581576111435,0.25274725274725274,D,D;E;G;K;N,differs_from_consensus,False,True,scaffold_differs_from_msa_consensus
9M30,A,VI-D,binary,735,736,N,704.0,N,736.0,,ASN,True,2710,2711,four_layer_exact,high,0.7362637362637363,0.16091954022988506,2.5745737144408176,0.2637362637362637,K,D;E;K;N;P;R;Y,differs_from_consensus,False,True,scaffold_differs_from_msa_consensus
9M30,A,VI-D,binary,736,737,Y,705.0,Y,737.0,,TYR,True,2711,2712,four_layer_exact,high,0.7307692307692307,0.16988416988416988,2.61160149630466,0.2692307692307693,L,A;E;I;K;L;N;P;Q;S,differs_from_consensus,False,True,scaffold_differs_from_msa_consensus
9M30,A,VI-D,binary,737,738,T,706.0,T,738.0,,THR,True,2772,2773,four_layer_exact,high,0.4725274725274725,0.37735849056603776,2.041816216533003,0.5274725274725275,A,A;L;S;T;V,differs_from_consensus,False,True,scaffold_differs_from_msa_consensus
9M30,A,VI-D,binary,738,739,T,707.0,T,739.0,,THR,True,2773,2774,four_layer_exact,high,0.6318681318681318,0.147239263803681,2.588783200271536,0.36813186813186816,K,K;L;N;R;T,differs_from_consensus,False,True,scaffold_differs_from_msa_consensus
9M30,A,VI-D,binary,739,740,Y,708.0,Y,740.0,,TYR,True,2774,2775,four_layer_exact,high,0.6373626373626373,0.2909090909090909,2.0103418791286254,0.3626373626373627,N,D;K;N;R;S,differs_from_consensus,False,True,scaffold_differs_from_msa_consensus
9M30,A,VI-D,binary,740,741,G,709.0,G,741.0,,GLY,True,2775,2776,four_layer_exact,high,0.6373626373626373,0.21818181818181817,2.301561125909051,0.3626373626373627,R,A;E;G;K;R,differs_from_consensus,False,True,scaffold_differs_from_msa_consensus
9M30,A,VI-D,binary,741,742,H,710.0,H,742.0,,HIS,True,2776,2777,four_layer_exact,high,0.6648351648351648,0.30857142857142855,2.1124356890593097,0.3351648351648352,Y,F;H;L;Y,differs_from_consensus,False,True,scaffold_differs_from_msa_consensus
9M30,A,VI-D,binary,744,745,N,713.0,N,745.0,,ASN,True,2779,2780,four_layer_exact,high,0.35714285714285715,0.28,1.9908268862094667,0.6428571428571428,K,E;K;N;R;S,differs_from_consensus,False,True,scaffold_differs_from_msa_consensus
9M30,A,VI-D,binary,745,746,Q,714.0,Q,746.0,,GLN,True,2780,2781,four_layer_exact,high,0.17582417582417584,0.15625,2.5153812337290233,0.8241758241758241,V,C;G;H;I;K;N;Q;R;T;V,differs_from_consensus,False,True,scaffold_differs_from_msa_consensus
9M30,A,VI-D,binary,747,748,G,716.0,G,748.0,,GLY,True,2782,2783,four_layer_exact,high,0.10989010989010989,0.3,1.9172155185650603,0.8901098901098901,K,A;E;G;I;K;L;R;S;T,differs_from_consensus,False,True,scaffold_differs_from_msa_consensus
9M30,A,VI-D,binary,748,749,H,717.0,H,749.0,,HIS,True,2791,2792,four_layer_exact,high,0.9615384615384616,0.3487544483985765,2.0376508177228585,0.038461538461538436,N,K;N;Q;R,differs_from_consensus,True,True,scaffold_differs_from_msa_consensus
9M30,A,VI-D,binary,749,750,R,718.0,R,750.0,,ARG,True,2792,2793,four_layer_exact,high,0.9835164835164835,0.40599769319492507,2.0801532475047324,0.016483516483516536,K,K;M;R;T,differs_from_consensus,True,True,scaffold_differs_from_msa_consensus
9M30,A,VI-D,binary,750,751,K,719.0,K,751.0,,LYS,True,2793,2794,four_layer_exact,high,0.9835164835164835,0.35986159169550175,1.445138951463459,0.016483516483516536,H,H;K;R;S,differs_from_consensus,True,True,scaffold_differs_from_msa_consensus
9M30,A,VI-D,binary,751,752,W,720.0,W,752.0,,TRP,True,2794,2795,four_layer_exact,high,0.9835164835164835,0.17993079584775087,2.322548022835267,0.016483516483516536,F,A;F;L;V;W;Y,differs_from_consensus,True,True,scaffold_differs_from_msa_consensus
9M30,A,VI-D,binary,752,753,Y,721.0,Y,753.0,,TYR,True,2795,2796,four_layer_exact,high,0.9835164835164835,0.1453287197231834,2.612648747591606,0.016483516483516536,S,A;C;G;K;N;R;S;T;Y,differs_from_consensus,True,True,scaffold_differs_from_msa_consensus
9M30,A,VI-D,binary,753,754,V,722.0,V,754.0,,VAL,True,2796,2797,four_layer_exact,high,0.978021978021978,0.1672473867595819,2.5902126977516384,0.02197802197802201,E,D;E;G;K;Q;R;S,differs_from_consensus,True,True,scaffold_differs_from_msa_consensus
9M30,A,VI-D,binary,754,755,L,723.0,L,755.0,,LEU,True,2820,2821,four_layer_exact,high,0.967032967032967,0.47703180212014135,1.7914208502171265,0.03296703296703296,Y,C;I;L;Y,differs_from_consensus,True,True,scaffold_differs_from_msa_consensus
9M30,A,VI-D,binary,755,756,V,724.0,V,756.0,,VAL,True,2821,2822,four_layer_exact,high,0.9615384615384616,0.3914590747330961,1.5504590116416832,0.038461538461538436,L,F;I;L;M;V,differs_from_consensus,True,True,scaffold_differs_from_msa_consensus
9M30,A,VI-D,binary,757,758,N,726.0,N,758.0,,ASN,True,2824,2825,four_layer_exact,high,0.9505494505494505,0.22021660649819494,2.3007268366601537,0.0494505494505495,K,D;E;H;K;N;Q;S;T,differs_from_consensus,True,True,scaffold_differs_from_msa_consensus
9M30,A,VI-D,binary,760,761,Q,729.0,Q,761.0,,GLN,True,2886,2887,four_layer_exact,high,0.967032967032967,0.23674911660777384,2.1489935970760325,0.03296703296703296,E,A;D;E;K;N;S,differs_from_consensus,True,True,scaffold_differs_from_msa_consensus
9M30,A,VI-D,binary,762,763,S,731.0,S,763.0,,SER,True,2901,2902,four_layer_exact,high,0.945054945054945,0.2909090909090909,2.1035600283597664,0.05494505494505497,A,A;I;L;S;V;Y,differs_from_consensus,True,True,scaffold_differs_from_msa_consensus
9M30,A,VI-D,binary,764,765,I,733.0,I,765.0,,ILE,True,2903,2904,four_layer_exact,high,0.9340659340659341,0.18450184501845018,2.3924975417138663,0.06593406593406592,K,D;E;K;N;Q;S,differs_from_consensus,True,True,scaffold_differs_from_msa_consensus
9M30,A,VI-D,binary,765,766,T,734.0,T,766.0,,THR,True,2904,2905,four_layer_exact,high,0.9120879120879121,0.1444866920152091,2.714515138638037,0.08791208791208793,I,A;G;I;L;N;S;T;W;Y,differs_from_consensus,True,True,scaffold_differs_from_msa_consensus
9M30,A,VI-D,binary,766,767,A,735.0,A,767.0,,ALA,True,2927,2928,four_layer_exact,high,0.945054945054945,0.2608695652173913,2.1653032680391404,0.05494505494505497,L,A;F;I;L;M;S;T;V,differs_from_consensus,True,True,scaffold_differs_from_msa_consensus
9M30,A,VI-D,binary,767,768,V,736.0,V,768.0,,VAL,True,2928,2929,four_layer_exact,high,0.967032967032967,0.3028169014084507,1.9963040312387688,0.03296703296703296,I,F;I;L;V;Y,differs_from_consensus,True,True,scaffold_differs_from_msa_consensus
9M30,A,VI-D,binary,768,769,S,737.0,S,769.0,,SER,True,2940,2941,four_layer_exact,high,0.9945054945054945,0.24914675767918087,2.2916369484788452,0.005494505494505475,R,K;N;R;S;T;V,differs_from_consensus,True,True,scaffold_differs_from_msa_consensus
9M30,A,VI-D,binary,769,770,S,738.0,S,770.0,,SER,True,2941,2942,four_layer_exact,high,0.9945054945054945,0.12286689419795221,2.709728539248469,0.005494505494505475,A,A;D;E;K;L;N;Q;S;T;V,differs_from_consensus,True,True,scaffold_differs_from_msa_consensus
9M30,A,VI-D,binary,770,771,F,739.0,F,771.0,,PHE,True,2942,2943,four_layer_exact,high,0.9945054945054945,0.4778156996587031,1.264865563050892,0.005494505494505475,Y,A;F;Y,differs_from_consensus,True,True,scaffold_differs_from_msa_consensus
9M30,A,VI-D,binary,771,772,R,740.0,A,772.0,,ALA,True,2943,2944,four_layer_literature_restored_substitution,high,0.9945054945054945,0.9863481228668942,0.07217776154617153,0.005494505494505475,R,R,matches_consensus,True,True,literature_confirmed_construct_substitution
9M30,A,VI-D,binary,773,774,I,742.0,I,774.0,,ILE,True,2945,2946,four_layer_exact,high,0.9945054945054945,0.19795221843003413,2.486413414557738,0.005494505494505475,N,A;C;I;K;N;Q;S;T,differs_from_consensus,True,True,scaffold_differs_from_msa_consensus
9M30,A,VI-D,binary,776,777,H,745.0,A,777.0,,ALA,True,2948,2949,four_layer_literature_restored_substitution,high,0.9945054945054945,0.9931740614334471,0.04084371786340105,0.005494505494505475,H,H,matches_consensus,True,True,literature_confirmed_construct_substitution
9M30,A,VI-D,binary,777,778,I,746.0,I,778.0,,ILE,True,2949,2950,four_layer_exact,high,0.9945054945054945,0.7747440273037542,0.9264919163679826,0.005494505494505475,L,I;L;M,differs_from_consensus,True,True,scaffold_differs_from_msa_consensus
9M30,A,VI-D,binary,778,779,S,747.0,S,779.0,,SER,True,2950,2951,four_layer_exact,high,0.9945054945054945,0.5460750853242321,1.51553409871928,0.005494505494505475,N,A;N;S;T,differs_from_consensus,True,True,scaffold_differs_from_msa_consensus
9M30,A,VI-D,binary,779,780,V,748.0,V,780.0,,VAL,True,2951,2952,four_layer_exact,high,0.9945054945054945,0.4129692832764505,1.4208257338511148,0.005494505494505475,A,A;I;V,differs_from_consensus,True,True,scaffold_differs_from_msa_consensus
9M30,A,VI-D,binary,783,784,S,752.0,S,784.0,,SER,True,2972,2973,four_layer_exact,high,0.978021978021978,0.3310104529616725,1.93143586602138,0.02197802197802201,A,A;C;F;I;L;M;V,differs_from_consensus,True,True,scaffold_differs_from_msa_consensus
9M30,A,VI-D,binary,784,785,N,753.0,N,785.0,,ASN,True,2973,2974,four_layer_exact,high,0.978021978021978,0.2578397212543554,2.3552684538297886,0.02197802197802201,D,A;D;G;H;N;P;S,differs_from_consensus,True,True,scaffold_differs_from_msa_consensus
9M30,A,VI-D,binary,785,786,E,754.0,E,786.0,,GLU,True,2974,2975,four_layer_exact,high,0.9835164835164835,0.3206459054209919,2.181501697909065,0.016483516483516536,K,D;E;K;L;N;R,differs_from_consensus,True,True,scaffold_differs_from_msa_consensus
9M30,A,VI-D,binary,788,789,S,757.0,S,789.0,,SER,True,2984,2985,four_layer_exact,high,0.9835164835164835,0.2745098039215686,2.1201385496305694,0.016483516483516536,G,A;D;E;G;K;N;S,differs_from_consensus,True,True,scaffold_differs_from_msa_consensus
9M30,A,VI-D,binary,789,790,G,758.0,G,790.0,,GLY,True,2985,2986,four_layer_exact,high,0.9835164835164835,0.46366782006920415,1.6664074302277303,0.016483516483516536,D,D;E;G;K;N,differs_from_consensus,True,True,scaffold_differs_from_msa_consensus
9M30,A,VI-D,binary,791,792,G,760.0,G,792.0,,GLY,True,2993,2994,four_layer_exact,high,0.9505494505494505,0.30324909747292417,2.110489159128578,0.0494505494505495,K,A;E;G;K;R;S;T,differs_from_consensus,True,True,scaffold_differs_from_msa_consensus
9M30,A,VI-D,binary,793,794,L,762.0,L,794.0,,LEU,True,3007,3008,four_layer_exact,high,0.989010989010989,0.3539518900343643,1.6060298236467747,0.01098901098901095,I,F;I;M;V,differs_from_consensus,True,True,scaffold_differs_from_msa_consensus
9M30,A,VI-D,binary,794,795,H,763.0,H,795.0,,HIS,True,3008,3009,four_layer_exact,high,0.989010989010989,0.26231386025200454,2.1231691141312816,0.01098901098901095,D,D;E;K;N;S;T,differs_from_consensus,True,True,scaffold_differs_from_msa_consensus
9M30,A,VI-D,binary,803,804,L,772.0,L,804.0,,LEU,True,3051,3052,four_layer_exact,high,0.9945054945054945,0.36860068259385664,1.602683868186286,0.005494505494505475,I,A;C;I;L;V,differs_from_consensus,True,True,scaffold_differs_from_msa_consensus
9M30,A,VI-D,binary,804,805,V,773.0,V,805.0,,VAL,True,3061,3062,four_layer_exact,high,0.9945054945054945,0.3651877133105802,1.635936536196335,0.005494505494505475,M,I;L;M;V,differs_from_consensus,True,True,scaffold_differs_from_msa_consensus
9M30,A,VI-D,binary,806,807,S,775.0,S,807.0,,SER,True,3063,3064,four_layer_exact,high,0.9945054945054945,0.5870307167235495,1.4652015731632821,0.005494505494505475,R,K;R;S,differs_from_consensus,True,True,scaffold_differs_from_msa_consensus
9M30,A,VI-D,binary,807,808,M,776.0,M,808.0,,MET,True,3080,3081,four_layer_exact,high,0.9615384615384616,0.10676156583629894,2.7734581905670805,0.038461538461538436,H,A;H;I;L;M;Q;S;Y,differs_from_consensus,True,True,scaffold_differs_from_msa_consensus
9M30,A,VI-D,binary,808,809,I,777.0,I,809.0,,ILE,True,3081,3082,four_layer_exact,high,0.989010989010989,0.5773195876288659,1.2142087209349026,0.01098901098901095,L,I;L;M;V,differs_from_consensus,True,True,scaffold_differs_from_msa_consensus
9M30,A,VI-D,binary,809,810,A,778.0,A,810.0,,ALA,True,3091,3092,four_layer_exact,high,0.8131868131868132,0.17467248908296942,2.4703232462616773,0.18681318681318682,L,A;F;I;L;M;Q;V;Y,differs_from_consensus,True,True,scaffold_differs_from_msa_consensus
9M30,A,VI-D,binary,810,811,K,779.0,K,811.0,,LYS,True,3092,3093,four_layer_exact,high,0.7967032967032966,0.26905829596412556,2.1311032502971,0.20329670329670335,D,D;E;G;K;N;S,differs_from_consensus,False,True,scaffold_differs_from_msa_consensus
9M30,A,VI-D,binary,811,812,N,780.0,N,812.0,,ASN,True,3111,3112,four_layer_exact,high,0.6483516483516484,0.40784313725490196,1.7946383577714922,0.3516483516483516,D,D;E;N;S,differs_from_consensus,False,True,scaffold_differs_from_msa_consensus
9M30,A,VI-D,binary,812,813,N,781.0,N,813.0,,ASN,True,3112,3113,four_layer_exact,high,0.6538461538461539,0.19622093023255813,2.5776045604077606,0.34615384615384615,K,E;H;K;N;P;R;S;Y,differs_from_consensus,False,True,scaffold_differs_from_msa_consensus
9M30,A,VI-D,binary,813,814,W,782.0,W,814.0,,TRP,True,3113,3114,four_layer_exact,high,0.6538461538461539,0.1511627906976744,2.5844502358479784,0.34615384615384615,S,A;E;G;K;S;T,differs_from_consensus,False,True,scaffold_differs_from_msa_consensus
9M30,A,VI-D,binary,814,815,Y,783.0,Y,815.0,,TYR,True,3114,3115,four_layer_exact,high,0.6428571428571429,0.27311522048364156,2.4580433833576945,0.3571428571428571,K,E;K;N;S;Y,differs_from_consensus,False,True,scaffold_differs_from_msa_consensus
9M30,A,VI-D,binary,816,817,T,785.0,T,817.0,,THR,True,3116,3117,four_layer_exact,high,0.6373626373626373,0.11764705882352941,2.7959902884656938,0.3626373626373627,E,A;D;E;G;K;L;S;T,differs_from_consensus,False,True,scaffold_differs_from_msa_consensus
9M30,A,VI-D,binary,817,818,S,786.0,S,818.0,,SER,True,3117,3118,four_layer_exact,high,0.6098901098901099,0.1875,2.6075595058323313,0.39010989010989006,N,A;D;F;K;N;Q;S;V;Y,differs_from_consensus,False,True,scaffold_differs_from_msa_consensus
9M30,A,VI-D,binary,818,819,H,787.0,H,819.0,,HIS,True,3118,3119,four_layer_exact,high,0.4175824175824176,0.19736842105263158,2.3697393626424144,0.5824175824175823,S,A;D;E;G;K;N;P;S,differs_from_consensus,False,True,scaffold_differs_from_msa_consensus
9M30,A,VI-D,binary,819,820,Q,788.0,Q,820.0,,GLN,True,3143,3144,four_layer_exact,high,0.21978021978021978,0.46153846153846156,1.5072818507947183,0.7802197802197802,K,D;E;K;Q;R,differs_from_consensus,False,True,scaffold_differs_from_msa_consensus
9M30,A,VI-D,binary,820,821,P,789.0,P,821.0,,PRO,True,3165,3166,four_layer_exact,high,0.5989010989010989,0.19589257503949445,2.473618564339416,0.4010989010989011,E,A;D;E;G;K;N;P;S,differs_from_consensus,False,True,scaffold_differs_from_msa_consensus
9M30,A,VI-D,binary,822,823,T,791.0,T,823.0,,THR,True,3167,3168,four_layer_exact,high,0.8186813186813187,0.24017467248908297,2.3015612297799546,0.18131868131868134,L,I;K;L;S;T;V,differs_from_consensus,True,True,scaffold_differs_from_msa_consensus
9M30,A,VI-D,binary,823,824,A,792.0,A,824.0,,ALA,True,3168,3169,four_layer_exact,high,0.9340659340659341,0.15867158671586715,2.5794093569111802,0.06593406593406592,K,A;D;E;K;L;N;Q,differs_from_consensus,True,True,scaffold_differs_from_msa_consensus
9M30,A,VI-D,binary,826,827,L,795.0,L,827.0,,LEU,True,3171,3172,four_layer_exact,high,0.9725274725274725,0.2736842105263158,2.3840711075667165,0.027472527472527486,F,A;F;K;L;R;S;Y,differs_from_consensus,True,True,scaffold_differs_from_msa_consensus
9M30,A,VI-D,binary,827,828,N,796.0,N,828.0,,ASN,True,3185,3186,four_layer_exact,high,0.9725274725274725,0.22807017543859648,2.121004101676971,0.027472527472527486,E,A;D;E;K;N;S,differs_from_consensus,True,True,scaffold_differs_from_msa_consensus
9M30,A,VI-D,binary,828,829,N,797.0,N,829.0,,ASN,True,3186,3187,four_layer_exact,high,0.9725274725274725,0.17543859649122806,2.509953448043905,0.027472527472527486,K,A;D;E;K;L;N;Q;S,differs_from_consensus,True,True,scaffold_differs_from_msa_consensus
9M30,A,VI-D,binary,830,831,K,799.0,K,831.0,,LYS,True,3193,3194,four_layer_exact,high,0.9615384615384616,0.1708185053380783,2.4935338041618795,0.038461538461538436,E,D;E;K;L;N;R;S,differs_from_consensus,True,True,scaffold_differs_from_msa_consensus
9M30,A,VI-D,binary,832,833,H,801.0,H,833.0,,HIS,True,3206,3207,four_layer_exact,high,0.9120879120879121,0.49242424242424243,1.7660496347280825,0.08791208791208793,Y,F;H;N;Y,differs_from_consensus,True,True,scaffold_differs_from_msa_consensus
9M30,A,VI-D,binary,833,834,H,802.0,H,834.0,,HIS,True,3213,3214,four_layer_exact,high,0.978021978021978,0.34843205574912894,1.8051593138252697,0.02197802197802201,G,G;H;K;N;R,differs_from_consensus,True,True,scaffold_differs_from_msa_consensus
9M30,A,VI-D,binary,836,837,C,805.0,C,837.0,,CYS,True,3216,3217,four_layer_exact,high,0.989010989010989,0.36082474226804123,1.6287875860541623,0.01098901098901095,S,C;D;N;S;V,differs_from_consensus,True,True,scaffold_differs_from_msa_consensus
9M30,A,VI-D,binary,843,844,Y,812.0,Y,844.0,,TYR,True,3223,3224,four_layer_exact,high,0.9945054945054945,0.7133105802047781,1.0995162720432474,0.005494505494505475,L,I;L;Y,differs_from_consensus,True,True,scaffold_differs_from_msa_consensus
9M30,A,VI-D,binary,844,845,C,813.0,C,845.0,,CYS,True,3224,3225,four_layer_exact,high,0.9945054945054945,0.5938566552901023,1.162126883169962,0.005494505494505475,N,C;F;N;Y,differs_from_consensus,True,True,scaffold_differs_from_msa_consensus
9M30,A,VI-D,binary,845,846,I,814.0,I,846.0,,ILE,True,3225,3226,four_layer_exact,high,0.9945054945054945,0.27986348122866894,1.9470579621542505,0.005494505494505475,V,A;I;L;S;T;V,differs_from_consensus,True,True,scaffold_differs_from_msa_consensus
9M30,A,VI-D,binary,848,849,G,817.0,G,849.0,,GLY,True,3271,3272,four_layer_exact,high,0.9945054945054945,0.5426621160409556,0.8563680260277136,0.005494505494505475,A,A;G,differs_from_consensus,True,True,scaffold_differs_from_msa_consensus
9M30,A,VI-D,binary,850,851,V,819.0,V,851.0,,VAL,True,3273,3274,four_layer_exact,high,0.9945054945054945,0.8703071672354948,0.5843109063318744,0.005494505494505475,N,C;N,differs_from_consensus,True,True,scaffold_differs_from_msa_consensus
9M30,A,VI-D,binary,851,852,V,820.0,V,852.0,,VAL,True,3274,3275,four_layer_exact,high,0.9945054945054945,0.6484641638225256,1.366584549574924,0.005494505494505475,L,I;L;V,differs_from_consensus,True,True,scaffold_differs_from_msa_consensus
9M30,A,VI-D,binary,858,859,T,827.0,T,859.0,,THR,True,3286,3287,four_layer_exact,high,0.9945054945054945,0.6075085324232082,0.7385756362529033,0.005494505494505475,S,S;T,differs_from_consensus,True,True,scaffold_differs_from_msa_consensus
9M30,A,VI-D,binary,860,861,N,829.0,N,861.0,,ASN,True,3292,3293,four_layer_exact,high,0.9945054945054945,0.49146757679180886,1.6634119131836618,0.005494505494505475,E,A;D;E;K;N,differs_from_consensus,True,True,scaffold_differs_from_msa_consensus
9M30,A,VI-D,binary,867,868,N,836.0,N,868.0,,ASN,True,3317,3318,four_layer_exact,high,0.8956043956043956,0.29961089494163423,2.244778911930258,0.10439560439560436,E,A;D;E;K;N;R;S,differs_from_consensus,True,True,scaffold_differs_from_msa_consensus
9M30,A,VI-D,binary,868,869,P,837.0,P,869.0,,PRO,True,3409,3410,four_layer_exact,high,0.4835164835164835,0.1794871794871795,2.637974726987787,0.5164835164835164,Y,A;E;I;K;L;P;T;Y,differs_from_consensus,False,True,scaffold_differs_from_msa_consensus
9M30,A,VI-D,binary,869,870,N,838.0,N,870.0,,ASN,True,3410,3411,four_layer_exact,high,0.5494505494505495,0.24870466321243523,2.1752514613789633,0.4505494505494505,K,A;I;K;L;N;Q;R;T,differs_from_consensus,False,True,scaffold_differs_from_msa_consensus
9M30,A,VI-D,binary,872,873,P,841.0,P,873.0,,PRO,True,3413,3414,four_layer_exact,high,0.7912087912087912,0.1963470319634703,2.3631954098400354,0.20879120879120883,K,A;D;E;K;P;Q;T;V,differs_from_consensus,False,True,scaffold_differs_from_msa_consensus
9M30,A,VI-D,binary,875,876,E,,,,,,False,3458,3459,full_msa_only_unresolved_coordinate,medium,0.13736263736263737,0.875,0.4563344322932884,0.8626373626373627,E,D;E,matches_consensus,False,True,unresolved_terminal
9M30,A,VI-D,binary,876,877,V,,,,,,False,3459,3460,full_msa_only_unresolved_coordinate,medium,0.0989010989010989,0.29411764705882354,1.9721037385162654,0.9010989010989011,D,A;D;E;I;K;N;Q;T;V,differs_from_consensus,False,True,unresolved_terminal;scaffold_differs_from_msa_consensus
