pdb_id,chain_id,subtype,state,full_scaffold_index_0,biological_index_1,full_scaffold_amino_acid,coordinate_index_0,coordinate_amino_acid,pdb_residue_number,pdb_insertion_code,pdb_residue_name,backbone_complete,msa_column_0,msa_column_1,mapping_status,mapping_confidence,msa_coverage,conservation,entropy,gap_fraction,msa_consensus,allowed_residues,scaffold_consensus_status,conservation_constraint_eligible,manual_review_required,decision_reasons,relative_sasa,structural_burial,RNA_contact,RNA_second_shell,crrna_interface,target_rna_interface,minimum_rna_distance,coordinate_available,protein_core,domain,domain_interface,domain_interface_status,HEPN_annotation,mapping_gate_passed,chain_break_adjacent
6E9F,A,VI-D,ternary,0,1,M,,,,,,False,43,44,full_msa_only_unresolved_coordinate,medium,0.9065934065934066,0.9545920378399684,0.2411828238299522,0.0934065934065934,M,M,matches_consensus,False,True,unresolved_terminal,,,,,,,,False,False,unassigned_manual_review,,not_annotated_no_domain_boundaries,,False,False
6E9F,A,VI-D,ternary,1,2,G,,,,,,False,44,45,full_msa_only_unresolved_coordinate,medium,0.9065934065934066,0.257311785573512,2.090300057390328,0.0934065934065934,K,A;E;G;K;N;S;T,differs_from_consensus,False,True,unresolved_terminal;scaffold_differs_from_msa_consensus,,,,,,,,False,False,unassigned_manual_review,,not_annotated_no_domain_boundaries,,False,False
6E9F,A,VI-D,ternary,2,3,K,,,,,,False,46,47,full_msa_only_unresolved_coordinate,medium,0.8571428571428571,0.6467303950596396,1.3013013479555542,0.1428571428571429,K,E;K;N,matches_consensus,False,True,unresolved_terminal,,,,,,,,False,False,unassigned_manual_review,,not_annotated_no_domain_boundaries,,False,False
6E9F,A,VI-D,ternary,3,4,K,,,,,,False,48,49,full_msa_only_unresolved_coordinate,medium,0.8461538461538461,0.6326425316020294,1.3574115577290655,0.1538461538461538,K,K;N,matches_consensus,False,True,unresolved_terminal,,,,,,,,False,False,unassigned_manual_review,,not_annotated_no_domain_boundaries,,False,False
6E9F,A,VI-D,ternary,4,5,I,,,,,,False,85,86,full_msa_only_unresolved_coordinate,medium,0.6868131868131868,0.2029146734898208,2.252092333101242,0.3131868131868132,K,E;I;K;L;M;Q;V,differs_from_consensus,False,True,unresolved_terminal;scaffold_differs_from_msa_consensus,,,,,,,,False,False,unassigned_manual_review,,not_annotated_no_domain_boundaries,,False,False
6E9F,A,VI-D,ternary,5,6,H,,,,,,False,86,87,full_msa_only_unresolved_coordinate,medium,0.6923076923076923,0.3170060539350577,2.042154349993927,0.3076923076923077,N,K;N;S;T,differs_from_consensus,False,True,unresolved_terminal;scaffold_differs_from_msa_consensus,,,,,,,,False,False,unassigned_manual_review,,not_annotated_no_domain_boundaries,,False,False
6E9F,A,VI-D,ternary,6,7,A,,,,,,False,87,88,full_msa_only_unresolved_coordinate,medium,0.6868131868131868,0.4054956057403493,2.0095076001874896,0.3131868131868132,A,A;I;L;P;V,matches_consensus,False,True,unresolved_terminal,,,,,,,,False,False,unassigned_manual_review,,not_annotated_no_domain_boundaries,,False,False
6E9F,A,VI-D,ternary,7,8,R,,,,,,False,88,89,full_msa_only_unresolved_coordinate,medium,0.6868131868131868,0.4912671042385137,1.4871320618732518,0.3131868131868132,K,E;K;R,differs_from_consensus,False,True,unresolved_terminal;scaffold_differs_from_msa_consensus,,,,,,,,False,False,unassigned_manual_review,,not_annotated_no_domain_boundaries,,False,False
6E9F,A,VI-D,ternary,8,9,D,,,,,,False,89,90,full_msa_only_unresolved_coordinate,medium,0.6923076923076923,0.3346175013758943,1.871419288297808,0.3076923076923077,E,D;E;K;N;Q,differs_from_consensus,False,True,unresolved_terminal;scaffold_differs_from_msa_consensus,,,,,,,,False,False,unassigned_manual_review,,not_annotated_no_domain_boundaries,,False,False
6E9F,A,VI-D,ternary,9,10,L,,,,,,False,90,91,full_msa_only_unresolved_coordinate,medium,0.6978021978021978,0.2091275460189521,2.2528156864655444,0.3021978021978022,R,I;K;L;N;Q;R,differs_from_consensus,False,True,unresolved_terminal;scaffold_differs_from_msa_consensus,,,,,,,,False,False,unassigned_manual_review,,not_annotated_no_domain_boundaries,,False,False
6E9F,A,VI-D,ternary,10,11,R,,,,,,False,91,92,full_msa_only_unresolved_coordinate,medium,0.6923076923076923,0.6195927352779307,1.327908461318374,0.3076923076923077,R,E;K;R,matches_consensus,False,True,unresolved_terminal,,,,,,,,False,False,unassigned_manual_review,,not_annotated_no_domain_boundaries,,False,False
6E9F,A,VI-D,ternary,11,12,E,,,,,,False,92,93,full_msa_only_unresolved_coordinate,medium,0.6703296703296703,0.6248707045167222,1.492874827116403,0.3296703296703297,E,A;E;L;Q,matches_consensus,False,True,unresolved_terminal,,,,,,,,False,False,unassigned_manual_review,,not_annotated_no_domain_boundaries,,False,False
6E9F,A,VI-D,ternary,12,13,Q,,,,,,False,93,94,full_msa_only_unresolved_coordinate,medium,0.6703296703296703,0.2059533386967015,2.307683563829647,0.3296703296703297,A,A;E;K;L;Q,differs_from_consensus,False,True,unresolved_terminal;scaffold_differs_from_msa_consensus,,,,,,,,False,False,unassigned_manual_review,,not_annotated_no_domain_boundaries,,False,False
6E9F,A,VI-D,ternary,13,14,R,,,,,,False,94,95,full_msa_only_unresolved_coordinate,medium,0.6648351648351648,0.2789076118535735,2.2748008919849525,0.3351648351648352,K,E;K;N;Q;R,differs_from_consensus,False,True,unresolved_terminal;scaffold_differs_from_msa_consensus,,,,,,,,False,False,unassigned_manual_review,,not_annotated_no_domain_boundaries,,False,False
6E9F,A,VI-D,ternary,14,15,K,,,,,,False,95,96,full_msa_only_unresolved_coordinate,medium,0.6593406593406593,0.4697379245504759,1.826161900367876,0.3406593406593406,K,A;E;K;N;Q;R,matches_consensus,False,True,unresolved_terminal,,,,,,,,False,False,unassigned_manual_review,,not_annotated_no_domain_boundaries,,False,False
6E9F,A,VI-D,ternary,15,16,T,,,,,,False,96,97,full_msa_only_unresolved_coordinate,medium,0.6648351648351648,0.2677513073794305,2.26719054300738,0.3351648351648352,A,A;E;K;L;N;Q;T,differs_from_consensus,False,True,unresolved_terminal;scaffold_differs_from_msa_consensus,,,,,,,,False,False,unassigned_manual_review,,not_annotated_no_domain_boundaries,,False,False
6E9F,A,VI-D,ternary,16,17,D,,,,,,False,114,115,full_msa_only_unresolved_coordinate,medium,0.6428571428571429,0.3308307692307692,2.037259182880884,0.3571428571428571,K,A;D;E;K;Q;R,differs_from_consensus,False,True,unresolved_terminal;scaffold_differs_from_msa_consensus,,,,,,,,False,False,unassigned_manual_review,,not_annotated_no_domain_boundaries,,False,False
6E9F,A,VI-D,ternary,17,18,R,,,,,,False,115,116,full_msa_only_unresolved_coordinate,medium,0.6483516483516484,0.3269675221992458,1.7602401767973868,0.3516483516483516,K,K;N;Q;R,differs_from_consensus,False,True,unresolved_terminal;scaffold_differs_from_msa_consensus,,,,,,,,False,False,unassigned_manual_review,,not_annotated_no_domain_boundaries,,False,False
6E9F,A,VI-D,ternary,18,19,T,,,,,,False,134,135,full_msa_only_unresolved_coordinate,medium,0.5989010989010989,0.3798971111990502,1.9890892013302428,0.4010989010989011,K,K;L;M;N;Q;R,differs_from_consensus,False,True,unresolved_terminal;scaffold_differs_from_msa_consensus,,,,,,,,False,False,unassigned_manual_review,,not_annotated_no_domain_boundaries,,False,False
6E9F,A,VI-D,ternary,19,20,E,,,,,,False,135,136,full_msa_only_unresolved_coordinate,medium,0.5934065934065934,0.2645290581162324,1.9900688544637355,0.4065934065934066,E,A;D;E;K;N;Q,matches_consensus,False,True,unresolved_terminal,,,,,,,,False,False,unassigned_manual_review,,not_annotated_no_domain_boundaries,,False,False
6E9F,A,VI-D,ternary,20,21,K,,,,,,False,136,137,full_msa_only_unresolved_coordinate,medium,0.5879120879120879,0.5322777101096224,1.547119004196714,0.412087912087912,K,A;I;K;Q;R,matches_consensus,False,True,unresolved_terminal,,,,,,,,False,False,unassigned_manual_review,,not_annotated_no_domain_boundaries,,False,False
6E9F,A,VI-D,ternary,21,22,F,,,,,,False,137,138,full_msa_only_unresolved_coordinate,medium,0.532967032967033,0.1941203919738684,2.4661170037383084,0.467032967032967,Y,A;F;I;V;W;Y,differs_from_consensus,False,True,unresolved_terminal;scaffold_differs_from_msa_consensus,,,,,,,,False,False,unassigned_manual_review,,not_annotated_no_domain_boundaries,,False,False
6E9F,A,VI-D,ternary,22,23,A,,,,,,False,138,139,full_msa_only_unresolved_coordinate,medium,0.5659340659340659,0.2740899357601713,2.143495720632917,0.4340659340659341,E,A;D;E;Q;S,differs_from_consensus,False,True,unresolved_terminal;scaffold_differs_from_msa_consensus,,,,,,,,False,False,unassigned_manual_review,,not_annotated_no_domain_boundaries,,False,False
6E9F,A,VI-D,ternary,23,24,D,,,,,,False,139,140,full_msa_only_unresolved_coordinate,medium,0.554945054945055,0.2395420519594892,1.9931866631548367,0.445054945054945,A,A;E;K;Q;R;S,differs_from_consensus,False,True,unresolved_terminal;scaffold_differs_from_msa_consensus,,,,,,,,False,False,unassigned_manual_review,,not_annotated_no_domain_boundaries,,False,False
6E9F,A,VI-D,ternary,24,25,Q,,,,,,False,140,141,full_msa_only_unresolved_coordinate,medium,0.5439560439560439,0.1594925237879474,2.373455206672549,0.4560439560439561,E,A;E;K;N;Q;V,differs_from_consensus,False,True,unresolved_terminal;scaffold_differs_from_msa_consensus,,,,,,,,False,False,unassigned_manual_review,,not_annotated_no_domain_boundaries,,False,False
6E9F,A,VI-D,ternary,25,26,N,,,,,,False,141,142,full_msa_only_unresolved_coordinate,medium,0.5439560439560439,0.1739918441323063,2.403399988467088,0.4560439560439561,A,A;K;N;Q;R;T;V,differs_from_consensus,False,True,unresolved_terminal;scaffold_differs_from_msa_consensus,,,,,,,,False,False,unassigned_manual_review,,not_annotated_no_domain_boundaries,,False,False
6E9F,A,VI-D,ternary,26,27,K,,,,,,False,142,143,full_msa_only_unresolved_coordinate,medium,0.5164835164835165,0.3746946751343429,2.059903383118868,0.4835164835164834,K,A;E;I;K;Q,matches_consensus,False,True,unresolved_terminal,,,,,,,,False,False,unassigned_manual_review,,not_annotated_no_domain_boundaries,,False,False
6E9F,A,VI-D,ternary,27,28,K,,,,,,False,143,144,full_msa_only_unresolved_coordinate,medium,0.510989010989011,0.3334987593052109,1.989178016047435,0.489010989010989,A,A;E;K;N,differs_from_consensus,False,True,unresolved_terminal;scaffold_differs_from_msa_consensus,,,,,,,,False,False,unassigned_manual_review,,not_annotated_no_domain_boundaries,,False,False
6E9F,A,VI-D,ternary,28,29,R,,,,,,False,144,145,full_msa_only_unresolved_coordinate,medium,0.510989010989011,0.1905707196029776,2.212779635081481,0.489010989010989,E,A;E;I;K;R;T;V,differs_from_consensus,False,True,unresolved_terminal;scaffold_differs_from_msa_consensus,,,,,,,,False,False,unassigned_manual_review,,not_annotated_no_domain_boundaries,,False,False
6E9F,A,VI-D,ternary,29,30,E,,,,,,False,145,146,full_msa_only_unresolved_coordinate,medium,0.4615384615384615,0.3514765489287782,2.146305822046063,0.5384615384615384,E,A;E;K;Q;T,matches_consensus,False,True,unresolved_terminal,,,,,,,,False,False,unassigned_manual_review,,not_annotated_no_domain_boundaries,,False,False
6E9F,A,VI-D,ternary,30,31,A,,,,,,False,146,147,full_msa_only_unresolved_coordinate,medium,0.4505494505494505,0.3271196632591702,2.16304556439544,0.5494505494505495,E,A;E;K;L;N;Q;R,differs_from_consensus,False,True,unresolved_terminal;scaffold_differs_from_msa_consensus,,,,,,,,False,False,unassigned_manual_review,,not_annotated_no_domain_boundaries,,False,False
6E9F,A,VI-D,ternary,31,32,E,,,,,,False,147,148,full_msa_only_unresolved_coordinate,medium,0.3956043956043956,0.2859270290394639,2.1731240435922814,0.6043956043956045,K,A;E;K;N;Q;R,differs_from_consensus,False,True,unresolved_terminal;scaffold_differs_from_msa_consensus,,,,,,,,False,False,unassigned_manual_review,,not_annotated_no_domain_boundaries,,False,False
6E9F,A,VI-D,ternary,32,33,R,,,,,,False,163,164,full_msa_only_unresolved_coordinate,medium,0.5,0.4806986899563318,1.812223923705824,0.5,K,E;K;Q;R;S,differs_from_consensus,False,True,unresolved_terminal;scaffold_differs_from_msa_consensus,,,,,,,,False,False,unassigned_manual_review,,not_annotated_no_domain_boundaries,,False,False
6E9F,A,VI-D,ternary,33,34,A,,,,,,False,164,165,full_msa_only_unresolved_coordinate,medium,0.5,0.2850655021834061,2.0084124506774783,0.5,K,A;K;P;Q;R,differs_from_consensus,False,True,unresolved_terminal;scaffold_differs_from_msa_consensus,,,,,,,,False,False,unassigned_manual_review,,not_annotated_no_domain_boundaries,,False,False
6E9F,A,VI-D,ternary,34,35,V,,,,,,False,165,166,full_msa_only_unresolved_coordinate,medium,0.5274725274725275,0.3403706688154713,2.195545818080973,0.4725274725274725,E,A;E;K;Q;V,differs_from_consensus,False,True,unresolved_terminal;scaffold_differs_from_msa_consensus,,,,,,,,False,False,unassigned_manual_review,,not_annotated_no_domain_boundaries,,False,False
6E9F,A,VI-D,ternary,35,36,P,,,,,,False,166,167,full_msa_only_unresolved_coordinate,medium,0.532967032967033,0.3758133629582605,1.9919113494227123,0.467032967032967,E,A;E;K;Q;T,differs_from_consensus,False,True,unresolved_terminal;scaffold_differs_from_msa_consensus,,,,,,,,False,False,unassigned_manual_review,,not_annotated_no_domain_boundaries,,False,False
6E9F,A,VI-D,ternary,36,37,K,,,,,,False,167,168,full_msa_only_unresolved_coordinate,medium,0.521978021978022,0.4242920281551808,1.89308494454838,0.478021978021978,E,A;E;F;K;T,differs_from_consensus,False,True,unresolved_terminal;scaffold_differs_from_msa_consensus,,,,,,,,False,False,unassigned_manual_review,,not_annotated_no_domain_boundaries,,False,False
6E9F,A,VI-D,ternary,37,38,K,,,,,,False,168,169,full_msa_only_unresolved_coordinate,medium,0.532967032967033,0.1823520076178384,2.4991407924856284,0.467032967032967,K,A;D;E;K;N;Q;R,matches_consensus,False,True,unresolved_terminal,,,,,,,,False,False,unassigned_manual_review,,not_annotated_no_domain_boundaries,,False,False
6E9F,A,VI-D,ternary,38,39,D,,,,,,False,169,170,full_msa_only_unresolved_coordinate,medium,0.532967032967033,0.2742421837803523,2.37174832721958,0.467032967032967,A,A;E;K;Q;R;T,differs_from_consensus,False,True,unresolved_terminal;scaffold_differs_from_msa_consensus,,,,,,,,False,False,unassigned_manual_review,,not_annotated_no_domain_boundaries,,False,False
6E9F,A,VI-D,ternary,39,40,A,,,,,,False,170,171,full_msa_only_unresolved_coordinate,medium,0.5054945054945055,0.2138807764988833,2.3220700819939437,0.4945054945054945,A,A;E;K;Q;R;V,matches_consensus,False,True,unresolved_terminal,,,,,,,,False,False,unassigned_manual_review,,not_annotated_no_domain_boundaries,,False,False
6E9F,A,VI-D,ternary,40,41,A,,,,,,False,171,172,full_msa_only_unresolved_coordinate,medium,0.4835164835164835,0.2578627919808717,2.385896562819295,0.5164835164835164,A,A;E;I;K;N;P;R;S,matches_consensus,False,True,unresolved_terminal,,,,,,,,False,False,unassigned_manual_review,,not_annotated_no_domain_boundaries,,False,False
6E9F,A,VI-D,ternary,41,42,V,,,,,,False,172,173,full_msa_only_unresolved_coordinate,medium,0.4505494505494505,0.2890351779469244,2.046141920390641,0.5494505494505495,V,A;E;K;L;T;V,matches_consensus,False,True,unresolved_terminal,,,,,,,,False,False,unassigned_manual_review,,not_annotated_no_domain_boundaries,,False,False
6E9F,A,VI-D,ternary,42,43,S,,,,,,False,173,174,full_msa_only_unresolved_coordinate,medium,0.4285714285714285,0.171543444270717,2.345762628633072,0.5714285714285714,E,A;D;E;L;N;P;Q;T;V,differs_from_consensus,False,True,unresolved_terminal;scaffold_differs_from_msa_consensus,,,,,,,,False,False,unassigned_manual_review,,not_annotated_no_domain_boundaries,,False,False
6E9F,A,VI-D,ternary,43,44,V,,,,,,False,174,175,full_msa_only_unresolved_coordinate,medium,0.445054945054945,0.2216159496327387,2.4488767851240616,0.554945054945055,K,A;E;K;P;Q;T;V,differs_from_consensus,False,True,unresolved_terminal;scaffold_differs_from_msa_consensus,,,,,,,,False,False,unassigned_manual_review,,not_annotated_no_domain_boundaries,,False,False
6E9F,A,VI-D,ternary,44,45,K,,,,,,False,202,203,full_msa_only_unresolved_coordinate,medium,0.2472527472527472,0.2651356993736952,2.0626503752120544,0.7527472527472527,K,A;D;E;H;I;K;L;N;T,matches_consensus,False,True,unresolved_terminal,,,,,,,,False,False,unassigned_manual_review,,not_annotated_no_domain_boundaries,,False,False
6E9F,A,VI-D,ternary,45,46,S,,,,,,False,203,204,full_msa_only_unresolved_coordinate,medium,0.2472527472527472,0.1336116910229645,2.5227942781938166,0.7527472527472527,T,D;E;H;K;M;N;P;Q;R;S;T;V;Y,differs_from_consensus,False,True,unresolved_terminal;scaffold_differs_from_msa_consensus,,,,,,,,False,False,unassigned_manual_review,,not_annotated_no_domain_boundaries,,False,False
6E9F,A,VI-D,ternary,46,47,V,,,,,,False,204,205,full_msa_only_unresolved_coordinate,medium,0.2472527472527472,0.2004175365344467,2.047475906534647,0.7527472527472527,E,A;E;G;H;K;M;P;Q;V,differs_from_consensus,False,True,unresolved_terminal;scaffold_differs_from_msa_consensus,,,,,,,,False,False,unassigned_manual_review,,not_annotated_no_domain_boundaries,,False,False
6E9F,A,VI-D,ternary,47,48,S,,,,,,False,205,206,full_msa_only_unresolved_coordinate,medium,0.2857142857142857,0.2731152204836415,2.0507821981669148,0.7142857142857143,E,D;E;L;N;P;R;S,differs_from_consensus,False,True,unresolved_terminal;scaffold_differs_from_msa_consensus,,,,,,,,False,False,unassigned_manual_review,,not_annotated_no_domain_boundaries,,False,False
6E9F,A,VI-D,ternary,48,49,S,,,,,,False,206,207,full_msa_only_unresolved_coordinate,medium,0.2967032967032967,0.2086049543676662,2.3155516046151385,0.7032967032967032,K,A;I;K;M;S;T,differs_from_consensus,False,True,unresolved_terminal;scaffold_differs_from_msa_consensus,,,,,,,,False,False,unassigned_manual_review,,not_annotated_no_domain_boundaries,,False,False
6E9F,A,VI-D,ternary,49,50,V,,,,,,False,207,208,full_msa_only_unresolved_coordinate,medium,0.3131868131868132,0.1853997682502897,2.3434011475400687,0.6868131868131868,T,I;R;S;T;V,differs_from_consensus,False,True,unresolved_terminal;scaffold_differs_from_msa_consensus,,,,,,,,False,False,unassigned_manual_review,,not_annotated_no_domain_boundaries,,False,False
6E9F,A,VI-D,ternary,50,51,S,,,,,,False,208,209,full_msa_only_unresolved_coordinate,medium,0.489010989010989,0.1695813460519342,2.3723055645212225,0.510989010989011,K,A;E;G;K;N;Q;R;S;T,differs_from_consensus,False,True,unresolved_terminal;scaffold_differs_from_msa_consensus,,,,,,,,False,False,unassigned_manual_review,,not_annotated_no_domain_boundaries,,False,False
6E9F,A,VI-D,ternary,51,52,S,,,,,,False,209,210,full_msa_only_unresolved_coordinate,medium,0.510989010989011,0.1429280397022332,2.495483588447493,0.489010989010989,K,D;E;I;K;N;P;R,differs_from_consensus,False,True,unresolved_terminal;scaffold_differs_from_msa_consensus,,,,,,,,False,False,unassigned_manual_review,,not_annotated_no_domain_boundaries,,False,False
6E9F,A,VI-D,ternary,52,53,K,,,,,,False,210,211,full_msa_only_unresolved_coordinate,medium,0.554945054945055,0.1818997756170531,2.4667057457826638,0.445054945054945,P,E;K;P;R;S;T;V,differs_from_consensus,False,True,unresolved_terminal;scaffold_differs_from_msa_consensus,,,,,,,,False,False,unassigned_manual_review,,not_annotated_no_domain_boundaries,,False,False
6E9F,A,VI-D,ternary,53,54,K,,,,,,False,211,212,full_msa_only_unresolved_coordinate,medium,0.5659340659340659,0.222916969608841,2.394901364821385,0.4340659340659341,K,D;E;K;L;N;S;V,matches_consensus,False,True,unresolved_terminal,,,,,,,,False,False,unassigned_manual_review,,not_annotated_no_domain_boundaries,,False,False
6E9F,A,VI-D,ternary,54,55,D,,,,,,False,212,213,full_msa_only_unresolved_coordinate,medium,0.5769230769230769,0.2172867449427076,2.4714785036181066,0.4230769230769231,K,A;E;K;P;Q;S;T,differs_from_consensus,False,True,unresolved_terminal;scaffold_differs_from_msa_consensus,,,,,,,,False,False,unassigned_manual_review,,not_annotated_no_domain_boundaries,,False,False
6E9F,A,VI-D,ternary,55,56,N,,,,,,False,213,214,full_msa_only_unresolved_coordinate,medium,0.5769230769230769,0.1358042155891922,2.538586018114439,0.4230769230769231,S,E;G;K;N;Q;R;S;T;V,differs_from_consensus,False,True,unresolved_terminal;scaffold_differs_from_msa_consensus,,,,,,,,False,False,unassigned_manual_review,,not_annotated_no_domain_boundaries,,False,False
6E9F,A,VI-D,ternary,56,57,V,,,,,,False,214,215,full_msa_only_unresolved_coordinate,medium,0.7747252747252747,0.1587515653597919,2.5628205194091347,0.2252747252747252,K,E;G;K;N;R;S;T;V,differs_from_consensus,False,True,unresolved_terminal;scaffold_differs_from_msa_consensus,,,,,,,,False,False,unassigned_manual_review,,not_annotated_no_domain_boundaries,,False,False
6E9F,A,VI-D,ternary,57,58,T,0.0,T,58.0,,THR,True,215,216,four_layer_exact,high,0.8681318681318682,0.5127778240239741,1.9045604964317489,0.1318681318681318,K,K;R,differs_from_consensus,True,True,scaffold_differs_from_msa_consensus,1.0,surface,False,True,False,False,5.640189375830548,True,False,unassigned_manual_review,,not_annotated_no_domain_boundaries,,True,False
6E9F,A,VI-D,ternary,58,59,K,1.0,K,59.0,,LYS,True,216,217,four_layer_exact,high,0.8901098901098901,0.95353714608373,0.2497454434196022,0.1098901098901099,K,K,matches_consensus,True,False,,0.5363471810954559,surface,True,False,True,False,4.614793302840494,True,False,unassigned_manual_review,,not_annotated_no_domain_boundaries,,True,False
6E9F,A,VI-D,ternary,59,60,S,2.0,S,60.0,,SER,True,248,249,four_layer_exact,high,0.945054945054945,0.7125102942277457,0.9071193515018484,0.0549450549450549,S,S;T,matches_consensus,True,False,,0.13627645203089145,buried_core,True,False,True,False,3.4751116886977176,True,True,unassigned_manual_review,,not_annotated_no_domain_boundaries,,True,False
6E9F,A,VI-D,ternary,60,61,M,3.0,M,61.0,,MET,True,249,250,four_layer_exact,high,0.9505494505494504,0.2069426893629673,2.509394981641873,0.0494505494505495,K,A;K;L;N;R;S;T,differs_from_consensus,True,True,scaffold_differs_from_msa_consensus,0.3790612035900156,surface,True,False,True,False,2.760082590215008,True,False,unassigned_manual_review,,not_annotated_no_domain_boundaries,,True,False
6E9F,A,VI-D,ternary,61,62,A,4.0,A,62.0,,ALA,True,250,251,four_layer_exact,high,0.956043956043956,0.6693482913868182,1.2504246457891033,0.0439560439560439,A,A;S;V,matches_consensus,True,False,,0.009361459039069119,buried_core,True,False,True,False,3.267302452060807,True,True,unassigned_manual_review,,not_annotated_no_domain_boundaries,,True,False
6E9F,A,VI-D,ternary,62,63,K,5.0,K,63.0,,LYS,True,251,252,four_layer_exact,high,0.956043956043956,0.9929146062440032,0.0421309468454774,0.0439560439560439,K,K,matches_consensus,True,False,,0.023854379255372853,buried_core,True,False,True,False,3.131030925983805,True,True,unassigned_manual_review,,not_annotated_no_domain_boundaries,,True,False
6E9F,A,VI-D,ternary,63,64,A,6.0,A,64.0,,ALA,True,252,253,four_layer_exact,high,0.9615384615384616,0.6552583363869549,1.3528717150717957,0.0384615384615384,A,A;R,matches_consensus,True,False,,0.10617560325013728,buried_core,True,False,True,False,4.173394136847246,True,True,unassigned_manual_review,,not_annotated_no_domain_boundaries,,True,False
6E9F,A,VI-D,ternary,64,65,A,7.0,A,65.0,,ALA,True,253,254,four_layer_exact,high,0.967032967032967,0.4271159304271887,1.7182799322688695,0.0329670329670329,A,A;I;L;M;S;V,matches_consensus,True,False,,0.009361459039069119,buried_core,False,True,False,False,6.901444887532462,True,True,unassigned_manual_review,,not_annotated_no_domain_boundaries,,True,False
6E9F,A,VI-D,ternary,65,66,G,8.0,G,66.0,,GLY,True,254,255,four_layer_exact,high,0.967032967032967,0.9860272178152972,0.0832326775644997,0.0329670329670329,G,G,matches_consensus,True,False,,0.08128266838730205,buried_core,False,False,False,False,8.03052447121175,True,True,unassigned_manual_review,,not_annotated_no_domain_boundaries,,True,False
6E9F,A,VI-D,ternary,66,67,V,9.0,V,67.0,,VAL,True,255,256,four_layer_exact,high,0.967032967032967,0.5763772651189869,1.08187629296816,0.0329670329670329,L,I;L;V,differs_from_consensus,True,True,scaffold_differs_from_msa_consensus,0.027106166958818137,buried_core,True,False,True,False,4.83783831446454,True,True,unassigned_manual_review,,not_annotated_no_domain_boundaries,,True,False
6E9F,A,VI-D,ternary,67,68,K,10.0,K,68.0,,LYS,True,256,257,four_layer_exact,high,0.967032967032967,0.979040826722946,0.1247749378664701,0.0329670329670329,K,K,matches_consensus,True,False,,0.005117068712033544,buried_core,True,False,True,False,2.8228304797037307,True,True,unassigned_manual_review,,not_annotated_no_domain_boundaries,,True,False
6E9F,A,VI-D,ternary,68,69,S,11.0,S,69.0,,SER,True,257,258,four_layer_exact,high,0.967032967032967,0.9091769157994324,0.4581478074836201,0.0329670329670329,S,S,matches_consensus,True,False,,0.014703788645823465,buried_core,True,False,True,False,3.6178452825270373,True,True,unassigned_manual_review,,not_annotated_no_domain_boundaries,,True,False
6E9F,A,VI-D,ternary,69,70,V,12.0,V,70.0,,VAL,True,258,259,four_layer_exact,high,0.967032967032967,0.3947310967178516,1.6992246664650792,0.0329670329670329,T,A;I;T;V,differs_from_consensus,True,True,scaffold_differs_from_msa_consensus,0.0942895230687001,buried_core,False,True,False,False,5.040916312649355,True,True,unassigned_manual_review,,not_annotated_no_domain_boundaries,,True,False
6E9F,A,VI-D,ternary,70,71,F,13.0,F,71.0,,PHE,True,259,260,four_layer_exact,high,0.967032967032967,0.5062950294738373,1.2498110704586254,0.0329670329670329,F,F;I;L,matches_consensus,True,False,,0.015095352700498953,buried_core,False,True,False,False,5.422170969478201,True,True,unassigned_manual_review,,not_annotated_no_domain_boundaries,,True,False
6E9F,A,VI-D,ternary,71,72,A,14.0,A,72.0,,ALA,True,260,261,four_layer_exact,high,0.9725274725274724,0.3272385632723856,2.1121187202881275,0.0274725274725274,V,A;I;S;V,differs_from_consensus,True,True,scaffold_differs_from_msa_consensus,0.0,buried_core,False,True,False,False,7.0392361846922835,True,True,unassigned_manual_review,,not_annotated_no_domain_boundaries,,True,False
6E9F,A,VI-D,ternary,72,73,V,15.0,V,73.0,,VAL,True,261,262,four_layer_exact,high,0.9725274725274724,0.2009828720098287,2.366567536764244,0.0274725274725274,V,F;H;I;L;V;Y,matches_consensus,True,False,,0.1781024485121048,buried_core,False,False,False,False,9.507820966950502,True,True,unassigned_manual_review,,not_annotated_no_domain_boundaries,,True,False
6E9F,A,VI-D,ternary,73,74,G,16.0,G,74.0,,GLY,True,262,263,four_layer_exact,high,0.9725274725274724,0.3304184433041844,1.801106335966163,0.0274725274725274,G,D;G;N;S,matches_consensus,True,False,,0.38567701796551757,surface,False,False,False,False,11.422741310234285,True,False,unassigned_manual_review,,not_annotated_no_domain_boundaries,,True,False
6E9F,A,VI-D,ternary,74,75,N,17.0,N,75.0,,ASN,True,267,268,four_layer_exact,high,0.9395604395604396,0.4560742025488273,1.6173802814414795,0.0604395604395604,D,D;E;G;K;N,differs_from_consensus,True,True,scaffold_differs_from_msa_consensus,0.5217667920915039,surface,False,False,False,False,13.640540522934794,True,False,unassigned_manual_review,,not_annotated_no_domain_boundaries,,True,False
6E9F,A,VI-D,ternary,75,76,T,18.0,T,76.0,,THR,True,274,275,four_layer_exact,high,0.956043956043956,0.3200236179791866,2.0036331809104624,0.0439560439560439,K,D;E;K;N;R;S;T,differs_from_consensus,True,True,scaffold_differs_from_msa_consensus,0.10399036984853563,buried_core,False,False,False,False,11.385045525689453,True,True,unassigned_manual_review,,not_annotated_no_domain_boundaries,,True,False
6E9F,A,VI-D,ternary,76,77,V,19.0,V,77.0,,VAL,True,280,281,four_layer_exact,high,0.9725274725274724,0.3989304039893039,1.648984130767411,0.0274725274725274,L,I;L;V,differs_from_consensus,True,True,scaffold_differs_from_msa_consensus,0.013880784092412831,buried_core,False,False,False,False,10.004616173432982,True,True,unassigned_manual_review,,not_annotated_no_domain_boundaries,,True,False
6E9F,A,VI-D,ternary,77,78,Y,20.0,Y,78.0,,TYR,True,281,282,four_layer_exact,high,0.9725274725274724,0.2671099226710992,1.7819001293843486,0.0274725274725274,L,A;I;L;V;Y,differs_from_consensus,True,True,scaffold_differs_from_msa_consensus,0.11666045107848726,buried_core,False,False,False,False,9.64301619857881,True,True,unassigned_manual_review,,not_annotated_no_domain_boundaries,,True,False
6E9F,A,VI-D,ternary,78,79,M,21.0,M,79.0,,MET,True,282,283,four_layer_exact,high,0.967032967032967,0.4294447274579724,1.4811518958896204,0.0329670329670329,M,I;L;M;V,matches_consensus,True,False,,0.0,buried_core,False,False,False,False,9.112539638848727,True,True,unassigned_manual_review,,not_annotated_no_domain_boundaries,,True,False
6E9F,A,VI-D,ternary,79,80,T,22.0,T,80.0,,THR,True,284,285,four_layer_exact,high,0.978021978021978,0.8621976602311059,0.6059760468456942,0.021978021978022,T,S;T,matches_consensus,True,False,,0.0,buried_core,False,True,False,False,6.419817231171079,True,True,unassigned_manual_review,,not_annotated_no_domain_boundaries,,True,False
6E9F,A,VI-D,ternary,80,81,S,23.0,S,81.0,,SER,True,292,293,four_layer_exact,high,0.978021978021978,0.7381755544391013,0.9947325851226966,0.021978021978022,S,A;S;T,matches_consensus,True,False,,0.027650555459683108,buried_core,False,True,False,False,7.3531062513743475,True,True,unassigned_manual_review,,not_annotated_no_domain_boundaries,,True,False
6E9F,A,VI-D,ternary,81,82,F,24.0,F,82.0,,PHE,True,293,294,four_layer_exact,high,0.978021978021978,0.8966482451733295,0.5286431443832109,0.021978021978022,F,F,matches_consensus,True,False,,0.17774000260655753,buried_core,True,False,True,False,3.990990765177238,True,True,unassigned_manual_review,,not_annotated_no_domain_boundaries,,True,False
6E9F,A,VI-D,ternary,82,83,G,25.0,G,83.0,,GLY,True,312,313,four_layer_exact,high,0.9505494505494504,0.7930573106370326,0.922177043381254,0.0494505494505495,G,G,matches_consensus,True,False,,0.2577343280127198,surface,False,True,False,False,6.643659564812124,True,False,unassigned_manual_review,,not_annotated_no_domain_boundaries,,True,False
6E9F,A,VI-D,ternary,83,84,R,26.0,R,84.0,,ARG,True,313,314,four_layer_exact,high,0.956043956043956,0.4865303712451103,1.5400904170215637,0.0439560439560439,K,K;N;R,differs_from_consensus,True,True,scaffold_differs_from_msa_consensus,0.5812613252311676,surface,True,False,False,True,3.7830613130221944,True,False,unassigned_manual_review,,not_annotated_no_domain_boundaries,,True,False
6E9F,A,VI-D,ternary,84,85,G,27.0,G,85.0,,GLY,True,314,315,four_layer_exact,high,0.9615384615384616,0.7467204104067423,1.0872364902092786,0.0384615384615384,G,G;K,matches_consensus,True,False,,0.4001283441720306,surface,True,False,True,True,3.819713291554446,True,False,unassigned_manual_review,,not_annotated_no_domain_boundaries,,True,False
6E9F,A,VI-D,ternary,85,86,N,28.0,N,86.0,,ASN,True,315,316,four_layer_exact,high,0.967032967032967,0.6646532275671349,1.440195898959805,0.0329670329670329,N,N;S,matches_consensus,True,False,,0.029681702948190135,buried_core,True,False,True,True,2.671925933796663,True,True,unassigned_manual_review,,not_annotated_no_domain_boundaries,,True,False
6E9F,A,VI-D,ternary,86,87,D,29.0,D,87.0,,ASP,True,316,317,four_layer_exact,high,0.9725274725274724,0.2356724723567247,2.099879356735846,0.0274725274725274,D,A;D;E;K;N;S;T,matches_consensus,True,False,,0.22488620585708602,surface,False,True,False,False,6.782321726119017,True,False,unassigned_manual_review,,not_annotated_no_domain_boundaries,,True,False
6E9F,A,VI-D,ternary,87,88,A,30.0,A,88.0,,ALA,True,317,318,four_layer_exact,high,0.9725274725274724,0.7294211172942111,1.10516738090373,0.0274725274725274,A,A;S,matches_consensus,True,False,,0.11025918663117554,buried_core,False,True,False,False,5.672639879288155,True,True,unassigned_manual_review,,not_annotated_no_domain_boundaries,,True,False
6E9F,A,VI-D,ternary,88,89,V,31.0,V,89.0,,VAL,True,318,319,four_layer_exact,high,0.9725274725274724,0.3270217532702175,2.237269038976929,0.0274725274725274,V,A;E;I;K;L;N;V,matches_consensus,True,False,,0.36784077844894003,surface,False,False,False,False,8.676333320178726,True,False,unassigned_manual_review,,not_annotated_no_domain_boundaries,,True,False
6E9F,A,VI-D,ternary,89,90,L,32.0,L,90.0,,LEU,True,319,320,four_layer_exact,high,0.978021978021978,0.3557740615804205,1.9760526724519545,0.021978021978022,L,I;L;N;P;V,matches_consensus,True,False,,0.050795708274254496,buried_core,False,False,False,False,10.660835788087518,True,True,unassigned_manual_review,,not_annotated_no_domain_boundaries,,True,False
6E9F,A,VI-D,ternary,90,91,E,33.0,E,91.0,,GLU,True,320,321,four_layer_exact,high,0.978021978021978,0.655494150577765,1.3890713160628303,0.021978021978022,E,A;E;I;V,matches_consensus,True,False,,0.01921899594731337,buried_core,False,False,False,False,12.126841905760335,True,True,unassigned_manual_review,,not_annotated_no_domain_boundaries,,True,False
6E9F,A,VI-D,ternary,91,92,Q,34.0,Q,92.0,,GLN,True,321,322,four_layer_exact,high,0.978021978021978,0.5133137156391301,1.8214920525862968,0.021978021978022,K,E;K;Q,differs_from_consensus,True,True,scaffold_differs_from_msa_consensus,0.042956713756517204,buried_core,False,False,False,False,13.234436884388748,True,True,unassigned_manual_review,,not_annotated_no_domain_boundaries,,True,False
6E9F,A,VI-D,ternary,92,93,K,35.0,K,93.0,,LYS,True,322,323,four_layer_exact,high,0.967032967032967,0.3421148388035804,2.1951504323846187,0.0329670329670329,K,E;I;K;R,matches_consensus,True,False,,0.22117344754603263,surface,False,False,False,False,15.286893205467468,True,False,unassigned_manual_review,,not_annotated_no_domain_boundaries,,True,False
6E9F,A,VI-D,ternary,93,94,I,36.0,I,94.0,,ILE,True,323,324,four_layer_exact,high,0.967032967032967,0.5551997671202968,1.5401403075624502,0.0329670329670329,I,I;V,matches_consensus,True,False,,0.0054388782947346215,buried_core,False,False,False,False,12.993661698365365,True,True,unassigned_manual_review,,not_annotated_no_domain_boundaries,,True,False
6E9F,A,VI-D,ternary,94,95,V,37.0,V,95.0,,VAL,True,326,327,four_layer_exact,high,0.956043956043956,0.1553283812605721,2.5513462977121204,0.0439560439560439,T,A;D;E;I;K;S;T;V,differs_from_consensus,True,True,scaffold_differs_from_msa_consensus,0.31925803412549514,surface,False,False,False,False,16.16644732846048,True,False,unassigned_manual_review,,not_annotated_no_domain_boundaries,,True,False
6E9F,A,VI-D,ternary,95,96,D,38.0,D,96.0,,ASP,True,327,328,four_layer_exact,high,0.934065934065934,0.2322712480133202,2.352801991003843,0.0659340659340659,D,A;D;G;K;N;S;T,matches_consensus,True,False,,0.3079840987505003,surface,False,False,False,False,11.86591692269435,True,False,unassigned_manual_review,,not_annotated_no_domain_boundaries,,True,False
6E9F,A,VI-D,ternary,96,97,T,39.0,T,97.0,,THR,True,328,329,four_layer_exact,high,0.934065934065934,0.1598425792779838,2.5857038994526658,0.0659340659340659,D,A;D;E;G;L;N;R;S,differs_from_consensus,True,True,scaffold_differs_from_msa_consensus,0.5384166696545936,surface,False,False,False,False,13.341567151852969,True,False,unassigned_manual_review,,not_annotated_no_domain_boundaries,,True,False
6E9F,A,VI-D,ternary,97,98,S,40.0,S,98.0,,SER,True,329,330,four_layer_exact,high,0.9285714285714286,0.1756499199512083,2.452276521386664,0.0714285714285714,E,D;E;G;K;N;S,differs_from_consensus,True,True,scaffold_differs_from_msa_consensus,0.429923914392808,surface,False,False,False,False,16.91255929818002,True,False,unassigned_manual_review,,not_annotated_no_domain_boundaries,,True,False
6E9F,A,VI-D,ternary,98,99,H,41.0,H,99.0,,HIS,True,338,339,four_layer_exact,high,0.8791208791208791,0.3775501843506759,1.7146131749936964,0.1208791208791209,I,I;L;V,differs_from_consensus,True,True,scaffold_differs_from_msa_consensus,0.3518865393362015,surface,False,False,False,False,17.12102193977203,True,False,unassigned_manual_review,,not_annotated_no_domain_boundaries,,True,False
6E9F,A,VI-D,ternary,99,100,E,42.0,E,100.0,,GLU,True,339,340,four_layer_exact,high,0.8791208791208791,0.2593199508398197,2.3614232965510986,0.1208791208791209,E,D;E;K;S;T,matches_consensus,True,False,,0.4963511273438526,surface,False,False,False,False,18.54677249698937,True,False,unassigned_manual_review,,not_annotated_no_domain_boundaries,,True,False
6E9F,A,VI-D,ternary,100,101,P,43.0,P,101.0,,PRO,True,340,341,four_layer_exact,high,0.8736263736263736,0.1902716987364769,2.263293370502574,0.1263736263736263,D,D;E;K;N;P;S;T,differs_from_consensus,True,True,scaffold_differs_from_msa_consensus,0.4293851385824629,surface,False,False,False,False,18.730025881437907,True,False,unassigned_manual_review,,not_annotated_no_domain_boundaries,,True,False
6E9F,A,VI-D,ternary,101,102,L,44.0,L,102.0,,LEU,True,341,342,four_layer_exact,high,0.8241758241758241,0.2945309026233881,2.073156075079693,0.1758241758241758,I,I;K;L;M;V,differs_from_consensus,True,True,scaffold_differs_from_msa_consensus,0.28034835113405215,surface,False,False,False,False,15.82241158850313,True,False,unassigned_manual_review,,not_annotated_no_domain_boundaries,,True,False
6E9F,A,VI-D,ternary,102,103,N,45.0,N,103.0,,ASN,True,344,345,four_layer_exact,high,0.6538461538461539,0.4446689646974919,1.8699781879628343,0.3461538461538461,N,A;D;N;Q;S,matches_consensus,False,False,,0.25243183515687,surface,False,False,False,False,12.34388734677056,True,False,unassigned_manual_review,,not_annotated_no_domain_boundaries,,False,False
6E9F,A,VI-D,ternary,103,104,I,46.0,I,104.0,,ILE,True,345,346,four_layer_exact,high,0.6153846153846154,0.1984239762304611,2.338934870193349,0.3846153846153846,E,D;E;K;N;T,differs_from_consensus,False,True,scaffold_differs_from_msa_consensus,0.7600621276349838,surface,False,False,False,False,14.50125256214995,True,False,unassigned_manual_review,,not_annotated_no_domain_boundaries,,False,False
6E9F,A,VI-D,ternary,104,105,D,47.0,D,105.0,,ASP,True,346,347,four_layer_exact,high,0.6043956043956044,0.2073122267850046,2.2895738690462952,0.3956043956043956,D,A;D;E;G;K;N;P;S;T,matches_consensus,False,False,,0.632049701018766,surface,False,False,False,False,12.064757064491316,True,False,unassigned_manual_review,,not_annotated_no_domain_boundaries,,False,False
6E9F,A,VI-D,ternary,105,106,D,48.0,D,106.0,,ASP,True,354,355,four_layer_exact,high,0.6868131868131868,0.2749576031656303,2.267626693227431,0.3131868131868132,N,D;K;N;Q;S;T,differs_from_consensus,False,True,scaffold_differs_from_msa_consensus,0.5592923684834836,surface,False,True,False,False,7.061107239792339,True,False,unassigned_manual_review,,not_annotated_no_domain_boundaries,,False,False
6E9F,A,VI-D,ternary,106,107,P,49.0,P,107.0,,PRO,True,355,356,four_layer_exact,high,0.8296703296703297,0.7319460365047173,1.1028045382233551,0.1703296703296702,P,E;P;S,matches_consensus,True,False,,0.3923783626298369,surface,False,False,False,False,9.717594691873828,True,False,unassigned_manual_review,,not_annotated_no_domain_boundaries,,True,False
6E9F,A,VI-D,ternary,107,108,A,50.0,A,108.0,,ALA,True,367,368,four_layer_exact,high,0.967032967032967,0.216359799141256,2.4837791654927117,0.0329670329670329,A,A;K;M;N;Q;S;T,matches_consensus,True,False,,0.028084377117207356,buried_core,False,False,False,False,9.31276162110317,True,True,unassigned_manual_review,,not_annotated_no_domain_boundaries,,True,False
6E9F,A,VI-D,ternary,108,109,Y,51.0,Y,109.0,,TYR,True,368,369,four_layer_exact,high,0.967032967032967,0.6322683938577978,1.1105960048903276,0.0329670329670329,F,F;I;L;Y,differs_from_consensus,True,True,scaffold_differs_from_msa_consensus,0.020369943423245638,buried_core,False,False,False,False,9.722495868143803,True,True,unassigned_manual_review,,not_annotated_no_domain_boundaries,,True,False
6E9F,A,VI-D,ternary,109,110,Q,52.0,Q,110.0,,GLN,True,378,379,four_layer_exact,high,0.956043956043956,0.1948483282899106,2.2062077956123254,0.0439560439560439,S,D;E;K;N;R;S;T,differs_from_consensus,True,True,scaffold_differs_from_msa_consensus,0.3983857832807422,surface,False,False,False,False,12.361727762154967,True,False,unassigned_manual_review,,not_annotated_no_domain_boundaries,,True,False
6E9F,A,VI-D,ternary,110,111,L,53.0,L,111.0,,LEU,True,379,380,four_layer_exact,high,0.9505494505494504,0.3746376272950271,1.7433444770914472,0.0494505494505495,V,A;I;L;V,differs_from_consensus,True,True,scaffold_differs_from_msa_consensus,0.09639194003849012,buried_core,False,False,False,False,12.148695147299986,True,True,unassigned_manual_review,,not_annotated_no_domain_boundaries,,True,False
6E9F,A,VI-D,ternary,111,112,N,54.0,N,112.0,,ASN,True,380,381,four_layer_exact,high,0.8736263736263736,0.1625237426707407,2.475165409379496,0.1263736263736263,T,A;D;E;K;N;S;T;V,differs_from_consensus,True,True,scaffold_differs_from_msa_consensus,0.45894666763228154,surface,False,False,False,False,13.469604489771832,True,False,unassigned_manual_review,,not_annotated_no_domain_boundaries,,True,False
6E9F,A,VI-D,ternary,112,113,V,55.0,V,113.0,,VAL,True,381,382,four_layer_exact,high,0.8626373626373627,0.1127800620961651,2.6742483123405223,0.1373626373626373,K,A;D;E;I;K;L;N;P;S,differs_from_consensus,True,True,scaffold_differs_from_msa_consensus,0.5128064298561874,surface,False,False,False,False,11.035823959003,True,False,unassigned_manual_review,,not_annotated_no_domain_boundaries,,True,False
6E9F,A,VI-D,ternary,113,114,V,56.0,V,114.0,,VAL,True,435,436,four_layer_exact,high,0.6703296703296703,0.4262728422020457,1.69204780475337,0.3296703296703297,V,A;I;T;V,matches_consensus,False,False,,0.14605127027549478,buried_core,False,False,False,False,12.075346192176232,True,True,unassigned_manual_review,,not_annotated_no_domain_boundaries,,False,False
6E9F,A,VI-D,ternary,114,115,T,57.0,T,115.0,,THR,True,436,437,four_layer_exact,high,0.6758241758241759,0.2982835057405933,1.9894706485431208,0.3241758241758241,D,D;E;G;N;S;T,differs_from_consensus,False,True,scaffold_differs_from_msa_consensus,0.2730309955440671,surface,False,True,False,False,7.907893919503382,True,False,unassigned_manual_review,,not_annotated_no_domain_boundaries,,False,False
6E9F,A,VI-D,ternary,115,116,M,58.0,M,116.0,,MET,True,437,438,four_layer_exact,high,0.6703296703296703,0.2206642914607516,2.1459339161154576,0.3296703296703297,E,A;D;E;K;N;P;R;S;T,differs_from_consensus,False,True,scaffold_differs_from_msa_consensus,0.36021024517175654,surface,False,True,False,False,7.688245766387734,True,False,unassigned_manual_review,,not_annotated_no_domain_boundaries,,False,False
6E9F,A,VI-D,ternary,116,117,N,59.0,N,117.0,,ASN,True,439,440,four_layer_exact,high,0.945054945054945,0.3126450550273265,2.3974674163023746,0.0549450549450549,K,D;E;K;N;S;T,differs_from_consensus,True,True,scaffold_differs_from_msa_consensus,0.22635945162082877,surface,True,False,True,False,3.4865517362073413,True,False,unassigned_manual_review,,not_annotated_no_domain_boundaries,,True,False
6E9F,A,VI-D,ternary,117,118,G,60.0,G,118.0,,GLY,True,442,443,four_layer_exact,high,0.8901098901098901,0.2826490279906428,2.294952448916504,0.1098901098901099,K,D;E;G;K;N;Q;R;S;T,differs_from_consensus,True,True,scaffold_differs_from_msa_consensus,0.10450628792653122,buried_core,False,True,False,False,6.152735395653111,True,True,unassigned_manual_review,,not_annotated_no_domain_boundaries,,True,False
6E9F,A,VI-D,ternary,118,119,Y,61.0,Y,119.0,,TYR,True,447,448,four_layer_exact,high,0.967032967032967,0.3330179754020813,1.6210769632639537,0.0329670329670329,I,F;I;L;V;Y,differs_from_consensus,True,True,scaffold_differs_from_msa_consensus,0.016295954738596508,buried_core,False,False,False,False,8.37954878691828,True,True,unassigned_manual_review,,not_annotated_no_domain_boundaries,,True,False
6E9F,A,VI-D,ternary,119,120,S,62.0,S,120.0,,SER,True,448,449,four_layer_exact,high,0.956043956043956,0.1485718503210568,2.639177815806229,0.0439560439560439,S,D;E;K;N;R;S;T,matches_consensus,True,False,,0.22911104192130202,surface,False,False,False,False,8.917497931046578,True,False,unassigned_manual_review,,not_annotated_no_domain_boundaries,,True,False
6E9F,A,VI-D,ternary,120,121,V,63.0,V,121.0,,VAL,True,450,451,four_layer_exact,high,0.9505494505494504,0.3139820114472608,1.5433007962640164,0.0494505494505495,I,F;I;L;V,differs_from_consensus,True,True,scaffold_differs_from_msa_consensus,0.0069403920462064155,buried_core,False,False,False,False,8.706314997046146,True,True,unassigned_manual_review,,not_annotated_no_domain_boundaries,,True,False
6E9F,A,VI-D,ternary,121,122,T,64.0,T,122.0,,THR,True,455,456,four_layer_exact,high,0.912087912087912,0.2311097305272967,2.379220273785973,0.0879120879120879,K,E;K;Q;R;S;T,differs_from_consensus,True,True,scaffold_differs_from_msa_consensus,0.19104887037951912,buried_core,False,False,False,False,11.40579467256392,True,True,unassigned_manual_review,,not_annotated_no_domain_boundaries,,True,False
6E9F,A,VI-D,ternary,122,123,G,65.0,G,123.0,,GLY,True,456,457,four_layer_exact,high,0.8956043956043956,0.430614028119787,1.5459415884889187,0.1043956043956043,G,G;K;N;S,matches_consensus,True,False,,0.01161180976961458,buried_core,False,False,False,False,9.602866498603804,True,True,unassigned_manual_review,,not_annotated_no_domain_boundaries,,True,False
6E9F,A,VI-D,ternary,123,124,H,66.0,H,124.0,,HIS,True,470,471,four_layer_exact,high,0.6758241758241759,0.2905413170899896,2.1025075571387277,0.3241758241758241,K,G;K;N;R;S;T,differs_from_consensus,False,True,scaffold_differs_from_msa_consensus,0.32735838639369275,surface,False,True,False,False,5.459683714397826,True,False,unassigned_manual_review,,not_annotated_no_domain_boundaries,,False,False
6E9F,A,VI-D,ternary,124,125,R,67.0,R,125.0,,ARG,True,471,472,four_layer_exact,high,0.6318681318681318,0.6369595361149628,1.2623893288411203,0.3681318681318681,R,K;N;R,matches_consensus,False,False,,0.2672550118648849,surface,True,False,True,True,4.293421357501591,True,False,unassigned_manual_review,,not_annotated_no_domain_boundaries,,False,False
6E9F,A,VI-D,ternary,125,126,G,68.0,G,126.0,,GLY,True,472,473,four_layer_exact,high,0.5989010989010989,0.1826831588962892,2.6497855246336,0.4010989010989011,I,A;D;G;I;N;P;S;T;V,differs_from_consensus,False,True,scaffold_differs_from_msa_consensus,0.2178336847023959,surface,True,False,True,True,3.326600532611228,True,False,unassigned_manual_review,,not_annotated_no_domain_boundaries,,False,False
6E9F,A,VI-D,ternary,126,127,E,69.0,E,127.0,,GLU,True,473,474,four_layer_exact,high,0.6263736263736264,0.1224958530049763,2.621959926688242,0.3736263736263736,K,A;E;F;I;K;N;R;S,differs_from_consensus,False,True,scaffold_differs_from_msa_consensus,0.610535932918448,surface,False,True,False,False,5.101963347971041,True,False,unassigned_manual_review,,not_annotated_no_domain_boundaries,,False,False
6E9F,A,VI-D,ternary,127,128,T,70.0,T,128.0,,THR,True,474,475,four_layer_exact,high,0.6098901098901099,0.1907537422175122,2.4125412516406386,0.39010989010989,N,A;D;E;G;K;N;S;V,differs_from_consensus,False,True,scaffold_differs_from_msa_consensus,0.501168851249219,surface,False,True,False,False,7.88739846354416,True,False,unassigned_manual_review,,not_annotated_no_domain_boundaries,,False,False
6E9F,A,VI-D,ternary,128,129,V,71.0,V,129.0,,VAL,True,486,487,four_layer_exact,high,0.4505494505494505,0.2137219186399514,2.4081697528469217,0.5494505494505495,I,I;K;L;M;N;R;T,differs_from_consensus,False,True,scaffold_differs_from_msa_consensus,0.19433097729377963,buried_core,False,True,False,False,7.66145484319602,True,True,unassigned_manual_review,,not_annotated_no_domain_boundaries,,False,False
6E9F,A,VI-D,ternary,129,130,S,72.0,S,130.0,,SER,True,487,488,four_layer_exact,high,0.7307692307692307,0.1675392670157068,2.4884698344207945,0.2692307692307693,E,D;E;K;N;S;T,differs_from_consensus,False,True,scaffold_differs_from_msa_consensus,0.49766078674550296,surface,False,True,False,False,7.194168270492012,True,False,unassigned_manual_review,,not_annotated_no_domain_boundaries,,False,False
6E9F,A,VI-D,ternary,130,131,A,73.0,A,131.0,,ALA,True,488,489,four_layer_exact,high,0.934065934065934,0.3862514242309152,1.913103214710852,0.0659340659340659,A,A;G;I;L;T;V,matches_consensus,True,False,,0.05616875423441471,buried_core,True,False,True,False,4.466947100970488,True,True,unassigned_manual_review,,not_annotated_no_domain_boundaries,,True,False
6E9F,A,VI-D,ternary,131,132,V,74.0,V,132.0,,VAL,True,489,490,four_layer_exact,high,0.9395604395604396,0.2388960108589095,2.380030213672298,0.0604395604395604,T,E;I;L;N;S;T;V,differs_from_consensus,True,True,scaffold_differs_from_msa_consensus,0.3450533986322982,surface,True,False,True,False,3.2726976072378378,True,False,unassigned_manual_review,,not_annotated_no_domain_boundaries,,True,False
6E9F,A,VI-D,ternary,132,133,T,75.0,T,133.0,,THR,True,490,491,four_layer_exact,high,0.9395604395604396,0.2316567378025789,2.22493623529721,0.0604395604395604,A,A;I;L;P;S;T;V,differs_from_consensus,True,True,scaffold_differs_from_msa_consensus,0.02106328283790552,buried_core,True,False,True,False,4.433352345620907,True,True,unassigned_manual_review,,not_annotated_no_domain_boundaries,,True,False
6E9F,A,VI-D,ternary,133,134,D,76.0,D,134.0,,ASP,True,491,492,four_layer_exact,high,0.945054945054945,0.4274163360035936,2.0799929411783484,0.0549450549450549,D,A;D;E;N;S,matches_consensus,True,False,,0.17986057439219424,buried_core,True,False,True,False,3.01723696750983,True,True,unassigned_manual_review,,not_annotated_no_domain_boundaries,,True,False
6E9F,A,VI-D,ternary,134,135,N,77.0,N,135.0,,ASN,True,492,493,four_layer_exact,high,0.956043956043956,0.7520112185401135,0.9764390571959576,0.0439560439560439,N,D;K;N,matches_consensus,True,False,,0.06638987591466765,buried_core,False,True,False,False,6.227540595494449,True,True,unassigned_manual_review,,not_annotated_no_domain_boundaries,,True,False
6E9F,A,VI-D,ternary,135,136,P,78.0,P,136.0,,PRO,True,493,494,four_layer_exact,high,0.9615384615384616,0.9085379259802124,0.4819831182000113,0.0384615384615384,P,P,matches_consensus,True,False,,0.007595146012829662,buried_core,False,True,False,False,5.757673880340012,True,True,unassigned_manual_review,,not_annotated_no_domain_boundaries,,True,False
6E9F,A,VI-D,ternary,136,137,L,79.0,L,137.0,,LEU,True,494,495,four_layer_exact,high,0.8681318681318682,0.363356363939066,2.2344235712832656,0.1318681318681318,L,A;I;L;S;T;V,matches_consensus,True,False,,0.0060081005773130166,buried_core,False,True,False,False,7.6944131661599755,True,True,unassigned_manual_review,,not_annotated_no_domain_boundaries,,True,False
6E9F,A,VI-D,ternary,137,138,R,80.0,R,138.0,,ARG,True,496,497,four_layer_exact,high,0.532967032967033,0.5281701317251231,1.3384381343531648,0.467032967032967,H,H;Y,differs_from_consensus,False,True,scaffold_differs_from_msa_consensus,0.15333035969509604,buried_core,True,False,True,False,2.628928023982532,True,True,unassigned_manual_review,,not_annotated_no_domain_boundaries,,False,False
6E9F,A,VI-D,ternary,138,139,R,81.0,R,139.0,,ARG,True,497,498,four_layer_exact,high,0.5164835164835165,0.2394811242308331,2.444638560920194,0.4835164835164834,S,A;G;H;I;N;R;S;V,differs_from_consensus,False,True,scaffold_differs_from_msa_consensus,0.16497782592394677,buried_core,True,False,True,False,2.877997552726352,True,True,unassigned_manual_review,,not_annotated_no_domain_boundaries,,False,False
6E9F,A,VI-D,ternary,139,140,F,82.0,F,140.0,,PHE,True,498,499,four_layer_exact,high,0.4285714285714285,0.2358722358722358,2.3180795406466093,0.5714285714285714,G,G;K;R;S;T,differs_from_consensus,False,True,scaffold_differs_from_msa_consensus,0.18708707850902814,buried_core,True,False,True,False,3.144739218981294,True,True,unassigned_manual_review,,not_annotated_no_domain_boundaries,,False,False
6E9F,A,VI-D,ternary,140,141,N,83.0,N,141.0,,ASN,True,516,517,four_layer_exact,high,0.2637362637362637,0.1669565217391304,2.292053949399303,0.7362637362637363,R,A;D;F;G;H;K;N;Q;R;S;V,differs_from_consensus,False,True,scaffold_differs_from_msa_consensus,0.16767694968296812,buried_core,True,False,True,False,3.173711608554443,True,True,unassigned_manual_review,,not_annotated_no_domain_boundaries,,False,False
6E9F,A,VI-D,ternary,141,142,G,84.0,G,142.0,,GLY,True,517,518,four_layer_exact,high,0.2802197802197802,0.2384500745156482,1.8989068488106589,0.7197802197802198,K,A;E;G;K;N,differs_from_consensus,False,True,scaffold_differs_from_msa_consensus,0.145756970264492,buried_core,True,False,True,False,2.785563058365895,True,True,unassigned_manual_review,,not_annotated_no_domain_boundaries,,False,False
6E9F,A,VI-D,ternary,142,143,R,85.0,R,143.0,,ARG,True,518,519,four_layer_exact,high,0.3461538461538461,0.2805474095796676,2.087849035073622,0.6538461538461539,G,A;D;E;G;K;N;Q;S,differs_from_consensus,False,True,scaffold_differs_from_msa_consensus,0.5692627344277782,surface,True,False,True,False,3.2734933884884465,True,False,unassigned_manual_review,,not_annotated_no_domain_boundaries,,False,False
6E9F,A,VI-D,ternary,143,144,K,86.0,K,144.0,,LYS,True,519,520,four_layer_exact,high,0.3681318681318681,0.4439617723718506,1.5507433177462775,0.6318681318681318,K,K;N;Q;R;S;T,matches_consensus,False,False,,0.6415587463328462,surface,False,True,False,False,7.305982664066637,True,False,unassigned_manual_review,,not_annotated_no_domain_boundaries,,False,True
6E9F,A,VI-D,ternary,144,145,K,,,,,,False,520,521,full_msa_only_unresolved_coordinate,medium,0.3626373626373626,0.4575513851653262,1.955868259546823,0.6373626373626373,P,E;F;K;M;P,differs_from_consensus,False,True,unresolved_internal;scaffold_differs_from_msa_consensus,,,,,,,,False,False,unassigned_manual_review,,not_annotated_no_domain_boundaries,,False,False
6E9F,A,VI-D,ternary,145,146,D,,,,,,False,521,522,full_msa_only_unresolved_coordinate,medium,0.3186813186813186,0.2224797219003476,2.106422259035158,0.6813186813186813,K,D;E;K;N;R;T,differs_from_consensus,False,True,unresolved_internal;scaffold_differs_from_msa_consensus,,,,,,,,False,False,unassigned_manual_review,,not_annotated_no_domain_boundaries,,False,False
6E9F,A,VI-D,ternary,146,147,E,,,,,,False,522,523,full_msa_only_unresolved_coordinate,medium,0.2747252747252747,0.2635914332784184,1.952452419216956,0.7252747252747253,R,A;D;E;G;H;K;N;R;S,differs_from_consensus,False,True,unresolved_internal;scaffold_differs_from_msa_consensus,,,,,,,,False,False,unassigned_manual_review,,not_annotated_no_domain_boundaries,,False,False
6E9F,A,VI-D,ternary,147,148,P,87.0,P,148.0,,PRO,True,523,524,four_layer_exact,high,0.2472527472527472,0.2147651006711409,2.124512640153343,0.7527472527472527,A,A;D;E;G;I;P;Q;R;S,differs_from_consensus,False,True,scaffold_differs_from_msa_consensus,0.7622602347115376,surface,False,False,False,False,10.310616450739813,True,False,unassigned_manual_review,,not_annotated_no_domain_boundaries,,False,True
6E9F,A,VI-D,ternary,148,149,E,88.0,E,149.0,,GLU,True,532,533,four_layer_exact,high,0.6043956043956044,0.2102747909199522,2.3748205072861825,0.3956043956043956,S,A;E;I;K;S;V;Y,differs_from_consensus,False,True,scaffold_differs_from_msa_consensus,0.22590344682826324,surface,False,True,False,False,6.814662551016751,True,False,unassigned_manual_review,,not_annotated_no_domain_boundaries,,False,False
6E9F,A,VI-D,ternary,149,150,Q,89.0,Q,150.0,,GLN,True,533,534,four_layer_exact,high,0.8076923076923077,0.2409418636488089,2.4729087309970152,0.1923076923076923,K,D;E;G;K;N;Q;R;S,differs_from_consensus,True,True,scaffold_differs_from_msa_consensus,0.32422012507497955,surface,False,False,False,False,9.603935645349393,True,False,unassigned_manual_review,,not_annotated_no_domain_boundaries,,True,False
6E9F,A,VI-D,ternary,150,151,S,90.0,S,151.0,,SER,True,534,535,four_layer_exact,high,0.8131868131868132,0.1780512078168823,2.5265393926374644,0.1868131868131868,K,A;E;K;N;P;Q;R;S;T,differs_from_consensus,True,True,scaffold_differs_from_msa_consensus,0.33895020130698705,surface,False,False,False,False,9.033931629719975,True,False,unassigned_manual_review,,not_annotated_no_domain_boundaries,,True,False
6E9F,A,VI-D,ternary,151,152,V,91.0,V,152.0,,VAL,True,536,537,four_layer_exact,high,0.8901098901098901,0.2759538598047914,2.354539732809702,0.1098901098901099,V,A;I;L;P;S;T;V,matches_consensus,True,False,,0.2654759178500987,surface,False,True,False,False,7.204328027390245,True,False,unassigned_manual_review,,not_annotated_no_domain_boundaries,,True,False
6E9F,A,VI-D,ternary,152,153,P,92.0,P,153.0,,PRO,True,537,538,four_layer_exact,high,0.8791208791208791,0.6017206063088898,1.5229936692232289,0.1208791208791209,G,G;N;P;R,differs_from_consensus,True,True,scaffold_differs_from_msa_consensus,0.007595146012829662,buried_core,True,False,True,False,4.252944282448938,True,True,unassigned_manual_review,,not_annotated_no_domain_boundaries,,True,False
6E9F,A,VI-D,ternary,153,154,T,93.0,T,154.0,,THR,True,538,539,four_layer_exact,high,0.8846153846153846,0.1482806275912527,2.433867761775832,0.1153846153846154,Q,A;D;E;K;M;Q;R;S;T,differs_from_consensus,True,True,scaffold_differs_from_msa_consensus,0.23422443576045204,surface,True,False,True,False,4.3493427439637316,True,False,unassigned_manual_review,,not_annotated_no_domain_boundaries,,True,False
6E9F,A,VI-D,ternary,154,155,D,94.0,D,155.0,,ASP,True,554,555,four_layer_exact,high,0.9725274725274724,0.9028691190286912,0.4903819545334799,0.0274725274725274,D,D,matches_consensus,True,False,,0.0,buried_core,True,False,True,False,3.3092284506332197,True,True,unassigned_manual_review,,not_annotated_no_domain_boundaries,,True,False
6E9F,A,VI-D,ternary,155,156,M,95.0,M,156.0,,MET,True,555,556,four_layer_exact,high,0.9725274725274724,0.2636409626364095,2.1080298549867944,0.0274725274725274,Y,I;K;L;M;Q;Y,differs_from_consensus,True,True,scaffold_differs_from_msa_consensus,0.017233879699692586,buried_core,True,False,True,False,3.1891858696985107,True,True,unassigned_manual_review,,not_annotated_no_domain_boundaries,,True,False
6E9F,A,VI-D,ternary,156,157,L,96.0,L,157.0,,LEU,True,556,557,four_layer_exact,high,0.9725274725274724,0.5247524752475247,1.1047228506401456,0.0274725274725274,L,I;L,matches_consensus,True,False,,0.04205670404119111,buried_core,True,False,True,False,3.8707102268604427,True,True,unassigned_manual_review,,not_annotated_no_domain_boundaries,,True,False
6E9F,A,VI-D,ternary,157,158,C,97.0,C,158.0,,CYS,True,557,558,four_layer_exact,high,0.9725274725274724,0.4833417648334176,1.8605782609423995,0.0274725274725274,G,C;G;H;K;R,differs_from_consensus,True,True,scaffold_differs_from_msa_consensus,0.35054726078538273,surface,False,True,False,False,6.712180932928536,True,False,unassigned_manual_review,,not_annotated_no_domain_boundaries,,True,False
6E9F,A,VI-D,ternary,158,159,L,98.0,L,159.0,,LEU,True,558,559,four_layer_exact,high,0.9725274725274724,0.3790561537905615,1.857486521669793,0.0274725274725274,L,A;C;I;L;R,matches_consensus,True,False,,0.012016201154626033,buried_core,False,False,False,False,8.111070846609353,True,True,unassigned_manual_review,,not_annotated_no_domain_boundaries,,True,False
6E9F,A,VI-D,ternary,159,160,K,99.0,K,160.0,,LYS,True,559,560,four_layer_exact,high,0.9725274725274724,0.8161451181614511,0.5991945906047905,0.0274725274725274,K,K;R,matches_consensus,True,False,,0.04827136983240385,buried_core,False,True,False,False,5.174461570085847,True,True,unassigned_manual_review,,not_annotated_no_domain_boundaries,,True,False
6E9F,A,VI-D,ternary,160,161,P,100.0,P,161.0,,PRO,True,560,561,four_layer_exact,high,0.978021978021978,0.2618244455608985,2.1311095792334758,0.021978021978022,D,A;D;E;G;N;P;S,differs_from_consensus,True,True,scaffold_differs_from_msa_consensus,0.34937671659016445,surface,False,False,False,False,8.988836051849907,True,False,unassigned_manual_review,,not_annotated_no_domain_boundaries,,True,False
6E9F,A,VI-D,ternary,161,162,T,101.0,T,162.0,,THR,True,561,562,four_layer_exact,high,0.978021978021978,0.2204837436302303,2.3047630718212755,0.021978021978022,K,A;E;K;T;V,differs_from_consensus,True,True,scaffold_differs_from_msa_consensus,0.07089858628268321,buried_core,False,False,False,False,11.25081967730682,True,True,unassigned_manual_review,,not_annotated_no_domain_boundaries,,True,False
6E9F,A,VI-D,ternary,162,163,L,102.0,L,163.0,,LEU,True,562,563,four_layer_exact,high,0.978021978021978,0.7864063733582143,0.847668083666137,0.021978021978022,L,I;L,matches_consensus,True,False,,0.01802430173193905,buried_core,False,True,False,False,7.77376158645391,True,True,unassigned_manual_review,,not_annotated_no_domain_boundaries,,True,False
6E9F,A,VI-D,ternary,163,164,E,103.0,E,164.0,,GLU,True,563,564,four_layer_exact,high,0.978021978021978,0.9379889471039976,0.3591659995215883,0.021978021978022,E,E,matches_consensus,True,False,,0.004804748986828342,buried_core,False,True,False,False,7.971322881474551,True,True,unassigned_manual_review,,not_annotated_no_domain_boundaries,,True,False
6E9F,A,VI-D,ternary,164,165,K,104.0,K,165.0,,LYS,True,564,565,four_layer_exact,high,0.978021978021978,0.3764444125457546,1.8978953842065425,0.021978021978022,K,E;K;N;Q;R,matches_consensus,True,False,,0.3304132267806556,surface,False,False,False,False,12.928784026483944,True,False,unassigned_manual_review,,not_annotated_no_domain_boundaries,,True,False
6E9F,A,VI-D,ternary,165,166,K,105.0,K,166.0,,LYS,True,565,566,four_layer_exact,high,0.9725274725274724,0.2960179229601792,2.2327720619293143,0.0274725274725274,R,E;K;L;Q;R,differs_from_consensus,True,True,scaffold_differs_from_msa_consensus,0.18663413894446906,buried_core,False,False,False,False,14.532316582518181,True,True,unassigned_manual_review,,not_annotated_no_domain_boundaries,,True,False
6E9F,A,VI-D,ternary,166,167,F,106.0,F,167.0,,PHE,True,566,567,four_layer_exact,high,0.9725274725274724,0.3964009539640095,1.3154595161030895,0.0274725274725274,F,F;I;V;Y,matches_consensus,True,False,,0.030190705400997907,buried_core,False,False,False,False,11.48117716306552,True,True,unassigned_manual_review,,not_annotated_no_domain_boundaries,,True,False
6E9F,A,VI-D,ternary,167,168,F,107.0,F,168.0,,PHE,True,567,568,four_layer_exact,high,0.9725274725274724,0.9028691190286912,0.3824482483275325,0.0274725274725274,F,F;Y,matches_consensus,True,False,,0.0,buried_core,False,False,False,False,11.833442123872706,True,True,unassigned_manual_review,,not_annotated_no_domain_boundaries,,True,False
6E9F,A,VI-D,ternary,168,169,G,108.0,G,169.0,,GLY,True,572,573,four_layer_exact,high,0.967032967032967,0.8509569900298377,0.6669910387731421,0.0329670329670329,G,D;G,matches_consensus,True,False,,0.491746127406723,surface,False,False,False,False,17.061704724759924,True,False,unassigned_manual_review,,not_annotated_no_domain_boundaries,,True,False
6E9F,A,VI-D,ternary,169,170,K,109.0,K,170.0,,LYS,True,577,578,four_layer_exact,high,0.956043956043956,0.4437965901542549,1.8169639891654,0.0439560439560439,K,E;K;Q;R,matches_consensus,True,False,,0.6627775423411898,surface,False,False,False,False,14.167382669092802,True,False,unassigned_manual_review,,not_annotated_no_domain_boundaries,,True,False
6E9F,A,VI-D,ternary,170,171,E,110.0,E,171.0,,GLU,True,578,579,four_layer_exact,high,0.956043956043956,0.4310281201564691,1.8581568467619405,0.0439560439560439,T,E;K;N;S;T,differs_from_consensus,True,True,scaffold_differs_from_msa_consensus,0.4666180801443996,surface,False,False,False,False,13.34691678216267,True,False,unassigned_manual_review,,not_annotated_no_domain_boundaries,,True,False
6E9F,A,VI-D,ternary,171,172,F,111.0,F,172.0,,PHE,True,579,580,four_layer_exact,high,0.956043956043956,0.7874381873200974,0.7486458359144552,0.0439560439560439,F,F;Y,matches_consensus,True,False,,0.24080915064345454,surface,False,False,False,False,11.569963454027832,True,False,unassigned_manual_review,,not_annotated_no_domain_boundaries,,True,False
6E9F,A,VI-D,ternary,172,173,D,112.0,D,173.0,,ASP,True,589,590,four_layer_exact,high,0.9505494505494504,0.2982234445848509,1.8617780241960429,0.0494505494505495,D,D;E;K;N;Q;S,matches_consensus,True,False,,0.4623398892109169,surface,False,False,False,False,10.221649049598945,True,False,unassigned_manual_review,,not_annotated_no_domain_boundaries,,True,False
6E9F,A,VI-D,ternary,173,174,D,113.0,D,174.0,,ASP,True,592,593,four_layer_exact,high,0.9725274725274724,0.9028691190286912,0.4422919571830753,0.0274725274725274,D,D,matches_consensus,True,False,,0.0062571410157508615,buried_core,False,True,False,False,6.90789172037336,True,True,unassigned_manual_review,,not_annotated_no_domain_boundaries,,True,False
6E9F,A,VI-D,ternary,174,175,N,114.0,N,175.0,,ASN,True,593,594,four_layer_exact,high,0.9725274725274724,0.8818385488183854,0.4780332910855459,0.0274725274725274,N,N;S,matches_consensus,True,False,,0.0,buried_core,True,False,True,False,2.6971975896588716,True,True,unassigned_manual_review,,not_annotated_no_domain_boundaries,,True,False
6E9F,A,VI-D,ternary,175,176,I,115.0,I,176.0,,ILE,True,594,595,four_layer_exact,high,0.9725274725274724,0.6461660764616607,1.0064735926327066,0.0274725274725274,I,I;L;V,matches_consensus,True,False,,0.0,buried_core,False,True,False,False,6.775921225892403,True,True,unassigned_manual_review,,not_annotated_no_domain_boundaries,,True,False
6E9F,A,VI-D,ternary,176,177,H,116.0,H,177.0,,HIS,True,595,596,four_layer_exact,high,0.9725274725274724,0.7641107176411072,0.7909641595037971,0.0274725274725274,H,H;R,matches_consensus,True,False,,0.0,buried_core,False,True,False,False,7.14680862967048,True,True,unassigned_manual_review,,not_annotated_no_domain_boundaries,,True,False
6E9F,A,VI-D,ternary,177,178,I,117.0,I,178.0,,ILE,True,596,597,four_layer_exact,high,0.9725274725274724,0.7294211172942111,0.7432855236723085,0.0274725274725274,I,I;V,matches_consensus,True,False,,0.0,buried_core,True,False,True,False,3.425199489497288,True,True,unassigned_manual_review,,not_annotated_no_domain_boundaries,,True,False
6E9F,A,VI-D,ternary,178,179,Q,118.0,Q,179.0,,GLN,True,597,598,four_layer_exact,high,0.9725274725274724,0.9791862397918624,0.1011894487526793,0.0274725274725274,Q,Q,matches_consensus,True,False,,0.0,buried_core,True,False,True,False,3.235794488650665,True,True,unassigned_manual_review,,not_annotated_no_domain_boundaries,,True,False
6E9F,A,VI-D,ternary,179,180,L,119.0,L,180.0,,LEU,True,598,599,four_layer_exact,high,0.9725274725274724,0.5064681650646816,1.0732635696041648,0.0274725274725274,I,I;L,differs_from_consensus,True,True,scaffold_differs_from_msa_consensus,0.0,buried_core,False,True,False,False,5.6534622970015995,True,True,unassigned_manual_review,,not_annotated_no_domain_boundaries,,True,False
6E9F,A,VI-D,ternary,180,181,I,120.0,I,181.0,,ILE,True,599,600,four_layer_exact,high,0.9725274725274724,0.549035195490352,0.9937481707190128,0.0274725274725274,I,A;I,matches_consensus,True,False,,0.0,buried_core,False,True,False,False,6.958077687146872,True,True,unassigned_manual_review,,not_annotated_no_domain_boundaries,,True,False
6E9F,A,VI-D,ternary,181,182,Y,121.0,Y,182.0,,TYR,True,600,601,four_layer_exact,high,0.9725274725274724,0.7918623979186239,0.7195081984231031,0.0274725274725274,Y,H;Y,matches_consensus,True,False,,0.06273113098337355,buried_core,True,False,True,False,3.5682609648655967,True,True,unassigned_manual_review,,not_annotated_no_domain_boundaries,,True,False
6E9F,A,VI-D,ternary,182,183,N,122.0,N,183.0,,ASN,True,601,602,four_layer_exact,high,0.9725274725274724,0.7710486377104863,0.9327503258970568,0.0274725274725274,N,N;Q,matches_consensus,True,False,,0.021978646647440418,buried_core,True,False,True,False,4.140923538592058,True,True,unassigned_manual_review,,not_annotated_no_domain_boundaries,,True,False
6E9F,A,VI-D,ternary,183,184,I,123.0,I,184.0,,ILE,True,602,603,four_layer_exact,high,0.9725274725274724,0.8473657584736575,0.5720383016931849,0.0274725274725274,I,I;V,matches_consensus,True,False,,0.0,buried_core,False,False,False,False,8.704719122275419,True,True,unassigned_manual_review,,not_annotated_no_domain_boundaries,,True,False
6E9F,A,VI-D,ternary,184,185,L,124.0,L,185.0,,LEU,True,603,604,four_layer_exact,high,0.9725274725274724,0.7224831972248319,1.1142788584799177,0.0274725274725274,L,F;L;M,matches_consensus,True,False,,0.09409723323734863,buried_core,False,True,False,False,7.082029094328489,True,True,unassigned_manual_review,,not_annotated_no_domain_boundaries,,True,False
6E9F,A,VI-D,ternary,185,186,D,125.0,D,186.0,,ASP,True,604,605,four_layer_exact,high,0.9725274725274724,0.9859073498590736,0.0838238025531242,0.0274725274725274,D,D,matches_consensus,True,False,,0.06329889232784144,buried_core,True,False,True,False,2.8435196914469074,True,True,unassigned_manual_review,,not_annotated_no_domain_boundaries,,True,False
6E9F,A,VI-D,ternary,186,187,I,126.0,I,187.0,,ILE,True,605,606,four_layer_exact,high,0.9725274725274724,0.8612415986124159,0.59589947731441,0.0274725274725274,I,I;V,matches_consensus,True,False,,0.012260184934415394,buried_core,False,True,False,False,7.284741933899259,True,True,unassigned_manual_review,,not_annotated_no_domain_boundaries,,True,False
6E9F,A,VI-D,ternary,187,188,E,127.0,E,188.0,,GLU,True,606,607,four_layer_exact,high,0.9725274725274724,0.4241526342415263,1.824311774719388,0.0274725274725274,E,E;K;N;Q,matches_consensus,True,False,,0.0583478564685412,buried_core,False,True,False,False,7.974048641918477,True,True,unassigned_manual_review,,not_annotated_no_domain_boundaries,,True,False
6E9F,A,VI-D,ternary,188,189,K,128.0,K,189.0,,LYS,True,607,608,four_layer_exact,high,0.9725274725274724,0.9861241598612416,0.0731345002932976,0.0274725274725274,K,K,matches_consensus,True,False,,0.0712530785454092,buried_core,True,False,True,False,2.679635822481039,True,True,unassigned_manual_review,,not_annotated_no_domain_boundaries,,True,False
6E9F,A,VI-D,ternary,189,190,I,129.0,I,190.0,,ILE,True,608,609,four_layer_exact,high,0.9725274725274724,0.7710486377104863,0.9794433374117556,0.0274725274725274,I,I;V,matches_consensus,True,False,,0.1532523116801924,buried_core,False,True,False,False,5.293174284192075,True,True,unassigned_manual_review,,not_annotated_no_domain_boundaries,,True,False
6E9F,A,VI-D,ternary,190,191,L,130.0,L,191.0,,LEU,True,609,610,four_layer_exact,high,0.9725274725274724,0.7014526270145263,0.961400111587987,0.0274725274725274,L,F;I;L,matches_consensus,True,False,,0.0,buried_core,False,False,False,False,8.739270882858357,True,True,unassigned_manual_review,,not_annotated_no_domain_boundaries,,True,False
6E9F,A,VI-D,ternary,191,192,A,131.0,A,192.0,,ALA,True,610,611,four_layer_exact,high,0.9725274725274724,0.4276215942762159,1.6201183849636598,0.0274725274725274,A,A;G;S;T,matches_consensus,True,False,,0.0,buried_core,False,False,False,False,8.880404805872523,True,True,unassigned_manual_review,,not_annotated_no_domain_boundaries,,True,False
6E9F,A,VI-D,ternary,192,193,V,132.0,V,193.0,,VAL,True,611,612,four_layer_exact,high,0.978021978021978,0.3401110390078593,2.1266266094351343,0.021978021978022,V,E;I;L;P;T;V,matches_consensus,True,False,,0.11798666478550905,buried_core,False,True,False,False,5.995393130061617,True,True,unassigned_manual_review,,not_annotated_no_domain_boundaries,,True,False
6E9F,A,VI-D,ternary,193,194,Y,133.0,Y,194.0,,TYR,True,612,613,four_layer_exact,high,0.978021978021978,0.63638330088687,1.1764477779997191,0.021978021978022,Y,H;Y,matches_consensus,True,False,,0.12429067486612316,buried_core,False,True,False,False,6.9952606685669565,True,True,unassigned_manual_review,,not_annotated_no_domain_boundaries,,True,False
6E9F,A,VI-D,ternary,194,195,S,134.0,S,195.0,,SER,True,613,614,four_layer_exact,high,0.978021978021978,0.4083928185161151,1.5821683639735211,0.021978021978022,I,A;I;S;V,differs_from_consensus,True,True,scaffold_differs_from_msa_consensus,0.014703788645823465,buried_core,False,False,False,False,11.890688798266906,True,True,unassigned_manual_review,,not_annotated_no_domain_boundaries,,True,False
6E9F,A,VI-D,ternary,195,196,T,135.0,T,196.0,,THR,True,614,615,four_layer_exact,high,0.9725274725274724,0.6029187540840776,1.356439458939927,0.0274725274725274,N,N;T,differs_from_consensus,True,True,scaffold_differs_from_msa_consensus,0.024917651722388846,buried_core,False,False,False,False,11.967027015078308,True,True,unassigned_manual_review,,not_annotated_no_domain_boundaries,,True,False
6E9F,A,VI-D,ternary,196,197,N,136.0,N,197.0,,ASN,True,615,616,four_layer_exact,high,0.978021978021978,0.6227557862859615,1.220235102878004,0.021978021978022,N,D;N,matches_consensus,True,False,,0.01110280731680681,buried_core,False,False,False,False,10.178103147326315,True,True,unassigned_manual_review,,not_annotated_no_domain_boundaries,,True,False
6E9F,A,VI-D,ternary,197,198,A,137.0,A,198.0,,ALA,True,616,617,four_layer_exact,high,0.978021978021978,0.6748864373783258,0.987056587698443,0.021978021978022,I,A;I;V,differs_from_consensus,True,True,scaffold_differs_from_msa_consensus,0.0,buried_core,False,False,False,False,14.525187928555967,True,True,unassigned_manual_review,,not_annotated_no_domain_boundaries,,True,False
6E9F,A,VI-D,ternary,198,199,I,138.0,I,199.0,,ILE,True,617,618,four_layer_exact,high,0.978021978021978,0.4605234696084793,1.4637418878752475,0.021978021978022,V,I;L;T;V,differs_from_consensus,True,True,scaffold_differs_from_msa_consensus,0.06130092467207697,buried_core,False,False,False,False,16.630813995822034,True,True,unassigned_manual_review,,not_annotated_no_domain_boundaries,,True,False
6E9F,A,VI-D,ternary,199,200,Y,139.0,Y,200.0,,TYR,True,618,619,four_layer_exact,high,0.978021978021978,0.6400605667315596,1.2786003477419858,0.021978021978022,Y,F;Y,matches_consensus,True,False,,0.016295954738596508,buried_core,False,False,False,False,15.943131504053385,True,True,unassigned_manual_review,,not_annotated_no_domain_boundaries,,True,False
6E9F,A,VI-D,ternary,200,201,A,140.0,A,201.0,,ALA,True,619,620,four_layer_exact,high,0.978021978021978,0.3874107722258273,1.8668297053550893,0.021978021978022,A,A;I;M;S;T,matches_consensus,True,False,,0.009361459039069119,buried_core,False,False,False,False,15.354436052713035,True,True,unassigned_manual_review,,not_annotated_no_domain_boundaries,,True,False
6E9F,A,VI-D,ternary,201,202,L,141.0,L,202.0,,LEU,True,626,627,four_layer_exact,high,0.978021978021978,0.4150984209387843,1.4610470414168355,0.021978021978022,L,F;I;L;V,matches_consensus,True,False,,0.005330641910759803,buried_core,False,False,False,False,18.42237337984976,True,True,unassigned_manual_review,,not_annotated_no_domain_boundaries,,True,False
6E9F,A,VI-D,ternary,202,203,N,142.0,N,203.0,,ASN,True,627,628,four_layer_exact,high,0.978021978021978,0.5293099718797317,1.5383120879550498,0.021978021978022,N,D;N;Y,matches_consensus,True,False,,0.07817358718999405,buried_core,False,False,False,False,20.70539239246625,True,True,unassigned_manual_review,,not_annotated_no_domain_boundaries,,True,False
6E9F,A,VI-D,ternary,203,204,N,143.0,N,204.0,,ASN,True,628,629,four_layer_exact,high,0.978021978021978,0.8061864590093013,0.8667451873659544,0.021978021978022,N,H;N,matches_consensus,True,False,,0.0054946616618601046,buried_core,False,False,False,False,18.565484247133867,True,True,unassigned_manual_review,,not_annotated_no_domain_boundaries,,True,False
6E9F,A,VI-D,ternary,204,205,M,144.0,M,205.0,,MET,True,629,630,four_layer_exact,high,0.9835164835164836,0.6228373702422145,1.1990834743759282,0.0164835164835165,L,I;L;M;V,differs_from_consensus,True,True,scaffold_differs_from_msa_consensus,0.010174496607601058,buried_core,False,False,False,False,16.556933994293292,True,True,unassigned_manual_review,,not_annotated_no_domain_boundaries,,True,False
6E9F,A,VI-D,ternary,205,206,S,145.0,S,206.0,,SER,True,630,631,four_layer_exact,high,0.9835164835164836,0.1695501730103806,2.6246834244920807,0.0164835164835165,L,A;D;F;L;N;Q;R;S,differs_from_consensus,True,True,scaffold_differs_from_msa_consensus,0.20222354891466635,surface,False,False,False,False,23.138963880319583,True,False,unassigned_manual_review,,not_annotated_no_domain_boundaries,,True,False
6E9F,A,VI-D,ternary,206,207,A,146.0,A,207.0,,ALA,True,631,632,four_layer_exact,high,0.9615384615384616,0.5195729537366548,1.7704840240886426,0.0384615384615384,R,D;G;N;R,differs_from_consensus,True,True,scaffold_differs_from_msa_consensus,0.1256438337435504,buried_core,False,False,False,False,22.961623139445848,True,True,unassigned_manual_review,,not_annotated_no_domain_boundaries,,True,False
6E9F,A,VI-D,ternary,207,208,D,147.0,D,208.0,,ASP,True,633,634,four_layer_exact,high,0.8956043956043956,0.1625806451612903,2.560474128027858,0.1043956043956043,D,A;D;E;G;K;N;R;S;T,matches_consensus,True,False,,0.2395171074530001,surface,False,False,False,False,25.780568028845238,True,False,unassigned_manual_review,,not_annotated_no_domain_boundaries,,True,False
6E9F,A,VI-D,ternary,208,209,E,148.0,E,209.0,,GLU,True,634,635,four_layer_exact,high,0.8956043956043956,0.2474870298313878,2.3402382182330475,0.1043956043956043,E,D;E;G;K;N;S,matches_consensus,True,False,,0.5274616290872401,surface,False,False,False,False,25.801467192419565,True,False,unassigned_manual_review,,not_annotated_no_domain_boundaries,,True,False
6E9F,A,VI-D,ternary,209,210,N,149.0,N,210.0,,ASN,True,635,636,four_layer_exact,high,0.6703296703296703,0.1506591337099811,2.524932108101712,0.3296703296703297,D,A;D;E;G;I;N;R;S;T,differs_from_consensus,False,True,scaffold_differs_from_msa_consensus,0.4766963761318958,surface,False,False,False,False,27.63667018203819,True,False,unassigned_manual_review,,not_annotated_no_domain_boundaries,,False,False
6E9F,A,VI-D,ternary,210,211,I,150.0,I,211.0,,ILE,True,636,637,four_layer_exact,high,0.6538461538461539,0.2962962962962963,2.4002029059513537,0.3461538461538461,D,D;E;K;N;S,differs_from_consensus,False,True,scaffold_differs_from_msa_consensus,0.4831625338796794,surface,False,False,False,False,27.660634719881184,True,False,unassigned_manual_review,,not_annotated_no_domain_boundaries,,False,False
6E9F,A,VI-D,ternary,211,212,E,151.0,E,212.0,,GLU,True,637,638,four_layer_exact,high,0.6208791208791209,0.4591194968553459,1.914095276075878,0.3791208791208791,E,D;E;I;K;T;V,matches_consensus,False,False,,0.03668636380414809,buried_core,False,False,False,False,24.579679705634046,True,True,unassigned_manual_review,,not_annotated_no_domain_boundaries,,False,False
6E9F,A,VI-D,ternary,212,213,N,152.0,N,213.0,,ASN,True,666,667,four_layer_exact,high,0.7967032967032966,0.1409691629955947,2.612920646123284,0.2032967032967033,D,D;E;G;K;N;P;S;T;Y,differs_from_consensus,False,True,scaffold_differs_from_msa_consensus,0.5684472501199797,surface,False,False,False,False,25.212762796097195,True,False,unassigned_manual_review,,not_annotated_no_domain_boundaries,,False,False
6E9F,A,VI-D,ternary,213,214,S,153.0,S,214.0,,SER,True,667,668,four_layer_exact,high,0.9615384615384616,0.192170818505338,2.5580005415999194,0.0384615384615384,E,D;E;G;K;N;S;T,differs_from_consensus,True,True,scaffold_differs_from_msa_consensus,0.3168289299909808,surface,False,False,False,False,23.77065002754856,True,False,unassigned_manual_review,,not_annotated_no_domain_boundaries,,True,False
6E9F,A,VI-D,ternary,214,215,D,154.0,D,215.0,,ASP,True,668,669,four_layer_exact,high,0.9835164835164836,0.944636678200692,0.2547406375754432,0.0164835164835165,D,D,matches_consensus,True,False,,0.433991003544394,surface,False,False,False,False,22.59710988854762,True,False,unassigned_manual_review,,not_annotated_no_domain_boundaries,,True,False
6E9F,A,VI-D,ternary,215,216,F,155.0,F,216.0,,PHE,True,669,670,four_layer_exact,high,0.9835164835164836,0.3181228373702422,1.8410987589276655,0.0164835164835165,F,F;I;L;V;Y,matches_consensus,True,False,,0.07955821595828351,buried_core,False,False,False,False,25.12160682555123,True,True,unassigned_manual_review,,not_annotated_no_domain_boundaries,,True,False
6E9F,A,VI-D,ternary,216,217,F,156.0,F,217.0,,PHE,True,670,671,four_layer_exact,high,0.9835164835164836,0.5247981545559401,1.3844867958828906,0.0164835164835165,I,F;I;L;V,differs_from_consensus,True,True,scaffold_differs_from_msa_consensus,0.034272157856786646,buried_core,False,False,False,False,22.22124294770401,True,True,unassigned_manual_review,,not_annotated_no_domain_boundaries,,True,False
6E9F,A,VI-D,ternary,217,218,M,157.0,M,218.0,,MET,True,675,676,four_layer_exact,high,0.956043956043956,0.8924731182795699,0.5329649423499991,0.0439560439560439,G,G,differs_from_consensus,True,True,scaffold_differs_from_msa_consensus,0.21310303737239947,surface,False,False,False,False,17.631197951818415,True,False,unassigned_manual_review,,not_annotated_no_domain_boundaries,,True,False
6E9F,A,VI-D,ternary,218,219,K,158.0,K,219.0,,LYS,True,677,678,four_layer_exact,high,0.945054945054945,0.2382671480144404,2.31862657470561,0.0549450549450549,Y,G;M;N;S;T;Y,differs_from_consensus,True,True,scaffold_differs_from_msa_consensus,0.33514797964094717,surface,False,False,False,False,23.817736840976323,True,False,unassigned_manual_review,,not_annotated_no_domain_boundaries,,True,False
6E9F,A,VI-D,ternary,219,220,R,159.0,R,220.0,,ARG,True,678,679,four_layer_exact,high,0.9505494505494504,0.4838709677419355,1.5113316420864789,0.0494505494505495,L,F;I;L;M,differs_from_consensus,True,True,scaffold_differs_from_msa_consensus,0.027615333227717895,buried_core,False,False,False,False,23.9011776241592,True,True,unassigned_manual_review,,not_annotated_no_domain_boundaries,,True,False
6E9F,A,VI-D,ternary,220,221,T,160.0,T,221.0,,THR,True,679,680,four_layer_exact,high,0.8406593406593407,0.3015167364016736,2.168871405821139,0.1593406593406593,S,G;K;N;P;R;S;T;Y,differs_from_consensus,True,True,scaffold_differs_from_msa_consensus,0.24484258056781993,surface,False,False,False,False,25.68420751890997,True,False,unassigned_manual_review,,not_annotated_no_domain_boundaries,,True,False
6E9F,A,VI-D,ternary,221,222,T,161.0,T,222.0,,THR,True,680,681,four_layer_exact,high,0.7802197802197802,0.3745199692780338,2.120855394358002,0.2197802197802197,T,A;F;L;S;T;V;Y,matches_consensus,False,False,,0.09967060688955538,buried_core,False,False,False,False,25.618224519140615,True,True,unassigned_manual_review,,not_annotated_no_domain_boundaries,,False,False
6E9F,A,VI-D,ternary,222,223,D,162.0,D,223.0,,ASP,True,688,689,four_layer_exact,high,0.7252747252747253,0.123076923076923,2.685364474835372,0.2747252747252747,D,D;G;K;L;N;Q;R;S;T,matches_consensus,False,False,,0.6691997340877976,surface,False,False,False,False,27.902284556094482,True,False,unassigned_manual_review,,not_annotated_no_domain_boundaries,,False,False
6E9F,A,VI-D,ternary,223,224,E,163.0,E,224.0,,GLU,True,689,690,four_layer_exact,high,0.7362637362637363,0.3922738693467337,2.1847113390248687,0.2637362637362637,N,D;I;K;N;V;Y,differs_from_consensus,False,True,scaffold_differs_from_msa_consensus,0.16885708316559309,buried_core,False,False,False,False,30.367094071843162,True,True,unassigned_manual_review,,not_annotated_no_domain_boundaries,,False,False
6E9F,A,VI-D,ternary,224,225,T,164.0,T,225.0,,THR,True,690,691,four_layer_exact,high,0.7692307692307693,0.3679245283018867,1.9994576928039347,0.2307692307692307,T,D;K;P;S;T,matches_consensus,False,False,,0.1583184430291238,buried_core,False,False,False,False,33.25859681491929,True,True,unassigned_manual_review,,not_annotated_no_domain_boundaries,,False,False
6E9F,A,VI-D,ternary,225,226,F,165.0,F,226.0,,PHE,True,692,693,four_layer_exact,high,0.8516483516483516,0.8068415637860082,0.6570525118176964,0.1483516483516483,Y,F;Y,differs_from_consensus,True,True,scaffold_differs_from_msa_consensus,0.03474732374564211,buried_core,False,False,False,False,32.922163139247814,True,True,unassigned_manual_review,,not_annotated_no_domain_boundaries,,True,False
6E9F,A,VI-D,ternary,226,227,D,166.0,D,227.0,,ASP,True,705,706,four_layer_exact,high,0.9175824175824177,0.2679245283018868,2.1500797832958343,0.0824175824175824,E,A;D;E;K;Q;S,differs_from_consensus,True,True,scaffold_differs_from_msa_consensus,0.4499578470691445,surface,False,False,False,False,36.17604370052991,True,False,unassigned_manual_review,,not_annotated_no_domain_boundaries,,True,False
6E9F,A,VI-D,ternary,227,228,D,167.0,D,228.0,,ASP,True,706,707,four_layer_exact,high,0.9230769230769232,0.1423220973782771,2.474100316647014,0.0769230769230768,K,A;D;E;K;N;Q;S;T;V,differs_from_consensus,True,True,scaffold_differs_from_msa_consensus,0.3111897603610048,surface,False,False,False,False,35.42423118328278,True,False,unassigned_manual_review,,not_annotated_no_domain_boundaries,,True,False
6E9F,A,VI-D,ternary,228,229,F,168.0,F,229.0,,PHE,True,707,708,four_layer_exact,high,0.9230769230769232,0.4342228464419476,1.7561895836793948,0.0769230769230768,F,F;I;L;V;Y,matches_consensus,True,False,,0.0,buried_core,False,False,False,False,32.96715382562376,True,True,unassigned_manual_review,,not_annotated_no_domain_boundaries,,True,False
6E9F,A,VI-D,ternary,229,230,E,169.0,E,230.0,,GLU,True,743,744,four_layer_exact,high,0.5604395604395604,0.2530413625304136,2.231738306569456,0.4395604395604395,E,D;E;K;N;Q;S;T,matches_consensus,False,False,,0.2993564188838906,surface,False,False,False,False,36.46139814554793,True,False,unassigned_manual_review,,not_annotated_no_domain_boundaries,,False,False
6E9F,A,VI-D,ternary,230,231,K,170.0,K,231.0,,LYS,True,744,745,four_layer_exact,high,0.3791208791208791,0.2129629629629629,2.343535210906453,0.6208791208791209,D,A;D;E;K;N;P;R;S;V,differs_from_consensus,False,True,scaffold_differs_from_msa_consensus,0.5812324465206211,surface,False,False,False,False,39.80419107549883,True,False,unassigned_manual_review,,not_annotated_no_domain_boundaries,,False,False
6E9F,A,VI-D,ternary,231,232,K,171.0,K,232.0,,LYS,True,745,746,four_layer_exact,high,0.3901098901098901,0.175438596491228,2.3080875510354337,0.6098901098901099,D,D;G;I;K;L;N;R,differs_from_consensus,False,True,scaffold_differs_from_msa_consensus,0.1499311782092451,buried_core,False,False,False,False,32.86381935729548,True,True,unassigned_manual_review,,not_annotated_no_domain_boundaries,,False,False
6E9F,A,VI-D,ternary,232,233,K,172.0,K,233.0,,LYS,True,746,747,four_layer_exact,high,0.3626373626373626,0.174757281553398,2.49492349552644,0.6373626373626373,E,A;D;E;G;K;N;Q;S;T;V,differs_from_consensus,False,True,scaffold_differs_from_msa_consensus,0.42007193823145134,surface,False,False,False,False,40.023442910531855,True,False,unassigned_manual_review,,not_annotated_no_domain_boundaries,,False,False
6E9F,A,VI-D,ternary,233,234,E,173.0,E,234.0,,GLU,True,747,748,four_layer_exact,high,0.3736263736263736,0.5045871559633027,1.4819618708788802,0.6263736263736264,K,A;E;I;K;R;V,differs_from_consensus,False,True,scaffold_differs_from_msa_consensus,0.5704147235787499,surface,False,False,False,False,42.71429340853465,True,False,unassigned_manual_review,,not_annotated_no_domain_boundaries,,False,False
6E9F,A,VI-D,ternary,234,235,S,174.0,S,235.0,,SER,True,757,758,four_layer_exact,high,0.6483516483516484,0.2745098039215686,2.2140650838006617,0.3516483516483516,K,A;D;K;N;R;S,differs_from_consensus,False,True,scaffold_differs_from_msa_consensus,0.13233409781241115,buried_core,False,False,False,False,39.46739340720004,True,True,unassigned_manual_review,,not_annotated_no_domain_boundaries,,False,False
6E9F,A,VI-D,ternary,235,236,T,175.0,T,236.0,,THR,True,758,759,four_layer_exact,high,0.7032967032967034,0.3263157894736842,2.0183308491572056,0.2967032967032966,N,A;D;K;N;R;S;T,differs_from_consensus,False,True,scaffold_differs_from_msa_consensus,0.8123926270447428,surface,False,False,False,False,41.51995169851809,True,False,unassigned_manual_review,,not_annotated_no_domain_boundaries,,False,False
6E9F,A,VI-D,ternary,236,237,N,176.0,N,237.0,,ASN,True,759,760,four_layer_exact,high,0.7142857142857143,0.2268041237113402,2.4667628755816917,0.2857142857142857,I,A;F;I;L;N;R;V,differs_from_consensus,False,True,scaffold_differs_from_msa_consensus,0.41510285833048727,surface,False,False,False,False,36.37045617808771,True,False,unassigned_manual_review,,not_annotated_no_domain_boundaries,,False,False
6E9F,A,VI-D,ternary,237,238,S,177.0,S,238.0,,SER,True,760,761,four_layer_exact,high,0.7252747252747253,0.1616161616161616,2.4705730625141404,0.2747252747252747,N,A;D;E;G;K;N;R;S;T,differs_from_consensus,False,True,scaffold_differs_from_msa_consensus,0.6289189600132487,surface,False,False,False,False,36.64986709095941,True,False,unassigned_manual_review,,not_annotated_no_domain_boundaries,,False,False
6E9F,A,VI-D,ternary,238,239,R,178.0,R,239.0,,ARG,True,761,762,four_layer_exact,high,0.7252747252747253,0.3163265306122449,2.216312346365829,0.2747252747252747,K,D;E;K;N;R;S,differs_from_consensus,False,True,scaffold_differs_from_msa_consensus,0.6573395546731586,surface,False,False,False,False,28.95598718044616,True,False,unassigned_manual_review,,not_annotated_no_domain_boundaries,,False,False
6E9F,A,VI-D,ternary,239,240,E,179.0,E,240.0,,GLU,True,762,763,four_layer_exact,high,0.7802197802197802,0.213953488372093,2.484878606258631,0.2197802197802197,S,A;I;K;L;N;Q;S;V,differs_from_consensus,False,True,scaffold_differs_from_msa_consensus,0.3785144104955615,surface,False,False,False,False,34.982462411462805,True,False,unassigned_manual_review,,not_annotated_no_domain_boundaries,,False,False
6E9F,A,VI-D,ternary,240,241,K,180.0,K,241.0,,LYS,True,763,764,four_layer_exact,high,0.7857142857142857,0.4128440366972477,1.8907203716128045,0.2142857142857143,K,K;R;Y,matches_consensus,False,False,,0.3563484585667002,surface,False,False,False,False,36.94424552213064,True,False,unassigned_manual_review,,not_annotated_no_domain_boundaries,,False,False
6E9F,A,VI-D,ternary,241,242,A,181.0,A,242.0,,ALA,True,764,765,four_layer_exact,high,0.8131868131868132,0.1938325991189427,2.164355216127221,0.1868131868131868,E,A;D;E;K;N;R;S,differs_from_consensus,True,True,scaffold_differs_from_msa_consensus,0.44213255352501935,surface,False,False,False,False,34.194667805532234,True,False,unassigned_manual_review,,not_annotated_no_domain_boundaries,,True,False
6E9F,A,VI-D,ternary,242,243,D,182.0,D,243.0,,ASP,True,765,766,four_layer_exact,high,0.7307692307692307,0.2081218274111675,2.5933707260581027,0.2692307692307693,K,A;D;E;F;K;L;N;S;T,differs_from_consensus,False,True,scaffold_differs_from_msa_consensus,0.03613176638489692,buried_core,False,False,False,False,29.97867927282479,True,True,unassigned_manual_review,,not_annotated_no_domain_boundaries,,False,False
6E9F,A,VI-D,ternary,243,244,F,183.0,F,244.0,,PHE,True,766,767,four_layer_exact,high,0.2747252747252747,0.2105263157894736,2.287721822767132,0.7252747252747253,E,A;D;E;F;H;I;K;L;M;R;S;V,differs_from_consensus,False,True,scaffold_differs_from_msa_consensus,0.05031784233499651,buried_core,False,False,False,False,34.38207032949233,True,True,unassigned_manual_review,,not_annotated_no_domain_boundaries,,False,False
6E9F,A,VI-D,ternary,244,245,D,184.0,D,245.0,,ASP,True,806,807,four_layer_exact,high,0.2582417582417582,0.25,1.9600951351245584,0.7417582417582418,E,A;D;E;I;K;N;P;R,differs_from_consensus,False,True,scaffold_differs_from_msa_consensus,0.31248618007759804,surface,False,False,False,False,33.189807350501454,True,False,unassigned_manual_review,,not_annotated_no_domain_boundaries,,False,False
6E9F,A,VI-D,ternary,245,246,A,185.0,A,246.0,,ALA,True,807,808,four_layer_exact,high,0.2747252747252747,0.3004694835680751,1.8209748275094757,0.7252747252747253,K,A;C;D;I;K;N;R;S,differs_from_consensus,False,True,scaffold_differs_from_msa_consensus,0.2921776633289686,surface,False,False,False,False,29.90137175547181,True,False,unassigned_manual_review,,not_annotated_no_domain_boundaries,,False,False
6E9F,A,VI-D,ternary,246,247,F,186.0,F,247.0,,PHE,True,808,809,four_layer_exact,high,0.7967032967032966,0.6947869955156951,1.085834884972082,0.2032967032967033,F,F;L;Y,matches_consensus,False,False,,0.03522248963449756,buried_core,False,False,False,False,29.82342024414884,True,True,unassigned_manual_review,,not_annotated_no_domain_boundaries,,False,False
6E9F,A,VI-D,ternary,247,248,E,187.0,E,248.0,,GLU,True,847,848,four_layer_exact,high,0.8791208791208791,0.272,2.3570440080535624,0.1208791208791209,E,D;E;K;L;Q,matches_consensus,True,False,,0.39239827772410774,surface,False,False,False,False,31.079820248716782,True,False,unassigned_manual_review,,not_annotated_no_domain_boundaries,,True,False
6E9F,A,VI-D,ternary,248,249,K,188.0,K,249.0,,LYS,True,848,849,four_layer_exact,high,0.8901098901098901,0.2125984251968504,2.259972308387499,0.1098901098901099,E,A;D;E;K;N;Q,differs_from_consensus,True,True,scaffold_differs_from_msa_consensus,0.4688373368204655,surface,False,False,False,False,28.134297239736977,True,False,unassigned_manual_review,,not_annotated_no_domain_boundaries,,True,False
6E9F,A,VI-D,ternary,249,250,F,189.0,F,250.0,,PHE,True,853,854,four_layer_exact,high,0.989010989010989,0.3931034482758621,1.7026153784520743,0.0109890109890109,L,F;I;L;V;Y,differs_from_consensus,True,True,scaffold_differs_from_msa_consensus,0.055349626568496166,buried_core,False,False,False,False,22.7772775403621,True,True,unassigned_manual_review,,not_annotated_no_domain_boundaries,,True,False
6E9F,A,VI-D,ternary,250,251,I,190.0,I,251.0,,ILE,True,854,855,four_layer_exact,high,0.9835164835164836,0.3819444444444444,1.902525130550066,0.0164835164835165,L,I;L;M;V;Y,differs_from_consensus,True,True,scaffold_differs_from_msa_consensus,0.22603137202916174,surface,False,False,False,False,27.283901075281477,True,False,unassigned_manual_review,,not_annotated_no_domain_boundaries,,True,False
6E9F,A,VI-D,ternary,251,252,G,191.0,G,252.0,,GLY,True,855,856,four_layer_exact,high,0.9725274725274724,0.3218968531468531,2.266836153858927,0.0274725274725274,K,D;E;K;N;R;S,differs_from_consensus,True,True,scaffold_differs_from_msa_consensus,0.5276780933821563,surface,False,False,False,False,26.980222103009037,True,False,unassigned_manual_review,,not_annotated_no_domain_boundaries,,True,False
6E9F,A,VI-D,ternary,252,253,N,192.0,N,253.0,,ASN,True,859,860,four_layer_exact,high,0.9725274725274724,0.2867132867132867,2.1543887797951977,0.0274725274725274,N,A;D;K;N;R;S;T,matches_consensus,True,False,,0.14376475747699824,buried_core,False,False,False,False,23.15885199562019,True,True,unassigned_manual_review,,not_annotated_no_domain_boundaries,,True,False
6E9F,A,VI-D,ternary,253,254,Y,193.0,Y,254.0,,TYR,True,866,867,four_layer_exact,high,0.956043956043956,0.1798561151079136,2.5536442431912896,0.0439560439560439,P,A;I;K;N;P;S;T,differs_from_consensus,True,True,scaffold_differs_from_msa_consensus,0.5888880310209574,surface,False,False,False,False,20.420228792570477,True,False,unassigned_manual_review,,not_annotated_no_domain_boundaries,,True,False
6E9F,A,VI-D,ternary,254,255,R,194.0,R,255.0,,ARG,True,867,868,four_layer_exact,high,0.9615384615384616,0.4357142857142857,1.832936178223712,0.0384615384615384,R,E;K;Q;R;S,matches_consensus,True,False,,0.12971860793737988,buried_core,False,False,False,False,18.662975191364044,True,True,unassigned_manual_review,,not_annotated_no_domain_boundaries,,True,False
6E9F,A,VI-D,ternary,255,256,L,195.0,L,256.0,,LEU,True,876,877,four_layer_exact,high,0.934065934065934,0.5073529411764706,1.6645494685568731,0.0659340659340659,L,F;I;L;M;Y,matches_consensus,True,False,,0.012016201154626033,buried_core,False,False,False,False,19.046278106765538,True,True,unassigned_manual_review,,not_annotated_no_domain_boundaries,,True,False
6E9F,A,VI-D,ternary,256,257,A,196.0,A,257.0,,ALA,True,877,878,four_layer_exact,high,0.934065934065934,0.3823529411764705,2.197807917413664,0.0659340659340659,G,A;G;K;R;S;V,differs_from_consensus,True,True,scaffold_differs_from_msa_consensus,0.028084377117207356,buried_core,False,False,False,False,15.613513434605132,True,True,unassigned_manual_review,,not_annotated_no_domain_boundaries,,True,False
6E9F,A,VI-D,ternary,257,258,Y,197.0,Y,258.0,,TYR,True,883,884,four_layer_exact,high,0.989010989010989,0.8896551724137931,0.4561349249235004,0.0109890109890109,Y,F;Y,matches_consensus,True,False,,0.0,buried_core,False,False,False,False,13.999169040719561,True,True,unassigned_manual_review,,not_annotated_no_domain_boundaries,,True,False
6E9F,A,VI-D,ternary,258,259,F,198.0,F,259.0,,PHE,True,884,885,four_layer_exact,high,0.989010989010989,0.7448275862068966,0.9081011234715318,0.0109890109890109,F,F;L;Y,matches_consensus,True,False,,0.015095352700498953,buried_core,False,False,False,False,14.039157476580957,True,True,unassigned_manual_review,,not_annotated_no_domain_boundaries,,True,False
6E9F,A,VI-D,ternary,259,260,A,199.0,A,260.0,,ALA,True,889,890,four_layer_exact,high,0.9725274725274724,0.676056338028169,1.231170526549714,0.0274725274725274,G,D;G;N;S,differs_from_consensus,True,True,scaffold_differs_from_msa_consensus,0.062363487878665316,buried_core,False,False,False,False,15.961270590723332,True,True,unassigned_manual_review,,not_annotated_no_domain_boundaries,,True,False
6E9F,A,VI-D,ternary,260,261,D,200.0,D,261.0,,ASP,True,901,902,four_layer_exact,high,0.9835164835164836,0.2083333333333333,2.408580112882473,0.0164835164835165,D,D;E;F;G;K;N;S;T,matches_consensus,True,False,,0.08539063697861343,buried_core,False,False,False,False,11.787487423164759,True,True,unassigned_manual_review,,not_annotated_no_domain_boundaries,,True,False
6E9F,A,VI-D,ternary,261,262,A,201.0,A,262.0,,ALA,True,902,903,four_layer_exact,high,0.9835164835164836,0.3611111111111111,2.0000778562397588,0.0164835164835165,A,A;E;I;L;T;V,matches_consensus,True,False,,0.008305883907462949,buried_core,False,False,False,False,16.24631725122121,True,True,unassigned_manual_review,,not_annotated_no_domain_boundaries,,True,False
6E9F,A,VI-D,ternary,262,263,F,202.0,F,263.0,,PHE,True,903,904,four_layer_exact,high,0.978021978021978,0.7482517482517482,0.9158307687118252,0.021978021978022,F,F;L;Y,matches_consensus,True,False,,0.010063568466999302,buried_core,False,False,False,False,18.82227634431123,True,True,unassigned_manual_review,,not_annotated_no_domain_boundaries,,True,False
6E9F,A,VI-D,ternary,263,264,Y,203.0,Y,264.0,,TYR,True,904,905,four_layer_exact,high,0.9725274725274724,0.2887323943661972,2.4549672026777847,0.0274725274725274,Y,F;I;K;Y,matches_consensus,True,False,,0.09932898917656607,buried_core,False,False,False,False,18.92328384447357,True,True,unassigned_manual_review,,not_annotated_no_domain_boundaries,,True,False
6E9F,A,VI-D,ternary,264,265,V,204.0,V,265.0,,VAL,True,922,923,four_layer_exact,high,0.2967032967032967,0.391304347826087,1.6232034941668427,0.7032967032967032,E,D;E;K,differs_from_consensus,False,True,scaffold_differs_from_msa_consensus,0.3053772500330823,surface,False,False,False,False,21.576504488305897,True,False,unassigned_manual_review,,not_annotated_no_domain_boundaries,,False,False
6E9F,A,VI-D,ternary,265,266,N,205.0,N,266.0,,ASN,True,923,924,four_layer_exact,high,0.3131868131868132,0.4615384615384615,1.6215897184730756,0.6868131868131868,K,E;G;K;P,differs_from_consensus,False,True,scaffold_differs_from_msa_consensus,0.45996802357006095,surface,False,False,False,False,20.235245015834753,True,False,unassigned_manual_review,,not_annotated_no_domain_boundaries,,False,False
6E9F,A,VI-D,ternary,266,267,K,206.0,K,267.0,,LYS,True,924,925,four_layer_exact,high,0.3076923076923077,0.16,2.310717508000889,0.6923076923076923,D,A;D;E;K;L;T,differs_from_consensus,False,True,scaffold_differs_from_msa_consensus,0.6755826207498886,surface,False,False,False,False,23.649384402634716,True,False,unassigned_manual_review,,not_annotated_no_domain_boundaries,,False,True
6E9F,A,VI-D,ternary,267,268,K,,,,,,False,925,926,full_msa_only_unresolved_coordinate,medium,0.2967032967032967,0.3478260869565217,1.8596715651221944,0.7032967032967032,G,A;E;G;K,differs_from_consensus,False,True,unresolved_internal;scaffold_differs_from_msa_consensus,,,,,,,,False,False,unassigned_manual_review,,not_annotated_no_domain_boundaries,,False,False
6E9F,A,VI-D,ternary,268,269,N,,,,,,False,937,938,full_msa_only_unresolved_coordinate,medium,0.6098901098901099,0.2568108974358974,2.2904374821144597,0.39010989010989,K,D;E;K;N;R;S,differs_from_consensus,False,True,unresolved_internal;scaffold_differs_from_msa_consensus,,,,,,,,False,False,unassigned_manual_review,,not_annotated_no_domain_boundaries,,False,False
6E9F,A,VI-D,ternary,269,270,P,,,,,,False,946,947,full_msa_only_unresolved_coordinate,medium,0.7857142857142857,0.3518518518518518,2.211937438426997,0.2142857142857143,K,A;E;G;K;N;R,differs_from_consensus,False,True,unresolved_internal;scaffold_differs_from_msa_consensus,,,,,,,,False,False,unassigned_manual_review,,not_annotated_no_domain_boundaries,,False,False
6E9F,A,VI-D,ternary,270,271,K,,,,,,False,947,948,full_msa_only_unresolved_coordinate,medium,0.8241758241758241,0.7043478260869566,1.1626233707530862,0.1758241758241758,K,E;K,matches_consensus,False,True,unresolved_internal,,,,,,,,False,False,unassigned_manual_review,,not_annotated_no_domain_boundaries,,False,False
6E9F,A,VI-D,ternary,271,272,G,,,,,,False,948,949,full_msa_only_unresolved_coordinate,medium,0.7802197802197802,0.2339369158878504,2.3817694049600524,0.2197802197802197,D,D;E;G;K;N;P;S,differs_from_consensus,False,True,unresolved_internal;scaffold_differs_from_msa_consensus,,,,,,,,False,False,unassigned_manual_review,,not_annotated_no_domain_boundaries,,False,False
6E9F,A,VI-D,ternary,272,273,K,207.0,K,273.0,,LYS,True,979,980,four_layer_exact,high,0.7802197802197802,0.2429906542056074,2.240258343890273,0.2197802197802197,K,D;E;G;K;N;S;T,matches_consensus,False,False,,1.0,surface,False,False,False,False,16.819376913788403,True,False,unassigned_manual_review,,not_annotated_no_domain_boundaries,,False,True
6E9F,A,VI-D,ternary,273,274,A,208.0,A,274.0,,ALA,True,980,981,four_layer_exact,high,0.7912087912087912,0.2782874617737003,2.34506098958044,0.2087912087912088,K,E;K;P;Q;R;S,differs_from_consensus,False,True,scaffold_differs_from_msa_consensus,0.5340447416455049,surface,False,False,False,False,19.519430377169584,True,False,unassigned_manual_review,,not_annotated_no_domain_boundaries,,False,False
6E9F,A,VI-D,ternary,274,275,K,209.0,K,275.0,,LYS,True,981,982,four_layer_exact,high,0.7307692307692307,0.3563762626262626,2.099450546137691,0.2692307692307693,K,D;E;K;Q;R,matches_consensus,False,False,,0.5364086285178667,surface,False,False,False,False,21.635274049275797,True,False,unassigned_manual_review,,not_annotated_no_domain_boundaries,,False,False
6E9F,A,VI-D,ternary,275,276,N,210.0,N,276.0,,ASN,True,982,983,four_layer_exact,high,0.3406593406593406,0.1935483870967742,2.360704585751108,0.6593406593406593,E,A;D;E;K;N;V;Y,differs_from_consensus,False,True,scaffold_differs_from_msa_consensus,0.24259906903015452,surface,False,False,False,False,17.624552614280777,True,False,unassigned_manual_review,,not_annotated_no_domain_boundaries,,False,False
6E9F,A,VI-D,ternary,276,277,V,211.0,V,277.0,,VAL,True,994,995,four_layer_exact,high,0.7252747252747253,0.1530612244897959,2.5439263886462906,0.2747252747252747,K,D;E;I;K;N;Q;T;V,differs_from_consensus,False,True,scaffold_differs_from_msa_consensus,0.3817215625413529,surface,False,False,False,False,22.655821234797944,True,False,unassigned_manual_review,,not_annotated_no_domain_boundaries,,False,False
6E9F,A,VI-D,ternary,277,278,L,212.0,L,278.0,,LEU,True,995,996,four_layer_exact,high,0.8296703296703297,0.2183908045977011,2.5145360363436486,0.1703296703296702,E,D;E;K;L;N;P;Q;R,differs_from_consensus,True,True,scaffold_differs_from_msa_consensus,0.3537114479732488,surface,False,False,False,False,24.20827023273382,True,False,unassigned_manual_review,,not_annotated_no_domain_boundaries,,True,False
6E9F,A,VI-D,ternary,278,279,R,213.0,R,279.0,,ARG,True,996,997,four_layer_exact,high,0.9725274725274724,0.380281690140845,2.0447219024364927,0.0274725274725274,K,A;E;K;N;R,differs_from_consensus,True,True,scaffold_differs_from_msa_consensus,0.05582078138497944,buried_core,False,False,False,False,20.340325999678864,True,True,unassigned_manual_review,,not_annotated_no_domain_boundaries,,True,False
6E9F,A,VI-D,ternary,279,280,E,214.0,E,280.0,,GLU,True,997,998,four_layer_exact,high,0.967032967032967,0.2624113475177305,2.556186469552014,0.0329670329670329,S,D;E;N;S;T,differs_from_consensus,True,True,scaffold_differs_from_msa_consensus,0.4646300014211952,surface,False,False,False,False,27.743888630654325,True,False,unassigned_manual_review,,not_annotated_no_domain_boundaries,,True,False
6E9F,A,VI-D,ternary,280,281,D,215.0,D,281.0,,ASP,True,998,999,four_layer_exact,high,0.967032967032967,0.3191489361702128,2.001474815983524,0.0329670329670329,E,D;E;K;Q;R,differs_from_consensus,True,True,scaffold_differs_from_msa_consensus,0.3701231736702921,surface,False,False,False,False,30.176223797047175,True,False,unassigned_manual_review,,not_annotated_no_domain_boundaries,,True,False
6E9F,A,VI-D,ternary,281,282,K,216.0,K,282.0,,LYS,True,999,1000,four_layer_exact,high,0.912087912087912,0.3435114503816794,1.9206601311885951,0.0879120879120879,K,D;E;K;N;R,matches_consensus,True,False,,0.26637244625789186,surface,False,False,False,False,29.487096202019426,True,False,unassigned_manual_review,,not_annotated_no_domain_boundaries,,True,False
6E9F,A,VI-D,ternary,282,283,E,217.0,E,283.0,,GLU,True,1021,1022,four_layer_exact,high,0.9725274725274724,0.4223151408450704,2.004366578420314,0.0274725274725274,E,D;E;H;K;R;Y,matches_consensus,True,False,,0.19463245619021347,buried_core,False,False,False,False,25.28543665421589,True,True,unassigned_manual_review,,not_annotated_no_domain_boundaries,,True,False
6E9F,A,VI-D,ternary,283,284,L,218.0,L,284.0,,LEU,True,1030,1031,four_layer_exact,high,0.9945054945054944,0.3084332191780822,1.9334741628997247,0.0054945054945054,I,A;C;I;L;N;V,differs_from_consensus,True,True,scaffold_differs_from_msa_consensus,0.0,buried_core,False,False,False,False,24.114253402642966,True,True,unassigned_manual_review,,not_annotated_no_domain_boundaries,,True,False
6E9F,A,VI-D,ternary,284,285,Y,219.0,Y,285.0,,TYR,True,1031,1032,four_layer_exact,high,0.9945054945054944,0.6643835616438356,1.2277374201348163,0.0054945054945054,Y,F;Y,matches_consensus,True,False,,0.0,buried_core,False,False,False,False,27.574588817317718,True,True,unassigned_manual_review,,not_annotated_no_domain_boundaries,,True,False
6E9F,A,VI-D,ternary,285,286,S,220.0,S,286.0,,SER,True,1032,1033,four_layer_exact,high,0.9945054945054944,0.2054794520547945,2.289840835448434,0.0054945054945054,N,D;H;K;N;S;Y,differs_from_consensus,True,True,scaffold_differs_from_msa_consensus,0.013825277729841554,buried_core,False,False,False,False,24.877005913135235,True,True,unassigned_manual_review,,not_annotated_no_domain_boundaries,,True,False
6E9F,A,VI-D,ternary,286,287,V,221.0,V,287.0,,VAL,True,1033,1034,four_layer_exact,high,0.9945054945054944,0.4111729452054795,1.6950957478591993,0.0054945054945054,I,I;L;V,differs_from_consensus,True,True,scaffold_differs_from_msa_consensus,0.0069403920462064155,buried_core,False,False,False,False,21.040591038581525,True,True,unassigned_manual_review,,not_annotated_no_domain_boundaries,,True,False
6E9F,A,VI-D,ternary,287,288,L,222.0,L,288.0,,LEU,True,1034,1035,four_layer_exact,high,0.9945054945054944,0.6712328767123288,1.184271988274514,0.0054945054945054,L,F;I;L,matches_consensus,True,False,,0.0060081005773130166,buried_core,False,False,False,False,23.70454721626154,True,True,unassigned_manual_review,,not_annotated_no_domain_boundaries,,True,False
6E9F,A,VI-D,ternary,288,289,T,223.0,T,289.0,,THR,True,1035,1036,four_layer_exact,high,0.9945054945054944,0.3424657534246575,1.8198097162278748,0.0054945054945054,R,A;C;R;S,differs_from_consensus,True,True,scaffold_differs_from_msa_consensus,0.0,buried_core,False,False,False,False,23.707436930234877,True,True,unassigned_manual_review,,not_annotated_no_domain_boundaries,,True,False
6E9F,A,VI-D,ternary,289,290,L,224.0,L,290.0,,LEU,True,1036,1037,four_layer_exact,high,0.9945054945054944,0.4246575342465753,1.7449120721819953,0.0054945054945054,L,F;I;L;M;V,matches_consensus,True,False,,0.0,buried_core,False,False,False,False,21.599155815534417,True,True,unassigned_manual_review,,not_annotated_no_domain_boundaries,,True,False
6E9F,A,VI-D,ternary,290,291,I,225.0,I,291.0,,ILE,True,1037,1038,four_layer_exact,high,1.0,0.6326530612244898,1.1752685407534762,0.0,L,A;I;L;V,differs_from_consensus,True,True,scaffold_differs_from_msa_consensus,0.0,buried_core,False,False,False,False,18.55153064853641,True,True,unassigned_manual_review,,not_annotated_no_domain_boundaries,,True,False
6E9F,A,VI-D,ternary,291,292,G,226.0,G,292.0,,GLY,True,1038,1039,four_layer_exact,high,1.0,0.4419642857142857,1.2867105197612856,0.0,G,A;G;S,matches_consensus,True,False,,0.0,buried_core,False,False,False,False,20.321979849144274,True,True,unassigned_manual_review,,not_annotated_no_domain_boundaries,,True,False
6E9F,A,VI-D,ternary,292,293,K,227.0,K,293.0,,LYS,True,1039,1040,four_layer_exact,high,1.0,0.1428571428571428,2.660033185241378,0.0,S,A;F;I;K;L;M;Q;S;T;Y,differs_from_consensus,True,True,scaffold_differs_from_msa_consensus,0.05802228770848234,buried_core,False,False,False,False,19.098551789151838,True,True,unassigned_manual_review,,not_annotated_no_domain_boundaries,,True,False
6E9F,A,VI-D,ternary,293,294,L,228.0,L,294.0,,LEU,True,1040,1041,four_layer_exact,high,1.0,0.4693877551020408,1.5713257017154096,0.0,L,A;I;L;M;V,matches_consensus,True,False,,0.0,buried_core,False,False,False,False,15.803861048492008,True,True,unassigned_manual_review,,not_annotated_no_domain_boundaries,,True,False
6E9F,A,VI-D,ternary,294,295,R,229.0,A,295.0,,ALA,True,1041,1042,four_layer_literature_restored_substitution,high,1.0,1.0,-0.0,0.0,R,R,matches_consensus,True,True,literature_confirmed_construct_substitution,0.06553021327348384,buried_core,False,False,False,False,15.470458726758244,True,True,HEPN1,,not_annotated_no_domain_boundaries,HEPN1_R,True,False
6E9F,A,VI-D,ternary,295,296,H,230.0,H,296.0,,HIS,True,1042,1043,four_layer_exact,high,1.0,0.7142857142857143,0.9316783758070812,0.0,Q,H;N;Q,differs_from_consensus,True,True,scaffold_differs_from_msa_consensus,0.2152299516987486,surface,False,False,False,False,16.311115081122306,True,False,unassigned_manual_review,,not_annotated_no_domain_boundaries,,True,False
6E9F,A,VI-D,ternary,296,297,W,231.0,W,297.0,,TRP,True,1043,1044,four_layer_exact,high,1.0,0.2108843537414966,2.323815639312074,0.0,F,A;F;L;M;S;W,differs_from_consensus,True,True,scaffold_differs_from_msa_consensus,0.01231173626243663,buried_core,False,False,False,False,13.900289414114775,True,True,unassigned_manual_review,,not_annotated_no_domain_boundaries,,True,False
6E9F,A,VI-D,ternary,297,298,C,232.0,C,298.0,,CYS,True,1044,1045,four_layer_exact,high,1.0,0.3197278911564626,1.9871025701383875,0.0,C,A;C;I;L;S;T;V,matches_consensus,True,False,,0.0072313066828737504,buried_core,False,False,False,False,11.066449795186351,True,True,unassigned_manual_review,,not_annotated_no_domain_boundaries,,True,False
6E9F,A,VI-D,ternary,298,299,V,233.0,V,299.0,,VAL,True,1045,1046,four_layer_exact,high,1.0,0.2653061224489796,1.9638985671056768,0.0,F,A;F;M;T;V,differs_from_consensus,True,True,scaffold_differs_from_msa_consensus,0.060115783726595734,buried_core,False,False,False,False,12.28463318813609,True,True,unassigned_manual_review,,not_annotated_no_domain_boundaries,,True,False
6E9F,A,VI-D,ternary,299,300,H,234.0,A,300.0,,ALA,True,1046,1047,four_layer_literature_restored_substitution,high,1.0,0.9931972789115646,0.0407280509323613,0.0,H,H,matches_consensus,True,True,literature_confirmed_construct_substitution,0.13106042654696767,buried_core,False,False,False,False,13.573800418487345,True,True,HEPN1,,not_annotated_no_domain_boundaries,HEPN1_H,True,False
6E9F,A,VI-D,ternary,300,301,S,235.0,S,301.0,,SER,True,1047,1048,four_layer_exact,high,1.0,0.3197278911564626,2.187913418055878,0.0,G,D;E;F;G;S;Y,differs_from_consensus,True,True,scaffold_differs_from_msa_consensus,0.0545380484663188,buried_core,False,False,False,False,15.051037311953372,True,True,unassigned_manual_review,,not_annotated_no_domain_boundaries,,True,False
6E9F,A,VI-D,ternary,301,302,E,236.0,E,302.0,,GLU,True,1049,1050,four_layer_exact,high,0.9285714285714286,0.1838235294117647,2.43337981865906,0.0714285714285714,K,D;E;G;K;N;S;T;Y,differs_from_consensus,True,True,scaffold_differs_from_msa_consensus,0.1683917329927977,buried_core,False,False,False,False,17.71773434058302,True,True,unassigned_manual_review,,not_annotated_no_domain_boundaries,,True,False
6E9F,A,VI-D,ternary,302,303,E,237.0,E,303.0,,GLU,True,1050,1051,four_layer_exact,high,0.912087912087912,0.1753339694656488,2.61739589031574,0.0879120879120879,E,D;E;G;K;N;T;V,matches_consensus,True,False,,0.620412311301206,surface,False,False,False,False,18.601393001371427,True,False,unassigned_manual_review,,not_annotated_no_domain_boundaries,,True,False
6E9F,A,VI-D,ternary,303,304,G,238.0,G,304.0,,GLY,True,1051,1052,four_layer_exact,high,0.934065934065934,0.1753086419753086,2.555000334921787,0.0659340659340659,S,A;D;E;G;K;N;R;S;T,differs_from_consensus,True,True,scaffold_differs_from_msa_consensus,0.43028340457945896,surface,False,False,False,False,21.686123184123637,True,False,unassigned_manual_review,,not_annotated_no_domain_boundaries,,True,False
6E9F,A,VI-D,ternary,304,305,R,239.0,R,305.0,,ARG,True,1055,1056,four_layer_exact,high,0.8626373626373627,0.2254098360655737,2.519479610737625,0.1373626373626373,N,D;E;G;K;N;R;S;T,differs_from_consensus,True,True,scaffold_differs_from_msa_consensus,0.5099913377424953,surface,False,False,False,False,22.06285509473952,True,False,unassigned_manual_review,,not_annotated_no_domain_boundaries,,True,False
6E9F,A,VI-D,ternary,305,306,A,240.0,A,306.0,,ALA,True,1056,1057,four_layer_exact,high,0.8131868131868132,0.168141592920354,2.4508894946563955,0.1868131868131868,R,A;D;K;N;R;S;T,differs_from_consensus,True,True,scaffold_differs_from_msa_consensus,0.23986181677315183,surface,False,False,False,False,19.405413857283197,True,False,unassigned_manual_review,,not_annotated_no_domain_boundaries,,True,False
6E9F,A,VI-D,ternary,306,307,E,241.0,E,307.0,,GLU,True,1057,1058,four_layer_exact,high,0.521978021978022,0.1269841269841269,2.421662682717796,0.478021978021978,A,A;D;E;K;L;N;P;Q;S;T,differs_from_consensus,False,True,scaffold_differs_from_msa_consensus,0.0985374764536466,buried_core,False,False,False,False,14.728295443339954,True,True,unassigned_manual_review,,not_annotated_no_domain_boundaries,,False,False
6E9F,A,VI-D,ternary,307,308,F,242.0,F,308.0,,PHE,True,1075,1076,four_layer_exact,high,0.6538461538461539,0.2142857142857142,2.3573451971064188,0.3461538461538461,T,A;F;N;S;T;Y,differs_from_consensus,False,True,scaffold_differs_from_msa_consensus,0.1358581743044906,buried_core,False,False,False,False,18.37698714846409,True,True,unassigned_manual_review,,not_annotated_no_domain_boundaries,,False,False
6E9F,A,VI-D,ternary,308,309,W,243.0,W,309.0,,TRP,True,1078,1079,four_layer_exact,high,0.8516483516483516,0.3916666666666666,2.1616914042489888,0.1483516483516483,W,A;S;V;W;Y,matches_consensus,True,False,,0.05084750383325964,buried_core,False,False,False,False,19.51962627535333,True,True,unassigned_manual_review,,not_annotated_no_domain_boundaries,,True,False
6E9F,A,VI-D,ternary,309,310,L,244.0,L,310.0,,LEU,True,1079,1080,four_layer_exact,high,0.978021978021978,0.6153846153846154,1.3618227655954975,0.021978021978022,L,I;L,matches_consensus,True,False,,0.0,buried_core,False,False,False,False,15.518346592379869,True,True,unassigned_manual_review,,not_annotated_no_domain_boundaries,,True,False
6E9F,A,VI-D,ternary,310,311,Y,245.0,Y,311.0,,TYR,True,1080,1081,four_layer_exact,high,0.9835164835164836,0.6319444444444444,0.7720129761978174,0.0164835164835165,Y,F;Y,matches_consensus,True,False,,0.05451511364542568,buried_core,False,False,False,False,12.658005672644972,True,True,unassigned_manual_review,,not_annotated_no_domain_boundaries,,True,False
6E9F,A,VI-D,ternary,311,312,K,246.0,K,312.0,,LYS,True,1081,1082,four_layer_exact,high,0.945054945054945,0.3941605839416058,2.045662002332108,0.0549450549450549,N,D;K;N;Q;R;S,differs_from_consensus,True,True,scaffold_differs_from_msa_consensus,0.11490140842238977,buried_core,False,False,False,False,21.050991161040162,True,True,unassigned_manual_review,,not_annotated_no_domain_boundaries,,True,False
6E9F,A,VI-D,ternary,312,313,L,247.0,L,313.0,,LEU,True,1082,1083,four_layer_exact,high,0.9835164835164836,0.5277777777777778,1.7186172629535157,0.0164835164835165,L,A;I;L;S,matches_consensus,True,False,,0.04035461727514173,buried_core,False,False,False,False,20.53455902109429,True,True,unassigned_manual_review,,not_annotated_no_domain_boundaries,,True,False
6E9F,A,VI-D,ternary,313,314,D,248.0,D,314.0,,ASP,True,1092,1093,four_layer_exact,high,0.9395604395604396,0.406934306569343,1.7487052880905518,0.0604395604395604,D,D;E;K;N;S,matches_consensus,True,False,,0.5028810192454253,surface,False,False,False,False,24.98890750881303,True,False,unassigned_manual_review,,not_annotated_no_domain_boundaries,,True,False
6E9F,A,VI-D,ternary,314,315,E,249.0,E,315.0,,GLU,True,1093,1094,four_layer_exact,high,0.9065934065934066,0.2366412213740458,2.340740778692264,0.0934065934065934,K,D;E;K;N;Q;S,differs_from_consensus,True,True,scaffold_differs_from_msa_consensus,0.5118261337682153,surface,False,False,False,False,26.945159565796907,True,False,unassigned_manual_review,,not_annotated_no_domain_boundaries,,True,False
6E9F,A,VI-D,ternary,315,316,L,250.0,L,316.0,,LEU,True,1100,1101,four_layer_exact,high,0.7142857142857143,0.6185567010309279,1.313524370036907,0.2857142857142857,L,F;I;L,matches_consensus,False,False,,0.10466948963720231,buried_core,False,False,False,False,25.521114011808326,True,True,unassigned_manual_review,,not_annotated_no_domain_boundaries,,False,False
6E9F,A,VI-D,ternary,316,317,K,251.0,K,317.0,,LYS,True,1113,1114,four_layer_exact,high,0.8846153846153846,0.164021164021164,2.621709658011768,0.1153846153846154,D,A;D;K;N;P;R;S,differs_from_consensus,True,True,scaffold_differs_from_msa_consensus,0.3685154741827217,surface,False,False,False,False,30.412708726837092,True,False,unassigned_manual_review,,not_annotated_no_domain_boundaries,,True,False
6E9F,A,VI-D,ternary,317,318,D,252.0,D,318.0,,ASP,True,1114,1115,four_layer_exact,high,0.956043956043956,0.1894484412470023,2.3583923331809755,0.0439560439560439,P,A;D;E;G;K;N;P;Q;S,differs_from_consensus,True,True,scaffold_differs_from_msa_consensus,0.6252455647722834,surface,False,False,False,False,30.50364575343399,True,False,unassigned_manual_review,,not_annotated_no_domain_boundaries,,True,False
6E9F,A,VI-D,ternary,318,319,D,253.0,D,319.0,,ASP,True,1115,1116,four_layer_exact,high,0.9725274725274724,0.5070422535211268,1.5166328558532232,0.0274725274725274,E,D;E;N,differs_from_consensus,True,True,scaffold_differs_from_msa_consensus,0.12980344626618737,buried_core,False,False,False,False,27.952456424546604,True,True,unassigned_manual_review,,not_annotated_no_domain_boundaries,,True,False
6E9F,A,VI-D,ternary,319,320,F,254.0,F,320.0,,PHE,True,1124,1125,four_layer_exact,high,0.9230769230769232,0.2781954887218045,1.885466982305344,0.0769230769230768,L,A;F;I;L;V;Y,differs_from_consensus,True,True,scaffold_differs_from_msa_consensus,0.0,buried_core,False,False,False,False,25.1050839622255,True,True,unassigned_manual_review,,not_annotated_no_domain_boundaries,,True,False
6E9F,A,VI-D,ternary,320,321,K,255.0,K,321.0,,LYS,True,1145,1146,four_layer_exact,high,0.978021978021978,0.2657342657342657,2.2510283909761952,0.021978021978022,K,I;K;L;R;W,matches_consensus,True,False,,0.2547751771061655,surface,False,False,False,False,25.316998408209034,True,False,unassigned_manual_review,,not_annotated_no_domain_boundaries,,True,False
6E9F,A,VI-D,ternary,321,322,N,256.0,N,322.0,,ASN,True,1146,1147,four_layer_exact,high,0.9945054945054944,0.1986301369863013,2.326101214931983,0.0054945054945054,D,A;D;E;K;N;Q;S,differs_from_consensus,True,True,scaffold_differs_from_msa_consensus,0.46889723542814093,surface,False,False,False,False,25.779647565818884,True,False,unassigned_manual_review,,not_annotated_no_domain_boundaries,,True,False
6E9F,A,VI-D,ternary,322,323,V,257.0,V,323.0,,VAL,True,1147,1148,four_layer_exact,high,1.0,0.2857142857142857,2.118341611796008,0.0,T,F;I;L;T;V,differs_from_consensus,True,True,scaffold_differs_from_msa_consensus,0.0,buried_core,False,False,False,False,22.12753651075884,True,True,unassigned_manual_review,,not_annotated_no_domain_boundaries,,True,False
6E9F,A,VI-D,ternary,323,324,L,258.0,L,324.0,,LEU,True,1148,1149,four_layer_exact,high,1.0,0.6462585034013606,1.051052160330606,0.0,L,I;L;V,matches_consensus,True,False,,0.005330641910759803,buried_core,False,False,False,False,20.59474569036467,True,True,unassigned_manual_review,,not_annotated_no_domain_boundaries,,True,False
6E9F,A,VI-D,ternary,324,325,D,259.0,D,325.0,,ASP,True,1149,1150,four_layer_exact,high,1.0,0.54421768707483,1.492785903870701,0.0,D,D;E;N,matches_consensus,True,False,,0.1881416172948712,buried_core,False,False,False,False,22.50210309482167,True,True,unassigned_manual_review,,not_annotated_no_domain_boundaries,,True,False
6E9F,A,VI-D,ternary,325,326,V,260.0,V,326.0,,VAL,True,1150,1151,four_layer_exact,high,1.0,0.1428571428571428,2.5588674590066685,0.0,K,A;D;E;K;N;R;S;T;Y,differs_from_consensus,True,True,scaffold_differs_from_msa_consensus,0.249854113663431,surface,False,False,False,False,19.912702964883817,True,False,unassigned_manual_review,,not_annotated_no_domain_boundaries,,True,False
6E9F,A,VI-D,ternary,326,327,V,261.0,V,327.0,,VAL,True,1151,1152,four_layer_exact,high,1.0,0.2993197278911564,2.2837401168457734,0.0,L,F;I;K;L;T;V;Y,differs_from_consensus,True,True,scaffold_differs_from_msa_consensus,0.0069403920462064155,buried_core,False,False,False,False,16.65061355731386,True,True,unassigned_manual_review,,not_annotated_no_domain_boundaries,,True,False
6E9F,A,VI-D,ternary,327,328,Y,262.0,Y,328.0,,TYR,True,1152,1153,four_layer_exact,high,1.0,0.6530612244897959,1.1214409686467792,0.0,Y,F;Y,matches_consensus,True,False,,0.004073988684649127,buried_core,False,False,False,False,13.727525443667234,True,True,unassigned_manual_review,,not_annotated_no_domain_boundaries,,True,False
6E9F,A,VI-D,ternary,328,329,N,263.0,N,329.0,,ASN,True,1153,1154,four_layer_exact,high,1.0,0.1950113378684807,2.297177350744636,0.0,D,A;D;E;K;N;R;S,differs_from_consensus,True,True,scaffold_differs_from_msa_consensus,0.16697432845830984,buried_core,False,False,False,False,17.845014245063634,True,True,unassigned_manual_review,,not_annotated_no_domain_boundaries,,True,False
6E9F,A,VI-D,ternary,329,330,R,264.0,R,330.0,,ARG,True,1154,1155,four_layer_exact,high,1.0,0.2789115646258503,2.3094382548538204,0.0,E,A;D;E;K;N;Q;R;S,differs_from_consensus,True,True,scaffold_differs_from_msa_consensus,0.2694198673105403,surface,False,False,False,False,14.755803299642452,True,False,unassigned_manual_review,,not_annotated_no_domain_boundaries,,True,False
6E9F,A,VI-D,ternary,330,331,P,265.0,P,331.0,,PRO,True,1155,1156,four_layer_exact,high,1.0,0.2789115646258503,2.155414520474483,0.0,R,A;G;K;R,differs_from_consensus,True,True,scaffold_differs_from_msa_consensus,0.11050155014270416,buried_core,False,False,False,False,13.279343746444203,True,True,unassigned_manual_review,,not_annotated_no_domain_boundaries,,True,False
6E9F,A,VI-D,ternary,331,332,V,266.0,V,332.0,,VAL,True,1156,1157,four_layer_exact,high,1.0,0.3537414965986394,1.7471194004335109,0.0,I,F;I;L;V,differs_from_consensus,True,True,scaffold_differs_from_msa_consensus,0.0,buried_core,False,False,False,False,14.622401616757912,True,True,unassigned_manual_review,,not_annotated_no_domain_boundaries,,True,False
6E9F,A,VI-D,ternary,332,333,E,267.0,E,333.0,,GLU,True,1157,1158,four_layer_exact,high,1.0,0.2018140589569161,2.2584787038230623,0.0,D,D;E;K;N;T,differs_from_consensus,True,True,scaffold_differs_from_msa_consensus,0.37607191377848176,surface,False,False,False,False,16.79175783105878,True,False,unassigned_manual_review,,not_annotated_no_domain_boundaries,,True,False
6E9F,A,VI-D,ternary,333,334,E,268.0,E,334.0,,GLU,True,1158,1159,four_layer_exact,high,1.0,0.2176870748299319,2.312275293531052,0.0,E,A;D;E;K;Q;R;S;T,matches_consensus,True,False,,0.36532141189361633,surface,False,False,False,False,12.722096188356364,True,False,unassigned_manual_review,,not_annotated_no_domain_boundaries,,True,False
6E9F,A,VI-D,ternary,334,335,I,269.0,I,335.0,,ILE,True,1159,1160,four_layer_exact,high,0.989010989010989,0.3931034482758621,1.3740939813341857,0.0109890109890109,I,I;L;V,matches_consensus,True,False,,0.14030091257330396,buried_core,False,False,False,False,9.660728901396348,True,True,unassigned_manual_review,,not_annotated_no_domain_boundaries,,True,False
6E9F,A,VI-D,ternary,335,336,N,270.0,N,336.0,,ASN,True,1160,1161,four_layer_exact,high,0.989010989010989,0.7517241379310344,1.1115490089747386,0.0109890109890109,N,D;N,matches_consensus,True,False,,0.043957293294880836,buried_core,False,False,False,False,15.136437412435392,True,True,unassigned_manual_review,,not_annotated_no_domain_boundaries,,True,False
6E9F,A,VI-D,ternary,336,337,N,271.0,N,337.0,,ASN,True,1161,1162,four_layer_exact,high,0.9835164835164836,0.2638888888888889,2.2512048529561555,0.0164835164835165,K,A;D;E;K;N;R;S,differs_from_consensus,True,True,scaffold_differs_from_msa_consensus,0.49878850677242287,surface,False,False,False,False,18.194040000007444,True,False,unassigned_manual_review,,not_annotated_no_domain_boundaries,,True,False
6E9F,A,VI-D,ternary,337,338,R,272.0,R,338.0,,ARG,True,1162,1163,four_layer_exact,high,0.9835164835164836,0.2523148148148147,1.895333690020296,0.0164835164835165,D,D;E;G;N;S,differs_from_consensus,True,True,scaffold_differs_from_msa_consensus,0.3256290137552366,surface,False,False,False,False,16.493977239629846,True,False,unassigned_manual_review,,not_annotated_no_domain_boundaries,,True,False
6E9F,A,VI-D,ternary,338,339,F,273.0,F,339.0,,PHE,True,1164,1165,four_layer_exact,high,0.9945054945054944,0.9657534246575342,0.1722554178011724,0.0054945054945054,F,F,matches_consensus,True,False,,0.05031784233499651,buried_core,False,False,False,False,13.039183397249825,True,True,unassigned_manual_review,,not_annotated_no_domain_boundaries,,True,False
6E9F,A,VI-D,ternary,339,340,I,274.0,I,340.0,,ILE,True,1165,1166,four_layer_exact,high,0.9945054945054944,0.2671232876712329,2.2388035855694746,0.0054945054945054,I,A;F;I;L;V,matches_consensus,True,False,,0.14030091257330396,buried_core,False,False,False,False,17.918899854032098,True,True,unassigned_manual_review,,not_annotated_no_domain_boundaries,,True,False
6E9F,A,VI-D,ternary,340,341,E,275.0,E,341.0,,GLU,True,1166,1167,four_layer_exact,high,0.9945054945054944,0.3698630136986301,1.9018254981732936,0.0054945054945054,K,D;E;K;N;S;T,differs_from_consensus,True,True,scaffold_differs_from_msa_consensus,0.531205618610191,surface,False,False,False,False,17.094687842960536,True,False,unassigned_manual_review,,not_annotated_no_domain_boundaries,,True,False
6E9F,A,VI-D,ternary,341,342,N,276.0,N,342.0,,ASN,True,1185,1186,four_layer_exact,high,1.0,0.4217687074829932,1.7103184593830911,0.0,N,H;K;N;Q;T,matches_consensus,True,False,,0.4483847942382282,surface,False,False,False,False,13.440148941792856,True,False,unassigned_manual_review,,not_annotated_no_domain_boundaries,,True,False
6E9F,A,VI-D,ternary,342,343,N,277.0,N,343.0,,ASN,True,1186,1187,four_layer_exact,high,1.0,0.3809523809523809,1.5139112730778306,0.0,N,A;N;S,matches_consensus,True,False,,0.1214499765263553,buried_core,False,False,False,False,12.020962585784913,True,True,unassigned_manual_review,,not_annotated_no_domain_boundaries,,True,False
6E9F,A,VI-D,ternary,343,344,K,278.0,K,344.0,,LYS,True,1205,1206,four_layer_exact,high,0.989010989010989,0.4758620689655172,1.9274362618765344,0.0109890109890109,K,A;K;R;S,matches_consensus,True,False,,0.06825642513254943,buried_core,False,False,False,False,16.372489704077907,True,True,unassigned_manual_review,,not_annotated_no_domain_boundaries,,True,False
6E9F,A,VI-D,ternary,344,345,V,279.0,V,345.0,,VAL,True,1206,1207,four_layer_exact,high,0.9835164835164836,0.2777777777777778,1.9833296245501533,0.0164835164835165,V,K;N;R;T;V,matches_consensus,True,False,,0.15753563304764517,buried_core,False,False,False,False,13.225824390131073,True,True,unassigned_manual_review,,not_annotated_no_domain_boundaries,,True,False
6E9F,A,VI-D,ternary,345,346,N,280.0,N,346.0,,ASN,True,1208,1209,four_layer_exact,high,1.0,0.8299319727891157,0.5496289992148657,0.0,N,D;N,matches_consensus,True,False,,0.011801110865407811,buried_core,False,False,False,False,10.742252534111357,True,True,unassigned_manual_review,,not_annotated_no_domain_boundaries,,True,False
6E9F,A,VI-D,ternary,346,347,I,281.0,I,347.0,,ILE,True,1209,1210,four_layer_exact,high,1.0,0.6122448979591837,1.1209026347865876,0.0,L,F;I;L;V,differs_from_consensus,True,True,scaffold_differs_from_msa_consensus,0.006130092467207697,buried_core,False,False,False,False,15.800355499290111,True,True,unassigned_manual_review,,not_annotated_no_domain_boundaries,,True,False
6E9F,A,VI-D,ternary,347,348,Q,282.0,Q,348.0,,GLN,True,1210,1211,four_layer_exact,high,1.0,0.1972789115646258,2.6782287151563526,0.0,Y,A;K;L;N;Q;S;Y,differs_from_consensus,True,True,scaffold_differs_from_msa_consensus,0.20073978393773062,surface,False,False,False,False,18.145665488550748,True,False,unassigned_manual_review,,not_annotated_no_domain_boundaries,,True,False
6E9F,A,VI-D,ternary,348,349,I,283.0,I,349.0,,ILE,True,1211,1212,four_layer_exact,high,1.0,0.6122448979591837,1.3254426319926962,0.0,I,I;L;V,matches_consensus,True,False,,0.048349525565188504,buried_core,False,False,False,False,15.80119263987026,True,True,unassigned_manual_review,,not_annotated_no_domain_boundaries,,True,False
6E9F,A,VI-D,ternary,349,350,L,284.0,L,350.0,,LEU,True,1212,1213,four_layer_exact,high,1.0,0.782312925170068,0.6506324030379541,0.0,L,I;L,matches_consensus,True,False,,0.0,buried_core,False,False,False,False,14.744018824110777,True,True,unassigned_manual_review,,not_annotated_no_domain_boundaries,,True,False
6E9F,A,VI-D,ternary,350,351,G,285.0,G,351.0,,GLY,True,1213,1214,four_layer_exact,high,1.0,0.2789115646258503,2.4016508680885007,0.0,F,A;C;E;F;K;S,differs_from_consensus,True,True,scaffold_differs_from_msa_consensus,0.23599209024014486,surface,False,False,False,False,19.782961099817147,True,False,unassigned_manual_review,,not_annotated_no_domain_boundaries,,True,False
6E9F,A,VI-D,ternary,351,352,S,286.0,S,352.0,,SER,True,1214,1215,four_layer_exact,high,1.0,0.2267573696145124,2.253763267631969,0.0,E,D;E;K;N;Q;R;S,differs_from_consensus,True,True,scaffold_differs_from_msa_consensus,0.3217536500980687,surface,False,False,False,False,21.317602081257192,True,False,unassigned_manual_review,,not_annotated_no_domain_boundaries,,True,False
6E9F,A,VI-D,ternary,352,353,V,287.0,V,353.0,,VAL,True,1219,1220,four_layer_exact,high,0.989010989010989,0.2850574712643677,1.7954617694267447,0.0109890109890109,I,A;I;L;V;Y,differs_from_consensus,True,True,scaffold_differs_from_msa_consensus,0.16860862773347723,buried_core,False,False,False,False,18.848228586071613,True,True,unassigned_manual_review,,not_annotated_no_domain_boundaries,,True,False
6E9F,A,VI-D,ternary,353,354,Y,288.0,Y,354.0,,TYR,True,1220,1221,four_layer_exact,high,0.9835164835164836,0.4025607638888889,1.4280767284554827,0.0164835164835165,Y,F;L;Y,matches_consensus,True,False,,0.20397159410705482,surface,False,False,False,False,17.21815369692678,True,False,unassigned_manual_review,,not_annotated_no_domain_boundaries,,True,False
6E9F,A,VI-D,ternary,354,355,K,289.0,K,355.0,,LYS,True,1238,1239,four_layer_exact,high,0.8076923076923077,0.1617647058823529,2.468053632903694,0.1923076923076923,D,D;E;G;K;N;P;R;S;T,differs_from_consensus,True,True,scaffold_differs_from_msa_consensus,0.6671982956781217,surface,False,False,False,False,24.60340570421055,True,False,unassigned_manual_review,,not_annotated_no_domain_boundaries,,True,False
6E9F,A,VI-D,ternary,355,356,N,290.0,N,356.0,,ASN,True,1239,1240,four_layer_exact,high,0.8406593406593407,0.2128851540616246,2.2749309544108747,0.1593406593406593,D,D;E;K;L;N;P;S,differs_from_consensus,True,True,scaffold_differs_from_msa_consensus,0.714625652955902,surface,False,False,False,False,24.73619703049575,True,False,unassigned_manual_review,,not_annotated_no_domain_boundaries,,True,False
6E9F,A,VI-D,ternary,356,357,T,291.0,T,357.0,,THR,True,1244,1245,four_layer_exact,high,0.8956043956043956,0.3515625,2.327869116409754,0.1043956043956043,E,A;D;E;K;S,differs_from_consensus,True,True,scaffold_differs_from_msa_consensus,0.3538052879237512,surface,False,False,False,False,22.59977896649206,True,False,unassigned_manual_review,,not_annotated_no_domain_boundaries,,True,False
6E9F,A,VI-D,ternary,357,358,D,292.0,D,358.0,,ASP,True,1245,1246,four_layer_exact,high,0.9010989010989012,0.2248062015503876,2.230511985753227,0.0989010989010988,E,D;E;K;N;Q;S,differs_from_consensus,True,True,scaffold_differs_from_msa_consensus,0.41749038226681184,surface,False,False,False,False,23.165864769661813,True,False,unassigned_manual_review,,not_annotated_no_domain_boundaries,,True,False
6E9F,A,VI-D,ternary,358,359,I,293.0,I,359.0,,ILE,True,1246,1247,four_layer_exact,high,0.9010989010989012,0.3798449612403101,2.298417626079189,0.0989010989010988,K,F;K;L;Q;R,differs_from_consensus,True,True,scaffold_differs_from_msa_consensus,0.3348395564918486,surface,False,False,False,False,21.861732332760404,True,False,unassigned_manual_review,,not_annotated_no_domain_boundaries,,True,False
6E9F,A,VI-D,ternary,359,360,A,294.0,A,360.0,,ALA,True,1247,1248,four_layer_exact,high,0.967032967032967,0.2907801418439716,2.215610866826668,0.0329670329670329,K,A;D;E;K;N,differs_from_consensus,True,True,scaffold_differs_from_msa_consensus,0.10297604942976031,buried_core,False,False,False,False,21.47979978711786,True,True,unassigned_manual_review,,not_annotated_no_domain_boundaries,,True,False
6E9F,A,VI-D,ternary,360,361,E,295.0,E,361.0,,GLU,True,1248,1249,four_layer_exact,high,0.978021978021978,0.2657342657342657,2.210779940638721,0.021978021978022,E,A;D;E;K;N;Q;T,matches_consensus,True,False,,0.21637419330193772,surface,False,False,False,False,19.242962042526216,True,False,unassigned_manual_review,,not_annotated_no_domain_boundaries,,True,False
6E9F,A,VI-D,ternary,361,362,L,296.0,L,362.0,,LEU,True,1255,1256,four_layer_exact,high,1.0,0.5034013605442177,1.4518623197294174,0.0,L,I;L;V,matches_consensus,True,False,,0.030040502886565082,buried_core,False,False,False,False,17.075541426191446,True,True,unassigned_manual_review,,not_annotated_no_domain_boundaries,,True,False
6E9F,A,VI-D,ternary,362,363,V,297.0,V,363.0,,VAL,True,1256,1257,four_layer_exact,high,1.0,0.2993197278911564,1.9395287444864755,0.0,A,A;I;L;T;V,differs_from_consensus,True,True,scaffold_differs_from_msa_consensus,0.0,buried_core,False,False,False,False,16.76912680609804,True,True,unassigned_manual_review,,not_annotated_no_domain_boundaries,,True,False
6E9F,A,VI-D,ternary,363,364,R,298.0,R,364.0,,ARG,True,1257,1258,four_layer_exact,high,1.0,0.2585034013605442,2.084442976404572,0.0,R,E;K;N;Q;R,matches_consensus,True,False,,0.26317373903787317,surface,False,False,False,False,15.069336159689628,True,False,unassigned_manual_review,,not_annotated_no_domain_boundaries,,True,False
6E9F,A,VI-D,ternary,364,365,S,299.0,S,365.0,,SER,True,1258,1259,four_layer_exact,high,1.0,0.3265306122448979,2.0622700135974417,0.0,E,A;D;E;K;L;Q,differs_from_consensus,True,True,scaffold_differs_from_msa_consensus,0.14188226942527768,buried_core,False,False,False,False,13.122287996602704,True,True,unassigned_manual_review,,not_annotated_no_domain_boundaries,,True,False
6E9F,A,VI-D,ternary,365,366,Y,300.0,Y,366.0,,TYR,True,1259,1260,four_layer_exact,high,1.0,0.8299319727891157,0.5763658118470587,0.0,Y,F;Y,matches_consensus,True,False,,0.0,buried_core,False,False,False,False,11.251530095426851,True,True,unassigned_manual_review,,not_annotated_no_domain_boundaries,,True,False
6E9F,A,VI-D,ternary,366,367,Y,301.0,Y,367.0,,TYR,True,1260,1261,four_layer_exact,high,1.0,0.8639455782312925,0.5195563462488444,0.0,Y,F;Y,matches_consensus,True,False,,0.0,buried_core,False,False,False,False,10.887782028377632,True,True,unassigned_manual_review,,not_annotated_no_domain_boundaries,,True,False
6E9F,A,VI-D,ternary,367,368,E,302.0,E,368.0,,GLU,True,1261,1262,four_layer_exact,high,1.0,0.3877551020408163,1.9020060843287692,0.0,D,D;E;K;N;R,differs_from_consensus,True,True,scaffold_differs_from_msa_consensus,0.07748660796852341,buried_core,False,False,False,False,8.860162198638651,True,True,unassigned_manual_review,,not_annotated_no_domain_boundaries,,True,False
6E9F,A,VI-D,ternary,368,369,F,303.0,F,369.0,,PHE,True,1262,1263,four_layer_exact,high,1.0,0.8231292517006803,0.6533785638727668,0.0,F,F;L;Y,matches_consensus,True,False,,0.045286058101496864,buried_core,False,True,False,False,7.07914183638631,True,True,unassigned_manual_review,,not_annotated_no_domain_boundaries,,True,False
6E9F,A,VI-D,ternary,369,370,L,304.0,L,370.0,,LEU,True,1263,1264,four_layer_exact,high,1.0,0.238095238095238,1.9716622477744783,0.0,I,A;I;L;S;T;V,differs_from_consensus,True,True,scaffold_differs_from_msa_consensus,0.22483150118346265,surface,False,True,False,False,6.737662727873843,True,False,unassigned_manual_review,,not_annotated_no_domain_boundaries,,True,False
6E9F,A,VI-D,ternary,370,371,I,305.0,I,371.0,,ILE,True,1264,1265,four_layer_exact,high,1.0,0.5238095238095238,1.256953151755419,0.0,V,I;V,differs_from_consensus,True,True,scaffold_differs_from_msa_consensus,0.13486203427856935,buried_core,False,True,False,False,6.992474603456871,True,True,unassigned_manual_review,,not_annotated_no_domain_boundaries,,True,False
6E9F,A,VI-D,ternary,371,372,T,306.0,T,372.0,,THR,True,1265,1266,four_layer_exact,high,1.0,0.2312925170068027,2.29246263815805,0.0,L,K;L;R;T;V,differs_from_consensus,True,True,scaffold_differs_from_msa_consensus,0.1878821449847006,buried_core,False,True,False,False,7.367465383563348,True,True,unassigned_manual_review,,not_annotated_no_domain_boundaries,,True,False
6E9F,A,VI-D,ternary,372,373,K,307.0,K,373.0,,LYS,True,1266,1267,four_layer_exact,high,1.0,0.8979591836734694,0.5457328038407442,0.0,K,K,matches_consensus,True,False,,0.16030578209806082,buried_core,True,False,True,False,3.6102557680120224,True,True,unassigned_manual_review,,not_annotated_no_domain_boundaries,,True,False
6E9F,A,VI-D,ternary,373,374,K,308.0,K,374.0,,LYS,True,1267,1268,four_layer_exact,high,1.0,0.3537414965986394,2.046123816334197,0.0,E,D;E;K;N;Q;S;T,differs_from_consensus,True,True,scaffold_differs_from_msa_consensus,0.49503912475606726,surface,False,True,False,False,6.906097083201951,True,False,unassigned_manual_review,,not_annotated_no_domain_boundaries,,True,False
6E9F,A,VI-D,ternary,374,375,Y,309.0,Y,375.0,,TYR,True,1268,1269,four_layer_exact,high,1.0,0.3333333333333333,2.0479296015683297,0.0,Y,D;G;H;N;Q;Y,matches_consensus,True,False,,0.4354256018433288,surface,False,True,False,False,7.296071263492584,True,False,unassigned_manual_review,,not_annotated_no_domain_boundaries,,True,False
6E9F,A,VI-D,ternary,375,376,K,310.0,K,376.0,,LYS,True,1270,1271,four_layer_exact,high,1.0,0.8299319727891157,0.7833546044022643,0.0,K,K,matches_consensus,True,False,,0.15601825358857435,buried_core,True,False,True,False,2.9733122862128205,True,True,unassigned_manual_review,,not_annotated_no_domain_boundaries,,True,False
6E9F,A,VI-D,ternary,376,377,N,311.0,N,377.0,,ASN,True,1271,1272,four_layer_exact,high,1.0,0.8979591836734694,0.5098511654738686,0.0,N,N,matches_consensus,True,False,,0.21190909205820915,surface,True,False,True,True,2.897799957092298,True,False,unassigned_manual_review,,not_annotated_no_domain_boundaries,,True,False
6E9F,A,VI-D,ternary,377,378,M,312.0,M,378.0,,MET,True,1272,1273,four_layer_exact,high,1.0,0.4761904761904761,1.4215496408747057,0.0,L,I;L;M,differs_from_consensus,True,True,scaffold_differs_from_msa_consensus,0.13758403066868768,buried_core,True,False,True,False,4.0664049473792145,True,True,unassigned_manual_review,,not_annotated_no_domain_boundaries,,True,False
6E9F,A,VI-D,ternary,378,379,G,313.0,G,379.0,,GLY,True,1273,1274,four_layer_exact,high,1.0,0.9931972789115646,0.0407280509323613,0.0,G,G,matches_consensus,True,False,,0.03373889264225423,buried_core,True,False,True,True,2.288560019511215,True,True,unassigned_manual_review,,not_annotated_no_domain_boundaries,,True,False
6E9F,A,VI-D,ternary,379,380,F,314.0,F,380.0,,PHE,True,1274,1275,four_layer_exact,high,1.0,0.673469387755102,1.024525939789765,0.0,F,F;I;L;V,matches_consensus,True,False,,0.0044644126002613355,buried_core,True,False,True,False,3.6517530887703478,True,True,unassigned_manual_review,,not_annotated_no_domain_boundaries,,True,False
6E9F,A,VI-D,ternary,380,381,S,315.0,S,381.0,,SER,True,1275,1276,four_layer_exact,high,1.0,0.6802721088435374,0.8701824883160747,0.0,S,N;S,matches_consensus,True,False,,0.07527596506108114,buried_core,True,False,True,False,3.3511325078945515,True,True,unassigned_manual_review,,not_annotated_no_domain_boundaries,,True,False
6E9F,A,VI-D,ternary,381,382,I,316.0,I,382.0,,ILE,True,1276,1277,four_layer_exact,high,1.0,0.4897959183673469,1.4029766224170417,0.0,I,I;L;V,matches_consensus,True,False,,0.04175288266816648,buried_core,True,False,True,False,4.38598373437163,True,True,unassigned_manual_review,,not_annotated_no_domain_boundaries,,True,False
6E9F,A,VI-D,ternary,382,383,K,317.0,K,383.0,,LYS,True,1277,1278,four_layer_exact,high,1.0,0.6326530612244898,1.231637905784032,0.0,K,K;R;T,matches_consensus,True,False,,0.33789958882682697,surface,True,False,True,True,3.233125502783935,True,False,unassigned_manual_review,,not_annotated_no_domain_boundaries,,True,False
6E9F,A,VI-D,ternary,383,384,K,318.0,K,384.0,,LYS,True,1278,1279,four_layer_exact,high,1.0,0.5374149659863946,1.6664890810719153,0.0,K,K;L;R;T,matches_consensus,True,False,,0.25323899154589313,surface,True,False,False,True,4.66355206258812,True,False,unassigned_manual_review,,not_annotated_no_domain_boundaries,,True,False
6E9F,A,VI-D,ternary,384,385,L,319.0,L,385.0,,LEU,True,1279,1280,four_layer_exact,high,1.0,0.7074829931972789,0.9403957543104906,0.0,L,I;L;V,matches_consensus,True,False,,0.0060081005773130166,buried_core,False,True,False,False,7.107322661757985,True,True,unassigned_manual_review,,not_annotated_no_domain_boundaries,,True,False
6E9F,A,VI-D,ternary,385,386,R,320.0,R,386.0,,ARG,True,1280,1281,four_layer_exact,high,1.0,0.9183673469387756,0.3724215158765141,0.0,R,K;R,matches_consensus,True,False,,0.035920786950479795,buried_core,True,False,False,True,2.6839387394096526,True,True,unassigned_manual_review,,not_annotated_no_domain_boundaries,,True,False
6E9F,A,VI-D,ternary,386,387,E,321.0,E,387.0,,GLU,True,1281,1282,four_layer_exact,high,1.0,0.9387755102040816,0.3329962617527603,0.0,E,E,matches_consensus,True,False,,0.17129957988267283,buried_core,True,False,False,True,3.9479266436613365,True,True,unassigned_manual_review,,not_annotated_no_domain_boundaries,,True,False
6E9F,A,VI-D,ternary,387,388,S,322.0,S,388.0,,SER,True,1282,1283,four_layer_exact,high,0.9835164835164836,0.1529947916666666,2.6583769167918456,0.0164835164835165,I,A;C;E;I;K;L;N;Q;S;T,differs_from_consensus,True,True,scaffold_differs_from_msa_consensus,0.24472066320502378,surface,False,True,False,False,7.66523162221155,True,False,unassigned_manual_review,,not_annotated_no_domain_boundaries,,True,False
6E9F,A,VI-D,ternary,388,389,M,323.0,M,389.0,,MET,True,1283,1284,four_layer_exact,high,0.9835164835164836,0.388671875,1.4537946797931418,0.0164835164835165,M,I;L;M,matches_consensus,True,False,,0.005391197393035341,buried_core,False,False,False,False,10.26043379396731,True,True,unassigned_manual_review,,not_annotated_no_domain_boundaries,,True,False
6E9F,A,VI-D,ternary,389,390,L,324.0,L,390.0,,LEU,True,1284,1285,four_layer_exact,high,0.989010989010989,0.4896551724137931,1.4849654532787977,0.0109890109890109,L,F;I;L;V,matches_consensus,True,False,,0.07598390408374367,buried_core,False,False,False,False,8.78093018658483,True,True,unassigned_manual_review,,not_annotated_no_domain_boundaries,,True,False
6E9F,A,VI-D,ternary,390,391,E,325.0,E,391.0,,GLU,True,1285,1286,four_layer_exact,high,0.967032967032967,0.3215130023640661,2.0545554518651894,0.0329670329670329,E,A;D;E;K;T,matches_consensus,True,False,,0.5847487260919039,surface,False,False,False,False,9.211895193500265,True,False,unassigned_manual_review,,not_annotated_no_domain_boundaries,,True,False
6E9F,A,VI-D,ternary,391,392,G,326.0,G,392.0,,GLY,True,1286,1287,four_layer_exact,high,0.9505494505494504,0.1857142857142857,2.6199475077964154,0.0494505494505495,L,D;E;I;K;L;N;Q;R;S,differs_from_consensus,True,True,scaffold_differs_from_msa_consensus,0.6651209595194096,surface,False,False,False,False,10.964278042804875,True,False,unassigned_manual_review,,not_annotated_no_domain_boundaries,,True,False
6E9F,A,VI-D,ternary,392,393,K,327.0,K,393.0,,LYS,True,1294,1295,four_layer_exact,high,0.6648351648351648,0.2183908045977011,2.2766275839962757,0.3351648351648352,P,D;E;K;P;S;T,differs_from_consensus,False,True,scaffold_differs_from_msa_consensus,0.30994851950383984,surface,False,False,False,False,12.873402100637227,True,False,unassigned_manual_review,,not_annotated_no_domain_boundaries,,False,False
6E9F,A,VI-D,ternary,393,394,G,328.0,G,394.0,,GLY,True,1295,1296,four_layer_exact,high,0.7527472527472527,0.2721480582524271,2.300478646670668,0.2472527472527472,E,D;E;G;N;Q;Y,differs_from_consensus,False,True,scaffold_differs_from_msa_consensus,0.42373680881132453,surface,False,False,False,False,12.672607963818855,True,False,unassigned_manual_review,,not_annotated_no_domain_boundaries,,False,False
6E9F,A,VI-D,ternary,394,395,Y,329.0,Y,395.0,,TYR,True,1296,1297,four_layer_exact,high,0.7527472527472527,0.3689320388349514,2.0793457834291,0.2472527472527472,A,A;F;G;L;Y,differs_from_consensus,False,True,scaffold_differs_from_msa_consensus,0.11627877743412414,buried_core,False,False,False,False,8.275860538398419,True,True,unassigned_manual_review,,not_annotated_no_domain_boundaries,,False,False
6E9F,A,VI-D,ternary,395,396,A,330.0,A,396.0,,ALA,True,1297,1298,four_layer_exact,high,0.7637362637362637,0.2,2.495497538984417,0.2362637362637363,S,A;E;K;N;P;Q;S;T,differs_from_consensus,False,True,scaffold_differs_from_msa_consensus,0.5227699796201053,surface,False,True,False,False,7.026854734214145,True,False,unassigned_manual_review,,not_annotated_no_domain_boundaries,,False,False
6E9F,A,VI-D,ternary,396,397,D,331.0,D,397.0,,ASP,True,1318,1319,four_layer_exact,high,0.9505494505494504,0.4364508393285372,1.726737219707108,0.0494505494505495,D,D;E;G;N;S,matches_consensus,True,False,,0.4081817618458146,surface,False,True,False,False,6.703667303119707,True,False,unassigned_manual_review,,not_annotated_no_domain_boundaries,,True,False
6E9F,A,VI-D,ternary,397,398,K,332.0,K,398.0,,LYS,True,1319,1320,four_layer_exact,high,0.9505494505494504,0.4170413669064748,1.9166068960674485,0.0494505494505495,K,D;E;K;N;Q;T,matches_consensus,True,False,,0.5122981295902266,surface,True,False,True,False,2.4374526563541425,True,False,unassigned_manual_review,,not_annotated_no_domain_boundaries,,True,False
6E9F,A,VI-D,ternary,398,399,E,333.0,E,399.0,,GLU,True,1320,1321,four_layer_exact,high,0.945054945054945,0.2900815217391304,2.26751313735381,0.0549450549450549,K,D;E;K;Q;S,differs_from_consensus,True,True,scaffold_differs_from_msa_consensus,0.7063864037666933,surface,False,True,False,False,6.6362534636435635,True,False,unassigned_manual_review,,not_annotated_no_domain_boundaries,,True,False
6E9F,A,VI-D,ternary,399,400,Y,334.0,Y,400.0,,TYR,True,1328,1329,four_layer_exact,high,0.9835164835164836,0.5763888888888888,1.5655954542862445,0.0164835164835165,Y,F;H;L;M;Y,matches_consensus,True,False,,0.14472865825801842,buried_core,False,True,False,False,6.812122155699868,True,True,unassigned_manual_review,,not_annotated_no_domain_boundaries,,True,False
6E9F,A,VI-D,ternary,400,401,D,335.0,D,401.0,,ASP,True,1329,1330,four_layer_exact,high,0.989010989010989,0.7034482758620689,0.9771299884301744,0.0109890109890109,D,D;N;S,matches_consensus,True,False,,0.14786932945863582,buried_core,True,False,True,True,3.000506875843415,True,True,unassigned_manual_review,,not_annotated_no_domain_boundaries,,True,False
6E9F,A,VI-D,ternary,401,402,S,336.0,S,402.0,,SER,True,1339,1340,four_layer_exact,high,1.0,0.5644132653061225,1.3492588774272718,0.0,S,N;S;T,matches_consensus,True,False,,0.643622748659072,surface,False,True,False,False,5.815799099860227,True,False,unassigned_manual_review,,not_annotated_no_domain_boundaries,,True,False
6E9F,A,VI-D,ternary,402,403,V,337.0,V,403.0,,VAL,True,1340,1341,four_layer_exact,high,1.0,0.4217687074829932,1.925199117995484,0.0,V,C;F;I;V;Y,matches_consensus,True,False,,0.09716548864688981,buried_core,False,True,False,False,6.226746624565009,True,True,unassigned_manual_review,,not_annotated_no_domain_boundaries,,True,False
6E9F,A,VI-D,ternary,403,404,R,338.0,R,404.0,,ARG,True,1341,1342,four_layer_exact,high,1.0,0.891156462585034,0.447573497919058,0.0,R,K;R,matches_consensus,True,False,,0.10817856454970695,buried_core,True,False,False,True,3.9048605632682967,True,True,unassigned_manual_review,,not_annotated_no_domain_boundaries,,True,False
6E9F,A,VI-D,ternary,404,405,N,339.0,N,405.0,,ASN,True,1342,1343,four_layer_exact,high,1.0,0.4285714285714285,1.8646521770095157,0.0,S,G;H;N;Q;S,differs_from_consensus,True,True,scaffold_differs_from_msa_consensus,0.3898422623361336,surface,True,False,False,True,3.8502116056275404,True,False,unassigned_manual_review,,not_annotated_no_domain_boundaries,,True,False
6E9F,A,VI-D,ternary,405,406,K,340.0,K,406.0,,LYS,True,1343,1344,four_layer_exact,high,1.0,0.8843537414965986,0.5502227380803095,0.0,K,K;R,matches_consensus,True,False,,0.1886499764814115,buried_core,False,True,False,False,6.430904557363475,True,True,unassigned_manual_review,,not_annotated_no_domain_boundaries,,True,False
6E9F,A,VI-D,ternary,406,407,L,341.0,L,407.0,,LEU,True,1344,1345,four_layer_exact,high,1.0,0.6326530612244898,1.2602980918772664,0.0,L,F;I;L;M,matches_consensus,True,False,,0.0060081005773130166,buried_core,False,True,False,False,7.889378610033063,True,True,unassigned_manual_review,,not_annotated_no_domain_boundaries,,True,False
6E9F,A,VI-D,ternary,407,408,Y,342.0,Y,408.0,,TYR,True,1345,1346,four_layer_exact,high,1.0,0.7414965986394558,0.8412463775084362,0.0,Y,N;Y,matches_consensus,True,False,,0.05910685591173715,buried_core,True,False,False,True,3.402392810641701,True,True,unassigned_manual_review,,not_annotated_no_domain_boundaries,,True,False
6E9F,A,VI-D,ternary,408,409,Q,343.0,Q,409.0,,GLN,True,1346,1347,four_layer_exact,high,1.0,0.2789115646258503,2.131463212267474,0.0,K,K;Q;R;S;T,differs_from_consensus,True,True,scaffold_differs_from_msa_consensus,0.21726880593635384,surface,False,True,False,False,6.61891346600694,True,False,unassigned_manual_review,,not_annotated_no_domain_boundaries,,True,False
6E9F,A,VI-D,ternary,409,410,M,344.0,M,410.0,,MET,True,1347,1348,four_layer_exact,high,1.0,0.4421768707482993,1.7099606389579318,0.0,L,F;I;L;M;V,differs_from_consensus,True,True,scaffold_differs_from_msa_consensus,0.0,buried_core,False,False,False,False,9.52723343495309,True,True,unassigned_manual_review,,not_annotated_no_domain_boundaries,,True,False
6E9F,A,VI-D,ternary,410,411,T,345.0,T,411.0,,THR,True,1348,1349,four_layer_exact,high,1.0,0.272108843537415,1.916129955052642,0.0,I,F;I;L;M;T,differs_from_consensus,True,True,scaffold_differs_from_msa_consensus,0.012458825861194423,buried_core,False,False,False,False,9.633173211157237,True,True,unassigned_manual_review,,not_annotated_no_domain_boundaries,,True,False
6E9F,A,VI-D,ternary,411,412,D,346.0,D,412.0,,ASP,True,1349,1350,four_layer_exact,high,1.0,0.8299319727891157,0.7323686358194832,0.0,D,D;N,matches_consensus,True,False,,0.09437721973609453,buried_core,False,True,False,False,6.7664194295620295,True,True,unassigned_manual_review,,not_annotated_no_domain_boundaries,,True,False
6E9F,A,VI-D,ternary,412,413,F,347.0,F,413.0,,PHE,True,1350,1351,four_layer_exact,high,1.0,0.8775510204081632,0.4144903141283139,0.0,F,F;Y,matches_consensus,True,False,,0.0,buried_core,False,False,False,False,10.943437684550487,True,True,unassigned_manual_review,,not_annotated_no_domain_boundaries,,True,False
6E9F,A,VI-D,ternary,413,414,I,348.0,I,414.0,,ILE,True,1351,1352,four_layer_exact,high,1.0,0.2993197278911564,1.8451094753767685,0.0,I,A;C;I;L;M;V,matches_consensus,True,False,,0.012260184934415394,buried_core,False,False,False,False,13.35077097316516,True,True,unassigned_manual_review,,not_annotated_no_domain_boundaries,,True,False
6E9F,A,VI-D,ternary,414,415,L,349.0,L,415.0,,LEU,True,1352,1353,four_layer_exact,high,1.0,0.5850340136054422,0.8941066555717766,0.0,I,I;L,differs_from_consensus,True,True,scaffold_differs_from_msa_consensus,0.01802430173193905,buried_core,False,False,False,False,11.052588255193383,True,True,unassigned_manual_review,,not_annotated_no_domain_boundaries,,True,False
6E9F,A,VI-D,ternary,415,416,Y,350.0,Y,416.0,,TYR,True,1353,1354,four_layer_exact,high,1.0,0.4897959183673469,1.630093046751539,0.0,Y,F;V;W;Y,matches_consensus,True,False,,0.013257473217272065,buried_core,False,False,False,False,9.305111120920213,True,True,unassigned_manual_review,,not_annotated_no_domain_boundaries,,True,False
6E9F,A,VI-D,ternary,416,417,T,351.0,T,417.0,,THR,True,1354,1355,four_layer_exact,high,0.9945054945054944,0.2330907534246575,2.197380744921965,0.0054945054945054,R,D;H;K;R;Y,differs_from_consensus,True,True,scaffold_differs_from_msa_consensus,0.10056632609729982,buried_core,False,False,False,False,13.575622005395491,True,True,unassigned_manual_review,,not_annotated_no_domain_boundaries,,True,False
6E9F,A,VI-D,ternary,417,418,G,352.0,G,418.0,,GLY,True,1355,1356,four_layer_exact,high,0.989010989010989,0.3586206896551724,2.3468570009870247,0.0109890109890109,Y,E;G;H;Y,differs_from_consensus,True,True,scaffold_differs_from_msa_consensus,0.02322361953922916,buried_core,False,False,False,False,14.43182732384106,True,True,unassigned_manual_review,,not_annotated_no_domain_boundaries,,True,False
6E9F,A,VI-D,ternary,418,419,Y,353.0,Y,419.0,,TYR,True,1356,1357,four_layer_exact,high,0.989010989010989,0.5103448275862069,1.398364346465243,0.0109890109890109,Y,F;I;L;Y,matches_consensus,True,False,,0.037701405325166824,buried_core,False,False,False,False,10.962877818027193,True,True,unassigned_manual_review,,not_annotated_no_domain_boundaries,,True,False
6E9F,A,VI-D,ternary,419,420,I,354.0,I,420.0,,ILE,True,1357,1358,four_layer_exact,high,0.9725274725274724,0.1549295774647887,2.615096154671812,0.0274725274725274,K,E;I;K;L;N;R;S;T;V,differs_from_consensus,True,True,scaffold_differs_from_msa_consensus,0.35061602880568493,surface,False,False,False,False,12.554372794333903,True,False,unassigned_manual_review,,not_annotated_no_domain_boundaries,,True,False
6E9F,A,VI-D,ternary,420,421,N,355.0,N,421.0,,ASN,True,1363,1364,four_layer_exact,high,0.3516483516483517,0.1515151515151515,2.2629354538632005,0.6483516483516483,T,H;K;N;R;S;T;V;Y,differs_from_consensus,False,True,scaffold_differs_from_msa_consensus,0.5765255575801519,surface,False,False,False,False,16.340840229346252,True,False,unassigned_manual_review,,not_annotated_no_domain_boundaries,,False,False
6E9F,A,VI-D,ternary,421,422,E,356.0,E,422.0,,GLU,True,1364,1365,four_layer_exact,high,0.8406593406593407,0.2370233050847457,2.2794906108007345,0.1593406593406593,E,D;E;K;N;Q;S,matches_consensus,True,False,,0.559423488351891,surface,False,False,False,False,18.090091318286316,True,False,unassigned_manual_review,,not_annotated_no_domain_boundaries,,True,False
6E9F,A,VI-D,ternary,422,423,D,357.0,D,423.0,,ASP,True,1378,1379,four_layer_exact,high,0.956043956043956,0.2568195443645084,2.1486389561885093,0.0439560439560439,N,D;E;H;K;N;R;S,differs_from_consensus,True,True,scaffold_differs_from_msa_consensus,0.11324136046083338,buried_core,False,False,False,False,14.580622138093188,True,True,unassigned_manual_review,,not_annotated_no_domain_boundaries,,True,False
6E9F,A,VI-D,ternary,423,424,S,358.0,S,424.0,,SER,True,1379,1380,four_layer_exact,high,0.934065934065934,0.2,2.290201628033181,0.0659340659340659,P,A;D;E;K;N;P;Q;S,differs_from_consensus,True,True,scaffold_differs_from_msa_consensus,0.37529773918547116,surface,False,False,False,False,12.324936643944161,True,False,unassigned_manual_review,,not_annotated_no_domain_boundaries,,True,False
6E9F,A,VI-D,ternary,424,425,D,359.0,D,425.0,,ASP,True,1380,1381,four_layer_exact,high,0.8241758241758241,0.3046195652173913,2.126673938915689,0.1758241758241758,E,A;D;E;G;K;N;S,differs_from_consensus,True,True,scaffold_differs_from_msa_consensus,0.6433822233266895,surface,False,False,False,False,13.535555556822347,True,False,unassigned_manual_review,,not_annotated_no_domain_boundaries,,True,False
6E9F,A,VI-D,ternary,425,426,R,360.0,R,426.0,,ARG,True,1382,1383,four_layer_exact,high,0.8186813186813187,0.2807017543859649,2.2104926532452183,0.1813186813186813,K,E;K;Q;R,differs_from_consensus,True,True,scaffold_differs_from_msa_consensus,0.30234339141882954,surface,False,False,False,False,10.87767305301188,True,False,unassigned_manual_review,,not_annotated_no_domain_boundaries,,True,False
6E9F,A,VI-D,ternary,426,427,A,361.0,A,427.0,,ALA,True,1441,1442,four_layer_exact,high,0.9010989010989012,0.2692307692307692,2.2293803660384617,0.0989010989010988,A,A;I;L;S;V,matches_consensus,True,False,,0.08425313135162207,buried_core,False,False,False,False,8.034588960494135,True,True,unassigned_manual_review,,not_annotated_no_domain_boundaries,,True,False
6E9F,A,VI-D,ternary,427,428,D,362.0,D,428.0,,ASP,True,1443,1444,four_layer_exact,high,1.0,0.3013747165532879,2.0156646799666533,0.0,D,D;E;N;Q;S,matches_consensus,True,False,,0.5501159879522157,surface,False,True,False,False,7.621044653723559,True,False,unassigned_manual_review,,not_annotated_no_domain_boundaries,,True,False
6E9F,A,VI-D,ternary,428,429,D,363.0,D,429.0,,ASP,True,1444,1445,four_layer_exact,high,1.0,0.2517006802721088,2.345482959311957,0.0,E,A;D;E;K;N;Q;R;S,differs_from_consensus,True,True,scaffold_differs_from_msa_consensus,0.538920067952836,surface,False,False,False,False,9.16825192590359,True,False,unassigned_manual_review,,not_annotated_no_domain_boundaries,,True,False
6E9F,A,VI-D,ternary,429,430,L,364.0,L,430.0,,LEU,True,1445,1446,four_layer_exact,high,1.0,0.2925170068027211,2.0303833825336195,0.0,L,F;I;L;M;N;T;Y,matches_consensus,True,False,,0.06608910635044318,buried_core,False,True,False,False,5.80551116683277,True,True,unassigned_manual_review,,not_annotated_no_domain_boundaries,,True,False
6E9F,A,VI-D,ternary,430,431,V,365.0,V,431.0,,VAL,True,1446,1447,four_layer_exact,high,1.0,0.7346938775510204,1.013560840988167,0.0,V,I;V,matches_consensus,True,False,,0.1588464354996602,buried_core,True,False,True,False,4.4101667877744815,True,True,unassigned_manual_review,,not_annotated_no_domain_boundaries,,True,False
6E9F,A,VI-D,ternary,431,432,N,366.0,N,432.0,,ASN,True,1447,1448,four_layer_exact,high,1.0,0.2312925170068027,2.2179089351191426,0.0,E,A;D;E;N;S,differs_from_consensus,True,True,scaffold_differs_from_msa_consensus,0.4507200769988598,surface,False,True,False,False,6.580923478803237,True,False,unassigned_manual_review,,not_annotated_no_domain_boundaries,,True,False
6E9F,A,VI-D,ternary,432,433,T,367.0,T,433.0,,THR,True,1448,1449,four_layer_exact,high,1.0,0.238095238095238,2.461115116554963,0.0,K,A;D;E;K;Q;R;S,differs_from_consensus,True,True,scaffold_differs_from_msa_consensus,0.30169897829189946,surface,False,True,False,False,7.063510020552377,True,False,unassigned_manual_review,,not_annotated_no_domain_boundaries,,True,False
6E9F,A,VI-D,ternary,433,434,L,368.0,L,434.0,,LEU,True,1449,1450,four_layer_exact,high,1.0,1.0,-0.0,0.0,L,L,matches_consensus,True,False,,0.0060081005773130166,buried_core,True,False,True,False,3.4363149608993915,True,True,unassigned_manual_review,,not_annotated_no_domain_boundaries,,True,False
6E9F,A,VI-D,ternary,434,435,R,369.0,R,435.0,,ARG,True,1450,1451,four_layer_exact,high,1.0,0.9319727891156464,0.3638624342161701,0.0,R,R,matches_consensus,True,False,,0.39031413131665155,surface,True,False,False,True,2.8194544037846536,True,False,unassigned_manual_review,,not_annotated_no_domain_boundaries,,True,False
6E9F,A,VI-D,ternary,435,436,S,370.0,S,436.0,,SER,True,1451,1452,four_layer_exact,high,1.0,0.3469387755102041,2.235741102985488,0.0,A,A;G;L;S,differs_from_consensus,True,True,scaffold_differs_from_msa_consensus,0.4947731969250408,surface,False,True,False,False,5.8496989660554854,True,False,unassigned_manual_review,,not_annotated_no_domain_boundaries,,True,False
6E9F,A,VI-D,ternary,436,437,S,371.0,S,437.0,,SER,True,1452,1453,four_layer_exact,high,0.9945054945054944,0.2646261415525114,1.911215964175884,0.0054945054945054,S,A;C;N;S;T,matches_consensus,True,False,,0.23707228360897198,surface,True,False,True,False,3.405278607263147,True,False,unassigned_manual_review,,not_annotated_no_domain_boundaries,,True,False
6E9F,A,VI-D,ternary,437,438,L,372.0,L,438.0,,LEU,True,1453,1454,four_layer_exact,high,1.0,0.1972789115646258,2.573365905557752,0.0,L,A;E;I;L;M;Q;T;V,matches_consensus,True,False,,0.7714796262972813,surface,False,True,False,False,7.02120144871577,True,False,unassigned_manual_review,,not_annotated_no_domain_boundaries,,True,False
6E9F,A,VI-D,ternary,438,439,K,373.0,K,439.0,,LYS,True,1463,1464,four_layer_exact,high,0.989010989010989,0.2344827586206896,2.1566729463705903,0.0109890109890109,S,D;G;N;S;T,differs_from_consensus,True,True,scaffold_differs_from_msa_consensus,0.5417132343371197,surface,False,True,False,False,5.921287130204669,True,False,unassigned_manual_review,,not_annotated_no_domain_boundaries,,True,False
6E9F,A,VI-D,ternary,439,440,E,374.0,E,440.0,,GLU,True,1464,1465,four_layer_exact,high,0.989010989010989,0.4758620689655172,1.2142240834917557,0.0109890109890109,E,D;E,matches_consensus,True,False,,0.4873982926740934,surface,False,True,False,False,6.148984997244652,True,False,unassigned_manual_review,,not_annotated_no_domain_boundaries,,True,False
6E9F,A,VI-D,ternary,440,441,D,375.0,D,441.0,,ASP,True,1465,1466,four_layer_exact,high,0.978021978021978,0.5128205128205128,1.7173787131873783,0.021978021978022,E,A;D;E,differs_from_consensus,True,True,scaffold_differs_from_msa_consensus,0.5250874238892123,surface,False,False,False,False,9.133367299714862,True,False,unassigned_manual_review,,not_annotated_no_domain_boundaries,,True,False
6E9F,A,VI-D,ternary,441,442,D,376.0,D,442.0,,ASP,True,1481,1482,four_layer_exact,high,0.9615384615384616,0.3928571428571428,1.8100121644774785,0.0384615384615384,E,A;D;E;G;Q,differs_from_consensus,True,True,scaffold_differs_from_msa_consensus,0.24630366380276833,surface,False,True,False,False,6.6777347119562585,True,False,unassigned_manual_review,,not_annotated_no_domain_boundaries,,True,False
6E9F,A,VI-D,ternary,442,443,K,377.0,K,443.0,,LYS,True,1483,1484,four_layer_exact,high,1.0,0.9251700680272108,0.3108673782336407,0.0,K,K;R,matches_consensus,True,False,,0.11777910729307804,buried_core,True,False,True,False,2.753880956134989,True,True,unassigned_manual_review,,not_annotated_no_domain_boundaries,,True,False
6E9F,A,VI-D,ternary,443,444,T,378.0,T,444.0,,THR,True,1484,1485,four_layer_exact,high,1.0,0.4557823129251701,1.7742692619317308,0.0,E,D;E;K,differs_from_consensus,True,True,scaffold_differs_from_msa_consensus,0.3974111784379317,surface,False,False,False,False,8.514370141747035,True,False,unassigned_manual_review,,not_annotated_no_domain_boundaries,,True,False
6E9F,A,VI-D,ternary,444,445,T,379.0,T,445.0,,THR,True,1493,1494,four_layer_exact,high,1.0,0.1632653061224489,2.56909334204242,0.0,A,A;D;E;K;N;Q;R;S,differs_from_consensus,True,True,scaffold_differs_from_msa_consensus,0.44655883839304467,surface,False,False,False,False,10.630038235890618,True,False,unassigned_manual_review,,not_annotated_no_domain_boundaries,,True,False
6E9F,A,VI-D,ternary,445,446,V,380.0,V,446.0,,VAL,True,1494,1495,four_layer_exact,high,1.0,0.4285714285714285,1.7428869139002894,0.0,I,A;F;I;L;V,differs_from_consensus,True,True,scaffold_differs_from_msa_consensus,0.17116205646589838,buried_core,False,False,False,False,8.665228096444677,True,True,unassigned_manual_review,,not_annotated_no_domain_boundaries,,True,False
6E9F,A,VI-D,ternary,446,447,Y,381.0,Y,447.0,,TYR,True,1495,1496,four_layer_exact,high,1.0,1.0,-0.0,0.0,Y,Y,matches_consensus,True,False,,0.004591742266311469,buried_core,True,False,True,False,2.440791062249851,True,True,unassigned_manual_review,,not_annotated_no_domain_boundaries,,True,False
6E9F,A,VI-D,ternary,447,448,C,382.0,C,448.0,,CYS,True,1496,1497,four_layer_exact,high,1.0,0.1428571428571428,2.580951258992332,0.0,R,A;D;E;I;K;L;N;Q;R;S,differs_from_consensus,True,True,scaffold_differs_from_msa_consensus,0.3578098705232,surface,False,False,False,False,10.860119779333983,True,False,unassigned_manual_review,,not_annotated_no_domain_boundaries,,True,False
6E9F,A,VI-D,ternary,448,449,K,383.0,K,449.0,,LYS,True,1497,1498,four_layer_exact,high,1.0,0.1496598639455782,2.369323817968326,0.0,E,A;D;E;K;N;Q;R;S,differs_from_consensus,True,True,scaffold_differs_from_msa_consensus,0.5203795305839211,surface,False,False,False,False,13.01423812770513,True,False,unassigned_manual_review,,not_annotated_no_domain_boundaries,,True,False
6E9F,A,VI-D,ternary,449,450,E,384.0,E,450.0,,GLU,True,1498,1499,four_layer_exact,high,1.0,0.4217687074829932,1.9739928392220103,0.0,E,A;E;F;I;L;Y,matches_consensus,True,False,,0.09206134382367075,buried_core,False,False,False,False,11.13114436609463,True,True,unassigned_manual_review,,not_annotated_no_domain_boundaries,,True,False
6E9F,A,VI-D,ternary,450,451,A,385.0,A,451.0,,ALA,True,1503,1504,four_layer_exact,high,1.0,0.8435374149659864,0.704003828144631,0.0,A,A;S,matches_consensus,True,False,,0.053002028839596205,buried_core,False,False,False,False,12.433783581762805,True,True,unassigned_manual_review,,not_annotated_no_domain_boundaries,,True,False
6E9F,A,VI-D,ternary,451,452,D,386.0,D,452.0,,ASP,True,1504,1505,four_layer_exact,high,1.0,0.2131519274376417,2.3213737058840342,0.0,E,A;D;E;K;N;R;S,differs_from_consensus,True,True,scaffold_differs_from_msa_consensus,0.5629210544975191,surface,False,False,False,False,15.201730058348232,True,False,unassigned_manual_review,,not_annotated_no_domain_boundaries,,True,False
6E9F,A,VI-D,ternary,452,453,Y,387.0,Y,453.0,,TYR,True,1505,1506,four_layer_exact,high,1.0,0.1972789115646258,2.625432333877093,0.0,R,A;D;E;I;K;R;S,differs_from_consensus,True,True,scaffold_differs_from_msa_consensus,0.3558807625396964,surface,False,False,False,False,16.702416898461216,True,False,unassigned_manual_review,,not_annotated_no_domain_boundaries,,True,False
6E9F,A,VI-D,ternary,453,454,L,388.0,L,454.0,,LEU,True,1506,1507,four_layer_exact,high,0.9945054945054944,0.4246575342465753,1.732594913941025,0.0054945054945054,L,F;I;L;V,matches_consensus,True,False,,0.0360486034638781,buried_core,False,False,False,False,13.825978589203103,True,True,unassigned_manual_review,,not_annotated_no_domain_boundaries,,True,False
6E9F,A,VI-D,ternary,454,455,W,389.0,W,455.0,,TRP,True,1512,1513,four_layer_exact,high,0.945054945054945,0.561815693430657,1.6265565502127437,0.0549450549450549,W,A;F;K;W;Y,matches_consensus,True,False,,0.23568779243836518,surface,False,False,False,False,15.362984293298458,True,False,unassigned_manual_review,,not_annotated_no_domain_boundaries,,True,False
6E9F,A,VI-D,ternary,455,456,K,390.0,K,456.0,,LYS,True,1513,1514,four_layer_exact,high,0.934065934065934,0.1777777777777777,2.491302523823853,0.0659340659340659,N,A;D;E;K;N;P;S,differs_from_consensus,True,True,scaffold_differs_from_msa_consensus,0.7251053029104172,surface,False,False,False,False,19.296818739094157,True,False,unassigned_manual_review,,not_annotated_no_domain_boundaries,,True,False
6E9F,A,VI-D,ternary,456,457,K,391.0,K,457.0,,LYS,True,1514,1515,four_layer_exact,high,0.9505494505494504,0.2028985507246377,2.4104156145397626,0.0494505494505495,K,A;D;E;K;R;S,matches_consensus,True,False,,0.3301534330424036,surface,False,False,False,False,19.3059488553298,True,False,unassigned_manual_review,,not_annotated_no_domain_boundaries,,True,False
6E9F,A,VI-D,ternary,457,458,Y,392.0,Y,458.0,,TYR,True,1558,1559,four_layer_exact,high,0.978021978021978,0.2727272727272727,2.1448269525385717,0.021978021978022,L,F;I;L;N;V;Y,differs_from_consensus,True,True,scaffold_differs_from_msa_consensus,0.11272254233113736,buried_core,False,False,False,False,16.53449372763308,True,True,unassigned_manual_review,,not_annotated_no_domain_boundaries,,True,False
6E9F,A,VI-D,ternary,458,459,R,393.0,R,459.0,,ARG,True,1559,1560,four_layer_exact,high,0.978021978021978,0.2587412587412587,2.078267806016698,0.021978021978022,K,E;G;K;R;S,differs_from_consensus,True,True,scaffold_differs_from_msa_consensus,0.3764429678410569,surface,False,False,False,False,18.232027208246443,True,False,unassigned_manual_review,,not_annotated_no_domain_boundaries,,True,False
6E9F,A,VI-D,ternary,459,460,E,394.0,E,460.0,,GLU,True,1560,1561,four_layer_exact,high,0.9725274725274724,0.2464788732394366,2.33707591369517,0.0274725274725274,D,D;E;G;K;N;S,differs_from_consensus,True,True,scaffold_differs_from_msa_consensus,0.5775817248353268,surface,False,False,False,False,20.048544673527932,True,False,unassigned_manual_review,,not_annotated_no_domain_boundaries,,True,False
6E9F,A,VI-D,ternary,460,461,S,395.0,S,461.0,,SER,True,1612,1613,four_layer_exact,high,0.9615384615384616,0.15,2.6274251197114253,0.0384615384615384,K,A;D;I;K;L;P;Q;R;S;T;V,differs_from_consensus,True,True,scaffold_differs_from_msa_consensus,0.16993381371759703,buried_core,False,False,False,False,17.632038761497935,True,True,unassigned_manual_review,,not_annotated_no_domain_boundaries,,True,False
6E9F,A,VI-D,ternary,461,462,I,396.0,I,462.0,,ILE,True,1613,1614,four_layer_exact,high,0.9835164835164836,0.3125,1.6765038569311987,0.0164835164835165,I,F;I;L;V,matches_consensus,True,False,,0.04291064727045388,buried_core,False,False,False,False,13.678947496172512,True,True,unassigned_manual_review,,not_annotated_no_domain_boundaries,,True,False
6E9F,A,VI-D,ternary,462,463,R,397.0,R,463.0,,ARG,True,1615,1616,four_layer_exact,high,0.945054945054945,0.181159420289855,2.493729977501687,0.0549450549450549,N,A;D;E;K;L;N;Q;R,differs_from_consensus,True,True,scaffold_differs_from_msa_consensus,0.4080309711015718,surface,False,False,False,False,16.88749518402143,True,False,unassigned_manual_review,,not_annotated_no_domain_boundaries,,True,False
6E9F,A,VI-D,ternary,463,464,E,398.0,E,464.0,,GLU,True,1616,1617,four_layer_exact,high,0.934065934065934,0.2134650735294117,2.6291662866310275,0.0659340659340659,K,D;E;K;N;R;S;T;Y,differs_from_consensus,True,True,scaffold_differs_from_msa_consensus,0.36951553670117476,surface,False,False,False,False,18.176288610252453,True,False,unassigned_manual_review,,not_annotated_no_domain_boundaries,,True,False
6E9F,A,VI-D,ternary,464,465,V,399.0,V,465.0,,VAL,True,1617,1618,four_layer_exact,high,0.945054945054945,0.2608695652173913,2.1771218718041907,0.0549450549450549,I,A;F;I;L;M;V,differs_from_consensus,True,True,scaffold_differs_from_msa_consensus,0.0,buried_core,False,False,False,False,13.553582167542926,True,True,unassigned_manual_review,,not_annotated_no_domain_boundaries,,True,False
6E9F,A,VI-D,ternary,465,466,A,400.0,A,466.0,,ALA,True,1618,1619,four_layer_exact,high,0.8846153846153846,0.2047244094488189,2.4295383116632627,0.1153846153846154,L,A;C;I;K;L;V,differs_from_consensus,True,True,scaffold_differs_from_msa_consensus,0.09242029811369862,buried_core,False,False,False,False,14.433073675357198,True,True,unassigned_manual_review,,not_annotated_no_domain_boundaries,,True,False
6E9F,A,VI-D,ternary,466,467,D,401.0,D,467.0,,ASP,True,1619,1620,four_layer_exact,high,0.8736263736263736,0.24,2.27293731708002,0.1263736263736263,P,D;E;K;N;P;S,differs_from_consensus,True,True,scaffold_differs_from_msa_consensus,0.4096855592329091,surface,False,False,False,False,16.644451418927417,True,False,unassigned_manual_review,,not_annotated_no_domain_boundaries,,True,False
6E9F,A,VI-D,ternary,467,468,A,402.0,A,468.0,,ALA,True,1620,1621,four_layer_exact,high,0.8571428571428571,0.1226946721311475,2.6848771729341925,0.1428571428571429,A,A;K;L;M;Q;R;S,matches_consensus,True,False,,0.13106042654696767,buried_core,False,False,False,False,15.914501241309953,True,True,unassigned_manual_review,,not_annotated_no_domain_boundaries,,True,False
6E9F,A,VI-D,ternary,468,469,L,403.0,L,469.0,,LEU,True,1621,1622,four_layer_exact,high,0.8571428571428571,0.221311475409836,1.9900906288311284,0.1428571428571429,L,F;I;L;M;V,matches_consensus,True,False,,0.022000026309592424,buried_core,False,False,False,False,11.48071337797234,True,True,unassigned_manual_review,,not_annotated_no_domain_boundaries,,True,False
6E9F,A,VI-D,ternary,469,470,D,404.0,D,470.0,,ASP,True,1642,1643,four_layer_exact,high,0.8131868131868132,0.3274336283185841,2.0235842718943307,0.1868131868131868,N,D;E;K;N;S,differs_from_consensus,True,True,scaffold_differs_from_msa_consensus,0.38333863313778366,surface,False,False,False,False,13.977910884013825,True,False,unassigned_manual_review,,not_annotated_no_domain_boundaries,,True,False
6E9F,A,VI-D,ternary,470,471,G,405.0,G,471.0,,GLY,True,1643,1644,four_layer_exact,high,0.6868131868131868,0.5420138888888889,1.5542509616949942,0.3131868131868132,G,A;E;G;K,matches_consensus,False,False,,0.7448081821606347,surface,False,False,False,False,12.864433655529957,True,False,unassigned_manual_review,,not_annotated_no_domain_boundaries,,False,False
6E9F,A,VI-D,ternary,471,472,D,406.0,D,472.0,,ASP,True,1649,1650,four_layer_exact,high,0.6703296703296703,0.2992097701149425,2.234683528872811,0.3296703296703297,K,A;D;K;N;S,differs_from_consensus,False,True,scaffold_differs_from_msa_consensus,0.43118642402189195,surface,False,False,False,False,15.007712587457734,True,False,unassigned_manual_review,,not_annotated_no_domain_boundaries,,False,False
6E9F,A,VI-D,ternary,472,473,N,407.0,N,473.0,,ASN,True,1650,1651,four_layer_exact,high,0.6703296703296703,0.2640086206896552,2.3083275238481704,0.3296703296703297,N,A;E;K;N;S;T;Y,matches_consensus,False,False,,0.11240728067518867,buried_core,False,False,False,False,17.278410129795954,True,True,unassigned_manual_review,,not_annotated_no_domain_boundaries,,False,False
6E9F,A,VI-D,ternary,473,474,I,408.0,I,474.0,,ILE,True,1698,1699,four_layer_exact,high,0.7637362637362637,0.73046875,0.906308675562731,0.2362637362637363,I,I;L;V,matches_consensus,False,False,,0.25677266945025023,surface,False,False,False,False,13.201266138781392,True,False,unassigned_manual_review,,not_annotated_no_domain_boundaries,,False,False
6E9F,A,VI-D,ternary,474,475,K,409.0,K,475.0,,LYS,True,1713,1714,four_layer_exact,high,0.9505494505494504,0.5434782608695652,1.6373027553552315,0.0494505494505495,K,E;K;Q;R;S,matches_consensus,True,False,,0.5775327153213544,surface,False,False,False,False,16.636681260529457,True,False,unassigned_manual_review,,not_annotated_no_domain_boundaries,,True,False
6E9F,A,VI-D,ternary,475,476,K,410.0,K,476.0,,LYS,True,1715,1716,four_layer_exact,high,0.9395604395604396,0.1985294117647058,2.2649299702020453,0.0604395604395604,E,D;E;G;K;N;Q,differs_from_consensus,True,True,scaffold_differs_from_msa_consensus,0.5153993607653177,surface,False,False,False,False,19.318706998489052,True,False,unassigned_manual_review,,not_annotated_no_domain_boundaries,,True,False
6E9F,A,VI-D,ternary,476,477,L,411.0,L,477.0,,LEU,True,1716,1717,four_layer_exact,high,0.9395604395604396,0.2867647058823529,2.259406732441456,0.0604395604395604,L,A;F;I;K;L;M;V;Y,matches_consensus,True,False,,0.17423491674207747,buried_core,False,False,False,False,18.02654426510564,True,True,unassigned_manual_review,,not_annotated_no_domain_boundaries,,True,False
6E9F,A,VI-D,ternary,477,478,S,412.0,S,478.0,,SER,True,1717,1718,four_layer_exact,high,0.934065934065934,0.2298611111111111,2.4768306474043302,0.0659340659340659,K,D;E;K;N;Q;R;S;T,differs_from_consensus,True,True,scaffold_differs_from_msa_consensus,0.372634884715609,surface,False,False,False,False,16.007890017909105,True,False,unassigned_manual_review,,not_annotated_no_domain_boundaries,,True,False
6E9F,A,VI-D,ternary,478,479,K,413.0,K,479.0,,LYS,True,1718,1719,four_layer_exact,high,0.9175824175824177,0.3169981060606061,2.321887168082493,0.0824175824175824,K,A;D;G;K;N;P;R;S,matches_consensus,True,False,,0.7105509431143331,surface,False,False,False,False,20.54786017909731,True,False,unassigned_manual_review,,not_annotated_no_domain_boundaries,,True,False
6E9F,A,VI-D,ternary,479,480,S,414.0,S,480.0,,SER,True,1719,1720,four_layer_exact,high,0.7197802197802198,0.2346938775510204,2.2606185232570297,0.2802197802197802,D,D;E;K;N;R;S,differs_from_consensus,False,True,scaffold_differs_from_msa_consensus,0.36220820218676064,surface,False,False,False,False,22.63774267437968,True,False,unassigned_manual_review,,not_annotated_no_domain_boundaries,,False,False
6E9F,A,VI-D,ternary,480,481,N,415.0,N,481.0,,ASN,True,1720,1721,four_layer_exact,high,0.6868131868131868,0.2282608695652173,2.501347899829055,0.3131868131868132,K,D;E;G;H;K;N;P;S,differs_from_consensus,False,True,scaffold_differs_from_msa_consensus,0.48917407327976603,surface,False,False,False,False,25.25785120176698,True,False,unassigned_manual_review,,not_annotated_no_domain_boundaries,,False,False
6E9F,A,VI-D,ternary,481,482,I,416.0,I,482.0,,ILE,True,1721,1722,four_layer_exact,high,0.6263736263736264,0.1481481481481481,2.7165792703980234,0.3736263736263736,D,D;E;I;K;L;S;T;V,differs_from_consensus,False,True,scaffold_differs_from_msa_consensus,0.438156747305527,surface,False,False,False,False,22.996825349550463,True,False,unassigned_manual_review,,not_annotated_no_domain_boundaries,,False,False
6E9F,A,VI-D,ternary,482,483,E,417.0,E,483.0,,GLU,True,1722,1723,four_layer_exact,high,0.4230769230769231,0.2391304347826087,2.403212749310924,0.5769230769230769,S,D;E;I;K;S;V,differs_from_consensus,False,True,scaffold_differs_from_msa_consensus,0.6191910629426661,surface,False,False,False,False,26.923936949383094,True,False,unassigned_manual_review,,not_annotated_no_domain_boundaries,,False,False
6E9F,A,VI-D,ternary,483,484,I,418.0,I,484.0,,ILE,True,1779,1780,four_layer_exact,high,0.912087912087912,0.3435114503816794,1.9320333962666136,0.0879120879120879,F,F;I;L;V;Y,differs_from_consensus,True,True,scaffold_differs_from_msa_consensus,0.11985848944054102,buried_core,False,False,False,False,22.90549393167116,True,True,unassigned_manual_review,,not_annotated_no_domain_boundaries,,True,False
6E9F,A,VI-D,ternary,484,485,Q,419.0,Q,485.0,,GLN,True,1780,1781,four_layer_exact,high,0.934065934065934,0.2518518518518518,2.1702756729707864,0.0659340659340659,K,A;D;K;N;P;R;S;T,differs_from_consensus,True,True,scaffold_differs_from_msa_consensus,0.766636516219674,surface,False,False,False,False,26.530011113536318,True,False,unassigned_manual_review,,not_annotated_no_domain_boundaries,,True,False
6E9F,A,VI-D,ternary,485,486,E,420.0,E,486.0,,GLU,True,1792,1793,four_layer_exact,high,0.6813186813186813,0.3642361111111111,1.915310982998874,0.3186813186813186,E,D;E;G;K;N;S,matches_consensus,False,False,,0.05887823620047998,buried_core,False,False,False,False,21.53705753469375,True,True,unassigned_manual_review,,not_annotated_no_domain_boundaries,,False,False
6E9F,A,VI-D,ternary,486,487,D,421.0,D,487.0,,ASP,True,1799,1800,four_layer_exact,high,0.4725274725274725,0.2327044025157232,2.5025146555781848,0.5274725274725275,I,F;G;I;K;L;N;S;V,differs_from_consensus,False,True,scaffold_differs_from_msa_consensus,0.5373548060379697,surface,False,False,False,False,24.118827462840905,True,False,unassigned_manual_review,,not_annotated_no_domain_boundaries,,False,False
6E9F,A,VI-D,ternary,487,488,K,422.0,K,488.0,,LYS,True,1800,1801,four_layer_exact,high,0.9065934065934066,0.1444711538461538,2.631169441935095,0.0934065934065934,K,A;D;E;K;M;Q;S;V,matches_consensus,True,False,,0.40635436027521743,surface,False,False,False,False,20.74045282691158,True,False,unassigned_manual_review,,not_annotated_no_domain_boundaries,,True,False
6E9F,A,VI-D,ternary,488,489,L,423.0,L,489.0,,LEU,True,1801,1802,four_layer_exact,high,0.9285714285714286,0.3507462686567164,1.6554692045209036,0.0714285714285714,L,F;I;L;V,matches_consensus,True,False,,0.012016201154626033,buried_core,False,False,False,False,17.546623731574943,True,True,unassigned_manual_review,,not_annotated_no_domain_boundaries,,True,False
6E9F,A,VI-D,ternary,489,490,R,424.0,R,490.0,,ARG,True,1818,1819,four_layer_exact,high,0.9010989010989012,0.3023255813953488,2.0708367394739287,0.0989010989010988,E,D;E;N;P;S,differs_from_consensus,True,True,scaffold_differs_from_msa_consensus,0.4575465530994634,surface,False,False,False,False,20.773448634886915,True,False,unassigned_manual_review,,not_annotated_no_domain_boundaries,,True,False
6E9F,A,VI-D,ternary,490,491,K,425.0,K,491.0,,LYS,True,1819,1820,four_layer_exact,high,0.9010989010989012,0.1937984496124031,2.2989603811603,0.0989010989010988,E,A;D;E;G;K;N;S,differs_from_consensus,True,True,scaffold_differs_from_msa_consensus,0.6134205126339717,surface,False,False,False,False,19.13356280190783,True,False,unassigned_manual_review,,not_annotated_no_domain_boundaries,,True,False
6E9F,A,VI-D,ternary,491,492,C,426.0,C,492.0,,CYS,True,1820,1821,four_layer_exact,high,0.8791208791208791,0.2566137566137565,2.348692044329717,0.1208791208791209,I,I;L;V;Y,differs_from_consensus,True,True,scaffold_differs_from_msa_consensus,0.17589036077326187,buried_core,False,False,False,False,15.120344398271415,True,True,unassigned_manual_review,,not_annotated_no_domain_boundaries,,True,False
6E9F,A,VI-D,ternary,492,493,F,427.0,F,493.0,,PHE,True,1851,1852,four_layer_exact,high,0.5494505494505495,0.1641791044776119,2.7773561777617397,0.4505494505494505,V,A;C;G;L;T;V,differs_from_consensus,False,True,scaffold_differs_from_msa_consensus,0.1949557209087194,buried_core,False,False,False,False,15.552765349889237,True,True,unassigned_manual_review,,not_annotated_no_domain_boundaries,,False,False
6E9F,A,VI-D,ternary,493,494,I,428.0,I,494.0,,ILE,True,1852,1853,four_layer_exact,high,0.6318681318681318,0.1916666666666666,2.477836666832085,0.3681318681318681,K,A;F;I;K;L;M;R;S;V,differs_from_consensus,False,True,scaffold_differs_from_msa_consensus,0.042219433097980805,buried_core,False,False,False,False,11.55358639489839,True,True,unassigned_manual_review,,not_annotated_no_domain_boundaries,,False,False
6E9F,A,VI-D,ternary,494,495,S,429.0,S,495.0,,SER,True,1853,1854,four_layer_exact,high,0.8461538461538461,0.2166666666666666,2.318497798458601,0.1538461538461538,I,I;K;L;Q;R;S;V,differs_from_consensus,True,True,scaffold_differs_from_msa_consensus,0.1903861899426576,buried_core,False,False,False,False,15.403913512157379,True,True,unassigned_manual_review,,not_annotated_no_domain_boundaries,,True,False
6E9F,A,VI-D,ternary,495,496,Y,430.0,Y,496.0,,TYR,True,1854,1855,four_layer_exact,high,0.8846153846153846,0.2020997375328083,2.424667976800019,0.1153846153846154,S,E;G;I;K;L;N;S;T,differs_from_consensus,True,True,scaffold_differs_from_msa_consensus,0.31641270707348274,surface,False,False,False,False,18.169250687677142,True,False,unassigned_manual_review,,not_annotated_no_domain_boundaries,,True,False
6E9F,A,VI-D,ternary,496,497,A,431.0,A,497.0,,ALA,True,1855,1856,four_layer_exact,high,0.9065934065934066,0.2121212121212121,2.4640271150506643,0.0934065934065934,S,A;D;E;G;K;N;P;R;S;T,differs_from_consensus,True,True,scaffold_differs_from_msa_consensus,0.008305883907462949,buried_core,False,False,False,False,19.605602149884874,True,True,unassigned_manual_review,,not_annotated_no_domain_boundaries,,True,False
6E9F,A,VI-D,ternary,497,498,D,432.0,D,498.0,,ASP,True,1856,1857,four_layer_exact,high,0.945054945054945,0.2302158273381295,2.310045202045129,0.0549450549450549,E,A;D;E;K;N;S,differs_from_consensus,True,True,scaffold_differs_from_msa_consensus,0.6852417153933198,surface,False,False,False,False,21.632025117862447,True,False,unassigned_manual_review,,not_annotated_no_domain_boundaries,,True,False
6E9F,A,VI-D,ternary,498,499,S,433.0,S,499.0,,SER,True,1857,1858,four_layer_exact,high,0.967032967032967,0.3617021276595745,1.9119688492247584,0.0329670329670329,N,D;E;K;N;S,differs_from_consensus,True,True,scaffold_differs_from_msa_consensus,0.5380060519465293,surface,False,False,False,False,18.513270369184493,True,False,unassigned_manual_review,,not_annotated_no_domain_boundaries,,True,False
6E9F,A,VI-D,ternary,499,500,V,434.0,V,500.0,,VAL,True,1859,1860,four_layer_exact,high,0.978021978021978,0.3426573426573426,1.9582044525873452,0.021978021978022,A,A;I;T;V,differs_from_consensus,True,True,scaffold_differs_from_msa_consensus,0.06627359420971483,buried_core,False,False,False,False,16.534741291558994,True,True,unassigned_manual_review,,not_annotated_no_domain_boundaries,,True,False
6E9F,A,VI-D,ternary,500,501,S,435.0,S,501.0,,SER,True,1866,1867,four_layer_exact,high,0.9945054945054944,0.3789954337899544,2.033045624361181,0.0054945054945054,S,D;H;N;S;T,matches_consensus,True,False,,0.09425685982387964,buried_core,False,False,False,False,18.670774068962633,True,True,unassigned_manual_review,,not_annotated_no_domain_boundaries,,True,False
6E9F,A,VI-D,ternary,501,502,E,436.0,E,502.0,,GLU,True,1867,1868,four_layer_exact,high,1.0,0.3605442176870748,2.272974925393071,0.0,Y,D;L;P;S;T;Y,differs_from_consensus,True,True,scaffold_differs_from_msa_consensus,0.17899696087118855,buried_core,False,False,False,False,19.602029108006285,True,True,unassigned_manual_review,,not_annotated_no_domain_boundaries,,True,False
6E9F,A,VI-D,ternary,502,503,F,437.0,F,503.0,,PHE,True,1868,1869,four_layer_exact,high,1.0,0.8979591836734694,0.4738477239414613,0.0,F,F;L,matches_consensus,True,False,,0.014145020922788045,buried_core,False,False,False,False,13.689626454375528,True,True,unassigned_manual_review,,not_annotated_no_domain_boundaries,,True,False
6E9F,A,VI-D,ternary,503,504,T,438.0,T,504.0,,THR,True,1869,1870,four_layer_exact,high,1.0,0.3469387755102041,1.6809986183902323,0.0,S,A;C;S;T;V,differs_from_consensus,True,True,scaffold_differs_from_msa_consensus,0.0,buried_core,False,False,False,False,14.217148232045096,True,True,unassigned_manual_review,,not_annotated_no_domain_boundaries,,True,False
6E9F,A,VI-D,ternary,504,505,K,439.0,K,505.0,,LYS,True,1870,1871,four_layer_exact,high,1.0,0.7278911564625851,1.172430109044073,0.0,K,E;K;Q,matches_consensus,True,False,,0.022887940159395662,buried_core,False,False,False,False,17.46432038593612,True,True,unassigned_manual_review,,not_annotated_no_domain_boundaries,,True,False
6E9F,A,VI-D,ternary,505,506,L,440.0,L,506.0,,LEU,True,1871,1872,four_layer_exact,high,1.0,0.564625850340136,1.480645417410278,0.0,L,I;L;M;V,matches_consensus,True,False,,0.0060081005773130166,buried_core,False,False,False,False,16.941264016012088,True,True,unassigned_manual_review,,not_annotated_no_domain_boundaries,,True,False
6E9F,A,VI-D,ternary,506,507,I,441.0,I,507.0,,ILE,True,1872,1873,four_layer_exact,high,1.0,0.4149659863945578,1.4337109365189795,0.0,I,I;L;M;V,matches_consensus,True,False,,0.0,buried_core,False,False,False,False,12.340748871438073,True,True,unassigned_manual_review,,not_annotated_no_domain_boundaries,,True,False
6E9F,A,VI-D,ternary,507,508,Y,442.0,Y,508.0,,TYR,True,1873,1874,four_layer_exact,high,1.0,0.782312925170068,0.8904468001169228,0.0,Y,A;F;Y,matches_consensus,True,False,,0.020887697004907977,buried_core,False,False,False,False,12.128282047597565,True,True,unassigned_manual_review,,not_annotated_no_domain_boundaries,,True,False
6E9F,A,VI-D,ternary,508,509,L,443.0,L,509.0,,LEU,True,1874,1875,four_layer_exact,high,1.0,0.3537414965986394,1.6924165180236204,0.0,F,A;F;L;M;V,differs_from_consensus,True,True,scaffold_differs_from_msa_consensus,0.0,buried_core,False,False,False,False,15.401524344416183,True,True,unassigned_manual_review,,not_annotated_no_domain_boundaries,,True,False
6E9F,A,VI-D,ternary,509,510,L,444.0,L,510.0,,LEU,True,1875,1876,four_layer_exact,high,1.0,0.5510204081632653,1.3299700895444704,0.0,L,I;L;M;V,matches_consensus,True,False,,0.0,buried_core,False,False,False,False,13.341178770065934,True,True,unassigned_manual_review,,not_annotated_no_domain_boundaries,,True,False
6E9F,A,VI-D,ternary,510,511,T,445.0,T,511.0,,THR,True,1876,1877,four_layer_exact,high,1.0,0.564625850340136,1.100496697203287,0.0,T,C;S;T,matches_consensus,True,False,,0.013250507209899053,buried_core,False,False,False,False,10.150804664644673,True,True,unassigned_manual_review,,not_annotated_no_domain_boundaries,,True,False
6E9F,A,VI-D,ternary,511,512,R,446.0,R,512.0,,ARG,True,1877,1878,four_layer_exact,high,1.0,0.3129251700680272,2.220253024889425,0.0,L,F;K;L;M;N;R,differs_from_consensus,True,True,scaffold_differs_from_msa_consensus,0.007982397100106621,buried_core,False,False,False,False,9.368535316451812,True,True,unassigned_manual_review,,not_annotated_no_domain_boundaries,,True,False
6E9F,A,VI-D,ternary,512,513,F,447.0,F,513.0,,PHE,True,1878,1879,four_layer_exact,high,1.0,0.9183673469387756,0.3416338748989142,0.0,F,F;L,matches_consensus,True,False,,0.03685004406856731,buried_core,False,False,False,False,12.833443359641496,True,True,unassigned_manual_review,,not_annotated_no_domain_boundaries,,True,False
6E9F,A,VI-D,ternary,513,514,L,448.0,L,514.0,,LEU,True,1879,1880,four_layer_exact,high,1.0,0.8231292517006803,0.6978446422888986,0.0,L,I;L,matches_consensus,True,False,,0.034913878953178504,buried_core,False,False,False,False,8.896496239424215,True,True,unassigned_manual_review,,not_annotated_no_domain_boundaries,,True,False
6E9F,A,VI-D,ternary,514,515,S,449.0,S,515.0,,SER,True,1880,1881,four_layer_exact,high,1.0,0.7959183673469388,0.7786317192627682,0.0,D,D;E;N,differs_from_consensus,True,True,scaffold_differs_from_msa_consensus,0.05924346513784651,buried_core,False,True,False,False,6.372494401745283,True,True,unassigned_manual_review,,not_annotated_no_domain_boundaries,,True,False
6E9F,A,VI-D,ternary,515,516,G,450.0,G,516.0,,GLY,True,1881,1882,four_layer_exact,high,1.0,0.8435374149659864,0.7604654682901153,0.0,G,G;K,matches_consensus,True,False,,0.021914300385602277,buried_core,True,False,True,False,3.5761991774690283,True,True,unassigned_manual_review,,not_annotated_no_domain_boundaries,,True,False
6E9F,A,VI-D,ternary,516,517,K,451.0,K,517.0,,LYS,True,1882,1883,four_layer_exact,high,1.0,0.9931972789115646,0.0407280509323613,0.0,K,K,matches_consensus,True,False,,0.4197005380829973,surface,True,False,True,True,4.1877691718531365,True,False,unassigned_manual_review,,not_annotated_no_domain_boundaries,,True,False
6E9F,A,VI-D,ternary,517,518,E,452.0,E,518.0,,GLU,True,1883,1884,four_layer_exact,high,1.0,0.9727891156462584,0.1402106888660079,0.0,E,E,matches_consensus,True,False,,0.05407348721365164,buried_core,False,True,False,False,6.500069300959726,True,True,unassigned_manual_review,,not_annotated_no_domain_boundaries,,True,False
6E9F,A,VI-D,ternary,518,519,I,453.0,I,519.0,,ILE,True,1884,1885,four_layer_exact,high,1.0,0.8775510204081632,0.5693343986134891,0.0,I,I,matches_consensus,True,False,,0.036780554803246185,buried_core,False,True,False,False,6.046909398433812,True,True,unassigned_manual_review,,not_annotated_no_domain_boundaries,,True,False
6E9F,A,VI-D,ternary,519,520,N,454.0,N,520.0,,ASN,True,1885,1886,four_layer_exact,high,1.0,1.0,-0.0,0.0,N,N,matches_consensus,True,False,,0.05900555432703906,buried_core,True,False,True,True,2.450245519230004,True,True,unassigned_manual_review,,not_annotated_no_domain_boundaries,,True,False
6E9F,A,VI-D,ternary,520,521,D,455.0,D,521.0,,ASP,True,1886,1887,four_layer_exact,high,1.0,0.4897959183673469,1.3634847226218587,0.0,D,D;E;I,matches_consensus,True,False,,0.12566292481484886,buried_core,True,False,False,True,3.0012338370546496,True,True,unassigned_manual_review,,not_annotated_no_domain_boundaries,,True,False
6E9F,A,VI-D,ternary,521,522,L,456.0,L,522.0,,LEU,True,1887,1888,four_layer_exact,high,1.0,0.8503401360544217,0.5510940293246659,0.0,L,F;L,matches_consensus,True,False,,0.0,buried_core,False,True,False,False,6.349655195208645,True,True,unassigned_manual_review,,not_annotated_no_domain_boundaries,,True,False
6E9F,A,VI-D,ternary,522,523,V,457.0,V,523.0,,VAL,True,1888,1889,four_layer_exact,high,1.0,0.7074829931972789,1.094446455166942,0.0,L,F;I;L;V,differs_from_consensus,True,True,scaffold_differs_from_msa_consensus,0.0,buried_core,False,True,False,False,5.806919686764958,True,True,unassigned_manual_review,,not_annotated_no_domain_boundaries,,True,False
6E9F,A,VI-D,ternary,523,524,T,458.0,T,524.0,,THR,True,1889,1890,four_layer_exact,high,1.0,0.7006802721088435,0.9855207153732972,0.0,T,C;S;T,matches_consensus,True,False,,0.0,buried_core,True,False,True,True,3.070551705079678,True,True,unassigned_manual_review,,not_annotated_no_domain_boundaries,,True,False
6E9F,A,VI-D,ternary,524,525,T,459.0,T,525.0,,THR,True,1890,1891,four_layer_exact,high,1.0,0.4421768707482993,1.7109871039484106,0.0,T,A;G;S;T,matches_consensus,True,False,,0.1825484512618478,buried_core,True,False,False,True,4.170680471909361,True,True,unassigned_manual_review,,not_annotated_no_domain_boundaries,,True,False
6E9F,A,VI-D,ternary,525,526,L,460.0,L,526.0,,LEU,True,1891,1892,four_layer_exact,high,1.0,0.782312925170068,0.862810340609705,0.0,L,I;L;M;Y,matches_consensus,True,False,,0.0,buried_core,False,True,False,False,6.817700857228928,True,True,unassigned_manual_review,,not_annotated_no_domain_boundaries,,True,False
6E9F,A,VI-D,ternary,526,527,I,461.0,I,527.0,,ILE,True,1892,1893,four_layer_exact,high,1.0,0.7891156462585034,0.876635168330833,0.0,I,I;V,matches_consensus,True,False,,0.02452036986883079,buried_core,True,False,False,True,3.691654642407406,True,True,unassigned_manual_review,,not_annotated_no_domain_boundaries,,True,False
6E9F,A,VI-D,ternary,527,528,N,462.0,N,528.0,,ASN,True,1893,1894,four_layer_exact,high,1.0,0.6938775510204082,1.0712944490502216,0.0,N,H;N;S,matches_consensus,True,False,,0.09533847613409398,buried_core,True,False,True,True,3.3602711253203252,True,True,unassigned_manual_review,,not_annotated_no_domain_boundaries,,True,False
6E9F,A,VI-D,ternary,528,529,K,463.0,K,529.0,,LYS,True,1894,1895,four_layer_exact,high,1.0,0.8571428571428571,0.6733816047923615,0.0,K,K,matches_consensus,True,False,,0.0989588374047507,buried_core,True,False,True,False,4.871781655834391,True,True,unassigned_manual_review,,not_annotated_no_domain_boundaries,,True,False
6E9F,A,VI-D,ternary,529,530,F,464.0,F,530.0,,PHE,True,1895,1896,four_layer_exact,high,1.0,0.8163265306122449,0.6652628659212857,0.0,F,F;L,matches_consensus,True,False,,0.005031784233499651,buried_core,False,False,False,False,8.04513650361877,True,True,unassigned_manual_review,,not_annotated_no_domain_boundaries,,True,False
6E9F,A,VI-D,ternary,530,531,D,465.0,D,531.0,,ASP,True,1896,1897,four_layer_exact,high,1.0,0.4897959183673469,1.2275483767033433,0.0,D,D;E,matches_consensus,True,False,,0.02775800580473369,buried_core,True,False,False,True,4.7822483902017865,True,True,unassigned_manual_review,,not_annotated_no_domain_boundaries,,True,False
6E9F,A,VI-D,ternary,531,532,N,466.0,N,532.0,,ASN,True,1897,1898,four_layer_exact,high,1.0,0.7755102040816326,0.9738557928909876,0.0,N,N;S,matches_consensus,True,False,,0.011216291309893408,buried_core,True,False,True,False,2.347387695049158,True,True,unassigned_manual_review,,not_annotated_no_domain_boundaries,,True,False
6E9F,A,VI-D,ternary,532,533,I,467.0,I,533.0,,ILE,True,1898,1899,four_layer_exact,high,1.0,0.9727891156462584,0.153200773933249,0.0,I,I,matches_consensus,True,False,,0.0,buried_core,False,True,False,False,6.022753810819747,True,True,unassigned_manual_review,,not_annotated_no_domain_boundaries,,True,False
6E9F,A,VI-D,ternary,533,534,R,468.0,R,534.0,,ARG,True,1899,1900,four_layer_exact,high,1.0,0.3469387755102041,2.0446377815591643,0.0,A,A;D;N;Q;R;S,differs_from_consensus,True,True,scaffold_differs_from_msa_consensus,0.14909379587939736,buried_core,False,True,False,False,6.321906490545152,True,True,unassigned_manual_review,,not_annotated_no_domain_boundaries,,True,False
6E9F,A,VI-D,ternary,534,535,S,469.0,S,535.0,,SER,True,1900,1901,four_layer_exact,high,1.0,0.6054421768707483,1.353568709219572,0.0,S,A;D;G;S,matches_consensus,True,False,,0.036320216156567706,buried_core,True,False,True,False,4.708220451206077,True,True,unassigned_manual_review,,not_annotated_no_domain_boundaries,,True,False
6E9F,A,VI-D,ternary,535,536,F,470.0,F,536.0,,PHE,True,1901,1902,four_layer_exact,high,1.0,0.6190476190476191,0.9068532215822056,0.0,F,F;L,matches_consensus,True,False,,0.015095352700498953,buried_core,True,False,True,False,3.6113409884508303,True,True,unassigned_manual_review,,not_annotated_no_domain_boundaries,,True,False
6E9F,A,VI-D,ternary,536,537,L,471.0,L,537.0,,LEU,True,1902,1903,four_layer_exact,high,1.0,0.3741496598639456,1.895009882115032,0.0,I,I;L;M;N;V,differs_from_consensus,True,True,scaffold_differs_from_msa_consensus,0.0627018130176771,buried_core,False,False,False,False,9.357320345320527,True,True,unassigned_manual_review,,not_annotated_no_domain_boundaries,,True,False
6E9F,A,VI-D,ternary,537,538,E,472.0,E,538.0,,GLU,True,1903,1904,four_layer_exact,high,1.0,0.3469387755102041,2.0107811541491083,0.0,D,D;E;K;N;Q;S,differs_from_consensus,True,True,scaffold_differs_from_msa_consensus,0.3948407744411875,surface,False,False,False,False,10.314543019645596,True,False,unassigned_manual_review,,not_annotated_no_domain_boundaries,,True,False
6E9F,A,VI-D,ternary,538,539,I,473.0,I,539.0,,ILE,True,1904,1905,four_layer_exact,high,1.0,0.3741496598639456,1.562613437700859,0.0,V,I;L;T;V,differs_from_consensus,True,True,scaffold_differs_from_msa_consensus,0.006130092467207697,buried_core,False,True,False,False,7.7449829557035255,True,True,unassigned_manual_review,,not_annotated_no_domain_boundaries,,True,False
6E9F,A,VI-D,ternary,539,540,M,474.0,M,540.0,,MET,True,1913,1914,four_layer_exact,high,1.0,0.3071853741496598,1.8058501554481996,0.0,L,A;I;L;M,differs_from_consensus,True,True,scaffold_differs_from_msa_consensus,0.0,buried_core,False,False,False,False,10.40170834713424,True,True,unassigned_manual_review,,not_annotated_no_domain_boundaries,,True,False
6E9F,A,VI-D,ternary,540,541,D,475.0,D,541.0,,ASP,True,1914,1915,four_layer_exact,high,0.9945054945054944,0.3219178082191781,2.0026462262962146,0.0054945054945054,K,D;E;K;N;R,differs_from_consensus,True,True,scaffold_differs_from_msa_consensus,0.419897786345026,surface,False,False,False,False,13.371935598398725,True,False,unassigned_manual_review,,not_annotated_no_domain_boundaries,,True,False
6E9F,A,VI-D,ternary,541,542,E,476.0,E,542.0,,GLU,True,1924,1925,four_layer_exact,high,0.978021978021978,0.2307692307692307,2.266336114137132,0.021978021978022,E,D;E;K;Q;S,matches_consensus,True,False,,0.486840864252043,surface,False,False,False,False,12.26956768800063,True,False,unassigned_manual_review,,not_annotated_no_domain_boundaries,,True,False
6E9F,A,VI-D,ternary,542,543,L,477.0,L,543.0,,LEU,True,1925,1926,four_layer_exact,high,0.967032967032967,0.4113475177304964,2.09769891143406,0.0329670329670329,L,C;E;I;L;Q,matches_consensus,True,False,,0.1907262462975783,buried_core,False,False,False,False,12.744238335688857,True,True,unassigned_manual_review,,not_annotated_no_domain_boundaries,,True,False
6E9F,A,VI-D,ternary,543,544,G,478.0,G,544.0,,GLY,True,1951,1952,four_layer_exact,high,0.956043956043956,0.4964028776978417,1.6967490771387137,0.0439560439560439,G,D;G;K;N;S,matches_consensus,True,False,,0.6692943236987302,surface,False,False,False,False,16.85045729615055,True,False,unassigned_manual_review,,not_annotated_no_domain_boundaries,,True,False
6E9F,A,VI-D,ternary,544,545,L,479.0,L,545.0,,LEU,True,1952,1953,four_layer_exact,high,0.934065934065934,0.2962962962962963,2.233178555701175,0.0659340659340659,L,E;I;K;L;M;V,matches_consensus,True,False,,0.17947653123117135,buried_core,False,False,False,False,12.453913913330478,True,True,unassigned_manual_review,,not_annotated_no_domain_boundaries,,True,False
6E9F,A,VI-D,ternary,545,546,D,480.0,D,546.0,,ASP,True,1953,1954,four_layer_exact,high,0.967032967032967,0.2413563829787234,2.1898049691173327,0.0329670329670329,E,D;E;K;N;P;S,differs_from_consensus,True,True,scaffold_differs_from_msa_consensus,0.3799080139600637,surface,False,False,False,False,15.091710339473968,True,False,unassigned_manual_review,,not_annotated_no_domain_boundaries,,True,False
6E9F,A,VI-D,ternary,546,547,R,481.0,R,547.0,,ARG,True,1954,1955,four_layer_exact,high,0.956043956043956,0.1726618705035971,2.4325451488115584,0.0439560439560439,V,A;C;I;L;R;S;T;V,differs_from_consensus,True,True,scaffold_differs_from_msa_consensus,0.2551105777821027,surface,False,False,False,False,14.985298650056349,True,False,unassigned_manual_review,,not_annotated_no_domain_boundaries,,True,False
6E9F,A,VI-D,ternary,547,548,T,482.0,T,548.0,,THR,True,1981,1982,four_layer_exact,high,0.9725274725274724,0.2394366197183098,2.4260502226502383,0.0274725274725274,E,D;E;K;N;S;T,differs_from_consensus,True,True,scaffold_differs_from_msa_consensus,0.516186175555438,surface,False,False,False,False,18.16780181630919,True,False,unassigned_manual_review,,not_annotated_no_domain_boundaries,,True,False
6E9F,A,VI-D,ternary,548,549,F,483.0,F,549.0,,PHE,True,1982,1983,four_layer_exact,high,0.989010989010989,0.7931034482758621,0.7019234381787381,0.0109890109890109,F,F;L;Y,matches_consensus,True,False,,0.07143060160418137,buried_core,False,False,False,False,13.95243856394891,True,True,unassigned_manual_review,,not_annotated_no_domain_boundaries,,True,False
6E9F,A,VI-D,ternary,549,550,T,484.0,T,550.0,,THR,True,1995,1996,four_layer_exact,high,0.9615384615384616,0.2285714285714285,2.402960687402209,0.0384615384615384,T,A;E;K;Q;R;S;T;V,matches_consensus,True,False,,0.18956954554114966,buried_core,False,False,False,False,19.022997303628348,True,True,unassigned_manual_review,,not_annotated_no_domain_boundaries,,True,False
6E9F,A,VI-D,ternary,550,551,A,485.0,A,551.0,,ALA,True,2037,2038,four_layer_exact,high,1.0,0.2539682539682539,2.089227697560553,0.0,E,A;D;E;K;P,differs_from_consensus,True,True,scaffold_differs_from_msa_consensus,0.6954722411438371,surface,False,False,False,False,22.47028936131733,True,False,unassigned_manual_review,,not_annotated_no_domain_boundaries,,True,False
6E9F,A,VI-D,ternary,551,552,E,486.0,E,552.0,,GLU,True,2038,2039,four_layer_exact,high,1.0,0.272108843537415,2.0393084887849886,0.0,E,D;E;G;K;N,matches_consensus,True,False,,0.2889838660918974,surface,False,False,False,False,20.02290766262529,True,False,unassigned_manual_review,,not_annotated_no_domain_boundaries,,True,False
6E9F,A,VI-D,ternary,552,553,Y,487.0,Y,553.0,,TYR,True,2049,2050,four_layer_exact,high,0.9945054945054944,0.773972602739726,0.6761898808828565,0.0054945054945054,Y,F;Y,matches_consensus,True,False,,0.01681370832025885,buried_core,False,False,False,False,14.186335715645132,True,True,unassigned_manual_review,,not_annotated_no_domain_boundaries,,True,False
6E9F,A,VI-D,ternary,553,554,S,488.0,S,554.0,,SER,True,2051,2052,four_layer_exact,high,0.9945054945054944,0.2157534246575342,2.177386161055365,0.0054945054945054,K,A;E;K;R;S,differs_from_consensus,True,True,scaffold_differs_from_msa_consensus,0.37781782347048243,surface,False,False,False,False,19.45785734615189,True,False,unassigned_manual_review,,not_annotated_no_domain_boundaries,,True,False
6E9F,A,VI-D,ternary,554,555,F,489.0,F,555.0,,PHE,True,2052,2053,four_layer_exact,high,0.9945054945054944,0.3698630136986301,1.7387501761397035,0.0054945054945054,F,F;I;L;M;V,matches_consensus,True,False,,0.06371108013578052,buried_core,False,False,False,False,15.828124669638825,True,True,unassigned_manual_review,,not_annotated_no_domain_boundaries,,True,False
6E9F,A,VI-D,ternary,555,556,F,490.0,F,556.0,,PHE,True,2053,2054,four_layer_exact,high,1.0,0.8979591836734694,0.4030262359021584,0.0,F,F;L,matches_consensus,True,False,,0.005031784233499651,buried_core,False,False,False,False,12.563453525652005,True,True,unassigned_manual_review,,not_annotated_no_domain_boundaries,,True,False
6E9F,A,VI-D,ternary,556,557,E,491.0,E,557.0,,GLU,True,2077,2078,four_layer_exact,high,0.9725274725274724,0.323943661971831,2.0774301339406964,0.0274725274725274,N,A;D;E;K;N;S,differs_from_consensus,True,True,scaffold_differs_from_msa_consensus,0.31385091029170675,surface,False,False,False,False,16.099050248085685,True,False,unassigned_manual_review,,not_annotated_no_domain_boundaries,,True,False
6E9F,A,VI-D,ternary,557,558,G,492.0,G,558.0,,GLY,True,2094,2095,four_layer_exact,high,1.0,0.2244897959183673,2.406589494979646,0.0,N,D;E;K;N;Q;R;S,differs_from_consensus,True,True,scaffold_differs_from_msa_consensus,0.2024333558535254,surface,False,False,False,False,14.541122081362019,True,False,unassigned_manual_review,,not_annotated_no_domain_boundaries,,True,False
6E9F,A,VI-D,ternary,558,559,S,493.0,S,559.0,,SER,True,2095,2096,four_layer_exact,high,1.0,0.6326530612244898,1.2508471240780406,0.0,S,A;C;S,matches_consensus,True,False,,0.006912638864920777,buried_core,False,False,False,False,11.090732281440918,True,True,unassigned_manual_review,,not_annotated_no_domain_boundaries,,True,False
6E9F,A,VI-D,ternary,559,560,T,494.0,T,560.0,,THR,True,2096,2097,four_layer_exact,high,1.0,0.2108843537414966,2.222595186472575,0.0,G,A;D;E;G;K;R;S,differs_from_consensus,True,True,scaffold_differs_from_msa_consensus,0.4817683476485936,surface,False,False,False,False,10.099323482925898,True,False,unassigned_manual_review,,not_annotated_no_domain_boundaries,,True,False
6E9F,A,VI-D,ternary,560,561,K,495.0,K,561.0,,LYS,True,2097,2098,four_layer_exact,high,1.0,0.27437641723356,2.271048763197599,0.0,K,D;E;K;N;Q;R;T,matches_consensus,True,False,,0.40820071155086524,surface,False,False,False,False,12.270588558361982,True,False,unassigned_manual_review,,not_annotated_no_domain_boundaries,,True,False
6E9F,A,VI-D,ternary,561,562,Y,496.0,Y,562.0,,TYR,True,2098,2099,four_layer_exact,high,1.0,0.5782312925170068,1.424677957899505,0.0,I,I;V;Y,differs_from_consensus,True,True,scaffold_differs_from_msa_consensus,0.07740578500833341,buried_core,False,False,False,False,10.914391875110207,True,True,unassigned_manual_review,,not_annotated_no_domain_boundaries,,True,False
6E9F,A,VI-D,ternary,562,563,L,497.0,L,563.0,,LEU,True,2099,2100,four_layer_exact,high,1.0,0.5238095238095238,1.6623759917322187,0.0,A,A;C;S;V,differs_from_consensus,True,True,scaffold_differs_from_msa_consensus,0.14351695518895918,buried_core,False,True,False,False,5.732541691233226,True,True,unassigned_manual_review,,not_annotated_no_domain_boundaries,,True,False
6E9F,A,VI-D,ternary,563,564,A,498.0,A,564.0,,ALA,True,2104,2105,four_layer_exact,high,0.989010989010989,0.2068965517241379,2.340981317019028,0.0109890109890109,E,A;D;E;K;N;R;S,differs_from_consensus,True,True,scaffold_differs_from_msa_consensus,0.430488398651793,surface,False,False,False,False,9.367726590373191,True,False,unassigned_manual_review,,not_annotated_no_domain_boundaries,,True,False
6E9F,A,VI-D,ternary,564,565,E,499.0,E,565.0,,GLU,True,2105,2106,four_layer_exact,high,0.9945054945054944,0.5273972602739726,1.5192846228609018,0.0054945054945054,E,D;E;Q,matches_consensus,True,False,,0.0721514792497563,buried_core,False,False,False,False,11.479599285206731,True,True,unassigned_manual_review,,not_annotated_no_domain_boundaries,,True,False
6E9F,A,VI-D,ternary,565,566,L,500.0,L,566.0,,LEU,True,2106,2107,four_layer_exact,high,0.9945054945054944,0.821917808219178,0.5918675357263076,0.0054945054945054,L,I;L,matches_consensus,True,False,,0.0,buried_core,False,False,False,False,8.212287622818481,True,True,unassigned_manual_review,,not_annotated_no_domain_boundaries,,True,False
6E9F,A,VI-D,ternary,566,567,V,501.0,V,567.0,,VAL,True,2107,2108,four_layer_exact,high,0.9945054945054944,0.5958904109589042,1.604710796645177,0.0054945054945054,R,K;N;R;T,differs_from_consensus,True,True,scaffold_differs_from_msa_consensus,0.4456474120618057,surface,False,True,False,False,6.041611801515285,True,False,unassigned_manual_review,,not_annotated_no_domain_boundaries,,True,False
6E9F,A,VI-D,ternary,567,568,E,502.0,E,568.0,,GLU,True,2108,2109,four_layer_exact,high,1.0,0.2857142857142857,2.142879178549894,0.0,I,A;E;F;I;L;T;V,differs_from_consensus,True,True,scaffold_differs_from_msa_consensus,0.20686393021012806,surface,False,False,False,False,8.782968534583041,True,False,unassigned_manual_review,,not_annotated_no_domain_boundaries,,True,False
6E9F,A,VI-D,ternary,568,569,L,503.0,L,569.0,,LEU,True,2109,2110,four_layer_exact,high,1.0,0.3673469387755102,1.332497444898705,0.0,I,I;L;V,differs_from_consensus,True,True,scaffold_differs_from_msa_consensus,0.0060081005773130166,buried_core,False,True,False,False,7.822608780451531,True,True,unassigned_manual_review,,not_annotated_no_domain_boundaries,,True,False
6E9F,A,VI-D,ternary,569,570,N,504.0,N,570.0,,ASN,True,2110,2111,four_layer_exact,high,1.0,0.3877551020408163,1.5727945757315092,0.0,K,A;K;N,differs_from_consensus,True,True,scaffold_differs_from_msa_consensus,0.16336932672221824,buried_core,True,False,True,False,3.955664582541589,True,True,unassigned_manual_review,,not_annotated_no_domain_boundaries,,True,False
6E9F,A,VI-D,ternary,570,571,S,505.0,S,571.0,,SER,True,2111,2112,four_layer_exact,high,1.0,0.6394557823129252,1.1003041688611606,0.0,S,N;S,matches_consensus,True,False,,0.12542145894749038,buried_core,False,True,False,False,5.0124028348907625,True,True,unassigned_manual_review,,not_annotated_no_domain_boundaries,,True,False
6E9F,A,VI-D,ternary,571,572,F,506.0,F,572.0,,PHE,True,2112,2113,four_layer_exact,high,1.0,0.3945578231292517,1.3194395583553464,0.0,F,F;I;L;V,matches_consensus,True,False,,0.08319628497089561,buried_core,False,True,False,False,6.254287984087373,True,True,unassigned_manual_review,,not_annotated_no_domain_boundaries,,True,False
6E9F,A,VI-D,ternary,572,573,V,507.0,V,573.0,,VAL,True,2113,2114,four_layer_exact,high,1.0,0.6530612244897959,1.19525362353663,0.0,A,A;G;S,differs_from_consensus,True,True,scaffold_differs_from_msa_consensus,0.05776803903733374,buried_core,False,True,False,False,5.0911752370975,True,True,unassigned_manual_review,,not_annotated_no_domain_boundaries,,True,False
6E9F,A,VI-D,ternary,573,574,K,508.0,K,574.0,,LYS,True,2114,2115,four_layer_exact,high,1.0,0.6122448979591837,1.2143778303437045,0.0,R,K;R,differs_from_consensus,True,True,scaffold_differs_from_msa_consensus,0.40248860389130864,surface,True,False,True,False,4.08513451804796,True,False,unassigned_manual_review,,not_annotated_no_domain_boundaries,,True,False
6E9F,A,VI-D,ternary,574,575,S,509.0,S,575.0,,SER,True,2115,2116,four_layer_exact,high,1.0,0.8571428571428571,0.7113012067054002,0.0,M,M,differs_from_consensus,True,True,scaffold_differs_from_msa_consensus,0.23968049463500132,surface,False,True,False,False,5.1569976811494085,True,False,unassigned_manual_review,,not_annotated_no_domain_boundaries,,True,False
6E9F,A,VI-D,ternary,575,576,C,510.0,C,576.0,,CYS,True,2116,2117,four_layer_exact,high,0.9285714285714286,0.2164179104477611,2.2640765960078166,0.0714285714285714,K,C;D;E;G;K;Q;S;T,differs_from_consensus,True,True,scaffold_differs_from_msa_consensus,0.026479073582204055,buried_core,False,False,False,False,8.786103009775944,True,True,unassigned_manual_review,,not_annotated_no_domain_boundaries,,True,False
6E9F,A,VI-D,ternary,576,577,S,511.0,S,577.0,,SER,True,2122,2123,four_layer_exact,high,0.8516483516483516,0.6166666666666667,1.582507438135677,0.1483516483516483,K,K;R;S,differs_from_consensus,True,True,scaffold_differs_from_msa_consensus,0.4099490602510931,surface,False,False,False,False,10.54724100115023,True,False,unassigned_manual_review,,not_annotated_no_domain_boundaries,,True,False
6E9F,A,VI-D,ternary,577,578,F,512.0,F,578.0,,PHE,True,2123,2124,four_layer_exact,high,0.8516483516483516,0.4166666666666667,2.1032142678567847,0.1483516483516483,P,A;E;K;P,differs_from_consensus,True,True,scaffold_differs_from_msa_consensus,0.1359856706063488,buried_core,False,False,False,False,9.961499883300059,True,True,unassigned_manual_review,,not_annotated_no_domain_boundaries,,True,False
6E9F,A,VI-D,ternary,578,579,D,513.0,D,579.0,,ASP,True,2130,2131,four_layer_exact,high,0.967032967032967,0.3687943262411347,2.103087712439381,0.0329670329670329,D,A;D;E;N;S,matches_consensus,True,False,,0.08125011552727496,buried_core,False,False,False,False,12.762880975330908,True,True,unassigned_manual_review,,not_annotated_no_domain_boundaries,,True,False
6E9F,A,VI-D,ternary,579,580,I,514.0,I,580.0,,ILE,True,2131,2132,four_layer_exact,high,0.967032967032967,0.1631205673758865,2.427358468175039,0.0329670329670329,A,A;E;I;K;L;M;P;V,differs_from_consensus,True,True,scaffold_differs_from_msa_consensus,0.6466707262756387,surface,False,False,False,False,13.01998562566753,True,False,unassigned_manual_review,,not_annotated_no_domain_boundaries,,True,False
6E9F,A,VI-D,ternary,580,581,N,515.0,N,581.0,,ASN,True,2148,2149,four_layer_exact,high,0.9835164835164836,0.201171875,2.26356625908991,0.0164835164835165,N,A;D;K;N;S,matches_consensus,True,False,,0.384600732488495,surface,False,False,False,False,15.575100627434804,True,False,unassigned_manual_review,,not_annotated_no_domain_boundaries,,True,False
6E9F,A,VI-D,ternary,581,582,A,516.0,A,582.0,,ALA,True,2149,2150,four_layer_exact,high,0.9835164835164836,0.4375,1.9869221185386,0.0164835164835165,A,A;I;S;T;V,matches_consensus,True,False,,0.037445836156276474,buried_core,False,False,False,False,14.665929587584111,True,True,unassigned_manual_review,,not_annotated_no_domain_boundaries,,True,False
6E9F,A,VI-D,ternary,582,583,K,517.0,K,583.0,,LYS,True,2150,2151,four_layer_exact,high,0.978021978021978,0.6153846153846154,1.5255126535790835,0.021978021978022,K,K;N;S,matches_consensus,True,False,,0.16721526253730012,buried_core,False,False,False,False,9.723468241431988,True,True,unassigned_manual_review,,not_annotated_no_domain_boundaries,,True,False
6E9F,A,VI-D,ternary,583,584,R,518.0,R,584.0,,ARG,True,2151,2152,four_layer_exact,high,0.978021978021978,0.2867132867132867,2.146517873736677,0.021978021978022,R,A;E;K;R,matches_consensus,True,False,,0.39057527333956454,surface,False,False,False,False,15.513096095089148,True,False,unassigned_manual_review,,not_annotated_no_domain_boundaries,,True,False
6E9F,A,VI-D,ternary,584,585,T,519.0,T,585.0,,THR,True,2162,2163,four_layer_exact,high,0.9285714285714286,0.1703703703703703,2.5169221974396727,0.0714285714285714,V,A;E;I;P;Q;S;T;V,differs_from_consensus,True,True,scaffold_differs_from_msa_consensus,0.19500727712304225,buried_core,False,False,False,False,15.851551228387523,True,True,unassigned_manual_review,,not_annotated_no_domain_boundaries,,True,False
6E9F,A,VI-D,ternary,585,586,M,520.0,M,586.0,,MET,True,2163,2164,four_layer_exact,high,0.9285714285714286,0.5259259259259259,1.3665553528949437,0.0714285714285714,M,L;M;V,matches_consensus,True,False,,0.0327006135317409,buried_core,False,False,False,False,10.702893659378816,True,True,unassigned_manual_review,,not_annotated_no_domain_boundaries,,True,False
6E9F,A,VI-D,ternary,586,587,Y,521.0,Y,587.0,,TYR,True,2173,2174,four_layer_exact,high,0.9945054945054944,0.4383561643835616,1.4631933734396794,0.0054945054945054,Y,F;I;L;Y,matches_consensus,True,False,,0.004591742266311469,buried_core,False,False,False,False,9.94398115367825,True,True,unassigned_manual_review,,not_annotated_no_domain_boundaries,,True,False
6E9F,A,VI-D,ternary,587,588,R,522.0,R,588.0,,ARG,True,2174,2175,four_layer_exact,high,0.9945054945054944,0.2397260273972602,2.3571543363396743,0.0054945054945054,R,E;I;K;L;R;V;Y,matches_consensus,True,False,,0.18584699022641227,buried_core,False,False,False,False,15.104019379373161,True,True,unassigned_manual_review,,not_annotated_no_domain_boundaries,,True,False
6E9F,A,VI-D,ternary,588,589,D,523.0,D,589.0,,ASP,True,2175,2176,four_layer_exact,high,0.9945054945054944,0.7397260273972602,0.9231110752216588,0.0054945054945054,D,A;D;E,matches_consensus,True,False,,0.0,buried_core,False,False,False,False,13.718718081603463,True,True,unassigned_manual_review,,not_annotated_no_domain_boundaries,,True,False
6E9F,A,VI-D,ternary,589,590,A,524.0,A,590.0,,ALA,True,2177,2178,four_layer_exact,high,0.9945054945054944,0.958904109589041,0.2165598939777729,0.0054945054945054,A,A,matches_consensus,True,False,,0.0,buried_core,False,False,False,False,11.368113573339338,True,True,unassigned_manual_review,,not_annotated_no_domain_boundaries,,True,False
6E9F,A,VI-D,ternary,590,591,L,525.0,L,591.0,,LEU,True,2178,2179,four_layer_exact,high,0.9945054945054944,0.3356164383561644,1.774873005308953,0.0054945054945054,L,A;I;L;V,matches_consensus,True,False,,0.07810530750506922,buried_core,False,False,False,False,14.194164690124543,True,True,unassigned_manual_review,,not_annotated_no_domain_boundaries,,True,False
6E9F,A,VI-D,ternary,591,592,D,526.0,D,592.0,,ASP,True,2179,2180,four_layer_exact,high,0.9945054945054944,0.1506849315068493,2.5423870286418477,0.0054945054945054,R,A;D;E;K;N;Q;R;T;Y,differs_from_consensus,True,True,scaffold_differs_from_msa_consensus,0.11535798002524575,buried_core,False,False,False,False,16.473316223270366,True,True,unassigned_manual_review,,not_annotated_no_domain_boundaries,,True,False
6E9F,A,VI-D,ternary,592,593,I,527.0,I,593.0,,ILE,True,2180,2181,four_layer_exact,high,0.9945054945054944,0.4178082191780822,1.5684907183055476,0.0054945054945054,I,I;L;M;T;V,matches_consensus,True,False,,0.018390277401623092,buried_core,False,False,False,False,13.950693509146344,True,True,unassigned_manual_review,,not_annotated_no_domain_boundaries,,True,False
6E9F,A,VI-D,ternary,593,594,L,528.0,L,594.0,,LEU,True,2181,2182,four_layer_exact,high,0.9945054945054944,0.8972602739726028,0.4286223933512616,0.0054945054945054,L,F;L,matches_consensus,True,False,,0.015991925732279408,buried_core,False,False,False,False,10.594961157046153,True,True,unassigned_manual_review,,not_annotated_no_domain_boundaries,,True,False
6E9F,A,VI-D,ternary,594,595,G,529.0,G,595.0,,GLY,True,2183,2184,four_layer_exact,high,1.0,0.9183673469387756,0.4348760218906276,0.0,G,G,matches_consensus,True,False,,0.3015629287839243,surface,False,False,False,False,16.201267118855572,True,False,unassigned_manual_review,,not_annotated_no_domain_boundaries,,True,False
6E9F,A,VI-D,ternary,595,596,I,530.0,I,596.0,,ILE,True,2184,2185,four_layer_exact,high,0.9945054945054944,0.2168949771689497,2.362992330965375,0.0054945054945054,I,F;I;L;M;T;V;Y,matches_consensus,True,False,,0.012260184934415394,buried_core,False,False,False,False,12.079543063701223,True,True,unassigned_manual_review,,not_annotated_no_domain_boundaries,,True,False
6E9F,A,VI-D,ternary,596,597,E,531.0,E,597.0,,GLU,True,2207,2208,four_layer_exact,high,0.6153846153846154,0.2294372294372294,2.3917285271214634,0.3846153846153846,D,D;E;G;K;N;P;R;S,differs_from_consensus,False,True,scaffold_differs_from_msa_consensus,0.495900992059245,surface,False,False,False,False,17.123568498951126,True,False,unassigned_manual_review,,not_annotated_no_domain_boundaries,,False,False
6E9F,A,VI-D,ternary,597,598,S,532.0,S,598.0,,SER,True,2208,2209,four_layer_exact,high,0.4835164835164835,0.1481481481481481,2.435364438183984,0.5164835164835164,K,D;E;G;H;K;N;S;T;V,differs_from_consensus,False,True,scaffold_differs_from_msa_consensus,0.18293522397528944,buried_core,False,False,False,False,17.718889670150627,True,True,unassigned_manual_review,,not_annotated_no_domain_boundaries,,False,False
6E9F,A,VI-D,ternary,598,599,D,533.0,D,599.0,,ASP,True,2209,2210,four_layer_exact,high,0.5,0.1600877192982456,2.5013726448460205,0.5,D,D;E;G;K;N;P;R;T;V,matches_consensus,False,False,,0.7095647396015193,surface,False,False,False,False,19.515148998470686,True,False,unassigned_manual_review,,not_annotated_no_domain_boundaries,,False,False
6E9F,A,VI-D,ternary,599,600,K,534.0,K,600.0,,LYS,True,2210,2211,four_layer_exact,high,0.6868131868131868,0.2333333333333333,2.6046820032950757,0.3131868131868132,M,A;I;K;L;M;V;Y,differs_from_consensus,False,True,scaffold_differs_from_msa_consensus,0.46971357493415145,surface,False,False,False,False,18.278598017708497,True,False,unassigned_manual_review,,not_annotated_no_domain_boundaries,,False,False
6E9F,A,VI-D,ternary,600,601,T,535.0,T,601.0,,THR,True,2211,2212,four_layer_exact,high,0.7637362637362637,0.3272235576923077,2.2898809709004224,0.2362637362637363,S,D;E;Q;S;T;Y,differs_from_consensus,False,True,scaffold_differs_from_msa_consensus,0.40589742385851474,surface,False,False,False,False,22.796255952998862,True,False,unassigned_manual_review,,not_annotated_no_domain_boundaries,,False,False
6E9F,A,VI-D,ternary,601,602,E,536.0,E,602.0,,GLU,True,2212,2213,four_layer_exact,high,0.8076923076923077,0.2767857142857143,2.211486572343379,0.1923076923076923,E,D;E;K;N;P;T,matches_consensus,True,False,,0.4984464992044999,surface,False,False,False,False,22.936216419520587,True,False,unassigned_manual_review,,not_annotated_no_domain_boundaries,,True,False
6E9F,A,VI-D,ternary,602,603,E,537.0,E,603.0,,GLU,True,2213,2214,four_layer_exact,high,0.9285714285714286,0.3729011194029851,2.0063318134408825,0.0714285714285714,E,D;E;K;N;P;Q;S,matches_consensus,True,False,,0.49353873978949636,surface,False,False,False,False,23.881996178914456,True,False,unassigned_manual_review,,not_annotated_no_domain_boundaries,,True,False
6E9F,A,VI-D,ternary,603,604,D,538.0,D,604.0,,ASP,True,2214,2215,four_layer_exact,high,0.9395604395604396,0.4068627450980391,1.9177663889166727,0.0604395604395604,E,A;D;E;N;Q,differs_from_consensus,True,True,scaffold_differs_from_msa_consensus,0.3206745053027888,surface,False,False,False,False,20.215831042566997,True,False,unassigned_manual_review,,not_annotated_no_domain_boundaries,,True,False
6E9F,A,VI-D,ternary,604,605,I,539.0,I,605.0,,ILE,True,2215,2216,four_layer_exact,high,0.9395604395604396,0.2794117647058823,2.3270442032622807,0.0604395604395604,L,F;I;L;V;Y,differs_from_consensus,True,True,scaffold_differs_from_msa_consensus,0.04904073973766158,buried_core,False,False,False,False,17.45204712818914,True,True,unassigned_manual_review,,not_annotated_no_domain_boundaries,,True,False
6E9F,A,VI-D,ternary,605,606,E,540.0,E,606.0,,GLU,True,2216,2217,four_layer_exact,high,0.9505494505494504,0.2246376811594203,2.2562227947184934,0.0494505494505495,D,D;E;K;N;Q;S,differs_from_consensus,True,True,scaffold_differs_from_msa_consensus,0.3378746552258484,surface,False,False,False,False,17.555007648581995,True,False,unassigned_manual_review,,not_annotated_no_domain_boundaries,,True,False
6E9F,A,VI-D,ternary,606,607,K,541.0,K,607.0,,LYS,True,2217,2218,four_layer_exact,high,0.934065934065934,0.2222222222222222,2.186511054381146,0.0659340659340659,E,A;D;E;K;N;Q;R;S,differs_from_consensus,True,True,scaffold_differs_from_msa_consensus,0.41098820943926234,surface,False,False,False,False,15.73621274698135,True,False,unassigned_manual_review,,not_annotated_no_domain_boundaries,,True,False
6E9F,A,VI-D,ternary,607,608,M,542.0,M,608.0,,MET,True,2218,2219,four_layer_exact,high,0.934065934065934,0.237037037037037,2.3975259230819947,0.0659340659340659,Y,A;E;F;I;K;L;M;Y,differs_from_consensus,True,True,scaffold_differs_from_msa_consensus,0.08777183515126895,buried_core,False,False,False,False,13.022357895123518,True,True,unassigned_manual_review,,not_annotated_no_domain_boundaries,,True,False
6E9F,A,VI-D,ternary,608,609,I,543.0,I,609.0,,ILE,True,2231,2232,four_layer_exact,high,0.7362637362637363,0.32,1.7236461551685858,0.2637362637362637,L,A;F;I;L;V,differs_from_consensus,False,True,scaffold_differs_from_msa_consensus,0.02452036986883079,buried_core,False,False,False,False,13.945679922507777,True,True,unassigned_manual_review,,not_annotated_no_domain_boundaries,,False,False
6E9F,A,VI-D,ternary,609,610,D,544.0,D,610.0,,ASP,True,2233,2234,four_layer_exact,high,0.9175824175824177,0.4552238805970149,1.84318765225062,0.0824175824175824,D,D;E;K;N;S,matches_consensus,True,False,,0.2888686957242029,surface,False,False,False,False,13.84670367704979,True,False,unassigned_manual_review,,not_annotated_no_domain_boundaries,,True,False
6E9F,A,VI-D,ternary,610,611,N,545.0,N,611.0,,ASN,True,2234,2235,four_layer_exact,high,0.9065934065934066,0.2045454545454545,2.2742192318380194,0.0934065934065934,E,D;E;K;N;R,differs_from_consensus,True,True,scaffold_differs_from_msa_consensus,0.3960526271366761,surface,False,False,False,False,10.969741479307022,True,False,unassigned_manual_review,,not_annotated_no_domain_boundaries,,True,False
6E9F,A,VI-D,ternary,611,612,I,546.0,I,612.0,,ILE,True,2235,2236,four_layer_exact,high,0.9065934065934066,0.2575757575757575,2.1789406973992764,0.0934065934065934,I,F;I;L;M;V;W;Y,matches_consensus,True,False,,0.053788403859923124,buried_core,False,False,False,False,8.688668511527439,True,True,unassigned_manual_review,,not_annotated_no_domain_boundaries,,True,False
6E9F,A,VI-D,ternary,612,613,L,547.0,L,613.0,,LEU,True,2236,2237,four_layer_exact,high,0.8131868131868132,0.4221443965517241,1.6736390906316498,0.1868131868131868,L,F;I;L;V;Y,matches_consensus,True,False,,0.04806480461850413,buried_core,False,False,False,False,9.992978399835302,True,True,unassigned_manual_review,,not_annotated_no_domain_boundaries,,True,False
6E9F,A,VI-D,ternary,613,614,Q,548.0,Q,614.0,,GLN,True,2237,2238,four_layer_exact,high,0.7857142857142857,0.2252252252252252,2.5311921718650634,0.2142857142857143,E,A;C;E;G;K;N;Q;S,differs_from_consensus,False,True,scaffold_differs_from_msa_consensus,0.32644794710802916,surface,False,False,False,False,10.52840831136054,True,False,unassigned_manual_review,,not_annotated_no_domain_boundaries,,False,False
6E9F,A,VI-D,ternary,614,615,I,549.0,I,615.0,,ILE,True,2277,2278,four_layer_exact,high,0.6648351648351648,0.2528735632183908,2.3446029804260986,0.3351648351648352,L,F;G;I;K;L;V;Y,differs_from_consensus,False,True,scaffold_differs_from_msa_consensus,0.562050189909577,surface,False,False,False,False,13.03793332592528,True,False,unassigned_manual_review,,not_annotated_no_domain_boundaries,,False,False
6E9F,A,VI-D,ternary,615,616,D,,,,,,False,2278,2279,full_msa_only_unresolved_coordinate,medium,0.7252747252747253,0.5612244897959183,1.5694452231864695,0.2747252747252747,D,D;E;K;N,matches_consensus,False,True,unresolved_internal,,,,,,,,False,False,unassigned_manual_review,,not_annotated_no_domain_boundaries,,False,False
6E9F,A,VI-D,ternary,616,617,A,,,,,,False,2279,2280,full_msa_only_unresolved_coordinate,medium,0.7032967032967034,0.3052631578947368,2.146703934903305,0.2967032967032966,K,A;E;K;P;R;S;T,differs_from_consensus,False,True,unresolved_internal;scaffold_differs_from_msa_consensus,,,,,,,,False,False,unassigned_manual_review,,not_annotated_no_domain_boundaries,,False,False
6E9F,A,VI-D,ternary,617,618,N,,,,,,False,2280,2281,full_msa_only_unresolved_coordinate,medium,0.5659340659340659,0.2857142857142857,2.239330999190396,0.4340659340659341,N,A;D;E;G;K;N;S,matches_consensus,False,True,unresolved_internal,,,,,,,,False,False,unassigned_manual_review,,not_annotated_no_domain_boundaries,,False,False
6E9F,A,VI-D,ternary,618,619,G,,,,,,False,2290,2291,full_msa_only_unresolved_coordinate,medium,0.6978021978021978,0.6344086021505376,1.383610521736433,0.3021978021978022,G,G;K;N;S,matches_consensus,False,True,unresolved_internal,,,,,,,,False,False,unassigned_manual_review,,not_annotated_no_domain_boundaries,,False,False
6E9F,A,VI-D,ternary,619,620,D,550.0,D,620.0,,ASP,True,2291,2292,four_layer_exact,high,0.7362637362637363,0.4603125,1.7781822332535753,0.2637362637362637,K,D;E;K;N;T,differs_from_consensus,False,True,scaffold_differs_from_msa_consensus,0.5402784079723011,surface,False,False,False,False,9.447366338460403,True,False,unassigned_manual_review,,not_annotated_no_domain_boundaries,,False,False
6E9F,A,VI-D,ternary,620,621,K,551.0,K,621.0,,LYS,True,2292,2293,four_layer_exact,high,0.7692307692307693,0.320754716981132,2.3879128042717594,0.2307692307692307,K,E;K;P;T,matches_consensus,False,False,,0.21698298892480872,surface,False,True,False,False,6.254479634265645,True,False,unassigned_manual_review,,not_annotated_no_domain_boundaries,,False,False
6E9F,A,VI-D,ternary,621,622,K,552.0,K,622.0,,LYS,True,2296,2297,four_layer_exact,high,0.4835164835164835,0.3565848214285714,2.229665617075063,0.5164835164835164,K,A;E;G;K;N;P,matches_consensus,False,False,,0.5978134530622693,surface,False,True,False,False,7.289641647152146,True,False,unassigned_manual_review,,not_annotated_no_domain_boundaries,,False,False
6E9F,A,VI-D,ternary,622,623,L,553.0,L,623.0,,LEU,True,2297,2298,four_layer_exact,high,0.4835164835164835,0.1785714285714285,2.369497347081102,0.5164835164835164,G,A;D;E;G;K;L;P;S;T,differs_from_consensus,False,True,scaffold_differs_from_msa_consensus,0.17292213738804607,buried_core,True,False,True,False,3.372439243386181,True,True,unassigned_manual_review,,not_annotated_no_domain_boundaries,,False,False
6E9F,A,VI-D,ternary,623,624,K,554.0,K,624.0,,LYS,True,2298,2299,four_layer_exact,high,0.510989010989011,0.3765368852459016,2.229159954328877,0.489010989010989,K,E;K;R,matches_consensus,False,False,,0.45365929101164404,surface,True,False,True,False,4.391383944572776,True,False,unassigned_manual_review,,not_annotated_no_domain_boundaries,,False,False
6E9F,A,VI-D,ternary,624,625,K,555.0,K,625.0,,LYS,True,2299,2300,four_layer_exact,high,0.4945054945054945,0.4827586206896552,1.7160583804509766,0.5054945054945055,K,A;K;N;R;T,matches_consensus,False,False,,0.7323427869216245,surface,True,False,True,False,4.623301124029142,True,False,unassigned_manual_review,,not_annotated_no_domain_boundaries,,False,False
6E9F,A,VI-D,ternary,625,626,N,556.0,N,626.0,,ASN,True,2300,2301,four_layer_exact,high,0.412087912087912,0.2727272727272727,1.9138771772886185,0.5879120879120879,G,D;E;G;K;N,differs_from_consensus,False,True,scaffold_differs_from_msa_consensus,0.6242800214171347,surface,True,False,True,False,3.011048057750855,True,False,unassigned_manual_review,,not_annotated_no_domain_boundaries,,False,False
6E9F,A,VI-D,ternary,626,627,N,557.0,N,627.0,,ASN,True,2342,2343,four_layer_exact,high,0.989010989010989,0.2549568965517241,2.044704689199091,0.0109890109890109,N,H;K;N;R;T,matches_consensus,True,False,,0.2803021118917319,surface,True,False,True,False,3.311179324010428,True,False,unassigned_manual_review,,not_annotated_no_domain_boundaries,,True,False
6E9F,A,VI-D,ternary,627,628,G,558.0,G,628.0,,GLY,True,2343,2344,four_layer_exact,high,0.9945054945054944,0.3287671232876712,2.0693192496989004,0.0054945054945054,G,D;G;K;N;P,matches_consensus,True,False,,0.06857432195109797,buried_core,True,False,True,False,3.2323251015389864,True,True,unassigned_manual_review,,not_annotated_no_domain_boundaries,,True,False
6E9F,A,VI-D,ternary,628,629,L,559.0,L,629.0,,LEU,True,2344,2345,four_layer_exact,high,0.9945054945054944,0.4726027397260274,1.5759153766818643,0.0054945054945054,F,F;I;L;V,differs_from_consensus,True,True,scaffold_differs_from_msa_consensus,0.017456939476589252,buried_core,True,False,True,False,4.70516498529366,True,True,unassigned_manual_review,,not_annotated_no_domain_boundaries,,True,False
6E9F,A,VI-D,ternary,629,630,R,560.0,R,630.0,,ARG,True,2345,2346,four_layer_exact,high,0.9945054945054944,0.8835616438356164,0.506741600035178,0.0054945054945054,R,K;R,matches_consensus,True,False,,0.274314927291498,surface,False,True,False,False,6.482269852608035,True,False,unassigned_manual_review,,not_annotated_no_domain_boundaries,,True,False
6E9F,A,VI-D,ternary,630,631,N,561.0,N,631.0,,ASN,True,2352,2353,four_layer_exact,high,1.0,0.9047619047619048,0.4827964867853797,0.0,N,N,matches_consensus,True,False,,0.006192965210461109,buried_core,True,False,True,False,2.7300977312007726,True,True,unassigned_manual_review,,not_annotated_no_domain_boundaries,,True,False
6E9F,A,VI-D,ternary,631,632,F,562.0,F,632.0,,PHE,True,2353,2354,four_layer_exact,high,1.0,0.9047619047619048,0.3994558080260597,0.0,F,F;Y,matches_consensus,True,False,,0.025158921167498256,buried_core,True,False,True,True,3.497938525073637,True,True,unassigned_manual_review,,not_annotated_no_domain_boundaries,,True,False
6E9F,A,VI-D,ternary,632,633,I,563.0,I,633.0,,ILE,True,2354,2355,four_layer_exact,high,1.0,0.7755102040816326,0.7402808121349429,0.0,I,I;L,matches_consensus,True,False,,0.006130092467207697,buried_core,False,True,False,False,5.92199419222069,True,True,unassigned_manual_review,,not_annotated_no_domain_boundaries,,True,False
6E9F,A,VI-D,ternary,633,634,A,564.0,A,634.0,,ALA,True,2355,2356,four_layer_exact,high,1.0,0.3333333333333333,1.8894836396114305,0.0,A,A;I,matches_consensus,True,False,,0.009361459039069119,buried_core,False,True,False,False,6.793276164753283,True,True,unassigned_manual_review,,not_annotated_no_domain_boundaries,,True,False
6E9F,A,VI-D,ternary,634,635,S,565.0,S,635.0,,SER,True,2356,2357,four_layer_exact,high,1.0,0.7142857142857143,0.8897169537548101,0.0,N,K;N;S,differs_from_consensus,True,True,scaffold_differs_from_msa_consensus,0.0726404323131354,buried_core,True,False,True,True,3.594780017356692,True,True,unassigned_manual_review,,not_annotated_no_domain_boundaries,,True,False
6E9F,A,VI-D,ternary,635,636,N,566.0,N,636.0,,ASN,True,2357,2358,four_layer_exact,high,1.0,0.91156462585034,0.4243103208457421,0.0,N,N,matches_consensus,True,False,,0.024771860841844438,buried_core,True,False,True,True,2.803947918490003,True,True,unassigned_manual_review,,not_annotated_no_domain_boundaries,,True,False
6E9F,A,VI-D,ternary,636,637,V,567.0,V,637.0,,VAL,True,2358,2359,four_layer_exact,high,1.0,0.8503401360544217,0.4497918496700321,0.0,V,I;V,matches_consensus,True,False,,0.03470196023103208,buried_core,True,False,False,True,4.469130575348897,True,True,unassigned_manual_review,,not_annotated_no_domain_boundaries,,True,False
6E9F,A,VI-D,ternary,637,638,I,568.0,I,638.0,,ILE,True,2359,2360,four_layer_exact,high,1.0,0.6802721088435374,0.9582240756813062,0.0,I,I;L;V,matches_consensus,True,False,,0.012260184934415394,buried_core,False,True,False,False,5.856587085689343,True,True,unassigned_manual_review,,not_annotated_no_domain_boundaries,,True,False
6E9F,A,VI-D,ternary,638,639,D,569.0,D,639.0,,ASP,True,2360,2361,four_layer_exact,high,1.0,0.3333333333333333,1.8971449057834,0.0,E,D;E;K;N;S,differs_from_consensus,True,True,scaffold_differs_from_msa_consensus,0.22982498484071487,surface,True,False,False,True,3.499678431939418,True,False,unassigned_manual_review,,not_annotated_no_domain_boundaries,,True,False
6E9F,A,VI-D,ternary,639,640,S,570.0,S,640.0,,SER,True,2361,2362,four_layer_exact,high,1.0,0.8435374149659864,0.5213503309611086,0.0,S,N;S,matches_consensus,True,False,,0.051902515718373066,buried_core,True,False,False,True,3.491487389511297,True,True,unassigned_manual_review,,not_annotated_no_domain_boundaries,,True,False
6E9F,A,VI-D,ternary,640,641,N,571.0,N,641.0,,ASN,True,2362,2363,four_layer_exact,high,1.0,0.3537414965986394,1.8156290973535367,0.0,R,K;N;R;S;T,differs_from_consensus,True,True,scaffold_differs_from_msa_consensus,0.3183329759190285,surface,True,False,False,True,2.9451142123381278,True,False,unassigned_manual_review,,not_annotated_no_domain_boundaries,,True,False
6E9F,A,VI-D,ternary,641,642,R,572.0,R,642.0,,ARG,True,2363,2364,four_layer_exact,high,1.0,0.7619047619047619,0.9837272783521896,0.0,R,K;R;W,matches_consensus,True,False,,0.06776961119524247,buried_core,True,False,True,True,2.9489437491862653,True,True,unassigned_manual_review,,not_annotated_no_domain_boundaries,,True,False
6E9F,A,VI-D,ternary,642,643,F,573.0,F,643.0,,PHE,True,2364,2365,four_layer_exact,high,1.0,0.9659863945578232,0.1484282892171749,0.0,F,F,matches_consensus,True,False,,0.0,buried_core,False,True,False,False,6.518942011102234,True,True,unassigned_manual_review,,not_annotated_no_domain_boundaries,,True,False
6E9F,A,VI-D,ternary,643,644,K,574.0,K,644.0,,LYS,True,2365,2366,four_layer_exact,high,1.0,0.1766581632653061,2.459084966990156,0.0,K,F;H;I;K;N;Q;R,matches_consensus,True,False,,0.29039631177455927,surface,False,True,False,False,6.332432549680447,True,False,unassigned_manual_review,,not_annotated_no_domain_boundaries,,True,False
6E9F,A,VI-D,ternary,644,645,Y,575.0,Y,645.0,,TYR,True,2367,2368,four_layer_exact,high,1.0,0.9727891156462584,0.1402106888660079,0.0,Y,Y,matches_consensus,True,False,,0.11013377442282565,buried_core,True,False,True,False,2.4596349284294274,True,True,unassigned_manual_review,,not_annotated_no_domain_boundaries,,True,False
6E9F,A,VI-D,ternary,645,646,L,576.0,L,646.0,,LEU,True,2368,2369,four_layer_exact,high,1.0,0.5714285714285714,1.0281281059418343,0.0,L,I;L;V,matches_consensus,True,False,,0.0060081005773130166,buried_core,False,False,False,False,9.840675804615023,True,True,unassigned_manual_review,,not_annotated_no_domain_boundaries,,True,False
6E9F,A,VI-D,ternary,646,647,V,577.0,V,647.0,,VAL,True,2369,2370,four_layer_exact,high,1.0,0.4353741496598639,1.4172898637728435,0.0,V,A;I;V,matches_consensus,True,False,,0.013880784092412831,buried_core,False,False,False,False,12.361034634818571,True,True,unassigned_manual_review,,not_annotated_no_domain_boundaries,,True,False
6E9F,A,VI-D,ternary,647,648,R,578.0,R,648.0,,ARG,True,2370,2371,four_layer_exact,high,1.0,0.6394557823129252,0.811700257404049,0.0,R,K;R,matches_consensus,True,False,,0.08307283643154281,buried_core,False,False,False,False,8.025299728116375,True,True,unassigned_manual_review,,not_annotated_no_domain_boundaries,,True,False
6E9F,A,VI-D,ternary,648,649,Y,579.0,Y,649.0,,TYR,True,2371,2372,four_layer_exact,high,1.0,0.8503401360544217,0.5452229666215684,0.0,Y,F;Y,matches_consensus,True,False,,0.04591742266311469,buried_core,False,False,False,False,12.195008264860155,True,True,unassigned_manual_review,,not_annotated_no_domain_boundaries,,True,False
6E9F,A,VI-D,ternary,649,650,G,580.0,G,650.0,,GLY,True,2372,2373,four_layer_exact,high,1.0,0.1700680272108843,2.198069236424125,0.0,G,A;C;G;I;N;S;T;V,matches_consensus,True,False,,0.010302490615987696,buried_core,False,False,False,False,14.615470525521863,True,True,unassigned_manual_review,,not_annotated_no_domain_boundaries,,True,False
6E9F,A,VI-D,ternary,650,651,N,581.0,N,651.0,,ASN,True,2373,2374,four_layer_exact,high,1.0,0.5170068027210885,1.4482255672881177,0.0,N,D;K;N;R;S,matches_consensus,True,False,,0.024073557293243435,buried_core,False,False,False,False,18.004557833607514,True,True,unassigned_manual_review,,not_annotated_no_domain_boundaries,,True,False
6E9F,A,VI-D,ternary,651,652,P,582.0,P,652.0,,PRO,True,2374,2375,four_layer_exact,high,1.0,0.7551020408163265,0.9980762056073184,0.0,P,A;P;T;V,matches_consensus,True,False,,0.0,buried_core,False,False,False,False,18.3607808095794,True,True,unassigned_manual_review,,not_annotated_no_domain_boundaries,,True,False
6E9F,A,VI-D,ternary,652,653,K,583.0,K,653.0,,LYS,True,2375,2376,four_layer_exact,high,1.0,0.3129251700680272,2.195610034589785,0.0,K,A;E;K;R;S;T,matches_consensus,True,False,,0.24582110557010345,surface,False,False,False,False,20.244475717436337,True,False,unassigned_manual_review,,not_annotated_no_domain_boundaries,,True,False
6E9F,A,VI-D,ternary,653,654,K,584.0,K,654.0,,LYS,True,2376,2377,four_layer_exact,high,1.0,0.3401360544217687,2.29174671988634,0.0,K,D;E;K;N;S;T,matches_consensus,True,False,,0.015351206136100632,buried_core,False,False,False,False,20.64896688382737,True,True,unassigned_manual_review,,not_annotated_no_domain_boundaries,,True,False
6E9F,A,VI-D,ternary,654,655,I,585.0,I,655.0,,ILE,True,2377,2378,four_layer_exact,high,1.0,0.3537414965986394,1.688112846401972,0.0,V,A;C;I;L;V,differs_from_consensus,True,True,scaffold_differs_from_msa_consensus,0.012260184934415394,buried_core,False,False,False,False,15.088075876427737,True,True,unassigned_manual_review,,not_annotated_no_domain_boundaries,,True,False
6E9F,A,VI-D,ternary,655,656,R,586.0,R,656.0,,ARG,True,2378,2379,four_layer_exact,high,1.0,0.5578231292517006,1.7049736224519816,0.0,R,H;K;R;S,matches_consensus,True,False,,0.10602301922534603,buried_core,False,False,False,False,16.275380748681535,True,True,unassigned_manual_review,,not_annotated_no_domain_boundaries,,True,False
6E9F,A,VI-D,ternary,656,657,E,587.0,E,657.0,,GLU,True,2379,2380,four_layer_exact,high,1.0,0.3356009070294784,2.0562657025875595,0.0,K,A;E;K;R,differs_from_consensus,True,True,scaffold_differs_from_msa_consensus,0.42798161848607885,surface,False,False,False,False,20.277061340838923,True,False,unassigned_manual_review,,not_annotated_no_domain_boundaries,,True,False
6E9F,A,VI-D,ternary,657,658,T,588.0,T,658.0,,THR,True,2380,2381,four_layer_exact,high,1.0,0.4693877551020408,1.471496016036716,0.0,L,F;I;L;V,differs_from_consensus,True,True,scaffold_differs_from_msa_consensus,0.007021094279301839,buried_core,False,False,False,False,19.102535601098815,True,True,unassigned_manual_review,,not_annotated_no_domain_boundaries,,True,False
6E9F,A,VI-D,ternary,658,659,A,589.0,A,659.0,,ALA,True,2381,2382,four_layer_exact,high,1.0,0.4285714285714285,1.5186706172242754,0.0,A,A;I;M;V,matches_consensus,True,False,,0.0,buried_core,False,False,False,False,16.441330389006406,True,True,unassigned_manual_review,,not_annotated_no_domain_boundaries,,True,False
6E9F,A,VI-D,ternary,659,660,K,590.0,K,660.0,,LYS,True,2382,2383,four_layer_exact,high,0.9945054945054944,0.2716894977168949,2.093049613727429,0.0054945054945054,K,E;K;N;Q;R;S,matches_consensus,True,False,,0.542434256474785,surface,False,False,False,False,19.483007076511957,True,False,unassigned_manual_review,,not_annotated_no_domain_boundaries,,True,False
6E9F,A,VI-D,ternary,660,661,C,591.0,C,661.0,,CYS,True,2388,2389,four_layer_exact,high,1.0,0.7959183673469388,0.8274555280008078,0.0,N,C;N,differs_from_consensus,True,True,scaffold_differs_from_msa_consensus,0.14305157494426865,buried_core,False,False,False,False,20.265369666619602,True,True,unassigned_manual_review,,not_annotated_no_domain_boundaries,,True,False
6E9F,A,VI-D,ternary,661,662,K,592.0,K,662.0,,LYS,True,2389,2390,four_layer_exact,high,1.0,0.2874149659863945,2.0159987736505576,0.0,E,E;K;P;R;T,differs_from_consensus,True,True,scaffold_differs_from_msa_consensus,0.37246775748293703,surface,False,False,False,False,19.617826298012048,True,False,unassigned_manual_review,,not_annotated_no_domain_boundaries,,True,False
6E9F,A,VI-D,ternary,662,663,P,593.0,P,663.0,,PRO,True,2390,2391,four_layer_exact,high,1.0,0.238095238095238,2.3303626812105,0.0,K,A;E;K;N;P;S;T,differs_from_consensus,True,True,scaffold_differs_from_msa_consensus,0.23373670637284916,surface,False,False,False,False,19.520755638162786,True,False,unassigned_manual_review,,not_annotated_no_domain_boundaries,,True,False
6E9F,A,VI-D,ternary,663,664,A,594.0,A,664.0,,ALA,True,2391,2392,four_layer_exact,high,1.0,0.3469387755102041,1.4594640207736869,0.0,V,A;I;L;V,differs_from_consensus,True,True,scaffold_differs_from_msa_consensus,0.0,buried_core,False,False,False,False,17.02476885845976,True,True,unassigned_manual_review,,not_annotated_no_domain_boundaries,,True,False
6E9F,A,VI-D,ternary,664,665,V,595.0,V,665.0,,VAL,True,2392,2393,four_layer_exact,high,1.0,0.6258503401360545,1.143334124932022,0.0,V,I;L;T;V,matches_consensus,True,False,,0.0,buried_core,False,False,False,False,15.015201177568319,True,True,unassigned_manual_review,,not_annotated_no_domain_boundaries,,True,False
6E9F,A,VI-D,ternary,665,666,R,596.0,R,666.0,,ARG,True,2393,2394,four_layer_exact,high,1.0,0.3265306122448979,1.9751902431035715,0.0,R,A;E;K;R;S,matches_consensus,True,False,,0.2536228387442954,surface,False,False,False,False,16.02589453929071,True,False,unassigned_manual_review,,not_annotated_no_domain_boundaries,,True,False
6E9F,A,VI-D,ternary,666,667,F,597.0,F,667.0,,PHE,True,2394,2395,four_layer_exact,high,1.0,0.7551020408163265,0.8150132857617806,0.0,F,F;L;Y,matches_consensus,True,False,,0.09009695031413827,buried_core,False,False,False,False,12.315840771064277,True,True,unassigned_manual_review,,not_annotated_no_domain_boundaries,,True,False
6E9F,A,VI-D,ternary,667,668,V,598.0,V,668.0,,VAL,True,2395,2396,four_layer_exact,high,1.0,0.7278911564625851,0.8883088396536021,0.0,V,A;I;V,matches_consensus,True,False,,0.0,buried_core,False,False,False,False,11.418466704038549,True,True,unassigned_manual_review,,not_annotated_no_domain_boundaries,,True,False
6E9F,A,VI-D,ternary,668,669,L,599.0,L,669.0,,LEU,True,2396,2397,four_layer_exact,high,1.0,0.9455782312925172,0.2832196460072378,0.0,L,L,matches_consensus,True,False,,0.0060081005773130166,buried_core,False,False,False,False,11.063871986505058,True,True,unassigned_manual_review,,not_annotated_no_domain_boundaries,,True,False
6E9F,A,VI-D,ternary,669,670,N,600.0,N,670.0,,ASN,True,2398,2399,four_layer_exact,high,0.9945054945054944,0.2602739726027397,2.153475989484622,0.0054945054945054,K,D;E;G;K;N;R;S,differs_from_consensus,True,True,scaffold_differs_from_msa_consensus,0.38216968753948954,surface,False,False,False,False,10.963386021940071,True,False,unassigned_manual_review,,not_annotated_no_domain_boundaries,,True,False
6E9F,A,VI-D,ternary,670,671,E,601.0,E,671.0,,GLU,True,2407,2408,four_layer_exact,high,0.978021978021978,0.3076923076923077,2.03431797599515,0.021978021978022,R,D;E;G;K;R;S,differs_from_consensus,True,True,scaffold_differs_from_msa_consensus,0.2843505381786515,surface,False,False,False,False,8.01516612258782,True,False,unassigned_manual_review,,not_annotated_no_domain_boundaries,,True,False
6E9F,A,VI-D,ternary,671,672,I,602.0,I,672.0,,ILE,True,2409,2410,four_layer_exact,high,0.9945054945054944,0.589041095890411,1.0731959757798548,0.0054945054945054,I,I;L;M,matches_consensus,True,False,,0.02452036986883079,buried_core,False,True,False,False,6.909987214942692,True,True,unassigned_manual_review,,not_annotated_no_domain_boundaries,,True,False
6E9F,A,VI-D,ternary,672,673,P,603.0,P,673.0,,PRO,True,2431,2432,four_layer_exact,high,1.0,0.7959183673469388,0.9609288284265856,0.0,P,P,matches_consensus,True,False,,0.3645670086158238,surface,True,False,True,False,4.105240314103667,True,False,unassigned_manual_review,,not_annotated_no_domain_boundaries,,True,False
6E9F,A,VI-D,ternary,673,674,D,604.0,D,674.0,,ASP,True,2432,2433,four_layer_exact,high,1.0,0.4081632653061224,1.6881584280251571,0.0,D,D;E;K;P,matches_consensus,True,False,,0.4719173518301872,surface,False,True,False,False,6.685898424317121,True,False,unassigned_manual_review,,not_annotated_no_domain_boundaries,,True,False
6E9F,A,VI-D,ternary,674,675,A,605.0,A,675.0,,ALA,True,2433,2434,four_layer_exact,high,1.0,0.2653061224489796,1.973315842127645,0.0,T,A;E;K;N;S;T,differs_from_consensus,True,True,scaffold_differs_from_msa_consensus,0.2960305710075666,surface,True,False,True,False,3.371843991696197,True,False,unassigned_manual_review,,not_annotated_no_domain_boundaries,,True,False
6E9F,A,VI-D,ternary,675,676,Q,606.0,Q,676.0,,GLN,True,2434,2435,four_layer_exact,high,1.0,0.8979591836734694,0.4879014008686823,0.0,Q,Q,matches_consensus,True,False,,0.04425037972336344,buried_core,True,False,True,False,2.474078068138893,True,True,unassigned_manual_review,,not_annotated_no_domain_boundaries,,True,False
6E9F,A,VI-D,ternary,676,677,I,607.0,I,677.0,,ILE,True,2435,2436,four_layer_exact,high,1.0,0.7891156462585034,0.6560502726420293,0.0,I,I;L,matches_consensus,True,False,,0.006130092467207697,buried_core,False,True,False,False,6.397397910004378,True,True,unassigned_manual_review,,not_annotated_no_domain_boundaries,,True,False
6E9F,A,VI-D,ternary,677,678,E,608.0,E,678.0,,GLU,True,2436,2437,four_layer_exact,high,1.0,0.3605442176870748,2.145366358317453,0.0,D,D;E;K;L;R;T,differs_from_consensus,True,True,scaffold_differs_from_msa_consensus,0.2097375717772996,surface,True,False,True,False,4.097258120973208,True,False,unassigned_manual_review,,not_annotated_no_domain_boundaries,,True,False
6E9F,A,VI-D,ternary,678,679,R,609.0,R,679.0,,ARG,True,2437,2438,four_layer_exact,high,1.0,0.7891156462585034,0.849897306138563,0.0,R,K;R;S,matches_consensus,True,False,,0.1875956419738002,buried_core,True,False,True,True,2.852327877017719,True,True,unassigned_manual_review,,not_annotated_no_domain_boundaries,,True,False
6E9F,A,VI-D,ternary,679,680,Y,610.0,Y,680.0,,TYR,True,2438,2439,four_layer_exact,high,1.0,0.9659863945578232,0.1937405014692199,0.0,Y,Y,matches_consensus,True,False,,0.009183484532622938,buried_core,True,False,True,True,3.2370964340577273,True,True,unassigned_manual_review,,not_annotated_no_domain_boundaries,,True,False
6E9F,A,VI-D,ternary,680,681,Y,611.0,Y,681.0,,TYR,True,2439,2440,four_layer_exact,high,0.9945054945054944,0.6917808219178082,1.255111671604974,0.0054945054945054,Y,C;F;Y,matches_consensus,True,False,,0.1457641654213431,buried_core,False,True,False,False,7.762825237109763,True,True,unassigned_manual_review,,not_annotated_no_domain_boundaries,,True,False
6E9F,A,VI-D,ternary,681,682,E,612.0,E,682.0,,GLU,True,2445,2446,four_layer_exact,high,0.9725274725274724,0.1974031690140845,2.4402951543493234,0.0274725274725274,K,D;E;K;N;R,differs_from_consensus,True,True,scaffold_differs_from_msa_consensus,0.529984370251651,surface,False,True,False,False,5.330558964066841,True,False,unassigned_manual_review,,not_annotated_no_domain_boundaries,,True,False
6E9F,A,VI-D,ternary,682,683,A,613.0,A,683.0,,ALA,True,2446,2447,four_layer_exact,high,0.9725274725274724,0.4859154929577465,1.7173684276155556,0.0274725274725274,S,A;S;T,differs_from_consensus,True,True,scaffold_differs_from_msa_consensus,0.009361459039069119,buried_core,True,False,False,True,3.3134635270632717,True,True,unassigned_manual_review,,not_annotated_no_domain_boundaries,,True,False
6E9F,A,VI-D,ternary,683,684,C,614.0,C,684.0,,CYS,True,2447,2448,four_layer_exact,high,0.978021978021978,0.4895104895104895,1.4922572554319866,0.021978021978022,C,C;I;L;V,matches_consensus,True,False,,0.05937406946418488,buried_core,False,True,False,False,6.357235015574597,True,True,unassigned_manual_review,,not_annotated_no_domain_boundaries,,True,False
6E9F,A,VI-D,ternary,684,685,C,615.0,C,685.0,,CYS,True,2453,2454,four_layer_exact,high,0.8241758241758241,0.2260869565217391,2.5951530840494907,0.1758241758241758,T,F;G;I;K;N;S;T;V,differs_from_consensus,True,True,scaffold_differs_from_msa_consensus,0.38208997974334763,surface,False,False,False,False,8.969646907326426,True,False,unassigned_manual_review,,not_annotated_no_domain_boundaries,,True,False
6E9F,A,VI-D,ternary,685,686,P,616.0,P,686.0,,PRO,True,2454,2455,four_layer_exact,high,0.8461538461538461,0.4369747899159664,2.046389148472396,0.1538461538461538,G,D;E;G,differs_from_consensus,True,True,scaffold_differs_from_msa_consensus,0.6523261470909156,surface,False,True,False,False,7.694432407130071,True,False,unassigned_manual_review,,not_annotated_no_domain_boundaries,,True,True
6E9F,A,VI-D,ternary,686,687,K,,,,,,False,2455,2456,full_msa_only_unresolved_coordinate,medium,0.7582417582417582,0.1620145631067961,2.6546072910495537,0.2417582417582418,K,A;E;G;I;K;N;P;S;T,matches_consensus,False,True,unresolved_internal,,,,,,,,False,False,unassigned_manual_review,,not_annotated_no_domain_boundaries,,False,False
6E9F,A,VI-D,ternary,687,688,N,,,,,,False,2456,2457,full_msa_only_unresolved_coordinate,medium,0.8186813186813187,0.175438596491228,2.448897424287677,0.1813186813186813,K,D;E;G;K;N;P;R;S,differs_from_consensus,False,True,unresolved_internal;scaffold_differs_from_msa_consensus,,,,,,,,False,False,unassigned_manual_review,,not_annotated_no_domain_boundaries,,False,False
6E9F,A,VI-D,ternary,688,689,T,,,,,,False,2457,2458,full_msa_only_unresolved_coordinate,medium,0.5439560439560439,0.2307692307692307,2.3437011529219887,0.4560439560439561,E,D;E;P;S;T,differs_from_consensus,False,True,unresolved_internal;scaffold_differs_from_msa_consensus,,,,,,,,False,False,unassigned_manual_review,,not_annotated_no_domain_boundaries,,False,False
6E9F,A,VI-D,ternary,689,690,A,,,,,,False,2458,2459,full_msa_only_unresolved_coordinate,medium,0.4835164835164835,0.1296296296296296,2.698480368890356,0.5164835164835164,E,A;E;I;L;N;P;S;T;V,differs_from_consensus,False,True,unresolved_internal;scaffold_differs_from_msa_consensus,,,,,,,,False,False,unassigned_manual_review,,not_annotated_no_domain_boundaries,,False,False
6E9F,A,VI-D,ternary,690,691,L,,,,,,False,2459,2460,full_msa_only_unresolved_coordinate,medium,0.4065934065934066,0.1904761904761904,2.5036877497927854,0.5934065934065934,Y,F;I;L;P;Y,differs_from_consensus,False,True,unresolved_internal;scaffold_differs_from_msa_consensus,,,,,,,,False,False,unassigned_manual_review,,not_annotated_no_domain_boundaries,,False,False
6E9F,A,VI-D,ternary,691,692,C,617.0,C,692.0,,CYS,True,2460,2461,four_layer_exact,high,0.3626373626373626,0.2058823529411764,2.462566966920486,0.6373626373626373,D,A;C;D;E;N;P;S;T;Y,differs_from_consensus,False,True,scaffold_differs_from_msa_consensus,0.6096778624899856,surface,False,False,False,False,14.375438332063968,True,False,unassigned_manual_review,,not_annotated_no_domain_boundaries,,False,True
6E9F,A,VI-D,ternary,692,693,S,618.0,S,693.0,,SER,True,2461,2462,four_layer_exact,high,0.3076923076923077,0.1666666666666666,2.469811713553478,0.6923076923076923,N,D;K;N;Q;R;S;T;V,differs_from_consensus,False,True,scaffold_differs_from_msa_consensus,0.36975272681018667,surface,False,False,False,False,15.796276152264712,True,False,unassigned_manual_review,,not_annotated_no_domain_boundaries,,False,False
6E9F,A,VI-D,ternary,693,694,A,619.0,A,694.0,,ALA,True,2462,2463,four_layer_exact,high,0.4065934065934066,0.2,2.308087143602468,0.5934065934065934,P,A;E;G;K;N;P;Q;S;T,differs_from_consensus,False,True,scaffold_differs_from_msa_consensus,0.30080033667238426,surface,False,False,False,False,13.383708219214885,True,False,unassigned_manual_review,,not_annotated_no_domain_boundaries,,False,False
6E9F,A,VI-D,ternary,694,695,N,620.0,N,695.0,,ASN,True,2482,2483,four_layer_exact,high,0.8846153846153846,0.2887139107611548,2.144128212266124,0.1153846153846154,E,D;E;K;N;S,differs_from_consensus,True,True,scaffold_differs_from_msa_consensus,0.6357580798933642,surface,False,False,False,False,16.437111100197278,True,False,unassigned_manual_review,,not_annotated_no_domain_boundaries,,True,False
6E9F,A,VI-D,ternary,695,696,K,621.0,K,696.0,,LYS,True,2483,2484,four_layer_exact,high,0.8901098901098901,0.3125,2.275687682037037,0.1098901098901099,E,A;D;E;K;R;T,differs_from_consensus,True,True,scaffold_differs_from_msa_consensus,0.48312476773566077,surface,False,False,False,False,17.442340832128288,True,False,unassigned_manual_review,,not_annotated_no_domain_boundaries,,True,False
6E9F,A,VI-D,ternary,696,697,R,622.0,R,697.0,,ARG,True,2484,2485,four_layer_exact,high,0.9945054945054944,0.4535530821917808,1.8017100993145243,0.0054945054945054,K,K;M;Q,differs_from_consensus,True,True,scaffold_differs_from_msa_consensus,0.172870148747095,buried_core,False,False,False,False,10.59151713535693,True,True,unassigned_manual_review,,not_annotated_no_domain_boundaries,,True,False
6E9F,A,VI-D,ternary,697,698,R,623.0,R,698.0,,ARG,True,2485,2486,four_layer_exact,high,1.0,0.4693877551020408,1.4556105835935438,0.0,I,I;L;R;V,differs_from_consensus,True,True,scaffold_differs_from_msa_consensus,0.08464757694765464,buried_core,False,False,False,False,10.125510560149415,True,True,unassigned_manual_review,,not_annotated_no_domain_boundaries,,True,False
6E9F,A,VI-D,ternary,698,699,E,624.0,E,699.0,,GLU,True,2486,2487,four_layer_exact,high,1.0,0.3199404761904761,2.0892302674309065,0.0,D,A;D;E;K;N;Q;S,differs_from_consensus,True,True,scaffold_differs_from_msa_consensus,0.4255011408999674,surface,False,False,False,False,16.801456788536907,True,False,unassigned_manual_review,,not_annotated_no_domain_boundaries,,True,False
6E9F,A,VI-D,ternary,699,700,K,625.0,K,700.0,,LYS,True,2487,2488,four_layer_exact,high,1.0,0.1632653061224489,2.568249472168473,0.0,E,A;E;F;K;T;V;Y,differs_from_consensus,True,True,scaffold_differs_from_msa_consensus,0.433677803282817,surface,False,False,False,False,14.555608003979701,True,False,unassigned_manual_review,,not_annotated_no_domain_boundaries,,True,False
6E9F,A,VI-D,ternary,700,701,L,626.0,L,701.0,,LEU,True,2488,2489,four_layer_exact,high,1.0,0.9183673469387756,0.3629909419913447,0.0,L,I;L,matches_consensus,True,False,,0.012016201154626033,buried_core,False,False,False,False,10.539145759136069,True,True,unassigned_manual_review,,not_annotated_no_domain_boundaries,,True,False
6E9F,A,VI-D,ternary,701,702,A,627.0,A,702.0,,ALA,True,2489,2490,four_layer_exact,high,1.0,0.3605442176870748,1.9231872361462825,0.0,A,A;I;S;T;V,matches_consensus,True,False,,0.028084377117207356,buried_core,False,False,False,False,14.868852531177714,True,True,unassigned_manual_review,,not_annotated_no_domain_boundaries,,True,False
6E9F,A,VI-D,ternary,702,703,D,628.0,D,703.0,,ASP,True,2490,2491,four_layer_exact,high,1.0,0.2312925170068027,2.0818279240922206,0.0,E,D;E;G;K;N;R,differs_from_consensus,True,True,scaffold_differs_from_msa_consensus,0.3090950831121211,surface,False,False,False,False,16.06841800040638,True,False,unassigned_manual_review,,not_annotated_no_domain_boundaries,,True,False
6E9F,A,VI-D,ternary,703,704,M,629.0,M,704.0,,MET,True,2491,2492,four_layer_exact,high,1.0,0.1564625850340136,2.3943393928930647,0.0,I,A;E;I;K;L;M;Q;R,differs_from_consensus,True,True,scaffold_differs_from_msa_consensus,0.11860634264677751,buried_core,False,False,False,False,11.373945716086194,True,True,unassigned_manual_review,,not_annotated_no_domain_boundaries,,True,False
6E9F,A,VI-D,ternary,704,705,I,630.0,I,705.0,,ILE,True,2492,2493,four_layer_exact,high,1.0,0.5238095238095238,0.9656212078672828,0.0,I,I;L,matches_consensus,True,False,,0.0,buried_core,False,False,False,False,11.080609935182066,True,True,unassigned_manual_review,,not_annotated_no_domain_boundaries,,True,False
6E9F,A,VI-D,ternary,705,706,A,631.0,A,706.0,,ALA,True,2493,2494,four_layer_exact,high,1.0,0.2312925170068027,2.377059686067302,0.0,T,A;C;K;R;S;T;V,differs_from_consensus,True,True,scaffold_differs_from_msa_consensus,0.016611767814925897,buried_core,False,False,False,False,14.960171465049854,True,True,unassigned_manual_review,,not_annotated_no_domain_boundaries,,True,False
6E9F,A,VI-D,ternary,706,707,E,632.0,E,707.0,,GLU,True,2494,2495,four_layer_exact,high,1.0,0.2040816326530612,2.1812981957329782,0.0,G,D;E;G;K;N;Q;S,differs_from_consensus,True,True,scaffold_differs_from_msa_consensus,0.4220781291663412,surface,False,False,False,False,15.31618850032986,True,False,unassigned_manual_review,,not_annotated_no_domain_boundaries,,True,False
6E9F,A,VI-D,ternary,707,708,I,633.0,I,708.0,,ILE,True,2495,2496,four_layer_exact,high,1.0,0.272108843537415,1.7179731267051934,0.0,F,F;I;L;M;V,differs_from_consensus,True,True,scaffold_differs_from_msa_consensus,0.06526653953681545,buried_core,False,False,False,False,10.541686723032312,True,True,unassigned_manual_review,,not_annotated_no_domain_boundaries,,True,False
6E9F,A,VI-D,ternary,708,709,K,634.0,K,709.0,,LYS,True,2496,2497,four_layer_exact,high,1.0,0.4149659863945578,1.6454428118663162,0.0,S,D;K;N;S;T,differs_from_consensus,True,True,scaffold_differs_from_msa_consensus,0.6125876710967716,surface,False,False,False,False,11.420606252560813,True,False,unassigned_manual_review,,not_annotated_no_domain_boundaries,,True,False
6E9F,A,VI-D,ternary,709,710,F,635.0,F,710.0,,PHE,True,2497,2498,four_layer_exact,high,1.0,0.54421768707483,1.4476296345672652,0.0,F,F;I;L;Y,matches_consensus,True,False,,0.11357140186065923,buried_core,False,False,False,False,9.383140909325325,True,True,unassigned_manual_review,,not_annotated_no_domain_boundaries,,True,False
6E9F,A,VI-D,ternary,710,711,E,636.0,E,711.0,,GLU,True,2498,2499,four_layer_exact,high,1.0,0.2090419501133786,2.268596289705408,0.0,D,D;E;G;K;N;S,differs_from_consensus,True,True,scaffold_differs_from_msa_consensus,0.3855289811130719,surface,False,True,False,False,6.378994099578705,True,False,unassigned_manual_review,,not_annotated_no_domain_boundaries,,True,False
6E9F,A,VI-D,ternary,711,712,N,637.0,N,712.0,,ASN,True,2500,2501,four_layer_exact,high,0.967032967032967,0.2061170212765957,2.411003770316559,0.0329670329670329,D,D;E;K;N;Q;S;T,differs_from_consensus,True,True,scaffold_differs_from_msa_consensus,0.5140420185246156,surface,False,False,False,False,11.760743304957117,True,False,unassigned_manual_review,,not_annotated_no_domain_boundaries,,True,False
6E9F,A,VI-D,ternary,712,713,F,638.0,F,713.0,,PHE,True,2502,2503,four_layer_exact,high,0.978021978021978,0.6083916083916084,1.3673360658753668,0.021978021978022,F,F;I;L,matches_consensus,True,False,,0.1953739716106673,buried_core,False,False,False,False,10.686628220415804,True,True,unassigned_manual_review,,not_annotated_no_domain_boundaries,,True,True
6E9F,A,VI-D,ternary,713,714,S,,,,,,False,2503,2504,full_msa_only_unresolved_coordinate,medium,0.978021978021978,0.2447552447552447,2.345306231783017,0.021978021978022,E,E;I;K;L;R;S;T,differs_from_consensus,False,True,unresolved_internal;scaffold_differs_from_msa_consensus,,,,,,,,False,False,unassigned_manual_review,,not_annotated_no_domain_boundaries,,False,False
6E9F,A,VI-D,ternary,714,715,D,,,,,,False,2511,2512,full_msa_only_unresolved_coordinate,medium,0.9725274725274724,0.3544600938967135,1.8248594816385624,0.0274725274725274,D,D;G;K;N,matches_consensus,False,True,unresolved_internal,,,,,,,,False,False,unassigned_manual_review,,not_annotated_no_domain_boundaries,,False,False
6E9F,A,VI-D,ternary,715,716,A,,,,,,False,2517,2518,full_msa_only_unresolved_coordinate,medium,0.9615384615384616,0.5928571428571429,1.110576939410738,0.0384615384615384,V,A;I;V,differs_from_consensus,False,True,unresolved_internal;scaffold_differs_from_msa_consensus,,,,,,,,False,False,unassigned_manual_review,,not_annotated_no_domain_boundaries,,False,False
6E9F,A,VI-D,ternary,716,717,G,,,,,,False,2526,2527,full_msa_only_unresolved_coordinate,medium,0.8956043956043956,0.2578125,2.3014362249240654,0.1043956043956043,K,D;E;G;K;N;Q;R,differs_from_consensus,False,True,unresolved_internal;scaffold_differs_from_msa_consensus,,,,,,,,False,False,unassigned_manual_review,,not_annotated_no_domain_boundaries,,False,False
6E9F,A,VI-D,ternary,717,718,N,,,,,,False,2527,2528,full_msa_only_unresolved_coordinate,medium,0.8846153846153846,0.4047619047619047,1.885689526112464,0.1153846153846154,Q,E;K;N;Q;T,differs_from_consensus,False,True,unresolved_internal;scaffold_differs_from_msa_consensus,,,,,,,,False,False,unassigned_manual_review,,not_annotated_no_domain_boundaries,,False,False
6E9F,A,VI-D,ternary,718,719,Y,,,,,,False,2528,2529,full_msa_only_unresolved_coordinate,medium,0.8846153846153846,0.1904761904761904,2.557731120816462,0.1153846153846154,K,A;K;L;M;N;S;V,differs_from_consensus,False,True,unresolved_internal;scaffold_differs_from_msa_consensus,,,,,,,,False,False,unassigned_manual_review,,not_annotated_no_domain_boundaries,,False,False
6E9F,A,VI-D,ternary,719,720,Q,,,,,,False,2532,2533,full_msa_only_unresolved_coordinate,medium,0.7802197802197802,0.1743119266055046,2.408228072180579,0.2197802197802197,A,A;D;E;K;N;Q;S;V,differs_from_consensus,False,True,unresolved_internal;scaffold_differs_from_msa_consensus,,,,,,,,False,False,unassigned_manual_review,,not_annotated_no_domain_boundaries,,False,False
6E9F,A,VI-D,ternary,720,721,K,,,,,,False,2533,2534,full_msa_only_unresolved_coordinate,medium,0.7582417582417582,0.2857142857142857,2.202028705278716,0.2417582417582418,K,D;E;K;N;R;S,matches_consensus,False,True,unresolved_internal,,,,,,,,False,False,unassigned_manual_review,,not_annotated_no_domain_boundaries,,False,False
6E9F,A,VI-D,ternary,721,722,A,,,,,,False,2541,2542,full_msa_only_unresolved_coordinate,medium,0.3571428571428571,0.2666666666666666,2.268605285634966,0.6428571428571428,A,A;I;S;V,matches_consensus,False,True,unresolved_internal,,,,,,,,False,False,unassigned_manual_review,,not_annotated_no_domain_boundaries,,False,False
6E9F,A,VI-D,ternary,722,723,N,,,,,,False,2542,2543,full_msa_only_unresolved_coordinate,medium,0.510989010989011,0.3275862068965517,2.0233165659635355,0.489010989010989,N,E;F;G;K;N;Y,matches_consensus,False,True,unresolved_internal,,,,,,,,False,False,unassigned_manual_review,,not_annotated_no_domain_boundaries,,False,False
6E9F,A,VI-D,ternary,723,724,V,,,,,,False,2543,2544,full_msa_only_unresolved_coordinate,medium,0.521978021978022,0.284375,2.1764025004460144,0.478021978021978,A,A;D;E;G;K;S;V,differs_from_consensus,False,True,unresolved_internal;scaffold_differs_from_msa_consensus,,,,,,,,False,False,unassigned_manual_review,,not_annotated_no_domain_boundaries,,False,False
6E9F,A,VI-D,ternary,724,725,T,,,,,,False,2544,2545,full_msa_only_unresolved_coordinate,medium,0.521978021978022,0.25,2.1819940971853127,0.478021978021978,D,D;E;K;N;Q;R;S;T,differs_from_consensus,False,True,unresolved_internal;scaffold_differs_from_msa_consensus,,,,,,,,False,False,unassigned_manual_review,,not_annotated_no_domain_boundaries,,False,False
6E9F,A,VI-D,ternary,725,726,S,639.0,S,726.0,,SER,True,2551,2552,four_layer_exact,high,0.2417582417582417,0.3076923076923077,1.3516811946858949,0.7582417582417582,G,A;D;G;S,differs_from_consensus,False,True,scaffold_differs_from_msa_consensus,0.6731790955641211,surface,False,False,False,False,8.332659856635692,True,False,unassigned_manual_review,,not_annotated_no_domain_boundaries,,False,True
6E9F,A,VI-D,ternary,726,727,R,640.0,R,727.0,,ARG,True,2552,2553,four_layer_exact,high,0.2417582417582417,0.235576923076923,1.890569171506172,0.7582417582417582,T,D;K;L;S;T;V;Y,differs_from_consensus,False,True,scaffold_differs_from_msa_consensus,0.6405330429551158,surface,True,False,True,False,4.618986374790253,True,False,unassigned_manual_review,,not_annotated_no_domain_boundaries,,False,False
6E9F,A,VI-D,ternary,727,728,T,641.0,T,728.0,,THR,True,2555,2556,four_layer_exact,high,0.8131868131868132,0.1739130434782608,2.3780661473668188,0.1868131868131868,S,A;G;K;P;Q;R;S;T,differs_from_consensus,True,True,scaffold_differs_from_msa_consensus,0.6081726659951955,surface,False,True,False,False,5.532840183239206,True,False,unassigned_manual_review,,not_annotated_no_domain_boundaries,,True,False
6E9F,A,VI-D,ternary,728,729,S,642.0,S,729.0,,SER,True,2556,2557,four_layer_exact,high,0.8461538461538461,0.1652892561983471,2.420833704936432,0.1538461538461538,E,A;D;E;K;N;Q;R,differs_from_consensus,True,True,scaffold_differs_from_msa_consensus,0.4634931493384956,surface,False,False,False,False,8.015683910100995,True,False,unassigned_manual_review,,not_annotated_no_domain_boundaries,,True,False
6E9F,A,VI-D,ternary,729,730,E,643.0,E,730.0,,GLU,True,2558,2559,four_layer_exact,high,0.9505494505494504,0.3405797101449275,2.130455423297098,0.0494505494505495,E,D;E;K;N;Q,matches_consensus,True,False,,0.4614966360775144,surface,False,True,False,False,7.225044482221828,True,False,unassigned_manual_review,,not_annotated_no_domain_boundaries,,True,False
6E9F,A,VI-D,ternary,730,731,A,644.0,A,731.0,,ALA,True,2559,2560,four_layer_exact,high,0.9725274725274724,0.2957746478873239,2.3409547363578675,0.0274725274725274,N,A;G;I;K;N;Q;S,differs_from_consensus,True,True,scaffold_differs_from_msa_consensus,0.10600405767919241,buried_core,True,False,True,False,4.05474895141347,True,True,unassigned_manual_review,,not_annotated_no_domain_boundaries,,True,False
6E9F,A,VI-D,ternary,731,732,E,645.0,E,732.0,,GLU,True,2560,2561,four_layer_exact,high,0.978021978021978,0.1958041958041958,2.514145033457609,0.021978021978022,E,A;E;I;K;L;Q;S;V,matches_consensus,True,False,,0.33980576264550527,surface,False,True,False,False,6.211913343917756,True,False,unassigned_manual_review,,not_annotated_no_domain_boundaries,,True,False
6E9F,A,VI-D,ternary,732,733,I,646.0,I,733.0,,ILE,True,2561,2562,four_layer_exact,high,0.9835164835164836,0.3402777777777778,2.1743241749712787,0.0164835164835165,E,D;E;K;Q;R,differs_from_consensus,True,True,scaffold_differs_from_msa_consensus,0.36167545556525416,surface,False,False,False,False,8.604419794601112,True,False,unassigned_manual_review,,not_annotated_no_domain_boundaries,,True,False
6E9F,A,VI-D,ternary,733,734,K,647.0,K,734.0,,LYS,True,2562,2563,four_layer_exact,high,0.989010989010989,0.6827586206896552,1.1966129281184084,0.0109890109890109,K,I;K;R,matches_consensus,True,False,,0.16991623350939067,buried_core,True,False,True,False,4.209110714289688,True,True,unassigned_manual_review,,not_annotated_no_domain_boundaries,,True,False
6E9F,A,VI-D,ternary,734,735,R,648.0,R,735.0,,ARG,True,2563,2564,four_layer_exact,high,0.989010989010989,0.5655172413793104,1.6154148084290416,0.0109890109890109,E,A;E;Q;R,differs_from_consensus,True,True,scaffold_differs_from_msa_consensus,0.23275367444182996,surface,True,False,False,True,3.407557752331241,True,False,unassigned_manual_review,,not_annotated_no_domain_boundaries,,True,False
6E9F,A,VI-D,ternary,735,736,K,649.0,K,736.0,,LYS,True,2564,2565,four_layer_exact,high,0.9945054945054944,0.4452054794520548,1.5924278725022518,0.0054945054945054,R,K;Q;R,differs_from_consensus,True,True,scaffold_differs_from_msa_consensus,0.2372062195459629,surface,False,True,False,False,6.770588997283539,True,False,unassigned_manual_review,,not_annotated_no_domain_boundaries,,True,False
6E9F,A,VI-D,ternary,736,737,N,650.0,N,737.0,,ASN,True,2565,2566,four_layer_exact,high,1.0,0.2244897959183673,2.217077410589673,0.0,K,F;K;L;M;N;Y,differs_from_consensus,True,True,scaffold_differs_from_msa_consensus,0.02231909862670022,buried_core,False,True,False,False,7.879229631518384,True,True,unassigned_manual_review,,not_annotated_no_domain_boundaries,,True,False
6E9F,A,VI-D,ternary,737,738,Q,651.0,Q,738.0,,GLN,True,2566,2567,four_layer_exact,high,1.0,0.5714285714285714,1.3168066800392395,0.0,K,K;Q,differs_from_consensus,True,True,scaffold_differs_from_msa_consensus,0.07465328923613582,buried_core,True,False,True,True,3.5622550674268574,True,True,unassigned_manual_review,,not_annotated_no_domain_boundaries,,True,False
6E9F,A,VI-D,ternary,738,739,A,652.0,A,739.0,,ALA,True,2567,2568,four_layer_exact,high,1.0,0.6585884353741497,1.2836432611857385,0.0,A,A;N;S,matches_consensus,True,False,,0.0,buried_core,True,False,False,True,3.929497248507309,True,True,unassigned_manual_review,,not_annotated_no_domain_boundaries,,True,False
6E9F,A,VI-D,ternary,739,740,I,653.0,I,740.0,,ILE,True,2568,2569,four_layer_exact,high,1.0,0.4081632653061224,1.4013609778265448,0.0,I,I;L;V,matches_consensus,True,False,,0.0,buried_core,False,True,False,False,5.719177515933206,True,True,unassigned_manual_review,,not_annotated_no_domain_boundaries,,True,False
6E9F,A,VI-D,ternary,740,741,I,654.0,I,741.0,,ILE,True,2569,2570,four_layer_exact,high,0.9945054945054944,0.5051194539249146,1.3480713694736552,0.0054945054945054,I,I;L;T;V,matches_consensus,True,False,,0.036780554803246185,buried_core,False,True,False,False,5.3093449398964925,True,True,unassigned_manual_review,,not_annotated_no_domain_boundaries,,True,False
6E9F,A,VI-D,ternary,741,742,R,655.0,R,742.0,,ARG,True,2570,2571,four_layer_exact,high,0.9945054945054944,0.3583617747440273,1.628871656479298,0.0054945054945054,G,G;K;N;R;S;T,differs_from_consensus,True,True,scaffold_differs_from_msa_consensus,0.0915522013855808,buried_core,True,False,True,True,2.513039800176474,True,True,unassigned_manual_review,,not_annotated_no_domain_boundaries,,True,False
6E9F,A,VI-D,ternary,742,743,L,656.0,L,743.0,,LEU,True,2571,2572,four_layer_exact,high,0.9945054945054944,0.9726962457337884,0.1405949040578399,0.0054945054945054,L,L,matches_consensus,True,False,,0.0060081005773130166,buried_core,False,True,False,False,5.68725808273656,True,True,unassigned_manual_review,,not_annotated_no_domain_boundaries,,True,False
6E9F,A,VI-D,ternary,743,744,Y,657.0,Y,744.0,,TYR,True,2572,2573,four_layer_exact,high,0.9945054945054944,0.9931740614334472,0.040843717863401,0.0054945054945054,Y,Y,matches_consensus,True,False,,0.0,buried_core,False,False,False,False,8.153659690825204,True,True,unassigned_manual_review,,not_annotated_no_domain_boundaries,,True,False
6E9F,A,VI-D,ternary,744,745,L,658.0,L,745.0,,LEU,True,2573,2574,four_layer_exact,high,0.9945054945054944,0.8703071672354948,0.5659801064147093,0.0054945054945054,L,L,matches_consensus,True,False,,0.012016201154626033,buried_core,False,False,False,False,8.346301154044333,True,True,unassigned_manual_review,,not_annotated_no_domain_boundaries,,True,False
6E9F,A,VI-D,ternary,745,746,T,659.0,T,746.0,,THR,True,2574,2575,four_layer_exact,high,0.9945054945054944,0.8464163822525598,0.682968501365504,0.0054945054945054,T,N;T,matches_consensus,True,False,,0.07950304325939431,buried_core,False,True,False,False,5.31478103862628,True,True,unassigned_manual_review,,not_annotated_no_domain_boundaries,,True,False
6E9F,A,VI-D,ternary,746,747,V,660.0,V,747.0,,VAL,True,2575,2576,four_layer_exact,high,0.9945054945054944,0.7815699658703071,0.7252802535594597,0.0054945054945054,V,I;V,matches_consensus,True,False,,0.0,buried_core,False,False,False,False,9.116055310145716,True,True,unassigned_manual_review,,not_annotated_no_domain_boundaries,,True,False
6E9F,A,VI-D,ternary,747,748,M,661.0,M,748.0,,MET,True,2576,2577,four_layer_exact,high,0.9945054945054944,0.3583617747440273,1.7035115601036432,0.0054945054945054,L,A;I;L;M;V,differs_from_consensus,True,True,scaffold_differs_from_msa_consensus,0.005744626566564195,buried_core,False,False,False,False,11.28115335851275,True,True,unassigned_manual_review,,not_annotated_no_domain_boundaries,,True,False
6E9F,A,VI-D,ternary,748,749,Y,662.0,Y,749.0,,TYR,True,2577,2578,four_layer_exact,high,0.9945054945054944,0.9453924914675768,0.2324390042743155,0.0054945054945054,Y,Y,matches_consensus,True,False,,0.08006259288529474,buried_core,False,True,False,False,7.665388521319975,True,True,unassigned_manual_review,,not_annotated_no_domain_boundaries,,True,False
6E9F,A,VI-D,ternary,749,750,I,663.0,I,750.0,,ILE,True,2578,2579,four_layer_exact,high,0.9945054945054944,0.5802047781569966,1.3137402061419368,0.0054945054945054,L,I;L;Q,differs_from_consensus,True,True,scaffold_differs_from_msa_consensus,0.1961629589506463,buried_core,False,True,False,False,6.865151681858146,True,True,unassigned_manual_review,,not_annotated_no_domain_boundaries,,True,False
6E9F,A,VI-D,ternary,750,751,M,664.0,M,751.0,,MET,True,2579,2580,four_layer_exact,high,0.9945054945054944,0.3583617747440273,1.6765219583980584,0.0054945054945054,I,A;F;I;L;V,differs_from_consensus,True,True,scaffold_differs_from_msa_consensus,0.0,buried_core,False,False,False,False,12.109918490935163,True,True,unassigned_manual_review,,not_annotated_no_domain_boundaries,,True,False
6E9F,A,VI-D,ternary,751,752,L,665.0,L,752.0,,LEU,True,2580,2581,four_layer_exact,high,0.9945054945054944,0.4163822525597269,1.7118747516697963,0.0054945054945054,V,I;L;T;V,differs_from_consensus,True,True,scaffold_differs_from_msa_consensus,0.012016201154626033,buried_core,False,False,False,False,13.740973436258743,True,True,unassigned_manual_review,,not_annotated_no_domain_boundaries,,True,False
6E9F,A,VI-D,ternary,752,753,K,666.0,K,753.0,,LYS,True,2581,2582,four_layer_exact,high,0.9945054945054944,1.0,-0.0,0.0054945054945054,K,K,matches_consensus,True,False,,0.09722430552863734,buried_core,False,False,False,False,9.973069571031834,True,True,unassigned_manual_review,,not_annotated_no_domain_boundaries,,True,False
6E9F,A,VI-D,ternary,753,754,N,667.0,N,754.0,,ASN,True,2582,2583,four_layer_exact,high,0.9945054945054944,0.7747440273037542,0.8187206589520368,0.0054945054945054,N,N;S,matches_consensus,True,False,,0.20689008363483408,surface,False,True,False,False,7.638510427270605,True,False,unassigned_manual_review,,not_annotated_no_domain_boundaries,,True,False
6E9F,A,VI-D,ternary,754,755,L,668.0,L,755.0,,LEU,True,2583,2584,four_layer_exact,high,0.9945054945054944,0.7610921501706485,0.7497833821657893,0.0054945054945054,L,I;L;M,matches_consensus,True,False,,0.0,buried_core,False,False,False,False,10.570078153167348,True,True,unassigned_manual_review,,not_annotated_no_domain_boundaries,,True,False
6E9F,A,VI-D,ternary,755,756,V,669.0,V,756.0,,VAL,True,2584,2585,four_layer_exact,high,0.9945054945054944,0.8327645051194539,0.7317718664974477,0.0054945054945054,V,I;V,matches_consensus,True,False,,0.006157810483119083,buried_core,False,False,False,False,9.06580188305101,True,True,unassigned_manual_review,,not_annotated_no_domain_boundaries,,True,False
6E9F,A,VI-D,ternary,756,757,N,670.0,N,757.0,,ASN,True,2585,2586,four_layer_exact,high,0.9945054945054944,0.3651877133105802,1.6138005399096629,0.0054945054945054,N,K;N;R;Y,matches_consensus,True,False,,0.25369755867090404,surface,False,True,False,False,5.800197595406218,True,False,unassigned_manual_review,,not_annotated_no_domain_boundaries,,True,False
6E9F,A,VI-D,ternary,757,758,V,671.0,V,758.0,,VAL,True,2586,2587,four_layer_exact,high,0.9945054945054944,0.5358361774744027,1.0578935661054298,0.0054945054945054,V,A;I;V,matches_consensus,True,False,,0.06940392046206416,buried_core,False,True,False,False,7.224356727428951,True,True,unassigned_manual_review,,not_annotated_no_domain_boundaries,,True,False
6E9F,A,VI-D,ternary,758,759,N,672.0,N,759.0,,ASN,True,2587,2588,four_layer_exact,high,0.9945054945054944,1.0,-0.0,0.0054945054945054,N,N,matches_consensus,True,False,,0.0,buried_core,False,False,False,False,9.450267678978518,True,True,unassigned_manual_review,,not_annotated_no_domain_boundaries,,True,False
6E9F,A,VI-D,ternary,759,760,A,673.0,A,760.0,,ALA,True,2588,2589,four_layer_exact,high,0.9945054945054944,0.4436860068259385,1.204293998580746,0.0054945054945054,S,A;S;T,differs_from_consensus,True,True,scaffold_differs_from_msa_consensus,0.01766734294653207,buried_core,False,True,False,False,6.326749398365615,True,True,unassigned_manual_review,,not_annotated_no_domain_boundaries,,True,False
6E9F,A,VI-D,ternary,760,761,R,674.0,R,761.0,,ARG,True,2589,2590,four_layer_exact,high,0.9945054945054944,0.8293515358361775,0.7967762206574318,0.0054945054945054,R,R,matches_consensus,True,False,,0.008398600798374173,buried_core,True,False,True,False,3.248250655445332,True,True,unassigned_manual_review,,not_annotated_no_domain_boundaries,,True,False
6E9F,A,VI-D,ternary,761,762,Y,675.0,Y,762.0,,TYR,True,2590,2591,four_layer_exact,high,0.9945054945054944,0.8293515358361775,0.4569129468902394,0.0054945054945054,Y,F;Y,matches_consensus,True,False,,0.004591742266311469,buried_core,False,True,False,False,6.67953759665792,True,True,unassigned_manual_review,,not_annotated_no_domain_boundaries,,True,False
6E9F,A,VI-D,ternary,762,763,V,676.0,V,763.0,,VAL,True,2591,2592,four_layer_exact,high,0.9945054945054944,0.310580204778157,1.930086470252553,0.0054945054945054,V,F;L;S;T;V,matches_consensus,True,False,,0.0069403920462064155,buried_core,False,False,False,False,8.007525590555712,True,True,unassigned_manual_review,,not_annotated_no_domain_boundaries,,True,False
6E9F,A,VI-D,ternary,763,764,I,677.0,I,764.0,,ILE,True,2592,2593,four_layer_exact,high,0.9945054945054944,0.5460750853242321,1.2426740662908782,0.0054945054945054,I,I;L;M,matches_consensus,True,False,,0.030650462336038485,buried_core,True,False,True,False,3.981594359801243,True,True,unassigned_manual_review,,not_annotated_no_domain_boundaries,,True,False
6E9F,A,VI-D,ternary,764,765,A,678.0,A,765.0,,ALA,True,2593,2594,four_layer_exact,high,0.9945054945054944,0.8430034129692833,0.4810387504522502,0.0054945054945054,A,A;G,matches_consensus,True,False,,0.0,buried_core,False,True,False,False,5.450893697947612,True,True,unassigned_manual_review,,not_annotated_no_domain_boundaries,,True,False
6E9F,A,VI-D,ternary,765,766,F,679.0,F,766.0,,PHE,True,2594,2595,four_layer_exact,high,0.9945054945054944,0.7474402730375427,0.9933917542404176,0.0054945054945054,F,F;I;Y,matches_consensus,True,False,,0.025158921167498256,buried_core,False,True,False,False,7.861129365494175,True,True,unassigned_manual_review,,not_annotated_no_domain_boundaries,,True,False
6E9F,A,VI-D,ternary,766,767,H,680.0,H,767.0,,HIS,True,2595,2596,four_layer_exact,high,0.9945054945054944,0.4436860068259385,1.8268208765594285,0.0054945054945054,H,A;H;Q;S;Y,matches_consensus,True,False,,0.04699345760885411,buried_core,False,False,False,False,8.462324091902682,True,True,unassigned_manual_review,,not_annotated_no_domain_boundaries,,True,False
6E9F,A,VI-D,ternary,767,768,C,681.0,C,768.0,,CYS,True,2596,2597,four_layer_exact,high,0.9945054945054944,0.5187713310580204,1.7740587079985133,0.0054945054945054,C,A;C;S,matches_consensus,True,False,,0.015410734741441673,buried_core,False,True,False,False,5.218684355187201,True,True,unassigned_manual_review,,not_annotated_no_domain_boundaries,,True,False
6E9F,A,VI-D,ternary,768,769,V,682.0,V,769.0,,VAL,True,2597,2598,four_layer_exact,high,0.9945054945054944,0.5872440273037542,1.4647097106339533,0.0054945054945054,L,F;L;V;Y,differs_from_consensus,True,True,scaffold_differs_from_msa_consensus,0.0069403920462064155,buried_core,False,False,False,False,8.33335859132867,True,True,unassigned_manual_review,,not_annotated_no_domain_boundaries,,True,False
6E9F,A,VI-D,ternary,769,770,E,683.0,E,770.0,,GLU,True,2598,2599,four_layer_exact,high,0.9945054945054944,0.938566552901024,0.3149912403921044,0.0054945054945054,E,E,matches_consensus,True,False,,0.14002858924462303,buried_core,False,False,False,False,11.039875413033624,True,True,unassigned_manual_review,,not_annotated_no_domain_boundaries,,True,False
6E9F,A,VI-D,ternary,770,771,R,684.0,R,771.0,,ARG,True,2599,2600,four_layer_exact,high,0.9945054945054944,0.9110494880546076,0.4445948802520189,0.0054945054945054,R,R,matches_consensus,True,False,,0.12240401712382684,buried_core,False,True,False,False,6.540417100584047,True,True,unassigned_manual_review,,not_annotated_no_domain_boundaries,,True,False
6E9F,A,VI-D,ternary,771,772,D,685.0,D,772.0,,ASP,True,2600,2601,four_layer_exact,high,0.9945054945054944,0.9726962457337884,0.1630920840305657,0.0054945054945054,D,D,matches_consensus,True,False,,0.0,buried_core,False,True,False,False,7.635137072586884,True,True,unassigned_manual_review,,not_annotated_no_domain_boundaries,,True,False
6E9F,A,VI-D,ternary,772,773,T,686.0,T,773.0,,THR,True,2602,2603,four_layer_exact,high,0.9835164835164836,0.2320501730103806,2.369872249098753,0.0164835164835165,A,A;R;S;T;Y,differs_from_consensus,True,True,scaffold_differs_from_msa_consensus,0.1053164141895276,buried_core,False,False,False,False,13.21555945641453,True,True,unassigned_manual_review,,not_annotated_no_domain_boundaries,,True,False
6E9F,A,VI-D,ternary,773,774,K,687.0,K,774.0,,LYS,True,2603,2604,four_layer_exact,high,0.989010989010989,0.1580756013745704,2.5890123444313358,0.0109890109890109,A,A;E;K;L;Q;S;V;Y,differs_from_consensus,True,True,scaffold_differs_from_msa_consensus,0.2525969884505655,surface,False,False,False,False,15.159893692940583,True,False,unassigned_manual_review,,not_annotated_no_domain_boundaries,,True,False
6E9F,A,VI-D,ternary,774,775,L,688.0,L,775.0,,LEU,True,2604,2605,four_layer_exact,high,0.989010989010989,0.7353951890034365,1.0705526406580743,0.0109890109890109,L,F;I;L,matches_consensus,True,False,,0.024032402309252066,buried_core,False,False,False,False,10.17634128337215,True,True,unassigned_manual_review,,not_annotated_no_domain_boundaries,,True,False
6E9F,A,VI-D,ternary,775,776,Y,689.0,Y,776.0,,TYR,True,2606,2607,four_layer_exact,high,0.912087912087912,0.4015151515151515,1.846238177005216,0.0879120879120879,Y,F;H;I;K;L;Y,matches_consensus,True,False,,0.009183484532622938,buried_core,False,False,False,False,9.254709885064463,True,True,unassigned_manual_review,,not_annotated_no_domain_boundaries,,True,False
6E9F,A,VI-D,ternary,776,777,A,690.0,A,777.0,,ALA,True,2607,2608,four_layer_exact,high,0.7967032967032966,0.2072072072072072,2.42398740981,0.2032967032967033,G,D;E;G;K;L;N,differs_from_consensus,False,True,scaffold_differs_from_msa_consensus,0.452100607833977,surface,False,False,False,False,16.118438633403038,True,False,unassigned_manual_review,,not_annotated_no_domain_boundaries,,False,False
6E9F,A,VI-D,ternary,777,778,E,691.0,E,778.0,,GLU,True,2608,2609,four_layer_exact,high,0.6483516483516484,0.1058823529411764,2.708149798870757,0.3516483516483516,Q,D;E;I;K;L;N;Q;R;V,differs_from_consensus,False,True,scaffold_differs_from_msa_consensus,0.6121954827596716,surface,False,False,False,False,17.45078971381441,True,False,unassigned_manual_review,,not_annotated_no_domain_boundaries,,False,False
6E9F,A,VI-D,ternary,778,779,S,692.0,S,779.0,,SER,True,2609,2610,four_layer_exact,high,0.5274725274725275,0.2539682539682539,2.3626466250137828,0.4725274725274725,K,E;K;Q;S,differs_from_consensus,False,True,scaffold_differs_from_msa_consensus,0.3026299851504194,surface,False,False,False,False,14.646637988776861,True,False,unassigned_manual_review,,not_annotated_no_domain_boundaries,,False,False
6E9F,A,VI-D,ternary,779,780,G,693.0,G,780.0,,GLY,True,2615,2616,four_layer_exact,high,0.7142857142857143,0.2898316062176165,2.073080346070501,0.2857142857142857,G,D;E;G;K;N;S,matches_consensus,False,False,,0.7632853385222365,surface,False,False,False,False,18.237908378134016,True,False,unassigned_manual_review,,not_annotated_no_domain_boundaries,,False,False
6E9F,A,VI-D,ternary,780,781,L,694.0,L,781.0,,LEU,True,2617,2618,four_layer_exact,high,0.7472527472527473,0.224390243902439,2.4455305924756554,0.2527472527472527,K,D;E;I;K;L;Q;V,differs_from_consensus,False,True,scaffold_differs_from_msa_consensus,0.17355745807552425,buried_core,False,False,False,False,15.657209779943198,True,True,unassigned_manual_review,,not_annotated_no_domain_boundaries,,False,False
6E9F,A,VI-D,ternary,781,782,E,695.0,E,782.0,,GLU,True,2618,2619,four_layer_exact,high,0.7967032967032966,0.2516816143497757,2.32476777145408,0.2032967032967033,K,A;E;K;N;S;T,differs_from_consensus,False,True,scaffold_differs_from_msa_consensus,0.7617803742207317,surface,False,False,False,False,20.388280212122076,True,False,unassigned_manual_review,,not_annotated_no_domain_boundaries,,False,False
6E9F,A,VI-D,ternary,782,783,V,696.0,V,783.0,,VAL,True,2619,2620,four_layer_exact,high,0.7472527472527473,0.2610837438423645,2.1158077834497107,0.2527472527472527,L,F;G;I;L;V;Y,differs_from_consensus,False,True,scaffold_differs_from_msa_consensus,0.1367631335400264,buried_core,False,False,False,False,17.11275499650317,True,True,unassigned_manual_review,,not_annotated_no_domain_boundaries,,False,False
6E9F,A,VI-D,ternary,783,784,G,697.0,G,784.0,,GLY,True,2621,2622,four_layer_exact,high,0.6208791208791209,0.1783439490445859,2.4032502966240665,0.3791208791208791,K,D;E;G;K;N;S,differs_from_consensus,False,True,scaffold_differs_from_msa_consensus,0.5094463437389947,surface,False,False,False,False,20.176155110776392,True,False,unassigned_manual_review,,not_annotated_no_domain_boundaries,,False,False
6E9F,A,VI-D,ternary,784,785,N,698.0,N,785.0,,ASN,True,2622,2623,four_layer_exact,high,0.5769230769230769,0.2411347517730496,2.336916710266744,0.4230769230769231,N,D;G;K;N;S,matches_consensus,False,False,,0.3660044372670303,surface,False,False,False,False,19.91331211999925,True,False,unassigned_manual_review,,not_annotated_no_domain_boundaries,,False,False
6E9F,A,VI-D,ternary,785,786,I,699.0,I,786.0,,ILE,True,2623,2624,four_layer_exact,high,0.3461538461538461,0.1269841269841269,2.487636534927092,0.6538461538461539,G,G;H;I;L;N;S;T;V;Y,differs_from_consensus,False,True,scaffold_differs_from_msa_consensus,0.10363268964138715,buried_core,False,False,False,False,14.687808339899465,True,True,unassigned_manual_review,,not_annotated_no_domain_boundaries,,False,False
6E9F,A,VI-D,ternary,786,787,E,700.0,E,787.0,,GLU,True,2642,2643,four_layer_exact,high,0.412087912087912,0.188235294117647,2.454431655078948,0.5879120879120879,D,D;E;G;L;S;T,differs_from_consensus,False,True,scaffold_differs_from_msa_consensus,0.5337283597746019,surface,False,False,False,False,19.338000482653786,True,False,unassigned_manual_review,,not_annotated_no_domain_boundaries,,False,False
6E9F,A,VI-D,ternary,787,788,K,701.0,K,788.0,,LYS,True,2643,2644,four_layer_exact,high,0.4175824175824176,0.5632183908045977,1.5845661384715548,0.5824175824175823,K,E;K;N,matches_consensus,False,False,,0.49459584070791246,surface,False,False,False,False,21.251252989165426,True,False,unassigned_manual_review,,not_annotated_no_domain_boundaries,,False,False
6E9F,A,VI-D,ternary,788,789,N,702.0,N,789.0,,ASN,True,2644,2645,four_layer_exact,high,0.3681318681318681,0.1739130434782608,2.3475170550896696,0.6318681318681318,N,A;D;E;F;K;N;Q;S,matches_consensus,False,False,,0.08693279860868598,buried_core,False,False,False,False,18.080211632699466,True,True,unassigned_manual_review,,not_annotated_no_domain_boundaries,,False,False
6E9F,A,VI-D,ternary,789,790,K,703.0,K,790.0,,LYS,True,2645,2646,four_layer_exact,high,0.3406593406593406,0.1475409836065573,2.536311353937628,0.6593406593406593,R,A;C;D;E;G;K;L;N;Q;R,differs_from_consensus,False,True,scaffold_differs_from_msa_consensus,0.0960595201168191,buried_core,False,False,False,False,14.419680623149851,True,True,unassigned_manual_review,,not_annotated_no_domain_boundaries,,False,False
6E9F,A,VI-D,ternary,790,791,T,704.0,T,791.0,,THR,True,2677,2678,four_layer_exact,high,0.989010989010989,0.3024054982817869,2.309402011292449,0.0109890109890109,L,A;F;L;R;S;T,differs_from_consensus,True,True,scaffold_differs_from_msa_consensus,0.051418666142186945,buried_core,False,False,False,False,16.04981695302144,True,True,unassigned_manual_review,,not_annotated_no_domain_boundaries,,True,False
6E9F,A,VI-D,ternary,791,792,N,705.0,N,792.0,,ASN,True,2678,2679,four_layer_exact,high,0.989010989010989,0.3230240549828179,2.3644001380882167,0.0109890109890109,A,A;E;G;K;S,differs_from_consensus,True,True,scaffold_differs_from_msa_consensus,0.14516568225025753,buried_core,False,False,False,False,17.03486196608802,True,True,unassigned_manual_review,,not_annotated_no_domain_boundaries,,True,False
6E9F,A,VI-D,ternary,792,793,L,706.0,L,793.0,,LEU,True,2679,2680,four_layer_exact,high,0.9945054945054944,0.7098976109215017,1.1075423377193525,0.0054945054945054,L,F;I;L,matches_consensus,True,False,,0.0,buried_core,False,False,False,False,12.198402318512013,True,True,unassigned_manual_review,,not_annotated_no_domain_boundaries,,True,False
6E9F,A,VI-D,ternary,793,794,T,707.0,T,794.0,,THR,True,2700,2701,four_layer_exact,high,0.989010989010989,0.5876288659793815,1.3628932113580754,0.0109890109890109,T,A;L;S;T;V,matches_consensus,True,False,,0.0,buried_core,False,False,False,False,13.746140186574491,True,True,unassigned_manual_review,,not_annotated_no_domain_boundaries,,True,False
6E9F,A,VI-D,ternary,794,795,M,708.0,M,795.0,,MET,True,2701,2702,four_layer_exact,high,0.989010989010989,0.2336769759450171,2.2404601917955667,0.0109890109890109,K,A;D;E;K;N;Q;R,differs_from_consensus,True,True,scaffold_differs_from_msa_consensus,0.04887420571084692,buried_core,False,False,False,False,16.902704181343143,True,True,unassigned_manual_review,,not_annotated_no_domain_boundaries,,True,False
6E9F,A,VI-D,ternary,795,796,A,709.0,A,796.0,,ALA,True,2702,2703,four_layer_exact,high,0.9945054945054944,0.1575342465753424,2.5787273039239347,0.0054945054945054,Y,A;D;E;H;K;L;R;Y,differs_from_consensus,True,True,scaffold_differs_from_msa_consensus,0.1164210918498677,buried_core,False,False,False,False,17.127300115520356,True,True,unassigned_manual_review,,not_annotated_no_domain_boundaries,,True,False
6E9F,A,VI-D,ternary,796,797,V,710.0,V,797.0,,VAL,True,2703,2704,four_layer_exact,high,0.989010989010989,0.4827586206896552,1.609178058533682,0.0109890109890109,F,F;L;Y,differs_from_consensus,True,True,scaffold_differs_from_msa_consensus,0.018473431449357248,buried_core,False,False,False,False,12.950566299120924,True,True,unassigned_manual_review,,not_annotated_no_domain_boundaries,,True,False
6E9F,A,VI-D,ternary,797,798,M,711.0,M,798.0,,MET,True,2704,2705,four_layer_exact,high,0.989010989010989,0.3862068965517241,1.8964710809938348,0.0109890109890109,L,I;L;M;V,differs_from_consensus,True,True,scaffold_differs_from_msa_consensus,0.004783299214565716,buried_core,False,False,False,False,13.630729460800891,True,True,unassigned_manual_review,,not_annotated_no_domain_boundaries,,True,False
6E9F,A,VI-D,ternary,798,799,G,712.0,G,799.0,,GLY,True,2707,2708,four_layer_exact,high,0.9835164835164836,0.2083333333333333,2.3561891361010985,0.0164835164835165,E,A;D;E;G;K;N;S,differs_from_consensus,True,True,scaffold_differs_from_msa_consensus,0.46809694289341913,surface,False,False,False,False,17.835613748045276,True,False,unassigned_manual_review,,not_annotated_no_domain_boundaries,,True,False
6E9F,A,VI-D,ternary,799,800,V,713.0,V,800.0,,VAL,True,2708,2709,four_layer_exact,high,0.956043956043956,0.2078853046594982,2.396700478961797,0.0439560439560439,E,D;E;I;K;N;Q;R,differs_from_consensus,True,True,scaffold_differs_from_msa_consensus,0.036946862898714496,buried_core,False,False,False,False,18.60326308711205,True,True,unassigned_manual_review,,not_annotated_no_domain_boundaries,,True,False
6E9F,A,VI-D,ternary,800,801,K,714.0,K,801.0,,LYS,True,2750,2751,four_layer_exact,high,0.456043956043956,0.233009708737864,2.282827539938437,0.543956043956044,K,A;D;E;K;N;R;S;T,matches_consensus,False,False,,0.49084190372353814,surface,False,False,False,False,22.553844561433152,True,False,unassigned_manual_review,,not_annotated_no_domain_boundaries,,False,False
6E9F,A,VI-D,ternary,801,802,L,715.0,L,802.0,,LEU,True,2751,2752,four_layer_exact,high,0.4615384615384615,0.1904761904761904,2.3429864624014907,0.5384615384615384,E,A;D;E;K;L;N;P;T,differs_from_consensus,False,True,scaffold_differs_from_msa_consensus,0.34862206787443345,surface,False,False,False,False,23.6459825737703,True,False,unassigned_manual_review,,not_annotated_no_domain_boundaries,,False,False
6E9F,A,VI-D,ternary,802,803,E,716.0,E,803.0,,GLU,True,2752,2753,four_layer_exact,high,0.467032967032967,0.3271028037383177,2.205568371318245,0.532967032967033,E,D;E;G;N;P;Q,matches_consensus,False,False,,0.45005526556604786,surface,False,False,False,False,28.27557997516389,True,False,unassigned_manual_review,,not_annotated_no_domain_boundaries,,False,False
6E9F,A,VI-D,ternary,803,804,N,717.0,N,804.0,,ASN,True,2753,2754,four_layer_exact,high,0.478021978021978,0.2882882882882883,1.9605735622880087,0.5219780219780219,R,K;N;Q;R;S,differs_from_consensus,False,True,scaffold_differs_from_msa_consensus,0.5248391730423254,surface,False,False,False,False,29.828816265464564,True,False,unassigned_manual_review,,not_annotated_no_domain_boundaries,,False,False
6E9F,A,VI-D,ternary,804,805,G,718.0,G,805.0,,GLY,True,2754,2755,four_layer_exact,high,0.3021978021978022,0.375,2.021679276633173,0.6978021978021978,G,A;G;I;T,matches_consensus,False,False,,0.5647146916667863,surface,False,False,False,False,27.121892496513492,True,False,unassigned_manual_review,,not_annotated_no_domain_boundaries,,False,False
6E9F,A,VI-D,ternary,805,806,I,719.0,I,806.0,,ILE,True,2755,2756,four_layer_exact,high,0.2582417582417582,0.375,1.927331081045034,0.7417582417582418,E,A;E;F;I;P;R;S;T;V,differs_from_consensus,False,True,scaffold_differs_from_msa_consensus,0.4720171199749927,surface,False,False,False,False,26.784952509358742,True,False,unassigned_manual_review,,not_annotated_no_domain_boundaries,,False,False
6E9F,A,VI-D,ternary,806,807,I,720.0,I,807.0,,ILE,True,2756,2757,four_layer_exact,high,0.2582417582417582,0.3125,1.977006172908861,0.7417582417582418,I,A;E;I;K;L;R;T;V;Y,matches_consensus,False,False,,0.09092745106343682,buried_core,False,False,False,False,21.45485670585378,True,True,unassigned_manual_review,,not_annotated_no_domain_boundaries,,False,False
6E9F,A,VI-D,ternary,807,808,K,721.0,K,808.0,,LYS,True,2757,2758,four_layer_exact,high,0.2582417582417582,0.25,2.0467385326945515,0.7417582417582418,K,A;E;F;K;L;M;P;Q;V,matches_consensus,False,False,,0.47881168050628065,surface,False,False,False,False,23.0960665614645,True,False,unassigned_manual_review,,not_annotated_no_domain_boundaries,,False,False
6E9F,A,VI-D,ternary,808,809,T,722.0,T,809.0,,THR,True,2758,2759,four_layer_exact,high,0.2582417582417582,0.3125,1.8364223867541591,0.7417582417582418,E,A;D;E;G;K;N;T;Y,differs_from_consensus,False,True,scaffold_differs_from_msa_consensus,0.1816527320541034,buried_core,False,False,False,False,19.234064786123344,True,True,unassigned_manual_review,,not_annotated_no_domain_boundaries,,False,False
6E9F,A,VI-D,ternary,809,810,E,723.0,E,810.0,,GLU,True,2759,2760,four_layer_exact,high,0.2582417582417582,0.375,1.6674619334292948,0.7417582417582418,D,D;E;K;R;S;T;V,differs_from_consensus,False,True,scaffold_differs_from_msa_consensus,0.40780109795673497,surface,False,False,False,False,17.116643013963564,True,False,unassigned_manual_review,,not_annotated_no_domain_boundaries,,False,False
6E9F,A,VI-D,ternary,810,811,F,724.0,F,811.0,,PHE,True,2764,2765,four_layer_exact,high,0.3021978021978022,0.2916666666666667,2.278081366326456,0.6978021978021978,C,C;I;L;T,differs_from_consensus,False,True,scaffold_differs_from_msa_consensus,0.3252323846252097,surface,False,False,False,False,9.73819490098633,True,False,unassigned_manual_review,,not_annotated_no_domain_boundaries,,False,False
6E9F,A,VI-D,ternary,811,812,D,725.0,D,812.0,,ASP,True,2765,2766,four_layer_exact,high,0.3186813186813186,0.2962962962962963,2.0542170065194,0.6813186813186813,D,A;D;E;G;N;P;V,matches_consensus,False,False,,0.33822028399540566,surface,False,False,False,False,11.804346312456532,True,False,unassigned_manual_review,,not_annotated_no_domain_boundaries,,False,False
6E9F,A,VI-D,ternary,812,813,K,726.0,K,813.0,,LYS,True,2766,2767,four_layer_exact,high,0.4285714285714285,0.2765957446808511,2.382890784089819,0.5714285714285714,K,K;N;P;Q;R;S,matches_consensus,False,False,,0.495277406571742,surface,False,True,False,False,6.066994186020404,True,False,unassigned_manual_review,,not_annotated_no_domain_boundaries,,False,False
6E9F,A,VI-D,ternary,813,814,S,727.0,S,814.0,,SER,True,2767,2768,four_layer_exact,high,0.4725274725274725,0.1272727272727272,2.515219789085249,0.5274725274725275,E,A;D;E;G;I;K;P;S;V,differs_from_consensus,False,True,scaffold_differs_from_msa_consensus,0.4578600102221929,surface,False,False,False,False,12.935455068998088,True,False,unassigned_manual_review,,not_annotated_no_domain_boundaries,,False,False
6E9F,A,VI-D,ternary,814,815,F,728.0,F,815.0,,PHE,True,2768,2769,four_layer_exact,high,0.478021978021978,0.1785714285714285,2.576563939914319,0.5219780219780219,K,A;D;E;F;K;L;R;S;T,differs_from_consensus,False,True,scaffold_differs_from_msa_consensus,0.22083113464074636,surface,False,False,False,False,14.03803462278068,True,False,unassigned_manual_review,,not_annotated_no_domain_boundaries,,False,False
6E9F,A,VI-D,ternary,815,816,A,729.0,A,816.0,,ALA,True,2769,2770,four_layer_exact,high,0.478021978021978,0.2321428571428571,2.410439512304235,0.5219780219780219,A,A;D;L;R;V;Y,matches_consensus,False,False,,0.009361459039069119,buried_core,False,False,False,False,10.357441083261785,True,True,unassigned_manual_review,,not_annotated_no_domain_boundaries,,False,False
6E9F,A,VI-D,ternary,816,817,E,730.0,E,817.0,,GLU,True,2770,2771,four_layer_exact,high,0.489010989010989,0.396551724137931,1.753979294799344,0.510989010989011,K,A;D;E;K;R,differs_from_consensus,False,True,scaffold_differs_from_msa_consensus,0.6015252253221375,surface,False,False,False,False,9.413574377897708,True,False,unassigned_manual_review,,not_annotated_no_domain_boundaries,,False,False
6E9F,A,VI-D,ternary,817,818,N,731.0,N,818.0,,ASN,True,2771,2772,four_layer_exact,high,0.4835164835164835,0.2807017543859649,2.107607824357211,0.5164835164835164,E,A;E;K;N;Q;S;T,differs_from_consensus,False,True,scaffold_differs_from_msa_consensus,0.6390486645923918,surface,False,False,False,False,13.148663814535587,True,False,unassigned_manual_review,,not_annotated_no_domain_boundaries,,False,False
6E9F,A,VI-D,ternary,818,819,A,732.0,A,819.0,,ALA,True,2772,2773,four_layer_exact,high,0.4725274725274725,0.3773584905660377,2.041816216533003,0.5274725274725275,A,A;L;S;T;V,matches_consensus,False,False,,0.041529419537314746,buried_core,False,False,False,False,12.22995880590373,True,True,unassigned_manual_review,,not_annotated_no_domain_boundaries,,False,False
6E9F,A,VI-D,ternary,819,820,A,733.0,A,820.0,,ALA,True,2773,2774,four_layer_exact,high,0.6318681318681318,0.147239263803681,2.588783200271536,0.3681318681318681,K,K;L;N;R;T,differs_from_consensus,False,True,scaffold_differs_from_msa_consensus,0.24234235988419092,surface,False,False,False,False,11.365192051241914,True,False,unassigned_manual_review,,not_annotated_no_domain_boundaries,,False,False
6E9F,A,VI-D,ternary,820,821,N,734.0,N,821.0,,ASN,True,2774,2775,four_layer_exact,high,0.6373626373626373,0.2909090909090909,2.0103418791286254,0.3626373626373627,N,D;K;N;R;S,matches_consensus,False,False,,0.0,buried_core,False,True,False,False,7.859241197016885,True,True,unassigned_manual_review,,not_annotated_no_domain_boundaries,,False,False
6E9F,A,VI-D,ternary,821,822,R,735.0,R,822.0,,ARG,True,2775,2776,four_layer_exact,high,0.6373626373626373,0.2181818181818181,2.301561125909051,0.3626373626373627,R,A;E;G;K;R,matches_consensus,False,False,,0.18012259564757335,buried_core,True,False,True,False,4.072330966982404,True,True,unassigned_manual_review,,not_annotated_no_domain_boundaries,,False,False
6E9F,A,VI-D,ternary,822,823,Y,736.0,Y,823.0,,TYR,True,2776,2777,four_layer_exact,high,0.6648351648351648,0.3085714285714285,2.1124356890593097,0.3351648351648352,Y,F;H;L;Y,matches_consensus,False,False,,0.017331461901921193,buried_core,True,False,True,False,2.925390410294734,True,True,unassigned_manual_review,,not_annotated_no_domain_boundaries,,False,False
6E9F,A,VI-D,ternary,823,824,L,737.0,L,824.0,,LEU,True,2777,2778,four_layer_exact,high,0.6648351648351648,0.5828571428571429,1.5659919020608035,0.3351648351648352,L,F;I;K;L;R,matches_consensus,False,False,,0.0,buried_core,False,True,False,False,7.619220930437251,True,True,unassigned_manual_review,,not_annotated_no_domain_boundaries,,False,False
6E9F,A,VI-D,ternary,824,825,R,738.0,R,825.0,,ARG,True,2778,2779,four_layer_exact,high,0.6593406593406593,0.3930635838150289,1.8599215232801665,0.3406593406593406,K,A;D;K;R,differs_from_consensus,False,True,scaffold_differs_from_msa_consensus,0.24522731074457513,surface,False,True,False,False,6.474800136163168,True,False,unassigned_manual_review,,not_annotated_no_domain_boundaries,,False,False
6E9F,A,VI-D,ternary,825,826,N,739.0,N,826.0,,ASN,True,2791,2792,four_layer_exact,high,0.9615384615384616,0.3487544483985765,2.0376508177228585,0.0384615384615384,N,K;N;Q;R,matches_consensus,True,False,,0.20880635848913454,surface,True,False,True,False,2.7096594272025487,True,False,unassigned_manual_review,,not_annotated_no_domain_boundaries,,True,False
6E9F,A,VI-D,ternary,826,827,A,740.0,A,827.0,,ALA,True,2792,2793,four_layer_exact,high,0.9835164835164836,0.405997693194925,2.0801532475047324,0.0164835164835165,K,K;M;R;T,differs_from_consensus,True,True,scaffold_differs_from_msa_consensus,0.22113889869501363,surface,False,True,False,False,6.237975656242645,True,False,unassigned_manual_review,,not_annotated_no_domain_boundaries,,True,False
6E9F,A,VI-D,ternary,827,828,R,741.0,R,828.0,,ARG,True,2793,2794,four_layer_exact,high,0.9835164835164836,0.3598615916955017,1.445138951463459,0.0164835164835165,H,H;K;R;S,differs_from_consensus,True,True,scaffold_differs_from_msa_consensus,0.4981730330810224,surface,False,True,False,False,6.132314680110521,True,False,unassigned_manual_review,,not_annotated_no_domain_boundaries,,True,False
6E9F,A,VI-D,ternary,828,829,W,742.0,W,829.0,,TRP,True,2794,2795,four_layer_exact,high,0.9835164835164836,0.1799307958477508,2.322548022835267,0.0164835164835165,F,A;F;L;V;W;Y,differs_from_consensus,True,True,scaffold_differs_from_msa_consensus,0.06539583360240984,buried_core,True,False,True,False,4.05133749857397,True,True,unassigned_manual_review,,not_annotated_no_domain_boundaries,,True,False
6E9F,A,VI-D,ternary,829,830,Y,743.0,Y,830.0,,TYR,True,2795,2796,four_layer_exact,high,0.9835164835164836,0.1453287197231834,2.612648747591606,0.0164835164835165,S,A;C;G;K;N;R;S;T;Y,differs_from_consensus,True,True,scaffold_differs_from_msa_consensus,0.0,buried_core,False,False,False,False,8.925709284352997,True,True,unassigned_manual_review,,not_annotated_no_domain_boundaries,,True,False
6E9F,A,VI-D,ternary,830,831,K,744.0,K,831.0,,LYS,True,2796,2797,four_layer_exact,high,0.978021978021978,0.1672473867595819,2.5902126977516384,0.021978021978022,E,D;E;G;K;Q;R;S,differs_from_consensus,True,True,scaffold_differs_from_msa_consensus,0.33829628145850904,surface,False,False,False,False,9.075304482284928,True,False,unassigned_manual_review,,not_annotated_no_domain_boundaries,,True,False
6E9F,A,VI-D,ternary,831,832,L,745.0,L,832.0,,LEU,True,2820,2821,four_layer_exact,high,0.967032967032967,0.4770318021201413,1.7914208502171265,0.0329670329670329,Y,C;I;L;Y,differs_from_consensus,True,True,scaffold_differs_from_msa_consensus,0.2523402242471467,surface,False,False,False,False,9.522240175388626,True,False,unassigned_manual_review,,not_annotated_no_domain_boundaries,,True,False
6E9F,A,VI-D,ternary,832,833,I,746.0,I,833.0,,ILE,True,2821,2822,four_layer_exact,high,0.9615384615384616,0.3914590747330961,1.5504590116416832,0.0384615384615384,L,F;I;L;M;V,differs_from_consensus,True,True,scaffold_differs_from_msa_consensus,0.006130092467207697,buried_core,False,False,False,False,9.807889659384074,True,True,unassigned_manual_review,,not_annotated_no_domain_boundaries,,True,False
6E9F,A,VI-D,ternary,833,834,L,747.0,L,834.0,,LEU,True,2822,2823,four_layer_exact,high,0.956043956043956,0.2795698924731182,2.501059938905497,0.0439560439560439,K,A;E;K;R;S;T;V,differs_from_consensus,True,True,scaffold_differs_from_msa_consensus,0.01802430173193905,buried_core,False,False,False,False,14.729799606875455,True,True,unassigned_manual_review,,not_annotated_no_domain_boundaries,,True,False
6E9F,A,VI-D,ternary,834,835,D,748.0,D,835.0,,ASP,True,2824,2825,four_layer_exact,high,0.9505494505494504,0.2202166064981949,2.3007268366601537,0.0494505494505495,K,D;E;H;K;N;Q;S;T,differs_from_consensus,True,True,scaffold_differs_from_msa_consensus,0.37073163342879567,surface,False,False,False,False,14.270392835639662,True,False,unassigned_manual_review,,not_annotated_no_domain_boundaries,,True,False
6E9F,A,VI-D,ternary,835,836,N,749.0,N,836.0,,ASN,True,2860,2861,four_layer_exact,high,0.978021978021978,0.6794425087108014,1.0070103004882645,0.021978021978022,N,D;N,matches_consensus,True,False,,0.11720363878844778,buried_core,False,False,False,False,13.837713018594107,True,True,unassigned_manual_review,,not_annotated_no_domain_boundaries,,True,False
6E9F,A,VI-D,ternary,836,837,L,750.0,L,837.0,,LEU,True,2867,2868,four_layer_exact,high,0.945054945054945,0.3709090909090909,1.7519562069429615,0.0549450549450549,L,F;I;L;M;V,matches_consensus,True,False,,0.04400005261918485,buried_core,False,False,False,False,17.629349386901687,True,True,unassigned_manual_review,,not_annotated_no_domain_boundaries,,True,False
6E9F,A,VI-D,ternary,837,838,K,751.0,K,838.0,,LYS,True,2886,2887,four_layer_exact,high,0.967032967032967,0.2367491166077738,2.1489935970760325,0.0329670329670329,E,A;D;E;K;N;S,differs_from_consensus,True,True,scaffold_differs_from_msa_consensus,0.3699287648981722,surface,False,False,False,False,18.2112306464875,True,False,unassigned_manual_review,,not_annotated_no_domain_boundaries,,True,False
6E9F,A,VI-D,ternary,838,839,K,752.0,K,839.0,,LYS,True,2887,2888,four_layer_exact,high,0.967032967032967,0.4169611307420495,2.00488469845492,0.0329670329670329,N,E;H;N;S,differs_from_consensus,True,True,scaffold_differs_from_msa_consensus,0.3651256957094984,surface,False,False,False,False,20.098433922290656,True,False,unassigned_manual_review,,not_annotated_no_domain_boundaries,,True,False
6E9F,A,VI-D,ternary,839,840,S,753.0,S,840.0,,SER,True,2901,2902,four_layer_exact,high,0.945054945054945,0.2909090909090909,2.1035600283597664,0.0549450549450549,A,A;I;L;S;V;Y,differs_from_consensus,True,True,scaffold_differs_from_msa_consensus,0.14780094891128207,buried_core,False,False,False,False,18.713089270513663,True,True,unassigned_manual_review,,not_annotated_no_domain_boundaries,,True,False
6E9F,A,VI-D,ternary,840,841,E,754.0,E,841.0,,GLU,True,2902,2903,four_layer_exact,high,0.9395604395604396,0.358974358974359,2.0819152050835474,0.0604395604395604,D,D;E;K;N;R;S,differs_from_consensus,True,True,scaffold_differs_from_msa_consensus,0.07154085507048635,buried_core,False,False,False,False,20.375545084631547,True,True,unassigned_manual_review,,not_annotated_no_domain_boundaries,,True,False
6E9F,A,VI-D,ternary,841,842,R,755.0,R,842.0,,ARG,True,2903,2904,four_layer_exact,high,0.934065934065934,0.1845018450184501,2.3924975417138663,0.0659340659340659,K,D;E;K;N;Q;S,differs_from_consensus,True,True,scaffold_differs_from_msa_consensus,0.43305593506407214,surface,False,False,False,False,20.605593429258565,True,False,unassigned_manual_review,,not_annotated_no_domain_boundaries,,True,False
6E9F,A,VI-D,ternary,842,843,A,756.0,A,843.0,,ALA,True,2904,2905,four_layer_exact,high,0.912087912087912,0.1444866920152091,2.714515138638037,0.0879120879120879,I,A;G;I;L;N;S;T;W;Y,differs_from_consensus,True,True,scaffold_differs_from_msa_consensus,0.36530127652019895,surface,False,False,False,False,21.706225455420043,True,False,unassigned_manual_review,,not_annotated_no_domain_boundaries,,True,False
6E9F,A,VI-D,ternary,843,844,V,757.0,V,844.0,,VAL,True,2927,2928,four_layer_exact,high,0.945054945054945,0.2608695652173913,2.1653032680391404,0.0549450549450549,L,A;F;I;L;M;S;T;V,differs_from_consensus,True,True,scaffold_differs_from_msa_consensus,0.02082117613861925,buried_core,False,False,False,False,18.468461946692237,True,True,unassigned_manual_review,,not_annotated_no_domain_boundaries,,True,False
6E9F,A,VI-D,ternary,844,845,V,758.0,V,845.0,,VAL,True,2928,2929,four_layer_exact,high,0.967032967032967,0.3028169014084507,1.9963040312387688,0.0329670329670329,I,F;I;L;V;Y,differs_from_consensus,True,True,scaffold_differs_from_msa_consensus,0.0,buried_core,False,False,False,False,15.889798826479716,True,True,unassigned_manual_review,,not_annotated_no_domain_boundaries,,True,False
6E9F,A,VI-D,ternary,845,846,N,759.0,N,846.0,,ASN,True,2940,2941,four_layer_exact,high,0.9945054945054944,0.2491467576791808,2.291636948478845,0.0054945054945054,R,K;N;R;S;T;V,differs_from_consensus,True,True,scaffold_differs_from_msa_consensus,0.18148996870519793,buried_core,False,False,False,False,18.654609424003667,True,True,unassigned_manual_review,,not_annotated_no_domain_boundaries,,True,False
6E9F,A,VI-D,ternary,846,847,E,760.0,E,847.0,,GLU,True,2941,2942,four_layer_exact,high,0.9945054945054944,0.1228668941979522,2.709728539248469,0.0054945054945054,A,A;D;E;K;L;N;Q;S;T;V,differs_from_consensus,True,True,scaffold_differs_from_msa_consensus,0.11182970993743878,buried_core,False,False,False,False,18.05317186143494,True,True,unassigned_manual_review,,not_annotated_no_domain_boundaries,,True,False
6E9F,A,VI-D,ternary,847,848,F,761.0,F,848.0,,PHE,True,2942,2943,four_layer_exact,high,0.9945054945054944,0.4778156996587031,1.264865563050892,0.0054945054945054,Y,A;F;Y,differs_from_consensus,True,True,scaffold_differs_from_msa_consensus,0.010063568466999302,buried_core,False,False,False,False,11.564866166713609,True,True,unassigned_manual_review,,not_annotated_no_domain_boundaries,,True,False
6E9F,A,VI-D,ternary,848,849,R,762.0,A,849.0,,ALA,True,2943,2944,four_layer_literature_restored_substitution,high,0.9945054945054944,0.9863481228668942,0.0721777615461715,0.0054945054945054,R,R,matches_consensus,True,True,literature_confirmed_construct_substitution,0.11233750846882942,buried_core,False,False,False,False,14.85262225637778,True,True,HEPN2,,not_annotated_no_domain_boundaries,HEPN2_R,True,False
6E9F,A,VI-D,ternary,849,850,N,763.0,N,850.0,,ASN,True,2944,2945,four_layer_exact,high,0.9945054945054944,0.9658703071672357,0.1942834193895058,0.0054945054945054,N,N,matches_consensus,True,False,,0.3984314733154375,surface,False,False,False,False,16.94244205393351,True,False,unassigned_manual_review,,not_annotated_no_domain_boundaries,,True,False
6E9F,A,VI-D,ternary,850,851,T,764.0,T,851.0,,THR,True,2945,2946,four_layer_exact,high,0.9945054945054944,0.1979522184300341,2.486413414557738,0.0054945054945054,N,A;C;I;K;N;Q;S;T,differs_from_consensus,True,True,scaffold_differs_from_msa_consensus,0.0,buried_core,False,False,False,False,15.772811105488914,True,True,unassigned_manual_review,,not_annotated_no_domain_boundaries,,True,False
6E9F,A,VI-D,ternary,851,852,V,765.0,V,852.0,,VAL,True,2946,2947,four_layer_exact,high,0.9945054945054944,0.5358361774744027,1.1687021341462314,0.0054945054945054,V,A;I;T;V,matches_consensus,True,False,,0.0,buried_core,False,False,False,False,11.953148501920328,True,True,unassigned_manual_review,,not_annotated_no_domain_boundaries,,True,False
6E9F,A,VI-D,ternary,852,853,C,766.0,C,853.0,,CYS,True,2947,2948,four_layer_exact,high,0.9945054945054944,0.5426621160409556,1.5575289013707645,0.0054945054945054,A,A;D;E;M,differs_from_consensus,True,True,scaffold_differs_from_msa_consensus,0.1329320347087545,buried_core,False,False,False,False,13.52067292984579,True,True,unassigned_manual_review,,not_annotated_no_domain_boundaries,,True,False
6E9F,A,VI-D,ternary,853,854,H,767.0,A,854.0,,ALA,True,2948,2949,four_layer_literature_restored_substitution,high,0.9945054945054944,0.9931740614334472,0.040843717863401,0.0054945054945054,H,H,matches_consensus,True,True,literature_confirmed_construct_substitution,0.13106042654696767,buried_core,False,False,False,False,16.81725651072488,True,True,HEPN2,,not_annotated_no_domain_boundaries,HEPN2_H,True,False
6E9F,A,VI-D,ternary,854,855,L,768.0,L,855.0,,LEU,True,2949,2950,four_layer_exact,high,0.9945054945054944,0.7747440273037542,0.9264919163679826,0.0054945054945054,L,I;L;M,matches_consensus,True,False,,0.030040502886565082,buried_core,False,False,False,False,15.258116735762215,True,True,unassigned_manual_review,,not_annotated_no_domain_boundaries,,True,False
6E9F,A,VI-D,ternary,855,856,N,769.0,N,856.0,,ASN,True,2950,2951,four_layer_exact,high,0.9945054945054944,0.5460750853242321,1.51553409871928,0.0054945054945054,N,A;N;S;T,matches_consensus,True,False,,0.08646146304625818,buried_core,False,False,False,False,18.514493369816737,True,True,unassigned_manual_review,,not_annotated_no_domain_boundaries,,True,False
6E9F,A,VI-D,ternary,856,857,A,770.0,A,857.0,,ALA,True,2951,2952,four_layer_exact,high,0.9945054945054944,0.4129692832764505,1.4208257338511148,0.0054945054945054,A,A;I;V,matches_consensus,True,False,,0.0,buried_core,False,False,False,False,16.934505660748645,True,True,unassigned_manual_review,,not_annotated_no_domain_boundaries,,True,False
6E9F,A,VI-D,ternary,857,858,I,771.0,I,858.0,,ILE,True,2952,2953,four_layer_exact,high,0.9945054945054944,0.4197952218430034,1.2712606531607642,0.0054945054945054,V,I;L;V,differs_from_consensus,True,True,scaffold_differs_from_msa_consensus,0.0,buried_core,False,False,False,False,14.775275919016584,True,True,unassigned_manual_review,,not_annotated_no_domain_boundaries,,True,False
6E9F,A,VI-D,ternary,858,859,R,772.0,R,859.0,,ARG,True,2970,2971,four_layer_exact,high,0.9835164835164836,0.5190311418685121,1.805813755696792,0.0164835164835165,R,A;N;R;S,matches_consensus,True,False,,0.019713700283275095,buried_core,False,False,False,False,19.204821700979984,True,True,unassigned_manual_review,,not_annotated_no_domain_boundaries,,True,False
6E9F,A,VI-D,ternary,859,860,N,773.0,N,860.0,,ASN,True,2971,2972,four_layer_exact,high,0.9835164835164836,0.3806228373702422,2.102410568039889,0.0164835164835165,N,A;D;E;K;N;R;S,matches_consensus,True,False,,0.03423369348519463,buried_core,False,False,False,False,21.726126677433125,True,True,unassigned_manual_review,,not_annotated_no_domain_boundaries,,True,False
6E9F,A,VI-D,ternary,860,861,I,774.0,I,861.0,,ILE,True,2972,2973,four_layer_exact,high,0.978021978021978,0.3310104529616725,1.93143586602138,0.021978021978022,A,A;C;F;I;L;M;V,differs_from_consensus,True,True,scaffold_differs_from_msa_consensus,0.012260184934415394,buried_core,False,False,False,False,17.738941992453757,True,True,unassigned_manual_review,,not_annotated_no_domain_boundaries,,True,False
6E9F,A,VI-D,ternary,861,862,N,775.0,N,862.0,,ASN,True,2973,2974,four_layer_exact,high,0.978021978021978,0.2578397212543554,2.355268453829789,0.021978021978022,D,A;D;G;H;N;P;S,differs_from_consensus,True,True,scaffold_differs_from_msa_consensus,0.038803083612280534,buried_core,False,False,False,False,22.741761693137914,True,True,unassigned_manual_review,,not_annotated_no_domain_boundaries,,True,False
6E9F,A,VI-D,ternary,862,863,I,776.0,I,863.0,,ILE,True,2974,2975,four_layer_exact,high,0.9835164835164836,0.3206459054209919,2.181501697909065,0.0164835164835165,K,D;E;K;L;N;R,differs_from_consensus,True,True,scaffold_differs_from_msa_consensus,0.29899210254823094,surface,False,False,False,False,24.91581442554956,True,False,unassigned_manual_review,,not_annotated_no_domain_boundaries,,True,False
6E9F,A,VI-D,ternary,863,864,N,777.0,N,864.0,,ASN,True,2975,2976,four_layer_exact,high,0.9615384615384616,0.7217258662017869,1.0803433260661472,0.0384615384615384,Y,F;Y,differs_from_consensus,True,True,scaffold_differs_from_msa_consensus,0.027473308309300525,buried_core,False,False,False,False,21.817525803520876,True,True,unassigned_manual_review,,not_annotated_no_domain_boundaries,,True,False
6E9F,A,VI-D,ternary,864,865,I,778.0,I,865.0,,ILE,True,2976,2977,four_layer_exact,high,0.967032967032967,0.4875568058861718,1.6375594256322548,0.0329670329670329,I,A;I;L;V,matches_consensus,True,False,,0.006130092467207697,buried_core,False,False,False,False,19.314229585659838,True,True,unassigned_manual_review,,not_annotated_no_domain_boundaries,,True,False
6E9F,A,VI-D,ternary,865,866,K,779.0,K,866.0,,LYS,True,2984,2985,four_layer_exact,high,0.9835164835164836,0.2745098039215686,2.1201385496305694,0.0164835164835165,G,A;D;E;G;K;N;S,differs_from_consensus,True,True,scaffold_differs_from_msa_consensus,0.5984550834262652,surface,False,False,False,False,24.467321788210242,True,False,unassigned_manual_review,,not_annotated_no_domain_boundaries,,True,False
6E9F,A,VI-D,ternary,866,867,E,780.0,E,867.0,,GLU,True,2985,2986,four_layer_exact,high,0.9835164835164836,0.4636678200692041,1.6664074302277303,0.0164835164835165,D,D;E;G;K;N,differs_from_consensus,True,True,scaffold_differs_from_msa_consensus,0.3413779114068058,surface,False,False,False,False,24.254758898716666,True,False,unassigned_manual_review,,not_annotated_no_domain_boundaries,,True,False
6E9F,A,VI-D,ternary,867,868,I,781.0,I,868.0,,ILE,True,2992,2993,four_layer_exact,high,0.9835164835164836,0.5397923875432526,1.5186884667253122,0.0164835164835165,I,F;I;L;V,matches_consensus,True,False,,0.13711249902615613,buried_core,False,False,False,False,20.20652765954548,True,True,unassigned_manual_review,,not_annotated_no_domain_boundaries,,True,False
6E9F,A,VI-D,ternary,868,869,K,782.0,K,869.0,,LYS,True,2993,2994,four_layer_exact,high,0.9505494505494504,0.3032490974729241,2.110489159128578,0.0494505494505495,K,A;E;G;K;R;S;T,matches_consensus,True,False,,0.4687795634640392,surface,False,False,False,False,22.576328898837534,True,False,unassigned_manual_review,,not_annotated_no_domain_boundaries,,True,False
6E9F,A,VI-D,ternary,869,870,E,783.0,E,870.0,,GLU,True,3006,3007,four_layer_exact,high,0.9615384615384616,0.192170818505338,2.4255818223282586,0.0384615384615384,E,D;E;K;N;R;S;Y,matches_consensus,True,False,,0.4724076268570421,surface,False,False,False,False,18.939964189335377,True,False,unassigned_manual_review,,not_annotated_no_domain_boundaries,,True,False
6E9F,A,VI-D,ternary,870,871,V,784.0,V,871.0,,VAL,True,3007,3008,four_layer_exact,high,0.989010989010989,0.3539518900343643,1.6060298236467747,0.0109890109890109,I,F;I;M;V,differs_from_consensus,True,True,scaffold_differs_from_msa_consensus,0.02463124193247633,buried_core,False,False,False,False,15.780710629571164,True,True,unassigned_manual_review,,not_annotated_no_domain_boundaries,,True,False
6E9F,A,VI-D,ternary,871,872,E,785.0,E,872.0,,GLU,True,3008,3009,four_layer_exact,high,0.989010989010989,0.2623138602520045,2.1231691141312816,0.0109890109890109,D,D;E;K;N;S;T,differs_from_consensus,True,True,scaffold_differs_from_msa_consensus,0.4063623893999852,surface,False,False,False,False,14.140300117854363,True,False,unassigned_manual_review,,not_annotated_no_domain_boundaries,,True,False
6E9F,A,VI-D,ternary,872,873,N,786.0,N,873.0,,ASN,True,3035,3036,four_layer_exact,high,0.989010989010989,0.8625429553264605,0.6452752271356559,0.0109890109890109,S,S,differs_from_consensus,True,True,scaffold_differs_from_msa_consensus,0.17643184342560278,buried_core,False,False,False,False,11.786429415708596,True,True,unassigned_manual_review,,not_annotated_no_domain_boundaries,,True,False
6E9F,A,VI-D,ternary,873,874,Y,787.0,Y,874.0,,TYR,True,3044,3045,four_layer_exact,high,0.9945054945054944,0.8771331058020477,0.5003688822901302,0.0054945054945054,Y,W;Y,matches_consensus,True,False,,0.0992838840288096,buried_core,False,False,False,False,9.276820181246123,True,True,unassigned_manual_review,,not_annotated_no_domain_boundaries,,True,False
6E9F,A,VI-D,ternary,874,875,F,788.0,F,875.0,,PHE,True,3045,3046,four_layer_exact,high,0.9945054945054944,0.7303754266211604,0.646373754231609,0.0054945054945054,F,F;Y,matches_consensus,True,False,,0.03332182607907574,buried_core,False,False,False,False,9.884601703880847,True,True,unassigned_manual_review,,not_annotated_no_domain_boundaries,,True,False
6E9F,A,VI-D,ternary,875,876,A,789.0,A,876.0,,ALA,True,3046,3047,four_layer_exact,high,0.9945054945054944,0.3412969283276451,1.7842046366484416,0.0054945054945054,E,A;D;E;G;Q;S,differs_from_consensus,True,True,scaffold_differs_from_msa_consensus,0.03533468589306414,buried_core,False,False,False,False,13.063279083498418,True,True,unassigned_manual_review,,not_annotated_no_domain_boundaries,,True,False
6E9F,A,VI-D,ternary,876,877,L,790.0,L,877.0,,LEU,True,3047,3048,four_layer_exact,high,0.9945054945054944,0.6655290102389079,1.0945551553873465,0.0054945054945054,L,F;I;L;V,matches_consensus,True,False,,0.0,buried_core,False,False,False,False,14.312807726082344,True,True,unassigned_manual_review,,not_annotated_no_domain_boundaries,,True,False
6E9F,A,VI-D,ternary,877,878,Y,791.0,Y,878.0,,TYR,True,3048,3049,four_layer_exact,high,0.9945054945054944,0.9112627986348124,0.3236709773367355,0.0054945054945054,Y,F;Y,matches_consensus,True,False,,0.0,buried_core,False,False,False,False,12.177492373574388,True,True,unassigned_manual_review,,not_annotated_no_domain_boundaries,,True,False
6E9F,A,VI-D,ternary,878,879,H,792.0,H,879.0,,HIS,True,3049,3050,four_layer_exact,high,0.9945054945054944,0.7406143344709898,1.0243926616835215,0.0054945054945054,H,C;H,matches_consensus,True,False,,0.010782394786070681,buried_core,False,False,False,False,11.578500173568294,True,True,unassigned_manual_review,,not_annotated_no_domain_boundaries,,True,False
6E9F,A,VI-D,ternary,879,880,Y,793.0,Y,880.0,,TYR,True,3050,3051,four_layer_exact,high,0.9945054945054944,0.78839590443686,0.8194246612011497,0.0054945054945054,Y,F;Y,matches_consensus,True,False,,0.012739719635609723,buried_core,False,False,False,False,17.50259857148076,True,True,unassigned_manual_review,,not_annotated_no_domain_boundaries,,True,False
6E9F,A,VI-D,ternary,880,881,L,794.0,L,881.0,,LEU,True,3051,3052,four_layer_exact,high,0.9945054945054944,0.3686006825938566,1.602683868186286,0.0054945054945054,I,A;C;I;L;V,differs_from_consensus,True,True,scaffold_differs_from_msa_consensus,0.0,buried_core,False,False,False,False,16.761165822181542,True,True,unassigned_manual_review,,not_annotated_no_domain_boundaries,,True,False
6E9F,A,VI-D,ternary,881,882,I,795.0,I,882.0,,ILE,True,3061,3062,four_layer_exact,high,0.9945054945054944,0.3651877133105802,1.635936536196335,0.0054945054945054,M,I;L;M;V,differs_from_consensus,True,True,scaffold_differs_from_msa_consensus,0.0,buried_core,False,False,False,False,14.546780605339134,True,True,unassigned_manual_review,,not_annotated_no_domain_boundaries,,True,False
6E9F,A,VI-D,ternary,882,883,Q,796.0,Q,883.0,,GLN,True,3062,3063,four_layer_exact,high,0.9945054945054944,0.931740614334471,0.3684350711820774,0.0054945054945054,Q,Q,matches_consensus,True,False,,0.009524080213890848,buried_core,False,False,False,False,17.779737462676604,True,True,unassigned_manual_review,,not_annotated_no_domain_boundaries,,True,False
6E9F,A,VI-D,ternary,883,884,K,797.0,K,884.0,,LYS,True,3063,3064,four_layer_exact,high,0.9945054945054944,0.5870307167235495,1.465201573163282,0.0054945054945054,R,K;R;S,differs_from_consensus,True,True,scaffold_differs_from_msa_consensus,0.12309452232095262,buried_core,False,False,False,False,21.409349453412094,True,True,unassigned_manual_review,,not_annotated_no_domain_boundaries,,True,False
6E9F,A,VI-D,ternary,884,885,H,798.0,H,885.0,,HIS,True,3080,3081,four_layer_exact,high,0.9615384615384616,0.1067615658362989,2.7734581905670805,0.0384615384615384,H,A;H;I;L;M;Q;S;Y,matches_consensus,True,False,,0.10120556583736298,buried_core,False,False,False,False,20.63283411139638,True,True,unassigned_manual_review,,not_annotated_no_domain_boundaries,,True,False
6E9F,A,VI-D,ternary,885,886,L,799.0,L,886.0,,LEU,True,3081,3082,four_layer_exact,high,0.989010989010989,0.5773195876288659,1.2142087209349026,0.0109890109890109,L,I;L;M;V,matches_consensus,True,False,,0.012016201154626033,buried_core,False,False,False,False,18.666007297149687,True,True,unassigned_manual_review,,not_annotated_no_domain_boundaries,,True,False
6E9F,A,VI-D,ternary,886,887,E,800.0,E,887.0,,GLU,True,3091,3092,four_layer_exact,high,0.8131868131868132,0.1746724890829694,2.4703232462616773,0.1868131868131868,L,A;F;I;L;M;Q;V;Y,differs_from_consensus,True,True,scaffold_differs_from_msa_consensus,0.14414246960485028,buried_core,False,False,False,False,23.681960243228755,True,True,unassigned_manual_review,,not_annotated_no_domain_boundaries,,True,False
6E9F,A,VI-D,ternary,887,888,N,801.0,N,888.0,,ASN,True,3092,3093,four_layer_exact,high,0.7967032967032966,0.2690582959641255,2.1311032502971,0.2032967032967033,D,D;E;G;K;N;S,differs_from_consensus,False,True,scaffold_differs_from_msa_consensus,0.4120039913369863,surface,False,False,False,False,25.633706596177028,True,False,unassigned_manual_review,,not_annotated_no_domain_boundaries,,False,False
6E9F,A,VI-D,ternary,888,889,R,802.0,R,889.0,,ARG,True,3093,3094,four_layer_exact,high,0.7307692307692307,0.2512562814070351,2.329051546329626,0.2692307692307693,K,E;K;N;Q;R;S,differs_from_consensus,False,True,scaffold_differs_from_msa_consensus,0.31107743175980745,surface,False,False,False,False,24.421034142824425,True,False,unassigned_manual_review,,not_annotated_no_domain_boundaries,,False,False
6E9F,A,VI-D,ternary,889,890,F,803.0,F,890.0,,PHE,True,3094,3095,four_layer_exact,high,0.6538461538461539,0.1871345029239766,2.4048458984399383,0.3461538461538461,F,F;I;L;V;Y,matches_consensus,False,False,,0.12288318720565451,buried_core,False,False,False,False,23.41998110921307,True,True,unassigned_manual_review,,not_annotated_no_domain_boundaries,,False,False
6E9F,A,VI-D,ternary,890,891,A,804.0,A,891.0,,ALA,True,3110,3111,four_layer_exact,high,0.5604395604395604,0.2028985507246377,2.321079322969002,0.4395604395604395,K,A;K;N;S;T,differs_from_consensus,False,True,scaffold_differs_from_msa_consensus,0.6360243460751543,surface,False,False,False,False,29.156806161222907,True,False,unassigned_manual_review,,not_annotated_no_domain_boundaries,,False,False
6E9F,A,VI-D,ternary,891,892,D,805.0,D,892.0,,ASP,True,3111,3112,four_layer_exact,high,0.6483516483516484,0.4078431372549019,1.7946383577714922,0.3516483516483516,D,D;E;N;S,matches_consensus,False,False,,0.6443566053797666,surface,False,False,False,False,31.227423834877793,True,False,unassigned_manual_review,,not_annotated_no_domain_boundaries,,False,False
6E9F,A,VI-D,ternary,892,893,K,806.0,K,893.0,,LYS,True,3112,3113,four_layer_exact,high,0.6538461538461539,0.1962209302325581,2.5776045604077606,0.3461538461538461,K,E;H;K;N;P;R;S;Y,matches_consensus,False,False,,0.42560007635510716,surface,False,False,False,False,28.77405959017623,True,False,unassigned_manual_review,,not_annotated_no_domain_boundaries,,False,False
6E9F,A,VI-D,ternary,893,894,K,807.0,K,894.0,,LYS,True,3113,3114,four_layer_exact,high,0.6538461538461539,0.1511627906976744,2.5844502358479784,0.3461538461538461,S,A;E;G;K;S;T,differs_from_consensus,False,True,scaffold_differs_from_msa_consensus,0.7697092626747533,surface,False,False,False,False,29.437558703601848,True,False,unassigned_manual_review,,not_annotated_no_domain_boundaries,,False,False
6E9F,A,VI-D,ternary,894,895,V,808.0,V,895.0,,VAL,True,3114,3115,four_layer_exact,high,0.6428571428571429,0.2731152204836415,2.4580433833576945,0.3571428571428571,K,E;K;N;S;Y,differs_from_consensus,False,True,scaffold_differs_from_msa_consensus,0.21126358393246245,surface,False,False,False,False,26.344801050009064,True,False,unassigned_manual_review,,not_annotated_no_domain_boundaries,,False,False
6E9F,A,VI-D,ternary,895,896,E,809.0,E,896.0,,GLU,True,3115,3116,four_layer_exact,high,0.6208791208791209,0.1630276564774381,2.346655743484709,0.3791208791208791,D,D;E;G;K;N;P;S,differs_from_consensus,False,True,scaffold_differs_from_msa_consensus,0.3590247585928187,surface,False,False,False,False,25.71955384365433,True,False,unassigned_manual_review,,not_annotated_no_domain_boundaries,,False,False
6E9F,A,VI-D,ternary,896,897,R,810.0,R,897.0,,ARG,True,3116,3117,four_layer_exact,high,0.6373626373626373,0.1176470588235294,2.7959902884656938,0.3626373626373627,E,A;D;E;G;K;L;S;T,differs_from_consensus,False,True,scaffold_differs_from_msa_consensus,0.7640241428624177,surface,False,False,False,False,27.982102569944793,True,False,unassigned_manual_review,,not_annotated_no_domain_boundaries,,False,False
6E9F,A,VI-D,ternary,897,898,D,811.0,D,898.0,,ASP,True,3117,3118,four_layer_exact,high,0.6098901098901099,0.1875,2.6075595058323318,0.39010989010989,N,A;D;F;K;N;Q;S;V;Y,differs_from_consensus,False,True,scaffold_differs_from_msa_consensus,0.3699333758965053,surface,False,False,False,False,24.821763845415948,True,False,unassigned_manual_review,,not_annotated_no_domain_boundaries,,False,False
6E9F,A,VI-D,ternary,898,899,T,812.0,T,899.0,,THR,True,3167,3168,four_layer_exact,high,0.8186813186813187,0.2401746724890829,2.3015612297799546,0.1813186813186813,L,I;K;L;S;T;V,differs_from_consensus,True,True,scaffold_differs_from_msa_consensus,0.014042188558603678,buried_core,False,False,False,False,23.36795837123759,True,True,unassigned_manual_review,,not_annotated_no_domain_boundaries,,True,False
6E9F,A,VI-D,ternary,899,900,G,813.0,G,900.0,,GLY,True,3168,3169,four_layer_exact,high,0.934065934065934,0.1586715867158671,2.57940935691118,0.0659340659340659,K,A;D;E;K;L;N;Q,differs_from_consensus,True,True,scaffold_differs_from_msa_consensus,0.23974798508799816,surface,False,False,False,False,26.548473421591964,True,False,unassigned_manual_review,,not_annotated_no_domain_boundaries,,True,False
6E9F,A,VI-D,ternary,900,901,D,814.0,D,901.0,,ASP,True,3169,3170,four_layer_exact,high,0.9505494505494504,0.2888086642599278,2.253735962896384,0.0494505494505495,E,D;E;G;K;P;Q;R,differs_from_consensus,True,True,scaffold_differs_from_msa_consensus,0.3755776947349383,surface,False,False,False,False,25.216423607224513,True,False,unassigned_manual_review,,not_annotated_no_domain_boundaries,,True,False
6E9F,A,VI-D,ternary,901,902,F,815.0,F,902.0,,PHE,True,3170,3171,four_layer_exact,high,0.9615384615384616,0.69105871886121,1.358622346108025,0.0384615384615384,Y,F;Y,differs_from_consensus,True,True,scaffold_differs_from_msa_consensus,0.0698776076357568,buried_core,False,False,False,False,20.99632699753703,True,True,unassigned_manual_review,,not_annotated_no_domain_boundaries,,True,False
6E9F,A,VI-D,ternary,902,903,I,816.0,I,903.0,,ILE,True,3171,3172,four_layer_exact,high,0.9725274725274724,0.2736842105263158,2.3840711075667165,0.0274725274725274,F,A;F;K;L;R;S;Y,differs_from_consensus,True,True,scaffold_differs_from_msa_consensus,0.15938240414740015,buried_core,False,False,False,False,25.09473279765258,True,True,unassigned_manual_review,,not_annotated_no_domain_boundaries,,True,False
6E9F,A,VI-D,ternary,903,904,S,817.0,S,904.0,,SER,True,3185,3186,four_layer_exact,high,0.9725274725274724,0.2280701754385964,2.121004101676971,0.0274725274725274,E,A;D;E;K;N;S,differs_from_consensus,True,True,scaffold_differs_from_msa_consensus,0.44011969999578743,surface,False,False,False,False,27.64347401550561,True,False,unassigned_manual_review,,not_annotated_no_domain_boundaries,,True,False
6E9F,A,VI-D,ternary,904,905,K,818.0,K,905.0,,LYS,True,3186,3187,four_layer_exact,high,0.9725274725274724,0.175438596491228,2.509953448043905,0.0274725274725274,K,A;D;E;K;L;N;Q;S,matches_consensus,True,False,,0.3454471320587436,surface,False,False,False,False,23.388678838869684,True,False,unassigned_manual_review,,not_annotated_no_domain_boundaries,,True,False
6E9F,A,VI-D,ternary,905,906,L,819.0,L,906.0,,LEU,True,3192,3193,four_layer_exact,high,0.967032967032967,0.4522968197879858,1.411107694756027,0.0329670329670329,L,I;L;V,matches_consensus,True,False,,0.01802430173193905,buried_core,False,False,False,False,22.714048785119676,True,True,unassigned_manual_review,,not_annotated_no_domain_boundaries,,True,False
6E9F,A,VI-D,ternary,906,907,E,820.0,E,907.0,,GLU,True,3193,3194,four_layer_exact,high,0.9615384615384616,0.1708185053380783,2.4935338041618795,0.0384615384615384,E,D;E;K;L;N;R;S,matches_consensus,True,False,,0.4626376399887231,surface,False,False,False,False,27.223905755282793,True,False,unassigned_manual_review,,not_annotated_no_domain_boundaries,,True,False
6E9F,A,VI-D,ternary,907,908,E,821.0,E,908.0,,GLU,True,3205,3206,four_layer_exact,high,0.934065934065934,0.4534313725490196,1.743901500804819,0.0659340659340659,K,E;K;N;Q;R;S;T,differs_from_consensus,True,True,scaffold_differs_from_msa_consensus,0.5132268614559333,surface,False,False,False,False,25.613342032682503,True,False,unassigned_manual_review,,not_annotated_no_domain_boundaries,,True,False
6E9F,A,VI-D,ternary,908,909,H,822.0,H,909.0,,HIS,True,3206,3207,four_layer_exact,high,0.912087912087912,0.4924242424242424,1.7660496347280823,0.0879120879120879,Y,F;H;N;Y,differs_from_consensus,True,True,scaffold_differs_from_msa_consensus,0.3512294415727819,surface,False,False,False,False,22.475715734195127,True,False,unassigned_manual_review,,not_annotated_no_domain_boundaries,,True,False
6E9F,A,VI-D,ternary,909,910,K,823.0,K,910.0,,LYS,True,3213,3214,four_layer_exact,high,0.978021978021978,0.3484320557491289,1.8051593138252695,0.021978021978022,G,G;H;K;N;R,differs_from_consensus,True,True,scaffold_differs_from_msa_consensus,0.2759250178181293,surface,False,False,False,False,23.017481355983122,True,False,unassigned_manual_review,,not_annotated_no_domain_boundaries,,True,False
6E9F,A,VI-D,ternary,910,911,T,824.0,T,911.0,,THR,True,3214,3215,four_layer_exact,high,0.978021978021978,0.5470383275261324,1.7377392265940013,0.021978021978022,T,S;T,matches_consensus,True,False,,0.17156895023902283,buried_core,False,False,False,False,19.38920524902891,True,True,unassigned_manual_review,,not_annotated_no_domain_boundaries,,True,False
6E9F,A,VI-D,ternary,911,912,Y,825.0,Y,912.0,,TYR,True,3215,3216,four_layer_exact,high,0.989010989010989,0.7800687285223368,0.9399261397042378,0.0109890109890109,Y,P;Y,matches_consensus,True,False,,0.0448138755311404,buried_core,False,False,False,False,14.672674866394312,True,True,unassigned_manual_review,,not_annotated_no_domain_boundaries,,True,False
6E9F,A,VI-D,ternary,912,913,C,826.0,C,913.0,,CYS,True,3216,3217,four_layer_exact,high,0.989010989010989,0.3608247422680412,1.6287875860541623,0.0109890109890109,S,C;D;N;S;V,differs_from_consensus,True,True,scaffold_differs_from_msa_consensus,0.06069481759007252,buried_core,False,False,False,False,18.188481814052476,True,True,unassigned_manual_review,,not_annotated_no_domain_boundaries,,True,False
6E9F,A,VI-D,ternary,913,914,K,827.0,K,914.0,,LYS,True,3217,3218,four_layer_exact,high,0.989010989010989,0.7250859106529209,1.145474998418898,0.0109890109890109,K,K;R,matches_consensus,True,False,,0.49923325744327585,surface,False,False,False,False,13.259821203141918,True,False,unassigned_manual_review,,not_annotated_no_domain_boundaries,,True,False
6E9F,A,VI-D,ternary,914,915,D,828.0,D,915.0,,ASP,True,3218,3219,four_layer_exact,high,0.9945054945054944,0.7337883959044369,1.124333275233936,0.0054945054945054,D,D;N,matches_consensus,True,False,,0.46310689359349283,surface,False,False,False,False,16.304414342799923,True,False,unassigned_manual_review,,not_annotated_no_domain_boundaries,,True,False
6E9F,A,VI-D,ternary,915,916,F,829.0,F,916.0,,PHE,True,3219,3220,four_layer_exact,high,0.9945054945054944,0.4163822525597269,1.4008498795579936,0.0054945054945054,F,A;F;L;M,matches_consensus,True,False,,0.030190705400997907,buried_core,False,False,False,False,16.643881427837947,True,True,unassigned_manual_review,,not_annotated_no_domain_boundaries,,True,False
6E9F,A,VI-D,ternary,916,917,V,830.0,V,917.0,,VAL,True,3220,3221,four_layer_exact,high,0.9945054945054944,0.4607508532423208,1.434370393272457,0.0054945054945054,V,I;L;M;V,matches_consensus,True,False,,0.0069403920462064155,buried_core,False,False,False,False,12.975355248719074,True,True,unassigned_manual_review,,not_annotated_no_domain_boundaries,,True,False
6E9F,A,VI-D,ternary,917,918,K,831.0,K,918.0,,LYS,True,3221,3222,four_layer_exact,high,0.9945054945054944,0.6245733788395904,1.2722698224800089,0.0054945054945054,K,H;K;W,matches_consensus,True,False,,0.12531227374505458,buried_core,False,False,False,False,11.624314044274914,True,True,unassigned_manual_review,,not_annotated_no_domain_boundaries,,True,False
6E9F,A,VI-D,ternary,918,919,A,832.0,A,919.0,,ALA,True,3222,3223,four_layer_exact,high,0.9945054945054944,0.4914675767918088,1.6026506977934307,0.0054945054945054,A,A;I;L;V,matches_consensus,True,False,,0.0,buried_core,False,False,False,False,15.87205802141275,True,True,unassigned_manual_review,,not_annotated_no_domain_boundaries,,True,False
6E9F,A,VI-D,ternary,919,920,Y,833.0,Y,920.0,,TYR,True,3223,3224,four_layer_exact,high,0.9945054945054944,0.7133105802047781,1.0995162720432474,0.0054945054945054,L,I;L;Y,differs_from_consensus,True,True,scaffold_differs_from_msa_consensus,0.009183484532622938,buried_core,False,False,False,False,13.103748636288264,True,True,unassigned_manual_review,,not_annotated_no_domain_boundaries,,True,False
6E9F,A,VI-D,ternary,920,921,C,834.0,C,921.0,,CYS,True,3224,3225,four_layer_exact,high,0.9945054945054944,0.5938566552901023,1.162126883169962,0.0054945054945054,N,C;F;N;Y,differs_from_consensus,True,True,scaffold_differs_from_msa_consensus,0.0072313066828737504,buried_core,False,False,False,False,8.972060015655012,True,True,unassigned_manual_review,,not_annotated_no_domain_boundaries,,True,False
6E9F,A,VI-D,ternary,921,922,T,835.0,T,922.0,,THR,True,3225,3226,four_layer_exact,high,0.9945054945054944,0.2798634812286689,1.9470579621542503,0.0054945054945054,V,A;I;L;S;T;V,differs_from_consensus,True,True,scaffold_differs_from_msa_consensus,0.007021094279301839,buried_core,False,False,False,False,11.82097689741033,True,True,unassigned_manual_review,,not_annotated_no_domain_boundaries,,True,False
6E9F,A,VI-D,ternary,922,923,P,836.0,P,923.0,,PRO,True,3243,3244,four_layer_exact,high,0.9945054945054944,0.9112627986348124,0.4798990182367803,0.0054945054945054,P,P,matches_consensus,True,False,,0.0,buried_core,False,False,False,False,10.940680010071796,True,True,unassigned_manual_review,,not_annotated_no_domain_boundaries,,True,False
6E9F,A,VI-D,ternary,923,924,F,837.0,F,924.0,,PHE,True,3244,3245,four_layer_exact,high,0.9945054945054944,0.8225255972696246,0.6470827085570559,0.0054945054945054,F,F;L,matches_consensus,True,False,,0.0,buried_core,False,True,False,False,7.083128586509714,True,True,unassigned_manual_review,,not_annotated_no_domain_boundaries,,True,False
6E9F,A,VI-D,ternary,924,925,G,838.0,G,925.0,,GLY,True,3271,3272,four_layer_exact,high,0.9945054945054944,0.5426621160409556,0.8563680260277136,0.0054945054945054,A,A;G,differs_from_consensus,True,True,scaffold_differs_from_msa_consensus,0.0,buried_core,False,False,False,False,9.954720056681202,True,True,unassigned_manual_review,,not_annotated_no_domain_boundaries,,True,False
6E9F,A,VI-D,ternary,925,926,Y,839.0,Y,926.0,,TYR,True,3272,3273,four_layer_exact,high,0.9945054945054944,1.0,-0.0,0.0054945054945054,Y,Y,matches_consensus,True,False,,0.0,buried_core,False,True,False,False,7.863531316381867,True,True,unassigned_manual_review,,not_annotated_no_domain_boundaries,,True,False
6E9F,A,VI-D,ternary,926,927,N,840.0,N,927.0,,ASN,True,3273,3274,four_layer_exact,high,0.9945054945054944,0.8703071672354948,0.5843109063318744,0.0054945054945054,N,C;N,matches_consensus,True,False,,0.011216291309893408,buried_core,True,False,True,False,4.392776766788509,True,True,unassigned_manual_review,,not_annotated_no_domain_boundaries,,True,False
6E9F,A,VI-D,ternary,927,928,L,841.0,L,928.0,,LEU,True,3274,3275,four_layer_exact,high,0.9945054945054944,0.6484641638225256,1.366584549574924,0.0054945054945054,L,I;L;V,matches_consensus,True,False,,0.0,buried_core,True,False,True,False,4.111662995096653,True,True,unassigned_manual_review,,not_annotated_no_domain_boundaries,,True,False
6E9F,A,VI-D,ternary,928,929,V,842.0,V,929.0,,VAL,True,3275,3276,four_layer_exact,high,0.9945054945054944,0.5733788395904437,1.029467248822873,0.0054945054945054,P,A;P,differs_from_consensus,True,True,scaffold_differs_from_msa_consensus,0.0,buried_core,True,False,True,False,3.2313325538377153,True,True,unassigned_manual_review,,not_annotated_no_domain_boundaries,,True,False
6E9F,A,VI-D,ternary,929,930,R,843.0,R,930.0,,ARG,True,3281,3282,four_layer_exact,high,0.9945054945054944,1.0,-0.0,0.0054945054945054,R,R,matches_consensus,True,False,,0.019955992750266556,buried_core,True,False,True,False,2.4290622968999442,True,True,unassigned_manual_review,,not_annotated_no_domain_boundaries,,True,False
6E9F,A,VI-D,ternary,930,931,Y,844.0,Y,931.0,,TYR,True,3282,3283,four_layer_exact,high,0.9945054945054944,0.7337883959044369,0.6111992156029766,0.0054945054945054,Y,F;Y,matches_consensus,True,False,,0.03673393813049175,buried_core,False,True,False,False,6.732168122394509,True,True,unassigned_manual_review,,not_annotated_no_domain_boundaries,,True,False
6E9F,A,VI-D,ternary,931,932,K,845.0,K,932.0,,LYS,True,3283,3284,four_layer_exact,high,0.9945054945054944,0.9112627986348124,0.4533576770844879,0.0054945054945054,K,K,matches_consensus,True,False,,0.04093654969626835,buried_core,True,False,True,False,2.693696228030638,True,True,unassigned_manual_review,,not_annotated_no_domain_boundaries,,True,False
6E9F,A,VI-D,ternary,932,933,N,846.0,N,933.0,,ASN,True,3284,3285,four_layer_exact,high,0.9945054945054944,0.8805460750853242,0.5454137059640182,0.0054945054945054,N,N,matches_consensus,True,False,,0.016824436964840112,buried_core,True,False,True,False,2.469804989725122,True,True,unassigned_manual_review,,not_annotated_no_domain_boundaries,,True,False
6E9F,A,VI-D,ternary,933,934,L,847.0,L,934.0,,LEU,True,3285,3286,four_layer_exact,high,0.9945054945054944,0.9795221843003412,0.1223900868110231,0.0054945054945054,L,L,matches_consensus,True,False,,0.0,buried_core,True,False,True,False,3.3302591911400423,True,True,unassigned_manual_review,,not_annotated_no_domain_boundaries,,True,False
6E9F,A,VI-D,ternary,934,935,T,848.0,T,935.0,,THR,True,3286,3287,four_layer_exact,high,0.9945054945054944,0.6075085324232082,0.7385756362529033,0.0054945054945054,S,S;T,differs_from_consensus,True,True,scaffold_differs_from_msa_consensus,0.0616064858163073,buried_core,False,False,False,False,8.891325998893619,True,True,unassigned_manual_review,,not_annotated_no_domain_boundaries,,True,False
6E9F,A,VI-D,ternary,935,936,I,849.0,I,936.0,,ILE,True,3291,3292,four_layer_exact,high,0.9945054945054944,0.676905574516496,1.2826502550317684,0.0054945054945054,I,I;N;V,matches_consensus,True,False,,0.09808147947532316,buried_core,False,True,False,False,6.191899666633843,True,True,unassigned_manual_review,,not_annotated_no_domain_boundaries,,True,False
6E9F,A,VI-D,ternary,936,937,D,850.0,D,937.0,,ASP,True,3292,3293,four_layer_exact,high,0.9945054945054944,0.4914675767918088,1.6634119131836618,0.0054945054945054,E,A;D;E;K;N,differs_from_consensus,True,True,scaffold_differs_from_msa_consensus,0.17492179540856537,buried_core,False,False,False,False,8.91067415131892,True,True,unassigned_manual_review,,not_annotated_no_domain_boundaries,,True,False
6E9F,A,VI-D,ternary,937,938,G,851.0,G,938.0,,GLY,True,3293,3294,four_layer_exact,high,0.9945054945054944,0.2116040955631399,2.1916698208890306,0.0054945054945054,E,A;D;E;G;K;Q,differs_from_consensus,True,True,scaffold_differs_from_msa_consensus,0.21408588549714996,surface,False,True,False,False,6.161374028928038,True,False,unassigned_manual_review,,not_annotated_no_domain_boundaries,,True,False
6E9F,A,VI-D,ternary,938,939,L,852.0,L,939.0,,LEU,True,3294,3295,four_layer_exact,high,0.9945054945054944,0.78839590443686,0.920485964506321,0.0054945054945054,L,I;L,matches_consensus,True,False,,0.07675039017196279,buried_core,True,False,True,False,3.2845548380277374,True,True,unassigned_manual_review,,not_annotated_no_domain_boundaries,,True,False
6E9F,A,VI-D,ternary,939,940,F,853.0,F,940.0,,PHE,True,3295,3296,four_layer_exact,high,0.9945054945054944,0.9522184300341296,0.2299796848520801,0.0054945054945054,F,F,matches_consensus,True,False,,0.06427845176901884,buried_core,True,False,True,False,3.888813980115113,True,True,unassigned_manual_review,,not_annotated_no_domain_boundaries,,True,False
6E9F,A,VI-D,ternary,940,941,D,854.0,D,941.0,,ASP,True,3303,3304,four_layer_exact,high,0.9725274725274724,0.7590643274853801,0.9431207284312612,0.0274725274725274,D,D;Y,matches_consensus,True,False,,0.1832955559887286,buried_core,True,False,True,False,3.7277247459412077,True,True,unassigned_manual_review,,not_annotated_no_domain_boundaries,,True,False
6E9F,A,VI-D,ternary,941,942,K,855.0,K,942.0,,LYS,True,3304,3305,four_layer_exact,high,0.9835164835164836,0.4152249134948096,1.800919381742992,0.0164835164835165,R,D;E;K;M;R,differs_from_consensus,True,True,scaffold_differs_from_msa_consensus,0.3768669988972918,surface,True,False,True,False,3.1272788457253133,True,False,unassigned_manual_review,,not_annotated_no_domain_boundaries,,True,False
6E9F,A,VI-D,ternary,942,943,N,856.0,N,943.0,,ASN,True,3316,3317,four_layer_exact,high,0.945054945054945,0.6836363636363636,1.2332013883339008,0.0549450549450549,N,D;E;N,matches_consensus,True,False,,0.5290941461323475,surface,False,True,False,False,5.014894652787541,True,False,unassigned_manual_review,,not_annotated_no_domain_boundaries,,True,False
6E9F,A,VI-D,ternary,943,944,Y,857.0,Y,944.0,,TYR,True,3317,3318,four_layer_exact,high,0.8956043956043956,0.2996108949416342,2.244778911930258,0.1043956043956043,E,A;D;E;K;N;R;S,differs_from_consensus,True,True,scaffold_differs_from_msa_consensus,0.5125177531759487,surface,False,True,False,False,7.136126146939006,True,False,unassigned_manual_review,,not_annotated_no_domain_boundaries,,True,False
6E9F,A,VI-D,ternary,944,945,P,858.0,P,945.0,,PRO,True,3411,3412,four_layer_exact,high,0.7912087912087912,0.4106735159817352,2.0263891856972456,0.2087912087912088,P,A;E;K;P;T,matches_consensus,False,False,,0.5161322965751558,surface,True,False,True,False,4.58425912805822,True,False,unassigned_manual_review,,not_annotated_no_domain_boundaries,,False,False
6E9F,A,VI-D,ternary,945,946,G,859.0,G,946.0,,GLY,True,3412,3413,four_layer_exact,high,0.7967032967032966,0.2986425339366516,2.22573897823122,0.2032967032967033,E,D;E;G;K;R,differs_from_consensus,False,True,scaffold_differs_from_msa_consensus,0.18207378133999,buried_core,True,False,True,False,2.8947437153259377,True,True,unassigned_manual_review,,not_annotated_no_domain_boundaries,,False,False
6E9F,A,VI-D,ternary,946,947,K,860.0,K,947.0,,LYS,True,3413,3414,four_layer_exact,high,0.7912087912087912,0.1963470319634703,2.3631954098400354,0.2087912087912088,K,A;D;E;K;P;Q;T;V,matches_consensus,False,False,,0.5600862798746419,surface,True,False,True,False,3.47405391708255,True,False,unassigned_manual_review,,not_annotated_no_domain_boundaries,,False,False
6E9F,A,VI-D,ternary,947,948,D,861.0,D,948.0,,ASP,True,3414,3415,four_layer_exact,high,0.7582417582417582,0.3561208267090619,2.2090170498338395,0.2417582417582418,K,A;D;E;G;K;N;S,differs_from_consensus,False,True,scaffold_differs_from_msa_consensus,0.16828115220152656,buried_core,True,False,True,False,3.8516331749999386,True,True,unassigned_manual_review,,not_annotated_no_domain_boundaries,,False,False
6E9F,A,VI-D,ternary,948,949,D,862.0,D,949.0,,ASP,True,3423,3424,four_layer_exact,high,0.7417582417582418,0.309328968903437,2.1549634450683137,0.2582417582417582,E,D;E;G;K;R,differs_from_consensus,False,True,scaffold_differs_from_msa_consensus,0.35134738820422523,surface,False,True,False,False,7.7456722034993835,True,False,unassigned_manual_review,,not_annotated_no_domain_boundaries,,False,False
6E9F,A,VI-D,ternary,949,950,S,863.0,S,950.0,,SER,True,3424,3425,four_layer_exact,high,0.7252747252747253,0.4328859060402684,1.9501339966491875,0.2747252747252747,K,A;D;E;G;K;N;R;S,differs_from_consensus,False,True,scaffold_differs_from_msa_consensus,0.8128700331743312,surface,False,True,False,False,7.323442908258892,True,False,unassigned_manual_review,,not_annotated_no_domain_boundaries,,False,False
6E9F,A,VI-D,ternary,950,951,D,,,,,,False,3425,3426,full_msa_only_unresolved_coordinate,medium,0.6978021978021978,0.1696113074204946,2.485611810474002,0.3021978021978022,K,A;D;E;G;I;K;N;T,differs_from_consensus,False,True,unresolved_terminal;scaffold_differs_from_msa_consensus,,,,,,,,False,False,unassigned_manual_review,,not_annotated_no_domain_boundaries,,False,False
6E9F,A,VI-D,ternary,951,952,E,,,,,,False,3426,3427,full_msa_only_unresolved_coordinate,medium,0.6043956043956044,0.2469414893617021,2.33853640986709,0.3956043956043956,E,D;E;G;K;Q;S;T,matches_consensus,False,True,unresolved_terminal,,,,,,,,False,False,unassigned_manual_review,,not_annotated_no_domain_boundaries,,False,False
6E9F,A,VI-D,ternary,952,953,Q,,,,,,False,3427,3428,full_msa_only_unresolved_coordinate,medium,0.5879120879120879,0.1194690265486725,2.6192127815445048,0.412087912087912,K,A;E;I;K;L;N;S;T;V,differs_from_consensus,False,True,unresolved_terminal;scaffold_differs_from_msa_consensus,,,,,,,,False,False,unassigned_manual_review,,not_annotated_no_domain_boundaries,,False,False
6E9F,A,VI-D,ternary,953,954,K,,,,,,False,3428,3429,full_msa_only_unresolved_coordinate,medium,0.5439560439560439,0.3267326732673267,2.061272798513255,0.4560439560439561,K,A;D;E;K;N;R,matches_consensus,False,True,unresolved_terminal,,,,,,,,False,False,unassigned_manual_review,,not_annotated_no_domain_boundaries,,False,False
