pdb_id,chain_id,subtype,state,full_scaffold_index_0,biological_index_1,full_scaffold_amino_acid,coordinate_index_0,coordinate_amino_acid,pdb_residue_number,pdb_insertion_code,pdb_residue_name,backbone_complete,msa_column_0,msa_column_1,mapping_status,mapping_confidence,msa_coverage,conservation,entropy,gap_fraction,msa_consensus,allowed_residues,scaffold_consensus_status,conservation_constraint_eligible,manual_review_required,decision_reasons
9M31,A,VI-D,binary,0,1,M,,,,,,False,43,44,full_msa_only_unresolved_coordinate,medium,0.9065934065934066,0.9545920378399684,0.2411828238299522,0.09340659340659341,M,M,matches_consensus,False,True,unresolved_terminal
9M31,A,VI-D,binary,1,2,I,,,,,,False,44,45,full_msa_only_unresolved_coordinate,medium,0.9065934065934066,0.257311785573512,2.090300057390328,0.09340659340659341,K,A;E;G;K;N;S;T,differs_from_consensus,False,True,unresolved_terminal;scaffold_differs_from_msa_consensus
9M31,A,VI-D,binary,2,3,E,,,,,,False,46,47,full_msa_only_unresolved_coordinate,medium,0.8571428571428571,0.6467303950596396,1.3013013479555542,0.1428571428571429,K,E;K;N,differs_from_consensus,False,True,unresolved_terminal;scaffold_differs_from_msa_consensus
9M31,A,VI-D,binary,3,4,K,,,,,,False,48,49,full_msa_only_unresolved_coordinate,medium,0.8461538461538461,0.6326425316020294,1.3574115577290657,0.15384615384615385,K,K;N,matches_consensus,False,True,unresolved_terminal
9M31,A,VI-D,binary,7,8,F,3.0,F,8.0,,PHE,True,249,250,four_layer_exact,high,0.9505494505494505,0.20694268936296734,2.5093949816418735,0.0494505494505495,K,A;K;L;N;R;S;T,differs_from_consensus,True,True,scaffold_differs_from_msa_consensus
9M31,A,VI-D,binary,10,11,G,6.0,G,11.0,,GLY,True,252,253,four_layer_exact,high,0.9615384615384616,0.6552583363869549,1.3528717150717957,0.038461538461538436,A,A;R,differs_from_consensus,True,True,scaffold_differs_from_msa_consensus
9M31,A,VI-D,binary,11,12,M,7.0,M,12.0,,MET,True,253,254,four_layer_exact,high,0.967032967032967,0.4271159304271887,1.7182799322688695,0.03296703296703296,A,A;I;L;M;S;V,differs_from_consensus,True,True,scaffold_differs_from_msa_consensus
9M31,A,VI-D,binary,13,14,V,9.0,V,14.0,,VAL,True,255,256,four_layer_exact,high,0.967032967032967,0.5763772651189869,1.08187629296816,0.03296703296703296,L,I;L;V,differs_from_consensus,True,True,scaffold_differs_from_msa_consensus
9M31,A,VI-D,binary,17,18,L,13.0,L,18.0,,LEU,True,259,260,four_layer_exact,high,0.967032967032967,0.5062950294738373,1.2498110704586254,0.03296703296703296,F,F;I;L,differs_from_consensus,True,True,scaffold_differs_from_msa_consensus
9M31,A,VI-D,binary,19,20,S,15.0,S,20.0,,SER,True,261,262,four_layer_exact,high,0.9725274725274725,0.2009828720098287,2.3665675367642436,0.027472527472527486,V,F;H;I;L;V;Y,differs_from_consensus,True,True,scaffold_differs_from_msa_consensus
9M31,A,VI-D,binary,21,22,S,17.0,S,22.0,,SER,True,267,268,four_layer_exact,high,0.9395604395604396,0.4560742025488273,1.6173802814414795,0.06043956043956045,D,D;E;G;K;N,differs_from_consensus,True,True,scaffold_differs_from_msa_consensus
9M31,A,VI-D,binary,23,24,V,19.0,V,24.0,,VAL,True,280,281,four_layer_exact,high,0.9725274725274725,0.39893040398930396,1.648984130767411,0.027472527472527486,L,I;L;V,differs_from_consensus,True,True,scaffold_differs_from_msa_consensus
9M31,A,VI-D,binary,24,25,Y,20.0,Y,25.0,,TYR,True,281,282,four_layer_exact,high,0.9725274725274725,0.2671099226710992,1.7819001293843486,0.027472527472527486,L,A;I;L;V;Y,differs_from_consensus,True,True,scaffold_differs_from_msa_consensus
9M31,A,VI-D,binary,27,28,T,23.0,T,28.0,,THR,True,292,293,four_layer_exact,high,0.978021978021978,0.7381755544391013,0.9947325851226966,0.02197802197802201,S,A;S;T,differs_from_consensus,True,True,scaffold_differs_from_msa_consensus
9M31,A,VI-D,binary,29,30,A,25.0,A,30.0,,ALA,True,312,313,four_layer_exact,high,0.9505494505494505,0.7930573106370326,0.922177043381254,0.0494505494505495,G,G,differs_from_consensus,True,True,scaffold_differs_from_msa_consensus
9M31,A,VI-D,binary,30,31,E,26.0,E,31.0,,GLU,True,313,314,four_layer_exact,high,0.9560439560439561,0.4865303712451103,1.5400904170215637,0.04395604395604391,K,K;N;R,differs_from_consensus,True,True,scaffold_differs_from_msa_consensus
9M31,A,VI-D,binary,32,33,S,28.0,S,33.0,,SER,True,315,316,four_layer_exact,high,0.967032967032967,0.6646532275671349,1.440195898959805,0.03296703296703296,N,N;S,differs_from_consensus,True,True,scaffold_differs_from_msa_consensus
9M31,A,VI-D,binary,35,36,R,31.0,R,36.0,,ARG,True,318,319,four_layer_exact,high,0.9725274725274725,0.32702175327021754,2.237269038976929,0.027472527472527486,V,A;E;I;K;L;N;V,differs_from_consensus,True,True,scaffold_differs_from_msa_consensus
9M31,A,VI-D,binary,39,40,I,35.0,I,40.0,,ILE,True,322,323,four_layer_exact,high,0.967032967032967,0.34211483880358046,2.1951504323846187,0.03296703296703296,K,E;I;K;R,differs_from_consensus,True,True,scaffold_differs_from_msa_consensus
9M31,A,VI-D,binary,40,41,V,36.0,V,41.0,,VAL,True,323,324,four_layer_exact,high,0.967032967032967,0.5551997671202968,1.5401403075624502,0.03296703296703296,I,I;V,differs_from_consensus,True,True,scaffold_differs_from_msa_consensus
9M31,A,VI-D,binary,41,42,E,37.0,E,42.0,,GLU,True,326,327,four_layer_exact,high,0.9560439560439561,0.15532838126057216,2.5513462977121204,0.04395604395604391,T,A;D;E;I;K;S;T;V,differs_from_consensus,True,True,scaffold_differs_from_msa_consensus
9M31,A,VI-D,binary,42,43,G,38.0,G,43.0,,GLY,True,327,328,four_layer_exact,high,0.9340659340659341,0.2322712480133202,2.352801991003843,0.06593406593406592,D,A;D;G;K;N;S;T,differs_from_consensus,True,True,scaffold_differs_from_msa_consensus
9M31,A,VI-D,binary,44,45,S,40.0,S,45.0,,SER,True,329,330,four_layer_exact,high,0.9285714285714286,0.17564991995120832,2.452276521386664,0.0714285714285714,E,D;E;G;K;N;S,differs_from_consensus,True,True,scaffold_differs_from_msa_consensus
9M31,A,VI-D,binary,46,47,R,42.0,R,47.0,,ARG,True,339,340,four_layer_exact,high,0.8791208791208791,0.25931995083981974,2.3614232965510986,0.1208791208791209,E,D;E;K;S;T,differs_from_consensus,True,True,scaffold_differs_from_msa_consensus
9M31,A,VI-D,binary,47,48,S,43.0,S,48.0,,SER,True,340,341,four_layer_exact,high,0.8736263736263736,0.19027169873647698,2.263293370502574,0.12637362637362637,D,D;E;K;N;P;S;T,differs_from_consensus,True,True,scaffold_differs_from_msa_consensus
9M31,A,VI-D,binary,48,49,V,44.0,V,49.0,,VAL,True,342,343,four_layer_exact,high,0.06043956043956044,0.36363636363636365,1.8937882323911377,0.9395604395604396,R,A;C;D;K;R;T;V;Y,differs_from_consensus,False,True,scaffold_differs_from_msa_consensus
9M31,A,VI-D,binary,51,52,G,47.0,G,52.0,,GLY,True,346,347,four_layer_exact,high,0.6043956043956044,0.2073122267850046,2.2895738690462952,0.39560439560439564,D,A;D;E;G;K;N;P;S;T,differs_from_consensus,False,True,scaffold_differs_from_msa_consensus
9M31,A,VI-D,binary,52,53,E,48.0,E,53.0,,GLU,True,347,348,four_layer_exact,high,0.14835164835164835,0.19480519480519481,2.3613105595949353,0.8516483516483516,S,E;K;Q;R;S;V,differs_from_consensus,False,True,scaffold_differs_from_msa_consensus
9M31,A,VI-D,binary,55,56,S,51.0,S,56.0,,SER,True,376,377,four_layer_exact,high,0.054945054945054944,0.2,2.0253262207700677,0.945054945054945,K,D;E;K;N;P;R;S;V,differs_from_consensus,False,True,scaffold_differs_from_msa_consensus
9M31,A,VI-D,binary,56,57,A,52.0,A,57.0,,ALA,True,377,378,four_layer_exact,high,0.06043956043956044,0.2727272727272727,1.7201934592198251,0.9395604395604396,K,A;I;K;L;S;T,differs_from_consensus,False,True,scaffold_differs_from_msa_consensus
9M31,A,VI-D,binary,57,58,E,53.0,E,58.0,,GLU,True,378,379,four_layer_exact,high,0.9560439560439561,0.19484832828991067,2.2062077956123254,0.04395604395604391,S,D;E;K;N;R;S;T,differs_from_consensus,True,True,scaffold_differs_from_msa_consensus
9M31,A,VI-D,binary,58,59,M,54.0,M,59.0,,MET,True,379,380,four_layer_exact,high,0.9505494505494505,0.3746376272950271,1.7433444770914472,0.0494505494505495,V,A;I;L;V,differs_from_consensus,True,True,scaffold_differs_from_msa_consensus
9M31,A,VI-D,binary,59,60,A,55.0,A,60.0,,ALA,True,380,381,four_layer_exact,high,0.8736263736263736,0.16252374267074077,2.475165409379496,0.12637362637362637,T,A;D;E;K;N;S;T;V,differs_from_consensus,True,True,scaffold_differs_from_msa_consensus
9M31,A,VI-D,binary,60,61,D,56.0,D,61.0,,ASP,True,381,382,four_layer_exact,high,0.8626373626373627,0.11278006209616513,2.6742483123405223,0.13736263736263732,K,A;D;E;I;K;L;N;P;S,differs_from_consensus,True,True,scaffold_differs_from_msa_consensus
9M31,A,VI-D,binary,62,63,N,58.0,N,63.0,,ASN,True,383,384,four_layer_exact,high,0.33516483516483514,0.16806722689075632,2.402561746241019,0.6648351648351649,E,D;E;G;K;N;P;R;S;T,differs_from_consensus,False,True,scaffold_differs_from_msa_consensus
9M31,A,VI-D,binary,64,65,G,60.0,G,65.0,,GLY,True,385,386,four_layer_exact,high,0.04395604395604396,0.25,1.7328679513998633,0.9560439560439561,A,A;C;G;P;Q;T,differs_from_consensus,False,True,scaffold_differs_from_msa_consensus
9M31,A,VI-D,binary,65,66,Y,61.0,Y,66.0,,TYR,True,428,429,four_layer_exact,high,0.02197802197802198,0.5,1.0397207708399179,0.978021978021978,G,C;G;Y,differs_from_consensus,False,True,scaffold_differs_from_msa_consensus
9M31,A,VI-D,binary,66,67,K,62.0,K,67.0,,LYS,True,434,435,four_layer_exact,high,0.21978021978021978,0.25,2.1927438540629898,0.7802197802197802,D,D;E;G;K;P;S,differs_from_consensus,False,True,scaffold_differs_from_msa_consensus
9M31,A,VI-D,binary,67,68,I,63.0,I,68.0,,ILE,True,435,436,four_layer_exact,high,0.6703296703296703,0.4262728422020457,1.69204780475337,0.3296703296703297,V,A;I;T;V,differs_from_consensus,False,True,scaffold_differs_from_msa_consensus
9M31,A,VI-D,binary,68,69,G,64.0,G,69.0,,GLY,True,436,437,four_layer_exact,high,0.6758241758241759,0.29828350574059337,1.9894706485431206,0.32417582417582413,D,D;E;G;N;S;T,differs_from_consensus,False,True,scaffold_differs_from_msa_consensus
9M31,A,VI-D,binary,69,70,N,65.0,N,70.0,,ASN,True,437,438,four_layer_exact,high,0.6703296703296703,0.22066429146075162,2.1459339161154576,0.3296703296703297,E,A;D;E;K;N;P;R;S;T,differs_from_consensus,False,True,scaffold_differs_from_msa_consensus
9M31,A,VI-D,binary,70,71,A,66.0,A,71.0,,ALA,True,439,440,four_layer_exact,high,0.945054945054945,0.3126450550273265,2.3974674163023746,0.05494505494505497,K,D;E;K;N;S;T,differs_from_consensus,True,True,scaffold_differs_from_msa_consensus
9M31,A,VI-D,binary,72,73,F,68.0,F,73.0,,PHE,True,447,448,four_layer_exact,high,0.967032967032967,0.3330179754020813,1.6210769632639537,0.03296703296703296,I,F;I;L;V;Y,differs_from_consensus,True,True,scaffold_differs_from_msa_consensus
9M31,A,VI-D,binary,75,76,P,71.0,P,76.0,,PRO,True,454,455,four_layer_exact,high,0.14835164835164835,0.18867924528301888,2.1228796777564374,0.8516483516483516,S,E;K;P;Q;R;S,differs_from_consensus,False,True,scaffold_differs_from_msa_consensus
9M31,A,VI-D,binary,78,79,Y,74.0,Y,79.0,,TYR,True,486,487,four_layer_exact,high,0.45054945054945056,0.21372191863995144,2.4081697528469217,0.5494505494505495,I,I;K;L;M;N;R;T,differs_from_consensus,False,True,scaffold_differs_from_msa_consensus
9M31,A,VI-D,binary,79,80,A,75.0,A,80.0,,ALA,True,487,488,four_layer_exact,high,0.7307692307692307,0.16753926701570682,2.4884698344207945,0.2692307692307693,E,D;E;K;N;S;T,differs_from_consensus,False,True,scaffold_differs_from_msa_consensus
9M31,A,VI-D,binary,80,81,V,76.0,V,81.0,,VAL,True,488,489,four_layer_exact,high,0.9340659340659341,0.38625142423091524,1.9131032147108522,0.06593406593406592,A,A;G;I;L;T;V,differs_from_consensus,True,True,scaffold_differs_from_msa_consensus
9M31,A,VI-D,binary,81,82,V,77.0,V,82.0,,VAL,True,489,490,four_layer_exact,high,0.9395604395604396,0.23889601085890955,2.380030213672298,0.06043956043956045,T,E;I;L;N;S;T;V,differs_from_consensus,True,True,scaffold_differs_from_msa_consensus
9M31,A,VI-D,binary,83,84,N,79.0,N,84.0,,ASN,True,491,492,four_layer_exact,high,0.945054945054945,0.4274163360035936,2.0799929411783484,0.05494505494505497,D,A;D;E;N;S,differs_from_consensus,True,True,scaffold_differs_from_msa_consensus
9M31,A,VI-D,binary,87,88,Y,83.0,Y,88.0,,TYR,True,496,497,four_layer_exact,high,0.532967032967033,0.5281701317251231,1.3384381343531648,0.46703296703296704,H,H;Y,differs_from_consensus,False,True,scaffold_differs_from_msa_consensus
9M31,A,VI-D,binary,88,89,T,84.0,T,89.0,,THR,True,497,498,four_layer_exact,high,0.5164835164835165,0.23948112423083318,2.444638560920194,0.48351648351648346,S,A;G;H;I;N;R;S;V,differs_from_consensus,False,True,scaffold_differs_from_msa_consensus
9M31,A,VI-D,binary,90,91,P,86.0,P,91.0,,PRO,True,499,500,four_layer_exact,high,0.08241758241758242,0.13333333333333333,2.1535324566542537,0.9175824175824175,D,A;D;E;G;K;L;P;Q;S,differs_from_consensus,False,True,scaffold_differs_from_msa_consensus
9M31,A,VI-D,binary,92,93,Q,88.0,Q,93.0,,GLN,True,537,538,four_layer_exact,high,0.8791208791208791,0.6017206063088898,1.5229936692232289,0.1208791208791209,G,G;N;P;R,differs_from_consensus,True,True,scaffold_differs_from_msa_consensus
9M31,A,VI-D,binary,95,96,M,91.0,M,96.0,,MET,True,555,556,four_layer_exact,high,0.9725274725274725,0.26364096263640957,2.1080298549867944,0.027472527472527486,Y,I;K;L;M;Q;Y,differs_from_consensus,True,True,scaffold_differs_from_msa_consensus
9M31,A,VI-D,binary,100,101,E,96.0,E,101.0,,GLU,True,560,561,four_layer_exact,high,0.978021978021978,0.26182444556089857,2.1311095792334753,0.02197802197802201,D,A;D;E;G;N;P;S,differs_from_consensus,True,True,scaffold_differs_from_msa_consensus
9M31,A,VI-D,binary,101,102,T,97.0,T,102.0,,THR,True,561,562,four_layer_exact,high,0.978021978021978,0.22048374363023035,2.3047630718212755,0.02197802197802201,K,A;E;K;T;V,differs_from_consensus,True,True,scaffold_differs_from_msa_consensus
9M31,A,VI-D,binary,106,107,Y,102.0,Y,107.0,,TYR,True,566,567,four_layer_exact,high,0.9725274725274725,0.3964009539640095,1.3154595161030895,0.027472527472527486,F,F;I;V;Y,differs_from_consensus,True,True,scaffold_differs_from_msa_consensus
9M31,A,VI-D,binary,109,110,E,105.0,E,110.0,,GLU,True,577,578,four_layer_exact,high,0.9560439560439561,0.4437965901542549,1.8169639891654,0.04395604395604391,K,E;K;Q;R,differs_from_consensus,True,True,scaffold_differs_from_msa_consensus
9M31,A,VI-D,binary,110,111,S,106.0,S,111.0,,SER,True,578,579,four_layer_exact,high,0.9560439560439561,0.4310281201564691,1.8581568467619405,0.04395604395604391,T,E;K;N;S;T,differs_from_consensus,True,True,scaffold_differs_from_msa_consensus
9M31,A,VI-D,binary,111,112,A,107.0,A,112.0,,ALA,True,579,580,four_layer_exact,high,0.9560439560439561,0.7874381873200974,0.7486458359144552,0.04395604395604391,F,F;Y,differs_from_consensus,True,True,scaffold_differs_from_msa_consensus
9M31,A,VI-D,binary,114,115,N,110.0,N,115.0,,ASN,True,591,592,four_layer_exact,high,0.03296703296703297,0.3333333333333333,1.5607104090414063,0.967032967032967,A,A;I;N;P;V,differs_from_consensus,False,True,scaffold_differs_from_msa_consensus
9M31,A,VI-D,binary,118,119,C,114.0,C,119.0,,CYS,True,595,596,four_layer_exact,high,0.9725274725274725,0.7641107176411072,0.7909641595037971,0.027472527472527486,H,H;R,differs_from_consensus,True,True,scaffold_differs_from_msa_consensus
9M31,A,VI-D,binary,121,122,V,117.0,V,122.0,,VAL,True,598,599,four_layer_exact,high,0.9725274725274725,0.5064681650646816,1.0732635696041648,0.027472527472527486,I,I;L,differs_from_consensus,True,True,scaffold_differs_from_msa_consensus
9M31,A,VI-D,binary,123,124,H,119.0,H,124.0,,HIS,True,600,601,four_layer_exact,high,0.9725274725274725,0.7918623979186239,0.7195081984231031,0.027472527472527486,Y,H;Y,differs_from_consensus,True,True,scaffold_differs_from_msa_consensus
9M31,A,VI-D,binary,134,135,E,130.0,E,135.0,,GLU,True,611,612,four_layer_exact,high,0.978021978021978,0.3401110390078593,2.1266266094351343,0.02197802197802201,V,E;I;L;P;T;V,differs_from_consensus,True,True,scaffold_differs_from_msa_consensus
9M31,A,VI-D,binary,137,138,T,133.0,T,138.0,,THR,True,614,615,four_layer_exact,high,0.9725274725274725,0.6029187540840776,1.3564394589399267,0.027472527472527486,N,N;T,differs_from_consensus,True,True,scaffold_differs_from_msa_consensus
9M31,A,VI-D,binary,139,140,A,135.0,A,140.0,,ALA,True,616,617,four_layer_exact,high,0.978021978021978,0.6748864373783258,0.987056587698443,0.02197802197802201,I,A;I;V,differs_from_consensus,True,True,scaffold_differs_from_msa_consensus
9M31,A,VI-D,binary,140,141,A,136.0,A,141.0,,ALA,True,617,618,four_layer_exact,high,0.978021978021978,0.46052346960847934,1.4637418878752475,0.02197802197802201,V,I;L;T;V,differs_from_consensus,True,True,scaffold_differs_from_msa_consensus
9M31,A,VI-D,binary,143,144,V,139.0,V,144.0,,VAL,True,626,627,four_layer_exact,high,0.978021978021978,0.41509842093878435,1.4610470414168355,0.02197802197802201,L,F;I;L;V,differs_from_consensus,True,True,scaffold_differs_from_msa_consensus
9M31,A,VI-D,binary,146,147,I,142.0,I,147.0,,ILE,True,629,630,four_layer_exact,high,0.9835164835164835,0.6228373702422145,1.1990834743759282,0.016483516483516536,L,I;L;M;V,differs_from_consensus,True,True,scaffold_differs_from_msa_consensus
9M31,A,VI-D,binary,147,148,S,143.0,S,148.0,,SER,True,630,631,four_layer_exact,high,0.9835164835164835,0.1695501730103806,2.6246834244920807,0.016483516483516536,L,A;D;F;L;N;Q;R;S,differs_from_consensus,True,True,scaffold_differs_from_msa_consensus
9M31,A,VI-D,binary,148,149,G,144.0,G,149.0,,GLY,True,631,632,four_layer_exact,high,0.9615384615384616,0.5195729537366548,1.7704840240886426,0.038461538461538436,R,D;G;N;R,differs_from_consensus,True,True,scaffold_differs_from_msa_consensus
9M31,A,VI-D,binary,149,150,L,145.0,L,150.0,,LEU,True,633,634,four_layer_exact,high,0.8956043956043956,0.1625806451612903,2.560474128027858,0.10439560439560436,D,A;D;E;G;K;N;R;S;T,differs_from_consensus,True,True,scaffold_differs_from_msa_consensus
9M31,A,VI-D,binary,150,151,D,146.0,D,151.0,,ASP,True,634,635,four_layer_exact,high,0.8956043956043956,0.2474870298313878,2.3402382182330475,0.10439560439560436,E,D;E;G;K;N;S,differs_from_consensus,True,True,scaffold_differs_from_msa_consensus
9M31,A,VI-D,binary,151,152,K,147.0,K,152.0,,LYS,True,667,668,four_layer_exact,high,0.9615384615384616,0.19217081850533807,2.5580005415999194,0.038461538461538436,E,D;E;G;K;N;S;T,differs_from_consensus,True,True,scaffold_differs_from_msa_consensus
9M31,A,VI-D,binary,153,154,I,149.0,I,154.0,,ILE,True,669,670,four_layer_exact,high,0.9835164835164835,0.3181228373702422,1.8410987589276657,0.016483516483516536,F,F;I;L;V;Y,differs_from_consensus,True,True,scaffold_differs_from_msa_consensus
9M31,A,VI-D,binary,156,157,F,152.0,F,157.0,,PHE,True,674,675,four_layer_exact,high,0.07142857142857142,0.3076923076923077,1.6715952780212544,0.9285714285714286,M,A;D;F;I;M;N,differs_from_consensus,False,True,scaffold_differs_from_msa_consensus
9M31,A,VI-D,binary,158,159,K,154.0,K,159.0,,LYS,True,677,678,four_layer_exact,high,0.945054945054945,0.23826714801444043,2.31862657470561,0.05494505494505497,Y,G;M;N;S;T;Y,differs_from_consensus,True,True,scaffold_differs_from_msa_consensus
9M31,A,VI-D,binary,159,160,F,155.0,F,160.0,,PHE,True,678,679,four_layer_exact,high,0.9505494505494505,0.4838709677419355,1.5113316420864789,0.0494505494505495,L,F;I;L;M,differs_from_consensus,True,True,scaffold_differs_from_msa_consensus
9M31,A,VI-D,binary,162,163,V,158.0,V,163.0,,VAL,True,688,689,four_layer_exact,high,0.7252747252747253,0.12307692307692308,2.685364474835372,0.27472527472527475,D,D;G;K;L;N;Q;R;S;T,differs_from_consensus,False,True,scaffold_differs_from_msa_consensus
9M31,A,VI-D,binary,163,164,Y,159.0,Y,164.0,,TYR,True,689,690,four_layer_exact,high,0.7362637362637363,0.3922738693467337,2.1847113390248687,0.2637362637362637,N,D;I;K;N;V;Y,differs_from_consensus,False,True,scaffold_differs_from_msa_consensus
9M31,A,VI-D,binary,166,167,D,162.0,D,167.0,,ASP,True,705,706,four_layer_exact,high,0.9175824175824175,0.2679245283018868,2.1500797832958343,0.08241758241758246,E,A;D;E;K;Q;S,differs_from_consensus,True,True,scaffold_differs_from_msa_consensus
9M31,A,VI-D,binary,167,168,E,163.0,E,168.0,,GLU,True,706,707,four_layer_exact,high,0.9230769230769231,0.14232209737827714,2.474100316647014,0.07692307692307687,K,A;D;E;K;N;Q;S;T;V,differs_from_consensus,True,True,scaffold_differs_from_msa_consensus
9M31,A,VI-D,binary,169,170,K,165.0,K,170.0,,LYS,True,726,727,four_layer_exact,high,0.34615384615384615,0.14992191566892243,2.4575951719379603,0.6538461538461539,L,A;C;K;L;M;R;S;T,differs_from_consensus,False,True,scaffold_differs_from_msa_consensus
9M31,A,VI-D,binary,173,174,H,169.0,H,174.0,,HIS,True,731,732,four_layer_exact,high,0.16483516483516483,0.13636363636363638,2.548911292094342,0.8351648351648352,S,D;E;F;G;K;N;Q;R;S;Y,differs_from_consensus,False,True,scaffold_differs_from_msa_consensus
9M31,A,VI-D,binary,174,175,H,170.0,H,175.0,,HIS,True,738,739,four_layer_exact,high,0.42857142857142855,0.38047507895098176,2.335631225340017,0.5714285714285714,K,E;H;K;L;R;S,differs_from_consensus,False,True,scaffold_differs_from_msa_consensus
9M31,A,VI-D,binary,175,176,R,171.0,R,176.0,,ARG,True,739,740,four_layer_exact,high,0.43956043956043955,0.2482645977950184,2.15549340062005,0.5604395604395604,D,D;E;G;K;N;S,differs_from_consensus,False,True,scaffold_differs_from_msa_consensus
9M31,A,VI-D,binary,176,177,A,172.0,A,177.0,,ALA,True,740,741,four_layer_exact,high,0.45604395604395603,0.2640471512770137,2.2528176763586125,0.543956043956044,P,A;E;G;K;N;P;S;T,differs_from_consensus,False,True,scaffold_differs_from_msa_consensus
9M31,A,VI-D,binary,177,178,A,173.0,A,178.0,,ALA,True,741,742,four_layer_exact,high,0.45604395604395603,0.18860510805500982,2.4165316593704933,0.543956043956044,K,D;E;K;N;Q;R;S,differs_from_consensus,False,True,scaffold_differs_from_msa_consensus
9M31,A,VI-D,binary,178,179,F,174.0,F,179.0,,PHE,True,742,743,four_layer_exact,high,0.4230769230769231,0.19039524011899703,2.423465993606993,0.5769230769230769,K,A;D;F;K;L;N;T;V;Y,differs_from_consensus,False,True,scaffold_differs_from_msa_consensus
9M31,A,VI-D,binary,179,180,N,175.0,N,180.0,,ASN,True,743,744,four_layer_exact,high,0.5604395604395604,0.2530413625304136,2.231738306569456,0.43956043956043955,E,D;E;K;N;Q;S;T,differs_from_consensus,False,True,scaffold_differs_from_msa_consensus
9M31,A,VI-D,binary,180,181,N,176.0,N,181.0,,ASN,True,744,745,four_layer_exact,high,0.3791208791208791,0.21296296296296294,2.343535210906453,0.6208791208791209,D,A;D;E;K;N;P;R;S;V,differs_from_consensus,False,True,scaffold_differs_from_msa_consensus
9M31,A,VI-D,binary,181,182,N,177.0,N,182.0,,ASN,True,749,750,four_layer_exact,high,0.10989010989010989,0.2222222222222222,2.099546784004169,0.8901098901098901,D,A;D;E;F;I;K;N;Q;V,differs_from_consensus,False,True,scaffold_differs_from_msa_consensus
9M31,A,VI-D,binary,182,183,D,178.0,D,183.0,,ASP,True,750,751,four_layer_exact,high,0.054945054945054944,0.2,2.0253262207700677,0.945054945054945,A,A;D;K;N;Q;S;T;V,differs_from_consensus,False,True,scaffold_differs_from_msa_consensus
9M31,A,VI-D,binary,184,185,L,180.0,L,185.0,,LEU,True,755,756,four_layer_exact,high,0.11538461538461539,0.19047619047619047,2.359465687487068,0.8846153846153846,I,A;E;I;L;V;W,differs_from_consensus,False,True,scaffold_differs_from_msa_consensus
9M31,A,VI-D,binary,186,187,N,182.0,N,187.0,,ASN,True,757,758,four_layer_exact,high,0.6483516483516484,0.2745098039215686,2.2140650838006617,0.3516483516483516,K,A;D;K;N;R;S,differs_from_consensus,False,True,scaffold_differs_from_msa_consensus
9M31,A,VI-D,binary,187,188,A,183.0,A,188.0,,ALA,True,758,759,four_layer_exact,high,0.7032967032967034,0.3263157894736842,2.0183308491572056,0.29670329670329665,N,A;D;K;N;R;S;T,differs_from_consensus,False,True,scaffold_differs_from_msa_consensus
9M31,A,VI-D,binary,189,190,K,185.0,K,190.0,,LYS,True,760,761,four_layer_exact,high,0.7252747252747253,0.16161616161616163,2.4705730625141404,0.27472527472527475,N,A;D;E;G;K;N;R;S;T,differs_from_consensus,False,True,scaffold_differs_from_msa_consensus
9M31,A,VI-D,binary,190,191,A,186.0,A,191.0,,ALA,True,761,762,four_layer_exact,high,0.7252747252747253,0.3163265306122449,2.216312346365829,0.27472527472527475,K,D;E;K;N;R;S,differs_from_consensus,False,True,scaffold_differs_from_msa_consensus
9M31,A,VI-D,binary,191,192,Q,187.0,Q,192.0,,GLN,True,762,763,four_layer_exact,high,0.7802197802197802,0.21395348837209302,2.484878606258631,0.21978021978021978,S,A;I;K;L;N;Q;S;V,differs_from_consensus,False,True,scaffold_differs_from_msa_consensus
9M31,A,VI-D,binary,192,193,Y,188.0,Y,193.0,,TYR,True,763,764,four_layer_exact,high,0.7857142857142857,0.41284403669724773,1.8907203716128045,0.2142857142857143,K,K;R;Y,differs_from_consensus,False,True,scaffold_differs_from_msa_consensus
9M31,A,VI-D,binary,193,194,D,189.0,D,194.0,,ASP,True,764,765,four_layer_exact,high,0.8131868131868132,0.19383259911894274,2.164355216127221,0.18681318681318682,E,A;D;E;K;N;R;S,differs_from_consensus,True,True,scaffold_differs_from_msa_consensus
9M31,A,VI-D,binary,194,195,E,190.0,E,195.0,,GLU,True,765,766,four_layer_exact,high,0.7307692307692307,0.20812182741116753,2.5933707260581027,0.2692307692307693,K,A;D;E;F;K;L;N;S;T,differs_from_consensus,False,True,scaffold_differs_from_msa_consensus
9M31,A,VI-D,binary,196,197,D,192.0,D,197.0,,ASP,True,847,848,four_layer_exact,high,0.8791208791208791,0.272,2.3570440080535624,0.1208791208791209,E,D;E;K;L;Q,differs_from_consensus,True,True,scaffold_differs_from_msa_consensus
9M31,A,VI-D,binary,197,198,N,193.0,N,198.0,,ASN,True,848,849,four_layer_exact,high,0.8901098901098901,0.2125984251968504,2.259972308387499,0.10989010989010994,E,A;D;E;K;N;Q,differs_from_consensus,True,True,scaffold_differs_from_msa_consensus
9M31,A,VI-D,binary,198,199,F,194.0,F,199.0,,PHE,True,853,854,four_layer_exact,high,0.989010989010989,0.3931034482758621,1.7026153784520743,0.01098901098901095,L,F;I;L;V;Y,differs_from_consensus,True,True,scaffold_differs_from_msa_consensus
9M31,A,VI-D,binary,200,201,D,196.0,D,201.0,,ASP,True,855,856,four_layer_exact,high,0.9725274725274725,0.3218968531468531,2.266836153858927,0.027472527472527486,K,D;E;K;N;R;S,differs_from_consensus,True,True,scaffold_differs_from_msa_consensus
9M31,A,VI-D,binary,209,210,Q,205.0,Q,210.0,,GLN,True,901,902,four_layer_exact,high,0.9835164835164835,0.20833333333333334,2.408580112882473,0.016483516483516536,D,D;E;F;G;K;N;S;T,differs_from_consensus,True,True,scaffold_differs_from_msa_consensus
9M31,A,VI-D,binary,212,213,F,208.0,F,213.0,,PHE,True,904,905,four_layer_exact,high,0.9725274725274725,0.2887323943661972,2.4549672026777847,0.027472527472527486,Y,F;I;K;Y,differs_from_consensus,True,True,scaffold_differs_from_msa_consensus
9M31,A,VI-D,binary,213,214,S,209.0,S,214.0,,SER,True,946,947,four_layer_exact,high,0.7857142857142857,0.35185185185185186,2.211937438426997,0.2142857142857143,K,A;E;G;K;N;R,differs_from_consensus,False,True,scaffold_differs_from_msa_consensus
9M31,A,VI-D,binary,215,216,E,211.0,E,216.0,,GLU,True,948,949,four_layer_exact,high,0.7802197802197802,0.23393691588785046,2.3817694049600524,0.21978021978021978,D,D;E;G;K;N;P;S,differs_from_consensus,False,True,scaffold_differs_from_msa_consensus
9M31,A,VI-D,binary,216,217,G,212.0,G,217.0,,GLY,True,979,980,four_layer_exact,high,0.7802197802197802,0.24299065420560748,2.240258343890273,0.21978021978021978,K,D;E;G;K;N;S;T,differs_from_consensus,False,True,scaffold_differs_from_msa_consensus
9M31,A,VI-D,binary,217,218,R,213.0,R,218.0,,ARG,True,980,981,four_layer_exact,high,0.7912087912087912,0.2782874617737003,2.34506098958044,0.20879120879120883,K,E;K;P;Q;R;S,differs_from_consensus,False,True,scaffold_differs_from_msa_consensus
9M31,A,VI-D,binary,218,219,N,214.0,N,219.0,,ASN,True,981,982,four_layer_exact,high,0.7307692307692307,0.35637626262626265,2.099450546137691,0.2692307692307693,K,D;E;K;Q;R,differs_from_consensus,False,True,scaffold_differs_from_msa_consensus
9M31,A,VI-D,binary,219,220,Y,215.0,Y,220.0,,TYR,True,993,994,four_layer_exact,high,0.5164835164835165,0.11827956989247312,2.7355261193529987,0.48351648351648346,E,D;E;G;K;L;N;R;Y,differs_from_consensus,False,True,scaffold_differs_from_msa_consensus
9M31,A,VI-D,binary,220,221,I,216.0,I,221.0,,ILE,True,994,995,four_layer_exact,high,0.7252747252747253,0.15306122448979592,2.5439263886462906,0.27472527472527475,K,D;E;I;K;N;Q;T;V,differs_from_consensus,False,True,scaffold_differs_from_msa_consensus
9M31,A,VI-D,binary,221,222,I,217.0,I,222.0,,ILE,True,995,996,four_layer_exact,high,0.8296703296703297,0.21839080459770113,2.5145360363436486,0.17032967032967028,E,D;E;K;L;N;P;Q;R,differs_from_consensus,True,True,scaffold_differs_from_msa_consensus
9M31,A,VI-D,binary,222,223,N,218.0,N,223.0,,ASN,True,996,997,four_layer_exact,high,0.9725274725274725,0.38028169014084506,2.0447219024364927,0.027472527472527486,K,A;E;K;N;R,differs_from_consensus,True,True,scaffold_differs_from_msa_consensus
9M31,A,VI-D,binary,223,224,Y,219.0,Y,224.0,,TYR,True,997,998,four_layer_exact,high,0.967032967032967,0.2624113475177305,2.556186469552014,0.03296703296703296,S,D;E;N;S;T,differs_from_consensus,True,True,scaffold_differs_from_msa_consensus
9M31,A,VI-D,binary,224,225,G,220.0,G,225.0,,GLY,True,998,999,four_layer_exact,high,0.967032967032967,0.3191489361702128,2.001474815983524,0.03296703296703296,E,D;E;K;Q;R,differs_from_consensus,True,True,scaffold_differs_from_msa_consensus
9M31,A,VI-D,binary,225,226,N,221.0,N,226.0,,ASN,True,999,1000,four_layer_exact,high,0.9120879120879121,0.3435114503816794,1.9206601311885951,0.08791208791208793,K,D;E;K;N;R,differs_from_consensus,True,True,scaffold_differs_from_msa_consensus
9M31,A,VI-D,binary,227,228,C,223.0,C,228.0,,CYS,True,1030,1031,four_layer_exact,high,0.9945054945054945,0.3084332191780822,1.9334741628997252,0.005494505494505475,I,A;C;I;L;N;V,differs_from_consensus,True,True,scaffold_differs_from_msa_consensus
9M31,A,VI-D,binary,229,230,D,225.0,D,230.0,,ASP,True,1032,1033,four_layer_exact,high,0.9945054945054945,0.2054794520547945,2.289840835448434,0.005494505494505475,N,D;H;K;N;S;Y,differs_from_consensus,True,True,scaffold_differs_from_msa_consensus
9M31,A,VI-D,binary,232,233,A,228.0,A,233.0,,ALA,True,1035,1036,four_layer_exact,high,0.9945054945054945,0.3424657534246575,1.8198097162278748,0.005494505494505475,R,A;C;R;S,differs_from_consensus,True,True,scaffold_differs_from_msa_consensus
9M31,A,VI-D,binary,235,236,S,231.0,S,236.0,,SER,True,1038,1039,four_layer_exact,high,1.0,0.4419642857142857,1.2867105197612856,0.0,G,A;G;S,differs_from_consensus,True,True,scaffold_differs_from_msa_consensus
9M31,A,VI-D,binary,236,237,G,232.0,G,237.0,,GLY,True,1039,1040,four_layer_exact,high,1.0,0.14285714285714285,2.660033185241378,0.0,S,A;F;I;K;L;M;Q;S;T;Y,differs_from_consensus,True,True,scaffold_differs_from_msa_consensus
9M31,A,VI-D,binary,238,239,R,234.0,A,239.0,,ALA,True,1041,1042,four_layer_literature_restored_substitution,high,1.0,1.0,-0.0,0.0,R,R,matches_consensus,True,True,literature_confirmed_construct_substitution
9M31,A,VI-D,binary,239,240,H,235.0,H,240.0,,HIS,True,1042,1043,four_layer_exact,high,1.0,0.7142857142857143,0.9316783758070812,0.0,Q,H;N;Q,differs_from_consensus,True,True,scaffold_differs_from_msa_consensus
9M31,A,VI-D,binary,240,241,W,236.0,W,241.0,,TRP,True,1043,1044,four_layer_exact,high,1.0,0.2108843537414966,2.323815639312074,0.0,F,A;F;L;M;S;W,differs_from_consensus,True,True,scaffold_differs_from_msa_consensus
9M31,A,VI-D,binary,241,242,V,237.0,V,242.0,,VAL,True,1044,1045,four_layer_exact,high,1.0,0.3197278911564626,1.9871025701383873,0.0,C,A;C;I;L;S;T;V,differs_from_consensus,True,True,scaffold_differs_from_msa_consensus
9M31,A,VI-D,binary,242,243,V,238.0,V,243.0,,VAL,True,1045,1046,four_layer_exact,high,1.0,0.2653061224489796,1.9638985671056766,0.0,F,A;F;M;T;V,differs_from_consensus,True,True,scaffold_differs_from_msa_consensus
9M31,A,VI-D,binary,243,244,H,239.0,A,244.0,,ALA,True,1046,1047,four_layer_literature_restored_substitution,high,1.0,0.9931972789115646,0.04072805093236134,0.0,H,H,matches_consensus,True,True,literature_confirmed_construct_substitution
9M31,A,VI-D,binary,244,245,N,240.0,N,245.0,,ASN,True,1047,1048,four_layer_exact,high,1.0,0.3197278911564626,2.187913418055878,0.0,G,D;E;F;G;S;Y,differs_from_consensus,True,True,scaffold_differs_from_msa_consensus
9M31,A,VI-D,binary,245,246,N,,,,,,False,1049,1050,full_msa_only_unresolved_coordinate,medium,0.9285714285714286,0.18382352941176472,2.43337981865906,0.0714285714285714,K,D;E;G;K;N;S;T;Y,differs_from_consensus,False,True,unresolved_internal;scaffold_differs_from_msa_consensus
9M31,A,VI-D,binary,246,247,E,,,,,,False,1050,1051,full_msa_only_unresolved_coordinate,medium,0.9120879120879121,0.17533396946564886,2.61739589031574,0.08791208791208793,E,D;E;G;K;N;T;V,matches_consensus,False,True,unresolved_internal
9M31,A,VI-D,binary,247,248,E,,,,,,False,1051,1052,full_msa_only_unresolved_coordinate,medium,0.9340659340659341,0.17530864197530863,2.555000334921787,0.06593406593406592,S,A;D;E;G;K;N;R;S;T,differs_from_consensus,False,True,unresolved_internal;scaffold_differs_from_msa_consensus
9M31,A,VI-D,binary,248,249,E,,,,,,False,1055,1056,full_msa_only_unresolved_coordinate,medium,0.8626373626373627,0.22540983606557377,2.519479610737625,0.13736263736263732,N,D;E;G;K;N;R;S;T,differs_from_consensus,False,True,unresolved_internal;scaffold_differs_from_msa_consensus
9M31,A,VI-D,binary,249,250,S,241.0,S,250.0,,SER,True,1056,1057,four_layer_exact,high,0.8131868131868132,0.168141592920354,2.4508894946563955,0.18681318681318682,R,A;D;K;N;R;S;T,differs_from_consensus,True,True,scaffold_differs_from_msa_consensus
9M31,A,VI-D,binary,250,251,R,242.0,R,251.0,,ARG,True,1064,1065,four_layer_exact,high,0.09340659340659341,0.23529411764705882,2.180839527058621,0.9065934065934066,G,A;D;E;G;H;K;L;N;Q;S,differs_from_consensus,False,True,scaffold_differs_from_msa_consensus
9M31,A,VI-D,binary,252,253,S,244.0,S,253.0,,SER,True,1073,1074,four_layer_exact,high,0.3901098901098901,0.17647058823529413,2.429284477153144,0.6098901098901099,A,A;D;G;K;P;S;T,differs_from_consensus,False,True,scaffold_differs_from_msa_consensus
9M31,A,VI-D,binary,253,254,R,245.0,R,254.0,,ARG,True,1074,1075,four_layer_exact,high,0.4065934065934066,0.17142857142857143,2.4148389702678728,0.5934065934065934,D,D;E;G;K;N;P;R;S,differs_from_consensus,False,True,scaffold_differs_from_msa_consensus
9M31,A,VI-D,binary,262,263,N,254.0,N,263.0,,ASN,True,1099,1100,four_layer_exact,high,0.45604395604395603,0.21311475409836061,2.715843952942517,0.543956043956044,K,D;E;F;K;Q;V,differs_from_consensus,False,True,scaffold_differs_from_msa_consensus
9M31,A,VI-D,binary,265,266,N,257.0,N,266.0,,ASN,True,1114,1115,four_layer_exact,high,0.9560439560439561,0.18944844124700239,2.3583923331809755,0.04395604395604391,P,A;D;E;G;K;N;P;Q;S,differs_from_consensus,True,True,scaffold_differs_from_msa_consensus
9M31,A,VI-D,binary,267,268,Y,259.0,Y,268.0,,TYR,True,1124,1125,four_layer_exact,high,0.9230769230769231,0.2781954887218045,1.8854669823053436,0.07692307692307687,L,A;F;I;L;V;Y,differs_from_consensus,True,True,scaffold_differs_from_msa_consensus
9M31,A,VI-D,binary,268,269,I,260.0,I,269.0,,ILE,True,1145,1146,four_layer_exact,high,0.978021978021978,0.26573426573426573,2.2510283909761952,0.02197802197802201,K,I;K;L;R;W,differs_from_consensus,True,True,scaffold_differs_from_msa_consensus
9M31,A,VI-D,binary,269,270,S,261.0,S,270.0,,SER,True,1146,1147,four_layer_exact,high,0.9945054945054945,0.19863013698630136,2.326101214931983,0.005494505494505475,D,A;D;E;K;N;Q;S,differs_from_consensus,True,True,scaffold_differs_from_msa_consensus
9M31,A,VI-D,binary,272,273,N,264.0,N,273.0,,ASN,True,1149,1150,four_layer_exact,high,1.0,0.54421768707483,1.492785903870701,0.0,D,D;E;N,differs_from_consensus,True,True,scaffold_differs_from_msa_consensus
9M31,A,VI-D,binary,273,274,Y,265.0,Y,274.0,,TYR,True,1150,1151,four_layer_exact,high,1.0,0.14285714285714285,2.5588674590066685,0.0,K,A;D;E;K;N;R;S;T;Y,differs_from_consensus,True,True,scaffold_differs_from_msa_consensus
9M31,A,VI-D,binary,277,278,R,269.0,R,278.0,,ARG,True,1154,1155,four_layer_exact,high,1.0,0.2789115646258503,2.3094382548538204,0.0,E,A;D;E;K;N;Q;R;S,differs_from_consensus,True,True,scaffold_differs_from_msa_consensus
9M31,A,VI-D,binary,278,279,I,270.0,I,279.0,,ILE,True,1155,1156,four_layer_exact,high,1.0,0.2789115646258503,2.155414520474483,0.0,R,A;G;K;R,differs_from_consensus,True,True,scaffold_differs_from_msa_consensus
9M31,A,VI-D,binary,279,280,T,271.0,T,280.0,,THR,True,1156,1157,four_layer_exact,high,1.0,0.35374149659863946,1.7471194004335109,0.0,I,F;I;L;V,differs_from_consensus,True,True,scaffold_differs_from_msa_consensus
9M31,A,VI-D,binary,280,281,N,272.0,N,281.0,,ASN,True,1157,1158,four_layer_exact,high,1.0,0.2018140589569161,2.2584787038230623,0.0,D,D;E;K;N;T,differs_from_consensus,True,True,scaffold_differs_from_msa_consensus
9M31,A,VI-D,binary,282,283,L,274.0,L,283.0,,LEU,True,1159,1160,four_layer_exact,high,0.989010989010989,0.3931034482758621,1.3740939813341855,0.01098901098901095,I,I;L;V,differs_from_consensus,True,True,scaffold_differs_from_msa_consensus
9M31,A,VI-D,binary,283,284,T,275.0,T,284.0,,THR,True,1160,1161,four_layer_exact,high,0.989010989010989,0.7517241379310344,1.1115490089747386,0.01098901098901095,N,D;N,differs_from_consensus,True,True,scaffold_differs_from_msa_consensus
9M31,A,VI-D,binary,284,285,N,276.0,N,285.0,,ASN,True,1161,1162,four_layer_exact,high,0.9835164835164835,0.2638888888888889,2.2512048529561555,0.016483516483516536,K,A;D;E;K;N;R;S,differs_from_consensus,True,True,scaffold_differs_from_msa_consensus
9M31,A,VI-D,binary,285,286,S,277.0,S,286.0,,SER,True,1162,1163,four_layer_exact,high,0.9835164835164835,0.25231481481481477,1.8953336900202957,0.016483516483516536,D,D;E;G;N;S,differs_from_consensus,True,True,scaffold_differs_from_msa_consensus
9M31,A,VI-D,binary,287,288,S,279.0,S,288.0,,SER,True,1165,1166,four_layer_exact,high,0.9945054945054945,0.2671232876712329,2.2388035855694746,0.005494505494505475,I,A;F;I;L;V,differs_from_consensus,True,True,scaffold_differs_from_msa_consensus
9M31,A,VI-D,binary,290,291,S,282.0,S,291.0,,SER,True,1186,1187,four_layer_exact,high,1.0,0.38095238095238093,1.5139112730778306,0.0,N,A;N;S,differs_from_consensus,True,True,scaffold_differs_from_msa_consensus
9M31,A,VI-D,binary,291,292,A,283.0,A,292.0,,ALA,True,1205,1206,four_layer_exact,high,0.989010989010989,0.47586206896551725,1.9274362618765346,0.01098901098901095,K,A;K;R;S,differs_from_consensus,True,True,scaffold_differs_from_msa_consensus
9M31,A,VI-D,binary,292,293,A,284.0,A,293.0,,ALA,True,1206,1207,four_layer_exact,high,0.9835164835164835,0.2777777777777778,1.9833296245501533,0.016483516483516536,V,K;N;R;T;V,differs_from_consensus,True,True,scaffold_differs_from_msa_consensus
9M31,A,VI-D,binary,294,295,V,286.0,V,295.0,,VAL,True,1209,1210,four_layer_exact,high,1.0,0.6122448979591837,1.1209026347865876,0.0,L,F;I;L;V,differs_from_consensus,True,True,scaffold_differs_from_msa_consensus
9M31,A,VI-D,binary,295,296,N,287.0,N,296.0,,ASN,True,1210,1211,four_layer_exact,high,1.0,0.19727891156462585,2.6782287151563526,0.0,Y,A;K;L;N;Q;S;Y,differs_from_consensus,True,True,scaffold_differs_from_msa_consensus
9M31,A,VI-D,binary,296,297,Y,288.0,Y,297.0,,TYR,True,1211,1212,four_layer_exact,high,1.0,0.6122448979591837,1.3254426319926962,0.0,I,I;L;V,differs_from_consensus,True,True,scaffold_differs_from_msa_consensus
9M31,A,VI-D,binary,297,298,I,289.0,I,298.0,,ILE,True,1212,1213,four_layer_exact,high,1.0,0.782312925170068,0.6506324030379541,0.0,L,I;L,differs_from_consensus,True,True,scaffold_differs_from_msa_consensus
9M31,A,VI-D,binary,298,299,A,290.0,A,299.0,,ALA,True,1213,1214,four_layer_exact,high,1.0,0.2789115646258503,2.4016508680885007,0.0,F,A;C;E;F;K;S,differs_from_consensus,True,True,scaffold_differs_from_msa_consensus
9M31,A,VI-D,binary,300,301,T,292.0,T,301.0,,THR,True,1219,1220,four_layer_exact,high,0.989010989010989,0.28505747126436776,1.7954617694267447,0.01098901098901095,I,A;I;L;V;Y,differs_from_consensus,True,True,scaffold_differs_from_msa_consensus
9M31,A,VI-D,binary,301,302,L,293.0,L,302.0,,LEU,True,1220,1221,four_layer_exact,high,0.9835164835164835,0.4025607638888889,1.4280767284554827,0.016483516483516536,Y,F;L;Y,differs_from_consensus,True,True,scaffold_differs_from_msa_consensus
9M31,A,VI-D,binary,302,303,G,294.0,G,303.0,,GLY,True,1239,1240,four_layer_exact,high,0.8406593406593407,0.21288515406162464,2.2749309544108747,0.15934065934065933,D,D;E;K;L;N;P;S,differs_from_consensus,True,True,scaffold_differs_from_msa_consensus
9M31,A,VI-D,binary,303,304,I,295.0,I,304.0,,ILE,True,1244,1245,four_layer_exact,high,0.8956043956043956,0.3515625,2.327869116409754,0.10439560439560436,E,A;D;E;K;S,differs_from_consensus,True,True,scaffold_differs_from_msa_consensus
9M31,A,VI-D,binary,304,305,N,296.0,N,305.0,,ASN,True,1245,1246,four_layer_exact,high,0.9010989010989011,0.2248062015503876,2.230511985753227,0.09890109890109888,E,D;E;K;N;Q;S,differs_from_consensus,True,True,scaffold_differs_from_msa_consensus
9M31,A,VI-D,binary,305,306,P,297.0,P,306.0,,PRO,True,1246,1247,four_layer_exact,high,0.9010989010989011,0.3798449612403101,2.2984176260791895,0.09890109890109888,K,F;K;L;Q;R,differs_from_consensus,True,True,scaffold_differs_from_msa_consensus
9M31,A,VI-D,binary,306,307,A,298.0,A,307.0,,ALA,True,1247,1248,four_layer_exact,high,0.967032967032967,0.2907801418439716,2.2156108668266676,0.03296703296703296,K,A;D;E;K;N,differs_from_consensus,True,True,scaffold_differs_from_msa_consensus
9M31,A,VI-D,binary,308,309,F,300.0,F,309.0,,PHE,True,1255,1256,four_layer_exact,high,1.0,0.5034013605442177,1.4518623197294174,0.0,L,I;L;V,differs_from_consensus,True,True,scaffold_differs_from_msa_consensus
9M31,A,VI-D,binary,310,311,E,302.0,E,311.0,,GLU,True,1257,1258,four_layer_exact,high,1.0,0.2585034013605442,2.084442976404572,0.0,R,E;K;N;Q;R,differs_from_consensus,True,True,scaffold_differs_from_msa_consensus
9M31,A,VI-D,binary,311,312,Q,303.0,Q,312.0,,GLN,True,1258,1259,four_layer_exact,high,1.0,0.32653061224489793,2.0622700135974417,0.0,E,A;D;E;K;L;Q,differs_from_consensus,True,True,scaffold_differs_from_msa_consensus
9M31,A,VI-D,binary,313,314,F,305.0,F,314.0,,PHE,True,1260,1261,four_layer_exact,high,1.0,0.8639455782312925,0.5195563462488444,0.0,Y,F;Y,differs_from_consensus,True,True,scaffold_differs_from_msa_consensus
9M31,A,VI-D,binary,314,315,R,306.0,R,315.0,,ARG,True,1261,1262,four_layer_exact,high,1.0,0.3877551020408163,1.9020060843287694,0.0,D,D;E;K;N;R,differs_from_consensus,True,True,scaffold_differs_from_msa_consensus
9M31,A,VI-D,binary,316,317,S,308.0,S,317.0,,SER,True,1263,1264,four_layer_exact,high,1.0,0.23809523809523808,1.9716622477744783,0.0,I,A;I;L;S;T;V,differs_from_consensus,True,True,scaffold_differs_from_msa_consensus
9M31,A,VI-D,binary,317,318,I,309.0,I,318.0,,ILE,True,1264,1265,four_layer_exact,high,1.0,0.5238095238095238,1.256953151755419,0.0,V,I;V,differs_from_consensus,True,True,scaffold_differs_from_msa_consensus
9M31,A,VI-D,binary,318,319,M,310.0,M,319.0,,MET,True,1265,1266,four_layer_exact,high,1.0,0.23129251700680273,2.29246263815805,0.0,L,K;L;R;T;V,differs_from_consensus,True,True,scaffold_differs_from_msa_consensus
9M31,A,VI-D,binary,321,322,Q,313.0,Q,322.0,,GLN,True,1268,1269,four_layer_exact,high,1.0,0.3333333333333333,2.0479296015683297,0.0,Y,D;G;H;N;Q;Y,differs_from_consensus,True,True,scaffold_differs_from_msa_consensus
9M31,A,VI-D,binary,327,328,N,319.0,N,328.0,,ASN,True,1275,1276,four_layer_exact,high,1.0,0.6802721088435374,0.8701824883160747,0.0,S,N;S,differs_from_consensus,True,True,scaffold_differs_from_msa_consensus
9M31,A,VI-D,binary,329,330,T,321.0,T,330.0,,THR,True,1277,1278,four_layer_exact,high,1.0,0.6326530612244898,1.231637905784032,0.0,K,K;R;T,differs_from_consensus,True,True,scaffold_differs_from_msa_consensus
9M31,A,VI-D,binary,334,335,V,326.0,V,335.0,,VAL,True,1282,1283,four_layer_exact,high,0.9835164835164835,0.15299479166666666,2.6583769167918456,0.016483516483516536,I,A;C;E;I;K;L;N;Q;S;T,differs_from_consensus,True,True,scaffold_differs_from_msa_consensus
9M31,A,VI-D,binary,337,338,D,329.0,D,338.0,,ASP,True,1285,1286,four_layer_exact,high,0.967032967032967,0.32151300236406616,2.0545554518651894,0.03296703296703296,E,A;D;E;K;T,differs_from_consensus,True,True,scaffold_differs_from_msa_consensus
9M31,A,VI-D,binary,338,339,R,330.0,R,339.0,,ARG,True,1286,1287,four_layer_exact,high,0.9505494505494505,0.18571428571428572,2.6199475077964154,0.0494505494505495,L,D;E;I;K;L;N;Q;R;S,differs_from_consensus,True,True,scaffold_differs_from_msa_consensus
9M31,A,VI-D,binary,339,340,K,331.0,K,340.0,,LYS,True,1294,1295,four_layer_exact,high,0.6648351648351648,0.21839080459770116,2.2766275839962753,0.3351648351648352,P,D;E;K;P;S;T,differs_from_consensus,False,True,scaffold_differs_from_msa_consensus
9M31,A,VI-D,binary,340,341,D,332.0,D,341.0,,ASP,True,1295,1296,four_layer_exact,high,0.7527472527472527,0.27214805825242716,2.300478646670668,0.24725274725274726,E,D;E;G;N;Q;Y,differs_from_consensus,False,True,scaffold_differs_from_msa_consensus
9M31,A,VI-D,binary,341,342,M,333.0,M,342.0,,MET,True,1296,1297,four_layer_exact,high,0.7527472527472527,0.36893203883495146,2.0793457834291,0.24725274725274726,A,A;F;G;L;Y,differs_from_consensus,False,True,scaffold_differs_from_msa_consensus
9M31,A,VI-D,binary,344,345,I,336.0,I,345.0,,ILE,True,1304,1305,four_layer_exact,high,0.7692307692307693,0.43795620437956206,1.5540738784102612,0.23076923076923073,L,F;I;L;V;Y,differs_from_consensus,False,True,scaffold_differs_from_msa_consensus
9M31,A,VI-D,binary,345,346,R,337.0,R,346.0,,ARG,True,1317,1318,four_layer_exact,high,0.7417582417582418,0.3939393939393939,1.895624631418794,0.2582417582417582,K,K;N;R;S;T,differs_from_consensus,False,True,scaffold_differs_from_msa_consensus
9M31,A,VI-D,binary,346,347,K,338.0,K,347.0,,LYS,True,1318,1319,four_layer_exact,high,0.9505494505494505,0.4364508393285372,1.726737219707108,0.0494505494505495,D,D;E;G;N;S,differs_from_consensus,True,True,scaffold_differs_from_msa_consensus
9M31,A,VI-D,binary,347,348,N,339.0,N,348.0,,ASN,True,1319,1320,four_layer_exact,high,0.9505494505494505,0.4170413669064748,1.9166068960674483,0.0494505494505495,K,D;E;K;N;Q;T,differs_from_consensus,True,True,scaffold_differs_from_msa_consensus
9M31,A,VI-D,binary,348,349,H,340.0,H,349.0,,HIS,True,1320,1321,four_layer_exact,high,0.945054945054945,0.29008152173913043,2.26751313735381,0.05494505494505497,K,D;E;K;Q;S,differs_from_consensus,True,True,scaffold_differs_from_msa_consensus
9M31,A,VI-D,binary,351,352,F,343.0,F,352.0,,PHE,True,1328,1329,four_layer_exact,high,0.9835164835164835,0.5763888888888888,1.5655954542862445,0.016483516483516536,Y,F;H;L;M;Y,differs_from_consensus,True,True,scaffold_differs_from_msa_consensus
9M31,A,VI-D,binary,354,355,I,346.0,I,355.0,,ILE,True,1340,1341,four_layer_exact,high,1.0,0.4217687074829932,1.9251991179954837,0.0,V,C;F;I;V;Y,differs_from_consensus,True,True,scaffold_differs_from_msa_consensus
9M31,A,VI-D,binary,356,357,T,348.0,T,357.0,,THR,True,1342,1343,four_layer_exact,high,1.0,0.42857142857142855,1.8646521770095155,0.0,S,G;H;N;Q;S,differs_from_consensus,True,True,scaffold_differs_from_msa_consensus
9M31,A,VI-D,binary,358,359,V,350.0,V,359.0,,VAL,True,1344,1345,four_layer_exact,high,1.0,0.6326530612244898,1.2602980918772664,0.0,L,F;I;L;M,differs_from_consensus,True,True,scaffold_differs_from_msa_consensus
9M31,A,VI-D,binary,360,361,T,352.0,T,361.0,,THR,True,1346,1347,four_layer_exact,high,1.0,0.2789115646258503,2.131463212267474,0.0,K,K;Q;R;S;T,differs_from_consensus,True,True,scaffold_differs_from_msa_consensus
9M31,A,VI-D,binary,361,362,M,353.0,M,362.0,,MET,True,1347,1348,four_layer_exact,high,1.0,0.4421768707482993,1.7099606389579318,0.0,L,F;I;L;M;V,differs_from_consensus,True,True,scaffold_differs_from_msa_consensus
9M31,A,VI-D,binary,362,363,M,354.0,M,363.0,,MET,True,1348,1349,four_layer_exact,high,1.0,0.272108843537415,1.916129955052642,0.0,I,F;I;L;M;T,differs_from_consensus,True,True,scaffold_differs_from_msa_consensus
9M31,A,VI-D,binary,365,366,V,357.0,V,366.0,,VAL,True,1351,1352,four_layer_exact,high,1.0,0.29931972789115646,1.8451094753767683,0.0,I,A;C;I;L;M;V,differs_from_consensus,True,True,scaffold_differs_from_msa_consensus
9M31,A,VI-D,binary,371,372,I,363.0,I,372.0,,ILE,True,1357,1358,four_layer_exact,high,0.9725274725274725,0.15492957746478872,2.6150961546718117,0.027472527472527486,K,E;I;K;L;N;R;S;T;V,differs_from_consensus,True,True,scaffold_differs_from_msa_consensus
9M31,A,VI-D,binary,374,375,D,366.0,D,375.0,,ASP,True,1366,1367,four_layer_exact,high,0.02197802197802198,0.5,1.0397207708399179,0.978021978021978,A,A;D;E,differs_from_consensus,False,True,scaffold_differs_from_msa_consensus
9M31,A,VI-D,binary,377,378,V,369.0,V,378.0,,VAL,True,1369,1370,four_layer_exact,high,0.01098901098901099,0.5,0.6931471805599453,0.989010989010989,I,I;T,differs_from_consensus,False,True,scaffold_differs_from_msa_consensus
9M31,A,VI-D,binary,378,379,A,370.0,A,379.0,,ALA,True,1370,1371,four_layer_exact,high,0.01098901098901099,1.0,-0.0,0.989010989010989,E,E,differs_from_consensus,False,True,scaffold_differs_from_msa_consensus
9M31,A,VI-D,binary,380,381,A,372.0,A,381.0,,ALA,True,1372,1373,four_layer_exact,high,0.01098901098901099,1.0,-0.0,0.989010989010989,E,E,differs_from_consensus,False,True,scaffold_differs_from_msa_consensus
9M31,A,VI-D,binary,383,384,S,375.0,S,384.0,,SER,True,1375,1376,four_layer_exact,high,0.016483516483516484,0.3333333333333333,1.0986122886681096,0.9835164835164835,G,G;N;T,differs_from_consensus,False,True,scaffold_differs_from_msa_consensus
9M31,A,VI-D,binary,386,387,D,378.0,D,387.0,,ASP,True,1378,1379,four_layer_exact,high,0.9560439560439561,0.2568195443645084,2.1486389561885093,0.04395604395604391,N,D;E;H;K;N;R;S,differs_from_consensus,True,True,scaffold_differs_from_msa_consensus
9M31,A,VI-D,binary,387,388,N,379.0,N,388.0,,ASN,True,1379,1380,four_layer_exact,high,0.9340659340659341,0.2,2.290201628033181,0.06593406593406592,P,A;D;E;K;N;P;Q;S,differs_from_consensus,True,True,scaffold_differs_from_msa_consensus
9M31,A,VI-D,binary,390,391,S,382.0,S,391.0,,SER,True,1383,1384,four_layer_exact,high,0.08241758241758242,0.26666666666666666,1.8413903748459728,0.9175824175824175,A,A;E;G;K;L;S;T,differs_from_consensus,False,True,scaffold_differs_from_msa_consensus
9M31,A,VI-D,binary,391,392,L,383.0,L,392.0,,LEU,True,1384,1385,four_layer_exact,high,0.07692307692307693,0.21428571428571427,2.007556307437838,0.9230769230769231,G,A;G;I;K;L;N;Q;R,differs_from_consensus,False,True,scaffold_differs_from_msa_consensus
9M31,A,VI-D,binary,394,395,K,386.0,K,395.0,,LYS,True,1441,1442,four_layer_exact,high,0.9010989010989011,0.2692307692307692,2.2293803660384617,0.09890109890109888,A,A;I;L;S;V,differs_from_consensus,True,True,scaffold_differs_from_msa_consensus
9M31,A,VI-D,binary,396,397,I,388.0,I,397.0,,ILE,True,1444,1445,four_layer_exact,high,1.0,0.25170068027210885,2.3454829593119575,0.0,E,A;D;E;K;N;Q;R;S,differs_from_consensus,True,True,scaffold_differs_from_msa_consensus
9M31,A,VI-D,binary,397,398,F,389.0,F,398.0,,PHE,True,1445,1446,four_layer_exact,high,1.0,0.2925170068027211,2.0303833825336195,0.0,L,F;I;L;M;N;T;Y,differs_from_consensus,True,True,scaffold_differs_from_msa_consensus
9M31,A,VI-D,binary,399,400,I,391.0,I,400.0,,ILE,True,1447,1448,four_layer_exact,high,1.0,0.23129251700680273,2.2179089351191426,0.0,E,A;D;E;N;S,differs_from_consensus,True,True,scaffold_differs_from_msa_consensus
9M31,A,VI-D,binary,400,401,N,392.0,N,401.0,,ASN,True,1448,1449,four_layer_exact,high,1.0,0.23809523809523808,2.461115116554963,0.0,K,A;D;E;K;Q;R;S,differs_from_consensus,True,True,scaffold_differs_from_msa_consensus
9M31,A,VI-D,binary,403,404,G,395.0,G,404.0,,GLY,True,1451,1452,four_layer_exact,high,1.0,0.3469387755102041,2.235741102985488,0.0,A,A;G;L;S,differs_from_consensus,True,True,scaffold_differs_from_msa_consensus
9M31,A,VI-D,binary,405,406,F,397.0,F,406.0,,PHE,True,1453,1454,four_layer_exact,high,1.0,0.19727891156462585,2.5733659055577522,0.0,L,A;E;I;L;M;Q;T;V,differs_from_consensus,True,True,scaffold_differs_from_msa_consensus
9M31,A,VI-D,binary,406,407,N,398.0,N,407.0,,ASN,True,1463,1464,four_layer_exact,high,0.989010989010989,0.23448275862068965,2.1566729463705903,0.01098901098901095,S,D;G;N;S;T,differs_from_consensus,True,True,scaffold_differs_from_msa_consensus
9M31,A,VI-D,binary,407,408,D,399.0,D,408.0,,ASP,True,1464,1465,four_layer_exact,high,0.989010989010989,0.47586206896551725,1.2142240834917555,0.01098901098901095,E,D;E,differs_from_consensus,True,True,scaffold_differs_from_msa_consensus
9M31,A,VI-D,binary,408,409,D,400.0,D,409.0,,ASP,True,1465,1466,four_layer_exact,high,0.978021978021978,0.5128205128205128,1.7173787131873783,0.02197802197802201,E,A;D;E,differs_from_consensus,True,True,scaffold_differs_from_msa_consensus
9M31,A,VI-D,binary,409,410,Q,401.0,Q,410.0,,GLN,True,1481,1482,four_layer_exact,high,0.9615384615384616,0.39285714285714285,1.8100121644774785,0.038461538461538436,E,A;D;E;G;Q,differs_from_consensus,True,True,scaffold_differs_from_msa_consensus
9M31,A,VI-D,binary,411,412,D,403.0,D,412.0,,ASP,True,1484,1485,four_layer_exact,high,1.0,0.4557823129251701,1.7742692619317308,0.0,E,D;E;K,differs_from_consensus,True,True,scaffold_differs_from_msa_consensus
9M31,A,VI-D,binary,413,414,L,405.0,L,414.0,,LEU,True,1494,1495,four_layer_exact,high,1.0,0.42857142857142855,1.7428869139002894,0.0,I,A;F;I;L;V,differs_from_consensus,True,True,scaffold_differs_from_msa_consensus
9M31,A,VI-D,binary,415,416,Y,407.0,Y,416.0,,TYR,True,1496,1497,four_layer_exact,high,1.0,0.14285714285714285,2.5809512589923322,0.0,R,A;D;E;I;K;L;N;Q;R;S,differs_from_consensus,True,True,scaffold_differs_from_msa_consensus
9M31,A,VI-D,binary,416,417,D,408.0,D,417.0,,ASP,True,1497,1498,four_layer_exact,high,1.0,0.14965986394557823,2.369323817968326,0.0,E,A;D;E;K;N;Q;R;S,differs_from_consensus,True,True,scaffold_differs_from_msa_consensus
9M31,A,VI-D,binary,419,420,N,411.0,N,420.0,,ASN,True,1504,1505,four_layer_exact,high,1.0,0.21315192743764172,2.3213737058840342,0.0,E,A;D;E;K;N;R;S,differs_from_consensus,True,True,scaffold_differs_from_msa_consensus
9M31,A,VI-D,binary,421,422,I,413.0,I,422.0,,ILE,True,1506,1507,four_layer_exact,high,0.9945054945054945,0.4246575342465753,1.732594913941025,0.005494505494505475,L,F;I;L;V,differs_from_consensus,True,True,scaffold_differs_from_msa_consensus
9M31,A,VI-D,binary,423,424,R,415.0,R,424.0,,ARG,True,1513,1514,four_layer_exact,high,0.9340659340659341,0.17777777777777778,2.491302523823853,0.06593406593406592,N,A;D;E;K;N;P;S,differs_from_consensus,True,True,scaffold_differs_from_msa_consensus
9M31,A,VI-D,binary,426,427,E,418.0,E,427.0,,GLU,True,1559,1560,four_layer_exact,high,0.978021978021978,0.25874125874125875,2.078267806016698,0.02197802197802201,K,E;G;K;R;S,differs_from_consensus,True,True,scaffold_differs_from_msa_consensus
9M31,A,VI-D,binary,427,428,N,419.0,N,428.0,,ASN,True,1560,1561,four_layer_exact,high,0.9725274725274725,0.24647887323943662,2.3370759136951706,0.027472527472527486,D,D;E;G;K;N;S,differs_from_consensus,True,True,scaffold_differs_from_msa_consensus
9M31,A,VI-D,binary,428,429,I,420.0,I,429.0,,ILE,True,1612,1613,four_layer_exact,high,0.9615384615384616,0.15,2.6274251197114253,0.038461538461538436,K,A;D;I;K;L;P;Q;R;S;T;V,differs_from_consensus,True,True,scaffold_differs_from_msa_consensus
9M31,A,VI-D,binary,429,430,M,421.0,M,430.0,,MET,True,1613,1614,four_layer_exact,high,0.9835164835164835,0.3125,1.6765038569311987,0.016483516483516536,I,F;I;L;V,differs_from_consensus,True,True,scaffold_differs_from_msa_consensus
9M31,A,VI-D,binary,430,431,H,422.0,H,431.0,,HIS,True,1649,1650,four_layer_exact,high,0.6703296703296703,0.29920977011494254,2.234683528872811,0.3296703296703297,K,A;D;K;N;S,differs_from_consensus,False,True,scaffold_differs_from_msa_consensus
9M31,A,VI-D,binary,435,436,F,427.0,F,436.0,,PHE,True,1716,1717,four_layer_exact,high,0.9395604395604396,0.2867647058823529,2.259406732441456,0.06043956043956045,L,A;F;I;K;L;M;V;Y,differs_from_consensus,True,True,scaffold_differs_from_msa_consensus
9M31,A,VI-D,binary,436,437,R,428.0,R,437.0,,ARG,True,1717,1718,four_layer_exact,high,0.9340659340659341,0.2298611111111111,2.4768306474043302,0.06593406593406592,K,D;E;K;N;Q;R;S;T,differs_from_consensus,True,True,scaffold_differs_from_msa_consensus
9M31,A,VI-D,binary,437,438,G,429.0,G,438.0,,GLY,True,1718,1719,four_layer_exact,high,0.9175824175824175,0.3169981060606061,2.3218871680824935,0.08241758241758246,K,A;D;G;K;N;P;R;S,differs_from_consensus,True,True,scaffold_differs_from_msa_consensus
9M31,A,VI-D,binary,438,439,N,430.0,N,439.0,,ASN,True,1719,1720,four_layer_exact,high,0.7197802197802198,0.23469387755102042,2.2606185232570297,0.2802197802197802,D,D;E;K;N;R;S,differs_from_consensus,False,True,scaffold_differs_from_msa_consensus
9M31,A,VI-D,binary,439,440,K,431.0,K,440.0,,LYS,True,1774,1775,four_layer_exact,high,0.25274725274725274,0.18604651162790697,2.3180711122468587,0.7472527472527473,D,A;D;E;K;N;S,differs_from_consensus,False,True,scaffold_differs_from_msa_consensus
9M31,A,VI-D,binary,440,441,T,432.0,T,441.0,,THR,True,1775,1776,four_layer_exact,high,0.25824175824175827,0.1515151515151515,2.423162143361338,0.7417582417582418,D,A;D;E;G;K;N;Q;S;V,differs_from_consensus,False,True,scaffold_differs_from_msa_consensus
9M31,A,VI-D,binary,441,442,R,433.0,R,442.0,,ARG,True,1776,1777,four_layer_exact,high,0.25824175824175827,0.20454545454545456,2.5900303417777395,0.7417582417582418,K,A;E;K;L;S;W;Y,differs_from_consensus,False,True,scaffold_differs_from_msa_consensus
9M31,A,VI-D,binary,442,443,E,434.0,E,443.0,,GLU,True,1777,1778,four_layer_exact,high,0.34615384615384615,0.25,2.189243332174502,0.6538461538461539,K,D;E;K;N;Q;R;S,differs_from_consensus,False,True,scaffold_differs_from_msa_consensus
9M31,A,VI-D,binary,443,444,Y,435.0,Y,444.0,,TYR,True,1779,1780,four_layer_exact,high,0.9120879120879121,0.3435114503816794,1.9320333962666139,0.08791208791208793,F,F;I;L;V;Y,differs_from_consensus,True,True,scaffold_differs_from_msa_consensus
9M31,A,VI-D,binary,445,446,K,437.0,K,446.0,,LYS,True,1781,1782,four_layer_exact,high,0.22527472527472528,0.175,2.3391431410963204,0.7747252747252747,S,A;D;E;G;K;N;S;T,differs_from_consensus,False,True,scaffold_differs_from_msa_consensus
9M31,A,VI-D,binary,447,448,D,439.0,D,448.0,,ASP,True,1792,1793,four_layer_exact,high,0.6813186813186813,0.3642361111111111,1.915310982998874,0.31868131868131866,E,D;E;G;K;N;S,differs_from_consensus,False,True,scaffold_differs_from_msa_consensus
9M31,A,VI-D,binary,448,449,A,440.0,A,449.0,,ALA,True,1793,1794,four_layer_exact,high,0.2967032967032967,0.19230769230769232,2.3323325883750043,0.7032967032967032,I,I;K;L;T;V,differs_from_consensus,False,True,scaffold_differs_from_msa_consensus
9M31,A,VI-D,binary,449,450,P,441.0,P,450.0,,PRO,True,1794,1795,four_layer_exact,high,0.21428571428571427,0.16216216216216217,2.5592269492075874,0.7857142857142857,K,A;D;E;G;I;K;L;N;P;Q;Y,differs_from_consensus,False,True,scaffold_differs_from_msa_consensus
9M31,A,VI-D,binary,450,451,R,442.0,R,451.0,,ARG,True,1800,1801,four_layer_exact,high,0.9065934065934066,0.14447115384615383,2.631169441935095,0.09340659340659341,K,A;D;E;K;M;Q;S;V,differs_from_consensus,True,True,scaffold_differs_from_msa_consensus
9M31,A,VI-D,binary,452,453,P,444.0,P,453.0,,PRO,True,1818,1819,four_layer_exact,high,0.9010989010989011,0.3023255813953488,2.0708367394739287,0.09890109890109888,E,D;E;N;P;S,differs_from_consensus,True,True,scaffold_differs_from_msa_consensus
9M31,A,VI-D,binary,453,454,R,445.0,R,454.0,,ARG,True,1819,1820,four_layer_exact,high,0.9010989010989011,0.1937984496124031,2.2989603811603,0.09890109890109888,E,A;D;E;G;K;N;S,differs_from_consensus,True,True,scaffold_differs_from_msa_consensus
9M31,A,VI-D,binary,455,456,L,447.0,L,456.0,,LEU,True,1852,1853,four_layer_exact,high,0.6318681318681318,0.19166666666666665,2.477836666832085,0.36813186813186816,K,A;F;I;K;L;M;R;S;V,differs_from_consensus,False,True,scaffold_differs_from_msa_consensus
9M31,A,VI-D,binary,456,457,P,448.0,P,457.0,,PRO,True,1853,1854,four_layer_exact,high,0.8461538461538461,0.21666666666666667,2.318497798458601,0.15384615384615385,I,I;K;L;Q;R;S;V,differs_from_consensus,True,True,scaffold_differs_from_msa_consensus
9M31,A,VI-D,binary,457,458,A,449.0,A,458.0,,ALA,True,1854,1855,four_layer_exact,high,0.8846153846153846,0.20209973753280838,2.424667976800019,0.11538461538461542,S,E;G;I;K;L;N;S;T,differs_from_consensus,True,True,scaffold_differs_from_msa_consensus
9M31,A,VI-D,binary,458,459,G,450.0,G,459.0,,GLY,True,1855,1856,four_layer_exact,high,0.9065934065934066,0.21212121212121213,2.4640271150506643,0.09340659340659341,S,A;D;E;G;K;N;P;R;S;T,differs_from_consensus,True,True,scaffold_differs_from_msa_consensus
9M31,A,VI-D,binary,459,460,R,451.0,R,460.0,,ARG,True,1856,1857,four_layer_exact,high,0.945054945054945,0.2302158273381295,2.310045202045129,0.05494505494505497,E,A;D;E;K;N;S,differs_from_consensus,True,True,scaffold_differs_from_msa_consensus
9M31,A,VI-D,binary,460,461,D,452.0,D,461.0,,ASP,True,1857,1858,four_layer_exact,high,0.967032967032967,0.3617021276595745,1.9119688492247582,0.03296703296703296,N,D;E;K;N;S,differs_from_consensus,True,True,scaffold_differs_from_msa_consensus
9M31,A,VI-D,binary,461,462,V,453.0,V,462.0,,VAL,True,1859,1860,four_layer_exact,high,0.978021978021978,0.34265734265734266,1.9582044525873454,0.02197802197802201,A,A;I;T;V,differs_from_consensus,True,True,scaffold_differs_from_msa_consensus
9M31,A,VI-D,binary,463,464,A,455.0,A,464.0,,ALA,True,1867,1868,four_layer_exact,high,1.0,0.36054421768707484,2.272974925393071,0.0,Y,D;L;P;S;T;Y,differs_from_consensus,True,True,scaffold_differs_from_msa_consensus
9M31,A,VI-D,binary,468,469,M,460.0,M,469.0,,MET,True,1872,1873,four_layer_exact,high,1.0,0.41496598639455784,1.4337109365189795,0.0,I,I;L;M;V,differs_from_consensus,True,True,scaffold_differs_from_msa_consensus
9M31,A,VI-D,binary,470,471,A,462.0,A,471.0,,ALA,True,1874,1875,four_layer_exact,high,1.0,0.35374149659863946,1.6924165180236204,0.0,F,A;F;L;M;V,differs_from_consensus,True,True,scaffold_differs_from_msa_consensus
9M31,A,VI-D,binary,473,474,M,465.0,M,474.0,,MET,True,1877,1878,four_layer_exact,high,1.0,0.3129251700680272,2.220253024889425,0.0,L,F;K;L;M;N;R,differs_from_consensus,True,True,scaffold_differs_from_msa_consensus
9M31,A,VI-D,binary,495,496,Q,487.0,Q,496.0,,GLN,True,1899,1900,four_layer_exact,high,1.0,0.3469387755102041,2.0446377815591643,0.0,A,A;D;N;Q;R;S,differs_from_consensus,True,True,scaffold_differs_from_msa_consensus
9M31,A,VI-D,binary,498,499,L,490.0,L,499.0,,LEU,True,1902,1903,four_layer_exact,high,1.0,0.3741496598639456,1.8950098821150316,0.0,I,I;L;M;N;V,differs_from_consensus,True,True,scaffold_differs_from_msa_consensus
9M31,A,VI-D,binary,499,500,K,491.0,K,500.0,,LYS,True,1903,1904,four_layer_exact,high,1.0,0.3469387755102041,2.0107811541491083,0.0,D,D;E;K;N;Q;S,differs_from_consensus,True,True,scaffold_differs_from_msa_consensus
9M31,A,VI-D,binary,501,502,M,493.0,M,502.0,,MET,True,1913,1914,four_layer_exact,high,1.0,0.30718537414965985,1.8058501554481994,0.0,L,A;I;L;M,differs_from_consensus,True,True,scaffold_differs_from_msa_consensus
9M31,A,VI-D,binary,502,503,P,494.0,P,503.0,,PRO,True,1914,1915,four_layer_exact,high,0.9945054945054945,0.3219178082191781,2.0026462262962146,0.005494505494505475,K,D;E;K;N;R,differs_from_consensus,True,True,scaffold_differs_from_msa_consensus
9M31,A,VI-D,binary,503,504,L,495.0,L,504.0,,LEU,True,1924,1925,four_layer_exact,high,0.978021978021978,0.23076923076923078,2.2663361141371317,0.02197802197802201,E,D;E;K;Q;S,differs_from_consensus,True,True,scaffold_differs_from_msa_consensus
9M31,A,VI-D,binary,504,505,I,496.0,I,505.0,,ILE,True,1925,1926,four_layer_exact,high,0.967032967032967,0.41134751773049644,2.09769891143406,0.03296703296703296,L,C;E;I;L;Q,differs_from_consensus,True,True,scaffold_differs_from_msa_consensus
9M31,A,VI-D,binary,506,507,V,498.0,V,507.0,,VAL,True,1952,1953,four_layer_exact,high,0.9340659340659341,0.2962962962962963,2.233178555701175,0.06593406593406592,L,E;I;K;L;M;V,differs_from_consensus,True,True,scaffold_differs_from_msa_consensus
9M31,A,VI-D,binary,507,508,N,499.0,N,508.0,,ASN,True,1953,1954,four_layer_exact,high,0.967032967032967,0.24135638297872342,2.1898049691173327,0.03296703296703296,E,D;E;K;N;P;S,differs_from_consensus,True,True,scaffold_differs_from_msa_consensus
9M31,A,VI-D,binary,508,509,A,500.0,A,509.0,,ALA,True,1954,1955,four_layer_exact,high,0.9560439560439561,0.17266187050359713,2.4325451488115584,0.04395604395604391,V,A;C;I;L;R;S;T;V,differs_from_consensus,True,True,scaffold_differs_from_msa_consensus
9M31,A,VI-D,binary,509,510,K,501.0,K,510.0,,LYS,True,1981,1982,four_layer_exact,high,0.9725274725274725,0.23943661971830985,2.4260502226502383,0.027472527472527486,E,D;E;K;N;S;T,differs_from_consensus,True,True,scaffold_differs_from_msa_consensus
9M31,A,VI-D,binary,511,512,V,503.0,V,512.0,,VAL,True,1995,1996,four_layer_exact,high,0.9615384615384616,0.22857142857142856,2.402960687402209,0.038461538461538436,T,A;E;K;Q;R;S;T;V,differs_from_consensus,True,True,scaffold_differs_from_msa_consensus
9M31,A,VI-D,binary,515,516,A,507.0,A,516.0,,ALA,True,2051,2052,four_layer_exact,high,0.9945054945054945,0.21575342465753425,2.177386161055365,0.005494505494505475,K,A;E;K;R;S,differs_from_consensus,True,True,scaffold_differs_from_msa_consensus
9M31,A,VI-D,binary,518,519,K,510.0,K,519.0,,LYS,True,2077,2078,four_layer_exact,high,0.9725274725274725,0.323943661971831,2.0774301339406964,0.027472527472527486,N,A;D;E;K;N;S,differs_from_consensus,True,True,scaffold_differs_from_msa_consensus
9M31,A,VI-D,binary,519,520,D,511.0,D,520.0,,ASP,True,2094,2095,four_layer_exact,high,1.0,0.22448979591836735,2.406589494979646,0.0,N,D;E;K;N;Q;R;S,differs_from_consensus,True,True,scaffold_differs_from_msa_consensus
9M31,A,VI-D,binary,521,522,A,513.0,A,522.0,,ALA,True,2096,2097,four_layer_exact,high,1.0,0.2108843537414966,2.222595186472575,0.0,G,A;D;E;G;K;R;S,differs_from_consensus,True,True,scaffold_differs_from_msa_consensus
9M31,A,VI-D,binary,525,526,D,517.0,D,526.0,,ASP,True,2104,2105,four_layer_exact,high,0.989010989010989,0.20689655172413793,2.3409813170190277,0.01098901098901095,E,A;D;E;K;N;R;S,differs_from_consensus,True,True,scaffold_differs_from_msa_consensus
9M31,A,VI-D,binary,529,530,L,521.0,L,530.0,,LEU,True,2108,2109,four_layer_exact,high,1.0,0.2857142857142857,2.1428791785498946,0.0,I,A;E;F;I;L;T;V,differs_from_consensus,True,True,scaffold_differs_from_msa_consensus
9M31,A,VI-D,binary,537,538,G,529.0,G,538.0,,GLY,True,2116,2117,four_layer_exact,high,0.9285714285714286,0.21641791044776118,2.2640765960078166,0.0714285714285714,K,C;D;E;G;K;Q;S;T,differs_from_consensus,True,True,scaffold_differs_from_msa_consensus
9M31,A,VI-D,binary,538,539,E,530.0,E,539.0,,GLU,True,2122,2123,four_layer_exact,high,0.8516483516483516,0.6166666666666667,1.582507438135677,0.14835164835164838,K,K;R;S,differs_from_consensus,True,True,scaffold_differs_from_msa_consensus
9M31,A,VI-D,binary,540,541,I,532.0,I,541.0,,ILE,True,2130,2131,four_layer_exact,high,0.967032967032967,0.36879432624113473,2.103087712439381,0.03296703296703296,D,A;D;E;N;S,differs_from_consensus,True,True,scaffold_differs_from_msa_consensus
9M31,A,VI-D,binary,542,543,D,534.0,D,543.0,,ASP,True,2148,2149,four_layer_exact,high,0.9835164835164835,0.201171875,2.26356625908991,0.016483516483516536,N,A;D;K;N;S,differs_from_consensus,True,True,scaffold_differs_from_msa_consensus
9M31,A,VI-D,binary,544,545,R,536.0,R,545.0,,ARG,True,2150,2151,four_layer_exact,high,0.978021978021978,0.6153846153846154,1.5255126535790835,0.02197802197802201,K,K;N;S,differs_from_consensus,True,True,scaffold_differs_from_msa_consensus
9M31,A,VI-D,binary,546,547,A,538.0,A,547.0,,ALA,True,2162,2163,four_layer_exact,high,0.9285714285714286,0.17037037037037037,2.5169221974396727,0.0714285714285714,V,A;E;I;P;Q;S;T;V,differs_from_consensus,True,True,scaffold_differs_from_msa_consensus
9M31,A,VI-D,binary,549,550,I,541.0,I,550.0,,ILE,True,2174,2175,four_layer_exact,high,0.9945054945054945,0.23972602739726026,2.3571543363396743,0.005494505494505475,R,E;I;K;L;R;V;Y,differs_from_consensus,True,True,scaffold_differs_from_msa_consensus
9M31,A,VI-D,binary,552,553,I,544.0,I,553.0,,ILE,True,2178,2179,four_layer_exact,high,0.9945054945054945,0.3356164383561644,1.774873005308953,0.005494505494505475,L,A;I;L;V,differs_from_consensus,True,True,scaffold_differs_from_msa_consensus
9M31,A,VI-D,binary,557,558,T,549.0,T,558.0,,THR,True,2184,2185,four_layer_exact,high,0.9945054945054945,0.21689497716894976,2.362992330965375,0.005494505494505475,I,F;I;L;M;T;V;Y,differs_from_consensus,True,True,scaffold_differs_from_msa_consensus
9M31,A,VI-D,binary,558,559,N,550.0,N,559.0,,ASN,True,2207,2208,four_layer_exact,high,0.6153846153846154,0.2294372294372294,2.3917285271214634,0.3846153846153846,D,D;E;G;K;N;P;R;S,differs_from_consensus,False,True,scaffold_differs_from_msa_consensus
9M31,A,VI-D,binary,559,560,L,551.0,L,560.0,,LEU,True,2210,2211,four_layer_exact,high,0.6868131868131868,0.23333333333333334,2.6046820032950753,0.3131868131868132,M,A;I;K;L;M;V;Y,differs_from_consensus,False,True,scaffold_differs_from_msa_consensus
9M31,A,VI-D,binary,561,562,Y,553.0,Y,562.0,,TYR,True,2212,2213,four_layer_exact,high,0.8076923076923077,0.2767857142857143,2.211486572343379,0.1923076923076923,E,D;E;K;N;P;T,differs_from_consensus,True,True,scaffold_differs_from_msa_consensus
9M31,A,VI-D,binary,562,563,D,554.0,D,563.0,,ASP,True,2213,2214,four_layer_exact,high,0.9285714285714286,0.3729011194029851,2.0063318134408825,0.0714285714285714,E,D;E;K;N;P;Q;S,differs_from_consensus,True,True,scaffold_differs_from_msa_consensus
9M31,A,VI-D,binary,565,566,K,557.0,K,566.0,,LYS,True,2216,2217,four_layer_exact,high,0.9505494505494505,0.2246376811594203,2.2562227947184934,0.0494505494505495,D,D;E;K;N;Q;S,differs_from_consensus,True,True,scaffold_differs_from_msa_consensus
9M31,A,VI-D,binary,566,567,A,558.0,A,567.0,,ALA,True,2217,2218,four_layer_exact,high,0.9340659340659341,0.2222222222222222,2.186511054381146,0.06593406593406592,E,A;D;E;K;N;Q;R;S,differs_from_consensus,True,True,scaffold_differs_from_msa_consensus
9M31,A,VI-D,binary,567,568,L,559.0,L,568.0,,LEU,True,2218,2219,four_layer_exact,high,0.9340659340659341,0.23703703703703705,2.3975259230819947,0.06593406593406592,Y,A;E;F;I;K;L;M;Y,differs_from_consensus,True,True,scaffold_differs_from_msa_consensus
9M31,A,VI-D,binary,568,569,A,560.0,A,569.0,,ALA,True,2231,2232,four_layer_exact,high,0.7362637362637363,0.32,1.7236461551685858,0.2637362637362637,L,A;F;I;L;V,differs_from_consensus,False,True,scaffold_differs_from_msa_consensus
9M31,A,VI-D,binary,570,571,T,562.0,T,571.0,,THR,True,2234,2235,four_layer_exact,high,0.9065934065934066,0.20454545454545456,2.2742192318380194,0.09340659340659341,E,D;E;K;N;R,differs_from_consensus,True,True,scaffold_differs_from_msa_consensus
9M31,A,VI-D,binary,571,572,F,563.0,F,572.0,,PHE,True,2235,2236,four_layer_exact,high,0.9065934065934066,0.25757575757575757,2.1789406973992764,0.09340659340659341,I,F;I;L;M;V;W;Y,differs_from_consensus,True,True,scaffold_differs_from_msa_consensus
9M31,A,VI-D,binary,572,573,S,564.0,S,573.0,,SER,True,2236,2237,four_layer_exact,high,0.8131868131868132,0.42214439655172414,1.6736390906316498,0.18681318681318682,L,F;I;L;V;Y,differs_from_consensus,True,True,scaffold_differs_from_msa_consensus
9M31,A,VI-D,binary,573,574,L,565.0,L,574.0,,LEU,True,2237,2238,four_layer_exact,high,0.7857142857142857,0.22522522522522523,2.5311921718650634,0.2142857142857143,E,A;C;E;G;K;N;Q;S,differs_from_consensus,False,True,scaffold_differs_from_msa_consensus
9M31,A,VI-D,binary,575,576,E,567.0,E,576.0,,GLU,True,2279,2280,four_layer_exact,high,0.7032967032967034,0.30526315789473685,2.1467039349033055,0.29670329670329665,K,A;E;K;P;R;S;T,differs_from_consensus,False,True,scaffold_differs_from_msa_consensus
9M31,A,VI-D,binary,578,579,N,570.0,N,579.0,,ASN,True,2291,2292,four_layer_exact,high,0.7362637362637363,0.4603125,1.7781822332535753,0.2637362637362637,K,D;E;K;N;T,differs_from_consensus,False,True,scaffold_differs_from_msa_consensus
9M31,A,VI-D,binary,580,581,L,572.0,L,581.0,,LEU,True,2293,2294,four_layer_exact,high,0.41208791208791207,0.273972602739726,2.2532698147045815,0.5879120879120879,I,I;K;L;R;S;T;V,differs_from_consensus,False,True,scaffold_differs_from_msa_consensus
9M31,A,VI-D,binary,585,586,H,577.0,H,586.0,,HIS,True,2342,2343,four_layer_exact,high,0.989010989010989,0.25495689655172415,2.044704689199091,0.01098901098901095,N,H;K;N;R;T,differs_from_consensus,True,True,scaffold_differs_from_msa_consensus
9M31,A,VI-D,binary,587,588,M,579.0,M,588.0,,MET,True,2344,2345,four_layer_exact,high,0.9945054945054945,0.4726027397260274,1.5759153766818645,0.005494505494505475,F,F;I;L;V,differs_from_consensus,True,True,scaffold_differs_from_msa_consensus
9M31,A,VI-D,binary,592,593,I,584.0,I,593.0,,ILE,True,2355,2356,four_layer_exact,high,1.0,0.3333333333333333,1.8894836396114303,0.0,A,A;I,differs_from_consensus,True,True,scaffold_differs_from_msa_consensus
9M31,A,VI-D,binary,597,598,S,589.0,S,598.0,,SER,True,2360,2361,four_layer_exact,high,1.0,0.3333333333333333,1.8971449057834,0.0,E,D;E;K;N;S,differs_from_consensus,True,True,scaffold_differs_from_msa_consensus
9M31,A,VI-D,binary,598,599,N,590.0,N,599.0,,ASN,True,2361,2362,four_layer_exact,high,1.0,0.8435374149659864,0.5213503309611086,0.0,S,N;S,differs_from_consensus,True,True,scaffold_differs_from_msa_consensus
9M31,A,VI-D,binary,599,600,K,591.0,K,600.0,,LYS,True,2362,2363,four_layer_exact,high,1.0,0.35374149659863946,1.8156290973535367,0.0,R,K;N;R;S;T,differs_from_consensus,True,True,scaffold_differs_from_msa_consensus
9M31,A,VI-D,binary,602,603,H,594.0,H,603.0,,HIS,True,2365,2366,four_layer_exact,high,1.0,0.17665816326530612,2.459084966990156,0.0,K,F;H;I;K;N;Q;R,differs_from_consensus,True,True,scaffold_differs_from_msa_consensus
9M31,A,VI-D,binary,605,606,I,597.0,I,606.0,,ILE,True,2369,2370,four_layer_exact,high,1.0,0.43537414965986393,1.4172898637728437,0.0,V,A;I;V,differs_from_consensus,True,True,scaffold_differs_from_msa_consensus
9M31,A,VI-D,binary,609,610,D,601.0,D,610.0,,ASP,True,2373,2374,four_layer_exact,high,1.0,0.5170068027210885,1.4482255672881175,0.0,N,D;K;N;R;S,differs_from_consensus,True,True,scaffold_differs_from_msa_consensus
9M31,A,VI-D,binary,611,612,A,603.0,A,612.0,,ALA,True,2375,2376,four_layer_exact,high,1.0,0.3129251700680272,2.1956100345897855,0.0,K,A;E;K;R;S;T,differs_from_consensus,True,True,scaffold_differs_from_msa_consensus
9M31,A,VI-D,binary,612,613,H,604.0,H,613.0,,HIS,True,2376,2377,four_layer_exact,high,1.0,0.3401360544217687,2.2917467198863397,0.0,K,D;E;K;N;S;T,differs_from_consensus,True,True,scaffold_differs_from_msa_consensus
9M31,A,VI-D,binary,613,614,L,605.0,L,614.0,,LEU,True,2377,2378,four_layer_exact,high,1.0,0.35374149659863946,1.688112846401972,0.0,V,A;C;I;L;V,differs_from_consensus,True,True,scaffold_differs_from_msa_consensus
9M31,A,VI-D,binary,614,615,H,606.0,H,615.0,,HIS,True,2378,2379,four_layer_exact,high,1.0,0.5578231292517006,1.7049736224519816,0.0,R,H;K;R;S,differs_from_consensus,True,True,scaffold_differs_from_msa_consensus
9M31,A,VI-D,binary,615,616,E,607.0,E,616.0,,GLU,True,2379,2380,four_layer_exact,high,1.0,0.3356009070294784,2.0562657025875595,0.0,K,A;E;K;R,differs_from_consensus,True,True,scaffold_differs_from_msa_consensus
9M31,A,VI-D,binary,616,617,I,608.0,I,617.0,,ILE,True,2380,2381,four_layer_exact,high,1.0,0.46938775510204084,1.4714960160367159,0.0,L,F;I;L;V,differs_from_consensus,True,True,scaffold_differs_from_msa_consensus
9M31,A,VI-D,binary,621,622,A,613.0,A,622.0,,ALA,True,2390,2391,four_layer_exact,high,1.0,0.23809523809523808,2.3303626812105,0.0,K,A;E;K;N;P;S;T,differs_from_consensus,True,True,scaffold_differs_from_msa_consensus
9M31,A,VI-D,binary,624,625,K,616.0,K,625.0,,LYS,True,2393,2394,four_layer_exact,high,1.0,0.32653061224489793,1.9751902431035713,0.0,R,A;E;K;R;S,differs_from_consensus,True,True,scaffold_differs_from_msa_consensus
9M31,A,VI-D,binary,628,629,G,620.0,G,629.0,,GLY,True,2398,2399,four_layer_exact,high,0.9945054945054945,0.2602739726027397,2.153475989484622,0.005494505494505475,K,D;E;G;K;N;R;S,differs_from_consensus,True,True,scaffold_differs_from_msa_consensus
9M31,A,VI-D,binary,636,637,K,,,,,,False,2426,2427,full_msa_only_unresolved_coordinate,medium,0.038461538461538464,0.7142857142857143,0.7963116401738131,0.9615384615384616,K,A;K;V,matches_consensus,False,True,unresolved_internal
9M31,A,VI-D,binary,637,638,Q,,,,,,False,2427,2428,full_msa_only_unresolved_coordinate,medium,0.04395604395604396,0.5,1.3862943611198906,0.9560439560439561,Q,D;E;G;N;Q,matches_consensus,False,True,unresolved_internal
9M31,A,VI-D,binary,638,639,G,,,,,,False,2428,2429,full_msa_only_unresolved_coordinate,medium,0.07142857142857142,0.3076923076923077,1.8848713335781606,0.9285714285714286,G,A;G;K;N;Q;T;V;Y,matches_consensus,False,True,unresolved_internal
9M31,A,VI-D,binary,639,640,Q,628.0,Q,640.0,,GLN,True,2429,2430,four_layer_exact,high,0.07692307692307693,0.35714285714285715,1.668173971997397,0.9230769230769231,K,A;E;K;M;Q;R;V,differs_from_consensus,False,True,scaffold_differs_from_msa_consensus
9M31,A,VI-D,binary,641,642,G,630.0,G,642.0,,GLY,True,2431,2432,four_layer_exact,high,1.0,0.7959183673469388,0.9609288284265856,0.0,P,P,differs_from_consensus,True,True,scaffold_differs_from_msa_consensus
9M31,A,VI-D,binary,642,643,K,631.0,K,643.0,,LYS,True,2432,2433,four_layer_exact,high,1.0,0.40816326530612246,1.6881584280251571,0.0,D,D;E;K;P,differs_from_consensus,True,True,scaffold_differs_from_msa_consensus
9M31,A,VI-D,binary,643,644,N,632.0,N,644.0,,ASN,True,2433,2434,four_layer_exact,high,1.0,0.2653061224489796,1.9733158421276453,0.0,T,A;E;K;N;S;T,differs_from_consensus,True,True,scaffold_differs_from_msa_consensus
9M31,A,VI-D,binary,650,651,E,639.0,E,651.0,,GLU,True,2445,2446,four_layer_exact,high,0.9725274725274725,0.1974031690140845,2.4402951543493234,0.027472527472527486,K,D;E;K;N;R,differs_from_consensus,True,True,scaffold_differs_from_msa_consensus
9M31,A,VI-D,binary,651,652,T,640.0,T,652.0,,THR,True,2446,2447,four_layer_exact,high,0.9725274725274725,0.4859154929577465,1.7173684276155556,0.027472527472527486,S,A;S;T,differs_from_consensus,True,True,scaffold_differs_from_msa_consensus
9M31,A,VI-D,binary,653,654,I,642.0,I,654.0,,ILE,True,2453,2454,four_layer_exact,high,0.8241758241758241,0.22608695652173913,2.5951530840494907,0.17582417582417587,T,F;G;I;K;N;S;T;V,differs_from_consensus,True,True,scaffold_differs_from_msa_consensus
9M31,A,VI-D,binary,656,657,D,645.0,D,657.0,,ASP,True,2456,2457,four_layer_exact,high,0.8186813186813187,0.17543859649122806,2.448897424287677,0.18131868131868134,K,D;E;G;K;N;P;R;S,differs_from_consensus,True,True,scaffold_differs_from_msa_consensus
9M31,A,VI-D,binary,657,658,K,646.0,K,658.0,,LYS,True,2457,2458,four_layer_exact,high,0.5439560439560439,0.23076923076923078,2.3437011529219887,0.4560439560439561,E,D;E;P;S;T,differs_from_consensus,False,True,scaffold_differs_from_msa_consensus
9M31,A,VI-D,binary,658,659,G,647.0,G,659.0,,GLY,True,2478,2479,four_layer_exact,high,0.5164835164835165,0.23655913978494625,2.4974563091851127,0.48351648351648346,N,D;E;G;L;N;S;T,differs_from_consensus,False,True,scaffold_differs_from_msa_consensus
9M31,A,VI-D,binary,659,660,K,648.0,K,660.0,,LYS,True,2479,2480,four_layer_exact,high,0.6263736263736264,0.1981981981981982,2.535673647236435,0.37362637362637363,A,A;D;I;K;P;S;T;V,differs_from_consensus,False,True,scaffold_differs_from_msa_consensus
9M31,A,VI-D,binary,661,662,V,650.0,V,662.0,,VAL,True,2481,2482,four_layer_exact,high,0.7087912087912088,0.12698412698412698,2.698039359974811,0.2912087912087912,K,A;I;K;L;R;T;V;Y,differs_from_consensus,False,True,scaffold_differs_from_msa_consensus
9M31,A,VI-D,binary,662,663,S,651.0,S,663.0,,SER,True,2482,2483,four_layer_exact,high,0.8846153846153846,0.2887139107611548,2.1441282122661236,0.11538461538461542,E,D;E;K;N;S,differs_from_consensus,True,True,scaffold_differs_from_msa_consensus
9M31,A,VI-D,binary,665,666,V,654.0,V,666.0,,VAL,True,2485,2486,four_layer_exact,high,1.0,0.46938775510204084,1.4556105835935438,0.0,I,I;L;R;V,differs_from_consensus,True,True,scaffold_differs_from_msa_consensus
9M31,A,VI-D,binary,667,668,A,656.0,A,668.0,,ALA,True,2487,2488,four_layer_exact,high,1.0,0.16326530612244897,2.5682494721684734,0.0,E,A;E;F;K;T;V;Y,differs_from_consensus,True,True,scaffold_differs_from_msa_consensus
9M31,A,VI-D,binary,669,670,T,658.0,T,670.0,,THR,True,2489,2490,four_layer_exact,high,1.0,0.36054421768707484,1.9231872361462825,0.0,A,A;I;S;T;V,differs_from_consensus,True,True,scaffold_differs_from_msa_consensus
9M31,A,VI-D,binary,670,671,K,659.0,K,671.0,,LYS,True,2490,2491,four_layer_exact,high,1.0,0.23129251700680273,2.0818279240922206,0.0,E,D;E;G;K;N;R,differs_from_consensus,True,True,scaffold_differs_from_msa_consensus
9M31,A,VI-D,binary,675,676,M,664.0,M,676.0,,MET,True,2495,2496,four_layer_exact,high,1.0,0.272108843537415,1.7179731267051934,0.0,F,F;I;L;M;V,differs_from_consensus,True,True,scaffold_differs_from_msa_consensus
9M31,A,VI-D,binary,676,677,N,665.0,N,677.0,,ASN,True,2496,2497,four_layer_exact,high,1.0,0.41496598639455784,1.6454428118663162,0.0,S,D;K;N;S;T,differs_from_consensus,True,True,scaffold_differs_from_msa_consensus
9M31,A,VI-D,binary,677,678,Y,666.0,Y,678.0,,TYR,True,2497,2498,four_layer_exact,high,1.0,0.54421768707483,1.4476296345672652,0.0,F,F;I;L;Y,differs_from_consensus,True,True,scaffold_differs_from_msa_consensus
9M31,A,VI-D,binary,679,680,Q,668.0,Q,680.0,,GLN,True,2500,2501,four_layer_exact,high,0.967032967032967,0.20611702127659576,2.411003770316559,0.03296703296703296,D,D;E;K;N;Q;S;T,differs_from_consensus,True,True,scaffold_differs_from_msa_consensus
9M31,A,VI-D,binary,681,682,D,670.0,D,682.0,,ASP,True,2503,2504,four_layer_exact,high,0.978021978021978,0.24475524475524477,2.345306231783017,0.02197802197802201,E,E;I;K;L;R;S;T,differs_from_consensus,True,True,scaffold_differs_from_msa_consensus
9M31,A,VI-D,binary,682,683,K,671.0,K,683.0,,LYS,True,2511,2512,four_layer_exact,high,0.9725274725274725,0.35446009389671357,1.8248594816385622,0.027472527472527486,D,D;G;K;N,differs_from_consensus,True,True,scaffold_differs_from_msa_consensus
9M31,A,VI-D,binary,683,684,K,672.0,K,684.0,,LYS,True,2517,2518,four_layer_exact,high,0.9615384615384616,0.5928571428571429,1.110576939410738,0.038461538461538436,V,A;I;V,differs_from_consensus,True,True,scaffold_differs_from_msa_consensus
9M31,A,VI-D,binary,684,685,R,673.0,R,685.0,,ARG,True,2526,2527,four_layer_exact,high,0.8956043956043956,0.2578125,2.3014362249240654,0.10439560439560436,K,D;E;G;K;N;Q;R,differs_from_consensus,True,True,scaffold_differs_from_msa_consensus
9M31,A,VI-D,binary,685,686,S,674.0,S,686.0,,SER,True,2527,2528,four_layer_exact,high,0.8846153846153846,0.40476190476190477,1.885689526112464,0.11538461538461542,Q,E;K;N;Q;T,differs_from_consensus,True,True,scaffold_differs_from_msa_consensus
9M31,A,VI-D,binary,686,687,V,675.0,V,687.0,,VAL,True,2528,2529,four_layer_exact,high,0.8846153846153846,0.19047619047619047,2.557731120816462,0.11538461538461542,K,A;K;L;M;N;S;V,differs_from_consensus,True,True,scaffold_differs_from_msa_consensus
9M31,A,VI-D,binary,687,688,I,676.0,I,688.0,,ILE,True,2529,2530,four_layer_exact,high,0.07142857142857142,0.15384615384615385,2.031759218569271,0.9285714285714286,A,A;D;G;I;K;P;T;Y,differs_from_consensus,False,True,scaffold_differs_from_msa_consensus
9M31,A,VI-D,binary,688,689,E,677.0,E,689.0,,GLU,True,2532,2533,four_layer_exact,high,0.7802197802197802,0.1743119266055046,2.408228072180579,0.21978021978021978,A,A;D;E;K;N;Q;S;V,differs_from_consensus,False,True,scaffold_differs_from_msa_consensus
9M31,A,VI-D,binary,689,690,D,678.0,D,690.0,,ASP,True,2533,2534,four_layer_exact,high,0.7582417582417582,0.2857142857142857,2.202028705278716,0.2417582417582418,K,D;E;K;N;R;S,differs_from_consensus,False,True,scaffold_differs_from_msa_consensus
9M31,A,VI-D,binary,690,691,T,679.0,T,691.0,,THR,True,2534,2535,four_layer_exact,high,0.4010989010989011,0.18309859154929578,2.411969697012581,0.5989010989010989,D,A;D;E;G;K;P;R;S;T,differs_from_consensus,False,True,scaffold_differs_from_msa_consensus
9M31,A,VI-D,binary,691,692,G,680.0,G,692.0,,GLY,True,2555,2556,four_layer_exact,high,0.8131868131868132,0.17391304347826086,2.3780661473668188,0.18681318681318682,S,A;G;K;P;Q;R;S;T,differs_from_consensus,True,True,scaffold_differs_from_msa_consensus
9M31,A,VI-D,binary,692,693,R,681.0,R,693.0,,ARG,True,2556,2557,four_layer_exact,high,0.8461538461538461,0.1652892561983471,2.420833704936432,0.15384615384615385,E,A;D;E;K;N;Q;R,differs_from_consensus,True,True,scaffold_differs_from_msa_consensus
9M31,A,VI-D,binary,695,696,A,684.0,A,696.0,,ALA,True,2560,2561,four_layer_exact,high,0.978021978021978,0.1958041958041958,2.514145033457609,0.02197802197802201,E,A;E;I;K;L;Q;S;V,differs_from_consensus,True,True,scaffold_differs_from_msa_consensus
9M31,A,VI-D,binary,697,698,R,686.0,R,698.0,,ARG,True,2562,2563,four_layer_exact,high,0.989010989010989,0.6827586206896552,1.1966129281184084,0.01098901098901095,K,I;K;R,differs_from_consensus,True,True,scaffold_differs_from_msa_consensus
9M31,A,VI-D,binary,699,700,K,688.0,K,700.0,,LYS,True,2564,2565,four_layer_exact,high,0.9945054945054945,0.4452054794520548,1.5924278725022518,0.005494505494505475,R,K;Q;R,differs_from_consensus,True,True,scaffold_differs_from_msa_consensus
9M31,A,VI-D,binary,700,701,F,689.0,F,701.0,,PHE,True,2565,2566,four_layer_exact,high,1.0,0.22448979591836735,2.217077410589673,0.0,K,F;K;L;M;N;Y,differs_from_consensus,True,True,scaffold_differs_from_msa_consensus
9M31,A,VI-D,binary,702,703,K,691.0,K,703.0,,LYS,True,2567,2568,four_layer_exact,high,1.0,0.6585884353741497,1.2836432611857385,0.0,A,A;N;S,differs_from_consensus,True,True,scaffold_differs_from_msa_consensus
9M31,A,VI-D,binary,705,706,S,694.0,S,706.0,,SER,True,2570,2571,four_layer_exact,high,0.9945054945054945,0.3583617747440273,1.628871656479298,0.005494505494505475,G,G;K;N;R;S;T,differs_from_consensus,True,True,scaffold_differs_from_msa_consensus
9M31,A,VI-D,binary,711,712,I,700.0,I,712.0,,ILE,True,2576,2577,four_layer_exact,high,0.9945054945054945,0.3583617747440273,1.7035115601036432,0.005494505494505475,L,A;I;L;M;V,differs_from_consensus,True,True,scaffold_differs_from_msa_consensus
9M31,A,VI-D,binary,713,714,H,702.0,H,714.0,,HIS,True,2578,2579,four_layer_exact,high,0.9945054945054945,0.5802047781569966,1.3137402061419368,0.005494505494505475,L,I;L;Q,differs_from_consensus,True,True,scaffold_differs_from_msa_consensus
9M31,A,VI-D,binary,715,716,L,704.0,L,716.0,,LEU,True,2580,2581,four_layer_exact,high,0.9945054945054945,0.41638225255972694,1.7118747516697965,0.005494505494505475,V,I;L;T;V,differs_from_consensus,True,True,scaffold_differs_from_msa_consensus
9M31,A,VI-D,binary,718,719,I,707.0,I,719.0,,ILE,True,2583,2584,four_layer_exact,high,0.9945054945054945,0.7610921501706485,0.7497833821657893,0.005494505494505475,L,I;L;M,differs_from_consensus,True,True,scaffold_differs_from_msa_consensus
9M31,A,VI-D,binary,721,722,I,710.0,I,722.0,,ILE,True,2586,2587,four_layer_exact,high,0.9945054945054945,0.5358361774744027,1.0578935661054298,0.005494505494505475,V,A;I;V,differs_from_consensus,True,True,scaffold_differs_from_msa_consensus
9M31,A,VI-D,binary,723,724,A,712.0,A,724.0,,ALA,True,2588,2589,four_layer_exact,high,0.9945054945054945,0.44368600682593856,1.204293998580746,0.005494505494505475,S,A;S;T,differs_from_consensus,True,True,scaffold_differs_from_msa_consensus
9M31,A,VI-D,binary,728,729,G,717.0,G,729.0,,GLY,True,2593,2594,four_layer_exact,high,0.9945054945054945,0.8430034129692833,0.48103875045225025,0.005494505494505475,A,A;G,differs_from_consensus,True,True,scaffold_differs_from_msa_consensus
9M31,A,VI-D,binary,732,733,V,721.0,V,733.0,,VAL,True,2597,2598,four_layer_exact,high,0.9945054945054945,0.5872440273037542,1.4647097106339533,0.005494505494505475,L,F;L;V;Y,differs_from_consensus,True,True,scaffold_differs_from_msa_consensus
9M31,A,VI-D,binary,737,738,Q,726.0,Q,738.0,,GLN,True,2603,2604,four_layer_exact,high,0.989010989010989,0.15807560137457044,2.5890123444313353,0.01098901098901095,A,A;E;K;L;Q;S;V;Y,differs_from_consensus,True,True,scaffold_differs_from_msa_consensus
9M31,A,VI-D,binary,740,741,K,729.0,K,741.0,,LYS,True,2615,2616,four_layer_exact,high,0.7142857142857143,0.28983160621761656,2.073080346070501,0.2857142857142857,G,D;E;G;K;N;S,differs_from_consensus,False,True,scaffold_differs_from_msa_consensus
9M31,A,VI-D,binary,741,742,E,730.0,E,742.0,,GLU,True,2617,2618,four_layer_exact,high,0.7472527472527473,0.22439024390243903,2.4455305924756554,0.25274725274725274,K,D;E;I;K;L;Q;V,differs_from_consensus,False,True,scaffold_differs_from_msa_consensus
9M31,A,VI-D,binary,743,744,G,732.0,G,744.0,,GLY,True,2619,2620,four_layer_exact,high,0.7472527472527473,0.26108374384236455,2.1158077834497107,0.25274725274725274,L,F;G;I;L;V;Y,differs_from_consensus,False,True,scaffold_differs_from_msa_consensus
9M31,A,VI-D,binary,744,745,Y,733.0,Y,745.0,,TYR,True,2637,2638,four_layer_exact,high,0.15934065934065933,0.14797687861271677,2.4752616068727464,0.8406593406593407,D,D;E;H;K;N;T;V,differs_from_consensus,False,True,scaffold_differs_from_msa_consensus
9M31,A,VI-D,binary,745,746,D,734.0,D,746.0,,ASP,True,2639,2640,four_layer_exact,high,0.24175824175824176,0.14275092936802974,2.4136118836455243,0.7582417582417582,G,A;D;E;G;K;N;R;S;T,differs_from_consensus,False,True,scaffold_differs_from_msa_consensus
9M31,A,VI-D,binary,746,747,I,735.0,I,747.0,,ILE,True,2640,2641,four_layer_exact,high,0.24725274725274726,0.2703894195444526,2.2811688358745768,0.7527472527472527,K,A;D;I;K;N;R,differs_from_consensus,False,True,scaffold_differs_from_msa_consensus
9M31,A,VI-D,binary,747,748,N,736.0,N,748.0,,ASN,True,2641,2642,four_layer_exact,high,0.23626373626373626,0.23438704703161142,2.272516074726639,0.7637362637362637,K,E;G;K;N;S;V,differs_from_consensus,False,True,scaffold_differs_from_msa_consensus
9M31,A,VI-D,binary,748,749,L,737.0,L,749.0,,LEU,True,2642,2643,four_layer_exact,high,0.41208791208791207,0.18823529411764706,2.454431655078948,0.5879120879120879,D,D;E;G;L;S;T,differs_from_consensus,False,True,scaffold_differs_from_msa_consensus
9M31,A,VI-D,binary,750,751,K,739.0,K,751.0,,LYS,True,2644,2645,four_layer_exact,high,0.36813186813186816,0.17391304347826086,2.3475170550896696,0.6318681318681318,N,A;D;E;F;K;N;Q;S,differs_from_consensus,False,True,scaffold_differs_from_msa_consensus
9M31,A,VI-D,binary,751,752,L,740.0,L,752.0,,LEU,True,2645,2646,four_layer_exact,high,0.34065934065934067,0.14754098360655737,2.5363113539376276,0.6593406593406593,R,A;C;D;E;G;K;L;N;Q;R,differs_from_consensus,False,True,scaffold_differs_from_msa_consensus
9M31,A,VI-D,binary,752,753,E,741.0,E,753.0,,GLU,True,2646,2647,four_layer_exact,high,0.14835164835164835,0.19706242350061198,2.456125093782202,0.8516483516483516,V,D;L;Q;S;V;Y,differs_from_consensus,False,True,scaffold_differs_from_msa_consensus
9M31,A,VI-D,binary,756,757,F,745.0,F,757.0,,PHE,True,2676,2677,four_layer_exact,high,0.7802197802197802,0.4653487843671893,2.1132506106780404,0.21978021978021978,Y,A;F;L;Y,differs_from_consensus,False,True,scaffold_differs_from_msa_consensus
9M31,A,VI-D,binary,757,758,S,746.0,S,758.0,,SER,True,2677,2678,four_layer_exact,high,0.989010989010989,0.3024054982817869,2.309402011292449,0.01098901098901095,L,A;F;L;R;S;T,differs_from_consensus,True,True,scaffold_differs_from_msa_consensus
9M31,A,VI-D,binary,758,759,S,747.0,S,759.0,,SER,True,2678,2679,four_layer_exact,high,0.989010989010989,0.3230240549828179,2.3644001380882167,0.01098901098901095,A,A;E;G;K;S,differs_from_consensus,True,True,scaffold_differs_from_msa_consensus
9M31,A,VI-D,binary,759,760,V,748.0,V,760.0,,VAL,True,2679,2680,four_layer_exact,high,0.9945054945054945,0.7098976109215017,1.1075423377193525,0.005494505494505475,L,F;I;L,differs_from_consensus,True,True,scaffold_differs_from_msa_consensus
9M31,A,VI-D,binary,762,763,L,751.0,L,763.0,,LEU,True,2702,2703,four_layer_exact,high,0.9945054945054945,0.15753424657534246,2.5787273039239347,0.005494505494505475,Y,A;D;E;H;K;L;R;Y,differs_from_consensus,True,True,scaffold_differs_from_msa_consensus
9M31,A,VI-D,binary,763,764,C,752.0,C,764.0,,CYS,True,2703,2704,four_layer_exact,high,0.989010989010989,0.4827586206896552,1.609178058533682,0.01098901098901095,F,F;L;Y,differs_from_consensus,True,True,scaffold_differs_from_msa_consensus
9M31,A,VI-D,binary,764,765,A,753.0,A,765.0,,ALA,True,2704,2705,four_layer_exact,high,0.989010989010989,0.38620689655172413,1.8964710809938348,0.01098901098901095,L,I;L;M;V,differs_from_consensus,True,True,scaffold_differs_from_msa_consensus
9M31,A,VI-D,binary,765,766,G,754.0,G,766.0,,GLY,True,2707,2708,four_layer_exact,high,0.9835164835164835,0.20833333333333334,2.3561891361010985,0.016483516483516536,E,A;D;E;G;K;N;S,differs_from_consensus,True,True,scaffold_differs_from_msa_consensus
9M31,A,VI-D,binary,766,767,I,755.0,I,767.0,,ILE,True,2708,2709,four_layer_exact,high,0.9560439560439561,0.2078853046594982,2.396700478961797,0.04395604395604391,E,D;E;I;K;N;Q;R,differs_from_consensus,True,True,scaffold_differs_from_msa_consensus
9M31,A,VI-D,binary,768,769,E,757.0,E,769.0,,GLU,True,2710,2711,four_layer_exact,high,0.7362637362637363,0.16091954022988506,2.5745737144408176,0.2637362637362637,K,D;E;K;N;P;R;Y,differs_from_consensus,False,True,scaffold_differs_from_msa_consensus
9M31,A,VI-D,binary,769,770,T,758.0,T,770.0,,THR,True,2711,2712,four_layer_exact,high,0.7307692307692307,0.16988416988416988,2.61160149630466,0.2692307692307693,L,A;E;I;K;L;N;P;Q;S,differs_from_consensus,False,True,scaffold_differs_from_msa_consensus
9M31,A,VI-D,binary,770,771,A,759.0,A,771.0,,ALA,True,2712,2713,four_layer_exact,high,0.35714285714285715,0.16923076923076924,2.5684283262764454,0.6428571428571428,I,D;F;I;K;L;N;T;V;Y,differs_from_consensus,False,True,scaffold_differs_from_msa_consensus
9M31,A,VI-D,binary,771,772,P,760.0,P,772.0,,PRO,True,2713,2714,four_layer_exact,high,0.3241758241758242,0.15606936416184972,2.688486155482726,0.6758241758241759,F,D;E;F;K;L;N;R;T;V;Y,differs_from_consensus,False,True,scaffold_differs_from_msa_consensus
9M31,A,VI-D,binary,772,773,D,761.0,D,773.0,,ASP,True,2714,2715,four_layer_exact,high,0.27472527472527475,0.21232876712328766,2.339855646895054,0.7252747252747253,E,D;E;G;K;N;R,differs_from_consensus,False,True,scaffold_differs_from_msa_consensus
9M31,A,VI-D,binary,774,775,R,763.0,R,775.0,,ARG,True,2716,2717,four_layer_exact,high,0.2032967032967033,0.32432432432432434,2.0832051342906723,0.7967032967032968,Y,F;H;K;L;N;V;W;Y,differs_from_consensus,False,True,scaffold_differs_from_msa_consensus
9M31,A,VI-D,binary,776,777,D,765.0,D,777.0,,ASP,True,2718,2719,four_layer_exact,high,0.07142857142857142,0.23076923076923078,2.20478541691352,0.9285714285714286,E,C;D;E;F;I;N;P;R;T;Y,differs_from_consensus,False,True,scaffold_differs_from_msa_consensus
9M31,A,VI-D,binary,777,778,V,766.0,V,778.0,,VAL,True,2719,2720,four_layer_exact,high,0.04945054945054945,0.2222222222222222,1.8891591637540217,0.9505494505494505,I,A;E;I;R;S;V;Y,differs_from_consensus,False,True,scaffold_differs_from_msa_consensus
9M31,A,VI-D,binary,779,780,K,768.0,K,780.0,,LYS,True,2721,2722,four_layer_exact,high,0.02197802197802198,0.5,1.0397207708399179,0.978021978021978,I,F;I;V,differs_from_consensus,False,True,scaffold_differs_from_msa_consensus
9M31,A,VI-D,binary,780,781,E,769.0,E,781.0,,GLU,True,2722,2723,four_layer_exact,high,0.016483516483516484,0.6666666666666666,0.6365141682948128,0.9835164835164835,C,C;E,differs_from_consensus,False,True,scaffold_differs_from_msa_consensus
9M31,A,VI-D,binary,781,782,M,770.0,M,782.0,,MET,True,2723,2724,four_layer_exact,high,0.01098901098901099,1.0,-0.0,0.989010989010989,L,L,differs_from_consensus,False,True,scaffold_differs_from_msa_consensus
9M31,A,VI-D,binary,782,783,A,771.0,A,783.0,,ALA,True,2724,2725,four_layer_exact,high,0.01098901098901099,1.0,-0.0,0.989010989010989,K,K,differs_from_consensus,False,True,scaffold_differs_from_msa_consensus
9M31,A,VI-D,binary,783,784,E,772.0,E,784.0,,GLU,True,2725,2726,four_layer_exact,high,0.01098901098901099,0.5,0.6931471805599453,0.989010989010989,A,A;E,differs_from_consensus,False,True,scaffold_differs_from_msa_consensus
9M31,A,VI-D,binary,784,785,R,773.0,R,785.0,,ARG,True,2726,2727,four_layer_exact,high,0.01098901098901099,0.5,0.6931471805599453,0.989010989010989,L,L;R,differs_from_consensus,False,True,scaffold_differs_from_msa_consensus
9M31,A,VI-D,binary,786,787,K,775.0,K,787.0,,LYS,True,2728,2729,four_layer_exact,high,0.1043956043956044,0.21052631578947367,2.187270992063101,0.8956043956043956,N,C;D;E;I;K;L;N;R;T;Y,differs_from_consensus,False,True,scaffold_differs_from_msa_consensus
9M31,A,VI-D,binary,787,788,E,776.0,E,788.0,,GLU,True,2729,2730,four_layer_exact,high,0.10989010989010989,0.45,1.868351777640703,0.8901098901098901,A,A;G;I;K;L;N;Q;R;S;T,differs_from_consensus,False,True,scaffold_differs_from_msa_consensus
9M31,A,VI-D,binary,788,789,S,777.0,S,789.0,,SER,True,2730,2731,four_layer_exact,high,0.10989010989010989,0.35,1.6385064445042257,0.8901098901098901,R,A;E;I;L;P;R;S,differs_from_consensus,False,True,scaffold_differs_from_msa_consensus
9M31,A,VI-D,binary,789,790,I,778.0,I,790.0,,ILE,True,2731,2732,four_layer_exact,high,0.10989010989010989,0.35,1.9419277239164314,0.8901098901098901,R,E;F;G;K;L;R;S;T;W,differs_from_consensus,False,True,scaffold_differs_from_msa_consensus
9M31,A,VI-D,binary,790,791,D,779.0,D,791.0,,ASP,True,2732,2733,four_layer_exact,high,0.12637362637362637,0.2608695652173913,1.9823184363008162,0.8736263736263736,K,A;D;E;K;S,differs_from_consensus,False,True,scaffold_differs_from_msa_consensus
9M31,A,VI-D,binary,791,792,S,780.0,S,792.0,,SER,True,2733,2734,four_layer_exact,high,0.13736263736263737,0.52,1.4760098121240506,0.8626373626373627,E,E;Q;S;T,differs_from_consensus,False,True,scaffold_differs_from_msa_consensus
9M31,A,VI-D,binary,792,793,L,781.0,L,793.0,,LEU,True,2734,2735,four_layer_exact,high,0.13736263736263737,0.56,1.4637448480596778,0.8626373626373627,I,I;K;L,differs_from_consensus,False,True,scaffold_differs_from_msa_consensus
9M31,A,VI-D,binary,793,794,E,782.0,E,794.0,,GLU,True,2735,2736,four_layer_exact,high,0.13186813186813187,0.20833333333333334,2.0046367956901427,0.8681318681318682,A,A;E;G;K;N;R;S,differs_from_consensus,False,True,scaffold_differs_from_msa_consensus
9M31,A,VI-D,binary,794,795,S,783.0,S,795.0,,SER,True,2736,2737,four_layer_exact,high,0.13736263736263737,0.24,2.0470505587205428,0.8626373626373627,K,A;D;G;K;N;R;T,differs_from_consensus,False,True,scaffold_differs_from_msa_consensus
9M31,A,VI-D,binary,795,796,A,784.0,A,796.0,,ALA,True,2737,2738,four_layer_exact,high,0.13186813186813187,0.2916666666666667,2.206160848213511,0.8681318681318682,L,E;I;L;S;T,differs_from_consensus,False,True,scaffold_differs_from_msa_consensus
9M31,A,VI-D,binary,796,797,N,785.0,N,797.0,,ASN,True,2738,2739,four_layer_exact,high,0.13736263736263737,0.24,2.247927730749143,0.8626373626373627,P,I;N;P;S;T,differs_from_consensus,False,True,scaffold_differs_from_msa_consensus
9M31,A,VI-D,binary,798,799,K,787.0,K,799.0,,LYS,True,2740,2741,four_layer_exact,high,0.07142857142857142,0.38461538461538464,1.7326587201992076,0.9285714285714286,E,A;D;E;G;K;M;V,differs_from_consensus,False,True,scaffold_differs_from_msa_consensus
9M31,A,VI-D,binary,799,800,L,788.0,L,800.0,,LEU,True,2741,2742,four_layer_exact,high,0.12087912087912088,0.18181818181818182,2.059044366009098,0.8791208791208791,D,D;E;K;L;Q;Y,differs_from_consensus,False,True,scaffold_differs_from_msa_consensus
9M31,A,VI-D,binary,801,802,A,790.0,A,802.0,,ALA,True,2743,2744,four_layer_exact,high,0.016483516483516484,0.3333333333333333,1.0986122886681096,0.9835164835164835,D,D;E;K,differs_from_consensus,False,True,scaffold_differs_from_msa_consensus
9M31,A,VI-D,binary,802,803,N,791.0,N,803.0,,ASN,True,2744,2745,four_layer_exact,high,0.02197802197802198,0.25,1.3862943611198906,0.978021978021978,A,A;K;N;S,differs_from_consensus,False,True,scaffold_differs_from_msa_consensus
9M31,A,VI-D,binary,804,805,I,793.0,I,805.0,,ILE,True,2746,2747,four_layer_exact,high,0.016483516483516484,0.3333333333333333,1.0986122886681096,0.9835164835164835,C,C;I;N,differs_from_consensus,False,True,scaffold_differs_from_msa_consensus
9M31,A,VI-D,binary,805,806,K,794.0,K,806.0,,LYS,True,2747,2748,four_layer_exact,high,0.02197802197802198,0.5,1.0397207708399179,0.978021978021978,N,L;M;N,differs_from_consensus,False,True,scaffold_differs_from_msa_consensus
9M31,A,VI-D,binary,806,807,Y,795.0,Y,807.0,,TYR,True,2748,2749,four_layer_exact,high,0.1978021978021978,0.2112676056338028,2.426199758509833,0.8021978021978022,K,E;F;H;I;K;L;P;V;Y,differs_from_consensus,False,True,scaffold_differs_from_msa_consensus
9M31,A,VI-D,binary,807,808,S,796.0,S,808.0,,SER,True,2749,2750,four_layer_exact,high,0.23626373626373626,0.16470588235294117,2.3228603392362914,0.7637362637362637,D,A;D;E;N;P;S,differs_from_consensus,False,True,scaffold_differs_from_msa_consensus
9M31,A,VI-D,binary,808,809,D,797.0,D,809.0,,ASP,True,2750,2751,four_layer_exact,high,0.45604395604395603,0.23300970873786409,2.2828275399384372,0.543956043956044,K,A;D;E;K;N;R;S;T,differs_from_consensus,False,True,scaffold_differs_from_msa_consensus
9M31,A,VI-D,binary,810,811,K,799.0,K,811.0,,LYS,True,2752,2753,four_layer_exact,high,0.46703296703296704,0.32710280373831774,2.2055683713182455,0.532967032967033,E,D;E;G;N;P;Q,differs_from_consensus,False,True,scaffold_differs_from_msa_consensus
9M31,A,VI-D,binary,811,812,K,800.0,K,812.0,,LYS,True,2753,2754,four_layer_exact,high,0.47802197802197804,0.2882882882882883,1.9605735622880087,0.5219780219780219,R,K;N;Q;R;S,differs_from_consensus,False,True,scaffold_differs_from_msa_consensus
9M31,A,VI-D,binary,812,813,A,801.0,A,813.0,,ALA,True,2754,2755,four_layer_exact,high,0.3021978021978022,0.375,2.0216792766331735,0.6978021978021978,G,A;G;I;T,differs_from_consensus,False,True,scaffold_differs_from_msa_consensus
9M31,A,VI-D,binary,814,815,E,803.0,E,815.0,,GLU,True,2756,2757,four_layer_exact,high,0.25824175824175827,0.3125,1.977006172908861,0.7417582417582418,I,A;E;I;K;L;R;T;V;Y,differs_from_consensus,False,True,scaffold_differs_from_msa_consensus
9M31,A,VI-D,binary,815,816,F,804.0,F,816.0,,PHE,True,2757,2758,four_layer_exact,high,0.25824175824175827,0.25,2.0467385326945515,0.7417582417582418,K,A;E;F;K;L;M;P;Q;V,differs_from_consensus,False,True,scaffold_differs_from_msa_consensus
9M31,A,VI-D,binary,816,817,T,805.0,T,817.0,,THR,True,2758,2759,four_layer_exact,high,0.25824175824175827,0.3125,1.8364223867541591,0.7417582417582418,E,A;D;E;G;K;N;T;Y,differs_from_consensus,False,True,scaffold_differs_from_msa_consensus
9M31,A,VI-D,binary,817,818,R,806.0,R,818.0,,ARG,True,2759,2760,four_layer_exact,high,0.25824175824175827,0.375,1.6674619334292948,0.7417582417582418,D,D;E;K;R;S;T;V,differs_from_consensus,False,True,scaffold_differs_from_msa_consensus
9M31,A,VI-D,binary,818,819,Q,807.0,Q,819.0,,GLN,True,2763,2764,four_layer_exact,high,0.06593406593406594,0.3333333333333333,1.5171063970610277,0.9340659340659341,N,E;I;N;Q;R,differs_from_consensus,False,True,scaffold_differs_from_msa_consensus
9M31,A,VI-D,binary,819,820,I,808.0,I,820.0,,ILE,True,2764,2765,four_layer_exact,high,0.3021978021978022,0.2916666666666667,2.278081366326456,0.6978021978021978,C,C;I;L;T,differs_from_consensus,False,True,scaffold_differs_from_msa_consensus
9M31,A,VI-D,binary,820,821,N,809.0,N,821.0,,ASN,True,2765,2766,four_layer_exact,high,0.31868131868131866,0.2962962962962963,2.0542170065194,0.6813186813186813,D,A;D;E;G;N;P;V,differs_from_consensus,False,True,scaffold_differs_from_msa_consensus
9M31,A,VI-D,binary,821,822,R,810.0,R,822.0,,ARG,True,2766,2767,four_layer_exact,high,0.42857142857142855,0.2765957446808511,2.382890784089819,0.5714285714285714,K,K;N;P;Q;R;S,differs_from_consensus,False,True,scaffold_differs_from_msa_consensus
9M31,A,VI-D,binary,826,827,T,815.0,T,827.0,,THR,True,2771,2772,four_layer_exact,high,0.4835164835164835,0.2807017543859649,2.107607824357211,0.5164835164835164,E,A;E;K;N;Q;S;T,differs_from_consensus,False,True,scaffold_differs_from_msa_consensus
9M31,A,VI-D,binary,828,829,L,817.0,L,829.0,,LEU,True,2773,2774,four_layer_exact,high,0.6318681318681318,0.147239263803681,2.588783200271536,0.36813186813186816,K,K;L;N;R;T,differs_from_consensus,False,True,scaffold_differs_from_msa_consensus
9M31,A,VI-D,binary,830,831,A,819.0,A,831.0,,ALA,True,2775,2776,four_layer_exact,high,0.6373626373626373,0.21818181818181817,2.301561125909051,0.3626373626373627,R,A;E;G;K;R,differs_from_consensus,False,True,scaffold_differs_from_msa_consensus
9M31,A,VI-D,binary,833,834,R,822.0,R,834.0,,ARG,True,2778,2779,four_layer_exact,high,0.6593406593406593,0.3930635838150289,1.8599215232801662,0.34065934065934067,K,A;D;K;R,differs_from_consensus,False,True,scaffold_differs_from_msa_consensus
9M31,A,VI-D,binary,834,835,N,823.0,N,835.0,,ASN,True,2779,2780,four_layer_exact,high,0.35714285714285715,0.28,1.9908268862094667,0.6428571428571428,K,E;K;N;R;S,differs_from_consensus,False,True,scaffold_differs_from_msa_consensus
9M31,A,VI-D,binary,835,836,T,824.0,T,836.0,,THR,True,2792,2793,four_layer_exact,high,0.9835164835164835,0.40599769319492507,2.0801532475047324,0.016483516483516536,K,K;M;R;T,differs_from_consensus,True,True,scaffold_differs_from_msa_consensus
9M31,A,VI-D,binary,836,837,K,825.0,K,837.0,,LYS,True,2793,2794,four_layer_exact,high,0.9835164835164835,0.35986159169550175,1.445138951463459,0.016483516483516536,H,H;K;R;S,differs_from_consensus,True,True,scaffold_differs_from_msa_consensus
9M31,A,VI-D,binary,837,838,W,826.0,W,838.0,,TRP,True,2794,2795,four_layer_exact,high,0.9835164835164835,0.17993079584775087,2.322548022835267,0.016483516483516536,F,A;F;L;V;W;Y,differs_from_consensus,True,True,scaffold_differs_from_msa_consensus
9M31,A,VI-D,binary,838,839,N,827.0,N,839.0,,ASN,True,2795,2796,four_layer_exact,high,0.9835164835164835,0.1453287197231834,2.612648747591606,0.016483516483516536,S,A;C;G;K;N;R;S;T;Y,differs_from_consensus,True,True,scaffold_differs_from_msa_consensus
9M31,A,VI-D,binary,839,840,V,828.0,V,840.0,,VAL,True,2796,2797,four_layer_exact,high,0.978021978021978,0.1672473867595819,2.5902126977516384,0.02197802197802201,E,D;E;G;K;Q;R;S,differs_from_consensus,True,True,scaffold_differs_from_msa_consensus
9M31,A,VI-D,binary,840,841,I,829.0,I,841.0,,ILE,True,2820,2821,four_layer_exact,high,0.967032967032967,0.47703180212014135,1.7914208502171265,0.03296703296703296,Y,C;I;L;Y,differs_from_consensus,True,True,scaffold_differs_from_msa_consensus
9M31,A,VI-D,binary,841,842,I,830.0,I,842.0,,ILE,True,2821,2822,four_layer_exact,high,0.9615384615384616,0.3914590747330961,1.5504590116416832,0.038461538461538436,L,F;I;L;M;V,differs_from_consensus,True,True,scaffold_differs_from_msa_consensus
9M31,A,VI-D,binary,842,843,R,831.0,R,843.0,,ARG,True,2822,2823,four_layer_exact,high,0.9560439560439561,0.27956989247311825,2.5010599389054975,0.04395604395604391,K,A;E;K;R;S;T;V,differs_from_consensus,True,True,scaffold_differs_from_msa_consensus
9M31,A,VI-D,binary,843,844,E,832.0,E,844.0,,GLU,True,2824,2825,four_layer_exact,high,0.9505494505494505,0.22021660649819494,2.3007268366601537,0.0494505494505495,K,D;E;H;K;N;Q;S;T,differs_from_consensus,True,True,scaffold_differs_from_msa_consensus
9M31,A,VI-D,binary,844,845,D,833.0,D,845.0,,ASP,True,2860,2861,four_layer_exact,high,0.978021978021978,0.6794425087108014,1.0070103004882645,0.02197802197802201,N,D;N,differs_from_consensus,True,True,scaffold_differs_from_msa_consensus
9M31,A,VI-D,binary,846,847,L,835.0,L,847.0,,LEU,True,2886,2887,four_layer_exact,high,0.967032967032967,0.23674911660777384,2.1489935970760325,0.03296703296703296,E,A;D;E;K;N;S,differs_from_consensus,True,True,scaffold_differs_from_msa_consensus
9M31,A,VI-D,binary,847,848,R,836.0,R,848.0,,ARG,True,2887,2888,four_layer_exact,high,0.967032967032967,0.4169611307420495,2.0048846984549202,0.03296703296703296,N,E;H;N;S,differs_from_consensus,True,True,scaffold_differs_from_msa_consensus
9M31,A,VI-D,binary,848,849,I,837.0,I,849.0,,ILE,True,2901,2902,four_layer_exact,high,0.945054945054945,0.2909090909090909,2.1035600283597664,0.05494505494505497,A,A;I;L;S;V;Y,differs_from_consensus,True,True,scaffold_differs_from_msa_consensus
9M31,A,VI-D,binary,850,851,N,839.0,N,851.0,,ASN,True,2903,2904,four_layer_exact,high,0.9340659340659341,0.18450184501845018,2.3924975417138663,0.06593406593406592,K,D;E;K;N;Q;S,differs_from_consensus,True,True,scaffold_differs_from_msa_consensus
9M31,A,VI-D,binary,851,852,K,840.0,K,852.0,,LYS,True,2904,2905,four_layer_exact,high,0.9120879120879121,0.1444866920152091,2.714515138638037,0.08791208791208793,I,A;G;I;L;N;S;T;W;Y,differs_from_consensus,True,True,scaffold_differs_from_msa_consensus
9M31,A,VI-D,binary,852,853,T,841.0,T,853.0,,THR,True,2905,2906,four_layer_exact,high,0.3626373626373626,0.16666666666666666,2.467098960328351,0.6373626373626373,S,A;D;E;G;H;K;N;Q;S,differs_from_consensus,False,True,scaffold_differs_from_msa_consensus
9M31,A,VI-D,binary,853,854,C,842.0,C,854.0,,CYS,True,2928,2929,four_layer_exact,high,0.967032967032967,0.3028169014084507,1.9963040312387688,0.03296703296703296,I,F;I;L;V;Y,differs_from_consensus,True,True,scaffold_differs_from_msa_consensus
9M31,A,VI-D,binary,854,855,T,843.0,T,855.0,,THR,True,2940,2941,four_layer_exact,high,0.9945054945054945,0.24914675767918087,2.2916369484788452,0.005494505494505475,R,K;N;R;S;T;V,differs_from_consensus,True,True,scaffold_differs_from_msa_consensus
9M31,A,VI-D,binary,855,856,L,844.0,L,856.0,,LEU,True,2941,2942,four_layer_exact,high,0.9945054945054945,0.12286689419795221,2.709728539248469,0.005494505494505475,A,A;D;E;K;L;N;Q;S;T;V,differs_from_consensus,True,True,scaffold_differs_from_msa_consensus
9M31,A,VI-D,binary,856,857,F,845.0,F,857.0,,PHE,True,2942,2943,four_layer_exact,high,0.9945054945054945,0.4778156996587031,1.264865563050892,0.005494505494505475,Y,A;F;Y,differs_from_consensus,True,True,scaffold_differs_from_msa_consensus
9M31,A,VI-D,binary,857,858,R,846.0,A,858.0,,ALA,True,2943,2944,four_layer_literature_restored_substitution,high,0.9945054945054945,0.9863481228668942,0.07217776154617153,0.005494505494505475,R,R,matches_consensus,True,True,literature_confirmed_construct_substitution
9M31,A,VI-D,binary,859,860,K,848.0,K,860.0,,LYS,True,2945,2946,four_layer_exact,high,0.9945054945054945,0.19795221843003413,2.486413414557738,0.005494505494505475,N,A;C;I;K;N;Q;S;T,differs_from_consensus,True,True,scaffold_differs_from_msa_consensus
9M31,A,VI-D,binary,860,861,A,849.0,A,861.0,,ALA,True,2946,2947,four_layer_exact,high,0.9945054945054945,0.5358361774744027,1.1687021341462314,0.005494505494505475,V,A;I;T;V,differs_from_consensus,True,True,scaffold_differs_from_msa_consensus
9M31,A,VI-D,binary,861,862,V,850.0,V,862.0,,VAL,True,2947,2948,four_layer_exact,high,0.9945054945054945,0.5426621160409556,1.5575289013707645,0.005494505494505475,A,A;D;E;M,differs_from_consensus,True,True,scaffold_differs_from_msa_consensus
9M31,A,VI-D,binary,862,863,H,851.0,A,863.0,,ALA,True,2948,2949,four_layer_literature_restored_substitution,high,0.9945054945054945,0.9931740614334471,0.04084371786340105,0.005494505494505475,H,H,matches_consensus,True,True,literature_confirmed_construct_substitution
9M31,A,VI-D,binary,864,865,E,853.0,E,865.0,,GLU,True,2950,2951,four_layer_exact,high,0.9945054945054945,0.5460750853242321,1.51553409871928,0.005494505494505475,N,A;N;S;T,differs_from_consensus,True,True,scaffold_differs_from_msa_consensus
9M31,A,VI-D,binary,865,866,V,854.0,V,866.0,,VAL,True,2951,2952,four_layer_exact,high,0.9945054945054945,0.4129692832764505,1.4208257338511148,0.005494505494505475,A,A;I;V,differs_from_consensus,True,True,scaffold_differs_from_msa_consensus
9M31,A,VI-D,binary,866,867,A,855.0,A,867.0,,ALA,True,2952,2953,four_layer_exact,high,0.9945054945054945,0.4197952218430034,1.2712606531607642,0.005494505494505475,V,I;L;V,differs_from_consensus,True,True,scaffold_differs_from_msa_consensus
9M31,A,VI-D,binary,868,869,Y,857.0,Y,869.0,,TYR,True,2971,2972,four_layer_exact,high,0.9835164835164835,0.3806228373702422,2.102410568039889,0.016483516483516536,N,A;D;E;K;N;R;S,differs_from_consensus,True,True,scaffold_differs_from_msa_consensus
9M31,A,VI-D,binary,869,870,V,858.0,V,870.0,,VAL,True,2972,2973,four_layer_exact,high,0.978021978021978,0.3310104529616725,1.93143586602138,0.02197802197802201,A,A;C;F;I;L;M;V,differs_from_consensus,True,True,scaffold_differs_from_msa_consensus
9M31,A,VI-D,binary,870,871,H,859.0,H,871.0,,HIS,True,2973,2974,four_layer_exact,high,0.978021978021978,0.2578397212543554,2.3552684538297886,0.02197802197802201,D,A;D;G;H;N;P;S,differs_from_consensus,True,True,scaffold_differs_from_msa_consensus
9M31,A,VI-D,binary,871,872,A,860.0,A,872.0,,ALA,True,2974,2975,four_layer_exact,high,0.9835164835164835,0.3206459054209919,2.181501697909065,0.016483516483516536,K,D;E;K;L;N;R,differs_from_consensus,True,True,scaffold_differs_from_msa_consensus
9M31,A,VI-D,binary,874,875,N,863.0,N,875.0,,ASN,True,2984,2985,four_layer_exact,high,0.9835164835164835,0.2745098039215686,2.1201385496305694,0.016483516483516536,G,A;D;E;G;K;N;S,differs_from_consensus,True,True,scaffold_differs_from_msa_consensus
9M31,A,VI-D,binary,877,878,A,866.0,A,878.0,,ALA,True,2993,2994,four_layer_exact,high,0.9505494505494505,0.30324909747292417,2.110489159128578,0.0494505494505495,K,A;E;G;K;R;S;T,differs_from_consensus,True,True,scaffold_differs_from_msa_consensus
9M31,A,VI-D,binary,879,880,V,868.0,V,880.0,,VAL,True,3007,3008,four_layer_exact,high,0.989010989010989,0.3539518900343643,1.6060298236467747,0.01098901098901095,I,F;I;M;V,differs_from_consensus,True,True,scaffold_differs_from_msa_consensus
9M31,A,VI-D,binary,880,881,N,869.0,N,881.0,,ASN,True,3008,3009,four_layer_exact,high,0.989010989010989,0.26231386025200454,2.1231691141312816,0.01098901098901095,D,D;E;K;N;S;T,differs_from_consensus,True,True,scaffold_differs_from_msa_consensus
9M31,A,VI-D,binary,884,885,Q,873.0,Q,885.0,,GLN,True,3046,3047,four_layer_exact,high,0.9945054945054945,0.3412969283276451,1.7842046366484416,0.005494505494505475,E,A;D;E;G;Q;S,differs_from_consensus,True,True,scaffold_differs_from_msa_consensus
9M31,A,VI-D,binary,893,894,I,882.0,I,894.0,,ILE,True,3080,3081,four_layer_exact,high,0.9615384615384616,0.10676156583629894,2.7734581905670805,0.038461538461538436,H,A;H;I;L;M;Q;S;Y,differs_from_consensus,True,True,scaffold_differs_from_msa_consensus
9M31,A,VI-D,binary,894,895,I,883.0,I,895.0,,ILE,True,3081,3082,four_layer_exact,high,0.989010989010989,0.5773195876288659,1.2142087209349026,0.01098901098901095,L,I;L;M;V,differs_from_consensus,True,True,scaffold_differs_from_msa_consensus
9M31,A,VI-D,binary,895,896,M,884.0,M,896.0,,MET,True,3091,3092,four_layer_exact,high,0.8131868131868132,0.17467248908296942,2.4703232462616773,0.18681318681318682,L,A;F;I;L;M;Q;V;Y,differs_from_consensus,True,True,scaffold_differs_from_msa_consensus
9M31,A,VI-D,binary,896,897,N,885.0,N,897.0,,ASN,True,3092,3093,four_layer_exact,high,0.7967032967032966,0.26905829596412556,2.1311032502971,0.20329670329670335,D,D;E;G;K;N;S,differs_from_consensus,False,True,scaffold_differs_from_msa_consensus
9M31,A,VI-D,binary,897,898,E,886.0,E,898.0,,GLU,True,3093,3094,four_layer_exact,high,0.7307692307692307,0.25125628140703515,2.329051546329626,0.2692307692307693,K,E;K;N;Q;R;S,differs_from_consensus,False,True,scaffold_differs_from_msa_consensus
9M31,A,VI-D,binary,898,899,R,887.0,R,899.0,,ARG,True,3094,3095,four_layer_exact,high,0.6538461538461539,0.1871345029239766,2.4048458984399383,0.34615384615384615,F,F;I;L;V;Y,differs_from_consensus,False,True,scaffold_differs_from_msa_consensus
9M31,A,VI-D,binary,899,900,Y,888.0,Y,900.0,,TYR,True,3110,3111,four_layer_exact,high,0.5604395604395604,0.2028985507246377,2.321079322969002,0.43956043956043955,K,A;K;N;S;T,differs_from_consensus,False,True,scaffold_differs_from_msa_consensus
9M31,A,VI-D,binary,900,901,E,889.0,E,901.0,,GLU,True,3111,3112,four_layer_exact,high,0.6483516483516484,0.40784313725490196,1.7946383577714922,0.3516483516483516,D,D;E;N;S,differs_from_consensus,False,True,scaffold_differs_from_msa_consensus
9M31,A,VI-D,binary,903,904,S,892.0,S,904.0,,SER,True,3114,3115,four_layer_exact,high,0.6428571428571429,0.27311522048364156,2.4580433833576945,0.3571428571428571,K,E;K;N;S;Y,differs_from_consensus,False,True,scaffold_differs_from_msa_consensus
9M31,A,VI-D,binary,904,905,G,893.0,G,905.0,,GLY,True,3115,3116,four_layer_exact,high,0.6208791208791209,0.16302765647743814,2.3466557434847095,0.3791208791208791,D,D;E;G;K;N;P;S,differs_from_consensus,False,True,scaffold_differs_from_msa_consensus
9M31,A,VI-D,binary,905,906,K,894.0,K,906.0,,LYS,True,3116,3117,four_layer_exact,high,0.6373626373626373,0.11764705882352941,2.7959902884656938,0.3626373626373627,E,A;D;E;G;K;L;S;T,differs_from_consensus,False,True,scaffold_differs_from_msa_consensus
9M31,A,VI-D,binary,906,907,V,895.0,V,907.0,,VAL,True,3165,3166,four_layer_exact,high,0.5989010989010989,0.19589257503949445,2.473618564339416,0.4010989010989011,E,A;D;E;G;K;N;P;S,differs_from_consensus,False,True,scaffold_differs_from_msa_consensus
9M31,A,VI-D,binary,907,908,S,896.0,S,908.0,,SER,True,3166,3167,four_layer_exact,high,0.6593406593406593,0.296137339055794,2.3562313700238593,0.34065934065934067,K,A;F;I;K;L;R;V,differs_from_consensus,False,True,scaffold_differs_from_msa_consensus
9M31,A,VI-D,binary,911,912,D,900.0,D,912.0,,ASP,True,3185,3186,four_layer_exact,high,0.9725274725274725,0.22807017543859648,2.121004101676971,0.027472527472527486,E,A;D;E;K;N;S,differs_from_consensus,True,True,scaffold_differs_from_msa_consensus
9M31,A,VI-D,binary,912,913,A,901.0,A,913.0,,ALA,True,3186,3187,four_layer_exact,high,0.9725274725274725,0.17543859649122806,2.509953448043905,0.027472527472527486,K,A;D;E;K;L;N;Q;S,differs_from_consensus,True,True,scaffold_differs_from_msa_consensus
9M31,A,VI-D,binary,913,914,V,902.0,V,914.0,,VAL,True,3192,3193,four_layer_exact,high,0.967032967032967,0.45229681978798586,1.411107694756027,0.03296703296703296,L,I;L;V,differs_from_consensus,True,True,scaffold_differs_from_msa_consensus
9M31,A,VI-D,binary,914,915,N,903.0,N,915.0,,ASN,True,3193,3194,four_layer_exact,high,0.9615384615384616,0.1708185053380783,2.4935338041618795,0.038461538461538436,E,D;E;K;L;N;R;S,differs_from_consensus,True,True,scaffold_differs_from_msa_consensus
9M31,A,VI-D,binary,915,916,D,904.0,D,916.0,,ASP,True,3205,3206,four_layer_exact,high,0.9340659340659341,0.45343137254901966,1.743901500804819,0.06593406593406592,K,E;K;N;Q;R;S;T,differs_from_consensus,True,True,scaffold_differs_from_msa_consensus
9M31,A,VI-D,binary,916,917,E,905.0,E,917.0,,GLU,True,3206,3207,four_layer_exact,high,0.9120879120879121,0.49242424242424243,1.7660496347280825,0.08791208791208793,Y,F;H;N;Y,differs_from_consensus,True,True,scaffold_differs_from_msa_consensus
9M31,A,VI-D,binary,917,918,K,906.0,K,918.0,,LYS,True,3213,3214,four_layer_exact,high,0.978021978021978,0.34843205574912894,1.8051593138252697,0.02197802197802201,G,G;H;K;N;R,differs_from_consensus,True,True,scaffold_differs_from_msa_consensus
9M31,A,VI-D,binary,918,919,K,907.0,K,919.0,,LYS,True,3214,3215,four_layer_exact,high,0.978021978021978,0.5470383275261324,1.7377392265940013,0.02197802197802201,T,S;T,differs_from_consensus,True,True,scaffold_differs_from_msa_consensus
9M31,A,VI-D,binary,920,921,N,909.0,N,921.0,,ASN,True,3216,3217,four_layer_exact,high,0.989010989010989,0.36082474226804123,1.6287875860541623,0.01098901098901095,S,C;D;N;S;V,differs_from_consensus,True,True,scaffold_differs_from_msa_consensus
9M31,A,VI-D,binary,921,922,D,910.0,D,922.0,,ASP,True,3217,3218,four_layer_exact,high,0.989010989010989,0.7250859106529209,1.1454749984188979,0.01098901098901095,K,K;R,differs_from_consensus,True,True,scaffold_differs_from_msa_consensus
9M31,A,VI-D,binary,922,923,R,911.0,R,923.0,,ARG,True,3218,3219,four_layer_exact,high,0.9945054945054945,0.7337883959044369,1.124333275233936,0.005494505494505475,D,D;N,differs_from_consensus,True,True,scaffold_differs_from_msa_consensus
9M31,A,VI-D,binary,923,924,L,912.0,L,924.0,,LEU,True,3219,3220,four_layer_exact,high,0.9945054945054945,0.41638225255972694,1.4008498795579936,0.005494505494505475,F,A;F;L;M,differs_from_consensus,True,True,scaffold_differs_from_msa_consensus
9M31,A,VI-D,binary,924,925,L,913.0,L,925.0,,LEU,True,3220,3221,four_layer_exact,high,0.9945054945054945,0.46075085324232085,1.434370393272457,0.005494505494505475,V,I;L;M;V,differs_from_consensus,True,True,scaffold_differs_from_msa_consensus
9M31,A,VI-D,binary,926,927,L,915.0,L,927.0,,LEU,True,3222,3223,four_layer_exact,high,0.9945054945054945,0.49146757679180886,1.6026506977934307,0.005494505494505475,A,A;I;L;V,differs_from_consensus,True,True,scaffold_differs_from_msa_consensus
9M31,A,VI-D,binary,928,929,C,917.0,C,929.0,,CYS,True,3224,3225,four_layer_exact,high,0.9945054945054945,0.5938566552901023,1.162126883169962,0.005494505494505475,N,C;F;N;Y,differs_from_consensus,True,True,scaffold_differs_from_msa_consensus
9M31,A,VI-D,binary,932,933,G,921.0,G,933.0,,GLY,True,3271,3272,four_layer_exact,high,0.9945054945054945,0.5426621160409556,0.8563680260277136,0.005494505494505475,A,A;G,differs_from_consensus,True,True,scaffold_differs_from_msa_consensus
9M31,A,VI-D,binary,934,935,C,923.0,C,935.0,,CYS,True,3273,3274,four_layer_exact,high,0.9945054945054945,0.8703071672354948,0.5843109063318744,0.005494505494505475,N,C;N,differs_from_consensus,True,True,scaffold_differs_from_msa_consensus
9M31,A,VI-D,binary,935,936,I,924.0,I,936.0,,ILE,True,3274,3275,four_layer_exact,high,0.9945054945054945,0.6484641638225256,1.366584549574924,0.005494505494505475,L,I;L;V,differs_from_consensus,True,True,scaffold_differs_from_msa_consensus
9M31,A,VI-D,binary,938,939,F,927.0,F,939.0,,PHE,True,3282,3283,four_layer_exact,high,0.9945054945054945,0.7337883959044369,0.6111992156029766,0.005494505494505475,Y,F;Y,differs_from_consensus,True,True,scaffold_differs_from_msa_consensus
9M31,A,VI-D,binary,945,946,A,934.0,A,946.0,,ALA,True,3293,3294,four_layer_exact,high,0.9945054945054945,0.21160409556313994,2.1916698208890306,0.005494505494505475,E,A;D;E;G;K;Q,differs_from_consensus,True,True,scaffold_differs_from_msa_consensus
9M31,A,VI-D,binary,952,953,A,941.0,A,953.0,,ALA,True,3411,3412,four_layer_exact,high,0.7912087912087912,0.4106735159817352,2.0263891856972456,0.20879120879120883,P,A;E;K;P;T,differs_from_consensus,False,True,scaffold_differs_from_msa_consensus
9M31,A,VI-D,binary,953,954,A,942.0,A,954.0,,ALA,True,3412,3413,four_layer_exact,high,0.7967032967032966,0.2986425339366516,2.2257389782312202,0.20329670329670335,E,D;E;G;K;R,differs_from_consensus,False,True,scaffold_differs_from_msa_consensus
9M31,A,VI-D,binary,955,956,F,944.0,F,956.0,,PHE,True,3414,3415,four_layer_exact,high,0.7582417582417582,0.3561208267090619,2.2090170498338395,0.2417582417582418,K,A;D;E;G;K;N;S,differs_from_consensus,False,True,scaffold_differs_from_msa_consensus
9M31,A,VI-D,binary,956,957,D,,,,,,False,3423,3424,full_msa_only_unresolved_coordinate,medium,0.7417582417582418,0.309328968903437,2.1549634450683137,0.2582417582417582,E,D;E;G;K;R,differs_from_consensus,False,True,unresolved_terminal;scaffold_differs_from_msa_consensus
9M31,A,VI-D,binary,957,958,K,,,,,,False,3424,3425,full_msa_only_unresolved_coordinate,medium,0.7252747252747253,0.43288590604026844,1.9501339966491873,0.27472527472527475,K,A;D;E;G;K;N;R;S,matches_consensus,False,True,unresolved_terminal
9M31,A,VI-D,binary,958,959,E,,,,,,False,3425,3426,full_msa_only_unresolved_coordinate,medium,0.6978021978021978,0.16961130742049468,2.485611810474002,0.30219780219780223,K,A;D;E;G;I;K;N;T,differs_from_consensus,False,True,unresolved_terminal;scaffold_differs_from_msa_consensus
9M31,A,VI-D,binary,959,960,K,,,,,,False,3426,3427,full_msa_only_unresolved_coordinate,medium,0.6043956043956044,0.24694148936170215,2.33853640986709,0.39560439560439564,E,D;E;G;K;Q;S;T,differs_from_consensus,False,True,unresolved_terminal;scaffold_differs_from_msa_consensus
9M31,A,VI-D,binary,960,961,K,,,,,,False,3427,3428,full_msa_only_unresolved_coordinate,medium,0.5879120879120879,0.11946902654867257,2.6192127815445048,0.41208791208791207,K,A;E;I;K;L;N;S;T;V,matches_consensus,False,True,unresolved_terminal
9M31,A,VI-D,binary,961,962,K,,,,,,False,3428,3429,full_msa_only_unresolved_coordinate,medium,0.5439560439560439,0.32673267326732675,2.061272798513255,0.4560439560439561,K,A;D;E;K;N;R,matches_consensus,False,True,unresolved_terminal
9M31,A,VI-D,binary,962,963,V,,,,,,False,3429,3430,full_msa_only_unresolved_coordinate,medium,0.2802197802197802,0.13907284768211922,2.5243953087267244,0.7197802197802198,K,A;D;E;G;K;N;Q;R;S,differs_from_consensus,False,True,unresolved_terminal;scaffold_differs_from_msa_consensus
9M31,A,VI-D,binary,963,964,S,,,,,,False,3430,3431,full_msa_only_unresolved_coordinate,medium,0.19230769230769232,0.1747572815533981,2.511418547642499,0.8076923076923077,K,A;D;E;K;L;Q;R;S;V,differs_from_consensus,False,True,unresolved_terminal;scaffold_differs_from_msa_consensus
9M31,A,VI-D,binary,964,965,G,,,,,,False,3431,3432,full_msa_only_unresolved_coordinate,medium,0.15934065934065933,0.24705882352941178,2.409394389349198,0.8406593406593407,E,A;D;E;G;I;K;S,differs_from_consensus,False,True,unresolved_terminal;scaffold_differs_from_msa_consensus
9M31,A,VI-D,binary,965,966,N,,,,,,False,3432,3433,full_msa_only_unresolved_coordinate,medium,0.14835164835164835,0.189873417721519,2.20406752884953,0.8516483516483516,D,D;E;G;N;P;S;V,differs_from_consensus,False,True,unresolved_terminal;scaffold_differs_from_msa_consensus
9M31,A,VI-D,binary,966,967,S,,,,,,False,3433,3434,full_msa_only_unresolved_coordinate,medium,0.13186813186813187,0.18571428571428572,2.4022622882213645,0.8681318681318682,D,D;E;N;R;S;T,differs_from_consensus,False,True,unresolved_terminal;scaffold_differs_from_msa_consensus
