pdb_id,chain_id,subtype,state,full_scaffold_index_0,biological_index_1,full_scaffold_amino_acid,coordinate_index_0,coordinate_amino_acid,pdb_residue_number,pdb_insertion_code,pdb_residue_name,backbone_complete,msa_column_0,msa_column_1,mapping_status,mapping_confidence,msa_coverage,conservation,entropy,gap_fraction,msa_consensus,allowed_residues,scaffold_consensus_status,conservation_constraint_eligible,manual_review_required,decision_reasons,relative_sasa,structural_burial,RNA_contact,RNA_second_shell,crrna_interface,target_rna_interface,minimum_rna_distance,coordinate_available,protein_core,domain,domain_interface,domain_interface_status,HEPN_annotation,mapping_gate_passed,chain_break_adjacent
9M31,A,VI-D,binary,0,1,M,,,,,,False,43,44,full_msa_only_unresolved_coordinate,medium,0.9065934065934066,0.9545920378399684,0.2411828238299522,0.0934065934065934,M,M,matches_consensus,False,True,unresolved_terminal,,,,,,,,False,False,unassigned_manual_review,,not_annotated_no_domain_boundaries,,False,False
9M31,A,VI-D,binary,1,2,I,,,,,,False,44,45,full_msa_only_unresolved_coordinate,medium,0.9065934065934066,0.257311785573512,2.090300057390328,0.0934065934065934,K,A;E;G;K;N;S;T,differs_from_consensus,False,True,unresolved_terminal;scaffold_differs_from_msa_consensus,,,,,,,,False,False,unassigned_manual_review,,not_annotated_no_domain_boundaries,,False,False
9M31,A,VI-D,binary,2,3,E,,,,,,False,46,47,full_msa_only_unresolved_coordinate,medium,0.8571428571428571,0.6467303950596396,1.3013013479555542,0.1428571428571429,K,E;K;N,differs_from_consensus,False,True,unresolved_terminal;scaffold_differs_from_msa_consensus,,,,,,,,False,False,unassigned_manual_review,,not_annotated_no_domain_boundaries,,False,False
9M31,A,VI-D,binary,3,4,K,,,,,,False,48,49,full_msa_only_unresolved_coordinate,medium,0.8461538461538461,0.6326425316020294,1.3574115577290655,0.1538461538461538,K,K;N,matches_consensus,False,True,unresolved_terminal,,,,,,,,False,False,unassigned_manual_review,,not_annotated_no_domain_boundaries,,False,False
9M31,A,VI-D,binary,4,5,K,0.0,K,5.0,,LYS,True,215,216,four_layer_exact,high,0.8681318681318682,0.5127778240239741,1.9045604964317489,0.1318681318681318,K,K;R,matches_consensus,True,False,,1.0,surface,False,True,False,False,6.146491781521351,True,False,unassigned_manual_review,,not_annotated_no_domain_boundaries,,True,False
9M31,A,VI-D,binary,5,6,K,1.0,K,6.0,,LYS,True,216,217,four_layer_exact,high,0.8901098901098901,0.95353714608373,0.2497454434196022,0.1098901098901099,K,K,matches_consensus,True,False,,0.12571610151937362,buried_core,True,False,True,False,3.37055367380671,True,True,unassigned_manual_review,,not_annotated_no_domain_boundaries,,True,False
9M31,A,VI-D,binary,6,7,S,2.0,S,7.0,,SER,True,248,249,four_layer_exact,high,0.945054945054945,0.7125102942277457,0.9071193515018484,0.0549450549450549,S,S;T,matches_consensus,True,False,,0.15817841991133744,buried_core,True,False,True,False,3.1598695778520955,True,True,unassigned_manual_review,,not_annotated_no_domain_boundaries,,True,False
9M31,A,VI-D,binary,7,8,F,3.0,F,8.0,,PHE,True,249,250,four_layer_exact,high,0.9505494505494504,0.2069426893629673,2.509394981641873,0.0494505494505495,K,A;K;L;N;R;S;T,differs_from_consensus,True,True,scaffold_differs_from_msa_consensus,0.1559853112384892,buried_core,True,False,True,False,3.0906833142989383,True,True,unassigned_manual_review,,not_annotated_no_domain_boundaries,,True,False
9M31,A,VI-D,binary,8,9,A,4.0,A,9.0,,ALA,True,250,251,four_layer_exact,high,0.956043956043956,0.6693482913868182,1.2504246457891033,0.0439560439560439,A,A;S;V,matches_consensus,True,False,,0.018722918078138237,buried_core,True,False,True,False,2.804811440969553,True,True,unassigned_manual_review,,not_annotated_no_domain_boundaries,,True,False
9M31,A,VI-D,binary,9,10,K,5.0,K,10.0,,LYS,True,251,252,four_layer_exact,high,0.956043956043956,0.9929146062440032,0.0421309468454774,0.0439560439560439,K,K,matches_consensus,True,False,,0.009173929774480201,buried_core,True,False,True,False,3.2340131598778443,True,True,unassigned_manual_review,,not_annotated_no_domain_boundaries,,True,False
9M31,A,VI-D,binary,10,11,G,6.0,G,11.0,,GLY,True,252,253,four_layer_exact,high,0.9615384615384616,0.6552583363869549,1.3528717150717957,0.0384615384615384,A,A;R,differs_from_consensus,True,True,scaffold_differs_from_msa_consensus,0.051512453079938486,buried_core,False,True,False,False,5.718121741246686,True,True,unassigned_manual_review,,not_annotated_no_domain_boundaries,,True,False
9M31,A,VI-D,binary,11,12,M,7.0,M,12.0,,MET,True,253,254,four_layer_exact,high,0.967032967032967,0.4271159304271887,1.7182799322688695,0.0329670329670329,A,A;I;L;M;S;V,differs_from_consensus,True,True,scaffold_differs_from_msa_consensus,0.0425216809658131,buried_core,False,True,False,False,6.675707687662633,True,True,unassigned_manual_review,,not_annotated_no_domain_boundaries,,True,False
9M31,A,VI-D,binary,12,13,G,8.0,G,13.0,,GLY,True,254,255,four_layer_exact,high,0.967032967032967,0.9860272178152972,0.0832326775644997,0.0329670329670329,G,G,matches_consensus,True,False,,0.12772990746576038,buried_core,False,True,False,False,7.96664048550431,True,True,unassigned_manual_review,,not_annotated_no_domain_boundaries,,True,False
9M31,A,VI-D,binary,13,14,V,9.0,V,14.0,,VAL,True,255,256,four_layer_exact,high,0.967032967032967,0.5763772651189869,1.08187629296816,0.0329670329670329,L,I;L;V,differs_from_consensus,True,True,scaffold_differs_from_msa_consensus,0.03470196023103208,buried_core,False,True,False,False,5.205777417645382,True,True,unassigned_manual_review,,not_annotated_no_domain_boundaries,,True,False
9M31,A,VI-D,binary,14,15,K,10.0,K,15.0,,LYS,True,256,257,four_layer_exact,high,0.967032967032967,0.979040826722946,0.1247749378664701,0.0329670329670329,K,K,matches_consensus,True,False,,0.028675765526637184,buried_core,True,False,True,False,3.3985605366265204,True,True,unassigned_manual_review,,not_annotated_no_domain_boundaries,,True,False
9M31,A,VI-D,binary,15,16,S,11.0,S,16.0,,SER,True,257,258,four_layer_exact,high,0.967032967032967,0.9091769157994324,0.4581478074836201,0.0329670329670329,S,S,matches_consensus,True,False,,0.07439745414509923,buried_core,True,False,True,False,3.1524540656314697,True,True,unassigned_manual_review,,not_annotated_no_domain_boundaries,,True,False
9M31,A,VI-D,binary,16,17,T,12.0,T,17.0,,THR,True,258,259,four_layer_exact,high,0.967032967032967,0.3947310967178516,1.6992246664650792,0.0329670329670329,T,A;I;T;V,matches_consensus,True,False,,0.18152896791561082,buried_core,True,False,True,False,4.847461563055978,True,True,unassigned_manual_review,,not_annotated_no_domain_boundaries,,True,False
9M31,A,VI-D,binary,17,18,L,13.0,L,18.0,,LEU,True,259,260,four_layer_exact,high,0.967032967032967,0.5062950294738373,1.2498110704586254,0.0329670329670329,F,F;I;L,differs_from_consensus,True,True,scaffold_differs_from_msa_consensus,0.024032402309252066,buried_core,False,True,False,False,6.983417698033834,True,True,unassigned_manual_review,,not_annotated_no_domain_boundaries,,True,False
9M31,A,VI-D,binary,18,19,V,14.0,V,19.0,,VAL,True,260,261,four_layer_exact,high,0.9725274725274724,0.3272385632723856,2.1121187202881275,0.0274725274725274,V,A;I;S;V,matches_consensus,True,False,,0.0069403920462064155,buried_core,False,True,False,False,7.828826733677517,True,True,unassigned_manual_review,,not_annotated_no_domain_boundaries,,True,False
9M31,A,VI-D,binary,19,20,S,15.0,S,20.0,,SER,True,261,262,four_layer_exact,high,0.9725274725274724,0.2009828720098287,2.366567536764244,0.0274725274725274,V,F;H;I;L;V;Y,differs_from_consensus,True,True,scaffold_differs_from_msa_consensus,0.11060222183873243,buried_core,False,False,False,False,10.635993963744733,True,True,unassigned_manual_review,,not_annotated_no_domain_boundaries,,True,False
9M31,A,VI-D,binary,20,21,G,16.0,G,21.0,,GLY,True,262,263,four_layer_exact,high,0.9725274725274724,0.3304184433041844,1.801106335966163,0.0274725274725274,G,D;G;N;S,matches_consensus,True,False,,0.5061893579706287,surface,False,False,False,False,12.60858094853749,True,False,unassigned_manual_review,,not_annotated_no_domain_boundaries,,True,False
9M31,A,VI-D,binary,21,22,S,17.0,S,22.0,,SER,True,267,268,four_layer_exact,high,0.9395604395604396,0.4560742025488273,1.6173802814414795,0.0604395604395604,D,D;E;G;K;N,differs_from_consensus,True,True,scaffold_differs_from_msa_consensus,0.4736124016907656,surface,False,False,False,False,14.486336141199697,True,False,unassigned_manual_review,,not_annotated_no_domain_boundaries,,True,False
9M31,A,VI-D,binary,22,23,K,18.0,K,23.0,,LYS,True,274,275,four_layer_exact,high,0.956043956043956,0.3200236179791866,2.0036331809104624,0.0439560439560439,K,D;E;K;N;R;S;T,matches_consensus,True,False,,0.3132806843626364,surface,False,False,False,False,11.962311716912795,True,False,unassigned_manual_review,,not_annotated_no_domain_boundaries,,True,False
9M31,A,VI-D,binary,23,24,V,19.0,V,24.0,,VAL,True,280,281,four_layer_exact,high,0.9725274725274724,0.3989304039893039,1.648984130767411,0.0274725274725274,L,I;L;V,differs_from_consensus,True,True,scaffold_differs_from_msa_consensus,0.02697898662173833,buried_core,False,False,False,False,9.890068830124333,True,True,unassigned_manual_review,,not_annotated_no_domain_boundaries,,True,False
9M31,A,VI-D,binary,24,25,Y,20.0,Y,25.0,,TYR,True,281,282,four_layer_exact,high,0.9725274725274724,0.2671099226710992,1.7819001293843486,0.0274725274725274,L,A;I;L;V;Y,differs_from_consensus,True,True,scaffold_differs_from_msa_consensus,0.09629050765524162,buried_core,False,False,False,False,9.636841144848063,True,True,unassigned_manual_review,,not_annotated_no_domain_boundaries,,True,False
9M31,A,VI-D,binary,25,26,M,21.0,M,26.0,,MET,True,282,283,four_layer_exact,high,0.967032967032967,0.4294447274579724,1.4811518958896204,0.0329670329670329,M,I;L;M;V,matches_consensus,True,False,,0.0,buried_core,False,False,False,False,8.969573535883162,True,True,unassigned_manual_review,,not_annotated_no_domain_boundaries,,True,False
9M31,A,VI-D,binary,26,27,T,22.0,T,27.0,,THR,True,284,285,four_layer_exact,high,0.978021978021978,0.8621976602311059,0.6059760468456942,0.021978021978022,T,S;T,matches_consensus,True,False,,0.02729269576850273,buried_core,False,True,False,False,6.7497418104030995,True,True,unassigned_manual_review,,not_annotated_no_domain_boundaries,,True,False
9M31,A,VI-D,binary,27,28,T,23.0,T,28.0,,THR,True,292,293,four_layer_exact,high,0.978021978021978,0.7381755544391013,0.9947325851226966,0.021978021978022,S,A;S;T,differs_from_consensus,True,True,scaffold_differs_from_msa_consensus,0.024917651722388846,buried_core,False,True,False,False,7.6954723776932425,True,True,unassigned_manual_review,,not_annotated_no_domain_boundaries,,True,False
9M31,A,VI-D,binary,28,29,F,24.0,F,29.0,,PHE,True,293,294,four_layer_exact,high,0.978021978021978,0.8966482451733295,0.5286431443832109,0.021978021978022,F,F,matches_consensus,True,False,,0.08433102823737224,buried_core,True,False,True,False,3.1281629368074335,True,True,unassigned_manual_review,,not_annotated_no_domain_boundaries,,True,False
9M31,A,VI-D,binary,29,30,A,25.0,A,30.0,,ALA,True,312,313,four_layer_exact,high,0.9505494505494504,0.7930573106370326,0.922177043381254,0.0494505494505495,G,G,differs_from_consensus,True,True,scaffold_differs_from_msa_consensus,0.3387075242335414,surface,False,False,False,False,8.00175246991432,True,False,unassigned_manual_review,,not_annotated_no_domain_boundaries,,True,False
9M31,A,VI-D,binary,30,31,E,26.0,E,31.0,,GLU,True,313,314,four_layer_exact,high,0.956043956043956,0.4865303712451103,1.5400904170215637,0.0439560439560439,K,K;N;R,differs_from_consensus,True,True,scaffold_differs_from_msa_consensus,0.5325071114160619,surface,False,True,False,False,5.8108932276688705,True,False,unassigned_manual_review,,not_annotated_no_domain_boundaries,,True,False
9M31,A,VI-D,binary,31,32,G,27.0,G,32.0,,GLY,True,314,315,four_layer_exact,high,0.9615384615384616,0.7467204104067423,1.0872364902092786,0.0384615384615384,G,G;K,matches_consensus,True,False,,0.25985405724048616,surface,True,False,True,False,3.476934734083863,True,False,unassigned_manual_review,,not_annotated_no_domain_boundaries,,True,False
9M31,A,VI-D,binary,32,33,S,28.0,S,33.0,,SER,True,315,316,four_layer_exact,high,0.967032967032967,0.6646532275671349,1.440195898959805,0.0329670329670329,N,N;S,differs_from_consensus,True,True,scaffold_differs_from_msa_consensus,0.183786413169355,buried_core,True,False,True,False,4.5420304617994605,True,True,unassigned_manual_review,,not_annotated_no_domain_boundaries,,True,False
9M31,A,VI-D,binary,33,34,D,29.0,D,34.0,,ASP,True,316,317,four_layer_exact,high,0.9725274725274724,0.2356724723567247,2.099879356735846,0.0274725274725274,D,A;D;E;K;N;S;T,matches_consensus,True,False,,0.26242905195159116,surface,False,True,False,False,7.100799282116054,True,False,unassigned_manual_review,,not_annotated_no_domain_boundaries,,True,False
9M31,A,VI-D,binary,34,35,A,30.0,A,35.0,,ALA,True,317,318,four_layer_exact,high,0.9725274725274724,0.7294211172942111,1.10516738090373,0.0274725274725274,A,A;S,matches_consensus,True,False,,0.2694696471464675,surface,False,True,False,False,5.992814751464222,True,False,unassigned_manual_review,,not_annotated_no_domain_boundaries,,True,False
9M31,A,VI-D,binary,35,36,R,31.0,R,36.0,,ARG,True,318,319,four_layer_exact,high,0.9725274725274724,0.3270217532702175,2.237269038976929,0.0274725274725274,V,A;E;I;K;L;N;V,differs_from_consensus,True,True,scaffold_differs_from_msa_consensus,0.38258980344080407,surface,False,False,False,False,8.763711982444624,True,False,unassigned_manual_review,,not_annotated_no_domain_boundaries,,True,False
9M31,A,VI-D,binary,36,37,L,32.0,L,37.0,,LEU,True,319,320,four_layer_exact,high,0.978021978021978,0.3557740615804205,1.9760526724519545,0.021978021978022,L,I;L;N;P;V,matches_consensus,True,False,,0.17605128870953507,buried_core,False,False,False,False,10.83466686089941,True,True,unassigned_manual_review,,not_annotated_no_domain_boundaries,,True,False
9M31,A,VI-D,binary,37,38,E,33.0,E,38.0,,GLU,True,320,321,four_layer_exact,high,0.978021978021978,0.655494150577765,1.3890713160628303,0.021978021978022,E,A;E;I;V,matches_consensus,True,False,,0.02402374493414171,buried_core,False,False,False,False,12.142082758640381,True,True,unassigned_manual_review,,not_annotated_no_domain_boundaries,,True,False
9M31,A,VI-D,binary,38,39,K,34.0,K,39.0,,LYS,True,321,322,four_layer_exact,high,0.978021978021978,0.5133137156391301,1.8214920525862968,0.021978021978022,K,E;K;Q,matches_consensus,True,False,,0.015351206136100632,buried_core,False,False,False,False,13.19497442392029,True,True,unassigned_manual_review,,not_annotated_no_domain_boundaries,,True,False
9M31,A,VI-D,binary,39,40,I,35.0,I,40.0,,ILE,True,322,323,four_layer_exact,high,0.967032967032967,0.3421148388035804,2.1951504323846187,0.0329670329670329,K,E;I;K;R,differs_from_consensus,True,True,scaffold_differs_from_msa_consensus,0.13417082010609624,buried_core,False,False,False,False,15.613793664691055,True,True,unassigned_manual_review,,not_annotated_no_domain_boundaries,,True,False
9M31,A,VI-D,binary,40,41,V,36.0,V,41.0,,VAL,True,323,324,four_layer_exact,high,0.967032967032967,0.5551997671202968,1.5401403075624502,0.0329670329670329,I,I;V,differs_from_consensus,True,True,scaffold_differs_from_msa_consensus,0.02697898662173833,buried_core,False,False,False,False,13.745286153869394,True,True,unassigned_manual_review,,not_annotated_no_domain_boundaries,,True,False
9M31,A,VI-D,binary,41,42,E,37.0,E,42.0,,GLU,True,326,327,four_layer_exact,high,0.956043956043956,0.1553283812605721,2.5513462977121204,0.0439560439560439,T,A;D;E;I;K;S;T;V,differs_from_consensus,True,True,scaffold_differs_from_msa_consensus,0.36128777598072026,surface,False,False,False,False,17.360478383144915,True,False,unassigned_manual_review,,not_annotated_no_domain_boundaries,,True,False
9M31,A,VI-D,binary,42,43,G,38.0,G,43.0,,GLY,True,327,328,four_layer_exact,high,0.934065934065934,0.2322712480133202,2.352801991003843,0.0659340659340659,D,A;D;G;K;N;S;T,differs_from_consensus,True,True,scaffold_differs_from_msa_consensus,0.5743054907162494,surface,False,False,False,False,14.642062578273862,True,False,unassigned_manual_review,,not_annotated_no_domain_boundaries,,True,False
9M31,A,VI-D,binary,43,44,D,39.0,D,44.0,,ASP,True,328,329,four_layer_exact,high,0.934065934065934,0.1598425792779838,2.5857038994526658,0.0659340659340659,D,A;D;E;G;L;N;R;S,matches_consensus,True,False,,0.5892065160648728,surface,False,False,False,False,14.24360276951767,True,False,unassigned_manual_review,,not_annotated_no_domain_boundaries,,True,False
9M31,A,VI-D,binary,44,45,S,40.0,S,45.0,,SER,True,329,330,four_layer_exact,high,0.9285714285714286,0.1756499199512083,2.452276521386664,0.0714285714285714,E,D;E;G;K;N;S,differs_from_consensus,True,True,scaffold_differs_from_msa_consensus,0.3616760366595822,surface,False,False,False,False,17.483791626545848,True,False,unassigned_manual_review,,not_annotated_no_domain_boundaries,,True,False
9M31,A,VI-D,binary,45,46,I,41.0,I,46.0,,ILE,True,338,339,four_layer_exact,high,0.8791208791208791,0.3775501843506759,1.7146131749936964,0.1208791208791209,I,I;L;V,matches_consensus,True,False,,0.258932299112787,surface,False,False,False,False,14.445928040178105,True,False,unassigned_manual_review,,not_annotated_no_domain_boundaries,,True,False
9M31,A,VI-D,binary,46,47,R,42.0,R,47.0,,ARG,True,339,340,four_layer_exact,high,0.8791208791208791,0.2593199508398197,2.3614232965510986,0.1208791208791209,E,D;E;K;S;T,differs_from_consensus,True,True,scaffold_differs_from_msa_consensus,0.5014188257128451,surface,False,False,False,False,17.105240778191728,True,False,unassigned_manual_review,,not_annotated_no_domain_boundaries,,True,False
9M31,A,VI-D,binary,47,48,S,43.0,S,48.0,,SER,True,340,341,four_layer_exact,high,0.8736263736263736,0.1902716987364769,2.263293370502574,0.1263736263736263,D,D;E;K;N;P;S;T,differs_from_consensus,True,True,scaffold_differs_from_msa_consensus,0.3098554861069583,surface,False,False,False,False,17.893262812673385,True,False,unassigned_manual_review,,not_annotated_no_domain_boundaries,,True,False
9M31,A,VI-D,binary,48,49,V,44.0,V,49.0,,VAL,True,342,343,four_layer_exact,high,0.0604395604395604,0.3636363636363636,1.8937882323911377,0.9395604395604396,R,A;C;D;K;R;T;V;Y,differs_from_consensus,False,True,scaffold_differs_from_msa_consensus,0.4569747674217974,surface,False,False,False,False,16.403315251118485,True,False,unassigned_manual_review,,not_annotated_no_domain_boundaries,,False,False
9M31,A,VI-D,binary,49,50,N,45.0,N,50.0,,ASN,True,344,345,four_layer_exact,high,0.6538461538461539,0.4446689646974919,1.8699781879628343,0.3461538461538461,N,A;D;N;Q;S,matches_consensus,False,False,,0.26778098021158436,surface,False,False,False,False,15.278696114664402,True,False,unassigned_manual_review,,not_annotated_no_domain_boundaries,,False,False
9M31,A,VI-D,binary,50,51,E,46.0,E,51.0,,GLU,True,345,346,four_layer_exact,high,0.6153846153846154,0.1984239762304611,2.338934870193349,0.3846153846153846,E,D;E;K;N;T,matches_consensus,False,False,,0.864080830631845,surface,False,False,False,False,20.720586696418422,True,False,unassigned_manual_review,,not_annotated_no_domain_boundaries,,False,False
9M31,A,VI-D,binary,51,52,G,47.0,G,52.0,,GLY,True,346,347,four_layer_exact,high,0.6043956043956044,0.2073122267850046,2.2895738690462952,0.3956043956043956,D,A;D;E;G;K;N;P;S;T,differs_from_consensus,False,True,scaffold_differs_from_msa_consensus,0.3869129930137317,surface,False,False,False,False,18.533273593284896,True,False,unassigned_manual_review,,not_annotated_no_domain_boundaries,,False,False
9M31,A,VI-D,binary,52,53,E,48.0,E,53.0,,GLU,True,347,348,four_layer_exact,high,0.1483516483516483,0.1948051948051948,2.3613105595949357,0.8516483516483516,S,E;K;Q;R;S;V,differs_from_consensus,False,True,scaffold_differs_from_msa_consensus,0.5584044853033733,surface,False,False,False,False,15.935171746002286,True,False,unassigned_manual_review,,not_annotated_no_domain_boundaries,,False,False
9M31,A,VI-D,binary,53,54,A,49.0,A,54.0,,ALA,True,367,368,four_layer_exact,high,0.967032967032967,0.216359799141256,2.4837791654927117,0.0329670329670329,A,A;K;M;N;Q;S;T,matches_consensus,True,False,,0.2893540290760398,surface,False,False,False,False,12.524511949387175,True,False,unassigned_manual_review,,not_annotated_no_domain_boundaries,,True,False
9M31,A,VI-D,binary,54,55,F,50.0,F,55.0,,PHE,True,368,369,four_layer_exact,high,0.967032967032967,0.6322683938577978,1.1105960048903276,0.0329670329670329,F,F;I;L;Y,matches_consensus,True,False,,0.015095352700498953,buried_core,False,False,False,False,9.92641362774747,True,True,unassigned_manual_review,,not_annotated_no_domain_boundaries,,True,False
9M31,A,VI-D,binary,55,56,S,51.0,S,56.0,,SER,True,376,377,four_layer_exact,high,0.0549450549450549,0.2,2.025326220770068,0.945054945054945,K,D;E;K;N;P;R;S;V,differs_from_consensus,False,True,scaffold_differs_from_msa_consensus,0.3704003408002996,surface,False,False,False,False,11.703390772800104,True,False,unassigned_manual_review,,not_annotated_no_domain_boundaries,,False,False
9M31,A,VI-D,binary,56,57,A,52.0,A,57.0,,ALA,True,377,378,four_layer_exact,high,0.0604395604395604,0.2727272727272727,1.7201934592198251,0.9395604395604396,K,A;I;K;L;S;T,differs_from_consensus,False,True,scaffold_differs_from_msa_consensus,0.16043758121784296,buried_core,False,False,False,False,11.68935930164428,True,True,unassigned_manual_review,,not_annotated_no_domain_boundaries,,False,False
9M31,A,VI-D,binary,57,58,E,53.0,E,58.0,,GLU,True,378,379,four_layer_exact,high,0.956043956043956,0.1948483282899106,2.2062077956123254,0.0439560439560439,S,D;E;K;N;R;S;T,differs_from_consensus,True,True,scaffold_differs_from_msa_consensus,0.48254750456263756,surface,False,False,False,False,10.98268200157777,True,False,unassigned_manual_review,,not_annotated_no_domain_boundaries,,True,False
9M31,A,VI-D,binary,58,59,M,54.0,M,59.0,,MET,True,379,380,four_layer_exact,high,0.9505494505494504,0.3746376272950271,1.7433444770914472,0.0494505494505495,V,A;I;L;V,differs_from_consensus,True,True,scaffold_differs_from_msa_consensus,0.22296141121923307,surface,False,False,False,False,10.72891610416104,True,False,unassigned_manual_review,,not_annotated_no_domain_boundaries,,True,False
9M31,A,VI-D,binary,59,60,A,55.0,A,60.0,,ALA,True,380,381,four_layer_exact,high,0.8736263736263736,0.1625237426707407,2.475165409379496,0.1263736263736263,T,A;D;E;K;N;S;T;V,differs_from_consensus,True,True,scaffold_differs_from_msa_consensus,0.15795051138718244,buried_core,False,True,False,False,7.543991172845571,True,True,unassigned_manual_review,,not_annotated_no_domain_boundaries,,True,False
9M31,A,VI-D,binary,60,61,D,56.0,D,61.0,,ASP,True,381,382,four_layer_exact,high,0.8626373626373627,0.1127800620961651,2.6742483123405223,0.1373626373626373,K,A;D;E;I;K;L;N;P;S,differs_from_consensus,True,True,scaffold_differs_from_msa_consensus,0.4505092047186906,surface,True,False,True,False,2.846933750785963,True,False,unassigned_manual_review,,not_annotated_no_domain_boundaries,,True,False
9M31,A,VI-D,binary,61,62,K,57.0,K,62.0,,LYS,True,382,383,four_layer_exact,high,0.3461538461538461,0.1951219512195122,2.4119813689627168,0.6538461538461539,K,A;D;E;G;K;N;Q;S,matches_consensus,False,False,,0.45946862830146273,surface,True,False,True,False,3.453132095204212,True,False,unassigned_manual_review,,not_annotated_no_domain_boundaries,,False,False
9M31,A,VI-D,binary,62,63,N,58.0,N,63.0,,ASN,True,383,384,four_layer_exact,high,0.3351648351648351,0.1680672268907563,2.402561746241019,0.6648351648351649,E,D;E;G;K;N;P;R;S;T,differs_from_consensus,False,True,scaffold_differs_from_msa_consensus,0.32144924250261087,surface,False,True,False,False,7.423141842861652,True,False,unassigned_manual_review,,not_annotated_no_domain_boundaries,,False,False
9M31,A,VI-D,binary,63,64,A,59.0,A,64.0,,ALA,True,384,385,four_layer_exact,high,0.0494505494505494,0.3333333333333333,1.6769877743224173,0.9505494505494504,A,A;E;H;I;N;S,matches_consensus,False,False,,0.08939228986426652,buried_core,True,False,True,False,3.9225652108604483,True,True,unassigned_manual_review,,not_annotated_no_domain_boundaries,,False,False
9M31,A,VI-D,binary,64,65,G,60.0,G,65.0,,GLY,True,385,386,four_layer_exact,high,0.0439560439560439,0.25,1.7328679513998633,0.956043956043956,A,A;C;G;P;Q;T,differs_from_consensus,False,True,scaffold_differs_from_msa_consensus,0.0,buried_core,False,True,False,False,6.298488715456895,True,True,unassigned_manual_review,,not_annotated_no_domain_boundaries,,False,False
9M31,A,VI-D,binary,65,66,Y,61.0,Y,66.0,,TYR,True,428,429,four_layer_exact,high,0.0219780219780219,0.5,1.039720770839918,0.978021978021978,G,C;G;Y,differs_from_consensus,False,True,scaffold_differs_from_msa_consensus,0.004073988684649127,buried_core,False,True,False,False,6.886346537739711,True,True,unassigned_manual_review,,not_annotated_no_domain_boundaries,,False,False
9M31,A,VI-D,binary,66,67,K,62.0,K,67.0,,LYS,True,434,435,four_layer_exact,high,0.2197802197802197,0.25,2.1927438540629898,0.7802197802197802,D,D;E;G;K;P;S,differs_from_consensus,False,True,scaffold_differs_from_msa_consensus,0.32072008226100324,surface,False,True,False,False,7.826486493050453,True,False,unassigned_manual_review,,not_annotated_no_domain_boundaries,,False,False
9M31,A,VI-D,binary,67,68,I,63.0,I,68.0,,ILE,True,435,436,four_layer_exact,high,0.6703296703296703,0.4262728422020457,1.69204780475337,0.3296703296703297,V,A;I;T;V,differs_from_consensus,False,True,scaffold_differs_from_msa_consensus,0.08227438859349238,buried_core,False,True,False,False,7.105501205621607,True,True,unassigned_manual_review,,not_annotated_no_domain_boundaries,,False,False
9M31,A,VI-D,binary,68,69,G,64.0,G,69.0,,GLY,True,436,437,four_layer_exact,high,0.6758241758241759,0.2982835057405933,1.9894706485431208,0.3241758241758241,D,D;E;G;N;S;T,differs_from_consensus,False,True,scaffold_differs_from_msa_consensus,0.23861072854739865,surface,False,False,False,False,9.796254922240454,True,False,unassigned_manual_review,,not_annotated_no_domain_boundaries,,False,False
9M31,A,VI-D,binary,69,70,N,65.0,N,70.0,,ASN,True,437,438,four_layer_exact,high,0.6703296703296703,0.2206642914607516,2.1459339161154576,0.3296703296703297,E,A;D;E;K;N;P;R;S;T,differs_from_consensus,False,True,scaffold_differs_from_msa_consensus,0.17380862967058686,buried_core,False,False,False,False,11.097319660582167,True,True,unassigned_manual_review,,not_annotated_no_domain_boundaries,,False,False
9M31,A,VI-D,binary,70,71,A,66.0,A,71.0,,ALA,True,439,440,four_layer_exact,high,0.945054945054945,0.3126450550273265,2.3974674163023746,0.0549450549450549,K,D;E;K;N;S;T,differs_from_consensus,True,True,scaffold_differs_from_msa_consensus,0.7523863077935267,surface,False,False,False,False,14.227111264438134,True,False,unassigned_manual_review,,not_annotated_no_domain_boundaries,,True,False
9M31,A,VI-D,binary,71,72,K,67.0,K,72.0,,LYS,True,442,443,four_layer_exact,high,0.8901098901098901,0.2826490279906428,2.294952448916504,0.1098901098901099,K,D;E;G;K;N;Q;R;S;T,matches_consensus,True,False,,0.5391706741810364,surface,False,False,False,False,13.536359858383832,True,False,unassigned_manual_review,,not_annotated_no_domain_boundaries,,True,False
9M31,A,VI-D,binary,72,73,F,68.0,F,73.0,,PHE,True,447,448,four_layer_exact,high,0.967032967032967,0.3330179754020813,1.6210769632639537,0.0329670329670329,I,F;I;L;V;Y,differs_from_consensus,True,True,scaffold_differs_from_msa_consensus,0.1459217427714899,buried_core,False,False,False,False,10.042749903690973,True,True,unassigned_manual_review,,not_annotated_no_domain_boundaries,,True,False
9M31,A,VI-D,binary,73,74,S,69.0,S,74.0,,SER,True,448,449,four_layer_exact,high,0.956043956043956,0.1485718503210568,2.639177815806229,0.0439560439560439,S,D;E;K;N;R;S;T,matches_consensus,True,False,,0.46791302564032144,surface,False,False,False,False,9.952511521527821,True,False,unassigned_manual_review,,not_annotated_no_domain_boundaries,,True,False
9M31,A,VI-D,binary,74,75,H,70.0,H,75.0,,HIS,True,453,454,four_layer_exact,high,0.0329670329670329,0.3636363636363636,1.5157079520857129,0.967032967032967,H,A;H;K;N;Y,matches_consensus,False,False,,0.0793595476228565,buried_core,True,False,True,False,3.221706922678493,True,True,unassigned_manual_review,,not_annotated_no_domain_boundaries,,False,False
9M31,A,VI-D,binary,75,76,P,71.0,P,76.0,,PRO,True,454,455,four_layer_exact,high,0.1483516483516483,0.1886792452830188,2.1228796777564374,0.8516483516483516,S,E;K;P;Q;R;S,differs_from_consensus,False,True,scaffold_differs_from_msa_consensus,0.5936840326292357,surface,False,True,False,False,7.191023840827145,True,False,unassigned_manual_review,,not_annotated_no_domain_boundaries,,False,False
9M31,A,VI-D,binary,76,77,K,72.0,K,77.0,,LYS,True,455,456,four_layer_exact,high,0.912087912087912,0.2311097305272967,2.379220273785973,0.0879120879120879,K,E;K;Q;R;S;T,matches_consensus,True,False,,0.630592777562492,surface,False,True,False,False,6.113195470830452,True,False,unassigned_manual_review,,not_annotated_no_domain_boundaries,,True,False
9M31,A,VI-D,binary,77,78,G,73.0,G,78.0,,GLY,True,456,457,four_layer_exact,high,0.8956043956043956,0.430614028119787,1.5459415884889187,0.1043956043956043,G,G;K;N;S,matches_consensus,True,False,,0.6160469864910902,surface,False,True,False,False,7.602419157941613,True,False,unassigned_manual_review,,not_annotated_no_domain_boundaries,,True,False
9M31,A,VI-D,binary,78,79,Y,74.0,Y,79.0,,TYR,True,486,487,four_layer_exact,high,0.4505494505494505,0.2137219186399514,2.4081697528469217,0.5494505494505495,I,I;K;L;M;N;R;T,differs_from_consensus,False,True,scaffold_differs_from_msa_consensus,0.3492180059467356,surface,True,False,True,False,3.622771177894159,True,False,unassigned_manual_review,,not_annotated_no_domain_boundaries,,False,False
9M31,A,VI-D,binary,79,80,A,75.0,A,80.0,,ALA,True,487,488,four_layer_exact,high,0.7307692307692307,0.1675392670157068,2.4884698344207945,0.2692307692307693,E,D;E;K;N;S;T,differs_from_consensus,False,True,scaffold_differs_from_msa_consensus,0.4470738647607819,surface,True,False,True,False,3.887707151991671,True,False,unassigned_manual_review,,not_annotated_no_domain_boundaries,,False,False
9M31,A,VI-D,binary,80,81,V,76.0,V,81.0,,VAL,True,488,489,four_layer_exact,high,0.934065934065934,0.3862514242309152,1.913103214710852,0.0659340659340659,A,A;G;I;L;T;V,differs_from_consensus,True,True,scaffold_differs_from_msa_consensus,0.039020747373208396,buried_core,True,False,True,False,3.7926171451478763,True,True,unassigned_manual_review,,not_annotated_no_domain_boundaries,,True,False
9M31,A,VI-D,binary,81,82,V,77.0,V,82.0,,VAL,True,489,490,four_layer_exact,high,0.9395604395604396,0.2388960108589095,2.380030213672298,0.0604395604395604,T,E;I;L;N;S;T;V,differs_from_consensus,True,True,scaffold_differs_from_msa_consensus,0.22130996391551797,surface,True,False,True,False,2.905342118469219,True,False,unassigned_manual_review,,not_annotated_no_domain_boundaries,,True,False
9M31,A,VI-D,binary,82,83,A,78.0,A,83.0,,ALA,True,490,491,four_layer_exact,high,0.9395604395604396,0.2316567378025789,2.22493623529721,0.0604395604395604,A,A;I;L;P;S;T;V,matches_consensus,True,False,,0.06464618371282252,buried_core,True,False,True,False,4.302268050418849,True,True,unassigned_manual_review,,not_annotated_no_domain_boundaries,,True,False
9M31,A,VI-D,binary,83,84,N,79.0,N,84.0,,ASN,True,491,492,four_layer_exact,high,0.945054945054945,0.4274163360035936,2.0799929411783484,0.0549450549450549,D,A;D;E;N;S,differs_from_consensus,True,True,scaffold_differs_from_msa_consensus,0.20322424777638373,surface,True,False,True,False,3.4376717287484264,True,False,unassigned_manual_review,,not_annotated_no_domain_boundaries,,True,False
9M31,A,VI-D,binary,84,85,N,80.0,N,85.0,,ASN,True,492,493,four_layer_exact,high,0.956043956043956,0.7520112185401135,0.9764390571959576,0.0439560439560439,N,D;K;N,matches_consensus,True,False,,0.16758086527996294,buried_core,False,True,False,False,6.724830781507331,True,True,unassigned_manual_review,,not_annotated_no_domain_boundaries,,True,False
9M31,A,VI-D,binary,85,86,P,81.0,P,86.0,,PRO,True,493,494,four_layer_exact,high,0.9615384615384616,0.9085379259802124,0.4819831182000113,0.0384615384615384,P,P,matches_consensus,True,False,,0.1628111622200766,buried_core,False,True,False,False,6.511042757157026,True,True,unassigned_manual_review,,not_annotated_no_domain_boundaries,,True,False
9M31,A,VI-D,binary,86,87,L,82.0,L,87.0,,LEU,True,494,495,four_layer_exact,high,0.8681318681318682,0.363356363939066,2.2344235712832656,0.1318681318681318,L,A;I;L;S;T;V,matches_consensus,True,False,,0.29421887344500597,surface,False,False,False,False,9.166215772608306,True,False,unassigned_manual_review,,not_annotated_no_domain_boundaries,,True,False
9M31,A,VI-D,binary,87,88,Y,83.0,Y,88.0,,TYR,True,496,497,four_layer_exact,high,0.532967032967033,0.5281701317251231,1.3384381343531648,0.467032967032967,H,H;Y,differs_from_consensus,False,True,scaffold_differs_from_msa_consensus,0.284933614218375,surface,True,False,True,False,3.475576354754765,True,False,unassigned_manual_review,,not_annotated_no_domain_boundaries,,False,False
9M31,A,VI-D,binary,88,89,T,84.0,T,89.0,,THR,True,497,498,four_layer_exact,high,0.5164835164835165,0.2394811242308331,2.444638560920194,0.4835164835164834,S,A;G;H;I;N;R;S;V,differs_from_consensus,False,True,scaffold_differs_from_msa_consensus,0.5797515539816999,surface,True,False,True,False,4.298275940731091,True,False,unassigned_manual_review,,not_annotated_no_domain_boundaries,,False,False
9M31,A,VI-D,binary,89,90,G,85.0,G,90.0,,GLY,True,498,499,four_layer_exact,high,0.4285714285714285,0.2358722358722358,2.3180795406466093,0.5714285714285714,G,G;K;R;S;T,matches_consensus,False,False,,0.26951820039536173,surface,False,False,False,False,8.697853786544652,True,False,unassigned_manual_review,,not_annotated_no_domain_boundaries,,False,False
9M31,A,VI-D,binary,90,91,P,86.0,P,91.0,,PRO,True,499,500,four_layer_exact,high,0.0824175824175824,0.1333333333333333,2.1535324566542537,0.9175824175824177,D,A;D;E;G;K;L;P;Q;S,differs_from_consensus,False,True,scaffold_differs_from_msa_consensus,0.7030621176255052,surface,False,False,False,False,9.098197742210946,True,False,unassigned_manual_review,,not_annotated_no_domain_boundaries,,False,False
9M31,A,VI-D,binary,91,92,V,87.0,V,92.0,,VAL,True,536,537,four_layer_exact,high,0.8901098901098901,0.2759538598047914,2.354539732809702,0.1098901098901099,V,A;I;L;P;S;T;V,matches_consensus,True,False,,0.14589975162291474,buried_core,False,True,False,False,5.662325784494185,True,True,unassigned_manual_review,,not_annotated_no_domain_boundaries,,True,False
9M31,A,VI-D,binary,92,93,Q,88.0,Q,93.0,,GLN,True,537,538,four_layer_exact,high,0.8791208791208791,0.6017206063088898,1.5229936692232289,0.1208791208791209,G,G;N;P;R,differs_from_consensus,True,True,scaffold_differs_from_msa_consensus,0.39094180043201215,surface,True,False,True,False,3.7879339424528005,True,False,unassigned_manual_review,,not_annotated_no_domain_boundaries,,True,False
9M31,A,VI-D,binary,93,94,Q,89.0,Q,94.0,,GLN,True,538,539,four_layer_exact,high,0.8846153846153846,0.1482806275912527,2.433867761775832,0.1153846153846154,Q,A;D;E;K;M;Q;R;S;T,matches_consensus,True,False,,0.4690144828881192,surface,True,False,True,False,4.446733723800661,True,False,unassigned_manual_review,,not_annotated_no_domain_boundaries,,True,False
9M31,A,VI-D,binary,94,95,D,90.0,D,95.0,,ASP,True,554,555,four_layer_exact,high,0.9725274725274724,0.9028691190286912,0.4903819545334799,0.0274725274725274,D,D,matches_consensus,True,False,,0.07772241625325432,buried_core,True,False,True,False,2.7573636461120548,True,True,unassigned_manual_review,,not_annotated_no_domain_boundaries,,True,False
9M31,A,VI-D,binary,95,96,M,91.0,M,96.0,,MET,True,555,556,four_layer_exact,high,0.9725274725274724,0.2636409626364095,2.1080298549867944,0.0274725274725274,Y,I;K;L;M;Q;Y,differs_from_consensus,True,True,scaffold_differs_from_msa_consensus,0.13452546582094274,buried_core,True,False,True,False,3.35517955349516,True,True,unassigned_manual_review,,not_annotated_no_domain_boundaries,,True,False
9M31,A,VI-D,binary,96,97,L,92.0,L,97.0,,LEU,True,556,557,four_layer_exact,high,0.9725274725274724,0.5247524752475247,1.1047228506401456,0.0274725274725274,L,I;L,matches_consensus,True,False,,0.1321782127008864,buried_core,True,False,True,False,4.986845804974016,True,True,unassigned_manual_review,,not_annotated_no_domain_boundaries,,True,False
9M31,A,VI-D,binary,97,98,G,93.0,G,98.0,,GLY,True,557,558,four_layer_exact,high,0.9725274725274724,0.4833417648334176,1.8605782609423995,0.0274725274725274,G,C;G;H;K;R,matches_consensus,True,False,,0.234682771086518,surface,False,True,False,False,6.94772254037114,True,False,unassigned_manual_review,,not_annotated_no_domain_boundaries,,True,False
9M31,A,VI-D,binary,98,99,L,94.0,L,99.0,,LEU,True,558,559,four_layer_exact,high,0.9725274725274724,0.3790561537905615,1.857486521669793,0.0274725274725274,L,A;C;I;L;R,matches_consensus,True,False,,0.01802430173193905,buried_core,False,False,False,False,8.084247272585358,True,True,unassigned_manual_review,,not_annotated_no_domain_boundaries,,True,False
9M31,A,VI-D,binary,99,100,K,95.0,K,100.0,,LYS,True,559,560,four_layer_exact,high,0.9725274725274724,0.8161451181614511,0.5991945906047905,0.0274725274725274,K,K;R,matches_consensus,True,False,,0.038520451956325356,buried_core,False,True,False,False,5.573575070784332,True,True,unassigned_manual_review,,not_annotated_no_domain_boundaries,,True,False
9M31,A,VI-D,binary,100,101,E,96.0,E,101.0,,GLU,True,560,561,four_layer_exact,high,0.978021978021978,0.2618244455608985,2.1311095792334758,0.021978021978022,D,A;D;E;G;N;P;S,differs_from_consensus,True,True,scaffold_differs_from_msa_consensus,0.5390905371834805,surface,False,False,False,False,9.225564072039825,True,False,unassigned_manual_review,,not_annotated_no_domain_boundaries,,True,False
9M31,A,VI-D,binary,101,102,T,97.0,T,102.0,,THR,True,561,562,four_layer_exact,high,0.978021978021978,0.2204837436302303,2.3047630718212755,0.021978021978022,K,A;E;K;T;V,differs_from_consensus,True,True,scaffold_differs_from_msa_consensus,0.07169026763138783,buried_core,False,False,False,False,11.321919777313104,True,True,unassigned_manual_review,,not_annotated_no_domain_boundaries,,True,False
9M31,A,VI-D,binary,102,103,L,98.0,L,103.0,,LEU,True,562,563,four_layer_exact,high,0.978021978021978,0.7864063733582143,0.847668083666137,0.021978021978022,L,I;L,matches_consensus,True,False,,0.024032402309252066,buried_core,False,False,False,False,8.143218775454967,True,True,unassigned_manual_review,,not_annotated_no_domain_boundaries,,True,False
9M31,A,VI-D,binary,103,104,E,99.0,E,104.0,,GLU,True,563,564,four_layer_exact,high,0.978021978021978,0.9379889471039976,0.3591659995215883,0.021978021978022,E,E,matches_consensus,True,False,,0.04987936240609324,buried_core,False,False,False,False,8.051785824595687,True,True,unassigned_manual_review,,not_annotated_no_domain_boundaries,,True,False
9M31,A,VI-D,binary,104,105,K,100.0,K,105.0,,LYS,True,564,565,four_layer_exact,high,0.978021978021978,0.3764444125457546,1.8978953842065425,0.021978021978022,K,E;K;N;Q;R,matches_consensus,True,False,,0.388799779494955,surface,False,False,False,False,12.952769879987436,True,False,unassigned_manual_review,,not_annotated_no_domain_boundaries,,True,False
9M31,A,VI-D,binary,105,106,R,101.0,R,106.0,,ARG,True,565,566,four_layer_exact,high,0.9725274725274724,0.2960179229601792,2.2327720619293143,0.0274725274725274,R,E;K;L;Q;R,matches_consensus,True,False,,0.1444564840840335,buried_core,False,False,False,False,13.579967199257192,True,True,unassigned_manual_review,,not_annotated_no_domain_boundaries,,True,False
9M31,A,VI-D,binary,106,107,Y,102.0,Y,107.0,,TYR,True,566,567,four_layer_exact,high,0.9725274725274724,0.3964009539640095,1.3154595161030895,0.0274725274725274,F,F;I;V;Y,differs_from_consensus,True,True,scaffold_differs_from_msa_consensus,0.01222196605394738,buried_core,False,False,False,False,12.317015576613743,True,True,unassigned_manual_review,,not_annotated_no_domain_boundaries,,True,False
9M31,A,VI-D,binary,107,108,F,103.0,F,108.0,,PHE,True,567,568,four_layer_exact,high,0.9725274725274724,0.9028691190286912,0.3824482483275325,0.0274725274725274,F,F;Y,matches_consensus,True,False,,0.023456806267783306,buried_core,False,False,False,False,11.898526762502984,True,True,unassigned_manual_review,,not_annotated_no_domain_boundaries,,True,False
9M31,A,VI-D,binary,108,109,G,104.0,G,109.0,,GLY,True,572,573,four_layer_exact,high,0.967032967032967,0.8509569900298377,0.6669910387731421,0.0329670329670329,G,D;G,matches_consensus,True,False,,0.2414421493416898,surface,False,False,False,False,16.669398528045164,True,False,unassigned_manual_review,,not_annotated_no_domain_boundaries,,True,False
9M31,A,VI-D,binary,109,110,E,105.0,E,110.0,,GLU,True,577,578,four_layer_exact,high,0.956043956043956,0.4437965901542549,1.8169639891654,0.0439560439560439,K,E;K;Q;R,differs_from_consensus,True,True,scaffold_differs_from_msa_consensus,0.7409469659338186,surface,False,False,False,False,18.474257567922333,True,False,unassigned_manual_review,,not_annotated_no_domain_boundaries,,True,False
9M31,A,VI-D,binary,110,111,S,106.0,S,111.0,,SER,True,578,579,four_layer_exact,high,0.956043956043956,0.4310281201564691,1.8581568467619405,0.0439560439560439,T,E;K;N;S;T,differs_from_consensus,True,True,scaffold_differs_from_msa_consensus,0.340515241425307,surface,False,False,False,False,16.538228509773834,True,False,unassigned_manual_review,,not_annotated_no_domain_boundaries,,True,False
9M31,A,VI-D,binary,111,112,A,107.0,A,112.0,,ALA,True,579,580,four_layer_exact,high,0.956043956043956,0.7874381873200974,0.7486458359144552,0.0439560439560439,F,F;Y,differs_from_consensus,True,True,scaffold_differs_from_msa_consensus,0.16822882841247133,buried_core,False,False,False,False,13.379896261356224,True,True,unassigned_manual_review,,not_annotated_no_domain_boundaries,,True,False
9M31,A,VI-D,binary,112,113,D,108.0,D,113.0,,ASP,True,589,590,four_layer_exact,high,0.9505494505494504,0.2982234445848509,1.8617780241960429,0.0494505494505495,D,D;E;K;N;Q;S,matches_consensus,True,False,,0.5965307568111871,surface,False,False,False,False,13.405474882716643,True,False,unassigned_manual_review,,not_annotated_no_domain_boundaries,,True,False
9M31,A,VI-D,binary,113,114,G,109.0,G,114.0,,GLY,True,590,591,four_layer_exact,high,0.0054945054945054,1.0,-0.0,0.9945054945054944,G,G,matches_consensus,False,False,,0.2590436471663467,surface,False,False,False,False,9.756032369426352,True,False,unassigned_manual_review,,not_annotated_no_domain_boundaries,,False,False
9M31,A,VI-D,binary,114,115,N,110.0,N,115.0,,ASN,True,591,592,four_layer_exact,high,0.0329670329670329,0.3333333333333333,1.5607104090414063,0.967032967032967,A,A;I;N;P;V,differs_from_consensus,False,True,scaffold_differs_from_msa_consensus,0.4562843370210455,surface,False,False,False,False,10.099353829768246,True,False,unassigned_manual_review,,not_annotated_no_domain_boundaries,,False,False
9M31,A,VI-D,binary,115,116,D,111.0,D,116.0,,ASP,True,592,593,four_layer_exact,high,0.9725274725274724,0.9028691190286912,0.4422919571830753,0.0274725274725274,D,D,matches_consensus,True,False,,0.024323024208199324,buried_core,False,True,False,False,6.567279295920909,True,True,unassigned_manual_review,,not_annotated_no_domain_boundaries,,True,False
9M31,A,VI-D,binary,116,117,N,112.0,N,117.0,,ASN,True,593,594,four_layer_exact,high,0.9725274725274724,0.8818385488183854,0.4780332910855459,0.0274725274725274,N,N;S,matches_consensus,True,False,,0.022432582619786815,buried_core,True,False,True,False,3.65636482530334,True,True,unassigned_manual_review,,not_annotated_no_domain_boundaries,,True,False
9M31,A,VI-D,binary,117,118,I,113.0,I,118.0,,ILE,True,594,595,four_layer_exact,high,0.9725274725274724,0.6461660764616607,1.0064735926327066,0.0274725274725274,I,I;L;V,matches_consensus,True,False,,0.0,buried_core,False,True,False,False,6.313994464888862,True,True,unassigned_manual_review,,not_annotated_no_domain_boundaries,,True,False
9M31,A,VI-D,binary,118,119,C,114.0,C,119.0,,CYS,True,595,596,four_layer_exact,high,0.9725274725274724,0.7641107176411072,0.7909641595037971,0.0274725274725274,H,H;R,differs_from_consensus,True,True,scaffold_differs_from_msa_consensus,0.0,buried_core,False,True,False,False,7.22586723854191,True,True,unassigned_manual_review,,not_annotated_no_domain_boundaries,,True,False
9M31,A,VI-D,binary,119,120,I,115.0,I,120.0,,ILE,True,596,597,four_layer_exact,high,0.9725274725274724,0.7294211172942111,0.7432855236723085,0.0274725274725274,I,I;V,matches_consensus,True,False,,0.0,buried_core,True,False,True,False,3.6450740889652047,True,True,unassigned_manual_review,,not_annotated_no_domain_boundaries,,True,False
9M31,A,VI-D,binary,120,121,Q,116.0,Q,121.0,,GLN,True,597,598,four_layer_exact,high,0.9725274725274724,0.9791862397918624,0.1011894487526793,0.0274725274725274,Q,Q,matches_consensus,True,False,,0.03372769192465151,buried_core,True,False,True,False,2.28130442660747,True,True,unassigned_manual_review,,not_annotated_no_domain_boundaries,,True,False
9M31,A,VI-D,binary,121,122,V,117.0,V,122.0,,VAL,True,598,599,four_layer_exact,high,0.9725274725274724,0.5064681650646816,1.0732635696041648,0.0274725274725274,I,I;L,differs_from_consensus,True,True,scaffold_differs_from_msa_consensus,0.0,buried_core,False,True,False,False,6.297610567797892,True,True,unassigned_manual_review,,not_annotated_no_domain_boundaries,,True,False
9M31,A,VI-D,binary,122,123,I,118.0,I,123.0,,ILE,True,599,600,four_layer_exact,high,0.9725274725274724,0.549035195490352,0.9937481707190128,0.0274725274725274,I,A;I,matches_consensus,True,False,,0.0,buried_core,False,True,False,False,7.446844110439084,True,True,unassigned_manual_review,,not_annotated_no_domain_boundaries,,True,False
9M31,A,VI-D,binary,123,124,H,119.0,H,124.0,,HIS,True,600,601,four_layer_exact,high,0.9725274725274724,0.7918623979186239,0.7195081984231031,0.0274725274725274,Y,H;Y,differs_from_consensus,True,True,scaffold_differs_from_msa_consensus,0.10751618398039266,buried_core,True,False,True,False,3.7170160850853926,True,True,unassigned_manual_review,,not_annotated_no_domain_boundaries,,True,False
9M31,A,VI-D,binary,124,125,N,120.0,N,125.0,,ASN,True,601,602,four_layer_exact,high,0.9725274725274724,0.7710486377104863,0.9327503258970568,0.0274725274725274,N,N;Q,matches_consensus,True,False,,0.05037722649151514,buried_core,True,False,True,False,3.89758815876749,True,True,unassigned_manual_review,,not_annotated_no_domain_boundaries,,True,False
9M31,A,VI-D,binary,125,126,I,121.0,I,126.0,,ILE,True,602,603,four_layer_exact,high,0.9725274725274724,0.8473657584736575,0.5720383016931849,0.0274725274725274,I,I;V,matches_consensus,True,False,,0.006130092467207697,buried_core,False,False,False,False,9.207587265697686,True,True,unassigned_manual_review,,not_annotated_no_domain_boundaries,,True,False
9M31,A,VI-D,binary,126,127,L,122.0,L,127.0,,LEU,True,603,604,four_layer_exact,high,0.9725274725274724,0.7224831972248319,1.1142788584799177,0.0274725274725274,L,F;L;M,matches_consensus,True,False,,0.08411340808238223,buried_core,False,True,False,False,7.305378070741124,True,True,unassigned_manual_review,,not_annotated_no_domain_boundaries,,True,False
9M31,A,VI-D,binary,127,128,D,123.0,D,128.0,,ASP,True,604,605,four_layer_exact,high,0.9725274725274724,0.9859073498590736,0.0838238025531242,0.0274725274725274,D,D,matches_consensus,True,False,,0.10204544046145364,buried_core,True,False,True,False,3.9439166940151287,True,True,unassigned_manual_review,,not_annotated_no_domain_boundaries,,True,False
9M31,A,VI-D,binary,128,129,I,124.0,I,129.0,,ILE,True,605,606,four_layer_exact,high,0.9725274725274724,0.8612415986124159,0.59589947731441,0.0274725274725274,I,I;V,matches_consensus,True,False,,0.018390277401623092,buried_core,False,True,False,False,7.683145990649709,True,True,unassigned_manual_review,,not_annotated_no_domain_boundaries,,True,False
9M31,A,VI-D,binary,129,130,E,125.0,E,130.0,,GLU,True,606,607,four_layer_exact,high,0.9725274725274724,0.4241526342415263,1.824311774719388,0.0274725274725274,E,E;K;N;Q,matches_consensus,True,False,,0.1316403396295062,buried_core,False,False,False,False,9.68064289329771,True,True,unassigned_manual_review,,not_annotated_no_domain_boundaries,,True,False
9M31,A,VI-D,binary,130,131,K,126.0,K,131.0,,LYS,True,607,608,four_layer_exact,high,0.9725274725274724,0.9861241598612416,0.0731345002932976,0.0274725274725274,K,K,matches_consensus,True,False,,0.054261109086804905,buried_core,True,False,True,False,3.1143705201710064,True,True,unassigned_manual_review,,not_annotated_no_domain_boundaries,,True,False
9M31,A,VI-D,binary,131,132,I,127.0,I,132.0,,ILE,True,608,609,four_layer_exact,high,0.9725274725274724,0.7710486377104863,0.9794433374117556,0.0274725274725274,I,I;V,matches_consensus,True,False,,0.06685213483814097,buried_core,False,True,False,False,7.658565279624642,True,True,unassigned_manual_review,,not_annotated_no_domain_boundaries,,True,False
9M31,A,VI-D,binary,132,133,L,128.0,L,133.0,,LEU,True,609,610,four_layer_exact,high,0.9725274725274724,0.7014526270145263,0.961400111587987,0.0274725274725274,L,F;I;L,matches_consensus,True,False,,0.017346843065385836,buried_core,False,False,False,False,10.346997498624237,True,True,unassigned_manual_review,,not_annotated_no_domain_boundaries,,True,False
9M31,A,VI-D,binary,133,134,A,129.0,A,134.0,,ALA,True,610,611,four_layer_exact,high,0.9725274725274724,0.4276215942762159,1.6201183849636598,0.0274725274725274,A,A;G;S;T,matches_consensus,True,False,,0.04680729519534559,buried_core,False,False,False,False,11.289596517308617,True,True,unassigned_manual_review,,not_annotated_no_domain_boundaries,,True,False
9M31,A,VI-D,binary,134,135,E,130.0,E,135.0,,GLU,True,611,612,four_layer_exact,high,0.978021978021978,0.3401110390078593,2.1266266094351343,0.021978021978022,V,E;I;L;P;T;V,differs_from_consensus,True,True,scaffold_differs_from_msa_consensus,0.14904645347352566,buried_core,False,True,False,False,6.027936636209075,True,True,unassigned_manual_review,,not_annotated_no_domain_boundaries,,True,False
9M31,A,VI-D,binary,135,136,Y,131.0,Y,136.0,,TYR,True,612,613,four_layer_exact,high,0.978021978021978,0.63638330088687,1.1764477779997191,0.021978021978022,Y,H;Y,matches_consensus,True,False,,0.06673707969937305,buried_core,False,True,False,False,7.364592181670555,True,True,unassigned_manual_review,,not_annotated_no_domain_boundaries,,True,False
9M31,A,VI-D,binary,136,137,I,132.0,I,137.0,,ILE,True,613,614,four_layer_exact,high,0.978021978021978,0.4083928185161151,1.5821683639735211,0.021978021978022,I,A;I;S;V,matches_consensus,True,False,,0.02452036986883079,buried_core,False,False,False,False,13.860294750333777,True,True,unassigned_manual_review,,not_annotated_no_domain_boundaries,,True,False
9M31,A,VI-D,binary,137,138,T,133.0,T,138.0,,THR,True,614,615,four_layer_exact,high,0.9725274725274724,0.6029187540840776,1.356439458939927,0.0274725274725274,N,N;T,differs_from_consensus,True,True,scaffold_differs_from_msa_consensus,0.19954928949719042,buried_core,False,False,False,False,13.747043344346302,True,True,unassigned_manual_review,,not_annotated_no_domain_boundaries,,True,False
9M31,A,VI-D,binary,138,139,N,134.0,N,139.0,,ASN,True,615,616,four_layer_exact,high,0.978021978021978,0.6227557862859615,1.220235102878004,0.021978021978022,N,D;N,matches_consensus,True,False,,0.049905890929087336,buried_core,False,False,False,False,11.46403122859575,True,True,unassigned_manual_review,,not_annotated_no_domain_boundaries,,True,False
9M31,A,VI-D,binary,139,140,A,135.0,A,140.0,,ALA,True,616,617,four_layer_exact,high,0.978021978021978,0.6748864373783258,0.987056587698443,0.021978021978022,I,A;I;V,differs_from_consensus,True,True,scaffold_differs_from_msa_consensus,0.0,buried_core,False,False,False,False,16.049707679213103,True,True,unassigned_manual_review,,not_annotated_no_domain_boundaries,,True,False
9M31,A,VI-D,binary,140,141,A,136.0,A,141.0,,ALA,True,617,618,four_layer_exact,high,0.978021978021978,0.4605234696084793,1.4637418878752475,0.021978021978022,V,I;L;T;V,differs_from_consensus,True,True,scaffold_differs_from_msa_consensus,0.12169896750789855,buried_core,False,False,False,False,18.720310241895234,True,True,unassigned_manual_review,,not_annotated_no_domain_boundaries,,True,False
9M31,A,VI-D,binary,141,142,Y,137.0,Y,142.0,,TYR,True,618,619,four_layer_exact,high,0.978021978021978,0.6400605667315596,1.2786003477419858,0.021978021978022,Y,F;Y,matches_consensus,True,False,,0.12554640409089873,buried_core,False,False,False,False,17.181480449119015,True,True,unassigned_manual_review,,not_annotated_no_domain_boundaries,,True,False
9M31,A,VI-D,binary,142,143,A,138.0,A,143.0,,ALA,True,619,620,four_layer_exact,high,0.978021978021978,0.3874107722258273,1.8668297053550893,0.021978021978022,A,A;I;M;S;T,matches_consensus,True,False,,0.0,buried_core,False,False,False,False,16.667675456492983,True,True,unassigned_manual_review,,not_annotated_no_domain_boundaries,,True,False
9M31,A,VI-D,binary,143,144,V,139.0,V,144.0,,VAL,True,626,627,four_layer_exact,high,0.978021978021978,0.4150984209387843,1.4610470414168355,0.021978021978022,L,F;I;L;V,differs_from_consensus,True,True,scaffold_differs_from_msa_consensus,0.0069403920462064155,buried_core,False,False,False,False,19.744817970051663,True,True,unassigned_manual_review,,not_annotated_no_domain_boundaries,,True,False
9M31,A,VI-D,binary,144,145,N,140.0,N,145.0,,ASN,True,627,628,four_layer_exact,high,0.978021978021978,0.5293099718797317,1.5383120879550498,0.021978021978022,N,D;N;Y,matches_consensus,True,False,,0.15179086616692636,buried_core,False,False,False,False,22.048703700874302,True,True,unassigned_manual_review,,not_annotated_no_domain_boundaries,,True,False
9M31,A,VI-D,binary,145,146,N,141.0,N,146.0,,ASN,True,628,629,four_layer_exact,high,0.978021978021978,0.8061864590093013,0.8667451873659544,0.021978021978022,N,H;N,matches_consensus,True,False,,0.2218813771202072,surface,False,False,False,False,19.02158563849298,True,False,unassigned_manual_review,,not_annotated_no_domain_boundaries,,True,False
9M31,A,VI-D,binary,146,147,I,142.0,I,147.0,,ILE,True,629,630,four_layer_exact,high,0.9835164835164836,0.6228373702422145,1.1990834743759282,0.0164835164835165,L,I;L;M;V,differs_from_consensus,True,True,scaffold_differs_from_msa_consensus,0.02857681981861926,buried_core,False,False,False,False,16.578967475619926,True,True,unassigned_manual_review,,not_annotated_no_domain_boundaries,,True,False
9M31,A,VI-D,binary,147,148,S,143.0,S,148.0,,SER,True,630,631,four_layer_exact,high,0.9835164835164836,0.1695501730103806,2.6246834244920807,0.0164835164835165,L,A;D;F;L;N;Q;R;S,differs_from_consensus,True,True,scaffold_differs_from_msa_consensus,0.09162132707593393,buried_core,False,False,False,False,19.757269031079527,True,True,unassigned_manual_review,,not_annotated_no_domain_boundaries,,True,False
9M31,A,VI-D,binary,148,149,G,144.0,G,149.0,,GLY,True,631,632,four_layer_exact,high,0.9615384615384616,0.5195729537366548,1.7704840240886426,0.0384615384615384,R,D;G;N;R,differs_from_consensus,True,True,scaffold_differs_from_msa_consensus,0.33264246324491487,surface,False,False,False,False,21.156322184199666,True,False,unassigned_manual_review,,not_annotated_no_domain_boundaries,,True,False
9M31,A,VI-D,binary,149,150,L,145.0,L,150.0,,LEU,True,633,634,four_layer_exact,high,0.8956043956043956,0.1625806451612903,2.560474128027858,0.1043956043956043,D,A;D;E;G;K;N;R;S;T,differs_from_consensus,True,True,scaffold_differs_from_msa_consensus,0.8121434638164958,surface,False,False,False,False,23.54978854681372,True,False,unassigned_manual_review,,not_annotated_no_domain_boundaries,,True,False
9M31,A,VI-D,binary,150,151,D,146.0,D,151.0,,ASP,True,634,635,four_layer_exact,high,0.8956043956043956,0.2474870298313878,2.3402382182330475,0.1043956043956043,E,D;E;G;K;N;S,differs_from_consensus,True,True,scaffold_differs_from_msa_consensus,0.770844092461249,surface,False,False,False,False,26.924375279139912,True,False,unassigned_manual_review,,not_annotated_no_domain_boundaries,,True,False
9M31,A,VI-D,binary,151,152,K,147.0,K,152.0,,LYS,True,667,668,four_layer_exact,high,0.9615384615384616,0.192170818505338,2.5580005415999194,0.0384615384615384,E,D;E;G;K;N;S;T,differs_from_consensus,True,True,scaffold_differs_from_msa_consensus,0.39805310104310476,surface,False,False,False,False,22.554266072813363,True,False,unassigned_manual_review,,not_annotated_no_domain_boundaries,,True,False
9M31,A,VI-D,binary,152,153,D,148.0,D,153.0,,ASP,True,668,669,four_layer_exact,high,0.9835164835164836,0.944636678200692,0.2547406375754432,0.0164835164835165,D,D,matches_consensus,True,False,,0.3626579681966199,surface,False,False,False,False,25.10106477973873,True,False,unassigned_manual_review,,not_annotated_no_domain_boundaries,,True,False
9M31,A,VI-D,binary,153,154,I,149.0,I,154.0,,ILE,True,669,670,four_layer_exact,high,0.9835164835164836,0.3181228373702422,1.8410987589276655,0.0164835164835165,F,F;I;L;V;Y,differs_from_consensus,True,True,scaffold_differs_from_msa_consensus,0.018390277401623092,buried_core,False,False,False,False,23.537086504704988,True,True,unassigned_manual_review,,not_annotated_no_domain_boundaries,,True,False
9M31,A,VI-D,binary,154,155,I,150.0,I,155.0,,ILE,True,670,671,four_layer_exact,high,0.9835164835164836,0.5247981545559401,1.3844867958828906,0.0164835164835165,I,F;I;L;V,matches_consensus,True,False,,0.039454576408088506,buried_core,False,False,False,False,23.370547628110963,True,True,unassigned_manual_review,,not_annotated_no_domain_boundaries,,True,False
9M31,A,VI-D,binary,155,156,G,151.0,G,156.0,,GLY,True,671,672,four_layer_exact,high,0.0714285714285714,0.8461538461538461,0.4293230219306162,0.9285714285714286,G,G;S,matches_consensus,False,False,,0.1844796371602064,buried_core,False,False,False,False,23.55824396054981,True,True,unassigned_manual_review,,not_annotated_no_domain_boundaries,,False,False
9M31,A,VI-D,binary,156,157,F,152.0,F,157.0,,PHE,True,674,675,four_layer_exact,high,0.0714285714285714,0.3076923076923077,1.6715952780212544,0.9285714285714286,M,A;D;F;I;M;N,differs_from_consensus,False,True,scaffold_differs_from_msa_consensus,0.6304549708020324,surface,False,False,False,False,22.711127443943493,True,False,unassigned_manual_review,,not_annotated_no_domain_boundaries,,False,False
9M31,A,VI-D,binary,157,158,G,153.0,G,158.0,,GLY,True,675,676,four_layer_exact,high,0.956043956043956,0.8924731182795699,0.5329649423499991,0.0439560439560439,G,G,matches_consensus,True,False,,0.558372782743082,surface,False,False,False,False,26.71789685584425,True,False,unassigned_manual_review,,not_annotated_no_domain_boundaries,,True,False
9M31,A,VI-D,binary,158,159,K,154.0,K,159.0,,LYS,True,677,678,four_layer_exact,high,0.945054945054945,0.2382671480144404,2.31862657470561,0.0549450549450549,Y,G;M;N;S;T;Y,differs_from_consensus,True,True,scaffold_differs_from_msa_consensus,0.23208915083392936,surface,False,False,False,False,27.883098011959625,True,False,unassigned_manual_review,,not_annotated_no_domain_boundaries,,True,False
9M31,A,VI-D,binary,159,160,F,155.0,F,160.0,,PHE,True,678,679,four_layer_exact,high,0.9505494505494504,0.4838709677419355,1.5113316420864789,0.0494505494505495,L,F;I;L;M,differs_from_consensus,True,True,scaffold_differs_from_msa_consensus,0.03882877620143085,buried_core,False,False,False,False,26.484096294625587,True,True,unassigned_manual_review,,not_annotated_no_domain_boundaries,,True,False
9M31,A,VI-D,binary,160,161,S,156.0,S,161.0,,SER,True,679,680,four_layer_exact,high,0.8406593406593407,0.3015167364016736,2.168871405821139,0.1593406593406593,S,G;K;N;P;R;S;T;Y,matches_consensus,True,False,,0.19319181459737061,buried_core,False,False,False,False,29.08524570534857,True,True,unassigned_manual_review,,not_annotated_no_domain_boundaries,,True,False
9M31,A,VI-D,binary,161,162,T,157.0,T,162.0,,THR,True,680,681,four_layer_exact,high,0.7802197802197802,0.3745199692780338,2.120855394358002,0.2197802197802197,T,A;F;L;S;T;V;Y,matches_consensus,False,False,,0.05062698479348232,buried_core,False,False,False,False,27.729555040280037,True,True,unassigned_manual_review,,not_annotated_no_domain_boundaries,,False,False
9M31,A,VI-D,binary,162,163,V,158.0,V,163.0,,VAL,True,688,689,four_layer_exact,high,0.7252747252747253,0.123076923076923,2.685364474835372,0.2747252747252747,D,D;G;K;L;N;Q;R;S;T,differs_from_consensus,False,True,scaffold_differs_from_msa_consensus,0.3343954552793439,surface,False,False,False,False,31.263682746383367,True,False,unassigned_manual_review,,not_annotated_no_domain_boundaries,,False,False
9M31,A,VI-D,binary,163,164,Y,159.0,Y,164.0,,TYR,True,689,690,four_layer_exact,high,0.7362637362637363,0.3922738693467337,2.1847113390248687,0.2637362637362637,N,D;I;K;N;V;Y,differs_from_consensus,False,True,scaffold_differs_from_msa_consensus,0.0958407940422289,buried_core,False,False,False,False,31.643279004263924,True,True,unassigned_manual_review,,not_annotated_no_domain_boundaries,,False,False
9M31,A,VI-D,binary,164,165,T,160.0,T,165.0,,THR,True,690,691,four_layer_exact,high,0.7692307692307693,0.3679245283018867,1.9994576928039347,0.2307692307692307,T,D;K;P;S;T,matches_consensus,False,False,,0.16908986833386916,buried_core,False,False,False,False,31.639588989902936,True,True,unassigned_manual_review,,not_annotated_no_domain_boundaries,,False,False
9M31,A,VI-D,binary,165,166,Y,161.0,Y,166.0,,TYR,True,692,693,four_layer_exact,high,0.8516483516483516,0.8068415637860082,0.6570525118176964,0.1483516483516483,Y,F;Y,matches_consensus,True,False,,0.14679967258466778,buried_core,False,False,False,False,24.36962622068853,True,True,unassigned_manual_review,,not_annotated_no_domain_boundaries,,True,False
9M31,A,VI-D,binary,166,167,D,162.0,D,167.0,,ASP,True,705,706,four_layer_exact,high,0.9175824175824177,0.2679245283018868,2.1500797832958343,0.0824175824175824,E,A;D;E;K;Q;S,differs_from_consensus,True,True,scaffold_differs_from_msa_consensus,0.39082141850817026,surface,False,False,False,False,30.97176128682966,True,False,unassigned_manual_review,,not_annotated_no_domain_boundaries,,True,False
9M31,A,VI-D,binary,167,168,E,163.0,E,168.0,,GLU,True,706,707,four_layer_exact,high,0.9230769230769232,0.1423220973782771,2.474100316647014,0.0769230769230768,K,A;D;E;K;N;Q;S;T;V,differs_from_consensus,True,True,scaffold_differs_from_msa_consensus,0.20843607897142857,surface,False,False,False,False,33.29656679631826,True,False,unassigned_manual_review,,not_annotated_no_domain_boundaries,,True,False
9M31,A,VI-D,binary,168,169,F,164.0,F,169.0,,PHE,True,707,708,four_layer_exact,high,0.9230769230769232,0.4342228464419476,1.7561895836793948,0.0769230769230768,F,F;I;L;V;Y,matches_consensus,True,False,,0.014527981067260639,buried_core,False,False,False,False,27.855862968862205,True,True,unassigned_manual_review,,not_annotated_no_domain_boundaries,,True,False
9M31,A,VI-D,binary,169,170,K,165.0,K,170.0,,LYS,True,726,727,four_layer_exact,high,0.3461538461538461,0.1499219156689224,2.4575951719379603,0.6538461538461539,L,A;C;K;L;M;R;S;T,differs_from_consensus,False,True,scaffold_differs_from_msa_consensus,0.4202159722675185,surface,False,False,False,False,27.79599898625989,True,False,unassigned_manual_review,,not_annotated_no_domain_boundaries,,False,False
9M31,A,VI-D,binary,170,171,D,166.0,D,171.0,,ASP,True,727,728,four_layer_exact,high,0.3571428571428571,0.3712846347607053,1.7196090522880478,0.6428571428571428,D,D;E;N;S,matches_consensus,False,False,,0.2687789106448283,surface,False,False,False,False,32.297851894673386,True,False,unassigned_manual_review,,not_annotated_no_domain_boundaries,,False,False
9M31,A,VI-D,binary,171,172,P,167.0,P,172.0,,PRO,True,729,730,four_layer_exact,high,0.2857142857142857,0.6730401529636711,1.308589648316443,0.7142857142857143,P,A;K;P;S,matches_consensus,False,False,,0.045570876076977976,buried_core,False,False,False,False,34.08744935479596,True,True,unassigned_manual_review,,not_annotated_no_domain_boundaries,,False,False
9M31,A,VI-D,binary,172,173,E,168.0,E,173.0,,GLU,True,730,731,four_layer_exact,high,0.2857142857142857,0.2045889101338432,2.313767979451839,0.7142857142857143,E,D;E;K;N;S;T,matches_consensus,False,False,,0.4003363920546169,surface,False,False,False,False,37.48499871966858,True,False,unassigned_manual_review,,not_annotated_no_domain_boundaries,,False,False
9M31,A,VI-D,binary,173,174,H,169.0,H,174.0,,HIS,True,731,732,four_layer_exact,high,0.1648351648351648,0.1363636363636363,2.548911292094342,0.8351648351648352,S,D;E;F;G;K;N;Q;R;S;Y,differs_from_consensus,False,True,scaffold_differs_from_msa_consensus,0.7204406301964171,surface,False,False,False,False,37.22788990221357,True,False,unassigned_manual_review,,not_annotated_no_domain_boundaries,,False,False
9M31,A,VI-D,binary,174,175,H,170.0,H,175.0,,HIS,True,738,739,four_layer_exact,high,0.4285714285714285,0.3804750789509817,2.335631225340017,0.5714285714285714,K,E;H;K;L;R;S,differs_from_consensus,False,True,scaffold_differs_from_msa_consensus,0.29660701890376673,surface,False,False,False,False,36.14295944443619,True,False,unassigned_manual_review,,not_annotated_no_domain_boundaries,,False,False
9M31,A,VI-D,binary,175,176,R,171.0,R,176.0,,ARG,True,739,740,four_layer_exact,high,0.4395604395604395,0.2482645977950184,2.15549340062005,0.5604395604395604,D,D;E;G;K;N;S,differs_from_consensus,False,True,scaffold_differs_from_msa_consensus,0.30908341474677425,surface,False,False,False,False,40.78020142312144,True,False,unassigned_manual_review,,not_annotated_no_domain_boundaries,,False,False
9M31,A,VI-D,binary,176,177,A,172.0,A,177.0,,ALA,True,740,741,four_layer_exact,high,0.456043956043956,0.2640471512770137,2.2528176763586125,0.543956043956044,P,A;E;G;K;N;P;S;T,differs_from_consensus,False,True,scaffold_differs_from_msa_consensus,0.7387697198024744,surface,False,False,False,False,42.86992731997919,True,False,unassigned_manual_review,,not_annotated_no_domain_boundaries,,False,False
9M31,A,VI-D,binary,177,178,A,173.0,A,178.0,,ALA,True,741,742,four_layer_exact,high,0.456043956043956,0.1886051080550098,2.4165316593704933,0.543956043956044,K,D;E;K;N;Q;R;S,differs_from_consensus,False,True,scaffold_differs_from_msa_consensus,0.35791225059895576,surface,False,False,False,False,39.140736708733264,True,False,unassigned_manual_review,,not_annotated_no_domain_boundaries,,False,False
9M31,A,VI-D,binary,178,179,F,174.0,F,179.0,,PHE,True,742,743,four_layer_exact,high,0.4230769230769231,0.190395240118997,2.423465993606993,0.5769230769230769,K,A;D;F;K;L;N;T;V;Y,differs_from_consensus,False,True,scaffold_differs_from_msa_consensus,0.023456806267783306,buried_core,False,False,False,False,36.58824102857333,True,True,unassigned_manual_review,,not_annotated_no_domain_boundaries,,False,False
9M31,A,VI-D,binary,179,180,N,175.0,N,180.0,,ASN,True,743,744,four_layer_exact,high,0.5604395604395604,0.2530413625304136,2.231738306569456,0.4395604395604395,E,D;E;K;N;Q;S;T,differs_from_consensus,False,True,scaffold_differs_from_msa_consensus,0.6245809054396909,surface,False,False,False,False,39.2431186522038,True,False,unassigned_manual_review,,not_annotated_no_domain_boundaries,,False,False
9M31,A,VI-D,binary,180,181,N,176.0,N,181.0,,ASN,True,744,745,four_layer_exact,high,0.3791208791208791,0.2129629629629629,2.343535210906453,0.6208791208791209,D,A;D;E;K;N;P;R;S;V,differs_from_consensus,False,True,scaffold_differs_from_msa_consensus,0.5219193929408107,surface,False,False,False,False,43.580056581993325,True,False,unassigned_manual_review,,not_annotated_no_domain_boundaries,,False,False
9M31,A,VI-D,binary,181,182,N,177.0,N,182.0,,ASN,True,749,750,four_layer_exact,high,0.1098901098901098,0.2222222222222222,2.099546784004169,0.8901098901098901,D,A;D;E;F;I;K;N;Q;V,differs_from_consensus,False,True,scaffold_differs_from_msa_consensus,0.3786259710262402,surface,False,False,False,False,39.46652240751714,True,False,unassigned_manual_review,,not_annotated_no_domain_boundaries,,False,False
9M31,A,VI-D,binary,182,183,D,178.0,D,183.0,,ASP,True,750,751,four_layer_exact,high,0.0549450549450549,0.2,2.025326220770068,0.945054945054945,A,A;D;K;N;Q;S;T;V,differs_from_consensus,False,True,scaffold_differs_from_msa_consensus,0.5238837218501052,surface,False,False,False,False,41.257611004017036,True,False,unassigned_manual_review,,not_annotated_no_domain_boundaries,,False,False
9M31,A,VI-D,binary,183,184,K,179.0,K,184.0,,LYS,True,754,755,four_layer_exact,high,0.0769230769230769,0.3571428571428571,1.7298201303799212,0.9230769230769232,K,E;I;K;N;R;T;V,matches_consensus,False,False,,0.6571880632897892,surface,False,False,False,False,37.800849775507665,True,False,unassigned_manual_review,,not_annotated_no_domain_boundaries,,False,False
9M31,A,VI-D,binary,184,185,L,180.0,L,185.0,,LEU,True,755,756,four_layer_exact,high,0.1153846153846153,0.1904761904761904,2.359465687487068,0.8846153846153846,I,A;E;I;L;V;W,differs_from_consensus,False,True,scaffold_differs_from_msa_consensus,0.33044553175221597,surface,False,False,False,False,35.558368594322815,True,False,unassigned_manual_review,,not_annotated_no_domain_boundaries,,False,False
9M31,A,VI-D,binary,185,186,I,181.0,I,186.0,,ILE,True,756,757,four_layer_exact,high,0.1373626373626373,0.2,2.3351324951264743,0.8626373626373627,I,C;I;K;P;Q;R;Y,matches_consensus,False,False,,0.018390277401623092,buried_core,False,False,False,False,36.46693508937931,True,True,unassigned_manual_review,,not_annotated_no_domain_boundaries,,False,False
9M31,A,VI-D,binary,186,187,N,182.0,N,187.0,,ASN,True,757,758,four_layer_exact,high,0.6483516483516484,0.2745098039215686,2.2140650838006617,0.3516483516483516,K,A;D;K;N;R;S,differs_from_consensus,False,True,scaffold_differs_from_msa_consensus,0.48209495339075076,surface,False,False,False,False,35.61832128250101,True,False,unassigned_manual_review,,not_annotated_no_domain_boundaries,,False,False
9M31,A,VI-D,binary,187,188,A,183.0,A,188.0,,ALA,True,758,759,four_layer_exact,high,0.7032967032967034,0.3263157894736842,2.0183308491572056,0.2967032967032966,N,A;D;K;N;R;S;T,differs_from_consensus,False,True,scaffold_differs_from_msa_consensus,0.28809407994793035,surface,False,False,False,False,33.51037250851202,True,False,unassigned_manual_review,,not_annotated_no_domain_boundaries,,False,False
9M31,A,VI-D,binary,188,189,I,184.0,I,189.0,,ILE,True,759,760,four_layer_exact,high,0.7142857142857143,0.2268041237113402,2.4667628755816917,0.2857142857142857,I,A;F;I;L;N;R;V,matches_consensus,False,False,,0.036780554803246185,buried_core,False,False,False,False,31.507150058493927,True,True,unassigned_manual_review,,not_annotated_no_domain_boundaries,,False,False
9M31,A,VI-D,binary,189,190,K,185.0,K,190.0,,LYS,True,760,761,four_layer_exact,high,0.7252747252747253,0.1616161616161616,2.4705730625141404,0.2747252747252747,N,A;D;E;G;K;N;R;S;T,differs_from_consensus,False,True,scaffold_differs_from_msa_consensus,0.34708432780992876,surface,False,False,False,False,30.458986945957093,True,False,unassigned_manual_review,,not_annotated_no_domain_boundaries,,False,False
9M31,A,VI-D,binary,190,191,A,186.0,A,191.0,,ALA,True,761,762,four_layer_exact,high,0.7252747252747253,0.3163265306122449,2.216312346365829,0.2747252747252747,K,D;E;K;N;R;S,differs_from_consensus,False,True,scaffold_differs_from_msa_consensus,0.43896582813020085,surface,False,False,False,False,29.281641125452236,True,False,unassigned_manual_review,,not_annotated_no_domain_boundaries,,False,False
9M31,A,VI-D,binary,191,192,Q,187.0,Q,192.0,,GLN,True,762,763,four_layer_exact,high,0.7802197802197802,0.213953488372093,2.484878606258631,0.2197802197802197,S,A;I;K;L;N;Q;S;V,differs_from_consensus,False,True,scaffold_differs_from_msa_consensus,0.05793130363541217,buried_core,False,False,False,False,27.098299904214844,True,True,unassigned_manual_review,,not_annotated_no_domain_boundaries,,False,False
9M31,A,VI-D,binary,192,193,Y,188.0,Y,193.0,,TYR,True,763,764,four_layer_exact,high,0.7857142857142857,0.4128440366972477,1.8907203716128045,0.2142857142857143,K,K;R;Y,differs_from_consensus,False,True,scaffold_differs_from_msa_consensus,0.21256928508936576,surface,False,False,False,False,25.372906329262555,True,False,unassigned_manual_review,,not_annotated_no_domain_boundaries,,False,False
9M31,A,VI-D,binary,193,194,D,189.0,D,194.0,,ASP,True,764,765,four_layer_exact,high,0.8131868131868132,0.1938325991189427,2.164355216127221,0.1868131868131868,E,A;D;E;K;N;R;S,differs_from_consensus,True,True,scaffold_differs_from_msa_consensus,0.49023013490538,surface,False,False,False,False,24.480782535756887,True,False,unassigned_manual_review,,not_annotated_no_domain_boundaries,,True,False
9M31,A,VI-D,binary,194,195,E,190.0,E,195.0,,GLU,True,765,766,four_layer_exact,high,0.7307692307692307,0.2081218274111675,2.5933707260581027,0.2692307692307693,K,A;D;E;F;K;L;N;S;T,differs_from_consensus,False,True,scaffold_differs_from_msa_consensus,0.21421041079588318,surface,False,False,False,False,22.896712182956325,True,False,unassigned_manual_review,,not_annotated_no_domain_boundaries,,False,False
9M31,A,VI-D,binary,195,196,F,191.0,F,196.0,,PHE,True,808,809,four_layer_exact,high,0.7967032967032966,0.6947869955156951,1.085834884972082,0.2032967032967033,F,F;L;Y,matches_consensus,False,False,,0.005031784233499651,buried_core,False,False,False,False,21.00587775800655,True,True,unassigned_manual_review,,not_annotated_no_domain_boundaries,,False,False
9M31,A,VI-D,binary,196,197,D,192.0,D,197.0,,ASP,True,847,848,four_layer_exact,high,0.8791208791208791,0.272,2.3570440080535624,0.1208791208791209,E,D;E;K;L;Q,differs_from_consensus,True,True,scaffold_differs_from_msa_consensus,0.35407682994595546,surface,False,False,False,False,19.428597544250284,True,False,unassigned_manual_review,,not_annotated_no_domain_boundaries,,True,False
9M31,A,VI-D,binary,197,198,N,193.0,N,198.0,,ASN,True,848,849,four_layer_exact,high,0.8901098901098901,0.2125984251968504,2.259972308387499,0.1098901098901099,E,A;D;E;K;N;Q,differs_from_consensus,True,True,scaffold_differs_from_msa_consensus,0.4597627728500264,surface,False,False,False,False,18.75435566425132,True,False,unassigned_manual_review,,not_annotated_no_domain_boundaries,,True,False
9M31,A,VI-D,binary,198,199,F,194.0,F,199.0,,PHE,True,853,854,four_layer_exact,high,0.989010989010989,0.3931034482758621,1.7026153784520743,0.0109890109890109,L,F;I;L;V;Y,differs_from_consensus,True,True,scaffold_differs_from_msa_consensus,0.03522248963449756,buried_core,False,False,False,False,17.05160597403498,True,True,unassigned_manual_review,,not_annotated_no_domain_boundaries,,True,False
9M31,A,VI-D,binary,199,200,L,195.0,L,200.0,,LEU,True,854,855,four_layer_exact,high,0.9835164835164836,0.3819444444444444,1.902525130550066,0.0164835164835165,L,I;L;M;V;Y,matches_consensus,True,False,,0.20816211678463004,surface,False,False,False,False,15.222084792039146,True,False,unassigned_manual_review,,not_annotated_no_domain_boundaries,,True,False
9M31,A,VI-D,binary,200,201,D,196.0,D,201.0,,ASP,True,855,856,four_layer_exact,high,0.9725274725274724,0.3218968531468531,2.266836153858927,0.0274725274725274,K,D;E;K;N;R;S,differs_from_consensus,True,True,scaffold_differs_from_msa_consensus,0.5208103001293302,surface,False,False,False,False,14.338398708301902,True,False,unassigned_manual_review,,not_annotated_no_domain_boundaries,,True,False
9M31,A,VI-D,binary,201,202,N,197.0,N,202.0,,ASN,True,859,860,four_layer_exact,high,0.9725274725274724,0.2867132867132867,2.1543887797951977,0.0274725274725274,N,A;D;K;N;R;S;T,matches_consensus,True,False,,0.16959709111284219,buried_core,False,False,False,False,12.559258833135297,True,True,unassigned_manual_review,,not_annotated_no_domain_boundaries,,True,False
9M31,A,VI-D,binary,202,203,P,198.0,P,203.0,,PRO,True,866,867,four_layer_exact,high,0.956043956043956,0.1798561151079136,2.5536442431912896,0.0439560439560439,P,A;I;K;N;P;S;T,matches_consensus,True,False,,0.3628541885909534,surface,False,False,False,False,9.834607403030327,True,False,unassigned_manual_review,,not_annotated_no_domain_boundaries,,True,False
9M31,A,VI-D,binary,203,204,R,199.0,R,204.0,,ARG,True,867,868,four_layer_exact,high,0.9615384615384616,0.4357142857142857,1.832936178223712,0.0384615384615384,R,E;K;Q;R;S,matches_consensus,True,False,,0.17637061676585764,buried_core,False,False,False,False,12.04502873743871,True,True,unassigned_manual_review,,not_annotated_no_domain_boundaries,,True,False
9M31,A,VI-D,binary,204,205,L,200.0,L,205.0,,LEU,True,876,877,four_layer_exact,high,0.934065934065934,0.5073529411764706,1.6645494685568731,0.0659340659340659,L,F;I;L;M;Y,matches_consensus,True,False,,0.012016201154626033,buried_core,False,False,False,False,12.221670034039366,True,True,unassigned_manual_review,,not_annotated_no_domain_boundaries,,True,False
9M31,A,VI-D,binary,205,206,G,201.0,G,206.0,,GLY,True,877,878,four_layer_exact,high,0.934065934065934,0.3823529411764705,2.197807917413664,0.0659340659340659,G,A;G;K;R;S;V,matches_consensus,True,False,,0.06747778528450846,buried_core,False,False,False,False,9.616114139675004,True,True,unassigned_manual_review,,not_annotated_no_domain_boundaries,,True,False
9M31,A,VI-D,binary,206,207,Y,202.0,Y,207.0,,TYR,True,883,884,four_layer_exact,high,0.989010989010989,0.8896551724137931,0.4561349249235004,0.0109890109890109,Y,F;Y,matches_consensus,True,False,,0.012739719635609723,buried_core,False,False,False,False,11.098891693845628,True,True,unassigned_manual_review,,not_annotated_no_domain_boundaries,,True,False
9M31,A,VI-D,binary,207,208,F,203.0,F,208.0,,PHE,True,884,885,four_layer_exact,high,0.989010989010989,0.7448275862068966,0.9081011234715318,0.0109890109890109,F,F;L;Y,matches_consensus,True,False,,0.025158921167498256,buried_core,False,False,False,False,12.844278241220268,True,True,unassigned_manual_review,,not_annotated_no_domain_boundaries,,True,False
9M31,A,VI-D,binary,208,209,G,204.0,G,209.0,,GLY,True,889,890,four_layer_exact,high,0.9725274725274724,0.676056338028169,1.231170526549714,0.0274725274725274,G,D;G;N;S,matches_consensus,True,False,,0.020817763719012766,buried_core,False,False,False,False,11.159711366636657,True,True,unassigned_manual_review,,not_annotated_no_domain_boundaries,,True,False
9M31,A,VI-D,binary,209,210,Q,205.0,Q,210.0,,GLN,True,901,902,four_layer_exact,high,0.9835164835164836,0.2083333333333333,2.408580112882473,0.0164835164835165,D,D;E;F;G;K;N;S;T,differs_from_consensus,True,True,scaffold_differs_from_msa_consensus,0.2107707077664007,surface,False,True,False,False,7.541502986999288,True,False,unassigned_manual_review,,not_annotated_no_domain_boundaries,,True,False
9M31,A,VI-D,binary,210,211,A,206.0,A,211.0,,ALA,True,902,903,four_layer_exact,high,0.9835164835164836,0.3611111111111111,2.0000778562397588,0.0164835164835165,A,A;E;I;L;T;V,matches_consensus,True,False,,0.016611767814925897,buried_core,False,False,False,False,13.69073499357608,True,True,unassigned_manual_review,,not_annotated_no_domain_boundaries,,True,False
9M31,A,VI-D,binary,211,212,F,207.0,F,212.0,,PHE,True,903,904,four_layer_exact,high,0.978021978021978,0.7482517482517482,0.9158307687118252,0.021978021978022,F,F;L;Y,matches_consensus,True,False,,0.010063568466999302,buried_core,False,False,False,False,14.562853928055747,True,True,unassigned_manual_review,,not_annotated_no_domain_boundaries,,True,False
9M31,A,VI-D,binary,212,213,F,208.0,F,213.0,,PHE,True,904,905,four_layer_exact,high,0.9725274725274724,0.2887323943661972,2.4549672026777847,0.0274725274725274,Y,F;I;K;Y,differs_from_consensus,True,True,scaffold_differs_from_msa_consensus,0.17887474587303417,buried_core,False,False,False,False,9.82306025151045,True,True,unassigned_manual_review,,not_annotated_no_domain_boundaries,,True,False
9M31,A,VI-D,binary,213,214,S,209.0,S,214.0,,SER,True,946,947,four_layer_exact,high,0.7857142857142857,0.3518518518518518,2.211937438426997,0.2142857142857143,K,A;E;G;K;N;R,differs_from_consensus,False,True,scaffold_differs_from_msa_consensus,0.15822763144013047,buried_core,False,False,False,False,11.930310643865191,True,True,unassigned_manual_review,,not_annotated_no_domain_boundaries,,False,False
9M31,A,VI-D,binary,214,215,K,210.0,K,215.0,,LYS,True,947,948,four_layer_exact,high,0.8241758241758241,0.7043478260869566,1.1626233707530862,0.1758241758241758,K,E;K,matches_consensus,True,False,,0.46348209278742325,surface,False,True,False,False,5.905173727007975,True,False,unassigned_manual_review,,not_annotated_no_domain_boundaries,,True,False
9M31,A,VI-D,binary,215,216,E,211.0,E,216.0,,GLU,True,948,949,four_layer_exact,high,0.7802197802197802,0.2339369158878504,2.3817694049600524,0.2197802197802197,D,D;E;G;K;N;P;S,differs_from_consensus,False,True,scaffold_differs_from_msa_consensus,0.6699327150489428,surface,False,False,False,False,11.634386038399546,True,False,unassigned_manual_review,,not_annotated_no_domain_boundaries,,False,False
9M31,A,VI-D,binary,216,217,G,212.0,G,217.0,,GLY,True,979,980,four_layer_exact,high,0.7802197802197802,0.2429906542056074,2.240258343890273,0.2197802197802197,K,D;E;G;K;N;S;T,differs_from_consensus,False,True,scaffold_differs_from_msa_consensus,0.38301765978425384,surface,False,False,False,False,8.381459040308636,True,False,unassigned_manual_review,,not_annotated_no_domain_boundaries,,False,False
9M31,A,VI-D,binary,217,218,R,213.0,R,218.0,,ARG,True,980,981,four_layer_exact,high,0.7912087912087912,0.2782874617737003,2.34506098958044,0.2087912087912088,K,E;K;P;Q;R;S,differs_from_consensus,False,True,scaffold_differs_from_msa_consensus,0.6868835964768484,surface,True,False,True,False,4.482681375151769,True,False,unassigned_manual_review,,not_annotated_no_domain_boundaries,,False,False
9M31,A,VI-D,binary,218,219,N,214.0,N,219.0,,ASN,True,981,982,four_layer_exact,high,0.7307692307692307,0.3563762626262626,2.099450546137691,0.2692307692307693,K,D;E;K;Q;R,differs_from_consensus,False,True,scaffold_differs_from_msa_consensus,0.4627264385843021,surface,False,True,False,False,6.131869685179194,True,False,unassigned_manual_review,,not_annotated_no_domain_boundaries,,False,False
9M31,A,VI-D,binary,219,220,Y,215.0,Y,220.0,,TYR,True,993,994,four_layer_exact,high,0.5164835164835165,0.1182795698924731,2.7355261193529987,0.4835164835164834,E,D;E;G;K;L;N;R;Y,differs_from_consensus,False,True,scaffold_differs_from_msa_consensus,0.1916135481158082,buried_core,False,True,False,False,6.38088381750988,True,True,unassigned_manual_review,,not_annotated_no_domain_boundaries,,False,False
9M31,A,VI-D,binary,220,221,I,216.0,I,221.0,,ILE,True,994,995,four_layer_exact,high,0.7252747252747253,0.1530612244897959,2.5439263886462906,0.2747252747252747,K,D;E;I;K;N;Q;T;V,differs_from_consensus,False,True,scaffold_differs_from_msa_consensus,0.37868330462193106,surface,False,False,False,False,10.287728103462644,True,False,unassigned_manual_review,,not_annotated_no_domain_boundaries,,False,False
9M31,A,VI-D,binary,221,222,I,217.0,I,222.0,,ILE,True,995,996,four_layer_exact,high,0.8296703296703297,0.2183908045977011,2.5145360363436486,0.1703296703296702,E,D;E;K;L;N;P;Q;R,differs_from_consensus,True,True,scaffold_differs_from_msa_consensus,0.35581302041326396,surface,False,False,False,False,11.971271217451779,True,False,unassigned_manual_review,,not_annotated_no_domain_boundaries,,True,False
9M31,A,VI-D,binary,222,223,N,218.0,N,223.0,,ASN,True,996,997,four_layer_exact,high,0.9725274725274724,0.380281690140845,2.0447219024364927,0.0274725274725274,K,A;E;K;N;R,differs_from_consensus,True,True,scaffold_differs_from_msa_consensus,0.10811705730452022,buried_core,False,False,False,False,15.110607107343165,True,True,unassigned_manual_review,,not_annotated_no_domain_boundaries,,True,False
9M31,A,VI-D,binary,223,224,Y,219.0,Y,224.0,,TYR,True,997,998,four_layer_exact,high,0.967032967032967,0.2624113475177305,2.556186469552014,0.0329670329670329,S,D;E;N;S;T,differs_from_consensus,True,True,scaffold_differs_from_msa_consensus,0.6633914144452656,surface,False,False,False,False,18.47631517005564,True,False,unassigned_manual_review,,not_annotated_no_domain_boundaries,,True,False
9M31,A,VI-D,binary,224,225,G,220.0,G,225.0,,GLY,True,998,999,four_layer_exact,high,0.967032967032967,0.3191489361702128,2.001474815983524,0.0329670329670329,E,D;E;K;Q;R,differs_from_consensus,True,True,scaffold_differs_from_msa_consensus,0.2401083015992676,surface,False,False,False,False,20.44994646302569,True,False,unassigned_manual_review,,not_annotated_no_domain_boundaries,,True,False
9M31,A,VI-D,binary,225,226,N,221.0,N,226.0,,ASN,True,999,1000,four_layer_exact,high,0.912087912087912,0.3435114503816794,1.9206601311885951,0.0879120879120879,K,D;E;K;N;R,differs_from_consensus,True,True,scaffold_differs_from_msa_consensus,0.2531914239283134,surface,False,False,False,False,22.839754386677164,True,False,unassigned_manual_review,,not_annotated_no_domain_boundaries,,True,False
9M31,A,VI-D,binary,226,227,E,222.0,E,227.0,,GLU,True,1021,1022,four_layer_exact,high,0.9725274725274724,0.4223151408450704,2.004366578420314,0.0274725274725274,E,D;E;H;K;R;Y,matches_consensus,True,False,,0.2024903260733915,surface,False,False,False,False,19.78734969376148,True,False,unassigned_manual_review,,not_annotated_no_domain_boundaries,,True,False
9M31,A,VI-D,binary,227,228,C,223.0,C,228.0,,CYS,True,1030,1031,four_layer_exact,high,0.9945054945054944,0.3084332191780822,1.9334741628997247,0.0054945054945054,I,A;C;I;L;N;V,differs_from_consensus,True,True,scaffold_differs_from_msa_consensus,0.0,buried_core,False,False,False,False,18.2229300705884,True,True,unassigned_manual_review,,not_annotated_no_domain_boundaries,,True,False
9M31,A,VI-D,binary,228,229,Y,224.0,Y,229.0,,TYR,True,1031,1032,four_layer_exact,high,0.9945054945054944,0.6643835616438356,1.2277374201348163,0.0054945054945054,Y,F;Y,matches_consensus,True,False,,0.008147977369298254,buried_core,False,False,False,False,22.69580538177251,True,True,unassigned_manual_review,,not_annotated_no_domain_boundaries,,True,False
9M31,A,VI-D,binary,229,230,D,225.0,D,230.0,,ASP,True,1032,1033,four_layer_exact,high,0.9945054945054944,0.2054794520547945,2.289840835448434,0.0054945054945054,N,D;H;K;N;S;Y,differs_from_consensus,True,True,scaffold_differs_from_msa_consensus,0.0,buried_core,False,False,False,False,23.225556493849442,True,True,unassigned_manual_review,,not_annotated_no_domain_boundaries,,True,False
9M31,A,VI-D,binary,230,231,I,226.0,I,231.0,,ILE,True,1033,1034,four_layer_exact,high,0.9945054945054944,0.4111729452054795,1.6950957478591993,0.0054945054945054,I,I;L;V,matches_consensus,True,False,,0.04152821892550773,buried_core,False,False,False,False,18.602739994858435,True,True,unassigned_manual_review,,not_annotated_no_domain_boundaries,,True,False
9M31,A,VI-D,binary,231,232,L,227.0,L,232.0,,LEU,True,1034,1035,four_layer_exact,high,0.9945054945054944,0.6712328767123288,1.184271988274514,0.0054945054945054,L,F;I;L,matches_consensus,True,False,,0.01133874248807282,buried_core,False,False,False,False,22.308722111406027,True,True,unassigned_manual_review,,not_annotated_no_domain_boundaries,,True,False
9M31,A,VI-D,binary,232,233,A,228.0,A,233.0,,ALA,True,1035,1036,four_layer_exact,high,0.9945054945054944,0.3424657534246575,1.8198097162278748,0.0054945054945054,R,A;C;R;S,differs_from_consensus,True,True,scaffold_differs_from_msa_consensus,0.0,buried_core,False,False,False,False,25.622949376740575,True,True,unassigned_manual_review,,not_annotated_no_domain_boundaries,,True,False
9M31,A,VI-D,binary,233,234,L,229.0,L,234.0,,LEU,True,1036,1037,four_layer_exact,high,0.9945054945054944,0.4246575342465753,1.7449120721819953,0.0054945054945054,L,F;I;L;M;V,matches_consensus,True,False,,0.012016201154626033,buried_core,False,False,False,False,22.262002145936858,True,True,unassigned_manual_review,,not_annotated_no_domain_boundaries,,True,False
9M31,A,VI-D,binary,234,235,L,230.0,L,235.0,,LEU,True,1037,1038,four_layer_exact,high,1.0,0.6326530612244898,1.1752685407534762,0.0,L,A;I;L;V,matches_consensus,True,False,,0.028905778375865488,buried_core,False,False,False,False,20.670028686816305,True,True,unassigned_manual_review,,not_annotated_no_domain_boundaries,,True,False
9M31,A,VI-D,binary,235,236,S,231.0,S,236.0,,SER,True,1038,1039,four_layer_exact,high,1.0,0.4419642857142857,1.2867105197612856,0.0,G,A;G;S,differs_from_consensus,True,True,scaffold_differs_from_msa_consensus,0.0,buried_core,False,False,False,False,23.557368087345015,True,True,unassigned_manual_review,,not_annotated_no_domain_boundaries,,True,False
9M31,A,VI-D,binary,236,237,G,232.0,G,237.0,,GLY,True,1039,1040,four_layer_exact,high,1.0,0.1428571428571428,2.660033185241378,0.0,S,A;F;I;K;L;M;Q;S;T;Y,differs_from_consensus,True,True,scaffold_differs_from_msa_consensus,0.0,buried_core,False,False,False,False,22.393355621610976,True,True,unassigned_manual_review,,not_annotated_no_domain_boundaries,,True,False
9M31,A,VI-D,binary,237,238,L,233.0,L,238.0,,LEU,True,1040,1041,four_layer_exact,high,1.0,0.4693877551020408,1.5713257017154096,0.0,L,A;I;L;M;V,matches_consensus,True,False,,0.012016201154626033,buried_core,False,False,False,False,18.963619941125522,True,True,unassigned_manual_review,,not_annotated_no_domain_boundaries,,True,False
9M31,A,VI-D,binary,238,239,R,234.0,A,239.0,,ALA,True,1041,1042,four_layer_literature_restored_substitution,high,1.0,1.0,-0.0,0.0,R,R,matches_consensus,True,True,literature_confirmed_construct_substitution,0.19645192267506506,buried_core,False,False,False,False,19.248247160642478,True,True,HEPN1,,not_annotated_no_domain_boundaries,HEPN1_R,True,False
9M31,A,VI-D,binary,239,240,H,235.0,H,240.0,,HIS,True,1042,1043,four_layer_exact,high,1.0,0.7142857142857143,0.9316783758070812,0.0,Q,H;N;Q,differs_from_consensus,True,True,scaffold_differs_from_msa_consensus,0.06845945531201383,buried_core,False,False,False,False,20.3238708619931,True,True,unassigned_manual_review,,not_annotated_no_domain_boundaries,,True,False
9M31,A,VI-D,binary,240,241,W,236.0,W,241.0,,TRP,True,1043,1044,four_layer_exact,high,1.0,0.2108843537414966,2.323815639312074,0.0,F,A;F;L;M;S;W,differs_from_consensus,True,True,scaffold_differs_from_msa_consensus,0.08155662713776045,buried_core,False,False,False,False,14.99186201938713,True,True,unassigned_manual_review,,not_annotated_no_domain_boundaries,,True,False
9M31,A,VI-D,binary,241,242,V,237.0,V,242.0,,VAL,True,1044,1045,four_layer_exact,high,1.0,0.3197278911564626,1.9871025701383875,0.0,C,A;C;I;L;S;T;V,differs_from_consensus,True,True,scaffold_differs_from_msa_consensus,0.18493999853673163,buried_core,False,False,False,False,14.507976788961855,True,True,unassigned_manual_review,,not_annotated_no_domain_boundaries,,True,False
9M31,A,VI-D,binary,242,243,V,238.0,V,243.0,,VAL,True,1045,1046,four_layer_exact,high,1.0,0.2653061224489796,1.9638985671056768,0.0,F,A;F;M;T;V,differs_from_consensus,True,True,scaffold_differs_from_msa_consensus,0.46793090930502,surface,False,False,False,False,17.016842803866442,True,False,unassigned_manual_review,,not_annotated_no_domain_boundaries,,True,False
9M31,A,VI-D,binary,243,244,H,239.0,A,244.0,,ALA,True,1046,1047,four_layer_literature_restored_substitution,high,1.0,0.9931972789115646,0.0407280509323613,0.0,H,H,matches_consensus,True,True,literature_confirmed_construct_substitution,0.2514263846324872,surface,False,False,False,False,17.506102302122436,True,False,HEPN1,,not_annotated_no_domain_boundaries,HEPN1_H,True,False
9M31,A,VI-D,binary,244,245,N,240.0,N,245.0,,ASN,True,1047,1048,four_layer_exact,high,1.0,0.3197278911564626,2.187913418055878,0.0,G,D;E;F;G;S;Y,differs_from_consensus,True,True,scaffold_differs_from_msa_consensus,0.6770839751815981,surface,False,False,False,False,17.380371976833104,True,False,unassigned_manual_review,,not_annotated_no_domain_boundaries,,True,True
9M31,A,VI-D,binary,245,246,N,,,,,,False,1049,1050,full_msa_only_unresolved_coordinate,medium,0.9285714285714286,0.1838235294117647,2.43337981865906,0.0714285714285714,K,D;E;G;K;N;S;T;Y,differs_from_consensus,False,True,unresolved_internal;scaffold_differs_from_msa_consensus,,,,,,,,False,False,unassigned_manual_review,,not_annotated_no_domain_boundaries,,False,False
9M31,A,VI-D,binary,246,247,E,,,,,,False,1050,1051,full_msa_only_unresolved_coordinate,medium,0.912087912087912,0.1753339694656488,2.61739589031574,0.0879120879120879,E,D;E;G;K;N;T;V,matches_consensus,False,True,unresolved_internal,,,,,,,,False,False,unassigned_manual_review,,not_annotated_no_domain_boundaries,,False,False
9M31,A,VI-D,binary,247,248,E,,,,,,False,1051,1052,full_msa_only_unresolved_coordinate,medium,0.934065934065934,0.1753086419753086,2.555000334921787,0.0659340659340659,S,A;D;E;G;K;N;R;S;T,differs_from_consensus,False,True,unresolved_internal;scaffold_differs_from_msa_consensus,,,,,,,,False,False,unassigned_manual_review,,not_annotated_no_domain_boundaries,,False,False
9M31,A,VI-D,binary,248,249,E,,,,,,False,1055,1056,full_msa_only_unresolved_coordinate,medium,0.8626373626373627,0.2254098360655737,2.519479610737625,0.1373626373626373,N,D;E;G;K;N;R;S;T,differs_from_consensus,False,True,unresolved_internal;scaffold_differs_from_msa_consensus,,,,,,,,False,False,unassigned_manual_review,,not_annotated_no_domain_boundaries,,False,False
9M31,A,VI-D,binary,249,250,S,241.0,S,250.0,,SER,True,1056,1057,four_layer_exact,high,0.8131868131868132,0.168141592920354,2.4508894946563955,0.1868131868131868,R,A;D;K;N;R;S;T,differs_from_consensus,True,True,scaffold_differs_from_msa_consensus,0.9558396584878653,surface,False,False,False,False,26.685142791336222,True,False,unassigned_manual_review,,not_annotated_no_domain_boundaries,,True,True
9M31,A,VI-D,binary,250,251,R,242.0,R,251.0,,ARG,True,1064,1065,four_layer_exact,high,0.0934065934065934,0.2352941176470588,2.180839527058621,0.9065934065934066,G,A;D;E;G;H;K;L;N;Q;S,differs_from_consensus,False,True,scaffold_differs_from_msa_consensus,0.5496111780575779,surface,False,False,False,False,27.496398932026164,True,False,unassigned_manual_review,,not_annotated_no_domain_boundaries,,False,False
9M31,A,VI-D,binary,251,252,I,243.0,I,252.0,,ILE,True,1072,1073,four_layer_exact,high,0.2857142857142857,0.1764705882352941,2.578844808230984,0.7142857142857143,I,D;I;K;L;N;Q;R;S;V,matches_consensus,False,False,,0.11430727927447704,buried_core,False,False,False,False,23.581412324332213,True,True,unassigned_manual_review,,not_annotated_no_domain_boundaries,,False,False
9M31,A,VI-D,binary,252,253,S,244.0,S,253.0,,SER,True,1073,1074,four_layer_exact,high,0.3901098901098901,0.1764705882352941,2.429284477153144,0.6098901098901099,A,A;D;G;K;P;S;T,differs_from_consensus,False,True,scaffold_differs_from_msa_consensus,0.320084755007123,surface,False,False,False,False,21.257901719981472,True,False,unassigned_manual_review,,not_annotated_no_domain_boundaries,,False,False
9M31,A,VI-D,binary,253,254,R,245.0,R,254.0,,ARG,True,1074,1075,four_layer_exact,high,0.4065934065934066,0.1714285714285714,2.4148389702678728,0.5934065934065934,D,D;E;G;K;N;P;R;S,differs_from_consensus,False,True,scaffold_differs_from_msa_consensus,0.2872917687708152,surface,False,False,False,False,16.08019824491668,True,False,unassigned_manual_review,,not_annotated_no_domain_boundaries,,False,False
9M31,A,VI-D,binary,254,255,T,246.0,T,255.0,,THR,True,1075,1076,four_layer_exact,high,0.6538461538461539,0.2142857142857142,2.3573451971064188,0.3461538461538461,T,A;F;N;S;T;Y,matches_consensus,False,False,,0.14654726065759419,buried_core,False,False,False,False,20.62597803928185,True,True,unassigned_manual_review,,not_annotated_no_domain_boundaries,,False,False
9M31,A,VI-D,binary,255,256,W,247.0,W,256.0,,TRP,True,1078,1079,four_layer_exact,high,0.8516483516483516,0.3916666666666666,2.1616914042489888,0.1483516483516483,W,A;S;V;W;Y,matches_consensus,True,False,,0.024223332828994984,buried_core,False,False,False,False,21.951428512156536,True,True,unassigned_manual_review,,not_annotated_no_domain_boundaries,,True,False
9M31,A,VI-D,binary,256,257,L,248.0,L,257.0,,LEU,True,1079,1080,four_layer_exact,high,0.978021978021978,0.6153846153846154,1.3618227655954975,0.021978021978022,L,I;L,matches_consensus,True,False,,0.010661283821519606,buried_core,False,False,False,False,17.016047534256252,True,True,unassigned_manual_review,,not_annotated_no_domain_boundaries,,True,False
9M31,A,VI-D,binary,257,258,Y,249.0,Y,258.0,,TYR,True,1080,1081,four_layer_exact,high,0.9835164835164836,0.6319444444444444,0.7720129761978174,0.0164835164835165,Y,F;Y,matches_consensus,True,False,,0.07488505706867131,buried_core,False,False,False,False,14.825675377403604,True,True,unassigned_manual_review,,not_annotated_no_domain_boundaries,,True,False
9M31,A,VI-D,binary,258,259,N,250.0,N,259.0,,ASN,True,1081,1082,four_layer_exact,high,0.945054945054945,0.3941605839416058,2.045662002332108,0.0549450549450549,N,D;K;N;Q;R;S,matches_consensus,True,False,,0.0975990695432278,buried_core,False,False,False,False,23.168248554536817,True,True,unassigned_manual_review,,not_annotated_no_domain_boundaries,,True,False
9M31,A,VI-D,binary,259,260,L,251.0,L,260.0,,LEU,True,1082,1083,four_layer_exact,high,0.9835164835164836,0.5277777777777778,1.7186172629535157,0.0164835164835165,L,A;I;L;S,matches_consensus,True,False,,0.04024452086393831,buried_core,False,False,False,False,22.523200301069576,True,True,unassigned_manual_review,,not_annotated_no_domain_boundaries,,True,False
9M31,A,VI-D,binary,260,261,D,252.0,D,261.0,,ASP,True,1092,1093,four_layer_exact,high,0.9395604395604396,0.406934306569343,1.7487052880905518,0.0604395604395604,D,D;E;K;N;S,matches_consensus,True,False,,0.6902024366924775,surface,False,False,False,False,25.799389178092948,True,False,unassigned_manual_review,,not_annotated_no_domain_boundaries,,True,False
9M31,A,VI-D,binary,261,262,K,253.0,K,262.0,,LYS,True,1093,1094,four_layer_exact,high,0.9065934065934066,0.2366412213740458,2.340740778692264,0.0934065934065934,K,D;E;K;N;Q;S,matches_consensus,True,False,,0.621433224567952,surface,False,False,False,False,28.58195054843917,True,False,unassigned_manual_review,,not_annotated_no_domain_boundaries,,True,False
9M31,A,VI-D,binary,262,263,N,254.0,N,263.0,,ASN,True,1099,1100,four_layer_exact,high,0.456043956043956,0.2131147540983606,2.715843952942517,0.543956043956044,K,D;E;F;K;Q;V,differs_from_consensus,False,True,scaffold_differs_from_msa_consensus,0.3202748346150412,surface,False,False,False,False,26.40113859757612,True,False,unassigned_manual_review,,not_annotated_no_domain_boundaries,,False,False
9M31,A,VI-D,binary,263,264,L,255.0,L,264.0,,LEU,True,1100,1101,four_layer_exact,high,0.7142857142857143,0.6185567010309279,1.313524370036907,0.2857142857142857,L,F;I;L,matches_consensus,False,False,,0.0979839303933361,buried_core,False,False,False,False,26.34540550363382,True,True,unassigned_manual_review,,not_annotated_no_domain_boundaries,,False,False
9M31,A,VI-D,binary,264,265,D,256.0,D,265.0,,ASP,True,1113,1114,four_layer_exact,high,0.8846153846153846,0.164021164021164,2.621709658011768,0.1153846153846154,D,A;D;K;N;P;R;S,matches_consensus,True,False,,0.36220369064337443,surface,False,False,False,False,27.82857888322959,True,False,unassigned_manual_review,,not_annotated_no_domain_boundaries,,True,False
9M31,A,VI-D,binary,265,266,N,257.0,N,266.0,,ASN,True,1114,1115,four_layer_exact,high,0.956043956043956,0.1894484412470023,2.3583923331809755,0.0439560439560439,P,A;D;E;G;K;N;P;Q;S,differs_from_consensus,True,True,scaffold_differs_from_msa_consensus,0.5918007865984833,surface,False,False,False,False,25.954362184845497,True,False,unassigned_manual_review,,not_annotated_no_domain_boundaries,,True,False
9M31,A,VI-D,binary,266,267,E,258.0,E,267.0,,GLU,True,1115,1116,four_layer_exact,high,0.9725274725274724,0.5070422535211268,1.5166328558532232,0.0274725274725274,E,D;E;N,matches_consensus,True,False,,0.18406143363452626,buried_core,False,False,False,False,23.922876541137345,True,True,unassigned_manual_review,,not_annotated_no_domain_boundaries,,True,False
9M31,A,VI-D,binary,267,268,Y,259.0,Y,268.0,,TYR,True,1124,1125,four_layer_exact,high,0.9230769230769232,0.2781954887218045,1.885466982305344,0.0769230769230768,L,A;F;I;L;V;Y,differs_from_consensus,True,True,scaffold_differs_from_msa_consensus,0.018366969065245875,buried_core,False,False,False,False,22.339346056490506,True,True,unassigned_manual_review,,not_annotated_no_domain_boundaries,,True,False
9M31,A,VI-D,binary,268,269,I,260.0,I,269.0,,ILE,True,1145,1146,four_layer_exact,high,0.978021978021978,0.2657342657342657,2.2510283909761952,0.021978021978022,K,I;K;L;R;W,differs_from_consensus,True,True,scaffold_differs_from_msa_consensus,0.21455323635226942,surface,False,False,False,False,21.587133646981574,True,False,unassigned_manual_review,,not_annotated_no_domain_boundaries,,True,False
9M31,A,VI-D,binary,269,270,S,261.0,S,270.0,,SER,True,1146,1147,four_layer_exact,high,0.9945054945054944,0.1986301369863013,2.326101214931983,0.0054945054945054,D,A;D;E;K;N;Q;S,differs_from_consensus,True,True,scaffold_differs_from_msa_consensus,0.4617361275065317,surface,False,False,False,False,20.02591342571698,True,False,unassigned_manual_review,,not_annotated_no_domain_boundaries,,True,False
9M31,A,VI-D,binary,270,271,T,262.0,T,271.0,,THR,True,1147,1148,four_layer_exact,high,1.0,0.2857142857142857,2.118341611796008,0.0,T,F;I;L;T;V,matches_consensus,True,False,,0.025709333071093472,buried_core,False,False,False,False,17.7450163513419,True,True,unassigned_manual_review,,not_annotated_no_domain_boundaries,,True,False
9M31,A,VI-D,binary,271,272,L,263.0,L,272.0,,LEU,True,1148,1149,four_layer_exact,high,1.0,0.6462585034013606,1.051052160330606,0.0,L,I;L;V,matches_consensus,True,False,,0.016669384398832622,buried_core,False,False,False,False,16.753590747303875,True,True,unassigned_manual_review,,not_annotated_no_domain_boundaries,,True,False
9M31,A,VI-D,binary,272,273,N,264.0,N,273.0,,ASN,True,1149,1150,four_layer_exact,high,1.0,0.54421768707483,1.492785903870701,0.0,D,D;E;N,differs_from_consensus,True,True,scaffold_differs_from_msa_consensus,0.16789959999308407,buried_core,False,False,False,False,16.287024043468982,True,True,unassigned_manual_review,,not_annotated_no_domain_boundaries,,True,False
9M31,A,VI-D,binary,273,274,Y,265.0,Y,274.0,,TYR,True,1150,1151,four_layer_exact,high,1.0,0.1428571428571428,2.5588674590066685,0.0,K,A;D;E;K;N;R;S;T;Y,differs_from_consensus,True,True,scaffold_differs_from_msa_consensus,0.31781378572566843,surface,False,False,False,False,14.129960776873975,True,False,unassigned_manual_review,,not_annotated_no_domain_boundaries,,True,False
9M31,A,VI-D,binary,274,275,L,266.0,L,275.0,,LEU,True,1151,1152,four_layer_exact,high,1.0,0.2993197278911564,2.2837401168457734,0.0,L,F;I;K;L;T;V;Y,matches_consensus,True,False,,0.0360486034638781,buried_core,False,False,False,False,11.812873570786733,True,True,unassigned_manual_review,,not_annotated_no_domain_boundaries,,True,False
9M31,A,VI-D,binary,275,276,Y,267.0,Y,276.0,,TYR,True,1152,1153,four_layer_exact,high,1.0,0.6530612244897959,1.1214409686467792,0.0,Y,F;Y,matches_consensus,True,False,,0.021923204168232662,buried_core,False,False,False,False,12.008937711056268,True,True,unassigned_manual_review,,not_annotated_no_domain_boundaries,,True,False
9M31,A,VI-D,binary,276,277,D,268.0,D,277.0,,ASP,True,1153,1154,four_layer_exact,high,1.0,0.1950113378684807,2.297177350744636,0.0,D,A;D;E;K;N;R;S,matches_consensus,True,False,,0.2541480090489142,surface,False,False,False,False,11.566225869136394,True,False,unassigned_manual_review,,not_annotated_no_domain_boundaries,,True,False
9M31,A,VI-D,binary,277,278,R,269.0,R,278.0,,ARG,True,1154,1155,four_layer_exact,high,1.0,0.2789115646258503,2.3094382548538204,0.0,E,A;D;E;K;N;Q;R;S,differs_from_consensus,True,True,scaffold_differs_from_msa_consensus,0.15400747610294416,buried_core,False,False,False,False,8.861338653601814,True,True,unassigned_manual_review,,not_annotated_no_domain_boundaries,,True,False
9M31,A,VI-D,binary,278,279,I,270.0,I,279.0,,ILE,True,1155,1156,four_layer_exact,high,1.0,0.2789115646258503,2.155414520474483,0.0,R,A;G;K;R,differs_from_consensus,True,True,scaffold_differs_from_msa_consensus,0.08582129454090776,buried_core,False,True,False,False,5.897127017022971,True,True,unassigned_manual_review,,not_annotated_no_domain_boundaries,,True,False
9M31,A,VI-D,binary,279,280,T,271.0,T,280.0,,THR,True,1156,1157,four_layer_exact,high,1.0,0.3537414965986394,1.7471194004335109,0.0,I,F;I;L;V,differs_from_consensus,True,True,scaffold_differs_from_msa_consensus,0.0,buried_core,False,False,False,False,8.202459468751043,True,True,unassigned_manual_review,,not_annotated_no_domain_boundaries,,True,False
9M31,A,VI-D,binary,280,281,N,272.0,N,281.0,,ASN,True,1157,1158,four_layer_exact,high,1.0,0.2018140589569161,2.2584787038230623,0.0,D,D;E;K;N;T,differs_from_consensus,True,True,scaffold_differs_from_msa_consensus,0.3602697257049728,surface,False,False,False,False,8.132382402323561,True,False,unassigned_manual_review,,not_annotated_no_domain_boundaries,,True,False
9M31,A,VI-D,binary,281,282,E,273.0,E,282.0,,GLU,True,1158,1159,four_layer_exact,high,1.0,0.2176870748299319,2.312275293531052,0.0,E,A;D;E;K;Q;R;S;T,matches_consensus,True,False,,0.4303861343341268,surface,True,False,True,False,4.8680287369119295,True,False,unassigned_manual_review,,not_annotated_no_domain_boundaries,,True,False
9M31,A,VI-D,binary,282,283,L,274.0,L,283.0,,LEU,True,1159,1160,four_layer_exact,high,0.989010989010989,0.3931034482758621,1.3740939813341857,0.0109890109890109,I,I;L;V,differs_from_consensus,True,True,scaffold_differs_from_msa_consensus,0.01802430173193905,buried_core,True,False,True,False,3.4684166340975664,True,True,unassigned_manual_review,,not_annotated_no_domain_boundaries,,True,False
9M31,A,VI-D,binary,283,284,T,275.0,T,284.0,,THR,True,1160,1161,four_layer_exact,high,0.989010989010989,0.7517241379310344,1.1115490089747386,0.0109890109890109,N,D;N,differs_from_consensus,True,True,scaffold_differs_from_msa_consensus,0.23307139819629036,surface,False,True,False,False,6.610713083041723,True,False,unassigned_manual_review,,not_annotated_no_domain_boundaries,,True,False
9M31,A,VI-D,binary,284,285,N,276.0,N,285.0,,ASN,True,1161,1162,four_layer_exact,high,0.9835164835164836,0.2638888888888889,2.2512048529561555,0.0164835164835165,K,A;D;E;K;N;R;S,differs_from_consensus,True,True,scaffold_differs_from_msa_consensus,0.633567084844556,surface,False,True,False,False,7.485906552881,True,False,unassigned_manual_review,,not_annotated_no_domain_boundaries,,True,False
9M31,A,VI-D,binary,285,286,S,277.0,S,286.0,,SER,True,1162,1163,four_layer_exact,high,0.9835164835164836,0.2523148148148147,1.895333690020296,0.0164835164835165,D,D;E;G;N;S,differs_from_consensus,True,True,scaffold_differs_from_msa_consensus,0.0899797537069046,buried_core,True,False,True,False,3.4115975646521624,True,True,unassigned_manual_review,,not_annotated_no_domain_boundaries,,True,False
9M31,A,VI-D,binary,286,287,F,278.0,F,287.0,,PHE,True,1164,1165,four_layer_exact,high,0.9945054945054944,0.9657534246575342,0.1722554178011724,0.0054945054945054,F,F,matches_consensus,True,False,,0.06038141080199581,buried_core,False,True,False,False,5.7321784104646145,True,True,unassigned_manual_review,,not_annotated_no_domain_boundaries,,True,False
9M31,A,VI-D,binary,287,288,S,279.0,S,288.0,,SER,True,1165,1166,four_layer_exact,high,0.9945054945054944,0.2671232876712329,2.2388035855694746,0.0054945054945054,I,A;F;I;L;V,differs_from_consensus,True,True,scaffold_differs_from_msa_consensus,0.2542688348178903,surface,False,True,False,False,7.665122421204196,True,False,unassigned_manual_review,,not_annotated_no_domain_boundaries,,True,False
9M31,A,VI-D,binary,288,289,K,280.0,K,289.0,,LYS,True,1166,1167,four_layer_exact,high,0.9945054945054944,0.3698630136986301,1.9018254981732936,0.0054945054945054,K,D;E;K;N;S;T,matches_consensus,True,False,,0.5321677979195192,surface,False,True,False,False,6.319375122343351,True,False,unassigned_manual_review,,not_annotated_no_domain_boundaries,,True,False
9M31,A,VI-D,binary,289,290,N,281.0,N,290.0,,ASN,True,1185,1186,four_layer_exact,high,1.0,0.4217687074829932,1.7103184593830911,0.0,N,H;K;N;Q;T,matches_consensus,True,False,,0.11023368521646189,buried_core,True,False,True,False,3.376844124271761,True,True,unassigned_manual_review,,not_annotated_no_domain_boundaries,,True,False
9M31,A,VI-D,binary,290,291,S,282.0,S,291.0,,SER,True,1186,1187,four_layer_exact,high,1.0,0.3809523809523809,1.5139112730778306,0.0,N,A;N;S,differs_from_consensus,True,True,scaffold_differs_from_msa_consensus,0.05793664366731195,buried_core,True,False,True,False,4.199506250730567,True,True,unassigned_manual_review,,not_annotated_no_domain_boundaries,,True,False
9M31,A,VI-D,binary,291,292,A,283.0,A,292.0,,ALA,True,1205,1206,four_layer_exact,high,0.989010989010989,0.4758620689655172,1.9274362618765344,0.0109890109890109,K,A;K;R;S,differs_from_consensus,True,True,scaffold_differs_from_msa_consensus,0.0,buried_core,False,True,False,False,6.117687634499145,True,True,unassigned_manual_review,,not_annotated_no_domain_boundaries,,True,False
9M31,A,VI-D,binary,292,293,A,284.0,A,293.0,,ALA,True,1206,1207,four_layer_exact,high,0.9835164835164836,0.2777777777777778,1.9833296245501533,0.0164835164835165,V,K;N;R;T;V,differs_from_consensus,True,True,scaffold_differs_from_msa_consensus,0.05405760397120238,buried_core,True,False,True,False,4.030964041974655,True,True,unassigned_manual_review,,not_annotated_no_domain_boundaries,,True,False
9M31,A,VI-D,binary,293,294,N,285.0,N,294.0,,ASN,True,1208,1209,four_layer_exact,high,1.0,0.8299319727891157,0.5496289992148657,0.0,N,D;N,matches_consensus,True,False,,0.03423369348519463,buried_core,True,False,True,False,4.674987348846229,True,True,unassigned_manual_review,,not_annotated_no_domain_boundaries,,True,False
9M31,A,VI-D,binary,294,295,V,286.0,V,295.0,,VAL,True,1209,1210,four_layer_exact,high,1.0,0.6122448979591837,1.1209026347865876,0.0,L,F;I;L;V,differs_from_consensus,True,True,scaffold_differs_from_msa_consensus,0.0,buried_core,False,False,False,False,8.215412571768733,True,True,unassigned_manual_review,,not_annotated_no_domain_boundaries,,True,False
9M31,A,VI-D,binary,295,296,N,287.0,N,296.0,,ASN,True,1210,1211,four_layer_exact,high,1.0,0.1972789115646258,2.6782287151563526,0.0,Y,A;K;L;N;Q;S;Y,differs_from_consensus,True,True,scaffold_differs_from_msa_consensus,0.17250378930033278,buried_core,False,False,False,False,9.60671010551161,True,True,unassigned_manual_review,,not_annotated_no_domain_boundaries,,True,False
9M31,A,VI-D,binary,296,297,Y,288.0,Y,297.0,,TYR,True,1211,1212,four_layer_exact,high,1.0,0.6122448979591837,1.3254426319926962,0.0,I,I;L;V,differs_from_consensus,True,True,scaffold_differs_from_msa_consensus,0.03466292380384239,buried_core,False,False,False,False,9.724878731135796,True,True,unassigned_manual_review,,not_annotated_no_domain_boundaries,,True,False
9M31,A,VI-D,binary,297,298,I,289.0,I,298.0,,ILE,True,1212,1213,four_layer_exact,high,1.0,0.782312925170068,0.6506324030379541,0.0,L,I;L,differs_from_consensus,True,True,scaffold_differs_from_msa_consensus,0.02452036986883079,buried_core,False,False,False,False,9.905825729354158,True,True,unassigned_manual_review,,not_annotated_no_domain_boundaries,,True,False
9M31,A,VI-D,binary,298,299,A,290.0,A,299.0,,ALA,True,1213,1214,four_layer_exact,high,1.0,0.2789115646258503,2.4016508680885007,0.0,F,A;C;E;F;K;S,differs_from_consensus,True,True,scaffold_differs_from_msa_consensus,0.08939228986426652,buried_core,False,False,False,False,13.518738380085697,True,True,unassigned_manual_review,,not_annotated_no_domain_boundaries,,True,False
9M31,A,VI-D,binary,299,300,E,291.0,E,300.0,,GLU,True,1214,1215,four_layer_exact,high,1.0,0.2267573696145124,2.253763267631969,0.0,E,D;E;K;N;Q;R;S,matches_consensus,True,False,,0.5169708509788841,surface,False,False,False,False,14.152585055035715,True,False,unassigned_manual_review,,not_annotated_no_domain_boundaries,,True,False
9M31,A,VI-D,binary,300,301,T,292.0,T,301.0,,THR,True,1219,1220,four_layer_exact,high,0.989010989010989,0.2850574712643677,1.7954617694267447,0.0109890109890109,I,A;I;L;V;Y,differs_from_consensus,True,True,scaffold_differs_from_msa_consensus,0.1534643170778562,buried_core,False,False,False,False,14.728397504592499,True,True,unassigned_manual_review,,not_annotated_no_domain_boundaries,,True,False
9M31,A,VI-D,binary,301,302,L,293.0,L,302.0,,LEU,True,1220,1221,four_layer_exact,high,0.9835164835164836,0.4025607638888889,1.4280767284554827,0.0164835164835165,Y,F;L;Y,differs_from_consensus,True,True,scaffold_differs_from_msa_consensus,0.30275875384520007,surface,False,False,False,False,16.46197568892703,True,False,unassigned_manual_review,,not_annotated_no_domain_boundaries,,True,False
9M31,A,VI-D,binary,302,303,G,294.0,G,303.0,,GLY,True,1239,1240,four_layer_exact,high,0.8406593406593407,0.2128851540616246,2.2749309544108747,0.1593406593406593,D,D;E;K;L;N;P;S,differs_from_consensus,True,True,scaffold_differs_from_msa_consensus,0.5838301954895001,surface,False,False,False,False,18.93061917935291,True,False,unassigned_manual_review,,not_annotated_no_domain_boundaries,,True,False
9M31,A,VI-D,binary,303,304,I,295.0,I,304.0,,ILE,True,1244,1245,four_layer_exact,high,0.8956043956043956,0.3515625,2.327869116409754,0.1043956043956043,E,A;D;E;K;S,differs_from_consensus,True,True,scaffold_differs_from_msa_consensus,0.26361547287621034,surface,False,False,False,False,17.625359173071026,True,False,unassigned_manual_review,,not_annotated_no_domain_boundaries,,True,False
9M31,A,VI-D,binary,304,305,N,296.0,N,305.0,,ASN,True,1245,1246,four_layer_exact,high,0.9010989010989012,0.2248062015503876,2.230511985753227,0.0989010989010988,E,D;E;K;N;Q;S,differs_from_consensus,True,True,scaffold_differs_from_msa_consensus,0.49184072156705927,surface,False,False,False,False,17.672738777241204,True,False,unassigned_manual_review,,not_annotated_no_domain_boundaries,,True,False
9M31,A,VI-D,binary,305,306,P,297.0,P,306.0,,PRO,True,1246,1247,four_layer_exact,high,0.9010989010989012,0.3798449612403101,2.298417626079189,0.0989010989010988,K,F;K;L;Q;R,differs_from_consensus,True,True,scaffold_differs_from_msa_consensus,0.1594980662694229,buried_core,False,False,False,False,14.438379462848982,True,True,unassigned_manual_review,,not_annotated_no_domain_boundaries,,True,False
9M31,A,VI-D,binary,306,307,A,298.0,A,307.0,,ALA,True,1247,1248,four_layer_exact,high,0.967032967032967,0.2907801418439716,2.215610866826668,0.0329670329670329,K,A;D;E;K;N,differs_from_consensus,True,True,scaffold_differs_from_msa_consensus,0.5581046655131695,surface,False,False,False,False,16.655233004938076,True,False,unassigned_manual_review,,not_annotated_no_domain_boundaries,,True,False
9M31,A,VI-D,binary,307,308,E,299.0,E,308.0,,GLU,True,1248,1249,four_layer_exact,high,0.978021978021978,0.2657342657342657,2.210779940638721,0.021978021978022,E,A;D;E;K;N;Q;T,matches_consensus,True,False,,0.5516458629160441,surface,False,False,False,False,17.494756565029085,True,False,unassigned_manual_review,,not_annotated_no_domain_boundaries,,True,False
9M31,A,VI-D,binary,308,309,F,300.0,F,309.0,,PHE,True,1255,1256,four_layer_exact,high,1.0,0.5034013605442177,1.4518623197294174,0.0,L,I;L;V,differs_from_consensus,True,True,scaffold_differs_from_msa_consensus,0.005031784233499651,buried_core,False,False,False,False,12.89456579787839,True,True,unassigned_manual_review,,not_annotated_no_domain_boundaries,,True,False
9M31,A,VI-D,binary,309,310,A,301.0,A,310.0,,ALA,True,1256,1257,four_layer_exact,high,1.0,0.2993197278911564,1.9395287444864755,0.0,A,A;I;L;T;V,matches_consensus,True,False,,0.009361459039069119,buried_core,False,False,False,False,10.87928872782294,True,True,unassigned_manual_review,,not_annotated_no_domain_boundaries,,True,False
9M31,A,VI-D,binary,310,311,E,302.0,E,311.0,,GLU,True,1257,1258,four_layer_exact,high,1.0,0.2585034013605442,2.084442976404572,0.0,R,E;K;N;Q;R,differs_from_consensus,True,True,scaffold_differs_from_msa_consensus,0.3745187554516971,surface,False,False,False,False,12.197417264124407,True,False,unassigned_manual_review,,not_annotated_no_domain_boundaries,,True,False
9M31,A,VI-D,binary,311,312,Q,303.0,Q,312.0,,GLN,True,1258,1259,four_layer_exact,high,1.0,0.3265306122448979,2.0622700135974417,0.0,E,A;D;E;K;L;Q,differs_from_consensus,True,True,scaffold_differs_from_msa_consensus,0.14686697120646797,buried_core,False,False,False,False,11.473635765549828,True,True,unassigned_manual_review,,not_annotated_no_domain_boundaries,,True,False
9M31,A,VI-D,binary,312,313,Y,304.0,Y,313.0,,TYR,True,1259,1260,four_layer_exact,high,1.0,0.8299319727891157,0.5763658118470587,0.0,Y,F;Y,matches_consensus,True,False,,0.01222196605394738,buried_core,False,True,False,False,5.392687123998194,True,True,unassigned_manual_review,,not_annotated_no_domain_boundaries,,True,False
9M31,A,VI-D,binary,313,314,F,305.0,F,314.0,,PHE,True,1260,1261,four_layer_exact,high,1.0,0.8639455782312925,0.5195563462488444,0.0,Y,F;Y,differs_from_consensus,True,True,scaffold_differs_from_msa_consensus,0.045286058101496864,buried_core,False,True,False,False,7.805498779627914,True,True,unassigned_manual_review,,not_annotated_no_domain_boundaries,,True,False
9M31,A,VI-D,binary,314,315,R,306.0,R,315.0,,ARG,True,1261,1262,four_layer_exact,high,1.0,0.3877551020408163,1.9020060843287692,0.0,D,D;E;K;N;R,differs_from_consensus,True,True,scaffold_differs_from_msa_consensus,0.25893717522217446,surface,False,False,False,False,9.417811415736407,True,False,unassigned_manual_review,,not_annotated_no_domain_boundaries,,True,False
9M31,A,VI-D,binary,315,316,F,307.0,F,316.0,,PHE,True,1262,1263,four_layer_exact,high,1.0,0.8231292517006803,0.6533785638727668,0.0,F,F;L;Y,matches_consensus,True,False,,0.03522248963449756,buried_core,False,True,False,False,6.789066412934058,True,True,unassigned_manual_review,,not_annotated_no_domain_boundaries,,True,False
9M31,A,VI-D,binary,316,317,S,308.0,S,317.0,,SER,True,1263,1264,four_layer_exact,high,1.0,0.238095238095238,1.9716622477744783,0.0,I,A;I;L;S;T;V,differs_from_consensus,True,True,scaffold_differs_from_msa_consensus,0.06484928253223271,buried_core,True,False,True,False,3.775014107458035,True,True,unassigned_manual_review,,not_annotated_no_domain_boundaries,,True,False
9M31,A,VI-D,binary,317,318,I,309.0,I,318.0,,ILE,True,1264,1265,four_layer_exact,high,1.0,0.5238095238095238,1.256953151755419,0.0,V,I;V,differs_from_consensus,True,True,scaffold_differs_from_msa_consensus,0.012260184934415394,buried_core,True,False,True,False,4.116340776145815,True,True,unassigned_manual_review,,not_annotated_no_domain_boundaries,,True,False
9M31,A,VI-D,binary,318,319,M,310.0,M,319.0,,MET,True,1265,1266,four_layer_exact,high,1.0,0.2312925170068027,2.29246263815805,0.0,L,K;L;R;T;V,differs_from_consensus,True,True,scaffold_differs_from_msa_consensus,0.11495895357595974,buried_core,False,True,False,False,7.442094436262882,True,True,unassigned_manual_review,,not_annotated_no_domain_boundaries,,True,False
9M31,A,VI-D,binary,319,320,K,311.0,K,320.0,,LYS,True,1266,1267,four_layer_exact,high,1.0,0.8979591836734694,0.5457328038407442,0.0,K,K,matches_consensus,True,False,,0.2406210775130819,surface,True,False,True,False,2.615529938844548,True,False,unassigned_manual_review,,not_annotated_no_domain_boundaries,,True,False
9M31,A,VI-D,binary,320,321,E,312.0,E,321.0,,GLU,True,1267,1268,four_layer_exact,high,1.0,0.3537414965986394,2.046123816334197,0.0,E,D;E;K;N;Q;S;T,matches_consensus,True,False,,0.3478540440367816,surface,False,False,False,False,8.35093319255846,True,False,unassigned_manual_review,,not_annotated_no_domain_boundaries,,True,False
9M31,A,VI-D,binary,321,322,Q,313.0,Q,322.0,,GLN,True,1268,1269,four_layer_exact,high,1.0,0.3333333333333333,2.0479296015683297,0.0,Y,D;G;H;N;Q;Y,differs_from_consensus,True,True,scaffold_differs_from_msa_consensus,0.1490646339500432,buried_core,True,False,True,False,4.964777588426912,True,True,unassigned_manual_review,,not_annotated_no_domain_boundaries,,True,False
9M31,A,VI-D,binary,322,323,K,314.0,K,323.0,,LYS,True,1270,1271,four_layer_exact,high,1.0,0.8299319727891157,0.7833546044022643,0.0,K,K,matches_consensus,True,False,,0.2368275777602057,surface,True,False,True,False,2.9460019891471068,True,False,unassigned_manual_review,,not_annotated_no_domain_boundaries,,True,False
9M31,A,VI-D,binary,323,324,N,315.0,N,324.0,,ASN,True,1271,1272,four_layer_exact,high,1.0,0.8979591836734694,0.5098511654738686,0.0,N,N,matches_consensus,True,False,,0.5179565396353779,surface,True,False,True,False,4.611528813384959,True,False,unassigned_manual_review,,not_annotated_no_domain_boundaries,,True,False
9M31,A,VI-D,binary,324,325,L,316.0,L,325.0,,LEU,True,1272,1273,four_layer_exact,high,1.0,0.4761904761904761,1.4215496408747057,0.0,L,I;L;M,matches_consensus,True,False,,0.11214260395882518,buried_core,True,False,True,False,4.207181038537605,True,True,unassigned_manual_review,,not_annotated_no_domain_boundaries,,True,False
9M31,A,VI-D,binary,325,326,G,317.0,G,326.0,,GLY,True,1273,1274,four_layer_exact,high,1.0,0.9931972789115646,0.0407280509323613,0.0,G,G,matches_consensus,True,False,,0.12444029746599186,buried_core,True,False,True,False,2.677522315188538,True,True,unassigned_manual_review,,not_annotated_no_domain_boundaries,,True,False
9M31,A,VI-D,binary,326,327,F,318.0,F,327.0,,PHE,True,1274,1275,four_layer_exact,high,1.0,0.673469387755102,1.024525939789765,0.0,F,F;I;L;V,matches_consensus,True,False,,0.0,buried_core,True,False,True,False,3.47655655362794,True,True,unassigned_manual_review,,not_annotated_no_domain_boundaries,,True,False
9M31,A,VI-D,binary,327,328,N,319.0,N,328.0,,ASN,True,1275,1276,four_layer_exact,high,1.0,0.6802721088435374,0.8701824883160747,0.0,S,N;S,differs_from_consensus,True,True,scaffold_differs_from_msa_consensus,0.18591539333509166,buried_core,True,False,True,False,3.7548577997344337,True,True,unassigned_manual_review,,not_annotated_no_domain_boundaries,,True,False
9M31,A,VI-D,binary,328,329,I,320.0,I,329.0,,ILE,True,1276,1277,four_layer_exact,high,1.0,0.4897959183673469,1.4029766224170417,0.0,I,I;L;V,matches_consensus,True,False,,0.05401306760258187,buried_core,False,True,False,False,5.136479908069086,True,True,unassigned_manual_review,,not_annotated_no_domain_boundaries,,True,False
9M31,A,VI-D,binary,329,330,T,321.0,T,330.0,,THR,True,1277,1278,four_layer_exact,high,1.0,0.6326530612244898,1.231637905784032,0.0,K,K;R;T,differs_from_consensus,True,True,scaffold_differs_from_msa_consensus,0.2907194772690745,surface,False,True,False,False,6.3713398465395725,True,False,unassigned_manual_review,,not_annotated_no_domain_boundaries,,True,False
9M31,A,VI-D,binary,330,331,K,322.0,K,331.0,,LYS,True,1278,1279,four_layer_exact,high,1.0,0.5374149659863946,1.6664890810719153,0.0,K,K;L;R;T,matches_consensus,True,False,,0.39284226377746145,surface,False,True,False,False,5.269662356384917,True,False,unassigned_manual_review,,not_annotated_no_domain_boundaries,,True,False
9M31,A,VI-D,binary,331,332,L,323.0,L,332.0,,LEU,True,1279,1280,four_layer_exact,high,1.0,0.7074829931972789,0.9403957543104906,0.0,L,I;L;V,matches_consensus,True,False,,0.0,buried_core,False,False,False,False,9.52363801706991,True,True,unassigned_manual_review,,not_annotated_no_domain_boundaries,,True,False
9M31,A,VI-D,binary,332,333,R,324.0,R,333.0,,ARG,True,1280,1281,four_layer_exact,high,1.0,0.9183673469387756,0.3724215158765141,0.0,R,K;R,matches_consensus,True,False,,0.05188558115069304,buried_core,True,False,True,False,4.196395801312337,True,True,unassigned_manual_review,,not_annotated_no_domain_boundaries,,True,False
9M31,A,VI-D,binary,333,334,E,325.0,E,334.0,,GLU,True,1281,1282,four_layer_exact,high,1.0,0.9387755102040816,0.3329962617527603,0.0,E,E,matches_consensus,True,False,,0.3178845462046029,surface,False,True,False,False,6.59719852626142,True,False,unassigned_manual_review,,not_annotated_no_domain_boundaries,,True,False
9M31,A,VI-D,binary,334,335,V,326.0,V,335.0,,VAL,True,1282,1283,four_layer_exact,high,0.9835164835164836,0.1529947916666666,2.6583769167918456,0.0164835164835165,I,A;C;E;I;K;L;N;Q;S;T,differs_from_consensus,True,True,scaffold_differs_from_msa_consensus,0.17731986694901747,buried_core,False,False,False,False,11.886546633829285,True,True,unassigned_manual_review,,not_annotated_no_domain_boundaries,,True,False
9M31,A,VI-D,binary,335,336,M,327.0,M,336.0,,MET,True,1283,1284,four_layer_exact,high,0.9835164835164836,0.388671875,1.4537946797931418,0.0164835164835165,M,I;L;M,matches_consensus,True,False,,0.016173592179106022,buried_core,False,False,False,False,13.454882696787612,True,True,unassigned_manual_review,,not_annotated_no_domain_boundaries,,True,False
9M31,A,VI-D,binary,336,337,L,328.0,L,337.0,,LEU,True,1284,1285,four_layer_exact,high,0.989010989010989,0.4896551724137931,1.4849654532787977,0.0109890109890109,L,F;I;L;V,matches_consensus,True,False,,0.005330641910759803,buried_core,False,False,False,False,8.287681876577606,True,True,unassigned_manual_review,,not_annotated_no_domain_boundaries,,True,False
9M31,A,VI-D,binary,337,338,D,329.0,D,338.0,,ASP,True,1285,1286,four_layer_exact,high,0.967032967032967,0.3215130023640661,2.0545554518651894,0.0329670329670329,E,A;D;E;K;T,differs_from_consensus,True,True,scaffold_differs_from_msa_consensus,0.560191612755789,surface,False,False,False,False,12.260681022385512,True,False,unassigned_manual_review,,not_annotated_no_domain_boundaries,,True,False
9M31,A,VI-D,binary,338,339,R,330.0,R,339.0,,ARG,True,1286,1287,four_layer_exact,high,0.9505494505494504,0.1857142857142857,2.6199475077964154,0.0494505494505495,L,D;E;I;K;L;N;Q;R;S,differs_from_consensus,True,True,scaffold_differs_from_msa_consensus,0.23099878537180135,surface,False,False,False,False,15.247550117485005,True,False,unassigned_manual_review,,not_annotated_no_domain_boundaries,,True,False
9M31,A,VI-D,binary,339,340,K,331.0,K,340.0,,LYS,True,1294,1295,four_layer_exact,high,0.6648351648351648,0.2183908045977011,2.2766275839962757,0.3351648351648352,P,D;E;K;P;S;T,differs_from_consensus,False,True,scaffold_differs_from_msa_consensus,0.8008805177150031,surface,False,False,False,False,17.343905015456198,True,False,unassigned_manual_review,,not_annotated_no_domain_boundaries,,False,False
9M31,A,VI-D,binary,340,341,D,332.0,D,341.0,,ASP,True,1295,1296,four_layer_exact,high,0.7527472527472527,0.2721480582524271,2.300478646670668,0.2472527472527472,E,D;E;G;N;Q;Y,differs_from_consensus,False,True,scaffold_differs_from_msa_consensus,0.40465406257179404,surface,False,False,False,False,17.018652204681093,True,False,unassigned_manual_review,,not_annotated_no_domain_boundaries,,False,False
9M31,A,VI-D,binary,341,342,M,333.0,M,342.0,,MET,True,1296,1297,four_layer_exact,high,0.7527472527472527,0.3689320388349514,2.0793457834291,0.2472527472527472,A,A;F;G;L;Y,differs_from_consensus,False,True,scaffold_differs_from_msa_consensus,0.005391197393035341,buried_core,False,False,False,False,12.352143233374703,True,True,unassigned_manual_review,,not_annotated_no_domain_boundaries,,False,False
9M31,A,VI-D,binary,342,343,S,334.0,S,343.0,,SER,True,1297,1298,four_layer_exact,high,0.7637362637362637,0.2,2.495497538984417,0.2362637362637363,S,A;E;K;N;P;Q;S;T,matches_consensus,False,False,,0.19366933668071623,buried_core,False,False,False,False,11.252764770548564,True,True,unassigned_manual_review,,not_annotated_no_domain_boundaries,,False,False
9M31,A,VI-D,binary,343,344,E,335.0,E,344.0,,GLU,True,1298,1299,four_layer_exact,high,0.5439560439560439,0.1354166666666666,2.80145769037482,0.4560439560439561,E,D;E;F;G;K;R;V;Y,matches_consensus,False,False,,0.32359762401624226,surface,False,False,False,False,11.23472495108691,True,False,unassigned_manual_review,,not_annotated_no_domain_boundaries,,False,False
9M31,A,VI-D,binary,344,345,I,336.0,I,345.0,,ILE,True,1304,1305,four_layer_exact,high,0.7692307692307693,0.437956204379562,1.5540738784102612,0.2307692307692307,L,F;I;L;V;Y,differs_from_consensus,False,True,scaffold_differs_from_msa_consensus,0.018390277401623092,buried_core,False,True,False,False,7.773520935586658,True,True,unassigned_manual_review,,not_annotated_no_domain_boundaries,,False,False
9M31,A,VI-D,binary,345,346,R,337.0,R,346.0,,ARG,True,1317,1318,four_layer_exact,high,0.7417582417582418,0.3939393939393939,1.895624631418794,0.2582417582417582,K,K;N;R;S;T,differs_from_consensus,False,True,scaffold_differs_from_msa_consensus,0.30527851034794545,surface,False,True,False,False,7.44268477669093,True,False,unassigned_manual_review,,not_annotated_no_domain_boundaries,,False,False
9M31,A,VI-D,binary,346,347,K,338.0,K,347.0,,LYS,True,1318,1319,four_layer_exact,high,0.9505494505494504,0.4364508393285372,1.726737219707108,0.0494505494505495,D,D;E;G;N;S,differs_from_consensus,True,True,scaffold_differs_from_msa_consensus,0.6565531953370987,surface,False,False,False,False,9.751770369812101,True,False,unassigned_manual_review,,not_annotated_no_domain_boundaries,,True,False
9M31,A,VI-D,binary,347,348,N,339.0,N,348.0,,ASN,True,1319,1320,four_layer_exact,high,0.9505494505494504,0.4170413669064748,1.9166068960674485,0.0494505494505495,K,D;E;K;N;Q;T,differs_from_consensus,True,True,scaffold_differs_from_msa_consensus,0.25239703597670726,surface,False,False,False,False,9.829610672612649,True,False,unassigned_manual_review,,not_annotated_no_domain_boundaries,,True,False
9M31,A,VI-D,binary,348,349,H,340.0,H,349.0,,HIS,True,1320,1321,four_layer_exact,high,0.945054945054945,0.2900815217391304,2.26751313735381,0.0549450549450549,K,D;E;K;Q;S,differs_from_consensus,True,True,scaffold_differs_from_msa_consensus,0.3289542032619787,surface,False,True,False,False,7.533281528653001,True,False,unassigned_manual_review,,not_annotated_no_domain_boundaries,,True,False
9M31,A,VI-D,binary,349,350,K,341.0,K,350.0,,LYS,True,1321,1322,four_layer_exact,high,0.0934065934065934,0.1764705882352941,2.088501619335465,0.9065934065934066,K,A;E;K;M;N;P;R;S;V,matches_consensus,False,False,,0.8016953084062781,surface,False,False,False,False,8.532037209902425,True,False,unassigned_manual_review,,not_annotated_no_domain_boundaries,,False,False
9M31,A,VI-D,binary,350,351,V,342.0,V,351.0,,VAL,True,1327,1328,four_layer_exact,high,0.0879120879120879,0.5,1.5268781472745927,0.912087912087912,V,A;E;I;K;N;Q;V,matches_consensus,False,False,,0.2366530691125259,surface,False,True,False,False,6.895274386157708,True,False,unassigned_manual_review,,not_annotated_no_domain_boundaries,,False,False
9M31,A,VI-D,binary,351,352,F,343.0,F,352.0,,PHE,True,1328,1329,four_layer_exact,high,0.9835164835164836,0.5763888888888888,1.5655954542862445,0.0164835164835165,Y,F;H;L;M;Y,differs_from_consensus,True,True,scaffold_differs_from_msa_consensus,0.005031784233499651,buried_core,False,True,False,False,6.4619780612314095,True,True,unassigned_manual_review,,not_annotated_no_domain_boundaries,,True,False
9M31,A,VI-D,binary,352,353,D,344.0,D,353.0,,ASP,True,1329,1330,four_layer_exact,high,0.989010989010989,0.7034482758620689,0.9771299884301744,0.0109890109890109,D,D;N;S,matches_consensus,True,False,,0.47309911155376555,surface,False,True,False,False,5.6167396629596515,True,False,unassigned_manual_review,,not_annotated_no_domain_boundaries,,True,False
9M31,A,VI-D,binary,353,354,S,345.0,S,354.0,,SER,True,1339,1340,four_layer_exact,high,1.0,0.5644132653061225,1.3492588774272718,0.0,S,N;S;T,matches_consensus,True,False,,0.25866138939779987,surface,True,False,True,False,2.3264667271969657,True,False,unassigned_manual_review,,not_annotated_no_domain_boundaries,,True,False
9M31,A,VI-D,binary,354,355,I,346.0,I,355.0,,ILE,True,1340,1341,four_layer_exact,high,1.0,0.4217687074829932,1.925199117995484,0.0,V,C;F;I;V;Y,differs_from_consensus,True,True,scaffold_differs_from_msa_consensus,0.0,buried_core,True,False,True,False,3.6689782025985362,True,True,unassigned_manual_review,,not_annotated_no_domain_boundaries,,True,False
9M31,A,VI-D,binary,355,356,R,347.0,R,356.0,,ARG,True,1341,1342,four_layer_exact,high,1.0,0.891156462585034,0.447573497919058,0.0,R,K;R,matches_consensus,True,False,,0.0663563989904583,buried_core,True,False,True,False,3.3519919772661573,True,True,unassigned_manual_review,,not_annotated_no_domain_boundaries,,True,False
9M31,A,VI-D,binary,356,357,T,348.0,T,357.0,,THR,True,1342,1343,four_layer_exact,high,1.0,0.4285714285714285,1.8646521770095157,0.0,S,G;H;N;Q;S,differs_from_consensus,True,True,scaffold_differs_from_msa_consensus,0.13901642470517384,buried_core,True,False,True,False,3.428578849908503,True,True,unassigned_manual_review,,not_annotated_no_domain_boundaries,,True,False
9M31,A,VI-D,binary,357,358,K,349.0,K,358.0,,LYS,True,1343,1344,four_layer_exact,high,1.0,0.8843537414965986,0.5502227380803095,0.0,K,K;R,matches_consensus,True,False,,0.02461890446419052,buried_core,True,False,True,False,3.2150112482677913,True,True,unassigned_manual_review,,not_annotated_no_domain_boundaries,,True,False
9M31,A,VI-D,binary,358,359,V,350.0,V,359.0,,VAL,True,1344,1345,four_layer_exact,high,1.0,0.6326530612244898,1.2602980918772664,0.0,L,F;I;L;M,differs_from_consensus,True,True,scaffold_differs_from_msa_consensus,0.027761568184825662,buried_core,False,True,False,False,7.5058099757548495,True,True,unassigned_manual_review,,not_annotated_no_domain_boundaries,,True,False
9M31,A,VI-D,binary,359,360,Y,351.0,Y,360.0,,TYR,True,1345,1346,four_layer_exact,high,1.0,0.7414965986394558,0.8412463775084362,0.0,Y,N;Y,matches_consensus,True,False,,0.045331629112802745,buried_core,True,False,True,False,3.669635911098801,True,True,unassigned_manual_review,,not_annotated_no_domain_boundaries,,True,False
9M31,A,VI-D,binary,360,361,T,352.0,T,361.0,,THR,True,1346,1347,four_layer_exact,high,1.0,0.2789115646258503,2.131463212267474,0.0,K,K;Q;R;S;T,differs_from_consensus,True,True,scaffold_differs_from_msa_consensus,0.07564867437491098,buried_core,True,False,True,False,3.5054629105345967,True,True,unassigned_manual_review,,not_annotated_no_domain_boundaries,,True,False
9M31,A,VI-D,binary,361,362,M,353.0,M,362.0,,MET,True,1347,1348,four_layer_exact,high,1.0,0.4421768707482993,1.7099606389579318,0.0,L,F;I;L;M;V,differs_from_consensus,True,True,scaffold_differs_from_msa_consensus,0.0,buried_core,False,True,False,False,7.526702789557824,True,True,unassigned_manual_review,,not_annotated_no_domain_boundaries,,True,False
9M31,A,VI-D,binary,362,363,M,354.0,M,363.0,,MET,True,1348,1349,four_layer_exact,high,1.0,0.272108843537415,1.916129955052642,0.0,I,F;I;L;M;T,differs_from_consensus,True,True,scaffold_differs_from_msa_consensus,0.005744626566564195,buried_core,False,False,False,False,9.3397696468484,True,True,unassigned_manual_review,,not_annotated_no_domain_boundaries,,True,False
9M31,A,VI-D,binary,363,364,D,355.0,D,364.0,,ASP,True,1349,1350,four_layer_exact,high,1.0,0.8299319727891157,0.7323686358194832,0.0,D,D;N,matches_consensus,True,False,,0.10689150176759626,buried_core,False,True,False,False,5.90858222675196,True,True,unassigned_manual_review,,not_annotated_no_domain_boundaries,,True,False
9M31,A,VI-D,binary,364,365,F,356.0,F,365.0,,PHE,True,1350,1351,four_layer_exact,high,1.0,0.8775510204081632,0.4144903141283139,0.0,F,F;Y,matches_consensus,True,False,,0.005031784233499651,buried_core,False,False,False,False,9.276494475818726,True,True,unassigned_manual_review,,not_annotated_no_domain_boundaries,,True,False
9M31,A,VI-D,binary,365,366,V,357.0,V,366.0,,VAL,True,1351,1352,four_layer_exact,high,1.0,0.2993197278911564,1.8451094753767685,0.0,I,A;C;I;L;M;V,differs_from_consensus,True,True,scaffold_differs_from_msa_consensus,0.06705617577280217,buried_core,False,False,False,False,11.925515720133802,True,True,unassigned_manual_review,,not_annotated_no_domain_boundaries,,True,False
9M31,A,VI-D,binary,366,367,I,358.0,I,367.0,,ILE,True,1352,1353,four_layer_exact,high,1.0,0.5850340136054422,0.8941066555717766,0.0,I,I;L,matches_consensus,True,False,,0.0,buried_core,False,False,False,False,11.179708058970537,True,True,unassigned_manual_review,,not_annotated_no_domain_boundaries,,True,False
9M31,A,VI-D,binary,367,368,Y,359.0,Y,368.0,,TYR,True,1353,1354,four_layer_exact,high,1.0,0.4897959183673469,1.630093046751539,0.0,Y,F;V;W;Y,matches_consensus,True,False,,0.04940561779745187,buried_core,False,False,False,False,10.122817625660854,True,True,unassigned_manual_review,,not_annotated_no_domain_boundaries,,True,False
9M31,A,VI-D,binary,368,369,R,360.0,R,369.0,,ARG,True,1354,1355,four_layer_exact,high,0.9945054945054944,0.2330907534246575,2.197380744921965,0.0054945054945054,R,D;H;K;R;Y,matches_consensus,True,False,,0.17852616209021854,buried_core,False,False,False,False,13.796739489668116,True,True,unassigned_manual_review,,not_annotated_no_domain_boundaries,,True,False
9M31,A,VI-D,binary,369,370,Y,361.0,Y,370.0,,TYR,True,1355,1356,four_layer_exact,high,0.989010989010989,0.3586206896551724,2.3468570009870247,0.0109890109890109,Y,E;G;H;Y,matches_consensus,True,False,,0.13628314936850872,buried_core,False,False,False,False,15.549723720688618,True,True,unassigned_manual_review,,not_annotated_no_domain_boundaries,,True,False
9M31,A,VI-D,binary,370,371,Y,362.0,Y,371.0,,TYR,True,1356,1357,four_layer_exact,high,0.989010989010989,0.5103448275862069,1.398364346465243,0.0109890109890109,Y,F;I;L;Y,matches_consensus,True,False,,0.008665730950960597,buried_core,False,False,False,False,11.672910716726252,True,True,unassigned_manual_review,,not_annotated_no_domain_boundaries,,True,False
9M31,A,VI-D,binary,371,372,I,363.0,I,372.0,,ILE,True,1357,1358,four_layer_exact,high,0.9725274725274724,0.1549295774647887,2.615096154671812,0.0274725274725274,K,E;I;K;L;N;R;S;T;V,differs_from_consensus,True,True,scaffold_differs_from_msa_consensus,0.2506425769830425,surface,False,False,False,False,12.41039937935459,True,False,unassigned_manual_review,,not_annotated_no_domain_boundaries,,True,False
9M31,A,VI-D,binary,372,373,E,364.0,E,373.0,,GLU,True,1364,1365,four_layer_exact,high,0.8406593406593407,0.2370233050847457,2.2794906108007345,0.1593406593406593,E,D;E;K;N;Q;S,matches_consensus,True,False,,0.3743202856880031,surface,False,False,False,False,17.041959606888962,True,False,unassigned_manual_review,,not_annotated_no_domain_boundaries,,True,False
9M31,A,VI-D,binary,373,374,E,365.0,E,374.0,,GLU,True,1365,1366,four_layer_exact,high,0.0879120879120879,0.2,2.083766037485648,0.912087912087912,E,E;H;I;K;N;Q;R;T;Y,matches_consensus,False,False,,0.15759519198330477,buried_core,False,False,False,False,16.200653772034357,True,True,unassigned_manual_review,,not_annotated_no_domain_boundaries,,False,False
9M31,A,VI-D,binary,374,375,D,366.0,D,375.0,,ASP,True,1366,1367,four_layer_exact,high,0.0219780219780219,0.5,1.039720770839918,0.978021978021978,A,A;D;E,differs_from_consensus,False,True,scaffold_differs_from_msa_consensus,0.233167248759763,surface,False,False,False,False,13.717610517812295,True,False,unassigned_manual_review,,not_annotated_no_domain_boundaries,,False,False
9M31,A,VI-D,binary,375,376,A,367.0,A,376.0,,ALA,True,1367,1368,four_layer_exact,high,0.0219780219780219,0.25,1.3862943611198906,0.978021978021978,A,A;F;K;L,matches_consensus,False,False,,0.41387663083686715,surface,False,False,False,False,17.825881499259438,True,False,unassigned_manual_review,,not_annotated_no_domain_boundaries,,False,False
9M31,A,VI-D,binary,376,377,K,368.0,K,377.0,,LYS,True,1368,1369,four_layer_exact,high,0.0109890109890109,1.0,-0.0,0.989010989010989,K,K,matches_consensus,False,False,,0.5181653467311378,surface,False,False,False,False,20.555296177794318,True,False,unassigned_manual_review,,not_annotated_no_domain_boundaries,,False,False
9M31,A,VI-D,binary,377,378,V,369.0,V,378.0,,VAL,True,1369,1370,four_layer_exact,high,0.0109890109890109,0.5,0.6931471805599453,0.989010989010989,I,I;T,differs_from_consensus,False,True,scaffold_differs_from_msa_consensus,0.07634431250827058,buried_core,False,False,False,False,18.55698052673706,True,True,unassigned_manual_review,,not_annotated_no_domain_boundaries,,False,False
9M31,A,VI-D,binary,378,379,A,370.0,A,379.0,,ALA,True,1370,1371,four_layer_exact,high,0.0109890109890109,1.0,-0.0,0.989010989010989,E,E,differs_from_consensus,False,True,scaffold_differs_from_msa_consensus,0.30892814828928095,surface,False,False,False,False,18.609787625150336,True,False,unassigned_manual_review,,not_annotated_no_domain_boundaries,,False,False
9M31,A,VI-D,binary,379,380,A,371.0,A,380.0,,ALA,True,1371,1372,four_layer_exact,high,0.0109890109890109,0.5,0.6931471805599453,0.989010989010989,A,A;N,matches_consensus,False,False,,0.5343813060677731,surface,False,False,False,False,21.73470726910694,True,False,unassigned_manual_review,,not_annotated_no_domain_boundaries,,False,False
9M31,A,VI-D,binary,380,381,A,372.0,A,381.0,,ALA,True,1372,1373,four_layer_exact,high,0.0109890109890109,1.0,-0.0,0.989010989010989,E,E,differs_from_consensus,False,True,scaffold_differs_from_msa_consensus,0.4212984851836688,surface,False,False,False,False,23.837408931318066,True,False,unassigned_manual_review,,not_annotated_no_domain_boundaries,,False,False
9M31,A,VI-D,binary,381,382,N,373.0,N,382.0,,ASN,True,1373,1374,four_layer_exact,high,0.0109890109890109,1.0,-0.0,0.989010989010989,N,N,matches_consensus,False,False,,0.10167972451780449,buried_core,False,False,False,False,20.143683958899828,True,True,unassigned_manual_review,,not_annotated_no_domain_boundaries,,False,False
9M31,A,VI-D,binary,382,383,K,374.0,K,383.0,,LYS,True,1374,1375,four_layer_exact,high,0.0109890109890109,0.5,0.6931471805599453,0.989010989010989,K,K;R,matches_consensus,False,False,,0.6496509565351625,surface,False,False,False,False,20.986610259534487,True,False,unassigned_manual_review,,not_annotated_no_domain_boundaries,,False,False
9M31,A,VI-D,binary,383,384,S,375.0,S,384.0,,SER,True,1375,1376,four_layer_exact,high,0.0164835164835164,0.3333333333333333,1.0986122886681096,0.9835164835164836,G,G;N;T,differs_from_consensus,False,True,scaffold_differs_from_msa_consensus,0.6927469614446484,surface,False,False,False,False,27.328992346402593,True,False,unassigned_manual_review,,not_annotated_no_domain_boundaries,,False,False
9M31,A,VI-D,binary,384,385,L,376.0,L,385.0,,LEU,True,1376,1377,four_layer_exact,high,0.0164835164835164,1.0,-0.0,0.9835164835164836,L,L,matches_consensus,False,False,,0.4043970598363,surface,False,False,False,False,25.49775385696025,True,False,unassigned_manual_review,,not_annotated_no_domain_boundaries,,False,False
9M31,A,VI-D,binary,385,386,P,377.0,P,386.0,,PRO,True,1377,1378,four_layer_exact,high,0.0109890109890109,0.5,0.6931471805599453,0.989010989010989,P,P;S,matches_consensus,False,False,,0.5012796368467578,surface,False,False,False,False,25.859517081672948,True,False,unassigned_manual_review,,not_annotated_no_domain_boundaries,,False,False
9M31,A,VI-D,binary,386,387,D,378.0,D,387.0,,ASP,True,1378,1379,four_layer_exact,high,0.956043956043956,0.2568195443645084,2.1486389561885093,0.0439560439560439,N,D;E;H;K;N;R;S,differs_from_consensus,True,True,scaffold_differs_from_msa_consensus,0.6931216762079946,surface,False,False,False,False,23.080778149328548,True,False,unassigned_manual_review,,not_annotated_no_domain_boundaries,,True,False
9M31,A,VI-D,binary,387,388,N,379.0,N,388.0,,ASN,True,1379,1380,four_layer_exact,high,0.934065934065934,0.2,2.290201628033181,0.0659340659340659,P,A;D;E;K;N;P;Q;S,differs_from_consensus,True,True,scaffold_differs_from_msa_consensus,0.736966468848741,surface,False,False,False,False,23.410908673855293,True,False,unassigned_manual_review,,not_annotated_no_domain_boundaries,,True,False
9M31,A,VI-D,binary,388,389,E,380.0,E,389.0,,GLU,True,1380,1381,four_layer_exact,high,0.8241758241758241,0.3046195652173913,2.126673938915689,0.1758241758241758,E,A;D;E;G;K;N;S,matches_consensus,True,False,,0.5085636109292513,surface,False,False,False,False,23.918488693269886,True,False,unassigned_manual_review,,not_annotated_no_domain_boundaries,,True,False
9M31,A,VI-D,binary,389,390,K,381.0,K,390.0,,LYS,True,1382,1383,four_layer_exact,high,0.8186813186813187,0.2807017543859649,2.2104926532452183,0.1813186813186813,K,E;K;Q;R,matches_consensus,True,False,,0.4391551966980174,surface,False,False,False,False,20.08276874638538,True,False,unassigned_manual_review,,not_annotated_no_domain_boundaries,,True,False
9M31,A,VI-D,binary,390,391,S,382.0,S,391.0,,SER,True,1383,1384,four_layer_exact,high,0.0824175824175824,0.2666666666666666,1.8413903748459728,0.9175824175824177,A,A;E;G;K;L;S;T,differs_from_consensus,False,True,scaffold_differs_from_msa_consensus,0.44904757934045747,surface,False,False,False,False,18.142649258534863,True,False,unassigned_manual_review,,not_annotated_no_domain_boundaries,,False,False
9M31,A,VI-D,binary,391,392,L,383.0,L,392.0,,LEU,True,1384,1385,four_layer_exact,high,0.0769230769230769,0.2142857142857142,2.007556307437838,0.9230769230769232,G,A;G;I;K;L;N;Q;R,differs_from_consensus,False,True,scaffold_differs_from_msa_consensus,0.46900427224310054,surface,False,False,False,False,14.018241923770198,True,False,unassigned_manual_review,,not_annotated_no_domain_boundaries,,False,False
9M31,A,VI-D,binary,392,393,S,384.0,S,393.0,,SER,True,1385,1386,four_layer_exact,high,0.0604395604395604,0.2727272727272727,1.9722469794234416,0.9395604395604396,S,E;G;H;K;N;Q;S;T,matches_consensus,False,False,,0.014846558830674345,buried_core,False,False,False,False,12.838697550717015,True,True,unassigned_manual_review,,not_annotated_no_domain_boundaries,,False,False
9M31,A,VI-D,binary,393,394,E,385.0,E,394.0,,GLU,True,1440,1441,four_layer_exact,high,0.2527472527472527,0.1739130434782608,2.340320291922939,0.7472527472527473,E,A;E;G;K;S;T;V,matches_consensus,False,False,,0.1412498376031629,buried_core,False,False,False,False,10.622621207139288,True,True,unassigned_manual_review,,not_annotated_no_domain_boundaries,,False,False
9M31,A,VI-D,binary,394,395,K,386.0,K,395.0,,LYS,True,1441,1442,four_layer_exact,high,0.9010989010989012,0.2692307692307692,2.2293803660384617,0.0989010989010988,A,A;I;L;S;V,differs_from_consensus,True,True,scaffold_differs_from_msa_consensus,0.16556725757749327,buried_core,False,True,False,False,7.974003202796608,True,True,unassigned_manual_review,,not_annotated_no_domain_boundaries,,True,False
9M31,A,VI-D,binary,395,396,D,387.0,D,396.0,,ASP,True,1443,1444,four_layer_exact,high,1.0,0.3013747165532879,2.0156646799666533,0.0,D,D;E;N;Q;S,matches_consensus,True,False,,0.27696723587001904,surface,False,False,False,False,8.760426823222556,True,False,unassigned_manual_review,,not_annotated_no_domain_boundaries,,True,False
9M31,A,VI-D,binary,396,397,I,388.0,I,397.0,,ILE,True,1444,1445,four_layer_exact,high,1.0,0.2517006802721088,2.345482959311957,0.0,E,A;D;E;K;N;Q;R;S,differs_from_consensus,True,True,scaffold_differs_from_msa_consensus,0.4107161953029157,surface,False,False,False,False,9.210489136212937,True,False,unassigned_manual_review,,not_annotated_no_domain_boundaries,,True,False
9M31,A,VI-D,binary,397,398,F,389.0,F,398.0,,PHE,True,1445,1446,four_layer_exact,high,1.0,0.2925170068027211,2.0303833825336195,0.0,L,F;I;L;M;N;T;Y,differs_from_consensus,True,True,scaffold_differs_from_msa_consensus,0.039779107979141755,buried_core,False,True,False,False,6.355088770149096,True,True,unassigned_manual_review,,not_annotated_no_domain_boundaries,,True,False
9M31,A,VI-D,binary,398,399,V,390.0,V,399.0,,VAL,True,1446,1447,four_layer_exact,high,1.0,0.7346938775510204,1.013560840988167,0.0,V,I;V,matches_consensus,True,False,,0.15268862501654115,buried_core,True,False,True,False,4.288885043014465,True,True,unassigned_manual_review,,not_annotated_no_domain_boundaries,,True,False
9M31,A,VI-D,binary,399,400,I,391.0,I,400.0,,ILE,True,1447,1448,four_layer_exact,high,1.0,0.2312925170068027,2.2179089351191426,0.0,E,A;D;E;N;S,differs_from_consensus,True,True,scaffold_differs_from_msa_consensus,0.3657319055150426,surface,False,True,False,False,6.90248135966283,True,False,unassigned_manual_review,,not_annotated_no_domain_boundaries,,True,False
9M31,A,VI-D,binary,400,401,N,392.0,N,401.0,,ASN,True,1448,1449,four_layer_exact,high,1.0,0.238095238095238,2.461115116554963,0.0,K,A;D;E;K;Q;R;S,differs_from_consensus,True,True,scaffold_differs_from_msa_consensus,0.26446423168450833,surface,False,True,False,False,7.148561303214461,True,False,unassigned_manual_review,,not_annotated_no_domain_boundaries,,True,False
9M31,A,VI-D,binary,401,402,L,393.0,L,402.0,,LEU,True,1449,1450,four_layer_exact,high,1.0,1.0,-0.0,0.0,L,L,matches_consensus,True,False,,0.0,buried_core,True,False,True,False,3.713069815314994,True,True,unassigned_manual_review,,not_annotated_no_domain_boundaries,,True,False
9M31,A,VI-D,binary,402,403,R,394.0,R,403.0,,ARG,True,1450,1451,four_layer_exact,high,1.0,0.9319727891156464,0.3638624342161701,0.0,R,R,matches_consensus,True,False,,0.13836881132404008,buried_core,True,False,True,False,3.24560723581606,True,True,unassigned_manual_review,,not_annotated_no_domain_boundaries,,True,False
9M31,A,VI-D,binary,403,404,G,395.0,G,404.0,,GLY,True,1451,1452,four_layer_exact,high,1.0,0.3469387755102041,2.235741102985488,0.0,A,A;G;L;S,differs_from_consensus,True,True,scaffold_differs_from_msa_consensus,0.061814943695926175,buried_core,False,True,False,False,5.889315879714555,True,True,unassigned_manual_review,,not_annotated_no_domain_boundaries,,True,False
9M31,A,VI-D,binary,404,405,S,396.0,S,405.0,,SER,True,1452,1453,four_layer_exact,high,0.9945054945054944,0.2646261415525114,1.911215964175884,0.0054945054945054,S,A;C;N;S;T,matches_consensus,True,False,,0.02161642751074424,buried_core,True,False,True,False,4.647622444068277,True,True,unassigned_manual_review,,not_annotated_no_domain_boundaries,,True,False
9M31,A,VI-D,binary,405,406,F,397.0,F,406.0,,PHE,True,1453,1454,four_layer_exact,high,1.0,0.1972789115646258,2.573365905557752,0.0,L,A;E;I;L;M;Q;T;V,differs_from_consensus,True,True,scaffold_differs_from_msa_consensus,0.10778783450515556,buried_core,False,True,False,False,6.7895891179748284,True,True,unassigned_manual_review,,not_annotated_no_domain_boundaries,,True,False
9M31,A,VI-D,binary,406,407,N,398.0,N,407.0,,ASN,True,1463,1464,four_layer_exact,high,0.989010989010989,0.2344827586206896,2.1566729463705903,0.0109890109890109,S,D;G;N;S;T,differs_from_consensus,True,True,scaffold_differs_from_msa_consensus,0.31173872460694885,surface,False,True,False,False,5.8734262420299235,True,False,unassigned_manual_review,,not_annotated_no_domain_boundaries,,True,False
9M31,A,VI-D,binary,407,408,D,399.0,D,408.0,,ASP,True,1464,1465,four_layer_exact,high,0.989010989010989,0.4758620689655172,1.2142240834917557,0.0109890109890109,E,D;E,differs_from_consensus,True,True,scaffold_differs_from_msa_consensus,0.56770565127589,surface,False,True,False,False,5.628853480242592,True,False,unassigned_manual_review,,not_annotated_no_domain_boundaries,,True,False
9M31,A,VI-D,binary,408,409,D,400.0,D,409.0,,ASP,True,1465,1466,four_layer_exact,high,0.978021978021978,0.5128205128205128,1.7173787131873783,0.021978021978022,E,A;D;E,differs_from_consensus,True,True,scaffold_differs_from_msa_consensus,0.5205634002465859,surface,False,False,False,False,9.534600824911436,True,False,unassigned_manual_review,,not_annotated_no_domain_boundaries,,True,False
9M31,A,VI-D,binary,409,410,Q,401.0,Q,410.0,,GLN,True,1481,1482,four_layer_exact,high,0.9615384615384616,0.3928571428571428,1.8100121644774785,0.0384615384615384,E,A;D;E;G;Q,differs_from_consensus,True,True,scaffold_differs_from_msa_consensus,0.35053812638004417,surface,False,False,False,False,8.963656284837427,True,False,unassigned_manual_review,,not_annotated_no_domain_boundaries,,True,False
9M31,A,VI-D,binary,410,411,K,402.0,K,411.0,,LYS,True,1483,1484,four_layer_exact,high,1.0,0.9251700680272108,0.3108673782336407,0.0,K,K;R,matches_consensus,True,False,,0.10117658882885264,buried_core,True,False,True,False,3.081962629747637,True,True,unassigned_manual_review,,not_annotated_no_domain_boundaries,,True,False
9M31,A,VI-D,binary,411,412,D,403.0,D,412.0,,ASP,True,1484,1485,four_layer_exact,high,1.0,0.4557823129251701,1.7742692619317308,0.0,E,D;E;K,differs_from_consensus,True,True,scaffold_differs_from_msa_consensus,0.45915180749712686,surface,False,True,False,False,7.851153370976451,True,False,unassigned_manual_review,,not_annotated_no_domain_boundaries,,True,False
9M31,A,VI-D,binary,412,413,A,404.0,A,413.0,,ALA,True,1493,1494,four_layer_exact,high,1.0,0.1632653061224489,2.56909334204242,0.0,A,A;D;E;K;N;Q;R;S,matches_consensus,True,False,,0.3276510663674192,surface,False,False,False,False,10.086399974416953,True,False,unassigned_manual_review,,not_annotated_no_domain_boundaries,,True,False
9M31,A,VI-D,binary,413,414,L,405.0,L,414.0,,LEU,True,1494,1495,four_layer_exact,high,1.0,0.4285714285714285,1.7428869139002894,0.0,I,A;F;I;L;V,differs_from_consensus,True,True,scaffold_differs_from_msa_consensus,0.25563849015824686,surface,False,False,False,False,8.007274568461265,True,False,unassigned_manual_review,,not_annotated_no_domain_boundaries,,True,False
9M31,A,VI-D,binary,414,415,Y,406.0,Y,415.0,,TYR,True,1495,1496,four_layer_exact,high,1.0,1.0,-0.0,0.0,Y,Y,matches_consensus,True,False,,0.013775226798934406,buried_core,True,False,True,False,2.8983069632901044,True,True,unassigned_manual_review,,not_annotated_no_domain_boundaries,,True,False
9M31,A,VI-D,binary,415,416,Y,407.0,Y,416.0,,TYR,True,1496,1497,four_layer_exact,high,1.0,0.1428571428571428,2.580951258992332,0.0,R,A;D;E;I;K;L;N;Q;R;S,differs_from_consensus,True,True,scaffold_differs_from_msa_consensus,0.5047514494510136,surface,False,False,False,False,10.56894047221181,True,False,unassigned_manual_review,,not_annotated_no_domain_boundaries,,True,False
9M31,A,VI-D,binary,416,417,D,408.0,D,417.0,,ASP,True,1497,1498,four_layer_exact,high,1.0,0.1496598639455782,2.369323817968326,0.0,E,A;D;E;K;N;Q;R;S,differs_from_consensus,True,True,scaffold_differs_from_msa_consensus,0.4956890183888404,surface,False,False,False,False,12.590194786402607,True,False,unassigned_manual_review,,not_annotated_no_domain_boundaries,,True,False
9M31,A,VI-D,binary,417,418,E,409.0,E,418.0,,GLU,True,1498,1499,four_layer_exact,high,1.0,0.4217687074829932,1.9739928392220103,0.0,E,A;E;F;I;L;Y,matches_consensus,True,False,,0.09391220679599643,buried_core,False,False,False,False,9.697863645964096,True,True,unassigned_manual_review,,not_annotated_no_domain_boundaries,,True,False
9M31,A,VI-D,binary,418,419,A,410.0,A,419.0,,ALA,True,1503,1504,four_layer_exact,high,1.0,0.8435374149659864,0.704003828144631,0.0,A,A;S,matches_consensus,True,False,,0.045751720063739426,buried_core,False,False,False,False,12.521223192941399,True,True,unassigned_manual_review,,not_annotated_no_domain_boundaries,,True,False
9M31,A,VI-D,binary,419,420,N,411.0,N,420.0,,ASN,True,1504,1505,four_layer_exact,high,1.0,0.2131519274376417,2.3213737058840342,0.0,E,A;D;E;K;N;R;S,differs_from_consensus,True,True,scaffold_differs_from_msa_consensus,0.21149472404256642,surface,False,False,False,False,15.12413808150982,True,False,unassigned_manual_review,,not_annotated_no_domain_boundaries,,True,False
9M31,A,VI-D,binary,420,421,R,412.0,R,421.0,,ARG,True,1505,1506,four_layer_exact,high,1.0,0.1972789115646258,2.625432333877093,0.0,R,A;D;E;I;K;R;S,matches_consensus,True,False,,0.34003768768192705,surface,False,False,False,False,15.271748961995009,True,False,unassigned_manual_review,,not_annotated_no_domain_boundaries,,True,False
9M31,A,VI-D,binary,421,422,I,413.0,I,422.0,,ILE,True,1506,1507,four_layer_exact,high,0.9945054945054944,0.4246575342465753,1.732594913941025,0.0054945054945054,L,F;I;L;V,differs_from_consensus,True,True,scaffold_differs_from_msa_consensus,0.006130092467207697,buried_core,False,False,False,False,14.011609159162132,True,True,unassigned_manual_review,,not_annotated_no_domain_boundaries,,True,False
9M31,A,VI-D,binary,422,423,W,414.0,W,423.0,,TRP,True,1512,1513,four_layer_exact,high,0.945054945054945,0.561815693430657,1.6265565502127437,0.0549450549450549,W,A;F;K;W;Y,matches_consensus,True,False,,0.024223332828994984,buried_core,False,False,False,False,16.601627689969874,True,True,unassigned_manual_review,,not_annotated_no_domain_boundaries,,True,False
9M31,A,VI-D,binary,423,424,R,415.0,R,424.0,,ARG,True,1513,1514,four_layer_exact,high,0.934065934065934,0.1777777777777777,2.491302523823853,0.0659340659340659,N,A;D;E;K;N;P;S,differs_from_consensus,True,True,scaffold_differs_from_msa_consensus,0.6369298884261139,surface,False,False,False,False,20.518831748613735,True,False,unassigned_manual_review,,not_annotated_no_domain_boundaries,,True,False
9M31,A,VI-D,binary,424,425,K,416.0,K,425.0,,LYS,True,1514,1515,four_layer_exact,high,0.9505494505494504,0.2028985507246377,2.4104156145397626,0.0494505494505495,K,A;D;E;K;R;S,matches_consensus,True,False,,0.5850259462734971,surface,False,False,False,False,21.065901914198342,True,False,unassigned_manual_review,,not_annotated_no_domain_boundaries,,True,False
9M31,A,VI-D,binary,425,426,L,417.0,L,426.0,,LEU,True,1558,1559,four_layer_exact,high,0.978021978021978,0.2727272727272727,2.1448269525385717,0.021978021978022,L,F;I;L;N;V;Y,matches_consensus,True,False,,0.060081005773130164,buried_core,False,False,False,False,16.917818429748543,True,True,unassigned_manual_review,,not_annotated_no_domain_boundaries,,True,False
9M31,A,VI-D,binary,426,427,E,418.0,E,427.0,,GLU,True,1559,1560,four_layer_exact,high,0.978021978021978,0.2587412587412587,2.078267806016698,0.021978021978022,K,E;G;K;R;S,differs_from_consensus,True,True,scaffold_differs_from_msa_consensus,0.3250705378956957,surface,False,False,False,False,19.680471975623238,True,False,unassigned_manual_review,,not_annotated_no_domain_boundaries,,True,False
9M31,A,VI-D,binary,427,428,N,419.0,N,428.0,,ASN,True,1560,1561,four_layer_exact,high,0.9725274725274724,0.2464788732394366,2.33707591369517,0.0274725274725274,D,D;E;G;K;N;S,differs_from_consensus,True,True,scaffold_differs_from_msa_consensus,0.6370238034073982,surface,False,False,False,False,19.93492859085253,True,False,unassigned_manual_review,,not_annotated_no_domain_boundaries,,True,False
9M31,A,VI-D,binary,428,429,I,420.0,I,429.0,,ILE,True,1612,1613,four_layer_exact,high,0.9615384615384616,0.15,2.6274251197114253,0.0384615384615384,K,A;D;I;K;L;P;Q;R;S;T;V,differs_from_consensus,True,True,scaffold_differs_from_msa_consensus,0.14099212674577705,buried_core,False,False,False,False,16.458959088542883,True,True,unassigned_manual_review,,not_annotated_no_domain_boundaries,,True,False
9M31,A,VI-D,binary,429,430,M,421.0,M,430.0,,MET,True,1613,1614,four_layer_exact,high,0.9835164835164836,0.3125,1.6765038569311987,0.0164835164835165,I,F;I;L;V,differs_from_consensus,True,True,scaffold_differs_from_msa_consensus,0.009566598429131433,buried_core,False,False,False,False,13.888293134563595,True,True,unassigned_manual_review,,not_annotated_no_domain_boundaries,,True,False
9M31,A,VI-D,binary,430,431,H,422.0,H,431.0,,HIS,True,1649,1650,four_layer_exact,high,0.6703296703296703,0.2992097701149425,2.234683528872811,0.3296703296703297,K,A;D;K;N;S,differs_from_consensus,False,True,scaffold_differs_from_msa_consensus,0.2860373548202391,surface,False,False,False,False,16.821859397008748,True,False,unassigned_manual_review,,not_annotated_no_domain_boundaries,,False,False
9M31,A,VI-D,binary,431,432,N,423.0,N,432.0,,ASN,True,1650,1651,four_layer_exact,high,0.6703296703296703,0.2640086206896552,2.3083275238481704,0.3296703296703297,N,A;E;K;N;S;T;Y,matches_consensus,False,False,,0.32496679518781185,surface,False,False,False,False,14.405773560446358,True,False,unassigned_manual_review,,not_annotated_no_domain_boundaries,,False,False
9M31,A,VI-D,binary,432,433,I,424.0,I,433.0,,ILE,True,1698,1699,four_layer_exact,high,0.7637362637362637,0.73046875,0.906308675562731,0.2362637362637363,I,I;L;V,matches_consensus,False,False,,0.018390277401623092,buried_core,False,False,False,False,11.992708778963037,True,True,unassigned_manual_review,,not_annotated_no_domain_boundaries,,False,False
9M31,A,VI-D,binary,433,434,K,425.0,K,434.0,,LYS,True,1713,1714,four_layer_exact,high,0.9505494505494504,0.5434782608695652,1.6373027553552315,0.0494505494505495,K,E;K;Q;R;S,matches_consensus,True,False,,0.14085458455969307,buried_core,False,False,False,False,12.226131629949975,True,True,unassigned_manual_review,,not_annotated_no_domain_boundaries,,True,False
9M31,A,VI-D,binary,434,435,E,426.0,E,435.0,,GLU,True,1715,1716,four_layer_exact,high,0.9395604395604396,0.1985294117647058,2.2649299702020453,0.0604395604395604,E,D;E;G;K;N;Q,matches_consensus,True,False,,0.48674162937019594,surface,False,False,False,False,11.615166715984074,True,False,unassigned_manual_review,,not_annotated_no_domain_boundaries,,True,False
9M31,A,VI-D,binary,435,436,F,427.0,F,436.0,,PHE,True,1716,1717,four_layer_exact,high,0.9395604395604396,0.2867647058823529,2.259406732441456,0.0604395604395604,L,A;F;I;K;L;M;V;Y,differs_from_consensus,True,True,scaffold_differs_from_msa_consensus,0.014527981067260639,buried_core,False,True,False,False,5.898737913693539,True,True,unassigned_manual_review,,not_annotated_no_domain_boundaries,,True,False
9M31,A,VI-D,binary,436,437,R,428.0,R,437.0,,ARG,True,1717,1718,four_layer_exact,high,0.934065934065934,0.2298611111111111,2.4768306474043302,0.0659340659340659,K,D;E;K;N;Q;R;S;T,differs_from_consensus,True,True,scaffold_differs_from_msa_consensus,0.3513217840042904,surface,False,True,False,False,5.696821661150884,True,False,unassigned_manual_review,,not_annotated_no_domain_boundaries,,True,False
9M31,A,VI-D,binary,437,438,G,429.0,G,438.0,,GLY,True,1718,1719,four_layer_exact,high,0.9175824175824177,0.3169981060606061,2.321887168082493,0.0824175824175824,K,A;D;G;K;N;P;R;S,differs_from_consensus,True,True,scaffold_differs_from_msa_consensus,0.11786107746645479,buried_core,True,False,True,False,3.5113979812750347,True,True,unassigned_manual_review,,not_annotated_no_domain_boundaries,,True,False
9M31,A,VI-D,binary,438,439,N,430.0,N,439.0,,ASN,True,1719,1720,four_layer_exact,high,0.7197802197802198,0.2346938775510204,2.2606185232570297,0.2802197802197802,D,D;E;K;N;R;S,differs_from_consensus,False,True,scaffold_differs_from_msa_consensus,0.6420645290969119,surface,True,False,True,False,4.4803245756849535,True,False,unassigned_manual_review,,not_annotated_no_domain_boundaries,,False,False
9M31,A,VI-D,binary,439,440,K,431.0,K,440.0,,LYS,True,1774,1775,four_layer_exact,high,0.2527472527472527,0.1860465116279069,2.3180711122468587,0.7472527472527473,D,A;D;E;K;N;S,differs_from_consensus,False,True,scaffold_differs_from_msa_consensus,0.29252753628235467,surface,False,True,False,False,6.270240420956482,True,False,unassigned_manual_review,,not_annotated_no_domain_boundaries,,False,False
9M31,A,VI-D,binary,440,441,T,432.0,T,441.0,,THR,True,1775,1776,four_layer_exact,high,0.2582417582417582,0.1515151515151515,2.423162143361338,0.7417582417582418,D,A;D;E;G;K;N;Q;S;V,differs_from_consensus,False,True,scaffold_differs_from_msa_consensus,0.03510547139650919,buried_core,True,False,True,False,3.9671942678164123,True,True,unassigned_manual_review,,not_annotated_no_domain_boundaries,,False,False
9M31,A,VI-D,binary,441,442,R,433.0,R,442.0,,ARG,True,1776,1777,four_layer_exact,high,0.2582417582417582,0.2045454545454545,2.5900303417777395,0.7417582417582418,K,A;E;K;L;S;W;Y,differs_from_consensus,False,True,scaffold_differs_from_msa_consensus,0.6454497959773166,surface,False,True,False,False,5.952813177975996,True,False,unassigned_manual_review,,not_annotated_no_domain_boundaries,,False,False
9M31,A,VI-D,binary,442,443,E,434.0,E,443.0,,GLU,True,1777,1778,four_layer_exact,high,0.3461538461538461,0.25,2.189243332174502,0.6538461538461539,K,D;E;K;N;Q;R;S,differs_from_consensus,False,True,scaffold_differs_from_msa_consensus,0.4602753877189745,surface,False,False,False,False,8.634675289259413,True,False,unassigned_manual_review,,not_annotated_no_domain_boundaries,,False,False
9M31,A,VI-D,binary,443,444,Y,435.0,Y,444.0,,TYR,True,1779,1780,four_layer_exact,high,0.912087912087912,0.3435114503816794,1.9320333962666136,0.0879120879120879,F,F;I;L;V;Y,differs_from_consensus,True,True,scaffold_differs_from_msa_consensus,0.13561321369404508,buried_core,False,True,False,False,7.747165059247569,True,True,unassigned_manual_review,,not_annotated_no_domain_boundaries,,True,False
9M31,A,VI-D,binary,444,445,K,436.0,K,445.0,,LYS,True,1780,1781,four_layer_exact,high,0.934065934065934,0.2518518518518518,2.1702756729707864,0.0659340659340659,K,A;D;K;N;P;R;S;T,matches_consensus,True,False,,0.29585943490448563,surface,True,False,True,False,3.92444525535995,True,False,unassigned_manual_review,,not_annotated_no_domain_boundaries,,True,False
9M31,A,VI-D,binary,445,446,K,437.0,K,446.0,,LYS,True,1781,1782,four_layer_exact,high,0.2252747252747252,0.175,2.3391431410963204,0.7747252747252747,S,A;D;E;G;K;N;S;T,differs_from_consensus,False,True,scaffold_differs_from_msa_consensus,0.6867073730675818,surface,False,False,False,False,9.89514469116515,True,False,unassigned_manual_review,,not_annotated_no_domain_boundaries,,False,False
9M31,A,VI-D,binary,446,447,K,438.0,K,447.0,,LYS,True,1782,1783,four_layer_exact,high,0.2197802197802197,0.1794871794871795,2.410913066158933,0.7802197802197802,K,A;E;K;P;Q;S;T;V;Y,matches_consensus,False,False,,0.6893293249973348,surface,False,False,False,False,10.326902116335951,True,False,unassigned_manual_review,,not_annotated_no_domain_boundaries,,False,False
9M31,A,VI-D,binary,447,448,D,439.0,D,448.0,,ASP,True,1792,1793,four_layer_exact,high,0.6813186813186813,0.3642361111111111,1.915310982998874,0.3186813186813186,E,D;E;G;K;N;S,differs_from_consensus,False,True,scaffold_differs_from_msa_consensus,0.49061799951548224,surface,False,False,False,False,10.076369317778166,True,False,unassigned_manual_review,,not_annotated_no_domain_boundaries,,False,False
9M31,A,VI-D,binary,448,449,A,440.0,A,449.0,,ALA,True,1793,1794,four_layer_exact,high,0.2967032967032967,0.1923076923076923,2.3323325883750043,0.7032967032967032,I,I;K;L;T;V,differs_from_consensus,False,True,scaffold_differs_from_msa_consensus,0.05814118735224064,buried_core,False,False,False,False,9.807612506074234,True,True,unassigned_manual_review,,not_annotated_no_domain_boundaries,,False,False
9M31,A,VI-D,binary,449,450,P,441.0,P,450.0,,PRO,True,1794,1795,four_layer_exact,high,0.2142857142857142,0.1621621621621621,2.5592269492075874,0.7857142857142857,K,A;D;E;G;I;K;L;N;P;Q;Y,differs_from_consensus,False,True,scaffold_differs_from_msa_consensus,0.242188262398114,surface,False,False,False,False,12.020072382538675,True,False,unassigned_manual_review,,not_annotated_no_domain_boundaries,,False,False
9M31,A,VI-D,binary,450,451,R,442.0,R,451.0,,ARG,True,1800,1801,four_layer_exact,high,0.9065934065934066,0.1444711538461538,2.631169441935095,0.0934065934065934,K,A;D;E;K;M;Q;S;V,differs_from_consensus,True,True,scaffold_differs_from_msa_consensus,0.7876637332586847,surface,False,False,False,False,13.741623077058621,True,False,unassigned_manual_review,,not_annotated_no_domain_boundaries,,True,False
9M31,A,VI-D,binary,451,452,L,443.0,L,452.0,,LEU,True,1801,1802,four_layer_exact,high,0.9285714285714286,0.3507462686567164,1.6554692045209036,0.0714285714285714,L,F;I;L;V,matches_consensus,True,False,,0.27665602634741815,surface,False,False,False,False,11.247951719026787,True,False,unassigned_manual_review,,not_annotated_no_domain_boundaries,,True,False
9M31,A,VI-D,binary,452,453,P,444.0,P,453.0,,PRO,True,1818,1819,four_layer_exact,high,0.9010989010989012,0.3023255813953488,2.0708367394739287,0.0989010989010988,E,D;E;N;P;S,differs_from_consensus,True,True,scaffold_differs_from_msa_consensus,0.6414445395104326,surface,False,False,False,False,14.112265752014434,True,False,unassigned_manual_review,,not_annotated_no_domain_boundaries,,True,False
9M31,A,VI-D,binary,453,454,R,445.0,R,454.0,,ARG,True,1819,1820,four_layer_exact,high,0.9010989010989012,0.1937984496124031,2.2989603811603,0.0989010989010988,E,A;D;E;G;K;N;S,differs_from_consensus,True,True,scaffold_differs_from_msa_consensus,0.400374474109442,surface,False,False,False,False,12.094088849824367,True,False,unassigned_manual_review,,not_annotated_no_domain_boundaries,,True,False
9M31,A,VI-D,binary,454,455,I,446.0,I,455.0,,ILE,True,1820,1821,four_layer_exact,high,0.8791208791208791,0.2566137566137565,2.348692044329717,0.1208791208791209,I,I;L;V;Y,matches_consensus,True,False,,0.19887997412804745,buried_core,False,False,False,False,13.00538994638449,True,True,unassigned_manual_review,,not_annotated_no_domain_boundaries,,True,False
9M31,A,VI-D,binary,455,456,L,447.0,L,456.0,,LEU,True,1852,1853,four_layer_exact,high,0.6318681318681318,0.1916666666666666,2.477836666832085,0.3681318681318681,K,A;F;I;K;L;M;R;S;V,differs_from_consensus,False,True,scaffold_differs_from_msa_consensus,0.037424589786522036,buried_core,False,False,False,False,8.95987605262586,True,True,unassigned_manual_review,,not_annotated_no_domain_boundaries,,False,False
9M31,A,VI-D,binary,456,457,P,448.0,P,457.0,,PRO,True,1853,1854,four_layer_exact,high,0.8461538461538461,0.2166666666666666,2.318497798458601,0.1538461538461538,I,I;K;L;Q;R;S;V,differs_from_consensus,True,True,scaffold_differs_from_msa_consensus,0.1974737963335712,buried_core,False,False,False,False,14.239504438580731,True,True,unassigned_manual_review,,not_annotated_no_domain_boundaries,,True,False
9M31,A,VI-D,binary,457,458,A,449.0,A,458.0,,ALA,True,1854,1855,four_layer_exact,high,0.8846153846153846,0.2020997375328083,2.424667976800019,0.1153846153846154,S,E;G;I;K;L;N;S;T,differs_from_consensus,True,True,scaffold_differs_from_msa_consensus,0.15826077410351372,buried_core,False,False,False,False,16.523672938846552,True,True,unassigned_manual_review,,not_annotated_no_domain_boundaries,,True,False
9M31,A,VI-D,binary,458,459,G,450.0,G,459.0,,GLY,True,1855,1856,four_layer_exact,high,0.9065934065934066,0.2121212121212121,2.4640271150506643,0.0934065934065934,S,A;D;E;G;K;N;P;R;S;T,differs_from_consensus,True,True,scaffold_differs_from_msa_consensus,0.01051527310302507,buried_core,False,False,False,False,17.384467736861744,True,True,unassigned_manual_review,,not_annotated_no_domain_boundaries,,True,False
9M31,A,VI-D,binary,459,460,R,451.0,R,460.0,,ARG,True,1856,1857,four_layer_exact,high,0.945054945054945,0.2302158273381295,2.310045202045129,0.0549450549450549,E,A;D;E;K;N;S,differs_from_consensus,True,True,scaffold_differs_from_msa_consensus,0.6652814091761007,surface,False,False,False,False,20.17689013104837,True,False,unassigned_manual_review,,not_annotated_no_domain_boundaries,,True,False
9M31,A,VI-D,binary,460,461,D,452.0,D,461.0,,ASP,True,1857,1858,four_layer_exact,high,0.967032967032967,0.3617021276595745,1.9119688492247584,0.0329670329670329,N,D;E;K;N;S,differs_from_consensus,True,True,scaffold_differs_from_msa_consensus,0.4874079754861635,surface,False,False,False,False,19.976129301192483,True,False,unassigned_manual_review,,not_annotated_no_domain_boundaries,,True,False
9M31,A,VI-D,binary,461,462,V,453.0,V,462.0,,VAL,True,1859,1860,four_layer_exact,high,0.978021978021978,0.3426573426573426,1.9582044525873452,0.021978021978022,A,A;I;T;V,differs_from_consensus,True,True,scaffold_differs_from_msa_consensus,0.05698545747424641,buried_core,False,False,False,False,17.447415643114,True,True,unassigned_manual_review,,not_annotated_no_domain_boundaries,,True,False
9M31,A,VI-D,binary,462,463,S,454.0,S,463.0,,SER,True,1866,1867,four_layer_exact,high,0.9945054945054944,0.3789954337899544,2.033045624361181,0.0054945054945054,S,D;H;N;S;T,matches_consensus,True,False,,0.1558229956180537,buried_core,False,False,False,False,18.143053970294922,True,True,unassigned_manual_review,,not_annotated_no_domain_boundaries,,True,False
9M31,A,VI-D,binary,463,464,A,455.0,A,464.0,,ALA,True,1867,1868,four_layer_exact,high,1.0,0.3605442176870748,2.272974925393071,0.0,Y,D;L;P;S;T;Y,differs_from_consensus,True,True,scaffold_differs_from_msa_consensus,0.07047152450924639,buried_core,False,False,False,False,20.204225573493805,True,True,unassigned_manual_review,,not_annotated_no_domain_boundaries,,True,False
9M31,A,VI-D,binary,464,465,F,456.0,F,465.0,,PHE,True,1868,1869,four_layer_exact,high,1.0,0.8979591836734694,0.4738477239414613,0.0,F,F;L,matches_consensus,True,False,,0.024208589389787347,buried_core,False,False,False,False,15.291904082148916,True,True,unassigned_manual_review,,not_annotated_no_domain_boundaries,,True,False
9M31,A,VI-D,binary,465,466,S,457.0,S,466.0,,SER,True,1869,1870,four_layer_exact,high,1.0,0.3469387755102041,1.6809986183902323,0.0,S,A;C;S;T;V,matches_consensus,True,False,,0.0,buried_core,False,False,False,False,15.260613152956616,True,True,unassigned_manual_review,,not_annotated_no_domain_boundaries,,True,False
9M31,A,VI-D,binary,466,467,K,458.0,K,467.0,,LYS,True,1870,1871,four_layer_exact,high,1.0,0.7278911564625851,1.172430109044073,0.0,K,E;K;Q,matches_consensus,True,False,,0.06092517256773242,buried_core,False,False,False,False,17.720136938778946,True,True,unassigned_manual_review,,not_annotated_no_domain_boundaries,,True,False
9M31,A,VI-D,binary,467,468,L,459.0,L,468.0,,LEU,True,1871,1872,four_layer_exact,high,1.0,0.564625850340136,1.480645417410278,0.0,L,I;L;M;V,matches_consensus,True,False,,0.012016201154626033,buried_core,False,False,False,False,18.08289479409862,True,True,unassigned_manual_review,,not_annotated_no_domain_boundaries,,True,False
9M31,A,VI-D,binary,468,469,M,460.0,M,469.0,,MET,True,1872,1873,four_layer_exact,high,1.0,0.4149659863945578,1.4337109365189795,0.0,I,I;L;M;V,differs_from_consensus,True,True,scaffold_differs_from_msa_consensus,0.025485721603296683,buried_core,False,False,False,False,14.530948783555914,True,True,unassigned_manual_review,,not_annotated_no_domain_boundaries,,True,False
9M31,A,VI-D,binary,469,470,Y,461.0,Y,470.0,,TYR,True,1873,1874,four_layer_exact,high,1.0,0.782312925170068,0.8904468001169228,0.0,Y,A;F;Y,matches_consensus,True,False,,0.05147663212410123,buried_core,False,False,False,False,9.573043079491141,True,True,unassigned_manual_review,,not_annotated_no_domain_boundaries,,True,False
9M31,A,VI-D,binary,470,471,A,462.0,A,471.0,,ALA,True,1874,1875,four_layer_exact,high,1.0,0.3537414965986394,1.6924165180236204,0.0,F,A;F;L;M;V,differs_from_consensus,True,True,scaffold_differs_from_msa_consensus,0.05616875423441471,buried_core,False,False,False,False,16.310197343372593,True,True,unassigned_manual_review,,not_annotated_no_domain_boundaries,,True,False
9M31,A,VI-D,binary,471,472,L,463.0,L,472.0,,LEU,True,1875,1876,four_layer_exact,high,1.0,0.5510204081632653,1.3299700895444704,0.0,L,I;L;M;V,matches_consensus,True,False,,0.023465040053902268,buried_core,False,False,False,False,15.72234439675337,True,True,unassigned_manual_review,,not_annotated_no_domain_boundaries,,True,False
9M31,A,VI-D,binary,472,473,T,464.0,T,473.0,,THR,True,1876,1877,four_layer_exact,high,1.0,0.564625850340136,1.100496697203287,0.0,T,C;S;T,matches_consensus,True,False,,0.07089858628268321,buried_core,False,False,False,False,12.885179453394043,True,True,unassigned_manual_review,,not_annotated_no_domain_boundaries,,True,False
9M31,A,VI-D,binary,473,474,M,465.0,M,474.0,,MET,True,1877,1878,four_layer_exact,high,1.0,0.3129251700680272,2.220253024889425,0.0,L,F;K;L;M;N;R,differs_from_consensus,True,True,scaffold_differs_from_msa_consensus,0.13140608871540335,buried_core,False,False,False,False,12.18294761846974,True,True,unassigned_manual_review,,not_annotated_no_domain_boundaries,,True,False
9M31,A,VI-D,binary,474,475,F,466.0,F,475.0,,PHE,True,1878,1879,four_layer_exact,high,1.0,0.9183673469387756,0.3416338748989142,0.0,F,F;L,matches_consensus,True,False,,0.020127136933998604,buried_core,False,False,False,False,15.065341062369173,True,True,unassigned_manual_review,,not_annotated_no_domain_boundaries,,True,False
9M31,A,VI-D,binary,475,476,L,467.0,L,476.0,,LEU,True,1879,1880,four_layer_exact,high,1.0,0.8231292517006803,0.6978446422888986,0.0,L,I;L,matches_consensus,True,False,,0.11262093879250909,buried_core,False,False,False,False,11.742244623378218,True,True,unassigned_manual_review,,not_annotated_no_domain_boundaries,,True,False
9M31,A,VI-D,binary,476,477,D,468.0,D,477.0,,ASP,True,1880,1881,four_layer_exact,high,1.0,0.7959183673469388,0.7786317192627682,0.0,D,D;E;N,matches_consensus,True,False,,0.1473492249588042,buried_core,False,True,False,False,7.323317192634363,True,True,unassigned_manual_review,,not_annotated_no_domain_boundaries,,True,False
9M31,A,VI-D,binary,477,478,G,469.0,G,478.0,,GLY,True,1881,1882,four_layer_exact,high,1.0,0.8435374149659864,0.7604654682901153,0.0,G,G;K,matches_consensus,True,False,,0.31197223355013415,surface,False,True,False,False,5.118112235401894,True,False,unassigned_manual_review,,not_annotated_no_domain_boundaries,,True,False
9M31,A,VI-D,binary,478,479,K,470.0,K,479.0,,LYS,True,1882,1883,four_layer_exact,high,1.0,0.9931972789115646,0.0407280509323613,0.0,K,K,matches_consensus,True,False,,0.2072899508998226,surface,True,False,True,False,3.1952554344188586,True,False,unassigned_manual_review,,not_annotated_no_domain_boundaries,,True,False
9M31,A,VI-D,binary,479,480,E,471.0,E,480.0,,GLU,True,1883,1884,four_layer_exact,high,1.0,0.9727891156462584,0.1402106888660079,0.0,E,E,matches_consensus,True,False,,0.07347196249014319,buried_core,False,True,False,False,6.119031596707814,True,True,unassigned_manual_review,,not_annotated_no_domain_boundaries,,True,False
9M31,A,VI-D,binary,480,481,I,472.0,I,481.0,,ILE,True,1884,1885,four_layer_exact,high,1.0,0.8775510204081632,0.5693343986134891,0.0,I,I,matches_consensus,True,False,,0.036780554803246185,buried_core,False,True,False,False,6.932923587880605,True,True,unassigned_manual_review,,not_annotated_no_domain_boundaries,,True,False
9M31,A,VI-D,binary,481,482,N,473.0,N,482.0,,ASN,True,1885,1886,four_layer_exact,high,1.0,1.0,-0.0,0.0,N,N,matches_consensus,True,False,,0.02792724428164692,buried_core,True,False,True,False,3.0671797602132456,True,True,unassigned_manual_review,,not_annotated_no_domain_boundaries,,True,False
9M31,A,VI-D,binary,482,483,D,474.0,D,483.0,,ASP,True,1886,1887,four_layer_exact,high,1.0,0.4897959183673469,1.3634847226218587,0.0,D,D;E;I,matches_consensus,True,False,,0.22347512614747775,surface,True,False,True,False,4.039219609167696,True,False,unassigned_manual_review,,not_annotated_no_domain_boundaries,,True,False
9M31,A,VI-D,binary,483,484,L,475.0,L,484.0,,LEU,True,1887,1888,four_layer_exact,high,1.0,0.8503401360544217,0.5510940293246659,0.0,L,F;L,matches_consensus,True,False,,0.01802430173193905,buried_core,False,True,False,False,6.450107627524606,True,True,unassigned_manual_review,,not_annotated_no_domain_boundaries,,True,False
9M31,A,VI-D,binary,484,485,L,476.0,L,485.0,,LEU,True,1888,1889,four_layer_exact,high,1.0,0.7074829931972789,1.094446455166942,0.0,L,F;I;L;V,matches_consensus,True,False,,0.012016201154626033,buried_core,False,True,False,False,6.51235751119546,True,True,unassigned_manual_review,,not_annotated_no_domain_boundaries,,True,False
9M31,A,VI-D,binary,485,486,T,477.0,T,486.0,,THR,True,1889,1890,four_layer_exact,high,1.0,0.7006802721088435,0.9855207153732972,0.0,T,C;S;T,matches_consensus,True,False,,0.05221034749089158,buried_core,True,False,True,False,3.2419577900677186,True,True,unassigned_manual_review,,not_annotated_no_domain_boundaries,,True,False
9M31,A,VI-D,binary,486,487,T,478.0,T,487.0,,THR,True,1890,1891,four_layer_exact,high,1.0,0.4421768707482993,1.7109871039484106,0.0,T,A;G;S;T,matches_consensus,True,False,,0.16140575188407133,buried_core,False,True,False,False,5.846530612799961,True,True,unassigned_manual_review,,not_annotated_no_domain_boundaries,,True,False
9M31,A,VI-D,binary,487,488,L,479.0,L,488.0,,LEU,True,1891,1892,four_layer_exact,high,1.0,0.782312925170068,0.862810340609705,0.0,L,I;L;M;Y,matches_consensus,True,False,,0.0,buried_core,False,False,False,False,8.172911630015593,True,True,unassigned_manual_review,,not_annotated_no_domain_boundaries,,True,False
9M31,A,VI-D,binary,488,489,I,480.0,I,489.0,,ILE,True,1892,1893,four_layer_exact,high,1.0,0.7891156462585034,0.876635168330833,0.0,I,I;V,matches_consensus,True,False,,0.030650462336038485,buried_core,False,True,False,False,5.345120443141427,True,True,unassigned_manual_review,,not_annotated_no_domain_boundaries,,True,False
9M31,A,VI-D,binary,489,490,N,481.0,N,490.0,,ASN,True,1893,1894,four_layer_exact,high,1.0,0.6938775510204082,1.0712944490502216,0.0,N,H;N;S,matches_consensus,True,False,,0.19527682389937942,buried_core,True,False,True,False,3.6420610222850436,True,True,unassigned_manual_review,,not_annotated_no_domain_boundaries,,True,False
9M31,A,VI-D,binary,490,491,K,482.0,K,491.0,,LYS,True,1894,1895,four_layer_exact,high,1.0,0.8571428571428571,0.6733816047923615,0.0,K,K,matches_consensus,True,False,,0.13409675252515585,buried_core,False,True,False,False,5.610019916126881,True,True,unassigned_manual_review,,not_annotated_no_domain_boundaries,,True,False
9M31,A,VI-D,binary,491,492,F,483.0,F,492.0,,PHE,True,1895,1896,four_layer_exact,high,1.0,0.8163265306122449,0.6652628659212857,0.0,F,F;L,matches_consensus,True,False,,0.020127136933998604,buried_core,False,False,False,False,9.127904206048353,True,True,unassigned_manual_review,,not_annotated_no_domain_boundaries,,True,False
9M31,A,VI-D,binary,492,493,D,484.0,D,493.0,,ASP,True,1896,1897,four_layer_exact,high,1.0,0.4897959183673469,1.2275483767033433,0.0,D,D;E,matches_consensus,True,False,,0.13050898612099146,buried_core,False,True,False,False,6.2696059547300775,True,True,unassigned_manual_review,,not_annotated_no_domain_boundaries,,True,False
9M31,A,VI-D,binary,493,494,N,485.0,N,494.0,,ASN,True,1897,1898,four_layer_exact,high,1.0,0.7755102040816326,0.9738557928909876,0.0,N,N;S,matches_consensus,True,False,,0.10062356939986228,buried_core,True,False,True,False,3.1590360511911286,True,True,unassigned_manual_review,,not_annotated_no_domain_boundaries,,True,False
9M31,A,VI-D,binary,494,495,I,486.0,I,495.0,,ILE,True,1898,1899,four_layer_exact,high,1.0,0.9727891156462584,0.153200773933249,0.0,I,I,matches_consensus,True,False,,0.0,buried_core,False,True,False,False,6.496247233731275,True,True,unassigned_manual_review,,not_annotated_no_domain_boundaries,,True,False
9M31,A,VI-D,binary,495,496,Q,487.0,Q,496.0,,GLN,True,1899,1900,four_layer_exact,high,1.0,0.3469387755102041,2.0446377815591643,0.0,A,A;D;N;Q;R;S,differs_from_consensus,True,True,scaffold_differs_from_msa_consensus,0.1157755921356369,buried_core,False,False,False,False,8.899781004883838,True,True,unassigned_manual_review,,not_annotated_no_domain_boundaries,,True,False
9M31,A,VI-D,binary,496,497,S,488.0,S,497.0,,SER,True,1900,1901,four_layer_exact,high,1.0,0.6054421768707483,1.353568709219572,0.0,S,A;D;G;S,matches_consensus,True,False,,0.0726404323131354,buried_core,False,True,False,False,5.4427162675019245,True,True,unassigned_manual_review,,not_annotated_no_domain_boundaries,,True,False
9M31,A,VI-D,binary,497,498,F,489.0,F,498.0,,PHE,True,1901,1902,four_layer_exact,high,1.0,0.6190476190476191,0.9068532215822056,0.0,F,F;L,matches_consensus,True,False,,0.030190705400997907,buried_core,True,False,True,False,3.5028822835238365,True,True,unassigned_manual_review,,not_annotated_no_domain_boundaries,,True,False
9M31,A,VI-D,binary,498,499,L,490.0,L,499.0,,LEU,True,1902,1903,four_layer_exact,high,1.0,0.3741496598639456,1.895009882115032,0.0,I,I;L;M;N;V,differs_from_consensus,True,True,scaffold_differs_from_msa_consensus,0.2162025933616027,surface,False,False,False,False,9.32910434312209,True,False,unassigned_manual_review,,not_annotated_no_domain_boundaries,,True,False
9M31,A,VI-D,binary,499,500,K,491.0,K,500.0,,LYS,True,1903,1904,four_layer_exact,high,1.0,0.3469387755102041,2.0107811541491083,0.0,D,D;E;K;N;Q;S,differs_from_consensus,True,True,scaffold_differs_from_msa_consensus,0.4593929105937779,surface,False,False,False,False,10.69115522080664,True,False,unassigned_manual_review,,not_annotated_no_domain_boundaries,,True,False
9M31,A,VI-D,binary,500,501,V,492.0,V,501.0,,VAL,True,1904,1905,four_layer_exact,high,1.0,0.3741496598639456,1.562613437700859,0.0,V,I;L;T;V,matches_consensus,True,False,,0.07634431250827058,buried_core,False,True,False,False,7.269329359570769,True,True,unassigned_manual_review,,not_annotated_no_domain_boundaries,,True,False
9M31,A,VI-D,binary,501,502,M,493.0,M,502.0,,MET,True,1913,1914,four_layer_exact,high,1.0,0.3071853741496598,1.8058501554481996,0.0,L,A;I;L;M,differs_from_consensus,True,True,scaffold_differs_from_msa_consensus,0.02297850626625678,buried_core,False,False,False,False,10.686273747615903,True,True,unassigned_manual_review,,not_annotated_no_domain_boundaries,,True,False
9M31,A,VI-D,binary,502,503,P,494.0,P,503.0,,PRO,True,1914,1915,four_layer_exact,high,0.9945054945054944,0.3219178082191781,2.0026462262962146,0.0054945054945054,K,D;E;K;N;R,differs_from_consensus,True,True,scaffold_differs_from_msa_consensus,0.5846011547897099,surface,False,False,False,False,13.669188486820499,True,False,unassigned_manual_review,,not_annotated_no_domain_boundaries,,True,False
9M31,A,VI-D,binary,503,504,L,495.0,L,504.0,,LEU,True,1924,1925,four_layer_exact,high,0.978021978021978,0.2307692307692307,2.266336114137132,0.021978021978022,E,D;E;K;Q;S,differs_from_consensus,True,True,scaffold_differs_from_msa_consensus,0.6365915789301821,surface,False,False,False,False,12.963146227008156,True,False,unassigned_manual_review,,not_annotated_no_domain_boundaries,,True,False
9M31,A,VI-D,binary,504,505,I,496.0,I,505.0,,ILE,True,1925,1926,four_layer_exact,high,0.967032967032967,0.4113475177304964,2.09769891143406,0.0329670329670329,L,C;E;I;L;Q,differs_from_consensus,True,True,scaffold_differs_from_msa_consensus,0.029268033991092336,buried_core,False,False,False,False,11.258584405856077,True,True,unassigned_manual_review,,not_annotated_no_domain_boundaries,,True,False
9M31,A,VI-D,binary,505,506,G,497.0,G,506.0,,GLY,True,1951,1952,four_layer_exact,high,0.956043956043956,0.4964028776978417,1.6967490771387137,0.0439560439560439,G,D;G;K;N;S,matches_consensus,True,False,,0.5117127611775862,surface,False,False,False,False,15.838188013625544,True,False,unassigned_manual_review,,not_annotated_no_domain_boundaries,,True,False
9M31,A,VI-D,binary,506,507,V,498.0,V,507.0,,VAL,True,1952,1953,four_layer_exact,high,0.934065934065934,0.2962962962962963,2.233178555701175,0.0659340659340659,L,E;I;K;L;M;V,differs_from_consensus,True,True,scaffold_differs_from_msa_consensus,0.1140737569700724,buried_core,False,False,False,False,12.596113126654002,True,True,unassigned_manual_review,,not_annotated_no_domain_boundaries,,True,False
9M31,A,VI-D,binary,507,508,N,499.0,N,508.0,,ASN,True,1953,1954,four_layer_exact,high,0.967032967032967,0.2413563829787234,2.1898049691173327,0.0329670329670329,E,D;E;K;N;P;S,differs_from_consensus,True,True,scaffold_differs_from_msa_consensus,0.6802610758875395,surface,False,False,False,False,16.661937937255868,True,False,unassigned_manual_review,,not_annotated_no_domain_boundaries,,True,False
9M31,A,VI-D,binary,508,509,A,500.0,A,509.0,,ALA,True,1954,1955,four_layer_exact,high,0.956043956043956,0.1726618705035971,2.4325451488115584,0.0439560439560439,V,A;C;I;L;R;S;T;V,differs_from_consensus,True,True,scaffold_differs_from_msa_consensus,0.15886736937340218,buried_core,False,False,False,False,14.907761681084768,True,True,unassigned_manual_review,,not_annotated_no_domain_boundaries,,True,False
9M31,A,VI-D,binary,509,510,K,501.0,K,510.0,,LYS,True,1981,1982,four_layer_exact,high,0.9725274725274724,0.2394366197183098,2.4260502226502383,0.0274725274725274,E,D;E;K;N;S;T,differs_from_consensus,True,True,scaffold_differs_from_msa_consensus,0.619825155107979,surface,False,False,False,False,17.436749919912273,True,False,unassigned_manual_review,,not_annotated_no_domain_boundaries,,True,False
9M31,A,VI-D,binary,510,511,F,502.0,F,511.0,,PHE,True,1982,1983,four_layer_exact,high,0.989010989010989,0.7931034482758621,0.7019234381787381,0.0109890109890109,F,F;L;Y,matches_consensus,True,False,,0.16229698031906134,buried_core,False,False,False,False,13.043727696995997,True,True,unassigned_manual_review,,not_annotated_no_domain_boundaries,,True,False
9M31,A,VI-D,binary,511,512,V,503.0,V,512.0,,VAL,True,1995,1996,four_layer_exact,high,0.9615384615384616,0.2285714285714285,2.402960687402209,0.0384615384615384,T,A;E;K;Q;R;S;T;V,differs_from_consensus,True,True,scaffold_differs_from_msa_consensus,0.3053772500330823,surface,False,False,False,False,18.89023878037325,True,False,unassigned_manual_review,,not_annotated_no_domain_boundaries,,True,False
9M31,A,VI-D,binary,512,513,E,504.0,E,513.0,,GLU,True,2037,2038,four_layer_exact,high,1.0,0.2539682539682539,2.089227697560553,0.0,E,A;D;E;K;P,matches_consensus,True,False,,0.5178411989346633,surface,False,False,False,False,22.242963820348017,True,False,unassigned_manual_review,,not_annotated_no_domain_boundaries,,True,False
9M31,A,VI-D,binary,513,514,E,505.0,E,514.0,,GLU,True,2038,2039,four_layer_exact,high,1.0,0.272108843537415,2.0393084887849886,0.0,E,D;E;G;K;N,matches_consensus,True,False,,0.3053824162292589,surface,False,False,False,False,21.11418380273763,True,False,unassigned_manual_review,,not_annotated_no_domain_boundaries,,True,False
9M31,A,VI-D,binary,514,515,Y,506.0,Y,515.0,,TYR,True,2049,2050,four_layer_exact,high,0.9945054945054944,0.773972602739726,0.6761898808828565,0.0054945054945054,Y,F;Y,matches_consensus,True,False,,0.056586127972075045,buried_core,False,False,False,False,17.329244130137422,True,True,unassigned_manual_review,,not_annotated_no_domain_boundaries,,True,False
9M31,A,VI-D,binary,515,516,A,507.0,A,516.0,,ALA,True,2051,2052,four_layer_exact,high,0.9945054945054944,0.2157534246575342,2.177386161055365,0.0054945054945054,K,A;E;K;R;S,differs_from_consensus,True,True,scaffold_differs_from_msa_consensus,0.32131761557778216,surface,False,False,False,False,18.645418560978722,True,False,unassigned_manual_review,,not_annotated_no_domain_boundaries,,True,False
9M31,A,VI-D,binary,516,517,F,508.0,F,517.0,,PHE,True,2052,2053,four_layer_exact,high,0.9945054945054944,0.3698630136986301,1.7387501761397035,0.0054945054945054,F,F;I;L;M;V,matches_consensus,True,False,,0.18647027915137335,buried_core,False,False,False,False,16.99411831596217,True,True,unassigned_manual_review,,not_annotated_no_domain_boundaries,,True,False
9M31,A,VI-D,binary,517,518,F,509.0,F,518.0,,PHE,True,2053,2054,four_layer_exact,high,1.0,0.8979591836734694,0.4030262359021584,0.0,F,F;L,matches_consensus,True,False,,0.005031784233499651,buried_core,False,False,False,False,13.241248180578419,True,True,unassigned_manual_review,,not_annotated_no_domain_boundaries,,True,False
9M31,A,VI-D,binary,518,519,K,510.0,K,519.0,,LYS,True,2077,2078,four_layer_exact,high,0.9725274725274724,0.323943661971831,2.0774301339406964,0.0274725274725274,N,A;D;E;K;N;S,differs_from_consensus,True,True,scaffold_differs_from_msa_consensus,0.6207445235614855,surface,False,False,False,False,16.088656052794473,True,False,unassigned_manual_review,,not_annotated_no_domain_boundaries,,True,False
9M31,A,VI-D,binary,519,520,D,511.0,D,520.0,,ASP,True,2094,2095,four_layer_exact,high,1.0,0.2244897959183673,2.406589494979646,0.0,N,D;E;K;N;Q;R;S,differs_from_consensus,True,True,scaffold_differs_from_msa_consensus,0.39566747981431283,surface,False,False,False,False,15.960727075026954,True,False,unassigned_manual_review,,not_annotated_no_domain_boundaries,,True,False
9M31,A,VI-D,binary,520,521,S,512.0,S,521.0,,SER,True,2095,2096,four_layer_exact,high,1.0,0.6326530612244898,1.2508471240780406,0.0,S,A;C;S,matches_consensus,True,False,,0.02116622714931498,buried_core,False,False,False,False,12.345527659852511,True,True,unassigned_manual_review,,not_annotated_no_domain_boundaries,,True,False
9M31,A,VI-D,binary,521,522,A,513.0,A,522.0,,ALA,True,2096,2097,four_layer_exact,high,1.0,0.2108843537414966,2.222595186472575,0.0,G,A;D;E;G;K;R;S,differs_from_consensus,True,True,scaffold_differs_from_msa_consensus,0.39777949973477583,surface,False,False,False,False,12.950258056617212,True,False,unassigned_manual_review,,not_annotated_no_domain_boundaries,,True,False
9M31,A,VI-D,binary,522,523,K,514.0,K,523.0,,LYS,True,2097,2098,four_layer_exact,high,1.0,0.27437641723356,2.271048763197599,0.0,K,D;E;K;N;Q;R;T,matches_consensus,True,False,,0.41368918041135294,surface,False,False,False,False,14.217669444328102,True,False,unassigned_manual_review,,not_annotated_no_domain_boundaries,,True,False
9M31,A,VI-D,binary,523,524,I,515.0,I,524.0,,ILE,True,2098,2099,four_layer_exact,high,1.0,0.5782312925170068,1.424677957899505,0.0,I,I;V;Y,matches_consensus,True,False,,0.02452036986883079,buried_core,False,False,False,False,11.975282215646322,True,True,unassigned_manual_review,,not_annotated_no_domain_boundaries,,True,False
9M31,A,VI-D,binary,524,525,A,516.0,A,525.0,,ALA,True,2099,2100,four_layer_exact,high,1.0,0.5238095238095238,1.6623759917322187,0.0,A,A;C;S;V,matches_consensus,True,False,,0.009361459039069119,buried_core,False,False,False,False,9.278158632140416,True,True,unassigned_manual_review,,not_annotated_no_domain_boundaries,,True,False
9M31,A,VI-D,binary,525,526,D,517.0,D,526.0,,ASP,True,2104,2105,four_layer_exact,high,0.989010989010989,0.2068965517241379,2.340981317019028,0.0109890109890109,E,A;D;E;K;N;R;S,differs_from_consensus,True,True,scaffold_differs_from_msa_consensus,0.454098368520483,surface,False,False,False,False,10.943507000539578,True,False,unassigned_manual_review,,not_annotated_no_domain_boundaries,,True,False
9M31,A,VI-D,binary,526,527,E,518.0,E,527.0,,GLU,True,2105,2106,four_layer_exact,high,0.9945054945054944,0.5273972602739726,1.5192846228609018,0.0054945054945054,E,D;E;Q,matches_consensus,True,False,,0.1094484672331743,buried_core,False,False,False,False,11.636378189937032,True,True,unassigned_manual_review,,not_annotated_no_domain_boundaries,,True,False
9M31,A,VI-D,binary,527,528,L,519.0,L,528.0,,LEU,True,2106,2107,four_layer_exact,high,0.9945054945054944,0.821917808219178,0.5918675357263076,0.0054945054945054,L,I;L,matches_consensus,True,False,,0.0,buried_core,False,False,False,False,8.325923676413312,True,True,unassigned_manual_review,,not_annotated_no_domain_boundaries,,True,False
9M31,A,VI-D,binary,528,529,R,520.0,R,529.0,,ARG,True,2107,2108,four_layer_exact,high,0.9945054945054944,0.5958904109589042,1.604710796645177,0.0054945054945054,R,K;N;R;T,matches_consensus,True,False,,0.24639515768371395,surface,False,True,False,False,5.509779428116899,True,False,unassigned_manual_review,,not_annotated_no_domain_boundaries,,True,False
9M31,A,VI-D,binary,529,530,L,521.0,L,530.0,,LEU,True,2108,2109,four_layer_exact,high,1.0,0.2857142857142857,2.142879178549894,0.0,I,A;E;F;I;L;T;V,differs_from_consensus,True,True,scaffold_differs_from_msa_consensus,0.1441944138555124,buried_core,False,False,False,False,9.653987381319862,True,True,unassigned_manual_review,,not_annotated_no_domain_boundaries,,True,False
9M31,A,VI-D,binary,530,531,I,522.0,I,531.0,,ILE,True,2109,2110,four_layer_exact,high,1.0,0.3673469387755102,1.332497444898705,0.0,I,I;L;V,matches_consensus,True,False,,0.006130092467207697,buried_core,False,False,False,False,9.825893608985332,True,True,unassigned_manual_review,,not_annotated_no_domain_boundaries,,True,False
9M31,A,VI-D,binary,531,532,K,523.0,K,532.0,,LYS,True,2110,2111,four_layer_exact,high,1.0,0.3877551020408163,1.5727945757315092,0.0,K,A;K;N,matches_consensus,True,False,,0.0925002553823012,buried_core,True,False,True,False,2.2940646005460468,True,True,unassigned_manual_review,,not_annotated_no_domain_boundaries,,True,False
9M31,A,VI-D,binary,532,533,S,524.0,S,533.0,,SER,True,2111,2112,four_layer_exact,high,1.0,0.6394557823129252,1.1003041688611606,0.0,S,N;S,matches_consensus,True,False,,0.06660630436419653,buried_core,False,True,False,False,5.0533123805040185,True,True,unassigned_manual_review,,not_annotated_no_domain_boundaries,,True,False
9M31,A,VI-D,binary,533,534,F,525.0,F,534.0,,PHE,True,2112,2113,four_layer_exact,high,1.0,0.3945578231292517,1.3194395583553464,0.0,F,F;I;L;V,matches_consensus,True,False,,0.015095352700498953,buried_core,False,True,False,False,6.830146173990271,True,True,unassigned_manual_review,,not_annotated_no_domain_boundaries,,True,False
9M31,A,VI-D,binary,534,535,A,526.0,A,535.0,,ALA,True,2113,2114,four_layer_exact,high,1.0,0.6530612244897959,1.19525362353663,0.0,A,A;G;S,matches_consensus,True,False,,0.20764709768657372,surface,False,True,False,False,7.85194516104979,True,False,unassigned_manual_review,,not_annotated_no_domain_boundaries,,True,False
9M31,A,VI-D,binary,535,536,R,527.0,R,536.0,,ARG,True,2114,2115,four_layer_exact,high,1.0,0.6122448979591837,1.2143778303437045,0.0,R,K;R,matches_consensus,True,False,,0.6028415901773397,surface,False,True,False,False,5.266042138898205,True,False,unassigned_manual_review,,not_annotated_no_domain_boundaries,,True,False
9M31,A,VI-D,binary,536,537,M,528.0,M,537.0,,MET,True,2115,2116,four_layer_exact,high,1.0,0.8571428571428571,0.7113012067054002,0.0,M,M,matches_consensus,True,False,,0.03948219007346498,buried_core,True,False,True,False,3.2056365905728192,True,True,unassigned_manual_review,,not_annotated_no_domain_boundaries,,True,False
9M31,A,VI-D,binary,537,538,G,529.0,G,538.0,,GLY,True,2116,2117,four_layer_exact,high,0.9285714285714286,0.2164179104477611,2.2640765960078166,0.0714285714285714,K,C;D;E;G;K;Q;S;T,differs_from_consensus,True,True,scaffold_differs_from_msa_consensus,0.376053594684652,surface,True,False,True,False,4.002022577102467,True,False,unassigned_manual_review,,not_annotated_no_domain_boundaries,,True,False
9M31,A,VI-D,binary,538,539,E,530.0,E,539.0,,GLU,True,2122,2123,four_layer_exact,high,0.8516483516483516,0.6166666666666667,1.582507438135677,0.1483516483516483,K,K;R;S,differs_from_consensus,True,True,scaffold_differs_from_msa_consensus,0.35589516879546595,surface,False,True,False,False,5.877307740861086,True,False,unassigned_manual_review,,not_annotated_no_domain_boundaries,,True,False
9M31,A,VI-D,binary,539,540,P,531.0,P,540.0,,PRO,True,2123,2124,four_layer_exact,high,0.8516483516483516,0.4166666666666667,2.1032142678567847,0.1483516483516483,P,A;E;K;P,matches_consensus,True,False,,0.37216215462865343,surface,False,False,False,False,9.23281536612708,True,False,unassigned_manual_review,,not_annotated_no_domain_boundaries,,True,False
9M31,A,VI-D,binary,540,541,I,532.0,I,541.0,,ILE,True,2130,2131,four_layer_exact,high,0.967032967032967,0.3687943262411347,2.103087712439381,0.0329670329670329,D,A;D;E;N;S,differs_from_consensus,True,True,scaffold_differs_from_msa_consensus,0.09195138700811546,buried_core,False,True,False,False,5.852580046044791,True,True,unassigned_manual_review,,not_annotated_no_domain_boundaries,,True,False
9M31,A,VI-D,binary,541,542,A,533.0,A,542.0,,ALA,True,2131,2132,four_layer_exact,high,0.967032967032967,0.1631205673758865,2.427358468175039,0.0329670329670329,A,A;E;I;K;L;M;P;V,matches_consensus,True,False,,0.041529419537314746,buried_core,True,False,True,False,4.474485108204985,True,True,unassigned_manual_review,,not_annotated_no_domain_boundaries,,True,False
9M31,A,VI-D,binary,542,543,D,534.0,D,543.0,,ASP,True,2148,2149,four_layer_exact,high,0.9835164835164836,0.201171875,2.26356625908991,0.0164835164835165,N,A;D;K;N;S,differs_from_consensus,True,True,scaffold_differs_from_msa_consensus,0.18552683554615593,buried_core,True,False,True,False,3.6961254712630667,True,True,unassigned_manual_review,,not_annotated_no_domain_boundaries,,True,False
9M31,A,VI-D,binary,543,544,A,535.0,A,544.0,,ALA,True,2149,2150,four_layer_exact,high,0.9835164835164836,0.4375,1.9869221185386,0.0164835164835165,A,A;I;S;T;V,matches_consensus,True,False,,0.08003083082519738,buried_core,True,False,True,False,2.864774311488145,True,True,unassigned_manual_review,,not_annotated_no_domain_boundaries,,True,False
9M31,A,VI-D,binary,544,545,R,536.0,R,545.0,,ARG,True,2150,2151,four_layer_exact,high,0.978021978021978,0.6153846153846154,1.5255126535790835,0.021978021978022,K,K;N;S,differs_from_consensus,True,True,scaffold_differs_from_msa_consensus,0.47313875899722757,surface,True,False,True,False,4.994938416512174,True,False,unassigned_manual_review,,not_annotated_no_domain_boundaries,,True,False
9M31,A,VI-D,binary,545,546,R,537.0,R,546.0,,ARG,True,2151,2152,four_layer_exact,high,0.978021978021978,0.2867132867132867,2.146517873736677,0.021978021978022,R,A;E;K;R,matches_consensus,True,False,,0.3719393457184699,surface,False,True,False,False,7.55595275544439,True,False,unassigned_manual_review,,not_annotated_no_domain_boundaries,,True,False
9M31,A,VI-D,binary,546,547,A,538.0,A,547.0,,ALA,True,2162,2163,four_layer_exact,high,0.9285714285714286,0.1703703703703703,2.5169221974396727,0.0714285714285714,V,A;E;I;P;Q;S;T;V,differs_from_consensus,True,True,scaffold_differs_from_msa_consensus,0.20047637592460787,surface,False,False,False,False,9.931098625468826,True,False,unassigned_manual_review,,not_annotated_no_domain_boundaries,,True,False
9M31,A,VI-D,binary,547,548,M,539.0,M,548.0,,MET,True,2163,2164,four_layer_exact,high,0.9285714285714286,0.5259259259259259,1.3665553528949437,0.0714285714285714,M,L;M;V,matches_consensus,True,False,,0.016173592179106022,buried_core,False,True,False,False,7.664206730384564,True,True,unassigned_manual_review,,not_annotated_no_domain_boundaries,,True,False
9M31,A,VI-D,binary,548,549,Y,540.0,Y,549.0,,TYR,True,2173,2174,four_layer_exact,high,0.9945054945054944,0.4383561643835616,1.4631933734396794,0.0054945054945054,Y,F;I;L;Y,matches_consensus,True,False,,0.048955904184439125,buried_core,True,False,True,False,4.637769195489645,True,True,unassigned_manual_review,,not_annotated_no_domain_boundaries,,True,False
9M31,A,VI-D,binary,549,550,I,541.0,I,550.0,,ILE,True,2174,2175,four_layer_exact,high,0.9945054945054944,0.2397260273972602,2.3571543363396743,0.0054945054945054,R,E;I;K;L;R;V;Y,differs_from_consensus,True,True,scaffold_differs_from_msa_consensus,0.04291064727045388,buried_core,False,False,False,False,12.353814921428695,True,True,unassigned_manual_review,,not_annotated_no_domain_boundaries,,True,False
9M31,A,VI-D,binary,550,551,D,542.0,D,551.0,,ASP,True,2175,2176,four_layer_exact,high,0.9945054945054944,0.7397260273972602,0.9231110752216588,0.0054945054945054,D,A;D;E,matches_consensus,True,False,,0.049964410448520645,buried_core,False,False,False,False,13.986567614903384,True,True,unassigned_manual_review,,not_annotated_no_domain_boundaries,,True,False
9M31,A,VI-D,binary,551,552,A,543.0,A,552.0,,ALA,True,2177,2178,four_layer_exact,high,0.9945054945054944,0.958904109589041,0.2165598939777729,0.0054945054945054,A,A,matches_consensus,True,False,,0.0,buried_core,False,False,False,False,12.286149580387065,True,True,unassigned_manual_review,,not_annotated_no_domain_boundaries,,True,False
9M31,A,VI-D,binary,552,553,I,544.0,I,553.0,,ILE,True,2178,2179,four_layer_exact,high,0.9945054945054944,0.3356164383561644,1.774873005308953,0.0054945054945054,L,A;I;L;V,differs_from_consensus,True,True,scaffold_differs_from_msa_consensus,0.006130092467207697,buried_core,False,False,False,False,14.616192287044614,True,True,unassigned_manual_review,,not_annotated_no_domain_boundaries,,True,False
9M31,A,VI-D,binary,553,554,R,545.0,R,554.0,,ARG,True,2179,2180,four_layer_exact,high,0.9945054945054944,0.1506849315068493,2.5423870286418477,0.0054945054945054,R,A;D;E;K;N;Q;R;T;Y,matches_consensus,True,False,,0.2665965156996259,surface,False,False,False,False,17.461688224123986,True,False,unassigned_manual_review,,not_annotated_no_domain_boundaries,,True,False
9M31,A,VI-D,binary,554,555,I,546.0,I,555.0,,ILE,True,2180,2181,four_layer_exact,high,0.9945054945054944,0.4178082191780822,1.5684907183055476,0.0054945054945054,I,I;L;M;T;V,matches_consensus,True,False,,0.006130092467207697,buried_core,False,False,False,False,15.832597965172669,True,True,unassigned_manual_review,,not_annotated_no_domain_boundaries,,True,False
9M31,A,VI-D,binary,555,556,L,547.0,L,556.0,,LEU,True,2181,2182,four_layer_exact,high,0.9945054945054944,0.8972602739726028,0.4286223933512616,0.0054945054945054,L,F;L,matches_consensus,True,False,,0.012016201154626033,buried_core,False,False,False,False,15.203837186753182,True,True,unassigned_manual_review,,not_annotated_no_domain_boundaries,,True,False
9M31,A,VI-D,binary,556,557,G,548.0,G,557.0,,GLY,True,2183,2184,four_layer_exact,high,1.0,0.9183673469387756,0.4348760218906276,0.0,G,G,matches_consensus,True,False,,0.08634788238878223,buried_core,False,False,False,False,20.182414386469098,True,True,unassigned_manual_review,,not_annotated_no_domain_boundaries,,True,False
9M31,A,VI-D,binary,557,558,T,549.0,T,558.0,,THR,True,2184,2185,four_layer_exact,high,0.9945054945054944,0.2168949771689497,2.362992330965375,0.0054945054945054,I,F;I;L;M;T;V;Y,differs_from_consensus,True,True,scaffold_differs_from_msa_consensus,0.30320292444943775,surface,False,False,False,False,20.791439515474128,True,False,unassigned_manual_review,,not_annotated_no_domain_boundaries,,True,False
9M31,A,VI-D,binary,558,559,N,550.0,N,559.0,,ASN,True,2207,2208,four_layer_exact,high,0.6153846153846154,0.2294372294372294,2.3917285271214634,0.3846153846153846,D,D;E;G;K;N;P;R;S,differs_from_consensus,False,True,scaffold_differs_from_msa_consensus,0.8067343785133269,surface,False,False,False,False,24.662217713234973,True,False,unassigned_manual_review,,not_annotated_no_domain_boundaries,,False,False
9M31,A,VI-D,binary,559,560,L,551.0,L,560.0,,LEU,True,2210,2211,four_layer_exact,high,0.6868131868131868,0.2333333333333333,2.6046820032950757,0.3131868131868132,M,A;I;K;L;M;V;Y,differs_from_consensus,False,True,scaffold_differs_from_msa_consensus,0.3569206864626831,surface,False,False,False,False,21.001651103920413,True,False,unassigned_manual_review,,not_annotated_no_domain_boundaries,,False,False
9M31,A,VI-D,binary,560,561,S,552.0,S,561.0,,SER,True,2211,2212,four_layer_exact,high,0.7637362637362637,0.3272235576923077,2.2898809709004224,0.2362637362637363,S,D;E;Q;S;T;Y,matches_consensus,False,False,,0.3709167780958703,surface,False,False,False,False,20.900713774416758,True,False,unassigned_manual_review,,not_annotated_no_domain_boundaries,,False,False
9M31,A,VI-D,binary,561,562,Y,553.0,Y,562.0,,TYR,True,2212,2213,four_layer_exact,high,0.8076923076923077,0.2767857142857143,2.211486572343379,0.1923076923076923,E,D;E;K;N;P;T,differs_from_consensus,True,True,scaffold_differs_from_msa_consensus,0.49096332181532665,surface,False,False,False,False,16.423474436557616,True,False,unassigned_manual_review,,not_annotated_no_domain_boundaries,,True,False
9M31,A,VI-D,binary,562,563,D,554.0,D,563.0,,ASP,True,2213,2214,four_layer_exact,high,0.9285714285714286,0.3729011194029851,2.0063318134408825,0.0714285714285714,E,D;E;K;N;P;Q;S,differs_from_consensus,True,True,scaffold_differs_from_msa_consensus,0.5262691836127906,surface,False,False,False,False,18.464958859122298,True,False,unassigned_manual_review,,not_annotated_no_domain_boundaries,,True,False
9M31,A,VI-D,binary,563,564,E,555.0,E,564.0,,GLU,True,2214,2215,four_layer_exact,high,0.9395604395604396,0.4068627450980391,1.9177663889166727,0.0604395604395604,E,A;D;E;N;Q,matches_consensus,True,False,,0.4476930132962993,surface,False,False,False,False,18.006028320867244,True,False,unassigned_manual_review,,not_annotated_no_domain_boundaries,,True,False
9M31,A,VI-D,binary,564,565,L,556.0,L,565.0,,LEU,True,2215,2216,four_layer_exact,high,0.9395604395604396,0.2794117647058823,2.3270442032622807,0.0604395604395604,L,F;I;L;V;Y,matches_consensus,True,False,,0.01802430173193905,buried_core,False,False,False,False,15.076723128289602,True,True,unassigned_manual_review,,not_annotated_no_domain_boundaries,,True,False
9M31,A,VI-D,binary,565,566,K,557.0,K,566.0,,LYS,True,2216,2217,four_layer_exact,high,0.9505494505494504,0.2246376811594203,2.2562227947184934,0.0494505494505495,D,D;E;K;N;Q;S,differs_from_consensus,True,True,scaffold_differs_from_msa_consensus,0.2630764363382782,surface,False,False,False,False,13.620038119459123,True,False,unassigned_manual_review,,not_annotated_no_domain_boundaries,,True,False
9M31,A,VI-D,binary,566,567,A,558.0,A,567.0,,ALA,True,2217,2218,four_layer_exact,high,0.934065934065934,0.2222222222222222,2.186511054381146,0.0659340659340659,E,A;D;E;K;N;Q;R;S,differs_from_consensus,True,True,scaffold_differs_from_msa_consensus,0.4359378198807688,surface,False,False,False,False,14.55887556163932,True,False,unassigned_manual_review,,not_annotated_no_domain_boundaries,,True,False
9M31,A,VI-D,binary,567,568,L,559.0,L,568.0,,LEU,True,2218,2219,four_layer_exact,high,0.934065934065934,0.237037037037037,2.3975259230819947,0.0659340659340659,Y,A;E;F;I;K;L;M;Y,differs_from_consensus,True,True,scaffold_differs_from_msa_consensus,0.17299009582017447,buried_core,False,False,False,False,13.332730415857949,True,True,unassigned_manual_review,,not_annotated_no_domain_boundaries,,True,False
9M31,A,VI-D,binary,568,569,A,560.0,A,569.0,,ALA,True,2231,2232,four_layer_exact,high,0.7362637362637363,0.32,1.7236461551685858,0.2637362637362637,L,A;F;I;L;V,differs_from_consensus,False,True,scaffold_differs_from_msa_consensus,0.016611767814925897,buried_core,False,False,False,False,9.906616255615829,True,True,unassigned_manual_review,,not_annotated_no_domain_boundaries,,False,False
9M31,A,VI-D,binary,569,570,D,561.0,D,570.0,,ASP,True,2233,2234,four_layer_exact,high,0.9175824175824177,0.4552238805970149,1.84318765225062,0.0824175824175824,D,D;E;K;N;S,matches_consensus,True,False,,0.2783783155796272,surface,False,False,False,False,10.33972295667628,True,False,unassigned_manual_review,,not_annotated_no_domain_boundaries,,True,False
9M31,A,VI-D,binary,570,571,T,562.0,T,571.0,,THR,True,2234,2235,four_layer_exact,high,0.9065934065934066,0.2045454545454545,2.2742192318380194,0.0934065934065934,E,D;E;K;N;R,differs_from_consensus,True,True,scaffold_differs_from_msa_consensus,0.3429298247599661,surface,False,False,False,False,11.733817431453392,True,False,unassigned_manual_review,,not_annotated_no_domain_boundaries,,True,False
9M31,A,VI-D,binary,571,572,F,563.0,F,572.0,,PHE,True,2235,2236,four_layer_exact,high,0.9065934065934066,0.2575757575757575,2.1789406973992764,0.0934065934065934,I,F;I;L;M;V;W;Y,differs_from_consensus,True,True,scaffold_differs_from_msa_consensus,0.018425022034283655,buried_core,False,False,False,False,8.730610646491115,True,True,unassigned_manual_review,,not_annotated_no_domain_boundaries,,True,False
9M31,A,VI-D,binary,572,573,S,564.0,S,573.0,,SER,True,2236,2237,four_layer_exact,high,0.8131868131868132,0.4221443965517241,1.6736390906316498,0.1868131868131868,L,F;I;L;V;Y,differs_from_consensus,True,True,scaffold_differs_from_msa_consensus,0.26718827990983357,surface,False,True,False,False,6.231529859055381,True,False,unassigned_manual_review,,not_annotated_no_domain_boundaries,,True,False
9M31,A,VI-D,binary,573,574,L,565.0,L,574.0,,LEU,True,2237,2238,four_layer_exact,high,0.7857142857142857,0.2252252252252252,2.5311921718650634,0.2142857142857143,E,A;C;E;G;K;N;Q;S,differs_from_consensus,False,True,scaffold_differs_from_msa_consensus,0.2789934338009457,surface,False,False,False,False,9.721882510476437,True,False,unassigned_manual_review,,not_annotated_no_domain_boundaries,,False,False
9M31,A,VI-D,binary,574,575,D,566.0,D,575.0,,ASP,True,2278,2279,four_layer_exact,high,0.7252747252747253,0.5612244897959183,1.5694452231864695,0.2747252747252747,D,D;E;K;N,matches_consensus,False,False,,0.45250185345590227,surface,False,False,False,False,12.426654040441054,True,False,unassigned_manual_review,,not_annotated_no_domain_boundaries,,False,False
9M31,A,VI-D,binary,575,576,E,567.0,E,576.0,,GLU,True,2279,2280,four_layer_exact,high,0.7032967032967034,0.3052631578947368,2.146703934903305,0.2967032967032966,K,A;E;K;P;R;S;T,differs_from_consensus,False,True,scaffold_differs_from_msa_consensus,0.6922850763399372,surface,False,False,False,False,15.449717213492985,True,False,unassigned_manual_review,,not_annotated_no_domain_boundaries,,False,False
9M31,A,VI-D,binary,576,577,N,568.0,N,577.0,,ASN,True,2280,2281,four_layer_exact,high,0.5659340659340659,0.2857142857142857,2.239330999190396,0.4340659340659341,N,A;D;E;G;K;N;S,matches_consensus,False,False,,0.7380617408229032,surface,False,False,False,False,16.645865829779744,True,False,unassigned_manual_review,,not_annotated_no_domain_boundaries,,False,False
9M31,A,VI-D,binary,577,578,G,569.0,G,578.0,,GLY,True,2290,2291,four_layer_exact,high,0.6978021978021978,0.6344086021505376,1.383610521736433,0.3021978021978022,G,G;K;N;S,matches_consensus,False,False,,0.4433512217135257,surface,False,False,False,False,13.035270824824066,True,False,unassigned_manual_review,,not_annotated_no_domain_boundaries,,False,False
9M31,A,VI-D,binary,578,579,N,570.0,N,579.0,,ASN,True,2291,2292,four_layer_exact,high,0.7362637362637363,0.4603125,1.7781822332535753,0.2637362637362637,K,D;E;K;N;T,differs_from_consensus,False,True,scaffold_differs_from_msa_consensus,0.5770538606893648,surface,False,False,False,False,10.71003485571116,True,False,unassigned_manual_review,,not_annotated_no_domain_boundaries,,False,False
9M31,A,VI-D,binary,579,580,K,571.0,K,580.0,,LYS,True,2292,2293,four_layer_exact,high,0.7692307692307693,0.320754716981132,2.3879128042717594,0.2307692307692307,K,E;K;P;T,matches_consensus,False,False,,0.7403483637129681,surface,False,True,False,False,6.441416691702371,True,False,unassigned_manual_review,,not_annotated_no_domain_boundaries,,False,False
9M31,A,VI-D,binary,580,581,L,572.0,L,581.0,,LEU,True,2293,2294,four_layer_exact,high,0.412087912087912,0.273972602739726,2.253269814704581,0.5879120879120879,I,I;K;L;R;S;T;V,differs_from_consensus,False,True,scaffold_differs_from_msa_consensus,0.22085577660580927,surface,False,True,False,False,5.9558663325151215,True,False,unassigned_manual_review,,not_annotated_no_domain_boundaries,,False,False
9M31,A,VI-D,binary,581,582,K,573.0,K,582.0,,LYS,True,2298,2299,four_layer_exact,high,0.510989010989011,0.3765368852459016,2.229159954328877,0.489010989010989,K,E;K;R,matches_consensus,False,False,,0.6581436931771448,surface,True,False,True,False,4.390664836456346,True,False,unassigned_manual_review,,not_annotated_no_domain_boundaries,,False,False
9M31,A,VI-D,binary,582,583,K,574.0,K,583.0,,LYS,True,2299,2300,four_layer_exact,high,0.4945054945054945,0.4827586206896552,1.7160583804509766,0.5054945054945055,K,A;K;N;R;T,matches_consensus,False,False,,0.3427892914264736,surface,True,False,True,False,3.4844580963368657,True,False,unassigned_manual_review,,not_annotated_no_domain_boundaries,,False,False
9M31,A,VI-D,binary,583,584,G,575.0,G,584.0,,GLY,True,2300,2301,four_layer_exact,high,0.412087912087912,0.2727272727272727,1.9138771772886185,0.5879120879120879,G,D;E;G;K;N,matches_consensus,False,False,,0.4306428752773216,surface,True,False,True,False,3.1511233572052033,True,False,unassigned_manual_review,,not_annotated_no_domain_boundaries,,False,False
9M31,A,VI-D,binary,584,585,K,576.0,K,585.0,,LYS,True,2301,2302,four_layer_exact,high,0.1813186813186813,0.2424242424242424,2.211848332578174,0.8186813186813187,K,A;D;E;G;K;N;P;R,matches_consensus,False,False,,0.5325680581225198,surface,True,False,True,False,4.864127910070739,True,False,unassigned_manual_review,,not_annotated_no_domain_boundaries,,False,False
9M31,A,VI-D,binary,585,586,H,577.0,H,586.0,,HIS,True,2342,2343,four_layer_exact,high,0.989010989010989,0.2549568965517241,2.044704689199091,0.0109890109890109,N,H;K;N;R;T,differs_from_consensus,True,True,scaffold_differs_from_msa_consensus,0.07191301933607885,buried_core,True,False,True,False,2.906926512250631,True,True,unassigned_manual_review,,not_annotated_no_domain_boundaries,,True,False
9M31,A,VI-D,binary,586,587,G,578.0,G,587.0,,GLY,True,2343,2344,four_layer_exact,high,0.9945054945054944,0.3287671232876712,2.0693192496989004,0.0054945054945054,G,D;G;K;N;P,matches_consensus,True,False,,0.11240292272230253,buried_core,True,False,True,False,4.684058452033084,True,True,unassigned_manual_review,,not_annotated_no_domain_boundaries,,True,False
9M31,A,VI-D,binary,587,588,M,579.0,M,588.0,,MET,True,2344,2345,four_layer_exact,high,0.9945054945054944,0.4726027397260274,1.5759153766818643,0.0054945054945054,F,F;I;L;V,differs_from_consensus,True,True,scaffold_differs_from_msa_consensus,0.010273288476582694,buried_core,False,True,False,False,7.003027104849998,True,True,unassigned_manual_review,,not_annotated_no_domain_boundaries,,True,False
9M31,A,VI-D,binary,588,589,R,580.0,R,589.0,,ARG,True,2345,2346,four_layer_exact,high,0.9945054945054944,0.8835616438356164,0.506741600035178,0.0054945054945054,R,K;R,matches_consensus,True,False,,0.020372196448534108,buried_core,True,False,True,False,2.725544910872157,True,True,unassigned_manual_review,,not_annotated_no_domain_boundaries,,True,False
9M31,A,VI-D,binary,589,590,N,581.0,N,590.0,,ASN,True,2352,2353,four_layer_exact,high,1.0,0.9047619047619048,0.4827964867853797,0.0,N,N,matches_consensus,True,False,,0.024771860841844438,buried_core,True,False,True,False,3.0328940042813723,True,True,unassigned_manual_review,,not_annotated_no_domain_boundaries,,True,False
9M31,A,VI-D,binary,590,591,F,582.0,F,591.0,,PHE,True,2353,2354,four_layer_exact,high,1.0,0.9047619047619048,0.3994558080260597,0.0,F,F;Y,matches_consensus,True,False,,0.04025427386799721,buried_core,False,True,False,False,6.149784434609092,True,True,unassigned_manual_review,,not_annotated_no_domain_boundaries,,True,False
9M31,A,VI-D,binary,591,592,I,583.0,I,592.0,,ILE,True,2354,2355,four_layer_exact,high,1.0,0.7755102040816326,0.7402808121349429,0.0,I,I;L,matches_consensus,True,False,,0.036780554803246185,buried_core,False,True,False,False,7.996152355185948,True,True,unassigned_manual_review,,not_annotated_no_domain_boundaries,,True,False
9M31,A,VI-D,binary,592,593,I,584.0,I,593.0,,ILE,True,2355,2356,four_layer_exact,high,1.0,0.3333333333333333,1.8894836396114305,0.0,A,A;I,differs_from_consensus,True,True,scaffold_differs_from_msa_consensus,0.04291064727045388,buried_core,True,False,True,False,3.735817915221745,True,True,unassigned_manual_review,,not_annotated_no_domain_boundaries,,True,False
9M31,A,VI-D,binary,593,594,N,585.0,N,594.0,,ASN,True,2356,2357,four_layer_exact,high,1.0,0.7142857142857143,0.8897169537548101,0.0,N,K;N;S,matches_consensus,True,False,,0.3730700241415377,surface,True,False,True,False,3.912719371787188,True,False,unassigned_manual_review,,not_annotated_no_domain_boundaries,,True,False
9M31,A,VI-D,binary,594,595,N,586.0,N,595.0,,ASN,True,2357,2358,four_layer_exact,high,1.0,0.91156462585034,0.4243103208457421,0.0,N,N,matches_consensus,True,False,,0.16489681740258824,buried_core,False,True,False,False,7.011574683744887,True,True,unassigned_manual_review,,not_annotated_no_domain_boundaries,,True,False
9M31,A,VI-D,binary,595,596,V,587.0,V,596.0,,VAL,True,2358,2359,four_layer_exact,high,1.0,0.8503401360544217,0.4497918496700321,0.0,V,I;V,matches_consensus,True,False,,0.0069403920462064155,buried_core,False,False,False,False,10.5601977757168,True,True,unassigned_manual_review,,not_annotated_no_domain_boundaries,,True,False
9M31,A,VI-D,binary,596,597,I,588.0,I,597.0,,ILE,True,2359,2360,four_layer_exact,high,1.0,0.6802721088435374,0.9582240756813062,0.0,I,I;L;V,matches_consensus,True,False,,0.03470691228582695,buried_core,False,True,False,False,7.448614843843962,True,True,unassigned_manual_review,,not_annotated_no_domain_boundaries,,True,False
9M31,A,VI-D,binary,597,598,S,589.0,S,598.0,,SER,True,2360,2361,four_layer_exact,high,1.0,0.3333333333333333,1.8971449057834,0.0,E,D;E;K;N;S,differs_from_consensus,True,True,scaffold_differs_from_msa_consensus,0.3907372685624257,surface,False,True,False,False,6.625901877977495,True,False,unassigned_manual_review,,not_annotated_no_domain_boundaries,,True,False
9M31,A,VI-D,binary,598,599,N,590.0,N,599.0,,ASN,True,2361,2362,four_layer_exact,high,1.0,0.8435374149659864,0.5213503309611086,0.0,S,N;S,differs_from_consensus,True,True,scaffold_differs_from_msa_consensus,0.25282880358243137,surface,False,True,False,False,6.100679274186668,True,False,unassigned_manual_review,,not_annotated_no_domain_boundaries,,True,False
9M31,A,VI-D,binary,599,600,K,591.0,K,600.0,,LYS,True,2362,2363,four_layer_exact,high,1.0,0.3537414965986394,1.8156290973535367,0.0,R,K;N;R;S;T,differs_from_consensus,True,True,scaffold_differs_from_msa_consensus,0.6509313951544993,surface,True,False,True,False,4.590268484358864,True,False,unassigned_manual_review,,not_annotated_no_domain_boundaries,,True,False
9M31,A,VI-D,binary,600,601,R,592.0,R,601.0,,ARG,True,2363,2364,four_layer_exact,high,1.0,0.7619047619047619,0.9837272783521896,0.0,R,K;R;W,matches_consensus,True,False,,0.12705678463779305,buried_core,True,False,True,False,2.6869507403510515,True,True,unassigned_manual_review,,not_annotated_no_domain_boundaries,,True,False
9M31,A,VI-D,binary,601,602,F,593.0,F,602.0,,PHE,True,2364,2365,four_layer_exact,high,1.0,0.9659863945578232,0.1484282892171749,0.0,F,F,matches_consensus,True,False,,0.0,buried_core,False,False,False,False,10.94276078656338,True,True,unassigned_manual_review,,not_annotated_no_domain_boundaries,,True,False
9M31,A,VI-D,binary,602,603,H,594.0,H,603.0,,HIS,True,2365,2366,four_layer_exact,high,1.0,0.1766581632653061,2.459084966990156,0.0,K,F;H;I;K;N;Q;R,differs_from_consensus,True,True,scaffold_differs_from_msa_consensus,0.1653908282442991,buried_core,False,False,False,False,12.639935197843633,True,True,unassigned_manual_review,,not_annotated_no_domain_boundaries,,True,False
9M31,A,VI-D,binary,603,604,Y,595.0,Y,604.0,,TYR,True,2367,2368,four_layer_exact,high,1.0,0.9727891156462584,0.1402106888660079,0.0,Y,Y,matches_consensus,True,False,,0.044966057623941666,buried_core,False,False,False,False,8.177951297625889,True,True,unassigned_manual_review,,not_annotated_no_domain_boundaries,,True,False
9M31,A,VI-D,binary,604,605,L,596.0,L,605.0,,LEU,True,2368,2369,four_layer_exact,high,1.0,0.5714285714285714,1.0281281059418343,0.0,L,I;L;V,matches_consensus,True,False,,0.005330641910759803,buried_core,False,False,False,False,11.429258642850108,True,True,unassigned_manual_review,,not_annotated_no_domain_boundaries,,True,False
9M31,A,VI-D,binary,605,606,I,597.0,I,606.0,,ILE,True,2369,2370,four_layer_exact,high,1.0,0.4353741496598639,1.4172898637728435,0.0,V,A;I;V,differs_from_consensus,True,True,scaffold_differs_from_msa_consensus,0.02313794152388464,buried_core,False,False,False,False,14.942215555999004,True,True,unassigned_manual_review,,not_annotated_no_domain_boundaries,,True,False
9M31,A,VI-D,binary,606,607,R,598.0,R,607.0,,ARG,True,2370,2371,four_layer_exact,high,1.0,0.6394557823129252,0.811700257404049,0.0,R,K;R,matches_consensus,True,False,,0.02162080754333676,buried_core,False,False,False,False,11.097190495375134,True,True,unassigned_manual_review,,not_annotated_no_domain_boundaries,,True,False
9M31,A,VI-D,binary,607,608,Y,599.0,Y,608.0,,TYR,True,2371,2372,four_layer_exact,high,1.0,0.8503401360544217,0.5452229666215684,0.0,Y,F;Y,matches_consensus,True,False,,0.012739719635609723,buried_core,False,False,False,False,11.438419770882492,True,True,unassigned_manual_review,,not_annotated_no_domain_boundaries,,True,False
9M31,A,VI-D,binary,608,609,G,600.0,G,609.0,,GLY,True,2372,2373,four_layer_exact,high,1.0,0.1700680272108843,2.198069236424125,0.0,G,A;C;G;I;N;S;T;V,matches_consensus,True,False,,0.1766237222384451,buried_core,False,False,False,False,16.70363255179393,True,True,unassigned_manual_review,,not_annotated_no_domain_boundaries,,True,False
9M31,A,VI-D,binary,609,610,D,601.0,D,610.0,,ASP,True,2373,2374,four_layer_exact,high,1.0,0.5170068027210885,1.4482255672881177,0.0,N,D;K;N;R;S,differs_from_consensus,True,True,scaffold_differs_from_msa_consensus,0.3707140535320813,surface,False,False,False,False,18.839433513327986,True,False,unassigned_manual_review,,not_annotated_no_domain_boundaries,,True,False
9M31,A,VI-D,binary,610,611,P,602.0,P,611.0,,PRO,True,2374,2375,four_layer_exact,high,1.0,0.7551020408163265,0.9980762056073184,0.0,P,A;P;T;V,matches_consensus,True,False,,0.022785438038488988,buried_core,False,False,False,False,17.95428769004392,True,True,unassigned_manual_review,,not_annotated_no_domain_boundaries,,True,False
9M31,A,VI-D,binary,611,612,A,603.0,A,612.0,,ALA,True,2375,2376,four_layer_exact,high,1.0,0.3129251700680272,2.195610034589785,0.0,K,A;E;K;R;S;T,differs_from_consensus,True,True,scaffold_differs_from_msa_consensus,0.320262040446176,surface,False,False,False,False,21.27063362002193,True,False,unassigned_manual_review,,not_annotated_no_domain_boundaries,,True,False
9M31,A,VI-D,binary,612,613,H,604.0,H,613.0,,HIS,True,2376,2377,four_layer_exact,high,1.0,0.3401360544217687,2.29174671988634,0.0,K,D;E;K;N;S;T,differs_from_consensus,True,True,scaffold_differs_from_msa_consensus,0.3004708973683381,surface,False,False,False,False,18.387689086816117,True,False,unassigned_manual_review,,not_annotated_no_domain_boundaries,,True,False
9M31,A,VI-D,binary,613,614,L,605.0,L,614.0,,LEU,True,2377,2378,four_layer_exact,high,1.0,0.3537414965986394,1.688112846401972,0.0,V,A;C;I;L;V,differs_from_consensus,True,True,scaffold_differs_from_msa_consensus,0.04205670404119111,buried_core,False,False,False,False,15.081090183751385,True,True,unassigned_manual_review,,not_annotated_no_domain_boundaries,,True,False
9M31,A,VI-D,binary,614,615,H,606.0,H,615.0,,HIS,True,2378,2379,four_layer_exact,high,1.0,0.5578231292517006,1.7049736224519816,0.0,R,H;K;R;S,differs_from_consensus,True,True,scaffold_differs_from_msa_consensus,0.07832242934809018,buried_core,False,False,False,False,18.46261598406123,True,True,unassigned_manual_review,,not_annotated_no_domain_boundaries,,True,False
9M31,A,VI-D,binary,615,616,E,607.0,E,616.0,,GLU,True,2379,2380,four_layer_exact,high,1.0,0.3356009070294784,2.0562657025875595,0.0,K,A;E;K;R,differs_from_consensus,True,True,scaffold_differs_from_msa_consensus,0.37851441049556145,surface,False,False,False,False,18.65035616481962,True,False,unassigned_manual_review,,not_annotated_no_domain_boundaries,,True,False
9M31,A,VI-D,binary,616,617,I,608.0,I,617.0,,ILE,True,2380,2381,four_layer_exact,high,1.0,0.4693877551020408,1.471496016036716,0.0,L,F;I;L;V,differs_from_consensus,True,True,scaffold_differs_from_msa_consensus,0.036780554803246185,buried_core,False,False,False,False,13.858846522964003,True,True,unassigned_manual_review,,not_annotated_no_domain_boundaries,,True,False
9M31,A,VI-D,binary,617,618,A,609.0,A,618.0,,ALA,True,2381,2382,four_layer_exact,high,1.0,0.4285714285714285,1.5186706172242754,0.0,A,A;I;M;V,matches_consensus,True,False,,0.028084377117207356,buried_core,False,False,False,False,15.819964535133098,True,True,unassigned_manual_review,,not_annotated_no_domain_boundaries,,True,False
9M31,A,VI-D,binary,618,619,K,610.0,K,619.0,,LYS,True,2382,2383,four_layer_exact,high,0.9945054945054944,0.2716894977168949,2.093049613727429,0.0054945054945054,K,E;K;N;Q;R;S,matches_consensus,True,False,,0.44501884626760996,surface,False,False,False,False,18.100237473937778,True,False,unassigned_manual_review,,not_annotated_no_domain_boundaries,,True,False
9M31,A,VI-D,binary,619,620,N,611.0,N,620.0,,ASN,True,2388,2389,four_layer_exact,high,1.0,0.7959183673469388,0.8274555280008078,0.0,N,C;N,matches_consensus,True,False,,0.09595809486977121,buried_core,False,False,False,False,16.373071450958513,True,True,unassigned_manual_review,,not_annotated_no_domain_boundaries,,True,False
9M31,A,VI-D,binary,620,621,E,612.0,E,621.0,,GLU,True,2389,2390,four_layer_exact,high,1.0,0.2874149659863945,2.0159987736505576,0.0,E,E;K;P;R;T,matches_consensus,True,False,,0.4251079769189073,surface,False,False,False,False,15.534563432249131,True,False,unassigned_manual_review,,not_annotated_no_domain_boundaries,,True,False
9M31,A,VI-D,binary,621,622,A,613.0,A,622.0,,ALA,True,2390,2391,four_layer_exact,high,1.0,0.238095238095238,2.3303626812105,0.0,K,A;E;K;N;P;S;T,differs_from_consensus,True,True,scaffold_differs_from_msa_consensus,0.4320586104962338,surface,False,False,False,False,13.421668362888191,True,False,unassigned_manual_review,,not_annotated_no_domain_boundaries,,True,False
9M31,A,VI-D,binary,622,623,V,614.0,V,623.0,,VAL,True,2391,2392,four_layer_exact,high,1.0,0.3469387755102041,1.4594640207736869,0.0,V,A;I;L;V,matches_consensus,True,False,,0.0,buried_core,False,False,False,False,10.600242246472998,True,True,unassigned_manual_review,,not_annotated_no_domain_boundaries,,True,False
9M31,A,VI-D,binary,623,624,V,615.0,V,624.0,,VAL,True,2392,2393,four_layer_exact,high,1.0,0.6258503401360545,1.143334124932022,0.0,V,I;L;T;V,matches_consensus,True,False,,0.0069403920462064155,buried_core,False,False,False,False,11.229549111984085,True,True,unassigned_manual_review,,not_annotated_no_domain_boundaries,,True,False
9M31,A,VI-D,binary,624,625,K,616.0,K,625.0,,LYS,True,2393,2394,four_layer_exact,high,1.0,0.3265306122448979,1.9751902431035715,0.0,R,A;E;K;R;S,differs_from_consensus,True,True,scaffold_differs_from_msa_consensus,0.32344623922165566,surface,False,False,False,False,11.802087164833788,True,False,unassigned_manual_review,,not_annotated_no_domain_boundaries,,True,False
9M31,A,VI-D,binary,625,626,F,617.0,F,626.0,,PHE,True,2394,2395,four_layer_exact,high,1.0,0.7551020408163265,0.8150132857617806,0.0,F,F;L;Y,matches_consensus,True,False,,0.1543754020831571,buried_core,False,True,False,False,7.946914127083858,True,True,unassigned_manual_review,,not_annotated_no_domain_boundaries,,True,False
9M31,A,VI-D,binary,626,627,V,618.0,V,627.0,,VAL,True,2395,2396,four_layer_exact,high,1.0,0.7278911564625851,0.8883088396536021,0.0,V,A;I;V,matches_consensus,True,False,,0.0130982025293255,buried_core,False,True,False,False,7.10164439714573,True,True,unassigned_manual_review,,not_annotated_no_domain_boundaries,,True,False
9M31,A,VI-D,binary,627,628,L,619.0,L,628.0,,LEU,True,2396,2397,four_layer_exact,high,1.0,0.9455782312925172,0.2832196460072378,0.0,L,L,matches_consensus,True,False,,0.0,buried_core,False,True,False,False,7.552886604884639,True,True,unassigned_manual_review,,not_annotated_no_domain_boundaries,,True,False
9M31,A,VI-D,binary,628,629,G,620.0,G,629.0,,GLY,True,2398,2399,four_layer_exact,high,0.9945054945054944,0.2602739726027397,2.153475989484622,0.0054945054945054,K,D;E;G;K;N;R;S,differs_from_consensus,True,True,scaffold_differs_from_msa_consensus,0.21931506646905014,surface,False,False,False,False,8.98450042586525,True,False,unassigned_manual_review,,not_annotated_no_domain_boundaries,,True,False
9M31,A,VI-D,binary,629,630,R,621.0,R,630.0,,ARG,True,2407,2408,four_layer_exact,high,0.978021978021978,0.3076923076923077,2.03431797599515,0.021978021978022,R,D;E;G;K;R;S,matches_consensus,True,False,,0.21796287277806334,surface,True,False,True,False,2.7598800135182517,True,False,unassigned_manual_review,,not_annotated_no_domain_boundaries,,True,False
9M31,A,VI-D,binary,630,631,I,622.0,I,631.0,,ILE,True,2409,2410,four_layer_exact,high,0.9945054945054944,0.589041095890411,1.0731959757798548,0.0054945054945054,I,I;L;M,matches_consensus,True,False,,0.02452036986883079,buried_core,True,False,True,False,3.895425250839358,True,True,unassigned_manual_review,,not_annotated_no_domain_boundaries,,True,False
9M31,A,VI-D,binary,631,632,A,623.0,A,632.0,,ALA,True,2410,2411,four_layer_exact,high,0.0604395604395604,0.5454545454545454,1.294545165844896,0.9395604395604396,A,A;D;K;L;Y,matches_consensus,False,False,,0.05405760397120238,buried_core,False,True,False,False,6.584863720360371,True,True,unassigned_manual_review,,not_annotated_no_domain_boundaries,,False,False
9M31,A,VI-D,binary,632,633,D,624.0,D,633.0,,ASP,True,2411,2412,four_layer_exact,high,0.0549450549450549,0.3,1.5047882836811908,0.945054945054945,D,D;E;G;K;N,matches_consensus,False,False,,0.6136837224783301,surface,False,True,False,False,7.154466520239559,True,False,unassigned_manual_review,,not_annotated_no_domain_boundaries,,False,False
9M31,A,VI-D,binary,633,634,I,625.0,I,634.0,,ILE,True,2412,2413,four_layer_exact,high,0.0384615384615384,0.4285714285714285,1.078992207877583,0.9615384615384616,I,I;L;N,matches_consensus,False,False,,0.087804101973277,buried_core,True,False,True,False,3.8346172078058673,True,True,unassigned_manual_review,,not_annotated_no_domain_boundaries,,False,False
9M31,A,VI-D,binary,634,635,Q,626.0,Q,635.0,,GLN,True,2413,2414,four_layer_exact,high,0.0329670329670329,0.8333333333333334,0.4505612088663046,0.967032967032967,Q,N;Q,matches_consensus,False,False,,0.703209463985046,surface,True,False,True,False,4.481416334573713,True,False,unassigned_manual_review,,not_annotated_no_domain_boundaries,,False,False
9M31,A,VI-D,binary,635,636,K,627.0,K,636.0,,LYS,True,2425,2426,four_layer_exact,high,0.0384615384615384,0.5714285714285714,1.15374194270109,0.9615384615384616,K,H;K;R;S,matches_consensus,False,False,,0.7780069543355476,surface,True,False,True,False,4.2858020524909435,True,False,unassigned_manual_review,,not_annotated_no_domain_boundaries,,False,True
9M31,A,VI-D,binary,636,637,K,,,,,,False,2426,2427,full_msa_only_unresolved_coordinate,medium,0.0384615384615384,0.7142857142857143,0.7963116401738131,0.9615384615384616,K,A;K;V,matches_consensus,False,True,unresolved_internal,,,,,,,,False,False,unassigned_manual_review,,not_annotated_no_domain_boundaries,,False,False
9M31,A,VI-D,binary,637,638,Q,,,,,,False,2427,2428,full_msa_only_unresolved_coordinate,medium,0.0439560439560439,0.5,1.3862943611198906,0.956043956043956,Q,D;E;G;N;Q,matches_consensus,False,True,unresolved_internal,,,,,,,,False,False,unassigned_manual_review,,not_annotated_no_domain_boundaries,,False,False
9M31,A,VI-D,binary,638,639,G,,,,,,False,2428,2429,full_msa_only_unresolved_coordinate,medium,0.0714285714285714,0.3076923076923077,1.8848713335781608,0.9285714285714286,G,A;G;K;N;Q;T;V;Y,matches_consensus,False,True,unresolved_internal,,,,,,,,False,False,unassigned_manual_review,,not_annotated_no_domain_boundaries,,False,False
9M31,A,VI-D,binary,639,640,Q,628.0,Q,640.0,,GLN,True,2429,2430,four_layer_exact,high,0.0769230769230769,0.3571428571428571,1.668173971997397,0.9230769230769232,K,A;E;K;M;Q;R;V,differs_from_consensus,False,True,scaffold_differs_from_msa_consensus,0.6479751827361556,surface,True,False,True,False,3.0369506417280197,True,False,unassigned_manual_review,,not_annotated_no_domain_boundaries,,False,True
9M31,A,VI-D,binary,640,641,N,629.0,N,641.0,,ASN,True,2430,2431,four_layer_exact,high,0.0934065934065934,0.4705882352941176,1.299741799542741,0.9065934065934066,N,G;L;N;S;T,matches_consensus,False,False,,0.31186084395214997,surface,True,False,True,False,3.410038838879222,True,False,unassigned_manual_review,,not_annotated_no_domain_boundaries,,False,False
9M31,A,VI-D,binary,641,642,G,630.0,G,642.0,,GLY,True,2431,2432,four_layer_exact,high,1.0,0.7959183673469388,0.9609288284265856,0.0,P,P,differs_from_consensus,True,True,scaffold_differs_from_msa_consensus,0.0,buried_core,True,False,True,False,3.8050365803125423,True,True,unassigned_manual_review,,not_annotated_no_domain_boundaries,,True,False
9M31,A,VI-D,binary,642,643,K,631.0,K,643.0,,LYS,True,2432,2433,four_layer_exact,high,1.0,0.4081632653061224,1.6881584280251571,0.0,D,D;E;K;P,differs_from_consensus,True,True,scaffold_differs_from_msa_consensus,0.37508220153872096,surface,False,True,False,False,5.98470839935075,True,False,unassigned_manual_review,,not_annotated_no_domain_boundaries,,True,False
9M31,A,VI-D,binary,643,644,N,632.0,N,644.0,,ASN,True,2433,2434,four_layer_exact,high,1.0,0.2653061224489796,1.973315842127645,0.0,T,A;E;K;N;S;T,differs_from_consensus,True,True,scaffold_differs_from_msa_consensus,0.4120783584738529,surface,False,True,False,False,6.481912239707643,True,False,unassigned_manual_review,,not_annotated_no_domain_boundaries,,True,False
9M31,A,VI-D,binary,644,645,Q,633.0,Q,645.0,,GLN,True,2434,2435,four_layer_exact,high,1.0,0.8979591836734694,0.4879014008686823,0.0,Q,Q,matches_consensus,True,False,,0.058029656429420554,buried_core,True,False,True,False,2.57542121802823,True,True,unassigned_manual_review,,not_annotated_no_domain_boundaries,,True,False
9M31,A,VI-D,binary,645,646,I,634.0,I,646.0,,ILE,True,2435,2436,four_layer_exact,high,1.0,0.7891156462585034,0.6560502726420293,0.0,I,I;L,matches_consensus,True,False,,0.006130092467207697,buried_core,False,True,False,False,6.677602577491787,True,True,unassigned_manual_review,,not_annotated_no_domain_boundaries,,True,False
9M31,A,VI-D,binary,646,647,D,635.0,D,647.0,,ASP,True,2436,2437,four_layer_exact,high,1.0,0.3605442176870748,2.145366358317453,0.0,D,D;E;K;L;R;T,matches_consensus,True,False,,0.3339870448665809,surface,False,False,False,False,9.202495826649217,True,False,unassigned_manual_review,,not_annotated_no_domain_boundaries,,True,False
9M31,A,VI-D,binary,647,648,R,636.0,R,648.0,,ARG,True,2437,2438,four_layer_exact,high,1.0,0.7891156462585034,0.849897306138563,0.0,R,K;R;S,matches_consensus,True,False,,0.3752689753046103,surface,False,True,False,False,5.4843245593161765,True,False,unassigned_manual_review,,not_annotated_no_domain_boundaries,,True,False
9M31,A,VI-D,binary,648,649,Y,637.0,Y,649.0,,TYR,True,2438,2439,four_layer_exact,high,1.0,0.9659863945578232,0.1937405014692199,0.0,Y,Y,matches_consensus,True,False,,0.07243236909765882,buried_core,True,False,True,False,2.614859850285134,True,True,unassigned_manual_review,,not_annotated_no_domain_boundaries,,True,False
9M31,A,VI-D,binary,649,650,Y,638.0,Y,650.0,,TYR,True,2439,2440,four_layer_exact,high,0.9945054945054944,0.6917808219178082,1.255111671604974,0.0054945054945054,Y,C;F;Y,matches_consensus,True,False,,0.05251213928742592,buried_core,False,False,False,False,10.157644856074805,True,True,unassigned_manual_review,,not_annotated_no_domain_boundaries,,True,False
9M31,A,VI-D,binary,650,651,E,639.0,E,651.0,,GLU,True,2445,2446,four_layer_exact,high,0.9725274725274724,0.1974031690140845,2.4402951543493234,0.0274725274725274,K,D;E;K;N;R,differs_from_consensus,True,True,scaffold_differs_from_msa_consensus,0.3719580334182545,surface,False,False,False,False,10.849845011555363,True,False,unassigned_manual_review,,not_annotated_no_domain_boundaries,,True,False
9M31,A,VI-D,binary,651,652,T,640.0,T,652.0,,THR,True,2446,2447,four_layer_exact,high,0.9725274725274724,0.4859154929577465,1.7173684276155556,0.0274725274725274,S,A;S;T,differs_from_consensus,True,True,scaffold_differs_from_msa_consensus,0.24869694945230328,surface,False,True,False,False,7.897123070435243,True,False,unassigned_manual_review,,not_annotated_no_domain_boundaries,,True,False
9M31,A,VI-D,binary,652,653,C,641.0,C,653.0,,CYS,True,2447,2448,four_layer_exact,high,0.978021978021978,0.4895104895104895,1.4922572554319866,0.021978021978022,C,C;I;L;V,matches_consensus,True,False,,0.034184440952924895,buried_core,False,False,False,False,9.445615353259214,True,True,unassigned_manual_review,,not_annotated_no_domain_boundaries,,True,False
9M31,A,VI-D,binary,653,654,I,642.0,I,654.0,,ILE,True,2453,2454,four_layer_exact,high,0.8241758241758241,0.2260869565217391,2.5951530840494907,0.1758241758241758,T,F;G;I;K;N;S;T;V,differs_from_consensus,True,True,scaffold_differs_from_msa_consensus,0.289915483221031,surface,False,False,False,False,13.479098757593375,True,False,unassigned_manual_review,,not_annotated_no_domain_boundaries,,True,False
9M31,A,VI-D,binary,654,655,G,643.0,G,655.0,,GLY,True,2454,2455,four_layer_exact,high,0.8461538461538461,0.4369747899159664,2.046389148472396,0.1538461538461538,G,D;E;G,matches_consensus,True,False,,0.21931506646905008,surface,False,False,False,False,14.999383578115886,True,False,unassigned_manual_review,,not_annotated_no_domain_boundaries,,True,False
9M31,A,VI-D,binary,655,656,K,644.0,K,656.0,,LYS,True,2455,2456,four_layer_exact,high,0.7582417582417582,0.1620145631067961,2.6546072910495537,0.2417582417582418,K,A;E;G;I;K;N;P;S;T,matches_consensus,False,False,,0.6707468576986841,surface,False,False,False,False,16.475520269683788,True,False,unassigned_manual_review,,not_annotated_no_domain_boundaries,,False,False
9M31,A,VI-D,binary,656,657,D,645.0,D,657.0,,ASP,True,2456,2457,four_layer_exact,high,0.8186813186813187,0.175438596491228,2.448897424287677,0.1813186813186813,K,D;E;G;K;N;P;R;S,differs_from_consensus,True,True,scaffold_differs_from_msa_consensus,0.45875899447165314,surface,False,False,False,False,17.70807987894122,True,False,unassigned_manual_review,,not_annotated_no_domain_boundaries,,True,False
9M31,A,VI-D,binary,657,658,K,646.0,K,658.0,,LYS,True,2457,2458,four_layer_exact,high,0.5439560439560439,0.2307692307692307,2.3437011529219887,0.4560439560439561,E,D;E;P;S;T,differs_from_consensus,False,True,scaffold_differs_from_msa_consensus,0.8308363491296452,surface,False,False,False,False,19.912756776019595,True,False,unassigned_manual_review,,not_annotated_no_domain_boundaries,,False,False
9M31,A,VI-D,binary,658,659,G,647.0,G,659.0,,GLY,True,2478,2479,four_layer_exact,high,0.5164835164835165,0.2365591397849462,2.4974563091851127,0.4835164835164834,N,D;E;G;L;N;S;T,differs_from_consensus,False,True,scaffold_differs_from_msa_consensus,0.855729723116283,surface,False,False,False,False,20.42931394149454,True,False,unassigned_manual_review,,not_annotated_no_domain_boundaries,,False,False
9M31,A,VI-D,binary,659,660,K,648.0,K,660.0,,LYS,True,2479,2480,four_layer_exact,high,0.6263736263736264,0.1981981981981982,2.535673647236435,0.3736263736263736,A,A;D;I;K;P;S;T;V,differs_from_consensus,False,True,scaffold_differs_from_msa_consensus,0.4063938165490532,surface,False,False,False,False,16.78033192493185,True,False,unassigned_manual_review,,not_annotated_no_domain_boundaries,,False,False
9M31,A,VI-D,binary,660,661,S,649.0,S,661.0,,SER,True,2480,2481,four_layer_exact,high,0.6758241758241759,0.2416666666666666,2.3078159210303624,0.3241758241758241,S,D;G;K;N;P;S;T,matches_consensus,False,False,,0.3481362992994424,surface,False,False,False,False,15.531572115091208,True,False,unassigned_manual_review,,not_annotated_no_domain_boundaries,,False,False
9M31,A,VI-D,binary,661,662,V,650.0,V,662.0,,VAL,True,2481,2482,four_layer_exact,high,0.7087912087912088,0.1269841269841269,2.698039359974811,0.2912087912087912,K,A;I;K;L;R;T;V;Y,differs_from_consensus,False,True,scaffold_differs_from_msa_consensus,0.3053772500330823,surface,False,False,False,False,11.448328875134003,True,False,unassigned_manual_review,,not_annotated_no_domain_boundaries,,False,False
9M31,A,VI-D,binary,662,663,S,651.0,S,663.0,,SER,True,2482,2483,four_layer_exact,high,0.8846153846153846,0.2887139107611548,2.144128212266124,0.1153846153846154,E,D;E;K;N;S,differs_from_consensus,True,True,scaffold_differs_from_msa_consensus,0.5240161142249602,surface,False,False,False,False,15.324127152649238,True,False,unassigned_manual_review,,not_annotated_no_domain_boundaries,,True,False
9M31,A,VI-D,binary,663,664,E,652.0,E,664.0,,GLU,True,2483,2484,four_layer_exact,high,0.8901098901098901,0.3125,2.275687682037037,0.1098901098901099,E,A;D;E;K;R;T,matches_consensus,True,False,,0.3972030267109361,surface,False,False,False,False,16.27396442809823,True,False,unassigned_manual_review,,not_annotated_no_domain_boundaries,,True,False
9M31,A,VI-D,binary,664,665,K,653.0,K,665.0,,LYS,True,2484,2485,four_layer_exact,high,0.9945054945054944,0.4535530821917808,1.8017100993145243,0.0054945054945054,K,K;M;Q,matches_consensus,True,False,,0.11217881903305589,buried_core,False,False,False,False,13.055290404689847,True,True,unassigned_manual_review,,not_annotated_no_domain_boundaries,,True,False
9M31,A,VI-D,binary,665,666,V,654.0,V,666.0,,VAL,True,2485,2486,four_layer_exact,high,1.0,0.4693877551020408,1.4556105835935438,0.0,I,I;L;R;V,differs_from_consensus,True,True,scaffold_differs_from_msa_consensus,0.11798666478550905,buried_core,False,False,False,False,11.551431443208868,True,True,unassigned_manual_review,,not_annotated_no_domain_boundaries,,True,False
9M31,A,VI-D,binary,666,667,D,655.0,D,667.0,,ASP,True,2486,2487,four_layer_exact,high,1.0,0.3199404761904761,2.0892302674309065,0.0,D,A;D;E;K;N;Q;S,matches_consensus,True,False,,0.3706389157513094,surface,False,False,False,False,14.888743218672357,True,False,unassigned_manual_review,,not_annotated_no_domain_boundaries,,True,False
9M31,A,VI-D,binary,667,668,A,656.0,A,668.0,,ALA,True,2487,2488,four_layer_exact,high,1.0,0.1632653061224489,2.568249472168473,0.0,E,A;E;F;K;T;V;Y,differs_from_consensus,True,True,scaffold_differs_from_msa_consensus,0.24145833032352962,surface,False,False,False,False,14.877794192063043,True,False,unassigned_manual_review,,not_annotated_no_domain_boundaries,,True,False
9M31,A,VI-D,binary,668,669,L,657.0,L,669.0,,LEU,True,2488,2489,four_layer_exact,high,1.0,0.9183673469387756,0.3629909419913447,0.0,L,I;L,matches_consensus,True,False,,0.012016201154626033,buried_core,False,False,False,False,9.885859480030788,True,True,unassigned_manual_review,,not_annotated_no_domain_boundaries,,True,False
9M31,A,VI-D,binary,669,670,T,658.0,T,670.0,,THR,True,2489,2490,four_layer_exact,high,1.0,0.3605442176870748,1.9231872361462825,0.0,A,A;I;S;T;V,differs_from_consensus,True,True,scaffold_differs_from_msa_consensus,0.007021094279301839,buried_core,False,False,False,False,13.41328750413072,True,True,unassigned_manual_review,,not_annotated_no_domain_boundaries,,True,False
9M31,A,VI-D,binary,670,671,K,659.0,K,671.0,,LYS,True,2490,2491,four_layer_exact,high,1.0,0.2312925170068027,2.0818279240922206,0.0,E,D;E;G;K;N;R,differs_from_consensus,True,True,scaffold_differs_from_msa_consensus,0.6420423386121666,surface,False,False,False,False,16.019385037140662,True,False,unassigned_manual_review,,not_annotated_no_domain_boundaries,,True,False
9M31,A,VI-D,binary,671,672,I,660.0,I,672.0,,ILE,True,2491,2492,four_layer_exact,high,1.0,0.1564625850340136,2.3943393928930647,0.0,I,A;E;I;K;L;M;Q;R,matches_consensus,True,False,,0.31194350165511947,surface,False,False,False,False,14.758463691848775,True,False,unassigned_manual_review,,not_annotated_no_domain_boundaries,,True,False
9M31,A,VI-D,binary,672,673,I,661.0,I,673.0,,ILE,True,2492,2493,four_layer_exact,high,1.0,0.5238095238095238,0.9656212078672828,0.0,I,I;L,matches_consensus,True,False,,0.029959248163565412,buried_core,False,False,False,False,10.341112953013942,True,True,unassigned_manual_review,,not_annotated_no_domain_boundaries,,True,False
9M31,A,VI-D,binary,673,674,T,662.0,T,674.0,,THR,True,2493,2494,four_layer_exact,high,1.0,0.2312925170068027,2.377059686067302,0.0,T,A;C;K;R;S;T;V,matches_consensus,True,False,,0.19944525163815063,buried_core,False,False,False,False,16.002777961667977,True,True,unassigned_manual_review,,not_annotated_no_domain_boundaries,,True,False
9M31,A,VI-D,binary,674,675,G,663.0,G,675.0,,GLY,True,2494,2495,four_layer_exact,high,1.0,0.2040816326530612,2.1812981957329782,0.0,G,D;E;G;K;N;Q;S,matches_consensus,True,False,,0.4798808152760611,surface,False,False,False,False,18.56217864492841,True,False,unassigned_manual_review,,not_annotated_no_domain_boundaries,,True,False
9M31,A,VI-D,binary,675,676,M,664.0,M,676.0,,MET,True,2495,2496,four_layer_exact,high,1.0,0.272108843537415,1.7179731267051934,0.0,F,F;I;L;M;V,differs_from_consensus,True,True,scaffold_differs_from_msa_consensus,0.059618620885730465,buried_core,False,False,False,False,15.343178945875392,True,True,unassigned_manual_review,,not_annotated_no_domain_boundaries,,True,False
9M31,A,VI-D,binary,676,677,N,665.0,N,677.0,,ASN,True,2496,2497,four_layer_exact,high,1.0,0.4149659863945578,1.6454428118663162,0.0,S,D;K;N;S;T,differs_from_consensus,True,True,scaffold_differs_from_msa_consensus,0.31582369725758275,surface,False,False,False,False,18.853298826069267,True,False,unassigned_manual_review,,not_annotated_no_domain_boundaries,,True,False
9M31,A,VI-D,binary,677,678,Y,666.0,Y,678.0,,TYR,True,2497,2498,four_layer_exact,high,1.0,0.54421768707483,1.4476296345672652,0.0,F,F;I;L;Y,differs_from_consensus,True,True,scaffold_differs_from_msa_consensus,0.004591742266311469,buried_core,False,False,False,False,14.491963357297406,True,True,unassigned_manual_review,,not_annotated_no_domain_boundaries,,True,False
9M31,A,VI-D,binary,678,679,D,667.0,D,679.0,,ASP,True,2498,2499,four_layer_exact,high,1.0,0.2090419501133786,2.268596289705408,0.0,D,D;E;G;K;N;S,matches_consensus,True,False,,0.3810365782183988,surface,False,False,False,False,18.875305116029548,True,False,unassigned_manual_review,,not_annotated_no_domain_boundaries,,True,False
9M31,A,VI-D,binary,679,680,Q,668.0,Q,680.0,,GLN,True,2500,2501,four_layer_exact,high,0.967032967032967,0.2061170212765957,2.411003770316559,0.0329670329670329,D,D;E;K;N;Q;S;T,differs_from_consensus,True,True,scaffold_differs_from_msa_consensus,0.30107197679475295,surface,False,False,False,False,16.24529343924494,True,False,unassigned_manual_review,,not_annotated_no_domain_boundaries,,True,False
9M31,A,VI-D,binary,680,681,F,669.0,F,681.0,,PHE,True,2502,2503,four_layer_exact,high,0.978021978021978,0.6083916083916084,1.3673360658753668,0.021978021978022,F,F;I;L,matches_consensus,True,False,,0.025158921167498256,buried_core,False,False,False,False,13.438236310051215,True,True,unassigned_manual_review,,not_annotated_no_domain_boundaries,,True,False
9M31,A,VI-D,binary,681,682,D,670.0,D,682.0,,ASP,True,2503,2504,four_layer_exact,high,0.978021978021978,0.2447552447552447,2.345306231783017,0.021978021978022,E,E;I;K;L;R;S;T,differs_from_consensus,True,True,scaffold_differs_from_msa_consensus,0.3241094868993232,surface,False,False,False,False,16.10954856005099,True,False,unassigned_manual_review,,not_annotated_no_domain_boundaries,,True,False
9M31,A,VI-D,binary,682,683,K,671.0,K,683.0,,LYS,True,2511,2512,four_layer_exact,high,0.9725274725274724,0.3544600938967135,1.8248594816385624,0.0274725274725274,D,D;G;K;N,differs_from_consensus,True,True,scaffold_differs_from_msa_consensus,0.6465461577887528,surface,False,False,False,False,16.97898489262336,True,False,unassigned_manual_review,,not_annotated_no_domain_boundaries,,True,False
9M31,A,VI-D,binary,683,684,K,672.0,K,684.0,,LYS,True,2517,2518,four_layer_exact,high,0.9615384615384616,0.5928571428571429,1.110576939410738,0.0384615384615384,V,A;I;V,differs_from_consensus,True,True,scaffold_differs_from_msa_consensus,0.35808299044281355,surface,False,False,False,False,12.902140502335053,True,False,unassigned_manual_review,,not_annotated_no_domain_boundaries,,True,False
9M31,A,VI-D,binary,684,685,R,673.0,R,685.0,,ARG,True,2526,2527,four_layer_exact,high,0.8956043956043956,0.2578125,2.3014362249240654,0.1043956043956043,K,D;E;G;K;N;Q;R,differs_from_consensus,True,True,scaffold_differs_from_msa_consensus,0.22676222155610268,surface,False,False,False,False,10.527586527048232,True,False,unassigned_manual_review,,not_annotated_no_domain_boundaries,,True,False
9M31,A,VI-D,binary,685,686,S,674.0,S,686.0,,SER,True,2527,2528,four_layer_exact,high,0.8846153846153846,0.4047619047619047,1.885689526112464,0.1153846153846154,Q,E;K;N;Q;T,differs_from_consensus,True,True,scaffold_differs_from_msa_consensus,0.6292045003829503,surface,False,False,False,False,11.000599198804686,True,False,unassigned_manual_review,,not_annotated_no_domain_boundaries,,True,False
9M31,A,VI-D,binary,686,687,V,675.0,V,687.0,,VAL,True,2528,2529,four_layer_exact,high,0.8846153846153846,0.1904761904761904,2.557731120816462,0.1153846153846154,K,A;K;L;M;N;S;V,differs_from_consensus,True,True,scaffold_differs_from_msa_consensus,0.24291372161722455,surface,False,False,False,False,9.503400488804402,True,False,unassigned_manual_review,,not_annotated_no_domain_boundaries,,True,False
9M31,A,VI-D,binary,687,688,I,676.0,I,688.0,,ILE,True,2529,2530,four_layer_exact,high,0.0714285714285714,0.1538461538461538,2.031759218569271,0.9285714285714286,A,A;D;G;I;K;P;T;Y,differs_from_consensus,False,True,scaffold_differs_from_msa_consensus,0.0,buried_core,False,True,False,False,6.987838730140114,True,True,unassigned_manual_review,,not_annotated_no_domain_boundaries,,False,False
9M31,A,VI-D,binary,688,689,E,677.0,E,689.0,,GLU,True,2532,2533,four_layer_exact,high,0.7802197802197802,0.1743119266055046,2.408228072180579,0.2197802197802197,A,A;D;E;K;N;Q;S;V,differs_from_consensus,False,True,scaffold_differs_from_msa_consensus,0.39468028554652523,surface,False,True,False,False,6.399854415015001,True,False,unassigned_manual_review,,not_annotated_no_domain_boundaries,,False,False
9M31,A,VI-D,binary,689,690,D,678.0,D,690.0,,ASP,True,2533,2534,four_layer_exact,high,0.7582417582417582,0.2857142857142857,2.202028705278716,0.2417582417582418,K,D;E;K;N;R;S,differs_from_consensus,False,True,scaffold_differs_from_msa_consensus,0.4692493746162286,surface,False,True,False,False,7.4814958851079325,True,False,unassigned_manual_review,,not_annotated_no_domain_boundaries,,False,False
9M31,A,VI-D,binary,690,691,T,679.0,T,691.0,,THR,True,2534,2535,four_layer_exact,high,0.4010989010989011,0.1830985915492957,2.411969697012581,0.5989010989010989,D,A;D;E;G;K;P;R;S;T,differs_from_consensus,False,True,scaffold_differs_from_msa_consensus,0.3545175527325849,surface,True,False,True,False,3.9835592861320315,True,False,unassigned_manual_review,,not_annotated_no_domain_boundaries,,False,False
9M31,A,VI-D,binary,691,692,G,680.0,G,692.0,,GLY,True,2555,2556,four_layer_exact,high,0.8131868131868132,0.1739130434782608,2.3780661473668188,0.1868131868131868,S,A;G;K;P;Q;R;S;T,differs_from_consensus,True,True,scaffold_differs_from_msa_consensus,0.19237627195597767,buried_core,False,True,False,False,5.604963115177927,True,True,unassigned_manual_review,,not_annotated_no_domain_boundaries,,True,False
9M31,A,VI-D,binary,692,693,R,681.0,R,693.0,,ARG,True,2556,2557,four_layer_exact,high,0.8461538461538461,0.1652892561983471,2.420833704936432,0.1538461538461538,E,A;D;E;K;N;Q;R,differs_from_consensus,True,True,scaffold_differs_from_msa_consensus,0.5464026259109334,surface,True,False,True,False,2.767053603804521,True,False,unassigned_manual_review,,not_annotated_no_domain_boundaries,,True,False
9M31,A,VI-D,binary,693,694,E,682.0,E,694.0,,GLU,True,2558,2559,four_layer_exact,high,0.9505494505494504,0.3405797101449275,2.130455423297098,0.0494505494505495,E,D;E;K;N;Q,matches_consensus,True,False,,0.7134161892723914,surface,False,False,False,False,8.695890654482303,True,False,unassigned_manual_review,,not_annotated_no_domain_boundaries,,True,False
9M31,A,VI-D,binary,694,695,N,683.0,N,695.0,,ASN,True,2559,2560,four_layer_exact,high,0.9725274725274724,0.2957746478873239,2.3409547363578675,0.0274725274725274,N,A;G;I;K;N;Q;S,matches_consensus,True,False,,0.11957771619066823,buried_core,False,False,False,False,9.135173857125773,True,True,unassigned_manual_review,,not_annotated_no_domain_boundaries,,True,False
9M31,A,VI-D,binary,695,696,A,684.0,A,696.0,,ALA,True,2560,2561,four_layer_exact,high,0.978021978021978,0.1958041958041958,2.514145033457609,0.021978021978022,E,A;E;I;K;L;Q;S;V,differs_from_consensus,True,True,scaffold_differs_from_msa_consensus,0.5661142168670751,surface,False,False,False,False,11.524426275167547,True,False,unassigned_manual_review,,not_annotated_no_domain_boundaries,,True,False
9M31,A,VI-D,binary,696,697,E,685.0,E,697.0,,GLU,True,2561,2562,four_layer_exact,high,0.9835164835164836,0.3402777777777778,2.1743241749712787,0.0164835164835165,E,D;E;K;Q;R,matches_consensus,True,False,,0.22699125498225245,surface,False,False,False,False,11.019133886073009,True,False,unassigned_manual_review,,not_annotated_no_domain_boundaries,,True,False
9M31,A,VI-D,binary,697,698,R,686.0,R,698.0,,ARG,True,2562,2563,four_layer_exact,high,0.989010989010989,0.6827586206896552,1.1966129281184084,0.0109890109890109,K,I;K;R,differs_from_consensus,True,True,scaffold_differs_from_msa_consensus,0.06510778789565563,buried_core,True,False,True,False,2.7495274482342156,True,True,unassigned_manual_review,,not_annotated_no_domain_boundaries,,True,False
9M31,A,VI-D,binary,698,699,E,687.0,E,699.0,,GLU,True,2563,2564,four_layer_exact,high,0.989010989010989,0.5655172413793104,1.6154148084290416,0.0109890109890109,E,A;E;Q;R,matches_consensus,True,False,,0.23689468205512212,surface,False,True,False,False,6.8215190968129225,True,False,unassigned_manual_review,,not_annotated_no_domain_boundaries,,True,False
9M31,A,VI-D,binary,699,700,K,688.0,K,700.0,,LYS,True,2564,2565,four_layer_exact,high,0.9945054945054944,0.4452054794520548,1.5924278725022518,0.0054945054945054,R,K;Q;R,differs_from_consensus,True,True,scaffold_differs_from_msa_consensus,0.3115461524865231,surface,False,False,False,False,11.206219670633276,True,False,unassigned_manual_review,,not_annotated_no_domain_boundaries,,True,False
9M31,A,VI-D,binary,700,701,F,689.0,F,701.0,,PHE,True,2565,2566,four_layer_exact,high,1.0,0.2244897959183673,2.217077410589673,0.0,K,F;K;L;M;N;Y,differs_from_consensus,True,True,scaffold_differs_from_msa_consensus,0.045286058101496864,buried_core,False,False,False,False,11.117358634990161,True,True,unassigned_manual_review,,not_annotated_no_domain_boundaries,,True,False
9M31,A,VI-D,binary,701,702,K,690.0,K,702.0,,LYS,True,2566,2567,four_layer_exact,high,1.0,0.5714285714285714,1.3168066800392395,0.0,K,K;Q,matches_consensus,True,False,,0.2152053267088749,surface,True,False,True,False,4.419216765317294,True,False,unassigned_manual_review,,not_annotated_no_domain_boundaries,,True,False
9M31,A,VI-D,binary,702,703,K,691.0,K,703.0,,LYS,True,2567,2568,four_layer_exact,high,1.0,0.6585884353741497,1.2836432611857385,0.0,A,A;N;S,differs_from_consensus,True,True,scaffold_differs_from_msa_consensus,0.30702044865602796,surface,False,True,False,False,5.280565338169226,True,False,unassigned_manual_review,,not_annotated_no_domain_boundaries,,True,False
9M31,A,VI-D,binary,703,704,I,692.0,I,704.0,,ILE,True,2568,2569,four_layer_exact,high,1.0,0.4081632653061224,1.4013609778265448,0.0,I,I;L;V,matches_consensus,True,False,,0.09739026530285008,buried_core,False,False,False,False,9.71892246966005,True,True,unassigned_manual_review,,not_annotated_no_domain_boundaries,,True,False
9M31,A,VI-D,binary,704,705,I,693.0,I,705.0,,ILE,True,2569,2570,four_layer_exact,high,0.9945054945054944,0.5051194539249146,1.3480713694736552,0.0054945054945054,I,I;L;T;V,matches_consensus,True,False,,0.02452036986883079,buried_core,False,False,False,False,9.183737023680372,True,True,unassigned_manual_review,,not_annotated_no_domain_boundaries,,True,False
9M31,A,VI-D,binary,705,706,S,694.0,S,706.0,,SER,True,2570,2571,four_layer_exact,high,0.9945054945054944,0.3583617747440273,1.628871656479298,0.0054945054945054,G,G;K;N;R;S;T,differs_from_consensus,True,True,scaffold_differs_from_msa_consensus,0.24908589606301695,surface,True,False,True,False,4.407768122149353,True,False,unassigned_manual_review,,not_annotated_no_domain_boundaries,,True,False
9M31,A,VI-D,binary,706,707,L,695.0,L,707.0,,LEU,True,2571,2572,four_layer_exact,high,0.9945054945054944,0.9726962457337884,0.1405949040578399,0.0054945054945054,L,L,matches_consensus,True,False,,0.04148934178584132,buried_core,False,True,False,False,6.439362349903019,True,True,unassigned_manual_review,,not_annotated_no_domain_boundaries,,True,False
9M31,A,VI-D,binary,707,708,Y,696.0,Y,708.0,,TYR,True,2572,2573,four_layer_exact,high,0.9945054945054944,0.9931740614334472,0.040843717863401,0.0054945054945054,Y,Y,matches_consensus,True,False,,0.013775226798934406,buried_core,False,False,False,False,9.146579932239684,True,True,unassigned_manual_review,,not_annotated_no_domain_boundaries,,True,False
9M31,A,VI-D,binary,708,709,L,697.0,L,709.0,,LEU,True,2573,2574,four_layer_exact,high,0.9945054945054944,0.8703071672354948,0.5659801064147093,0.0054945054945054,L,L,matches_consensus,True,False,,0.0060081005773130166,buried_core,False,False,False,False,8.752268215112563,True,True,unassigned_manual_review,,not_annotated_no_domain_boundaries,,True,False
9M31,A,VI-D,binary,709,710,T,698.0,T,710.0,,THR,True,2574,2575,four_layer_exact,high,0.9945054945054944,0.8464163822525598,0.682968501365504,0.0054945054945054,T,N;T,matches_consensus,True,False,,0.01947992014049626,buried_core,True,False,True,False,4.481414383336577,True,True,unassigned_manual_review,,not_annotated_no_domain_boundaries,,True,False
9M31,A,VI-D,binary,710,711,V,699.0,V,711.0,,VAL,True,2575,2576,four_layer_exact,high,0.9945054945054944,0.7815699658703071,0.7252802535594597,0.0054945054945054,V,I;V,matches_consensus,True,False,,0.013880784092412831,buried_core,False,True,False,False,7.830881136786422,True,True,unassigned_manual_review,,not_annotated_no_domain_boundaries,,True,False
9M31,A,VI-D,binary,711,712,I,700.0,I,712.0,,ILE,True,2576,2577,four_layer_exact,high,0.9945054945054944,0.3583617747440273,1.7035115601036432,0.0054945054945054,L,A;I;L;M;V,differs_from_consensus,True,True,scaffold_differs_from_msa_consensus,0.023829155696357712,buried_core,False,False,False,False,9.604136212595112,True,True,unassigned_manual_review,,not_annotated_no_domain_boundaries,,True,False
9M31,A,VI-D,binary,712,713,Y,701.0,Y,713.0,,TYR,True,2577,2578,four_layer_exact,high,0.9945054945054944,0.9453924914675768,0.2324390042743155,0.0054945054945054,Y,Y,matches_consensus,True,False,,0.05910685591173715,buried_core,True,False,True,False,3.658070439917663,True,True,unassigned_manual_review,,not_annotated_no_domain_boundaries,,True,False
9M31,A,VI-D,binary,713,714,H,702.0,H,714.0,,HIS,True,2578,2579,four_layer_exact,high,0.9945054945054944,0.5802047781569966,1.3137402061419368,0.0054945054945054,L,I;L;Q,differs_from_consensus,True,True,scaffold_differs_from_msa_consensus,0.0200374706436774,buried_core,True,False,True,False,3.0579768505850913,True,True,unassigned_manual_review,,not_annotated_no_domain_boundaries,,True,False
9M31,A,VI-D,binary,714,715,I,703.0,I,715.0,,ILE,True,2579,2580,four_layer_exact,high,0.9945054945054944,0.3583617747440273,1.6765219583980584,0.0054945054945054,I,A;F;I;L;V,matches_consensus,True,False,,0.042219433097980805,buried_core,False,True,False,False,6.961385902120789,True,True,unassigned_manual_review,,not_annotated_no_domain_boundaries,,True,False
9M31,A,VI-D,binary,715,716,L,704.0,L,716.0,,LEU,True,2580,2581,four_layer_exact,high,0.9945054945054944,0.4163822525597269,1.7118747516697963,0.0054945054945054,V,I;L;T;V,differs_from_consensus,True,True,scaffold_differs_from_msa_consensus,0.0360486034638781,buried_core,False,False,False,False,8.854976859485069,True,True,unassigned_manual_review,,not_annotated_no_domain_boundaries,,True,False
9M31,A,VI-D,binary,716,717,K,705.0,K,717.0,,LYS,True,2581,2582,four_layer_exact,high,0.9945054945054944,1.0,-0.0,0.0054945054945054,K,K,matches_consensus,True,False,,0.030702412272201263,buried_core,True,False,True,False,2.7382850885449357,True,True,unassigned_manual_review,,not_annotated_no_domain_boundaries,,True,False
9M31,A,VI-D,binary,717,718,N,706.0,N,718.0,,ASN,True,2582,2583,four_layer_exact,high,0.9945054945054944,0.7747440273037542,0.8187206589520368,0.0054945054945054,N,N;S,matches_consensus,True,False,,0.11678450199626421,buried_core,True,False,True,False,3.555617941203921,True,True,unassigned_manual_review,,not_annotated_no_domain_boundaries,,True,False
9M31,A,VI-D,binary,718,719,I,707.0,I,719.0,,ILE,True,2583,2584,four_layer_exact,high,0.9945054945054944,0.7610921501706485,0.7497833821657893,0.0054945054945054,L,I;L;M,differs_from_consensus,True,True,scaffold_differs_from_msa_consensus,0.02452036986883079,buried_core,False,False,False,False,8.752781884249348,True,True,unassigned_manual_review,,not_annotated_no_domain_boundaries,,True,False
9M31,A,VI-D,binary,719,720,V,708.0,V,720.0,,VAL,True,2584,2585,four_layer_exact,high,0.9945054945054944,0.8327645051194539,0.7317718664974477,0.0054945054945054,V,I;V,matches_consensus,True,False,,0.0130982025293255,buried_core,False,False,False,False,9.816790223379808,True,True,unassigned_manual_review,,not_annotated_no_domain_boundaries,,True,False
9M31,A,VI-D,binary,720,721,N,709.0,N,721.0,,ASN,True,2585,2586,four_layer_exact,high,0.9945054945054944,0.3651877133105802,1.6138005399096629,0.0054945054945054,N,K;N;R;Y,matches_consensus,True,False,,0.38205620354640285,surface,True,False,True,False,4.961305467713077,True,False,unassigned_manual_review,,not_annotated_no_domain_boundaries,,True,False
9M31,A,VI-D,binary,721,722,I,710.0,I,722.0,,ILE,True,2586,2587,four_layer_exact,high,0.9945054945054944,0.5358361774744027,1.0578935661054298,0.0054945054945054,V,A;I;V,differs_from_consensus,True,True,scaffold_differs_from_msa_consensus,0.05517083220486927,buried_core,False,True,False,False,7.87230142857602,True,True,unassigned_manual_review,,not_annotated_no_domain_boundaries,,True,False
9M31,A,VI-D,binary,722,723,N,711.0,N,723.0,,ASN,True,2587,2588,four_layer_exact,high,0.9945054945054944,1.0,-0.0,0.0054945054945054,N,N,matches_consensus,True,False,,0.041255845827424746,buried_core,False,False,False,False,10.173612610881795,True,True,unassigned_manual_review,,not_annotated_no_domain_boundaries,,True,False
9M31,A,VI-D,binary,723,724,A,712.0,A,724.0,,ALA,True,2588,2589,four_layer_exact,high,0.9945054945054944,0.4436860068259385,1.204293998580746,0.0054945054945054,S,A;S;T,differs_from_consensus,True,True,scaffold_differs_from_msa_consensus,0.05616875423441471,buried_core,False,True,False,False,7.528354020679733,True,True,unassigned_manual_review,,not_annotated_no_domain_boundaries,,True,False
9M31,A,VI-D,binary,724,725,R,713.0,R,725.0,,ARG,True,2589,2590,four_layer_exact,high,0.9945054945054944,0.8293515358361775,0.7967762206574318,0.0054945054945054,R,R,matches_consensus,True,False,,0.08124342052849108,buried_core,True,False,True,False,3.2332229364286382,True,True,unassigned_manual_review,,not_annotated_no_domain_boundaries,,True,False
9M31,A,VI-D,binary,725,726,Y,714.0,Y,726.0,,TYR,True,2590,2591,four_layer_exact,high,0.9945054945054944,0.8293515358361775,0.4569129468902394,0.0054945054945054,Y,F;Y,matches_consensus,True,False,,0.0,buried_core,False,True,False,False,7.59056097044577,True,True,unassigned_manual_review,,not_annotated_no_domain_boundaries,,True,False
9M31,A,VI-D,binary,726,727,V,715.0,V,727.0,,VAL,True,2591,2592,four_layer_exact,high,0.9945054945054944,0.310580204778157,1.930086470252553,0.0054945054945054,V,F;L;S;T;V,matches_consensus,True,False,,0.08250212299138966,buried_core,False,False,False,False,8.011498612433737,True,True,unassigned_manual_review,,not_annotated_no_domain_boundaries,,True,False
9M31,A,VI-D,binary,727,728,I,716.0,I,728.0,,ILE,True,2592,2593,four_layer_exact,high,0.9945054945054944,0.5460750853242321,1.2426740662908782,0.0054945054945054,I,I;L;M,matches_consensus,True,False,,0.06743101713928466,buried_core,True,False,True,False,4.096229036651478,True,True,unassigned_manual_review,,not_annotated_no_domain_boundaries,,True,False
9M31,A,VI-D,binary,728,729,G,717.0,G,729.0,,GLY,True,2593,2594,four_layer_exact,high,0.9945054945054944,0.8430034129692833,0.4810387504522502,0.0054945054945054,A,A;G,differs_from_consensus,True,True,scaffold_differs_from_msa_consensus,0.01161180976961458,buried_core,False,True,False,False,5.283724491775317,True,True,unassigned_manual_review,,not_annotated_no_domain_boundaries,,True,False
9M31,A,VI-D,binary,729,730,F,718.0,F,730.0,,PHE,True,2594,2595,four_layer_exact,high,0.9945054945054944,0.7474402730375427,0.9933917542404176,0.0054945054945054,F,F;I;Y,matches_consensus,True,False,,0.05031784233499651,buried_core,False,True,False,False,7.730767803849436,True,True,unassigned_manual_review,,not_annotated_no_domain_boundaries,,True,False
9M31,A,VI-D,binary,730,731,H,719.0,H,731.0,,HIS,True,2595,2596,four_layer_exact,high,0.9945054945054944,0.4436860068259385,1.8268208765594285,0.0054945054945054,H,A;H;Q;S;Y,matches_consensus,True,False,,0.19377534226895812,buried_core,False,False,False,False,8.91829362789274,True,True,unassigned_manual_review,,not_annotated_no_domain_boundaries,,True,False
9M31,A,VI-D,binary,731,732,C,720.0,C,732.0,,CYS,True,2596,2597,four_layer_exact,high,0.9945054945054944,0.5187713310580204,1.7740587079985133,0.0054945054945054,C,A;C;S,matches_consensus,True,False,,0.0,buried_core,False,True,False,False,5.331028074478314,True,True,unassigned_manual_review,,not_annotated_no_domain_boundaries,,True,False
9M31,A,VI-D,binary,732,733,V,721.0,V,733.0,,VAL,True,2597,2598,four_layer_exact,high,0.9945054945054944,0.5872440273037542,1.4647097106339533,0.0054945054945054,L,F;L;V;Y,differs_from_consensus,True,True,scaffold_differs_from_msa_consensus,0.013880784092412831,buried_core,False,False,False,False,8.91503936229262,True,True,unassigned_manual_review,,not_annotated_no_domain_boundaries,,True,False
9M31,A,VI-D,binary,733,734,E,722.0,E,734.0,,GLU,True,2598,2599,four_layer_exact,high,0.9945054945054944,0.938566552901024,0.3149912403921044,0.0054945054945054,E,E,matches_consensus,True,False,,0.3252120363558421,surface,False,False,False,False,11.56970246480956,True,False,unassigned_manual_review,,not_annotated_no_domain_boundaries,,True,False
9M31,A,VI-D,binary,734,735,R,723.0,R,735.0,,ARG,True,2599,2600,four_layer_exact,high,0.9945054945054944,0.9110494880546076,0.4445948802520189,0.0054945054945054,R,R,matches_consensus,True,False,,0.1527588650081415,buried_core,True,False,True,False,4.969090935048235,True,True,unassigned_manual_review,,not_annotated_no_domain_boundaries,,True,False
9M31,A,VI-D,binary,735,736,D,724.0,D,736.0,,ASP,True,2600,2601,four_layer_exact,high,0.9945054945054944,0.9726962457337884,0.1630920840305657,0.0054945054945054,D,D,matches_consensus,True,False,,0.022206404643786953,buried_core,False,True,False,False,6.887065717950553,True,True,unassigned_manual_review,,not_annotated_no_domain_boundaries,,True,False
9M31,A,VI-D,binary,736,737,A,725.0,A,737.0,,ALA,True,2602,2603,four_layer_exact,high,0.9835164835164836,0.2320501730103806,2.369872249098753,0.0164835164835165,A,A;R;S;T;Y,matches_consensus,True,False,,0.0,buried_core,False,False,False,False,12.277953072774471,True,True,unassigned_manual_review,,not_annotated_no_domain_boundaries,,True,False
9M31,A,VI-D,binary,737,738,Q,726.0,Q,738.0,,GLN,True,2603,2604,four_layer_exact,high,0.989010989010989,0.1580756013745704,2.5890123444313358,0.0109890109890109,A,A;E;K;L;Q;S;V;Y,differs_from_consensus,True,True,scaffold_differs_from_msa_consensus,0.20298268561551752,surface,False,False,False,False,14.26466070796389,True,False,unassigned_manual_review,,not_annotated_no_domain_boundaries,,True,False
9M31,A,VI-D,binary,738,739,L,727.0,L,739.0,,LEU,True,2604,2605,four_layer_exact,high,0.989010989010989,0.7353951890034365,1.0705526406580743,0.0109890109890109,L,F;I;L,matches_consensus,True,False,,0.024032402309252066,buried_core,False,False,False,False,10.227087254685715,True,True,unassigned_manual_review,,not_annotated_no_domain_boundaries,,True,False
9M31,A,VI-D,binary,739,740,Y,728.0,Y,740.0,,TYR,True,2606,2607,four_layer_exact,high,0.912087912087912,0.4015151515151515,1.846238177005216,0.0879120879120879,Y,F;H;I;K;L;Y,matches_consensus,True,False,,0.0,buried_core,False,False,False,False,9.933862330535481,True,True,unassigned_manual_review,,not_annotated_no_domain_boundaries,,True,False
9M31,A,VI-D,binary,740,741,K,729.0,K,741.0,,LYS,True,2615,2616,four_layer_exact,high,0.7142857142857143,0.2898316062176165,2.073080346070501,0.2857142857142857,G,D;E;G;K;N;S,differs_from_consensus,False,True,scaffold_differs_from_msa_consensus,0.37654256289664234,surface,False,False,False,False,16.623034211553843,True,False,unassigned_manual_review,,not_annotated_no_domain_boundaries,,False,False
9M31,A,VI-D,binary,741,742,E,730.0,E,742.0,,GLU,True,2617,2618,four_layer_exact,high,0.7472527472527473,0.224390243902439,2.4455305924756554,0.2527472527472527,K,D;E;I;K;L;Q;V,differs_from_consensus,False,True,scaffold_differs_from_msa_consensus,0.434419770247023,surface,False,False,False,False,17.034841805035878,True,False,unassigned_manual_review,,not_annotated_no_domain_boundaries,,False,False
9M31,A,VI-D,binary,742,743,K,731.0,K,743.0,,LYS,True,2618,2619,four_layer_exact,high,0.7967032967032966,0.2516816143497757,2.32476777145408,0.2032967032967033,K,A;E;K;N;S;T,matches_consensus,False,False,,0.35912844858112847,surface,False,False,False,False,12.605652771403516,True,False,unassigned_manual_review,,not_annotated_no_domain_boundaries,,False,False
9M31,A,VI-D,binary,743,744,G,732.0,G,744.0,,GLY,True,2619,2620,four_layer_exact,high,0.7472527472527473,0.2610837438423645,2.1158077834497107,0.2527472527472527,L,F;G;I;L;V;Y,differs_from_consensus,False,True,scaffold_differs_from_msa_consensus,0.5193966134863202,surface,False,False,False,False,18.34668649886893,True,False,unassigned_manual_review,,not_annotated_no_domain_boundaries,,False,False
9M31,A,VI-D,binary,744,745,Y,733.0,Y,745.0,,TYR,True,2637,2638,four_layer_exact,high,0.1593406593406593,0.1479768786127167,2.4752616068727464,0.8406593406593407,D,D;E;H;K;N;T;V,differs_from_consensus,False,True,scaffold_differs_from_msa_consensus,0.24471148095354608,surface,False,False,False,False,14.95313261840746,True,False,unassigned_manual_review,,not_annotated_no_domain_boundaries,,False,False
9M31,A,VI-D,binary,745,746,D,734.0,D,746.0,,ASP,True,2639,2640,four_layer_exact,high,0.2417582417582417,0.1427509293680297,2.4136118836455243,0.7582417582417582,G,A;D;E;G;K;N;R;S;T,differs_from_consensus,False,True,scaffold_differs_from_msa_consensus,0.756230770762049,surface,False,False,False,False,20.84865549917857,True,False,unassigned_manual_review,,not_annotated_no_domain_boundaries,,False,False
9M31,A,VI-D,binary,746,747,I,735.0,I,747.0,,ILE,True,2640,2641,four_layer_exact,high,0.2472527472527472,0.2703894195444526,2.2811688358745768,0.7527472527472527,K,A;D;I;K;N;R,differs_from_consensus,False,True,scaffold_differs_from_msa_consensus,0.07960036698865008,buried_core,False,False,False,False,16.813867839054563,True,True,unassigned_manual_review,,not_annotated_no_domain_boundaries,,False,False
9M31,A,VI-D,binary,747,748,N,736.0,N,748.0,,ASN,True,2641,2642,four_layer_exact,high,0.2362637362637362,0.2343870470316114,2.272516074726639,0.7637362637362637,K,E;G;K;N;S;V,differs_from_consensus,False,True,scaffold_differs_from_msa_consensus,0.4014294871293924,surface,False,False,False,False,21.273429569149613,True,False,unassigned_manual_review,,not_annotated_no_domain_boundaries,,False,False
9M31,A,VI-D,binary,748,749,L,737.0,L,749.0,,LEU,True,2642,2643,four_layer_exact,high,0.412087912087912,0.188235294117647,2.454431655078948,0.5879120879120879,D,D;E;G;L;S;T,differs_from_consensus,False,True,scaffold_differs_from_msa_consensus,0.2577130041369815,surface,False,False,False,False,17.88008238533605,True,False,unassigned_manual_review,,not_annotated_no_domain_boundaries,,False,False
9M31,A,VI-D,binary,749,750,K,738.0,K,750.0,,LYS,True,2643,2644,four_layer_exact,high,0.4175824175824176,0.5632183908045977,1.5845661384715548,0.5824175824175823,K,E;K;N,matches_consensus,False,False,,0.7319533359272455,surface,False,False,False,False,22.98991421839446,True,False,unassigned_manual_review,,not_annotated_no_domain_boundaries,,False,False
9M31,A,VI-D,binary,750,751,K,739.0,K,751.0,,LYS,True,2644,2645,four_layer_exact,high,0.3681318681318681,0.1739130434782608,2.3475170550896696,0.6318681318681318,N,A;D;E;F;K;N;Q;S,differs_from_consensus,False,True,scaffold_differs_from_msa_consensus,0.4100217703432852,surface,False,False,False,False,22.25523411730652,True,False,unassigned_manual_review,,not_annotated_no_domain_boundaries,,False,False
9M31,A,VI-D,binary,751,752,L,740.0,L,752.0,,LEU,True,2645,2646,four_layer_exact,high,0.3406593406593406,0.1475409836065573,2.536311353937628,0.6593406593406593,R,A;C;D;E;G;K;L;N;Q;R,differs_from_consensus,False,True,scaffold_differs_from_msa_consensus,0.024032402309252066,buried_core,False,False,False,False,16.887368936087952,True,True,unassigned_manual_review,,not_annotated_no_domain_boundaries,,False,False
9M31,A,VI-D,binary,752,753,E,741.0,E,753.0,,GLU,True,2646,2647,four_layer_exact,high,0.1483516483516483,0.1970624235006119,2.456125093782202,0.8516483516483516,V,D;L;Q;S;V;Y,differs_from_consensus,False,True,scaffold_differs_from_msa_consensus,0.44893325208935503,surface,False,False,False,False,20.231880460780765,True,False,unassigned_manual_review,,not_annotated_no_domain_boundaries,,False,False
9M31,A,VI-D,binary,753,754,E,742.0,E,754.0,,GLU,True,2647,2648,four_layer_exact,high,0.0659340659340659,0.3626062322946176,1.8951765083563776,0.934065934065934,E,C;D;E;K;N;S;T;V,matches_consensus,False,False,,0.5364875515717384,surface,False,False,False,False,22.337252108181286,True,False,unassigned_manual_review,,not_annotated_no_domain_boundaries,,False,False
9M31,A,VI-D,binary,754,755,K,743.0,K,755.0,,LYS,True,2648,2649,four_layer_exact,high,0.0439560439560439,0.25,1.7328679513998633,0.956043956043956,K,D;E;I;K;L;R,matches_consensus,False,False,,0.43734164577956625,surface,False,False,False,False,19.587551082418173,True,False,unassigned_manual_review,,not_annotated_no_domain_boundaries,,False,False
9M31,A,VI-D,binary,755,756,G,744.0,G,756.0,,GLY,True,2649,2650,four_layer_exact,high,0.0384615384615384,0.2857142857142857,1.7478680974667573,0.9615384615384616,G,F;G;K;L;Q;S,matches_consensus,False,False,,0.02060498123197539,buried_core,False,False,False,False,16.58926400929938,True,True,unassigned_manual_review,,not_annotated_no_domain_boundaries,,False,False
9M31,A,VI-D,binary,756,757,F,745.0,F,757.0,,PHE,True,2676,2677,four_layer_exact,high,0.7802197802197802,0.4653487843671893,2.1132506106780404,0.2197802197802197,Y,A;F;L;Y,differs_from_consensus,False,True,scaffold_differs_from_msa_consensus,0.09057211620299373,buried_core,False,False,False,False,14.583057931653792,True,True,unassigned_manual_review,,not_annotated_no_domain_boundaries,,False,False
9M31,A,VI-D,binary,757,758,S,746.0,S,758.0,,SER,True,2677,2678,four_layer_exact,high,0.989010989010989,0.3024054982817869,2.309402011292449,0.0109890109890109,L,A;F;L;R;S;T,differs_from_consensus,True,True,scaffold_differs_from_msa_consensus,0.041475833189524657,buried_core,False,False,False,False,16.70237172679317,True,True,unassigned_manual_review,,not_annotated_no_domain_boundaries,,True,False
9M31,A,VI-D,binary,758,759,S,747.0,S,759.0,,SER,True,2678,2679,four_layer_exact,high,0.989010989010989,0.3230240549828179,2.3644001380882167,0.0109890109890109,A,A;E;G;K;S,differs_from_consensus,True,True,scaffold_differs_from_msa_consensus,0.09777090348780727,buried_core,False,False,False,False,17.1485943048812,True,True,unassigned_manual_review,,not_annotated_no_domain_boundaries,,True,False
9M31,A,VI-D,binary,759,760,V,748.0,V,760.0,,VAL,True,2679,2680,four_layer_exact,high,0.9945054945054944,0.7098976109215017,1.1075423377193525,0.0054945054945054,L,F;I;L,differs_from_consensus,True,True,scaffold_differs_from_msa_consensus,0.0,buried_core,False,False,False,False,12.559739168862626,True,True,unassigned_manual_review,,not_annotated_no_domain_boundaries,,True,False
9M31,A,VI-D,binary,760,761,T,749.0,T,761.0,,THR,True,2700,2701,four_layer_exact,high,0.989010989010989,0.5876288659793815,1.3628932113580754,0.0109890109890109,T,A;L;S;T;V,matches_consensus,True,False,,0.0,buried_core,False,False,False,False,13.628543025029312,True,True,unassigned_manual_review,,not_annotated_no_domain_boundaries,,True,False
9M31,A,VI-D,binary,761,762,K,750.0,K,762.0,,LYS,True,2701,2702,four_layer_exact,high,0.989010989010989,0.2336769759450171,2.2404601917955667,0.0109890109890109,K,A;D;E;K;N;Q;R,matches_consensus,True,False,,0.32297382888228865,surface,False,False,False,False,17.285953740167358,True,False,unassigned_manual_review,,not_annotated_no_domain_boundaries,,True,False
9M31,A,VI-D,binary,762,763,L,751.0,L,763.0,,LEU,True,2702,2703,four_layer_exact,high,0.9945054945054944,0.1575342465753424,2.5787273039239347,0.0054945054945054,Y,A;D;E;H;K;L;R;Y,differs_from_consensus,True,True,scaffold_differs_from_msa_consensus,0.18297392097514087,buried_core,False,False,False,False,16.925409920001456,True,True,unassigned_manual_review,,not_annotated_no_domain_boundaries,,True,False
9M31,A,VI-D,binary,763,764,C,752.0,C,764.0,,CYS,True,2703,2704,four_layer_exact,high,0.989010989010989,0.4827586206896552,1.609178058533682,0.0109890109890109,F,F;L;Y,differs_from_consensus,True,True,scaffold_differs_from_msa_consensus,0.0,buried_core,False,False,False,False,13.13390017893308,True,True,unassigned_manual_review,,not_annotated_no_domain_boundaries,,True,False
9M31,A,VI-D,binary,764,765,A,753.0,A,765.0,,ALA,True,2704,2705,four_layer_exact,high,0.989010989010989,0.3862068965517241,1.8964710809938348,0.0109890109890109,L,I;L;M;V,differs_from_consensus,True,True,scaffold_differs_from_msa_consensus,0.037445836156276474,buried_core,False,False,False,False,13.155374615940111,True,True,unassigned_manual_review,,not_annotated_no_domain_boundaries,,True,False
9M31,A,VI-D,binary,765,766,G,754.0,G,766.0,,GLY,True,2707,2708,four_layer_exact,high,0.9835164835164836,0.2083333333333333,2.3561891361010985,0.0164835164835165,E,A;D;E;G;K;N;S,differs_from_consensus,True,True,scaffold_differs_from_msa_consensus,0.25118773224458535,surface,False,False,False,False,15.339506559873998,True,False,unassigned_manual_review,,not_annotated_no_domain_boundaries,,True,False
9M31,A,VI-D,binary,766,767,I,755.0,I,767.0,,ILE,True,2708,2709,four_layer_exact,high,0.956043956043956,0.2078853046594982,2.396700478961797,0.0439560439560439,E,D;E;I;K;N;Q;R,differs_from_consensus,True,True,scaffold_differs_from_msa_consensus,0.2902094852624604,surface,False,False,False,False,13.992247460696486,True,False,unassigned_manual_review,,not_annotated_no_domain_boundaries,,True,False
9M31,A,VI-D,binary,767,768,D,756.0,D,768.0,,ASP,True,2709,2710,four_layer_exact,high,0.7472527472527473,0.2641509433962264,2.2871581576111435,0.2527472527472527,D,D;E;G;K;N,matches_consensus,False,False,,0.38934887427079024,surface,False,False,False,False,16.997697741827178,True,False,unassigned_manual_review,,not_annotated_no_domain_boundaries,,False,False
9M31,A,VI-D,binary,768,769,E,757.0,E,769.0,,GLU,True,2710,2711,four_layer_exact,high,0.7362637362637363,0.160919540229885,2.5745737144408176,0.2637362637362637,K,D;E;K;N;P;R;Y,differs_from_consensus,False,True,scaffold_differs_from_msa_consensus,0.12701506997185605,buried_core,False,False,False,False,14.93987509625209,True,True,unassigned_manual_review,,not_annotated_no_domain_boundaries,,False,False
9M31,A,VI-D,binary,769,770,T,758.0,T,770.0,,THR,True,2711,2712,four_layer_exact,high,0.7307692307692307,0.1698841698841698,2.61160149630466,0.2692307692307693,L,A;E;I;K;L;N;P;Q;S,differs_from_consensus,False,True,scaffold_differs_from_msa_consensus,0.35776369466727437,surface,False,False,False,False,17.379583026583575,True,False,unassigned_manual_review,,not_annotated_no_domain_boundaries,,False,False
9M31,A,VI-D,binary,770,771,A,759.0,A,771.0,,ALA,True,2712,2713,four_layer_exact,high,0.3571428571428571,0.1692307692307692,2.5684283262764454,0.6428571428571428,I,D;F;I;K;L;N;T;V;Y,differs_from_consensus,False,True,scaffold_differs_from_msa_consensus,0.2329809008451218,surface,False,False,False,False,20.11931292304608,True,False,unassigned_manual_review,,not_annotated_no_domain_boundaries,,False,False
9M31,A,VI-D,binary,771,772,P,760.0,P,772.0,,PRO,True,2713,2714,four_layer_exact,high,0.3241758241758242,0.1560693641618497,2.688486155482726,0.6758241758241759,F,D;E;F;K;L;N;R;T;V;Y,differs_from_consensus,False,True,scaffold_differs_from_msa_consensus,0.7346787109223456,surface,False,False,False,False,22.43321571278795,True,False,unassigned_manual_review,,not_annotated_no_domain_boundaries,,False,False
9M31,A,VI-D,binary,772,773,D,761.0,D,773.0,,ASP,True,2714,2715,four_layer_exact,high,0.2747252747252747,0.2123287671232876,2.339855646895054,0.7252747252747253,E,D;E;G;K;N;R,differs_from_consensus,False,True,scaffold_differs_from_msa_consensus,0.7178457825041963,surface,False,False,False,False,23.724923319345738,True,False,unassigned_manual_review,,not_annotated_no_domain_boundaries,,False,False
9M31,A,VI-D,binary,773,774,K,762.0,K,774.0,,LYS,True,2715,2716,four_layer_exact,high,0.2362637362637362,0.432,1.79116378630741,0.7637362637362637,K,A;E;K;R,matches_consensus,False,False,,0.1637461987850734,buried_core,False,False,False,False,19.84564728243197,True,True,unassigned_manual_review,,not_annotated_no_domain_boundaries,,False,False
9M31,A,VI-D,binary,774,775,R,763.0,R,775.0,,ARG,True,2716,2717,four_layer_exact,high,0.2032967032967033,0.3243243243243243,2.0832051342906723,0.7967032967032968,Y,F;H;K;L;N;V;W;Y,differs_from_consensus,False,True,scaffold_differs_from_msa_consensus,0.39432110662397246,surface,False,False,False,False,18.037173049435633,True,False,unassigned_manual_review,,not_annotated_no_domain_boundaries,,False,False
9M31,A,VI-D,binary,775,776,K,764.0,K,776.0,,LYS,True,2717,2718,four_layer_exact,high,0.0989010989010989,0.2777777777777778,1.952138209415365,0.9010989010989012,K,C;D;G;H;K;L;P;R;S,matches_consensus,False,False,,0.35378438648803984,surface,False,False,False,False,19.93347561164377,True,False,unassigned_manual_review,,not_annotated_no_domain_boundaries,,False,False
9M31,A,VI-D,binary,776,777,D,765.0,D,777.0,,ASP,True,2718,2719,four_layer_exact,high,0.0714285714285714,0.2307692307692307,2.20478541691352,0.9285714285714286,E,C;D;E;F;I;N;P;R;T;Y,differs_from_consensus,False,True,scaffold_differs_from_msa_consensus,0.5286151231632329,surface,False,False,False,False,18.299026337649007,True,False,unassigned_manual_review,,not_annotated_no_domain_boundaries,,False,False
9M31,A,VI-D,binary,777,778,V,766.0,V,778.0,,VAL,True,2719,2720,four_layer_exact,high,0.0494505494505494,0.2222222222222222,1.8891591637540217,0.9505494505494504,I,A;E;I;R;S;V;Y,differs_from_consensus,False,True,scaffold_differs_from_msa_consensus,0.083284704554477,buried_core,False,False,False,False,15.000039679605496,True,True,unassigned_manual_review,,not_annotated_no_domain_boundaries,,False,False
9M31,A,VI-D,binary,778,779,E,767.0,E,779.0,,GLU,True,2720,2721,four_layer_exact,high,0.0329670329670329,0.5,1.0114042647073516,0.967032967032967,E,E;K;R,matches_consensus,False,False,,0.40216826459242677,surface,False,False,False,False,12.700806271418607,True,False,unassigned_manual_review,,not_annotated_no_domain_boundaries,,False,False
9M31,A,VI-D,binary,779,780,K,768.0,K,780.0,,LYS,True,2721,2722,four_layer_exact,high,0.0219780219780219,0.5,1.039720770839918,0.978021978021978,I,F;I;V,differs_from_consensus,False,True,scaffold_differs_from_msa_consensus,0.2063378885837856,surface,False,False,False,False,16.810567219963595,True,False,unassigned_manual_review,,not_annotated_no_domain_boundaries,,False,False
9M31,A,VI-D,binary,780,781,E,769.0,E,781.0,,GLU,True,2722,2723,four_layer_exact,high,0.0164835164835164,0.6666666666666666,0.6365141682948128,0.9835164835164836,C,C;E,differs_from_consensus,False,True,scaffold_differs_from_msa_consensus,0.2825186656408417,surface,False,False,False,False,15.481258280870016,True,False,unassigned_manual_review,,not_annotated_no_domain_boundaries,,False,False
9M31,A,VI-D,binary,781,782,M,770.0,M,782.0,,MET,True,2723,2724,four_layer_exact,high,0.0109890109890109,1.0,-0.0,0.989010989010989,L,L,differs_from_consensus,False,True,scaffold_differs_from_msa_consensus,0.021918218745670216,buried_core,False,False,False,False,12.198072708400645,True,True,unassigned_manual_review,,not_annotated_no_domain_boundaries,,False,False
9M31,A,VI-D,binary,782,783,A,771.0,A,783.0,,ALA,True,2724,2725,four_layer_exact,high,0.0109890109890109,1.0,-0.0,0.989010989010989,K,K,differs_from_consensus,False,True,scaffold_differs_from_msa_consensus,0.285982929684718,surface,False,False,False,False,12.690182717209565,True,False,unassigned_manual_review,,not_annotated_no_domain_boundaries,,False,False
9M31,A,VI-D,binary,783,784,E,772.0,E,784.0,,GLU,True,2725,2726,four_layer_exact,high,0.0109890109890109,0.5,0.6931471805599453,0.989010989010989,A,A;E,differs_from_consensus,False,True,scaffold_differs_from_msa_consensus,0.5151389784410743,surface,False,False,False,False,13.12078452457479,True,False,unassigned_manual_review,,not_annotated_no_domain_boundaries,,False,False
9M31,A,VI-D,binary,784,785,R,773.0,R,785.0,,ARG,True,2726,2727,four_layer_exact,high,0.0109890109890109,0.5,0.6931471805599453,0.989010989010989,L,L;R,differs_from_consensus,False,True,scaffold_differs_from_msa_consensus,0.3453396412398578,surface,False,False,False,False,10.137567143459254,True,False,unassigned_manual_review,,not_annotated_no_domain_boundaries,,False,False
9M31,A,VI-D,binary,785,786,A,774.0,A,786.0,,ALA,True,2727,2728,four_layer_exact,high,0.0164835164835164,0.6666666666666666,0.6365141682948128,0.9835164835164836,A,A;K,matches_consensus,False,False,,0.0,buried_core,False,True,False,False,7.896466491039518,True,True,unassigned_manual_review,,not_annotated_no_domain_boundaries,,False,False
9M31,A,VI-D,binary,786,787,K,775.0,K,787.0,,LYS,True,2728,2729,four_layer_exact,high,0.1043956043956044,0.2105263157894736,2.187270992063101,0.8956043956043956,N,C;D;E;I;K;L;N;R;T;Y,differs_from_consensus,False,True,scaffold_differs_from_msa_consensus,0.5300366799063899,surface,False,False,False,False,9.30379191744317,True,False,unassigned_manual_review,,not_annotated_no_domain_boundaries,,False,False
9M31,A,VI-D,binary,787,788,E,776.0,E,788.0,,GLU,True,2729,2730,four_layer_exact,high,0.1098901098901098,0.45,1.868351777640703,0.8901098901098901,A,A;G;I;K;L;N;Q;R;S;T,differs_from_consensus,False,True,scaffold_differs_from_msa_consensus,0.4966108511203619,surface,False,False,False,False,9.430223292683056,True,False,unassigned_manual_review,,not_annotated_no_domain_boundaries,,False,False
9M31,A,VI-D,binary,788,789,S,777.0,S,789.0,,SER,True,2730,2731,four_layer_exact,high,0.1098901098901098,0.35,1.6385064445042257,0.8901098901098901,R,A;E;I;L;P;R;S,differs_from_consensus,False,True,scaffold_differs_from_msa_consensus,0.2110086580744854,surface,False,True,False,False,6.2428928768877405,True,False,unassigned_manual_review,,not_annotated_no_domain_boundaries,,False,False
9M31,A,VI-D,binary,789,790,I,778.0,I,790.0,,ILE,True,2731,2732,four_layer_exact,high,0.1098901098901098,0.35,1.9419277239164316,0.8901098901098901,R,E;F;G;K;L;R;S;T;W,differs_from_consensus,False,True,scaffold_differs_from_msa_consensus,0.13278839176115012,buried_core,True,False,True,False,3.6847510099288616,True,True,unassigned_manual_review,,not_annotated_no_domain_boundaries,,False,False
9M31,A,VI-D,binary,790,791,D,779.0,D,791.0,,ASP,True,2732,2733,four_layer_exact,high,0.1263736263736263,0.2608695652173913,1.982318436300816,0.8736263736263736,K,A;D;E;K;S,differs_from_consensus,False,True,scaffold_differs_from_msa_consensus,0.566541471449026,surface,False,True,False,False,7.680597763963687,True,False,unassigned_manual_review,,not_annotated_no_domain_boundaries,,False,False
9M31,A,VI-D,binary,791,792,S,780.0,S,792.0,,SER,True,2733,2734,four_layer_exact,high,0.1373626373626373,0.52,1.4760098121240506,0.8626373626373627,E,E;Q;S;T,differs_from_consensus,False,True,scaffold_differs_from_msa_consensus,0.35453250086879246,surface,False,False,False,False,8.323885747139009,True,False,unassigned_manual_review,,not_annotated_no_domain_boundaries,,False,False
9M31,A,VI-D,binary,792,793,L,781.0,L,793.0,,LEU,True,2734,2735,four_layer_exact,high,0.1373626373626373,0.56,1.4637448480596778,0.8626373626373627,I,I;K;L,differs_from_consensus,False,True,scaffold_differs_from_msa_consensus,0.07810530750506922,buried_core,True,False,True,False,3.5907694679677564,True,True,unassigned_manual_review,,not_annotated_no_domain_boundaries,,False,False
9M31,A,VI-D,binary,793,794,E,782.0,E,794.0,,GLU,True,2735,2736,four_layer_exact,high,0.1318681318681318,0.2083333333333333,2.0046367956901427,0.8681318681318682,A,A;E;G;K;N;R;S,differs_from_consensus,False,True,scaffold_differs_from_msa_consensus,0.49993462797214105,surface,False,False,False,False,8.414868324082603,True,False,unassigned_manual_review,,not_annotated_no_domain_boundaries,,False,False
9M31,A,VI-D,binary,794,795,S,783.0,S,795.0,,SER,True,2736,2737,four_layer_exact,high,0.1373626373626373,0.24,2.0470505587205428,0.8626373626373627,K,A;D;G;K;N;R;T,differs_from_consensus,False,True,scaffold_differs_from_msa_consensus,0.6886399472344407,surface,False,False,False,False,10.931911922733079,True,False,unassigned_manual_review,,not_annotated_no_domain_boundaries,,False,False
9M31,A,VI-D,binary,795,796,A,784.0,A,796.0,,ALA,True,2737,2738,four_layer_exact,high,0.1318681318681318,0.2916666666666667,2.206160848213511,0.8681318681318682,L,E;I;L;S;T,differs_from_consensus,False,True,scaffold_differs_from_msa_consensus,0.5789387338545201,surface,False,False,False,False,8.738179799204874,True,False,unassigned_manual_review,,not_annotated_no_domain_boundaries,,False,False
9M31,A,VI-D,binary,796,797,N,785.0,N,797.0,,ASN,True,2738,2739,four_layer_exact,high,0.1373626373626373,0.24,2.247927730749143,0.8626373626373627,P,I;N;P;S;T,differs_from_consensus,False,True,scaffold_differs_from_msa_consensus,0.1968043145797494,buried_core,True,False,True,False,3.1970889337815827,True,True,unassigned_manual_review,,not_annotated_no_domain_boundaries,,False,False
9M31,A,VI-D,binary,797,798,P,786.0,P,798.0,,PRO,True,2739,2740,four_layer_exact,high,0.0769230769230769,0.2142857142857142,2.106577333232116,0.9230769230769232,P,A;C;E;K;N;P;Q;R;S,matches_consensus,False,False,,0.493571946734841,surface,False,True,False,False,7.291625504522995,True,False,unassigned_manual_review,,not_annotated_no_domain_boundaries,,False,False
9M31,A,VI-D,binary,798,799,K,787.0,K,799.0,,LYS,True,2740,2741,four_layer_exact,high,0.0714285714285714,0.3846153846153846,1.7326587201992076,0.9285714285714286,E,A;D;E;G;K;M;V,differs_from_consensus,False,True,scaffold_differs_from_msa_consensus,0.7310627210336195,surface,False,True,False,False,5.019984078321521,True,False,unassigned_manual_review,,not_annotated_no_domain_boundaries,,False,False
9M31,A,VI-D,binary,799,800,L,788.0,L,800.0,,LEU,True,2741,2742,four_layer_exact,high,0.1208791208791208,0.1818181818181818,2.059044366009098,0.8791208791208791,D,D;E;K;L;Q;Y,differs_from_consensus,False,True,scaffold_differs_from_msa_consensus,0.030040502886565082,buried_core,True,False,True,False,3.3656334487139676,True,True,unassigned_manual_review,,not_annotated_no_domain_boundaries,,False,False
9M31,A,VI-D,binary,800,801,Y,789.0,Y,801.0,,TYR,True,2742,2743,four_layer_exact,high,0.1318681318681318,0.4166666666666667,1.8720697846537877,0.8681318681318682,Y,E;F;W;Y,matches_consensus,False,False,,0.22931495344097502,surface,False,True,False,False,6.675232198963497,True,False,unassigned_manual_review,,not_annotated_no_domain_boundaries,,False,False
9M31,A,VI-D,binary,801,802,A,790.0,A,802.0,,ALA,True,2743,2744,four_layer_exact,high,0.0164835164835164,0.3333333333333333,1.0986122886681096,0.9835164835164836,D,D;E;K,differs_from_consensus,False,True,scaffold_differs_from_msa_consensus,0.4410769783934132,surface,False,True,False,False,7.329536903897397,True,False,unassigned_manual_review,,not_annotated_no_domain_boundaries,,False,False
9M31,A,VI-D,binary,802,803,N,791.0,N,803.0,,ASN,True,2744,2745,four_layer_exact,high,0.0219780219780219,0.25,1.3862943611198906,0.978021978021978,A,A;K;N;S,differs_from_consensus,False,True,scaffold_differs_from_msa_consensus,0.20606089650306503,surface,True,False,True,False,3.835157162725914,True,False,unassigned_manual_review,,not_annotated_no_domain_boundaries,,False,False
9M31,A,VI-D,binary,803,804,Y,792.0,Y,804.0,,TYR,True,2745,2746,four_layer_exact,high,0.0164835164835164,0.6666666666666666,0.6365141682948128,0.9835164835164836,Y,L;Y,matches_consensus,False,False,,0.09376977971557952,buried_core,True,False,True,False,3.844451054911549,True,True,unassigned_manual_review,,not_annotated_no_domain_boundaries,,False,False
9M31,A,VI-D,binary,804,805,I,793.0,I,805.0,,ILE,True,2746,2747,four_layer_exact,high,0.0164835164835164,0.3333333333333333,1.0986122886681096,0.9835164835164836,C,C;I;N,differs_from_consensus,False,True,scaffold_differs_from_msa_consensus,0.49842946219114265,surface,False,False,False,False,8.042680235638189,True,False,unassigned_manual_review,,not_annotated_no_domain_boundaries,,False,False
9M31,A,VI-D,binary,805,806,K,794.0,K,806.0,,LYS,True,2747,2748,four_layer_exact,high,0.0219780219780219,0.5,1.039720770839918,0.978021978021978,N,L;M;N,differs_from_consensus,False,True,scaffold_differs_from_msa_consensus,0.664010537586724,surface,False,True,False,False,7.5680127169219285,True,False,unassigned_manual_review,,not_annotated_no_domain_boundaries,,False,False
9M31,A,VI-D,binary,806,807,Y,795.0,Y,807.0,,TYR,True,2748,2749,four_layer_exact,high,0.1978021978021978,0.2112676056338028,2.426199758509833,0.8021978021978022,K,E;F;H;I;K;L;P;V;Y,differs_from_consensus,False,True,scaffold_differs_from_msa_consensus,0.16309562732326427,buried_core,True,False,True,False,2.5697847944994994,True,True,unassigned_manual_review,,not_annotated_no_domain_boundaries,,False,False
9M31,A,VI-D,binary,807,808,S,796.0,S,808.0,,SER,True,2749,2750,four_layer_exact,high,0.2362637362637362,0.1647058823529411,2.3228603392362914,0.7637362637362637,D,A;D;E;N;P;S,differs_from_consensus,False,True,scaffold_differs_from_msa_consensus,0.412392611285395,surface,False,False,False,False,9.779079435746217,True,False,unassigned_manual_review,,not_annotated_no_domain_boundaries,,False,False
9M31,A,VI-D,binary,808,809,D,797.0,D,809.0,,ASP,True,2750,2751,four_layer_exact,high,0.456043956043956,0.233009708737864,2.282827539938437,0.543956043956044,K,A;D;E;K;N;R;S;T,differs_from_consensus,False,True,scaffold_differs_from_msa_consensus,0.7142785610179325,surface,False,False,False,False,11.306558937,True,False,unassigned_manual_review,,not_annotated_no_domain_boundaries,,False,False
9M31,A,VI-D,binary,809,810,E,798.0,E,810.0,,GLU,True,2751,2752,four_layer_exact,high,0.4615384615384615,0.1904761904761904,2.3429864624014907,0.5384615384615384,E,A;D;E;K;L;N;P;T,matches_consensus,False,False,,0.527748401553861,surface,False,False,False,False,10.628827555652338,True,False,unassigned_manual_review,,not_annotated_no_domain_boundaries,,False,False
9M31,A,VI-D,binary,810,811,K,799.0,K,811.0,,LYS,True,2752,2753,four_layer_exact,high,0.467032967032967,0.3271028037383177,2.205568371318245,0.532967032967033,E,D;E;G;N;P;Q,differs_from_consensus,False,True,scaffold_differs_from_msa_consensus,0.36763556200305103,surface,False,True,False,False,6.8497646839081225,True,False,unassigned_manual_review,,not_annotated_no_domain_boundaries,,False,False
9M31,A,VI-D,binary,811,812,K,800.0,K,812.0,,LYS,True,2753,2754,four_layer_exact,high,0.478021978021978,0.2882882882882883,1.9605735622880087,0.5219780219780219,R,K;N;Q;R;S,differs_from_consensus,False,True,scaffold_differs_from_msa_consensus,0.24223308727570525,surface,False,True,False,False,7.464903476207823,True,False,unassigned_manual_review,,not_annotated_no_domain_boundaries,,False,False
9M31,A,VI-D,binary,812,813,A,801.0,A,813.0,,ALA,True,2754,2755,four_layer_exact,high,0.3021978021978022,0.375,2.021679276633173,0.6978021978021978,G,A;G;I;T,differs_from_consensus,False,True,scaffold_differs_from_msa_consensus,0.44196100795407445,surface,False,False,False,False,9.309576914942237,True,False,unassigned_manual_review,,not_annotated_no_domain_boundaries,,False,False
9M31,A,VI-D,binary,813,814,E,802.0,E,814.0,,GLU,True,2755,2756,four_layer_exact,high,0.2582417582417582,0.375,1.927331081045034,0.7417582417582418,E,A;E;F;I;P;R;S;T;V,matches_consensus,False,False,,0.4333780012176613,surface,False,True,False,False,7.234738690853444,True,False,unassigned_manual_review,,not_annotated_no_domain_boundaries,,False,False
9M31,A,VI-D,binary,814,815,E,803.0,E,815.0,,GLU,True,2756,2757,four_layer_exact,high,0.2582417582417582,0.3125,1.977006172908861,0.7417582417582418,I,A;E;I;K;L;R;T;V;Y,differs_from_consensus,False,True,scaffold_differs_from_msa_consensus,0.062461736828768454,buried_core,True,False,True,False,3.1306662793338753,True,True,unassigned_manual_review,,not_annotated_no_domain_boundaries,,False,False
9M31,A,VI-D,binary,815,816,F,804.0,F,816.0,,PHE,True,2757,2758,four_layer_exact,high,0.2582417582417582,0.25,2.0467385326945515,0.7417582417582418,K,A;E;F;K;L;M;P;Q;V,differs_from_consensus,False,True,scaffold_differs_from_msa_consensus,0.3170024067104781,surface,False,True,False,False,7.160335713092837,True,False,unassigned_manual_review,,not_annotated_no_domain_boundaries,,False,False
9M31,A,VI-D,binary,816,817,T,805.0,T,817.0,,THR,True,2758,2759,four_layer_exact,high,0.2582417582417582,0.3125,1.8364223867541591,0.7417582417582418,E,A;D;E;G;K;N;T;Y,differs_from_consensus,False,True,scaffold_differs_from_msa_consensus,0.4895811232766001,surface,False,True,False,False,5.467631460927193,True,False,unassigned_manual_review,,not_annotated_no_domain_boundaries,,False,False
9M31,A,VI-D,binary,817,818,R,806.0,R,818.0,,ARG,True,2759,2760,four_layer_exact,high,0.2582417582417582,0.375,1.6674619334292948,0.7417582417582418,D,D;E;K;R;S;T;V,differs_from_consensus,False,True,scaffold_differs_from_msa_consensus,0.2377325713771053,surface,True,False,True,False,3.3221260750510635,True,False,unassigned_manual_review,,not_annotated_no_domain_boundaries,,False,False
9M31,A,VI-D,binary,818,819,Q,807.0,Q,819.0,,GLN,True,2763,2764,four_layer_exact,high,0.0659340659340659,0.3333333333333333,1.5171063970610277,0.934065934065934,N,E;I;N;Q;R,differs_from_consensus,False,True,scaffold_differs_from_msa_consensus,0.0479154594514794,buried_core,True,False,True,False,3.6998249359410105,True,True,unassigned_manual_review,,not_annotated_no_domain_boundaries,,False,False
9M31,A,VI-D,binary,819,820,I,808.0,I,820.0,,ILE,True,2764,2765,four_layer_exact,high,0.3021978021978022,0.2916666666666667,2.278081366326456,0.6978021978021978,C,C;I;L;T,differs_from_consensus,False,True,scaffold_differs_from_msa_consensus,0.22681342128668477,surface,False,True,False,False,6.829815598890088,True,False,unassigned_manual_review,,not_annotated_no_domain_boundaries,,False,False
9M31,A,VI-D,binary,820,821,N,809.0,N,821.0,,ASN,True,2765,2766,four_layer_exact,high,0.3186813186813186,0.2962962962962963,2.0542170065194,0.6813186813186813,D,A;D;E;G;N;P;V,differs_from_consensus,False,True,scaffold_differs_from_msa_consensus,0.2554954518697246,surface,True,False,True,False,2.999427971453994,True,False,unassigned_manual_review,,not_annotated_no_domain_boundaries,,False,False
9M31,A,VI-D,binary,821,822,R,810.0,R,822.0,,ARG,True,2766,2767,four_layer_exact,high,0.4285714285714285,0.2765957446808511,2.382890784089819,0.5714285714285714,K,K;N;P;Q;R;S,differs_from_consensus,False,True,scaffold_differs_from_msa_consensus,0.051894891271987605,buried_core,True,False,True,False,2.5116258928215354,True,True,unassigned_manual_review,,not_annotated_no_domain_boundaries,,False,False
9M31,A,VI-D,binary,822,823,E,811.0,E,823.0,,GLU,True,2767,2768,four_layer_exact,high,0.4725274725274725,0.1272727272727272,2.515219789085249,0.5274725274725275,E,A;D;E;G;I;K;P;S;V,matches_consensus,False,False,,0.07207123480242514,buried_core,False,False,False,False,8.257102235211269,True,True,unassigned_manual_review,,not_annotated_no_domain_boundaries,,False,False
9M31,A,VI-D,binary,823,824,K,812.0,K,824.0,,LYS,True,2768,2769,four_layer_exact,high,0.478021978021978,0.1785714285714285,2.576563939914319,0.5219780219780219,K,A;D;E;F;K;L;R;S;T,matches_consensus,False,False,,0.12801324471714512,buried_core,False,False,False,False,9.148697879757913,True,True,unassigned_manual_review,,not_annotated_no_domain_boundaries,,False,False
9M31,A,VI-D,binary,824,825,A,813.0,A,825.0,,ALA,True,2769,2770,four_layer_exact,high,0.478021978021978,0.2321428571428571,2.410439512304235,0.5219780219780219,A,A;D;L;R;V;Y,matches_consensus,False,False,,0.009361459039069119,buried_core,False,True,False,False,7.369304010531054,True,True,unassigned_manual_review,,not_annotated_no_domain_boundaries,,False,False
9M31,A,VI-D,binary,825,826,K,814.0,K,826.0,,LYS,True,2770,2771,four_layer_exact,high,0.489010989010989,0.396551724137931,1.753979294799344,0.510989010989011,K,A;D;E;K;R,matches_consensus,False,False,,0.6219994034609286,surface,False,True,False,False,7.266565247744742,True,False,unassigned_manual_review,,not_annotated_no_domain_boundaries,,False,False
9M31,A,VI-D,binary,826,827,T,815.0,T,827.0,,THR,True,2771,2772,four_layer_exact,high,0.4835164835164835,0.2807017543859649,2.107607824357211,0.5164835164835164,E,A;E;K;N;Q;S;T,differs_from_consensus,False,True,scaffold_differs_from_msa_consensus,0.24484258056781993,surface,False,False,False,False,11.726410193259522,True,False,unassigned_manual_review,,not_annotated_no_domain_boundaries,,False,False
9M31,A,VI-D,binary,827,828,A,816.0,A,828.0,,ALA,True,2772,2773,four_layer_exact,high,0.4725274725274725,0.3773584905660377,2.041816216533003,0.5274725274725275,A,A;L;S;T;V,matches_consensus,False,False,,0.04983530344477769,buried_core,False,False,False,False,11.84089093548075,True,True,unassigned_manual_review,,not_annotated_no_domain_boundaries,,False,False
9M31,A,VI-D,binary,828,829,L,817.0,L,829.0,,LEU,True,2773,2774,four_layer_exact,high,0.6318681318681318,0.147239263803681,2.588783200271536,0.3681318681318681,K,K;L;N;R;T,differs_from_consensus,False,True,scaffold_differs_from_msa_consensus,0.23422689509354175,surface,False,False,False,False,11.457971726583184,True,False,unassigned_manual_review,,not_annotated_no_domain_boundaries,,False,False
9M31,A,VI-D,binary,829,830,N,818.0,N,830.0,,ASN,True,2774,2775,four_layer_exact,high,0.6373626373626373,0.2909090909090909,2.0103418791286254,0.3626373626373627,N,D;K;N;R;S,matches_consensus,False,False,,0.0,buried_core,False,False,False,False,9.159407584495263,True,True,unassigned_manual_review,,not_annotated_no_domain_boundaries,,False,False
9M31,A,VI-D,binary,830,831,A,819.0,A,831.0,,ALA,True,2775,2776,four_layer_exact,high,0.6373626373626373,0.2181818181818181,2.301561125909051,0.3626373626373627,R,A;E;G;K;R,differs_from_consensus,False,True,scaffold_differs_from_msa_consensus,0.32135044400334056,surface,False,True,False,False,5.207742356242469,True,False,unassigned_manual_review,,not_annotated_no_domain_boundaries,,False,False
9M31,A,VI-D,binary,831,832,Y,820.0,Y,832.0,,TYR,True,2776,2777,four_layer_exact,high,0.6648351648351648,0.3085714285714285,2.1124356890593097,0.3351648351648352,Y,F;H;L;Y,matches_consensus,False,False,,0.03466292380384239,buried_core,True,False,True,False,2.760026436906799,True,True,unassigned_manual_review,,not_annotated_no_domain_boundaries,,False,False
9M31,A,VI-D,binary,832,833,L,821.0,L,833.0,,LEU,True,2777,2778,four_layer_exact,high,0.6648351648351648,0.5828571428571429,1.5659919020608035,0.3351648351648352,L,F;I;K;L;R,matches_consensus,False,False,,0.0,buried_core,False,True,False,False,7.6481985629213165,True,True,unassigned_manual_review,,not_annotated_no_domain_boundaries,,False,False
9M31,A,VI-D,binary,833,834,R,822.0,R,834.0,,ARG,True,2778,2779,four_layer_exact,high,0.6593406593406593,0.3930635838150289,1.8599215232801665,0.3406593406593406,K,A;D;K;R,differs_from_consensus,False,True,scaffold_differs_from_msa_consensus,0.4525490359215989,surface,False,True,False,False,6.655481727014195,True,False,unassigned_manual_review,,not_annotated_no_domain_boundaries,,False,False
9M31,A,VI-D,binary,834,835,N,823.0,N,835.0,,ASN,True,2779,2780,four_layer_exact,high,0.3571428571428571,0.28,1.990826886209467,0.6428571428571428,K,E;K;N;R;S,differs_from_consensus,False,True,scaffold_differs_from_msa_consensus,0.16255322150447338,buried_core,True,False,True,False,3.346909063253657,True,True,unassigned_manual_review,,not_annotated_no_domain_boundaries,,False,False
9M31,A,VI-D,binary,835,836,T,824.0,T,836.0,,THR,True,2792,2793,four_layer_exact,high,0.9835164835164836,0.405997693194925,2.0801532475047324,0.0164835164835165,K,K;M;R;T,differs_from_consensus,True,True,scaffold_differs_from_msa_consensus,0.05550573206391873,buried_core,True,False,True,False,2.625423932896499,True,True,unassigned_manual_review,,not_annotated_no_domain_boundaries,,True,False
9M31,A,VI-D,binary,836,837,K,825.0,K,837.0,,LYS,True,2793,2794,four_layer_exact,high,0.9835164835164836,0.3598615916955017,1.445138951463459,0.0164835164835165,H,H;K;R;S,differs_from_consensus,True,True,scaffold_differs_from_msa_consensus,0.28219963030467793,surface,True,False,True,False,3.4025094758916263,True,False,unassigned_manual_review,,not_annotated_no_domain_boundaries,,True,False
9M31,A,VI-D,binary,837,838,W,826.0,W,838.0,,TRP,True,2794,2795,four_layer_exact,high,0.9835164835164836,0.1799307958477508,2.322548022835267,0.0164835164835165,F,A;F;L;V;W;Y,differs_from_consensus,True,True,scaffold_differs_from_msa_consensus,0.08394556033034284,buried_core,True,False,True,False,3.697722272852214,True,True,unassigned_manual_review,,not_annotated_no_domain_boundaries,,True,False
9M31,A,VI-D,binary,838,839,N,827.0,N,839.0,,ASN,True,2795,2796,four_layer_exact,high,0.9835164835164836,0.1453287197231834,2.612648747591606,0.0164835164835165,S,A;C;G;K;N;R;S;T;Y,differs_from_consensus,True,True,scaffold_differs_from_msa_consensus,0.024187041286330032,buried_core,False,True,False,False,7.369232287511085,True,True,unassigned_manual_review,,not_annotated_no_domain_boundaries,,True,False
9M31,A,VI-D,binary,839,840,V,828.0,V,840.0,,VAL,True,2796,2797,four_layer_exact,high,0.978021978021978,0.1672473867595819,2.5902126977516384,0.021978021978022,E,D;E;G;K;Q;R;S,differs_from_consensus,True,True,scaffold_differs_from_msa_consensus,0.21045666405387486,surface,True,False,True,False,4.1292529546190275,True,False,unassigned_manual_review,,not_annotated_no_domain_boundaries,,True,False
9M31,A,VI-D,binary,840,841,I,829.0,I,841.0,,ILE,True,2820,2821,four_layer_exact,high,0.967032967032967,0.4770318021201413,1.7914208502171265,0.0329670329670329,Y,C;I;L;Y,differs_from_consensus,True,True,scaffold_differs_from_msa_consensus,0.3051221950154387,surface,False,True,False,False,6.494141034595936,True,False,unassigned_manual_review,,not_annotated_no_domain_boundaries,,True,False
9M31,A,VI-D,binary,841,842,I,830.0,I,842.0,,ILE,True,2821,2822,four_layer_exact,high,0.9615384615384616,0.3914590747330961,1.5504590116416832,0.0384615384615384,L,F;I;L;M;V,differs_from_consensus,True,True,scaffold_differs_from_msa_consensus,0.012260184934415394,buried_core,False,False,False,False,9.723852521107164,True,True,unassigned_manual_review,,not_annotated_no_domain_boundaries,,True,False
9M31,A,VI-D,binary,842,843,R,831.0,R,843.0,,ARG,True,2822,2823,four_layer_exact,high,0.956043956043956,0.2795698924731182,2.501059938905497,0.0439560439560439,K,A;E;K;R;S;T;V,differs_from_consensus,True,True,scaffold_differs_from_msa_consensus,0.1323866685596074,buried_core,False,False,False,False,10.7353666037457,True,True,unassigned_manual_review,,not_annotated_no_domain_boundaries,,True,False
9M31,A,VI-D,binary,843,844,E,832.0,E,844.0,,GLU,True,2824,2825,four_layer_exact,high,0.9505494505494504,0.2202166064981949,2.3007268366601537,0.0494505494505495,K,D;E;H;K;N;Q;S;T,differs_from_consensus,True,True,scaffold_differs_from_msa_consensus,0.4194751435545991,surface,False,False,False,False,9.856858079480899,True,False,unassigned_manual_review,,not_annotated_no_domain_boundaries,,True,False
9M31,A,VI-D,binary,844,845,D,833.0,D,845.0,,ASP,True,2860,2861,four_layer_exact,high,0.978021978021978,0.6794425087108014,1.0070103004882645,0.021978021978022,N,D;N,differs_from_consensus,True,True,scaffold_differs_from_msa_consensus,0.13464950757232996,buried_core,False,False,False,False,12.67538102945164,True,True,unassigned_manual_review,,not_annotated_no_domain_boundaries,,True,False
9M31,A,VI-D,binary,845,846,L,834.0,L,846.0,,LEU,True,2867,2868,four_layer_exact,high,0.945054945054945,0.3709090909090909,1.7519562069429615,0.0549450549450549,L,F;I;L;M;V,matches_consensus,True,False,,0.12870189194645437,buried_core,False,False,False,False,15.19566404411307,True,True,unassigned_manual_review,,not_annotated_no_domain_boundaries,,True,False
9M31,A,VI-D,binary,846,847,L,835.0,L,847.0,,LEU,True,2886,2887,four_layer_exact,high,0.967032967032967,0.2367491166077738,2.1489935970760325,0.0329670329670329,E,A;D;E;K;N;S,differs_from_consensus,True,True,scaffold_differs_from_msa_consensus,0.6071395072885044,surface,False,False,False,False,14.544607966308128,True,False,unassigned_manual_review,,not_annotated_no_domain_boundaries,,True,False
9M31,A,VI-D,binary,847,848,R,836.0,R,848.0,,ARG,True,2887,2888,four_layer_exact,high,0.967032967032967,0.4169611307420495,2.00488469845492,0.0329670329670329,N,E;H;N;S,differs_from_consensus,True,True,scaffold_differs_from_msa_consensus,0.30751481982797013,surface,False,False,False,False,13.913523111736483,True,False,unassigned_manual_review,,not_annotated_no_domain_boundaries,,True,False
9M31,A,VI-D,binary,848,849,I,837.0,I,849.0,,ILE,True,2901,2902,four_layer_exact,high,0.945054945054945,0.2909090909090909,2.1035600283597664,0.0549450549450549,A,A;I;L;S;V;Y,differs_from_consensus,True,True,scaffold_differs_from_msa_consensus,0.18026503298376556,buried_core,False,False,False,False,19.329094346376642,True,True,unassigned_manual_review,,not_annotated_no_domain_boundaries,,True,False
9M31,A,VI-D,binary,849,850,D,838.0,D,850.0,,ASP,True,2902,2903,four_layer_exact,high,0.9395604395604396,0.358974358974359,2.0819152050835474,0.0604395604395604,D,D;E;K;N;R;S,matches_consensus,True,False,,0.1900113369765393,buried_core,False,False,False,False,21.196038494329486,True,True,unassigned_manual_review,,not_annotated_no_domain_boundaries,,True,False
9M31,A,VI-D,binary,850,851,N,839.0,N,851.0,,ASN,True,2903,2904,four_layer_exact,high,0.934065934065934,0.1845018450184501,2.3924975417138663,0.0659340659340659,K,D;E;K;N;Q;S,differs_from_consensus,True,True,scaffold_differs_from_msa_consensus,0.34481141433322915,surface,False,False,False,False,21.095961651010626,True,False,unassigned_manual_review,,not_annotated_no_domain_boundaries,,True,False
9M31,A,VI-D,binary,851,852,K,840.0,K,852.0,,LYS,True,2904,2905,four_layer_exact,high,0.912087912087912,0.1444866920152091,2.714515138638037,0.0879120879120879,I,A;G;I;L;N;S;T;W;Y,differs_from_consensus,True,True,scaffold_differs_from_msa_consensus,0.5255975029922014,surface,False,False,False,False,22.11001745698966,True,False,unassigned_manual_review,,not_annotated_no_domain_boundaries,,True,False
9M31,A,VI-D,binary,852,853,T,841.0,T,853.0,,THR,True,2905,2906,four_layer_exact,high,0.3626373626373626,0.1666666666666666,2.467098960328351,0.6373626373626373,S,A;D;E;G;H;K;N;Q;S,differs_from_consensus,False,True,scaffold_differs_from_msa_consensus,0.06625253604949526,buried_core,False,False,False,False,19.17982329464493,True,True,unassigned_manual_review,,not_annotated_no_domain_boundaries,,False,False
9M31,A,VI-D,binary,853,854,C,842.0,C,854.0,,CYS,True,2928,2929,four_layer_exact,high,0.967032967032967,0.3028169014084507,1.9963040312387688,0.0329670329670329,I,F;I;L;V;Y,differs_from_consensus,True,True,scaffold_differs_from_msa_consensus,0.04317925339458979,buried_core,False,False,False,False,16.581040033555222,True,True,unassigned_manual_review,,not_annotated_no_domain_boundaries,,True,False
9M31,A,VI-D,binary,854,855,T,843.0,T,855.0,,THR,True,2940,2941,four_layer_exact,high,0.9945054945054944,0.2491467576791808,2.291636948478845,0.0054945054945054,R,K;N;R;S;T;V,differs_from_consensus,True,True,scaffold_differs_from_msa_consensus,0.11856692139942662,buried_core,False,False,False,False,18.3961209288578,True,True,unassigned_manual_review,,not_annotated_no_domain_boundaries,,True,False
9M31,A,VI-D,binary,855,856,L,844.0,L,856.0,,LEU,True,2941,2942,four_layer_exact,high,0.9945054945054944,0.1228668941979522,2.709728539248469,0.0054945054945054,A,A;D;E;K;L;N;Q;S;T;V,differs_from_consensus,True,True,scaffold_differs_from_msa_consensus,0.15621061501013844,buried_core,False,False,False,False,18.24181848933635,True,True,unassigned_manual_review,,not_annotated_no_domain_boundaries,,True,False
9M31,A,VI-D,binary,856,857,F,845.0,F,857.0,,PHE,True,2942,2943,four_layer_exact,high,0.9945054945054944,0.4778156996587031,1.264865563050892,0.0054945054945054,Y,A;F;Y,differs_from_consensus,True,True,scaffold_differs_from_msa_consensus,0.0,buried_core,False,False,False,False,12.569030751762018,True,True,unassigned_manual_review,,not_annotated_no_domain_boundaries,,True,False
9M31,A,VI-D,binary,857,858,R,846.0,A,858.0,,ALA,True,2943,2944,four_layer_literature_restored_substitution,high,0.9945054945054944,0.9863481228668942,0.0721777615461715,0.0054945054945054,R,R,matches_consensus,True,True,literature_confirmed_construct_substitution,0.05194645370799003,buried_core,False,False,False,False,14.6516025853477,True,True,HEPN2,,not_annotated_no_domain_boundaries,HEPN2_R,True,False
9M31,A,VI-D,binary,858,859,N,847.0,N,859.0,,ASN,True,2944,2945,four_layer_exact,high,0.9945054945054944,0.9658703071672357,0.1942834193895058,0.0054945054945054,N,N,matches_consensus,True,False,,0.35573513475804974,surface,False,False,False,False,16.683469066651348,True,False,unassigned_manual_review,,not_annotated_no_domain_boundaries,,True,False
9M31,A,VI-D,binary,859,860,K,848.0,K,860.0,,LYS,True,2945,2946,four_layer_exact,high,0.9945054945054944,0.1979522184300341,2.486413414557738,0.0054945054945054,N,A;C;I;K;N;Q;S;T,differs_from_consensus,True,True,scaffold_differs_from_msa_consensus,0.06652189325643607,buried_core,False,False,False,False,16.583064326199622,True,True,unassigned_manual_review,,not_annotated_no_domain_boundaries,,True,False
9M31,A,VI-D,binary,860,861,A,849.0,A,861.0,,ALA,True,2946,2947,four_layer_exact,high,0.9945054945054944,0.5358361774744027,1.1687021341462314,0.0054945054945054,V,A;I;T;V,differs_from_consensus,True,True,scaffold_differs_from_msa_consensus,0.0,buried_core,False,False,False,False,12.915422223307878,True,True,unassigned_manual_review,,not_annotated_no_domain_boundaries,,True,False
9M31,A,VI-D,binary,861,862,V,850.0,V,862.0,,VAL,True,2947,2948,four_layer_exact,high,0.9945054945054944,0.5426621160409556,1.5575289013707645,0.0054945054945054,A,A;D;E;M,differs_from_consensus,True,True,scaffold_differs_from_msa_consensus,0.4472125751879804,surface,False,False,False,False,13.906732850811876,True,False,unassigned_manual_review,,not_annotated_no_domain_boundaries,,True,False
9M31,A,VI-D,binary,862,863,H,851.0,A,863.0,,ALA,True,2948,2949,four_layer_literature_restored_substitution,high,0.9945054945054944,0.9931740614334472,0.040843717863401,0.0054945054945054,H,H,matches_consensus,True,True,literature_confirmed_construct_substitution,0.35770787660245246,surface,False,False,False,False,17.02599601211114,True,False,HEPN2,,not_annotated_no_domain_boundaries,HEPN2_H,True,False
9M31,A,VI-D,binary,863,864,L,852.0,L,864.0,,LEU,True,2949,2950,four_layer_exact,high,0.9945054945054944,0.7747440273037542,0.9264919163679826,0.0054945054945054,L,I;L;M,matches_consensus,True,False,,0.023354943642698855,buried_core,False,False,False,False,15.226762694033766,True,True,unassigned_manual_review,,not_annotated_no_domain_boundaries,,True,False
9M31,A,VI-D,binary,864,865,E,853.0,E,865.0,,GLU,True,2950,2951,four_layer_exact,high,0.9945054945054944,0.5460750853242321,1.51553409871928,0.0054945054945054,N,A;N;S;T,differs_from_consensus,True,True,scaffold_differs_from_msa_consensus,0.19402183201094353,buried_core,False,False,False,False,19.023607152568133,True,True,unassigned_manual_review,,not_annotated_no_domain_boundaries,,True,False
9M31,A,VI-D,binary,865,866,V,854.0,V,866.0,,VAL,True,2951,2952,four_layer_exact,high,0.9945054945054944,0.4129692832764505,1.4208257338511148,0.0054945054945054,A,A;I;V,differs_from_consensus,True,True,scaffold_differs_from_msa_consensus,0.013880784092412831,buried_core,False,False,False,False,16.07051501417582,True,True,unassigned_manual_review,,not_annotated_no_domain_boundaries,,True,False
9M31,A,VI-D,binary,866,867,A,855.0,A,867.0,,ALA,True,2952,2953,four_layer_exact,high,0.9945054945054944,0.4197952218430034,1.2712606531607642,0.0054945054945054,V,I;L;V,differs_from_consensus,True,True,scaffold_differs_from_msa_consensus,0.15389975643170262,buried_core,False,False,False,False,15.509996176251668,True,True,unassigned_manual_review,,not_annotated_no_domain_boundaries,,True,False
9M31,A,VI-D,binary,867,868,R,856.0,R,868.0,,ARG,True,2970,2971,four_layer_exact,high,0.9835164835164836,0.5190311418685121,1.805813755696792,0.0164835164835165,R,A;N;R;S,matches_consensus,True,False,,0.38700958860907325,surface,False,False,False,False,18.246444553541643,True,False,unassigned_manual_review,,not_annotated_no_domain_boundaries,,True,False
9M31,A,VI-D,binary,868,869,Y,857.0,Y,869.0,,TYR,True,2971,2972,four_layer_exact,high,0.9835164835164836,0.3806228373702422,2.102410568039889,0.0164835164835165,N,A;D;E;K;N;R;S,differs_from_consensus,True,True,scaffold_differs_from_msa_consensus,0.2921141243929982,surface,False,False,False,False,18.918960839323606,True,False,unassigned_manual_review,,not_annotated_no_domain_boundaries,,True,False
9M31,A,VI-D,binary,869,870,V,858.0,V,870.0,,VAL,True,2972,2973,four_layer_exact,high,0.978021978021978,0.3310104529616725,1.93143586602138,0.021978021978022,A,A;C;F;I;L;M;V,differs_from_consensus,True,True,scaffold_differs_from_msa_consensus,0.034046559005024554,buried_core,False,False,False,False,14.436408280899261,True,True,unassigned_manual_review,,not_annotated_no_domain_boundaries,,True,False
9M31,A,VI-D,binary,870,871,H,859.0,H,871.0,,HIS,True,2973,2974,four_layer_exact,high,0.978021978021978,0.2578397212543554,2.355268453829789,0.021978021978022,D,A;D;G;H;N;P;S,differs_from_consensus,True,True,scaffold_differs_from_msa_consensus,0.20691320224692658,surface,False,False,False,False,18.040853444323723,True,False,unassigned_manual_review,,not_annotated_no_domain_boundaries,,True,False
9M31,A,VI-D,binary,871,872,A,860.0,A,872.0,,ALA,True,2974,2975,four_layer_exact,high,0.9835164835164836,0.3206459054209919,2.181501697909065,0.0164835164835165,K,D;E;K;L;N;R,differs_from_consensus,True,True,scaffold_differs_from_msa_consensus,0.3876259696920993,surface,False,False,False,False,20.58235845233991,True,False,unassigned_manual_review,,not_annotated_no_domain_boundaries,,True,False
9M31,A,VI-D,binary,872,873,Y,861.0,Y,873.0,,TYR,True,2975,2976,four_layer_exact,high,0.9615384615384616,0.7217258662017869,1.0803433260661472,0.0384615384615384,Y,F;Y,matches_consensus,True,False,,0.12028472615012366,buried_core,False,False,False,False,19.635989806328322,True,True,unassigned_manual_review,,not_annotated_no_domain_boundaries,,True,False
9M31,A,VI-D,binary,873,874,I,862.0,I,874.0,,ILE,True,2976,2977,four_layer_exact,high,0.967032967032967,0.4875568058861718,1.6375594256322548,0.0329670329670329,I,A;I;L;V,matches_consensus,True,False,,0.03539812645830003,buried_core,False,False,False,False,14.687578435135784,True,True,unassigned_manual_review,,not_annotated_no_domain_boundaries,,True,False
9M31,A,VI-D,binary,874,875,N,863.0,N,875.0,,ASN,True,2984,2985,four_layer_exact,high,0.9835164835164836,0.2745098039215686,2.1201385496305694,0.0164835164835165,G,A;D;E;G;K;N;S,differs_from_consensus,True,True,scaffold_differs_from_msa_consensus,0.567683343672479,surface,False,False,False,False,19.908844913407254,True,False,unassigned_manual_review,,not_annotated_no_domain_boundaries,,True,False
9M31,A,VI-D,binary,875,876,D,864.0,D,876.0,,ASP,True,2985,2986,four_layer_exact,high,0.9835164835164836,0.4636678200692041,1.6664074302277303,0.0164835164835165,D,D;E;G;K;N,matches_consensus,True,False,,0.31926342559318055,surface,False,False,False,False,21.64192528401543,True,False,unassigned_manual_review,,not_annotated_no_domain_boundaries,,True,False
9M31,A,VI-D,binary,876,877,I,865.0,I,877.0,,ILE,True,2992,2993,four_layer_exact,high,0.9835164835164836,0.5397923875432526,1.5186884667253122,0.0164835164835165,I,F;I;L;V,matches_consensus,True,False,,0.15307064151009245,buried_core,False,False,False,False,16.80416683781098,True,True,unassigned_manual_review,,not_annotated_no_domain_boundaries,,True,False
9M31,A,VI-D,binary,877,878,A,866.0,A,878.0,,ALA,True,2993,2994,four_layer_exact,high,0.9505494505494504,0.3032490974729241,2.110489159128578,0.0494505494505495,K,A;E;G;K;R;S;T,differs_from_consensus,True,True,scaffold_differs_from_msa_consensus,0.5019359112787548,surface,False,False,False,False,19.880762539192656,True,False,unassigned_manual_review,,not_annotated_no_domain_boundaries,,True,False
9M31,A,VI-D,binary,878,879,E,867.0,E,879.0,,GLU,True,3006,3007,four_layer_exact,high,0.9615384615384616,0.192170818505338,2.4255818223282586,0.0384615384615384,E,D;E;K;N;R;S;Y,matches_consensus,True,False,,0.5332359609116948,surface,False,False,False,False,16.491562252202993,True,False,unassigned_manual_review,,not_annotated_no_domain_boundaries,,True,False
9M31,A,VI-D,binary,879,880,V,868.0,V,880.0,,VAL,True,3007,3008,four_layer_exact,high,0.989010989010989,0.3539518900343643,1.6060298236467747,0.0109890109890109,I,F;I;M;V,differs_from_consensus,True,True,scaffold_differs_from_msa_consensus,0.1392380585663682,buried_core,False,False,False,False,12.0401491054566,True,True,unassigned_manual_review,,not_annotated_no_domain_boundaries,,True,False
9M31,A,VI-D,binary,880,881,N,869.0,N,881.0,,ASN,True,3008,3009,four_layer_exact,high,0.989010989010989,0.2623138602520045,2.1231691141312816,0.0109890109890109,D,D;E;K;N;S;T,differs_from_consensus,True,True,scaffold_differs_from_msa_consensus,0.418310440540534,surface,False,False,False,False,11.237786274391466,True,False,unassigned_manual_review,,not_annotated_no_domain_boundaries,,True,False
9M31,A,VI-D,binary,881,882,S,870.0,S,882.0,,SER,True,3035,3036,four_layer_exact,high,0.989010989010989,0.8625429553264605,0.6452752271356559,0.0109890109890109,S,S,matches_consensus,True,False,,0.16361414539895638,buried_core,False,False,False,False,10.325100762616607,True,True,unassigned_manual_review,,not_annotated_no_domain_boundaries,,True,False
9M31,A,VI-D,binary,882,883,Y,871.0,Y,883.0,,TYR,True,3044,3045,four_layer_exact,high,0.9945054945054944,0.8771331058020477,0.5003688822901302,0.0054945054945054,Y,W;Y,matches_consensus,True,False,,0.07979726567608737,buried_core,True,False,True,False,4.84258591332982,True,True,unassigned_manual_review,,not_annotated_no_domain_boundaries,,True,False
9M31,A,VI-D,binary,883,884,F,872.0,F,884.0,,PHE,True,3045,3046,four_layer_exact,high,0.9945054945054944,0.7303754266211604,0.646373754231609,0.0054945054945054,F,F;Y,matches_consensus,True,False,,0.04433572632378595,buried_core,False,False,False,False,10.032830805806174,True,True,unassigned_manual_review,,not_annotated_no_domain_boundaries,,True,False
9M31,A,VI-D,binary,884,885,Q,873.0,Q,885.0,,GLN,True,3046,3047,four_layer_exact,high,0.9945054945054944,0.3412969283276451,1.7842046366484416,0.0054945054945054,E,A;D;E;G;Q;S,differs_from_consensus,True,True,scaffold_differs_from_msa_consensus,0.13268294566555638,buried_core,False,False,False,False,13.245372162465848,True,True,unassigned_manual_review,,not_annotated_no_domain_boundaries,,True,False
9M31,A,VI-D,binary,885,886,L,874.0,L,886.0,,LEU,True,3047,3048,four_layer_exact,high,0.9945054945054944,0.6655290102389079,1.0945551553873465,0.0054945054945054,L,F;I;L;V,matches_consensus,True,False,,0.023465040053902268,buried_core,False,False,False,False,11.74558023188585,True,True,unassigned_manual_review,,not_annotated_no_domain_boundaries,,True,False
9M31,A,VI-D,binary,886,887,Y,875.0,Y,887.0,,TYR,True,3048,3049,four_layer_exact,high,0.9945054945054944,0.9112627986348124,0.3236709773367355,0.0054945054945054,Y,F;Y,matches_consensus,True,False,,0.0,buried_core,False,False,False,False,12.744982478756379,True,True,unassigned_manual_review,,not_annotated_no_domain_boundaries,,True,False
9M31,A,VI-D,binary,887,888,H,876.0,H,888.0,,HIS,True,3049,3050,four_layer_exact,high,0.9945054945054944,0.7406143344709898,1.0243926616835215,0.0054945054945054,H,C;H,matches_consensus,True,False,,0.0200374706436774,buried_core,False,False,False,False,12.75672456501186,True,True,unassigned_manual_review,,not_annotated_no_domain_boundaries,,True,False
9M31,A,VI-D,binary,888,889,Y,877.0,Y,889.0,,TYR,True,3050,3051,four_layer_exact,high,0.9945054945054944,0.78839590443686,0.8194246612011497,0.0054945054945054,Y,F;Y,matches_consensus,True,False,,0.008665730950960597,buried_core,False,False,False,False,17.90153594749986,True,True,unassigned_manual_review,,not_annotated_no_domain_boundaries,,True,False
9M31,A,VI-D,binary,889,890,I,878.0,I,890.0,,ILE,True,3051,3052,four_layer_exact,high,0.9945054945054944,0.3686006825938566,1.602683868186286,0.0054945054945054,I,A;C;I;L;V,matches_consensus,True,False,,0.0,buried_core,False,False,False,False,15.51735070330052,True,True,unassigned_manual_review,,not_annotated_no_domain_boundaries,,True,False
9M31,A,VI-D,binary,890,891,M,879.0,M,891.0,,MET,True,3061,3062,four_layer_exact,high,0.9945054945054944,0.3651877133105802,1.635936536196335,0.0054945054945054,M,I;L;M;V,matches_consensus,True,False,,0.010782394786070681,buried_core,False,False,False,False,16.736113567847568,True,True,unassigned_manual_review,,not_annotated_no_domain_boundaries,,True,False
9M31,A,VI-D,binary,891,892,Q,880.0,Q,892.0,,GLN,True,3062,3063,four_layer_exact,high,0.9945054945054944,0.931740614334471,0.3684350711820774,0.0054945054945054,Q,Q,matches_consensus,True,False,,0.02045525883337354,buried_core,False,False,False,False,19.194435360792205,True,True,unassigned_manual_review,,not_annotated_no_domain_boundaries,,True,False
9M31,A,VI-D,binary,892,893,R,881.0,R,893.0,,ARG,True,3063,3064,four_layer_exact,high,0.9945054945054944,0.5870307167235495,1.465201573163282,0.0054945054945054,R,K;R;S,matches_consensus,True,False,,0.17179544888356846,buried_core,False,False,False,False,22.815114942108053,True,True,unassigned_manual_review,,not_annotated_no_domain_boundaries,,True,False
9M31,A,VI-D,binary,893,894,I,882.0,I,894.0,,ILE,True,3080,3081,four_layer_exact,high,0.9615384615384616,0.1067615658362989,2.7734581905670805,0.0384615384615384,H,A;H;I;L;M;Q;S;Y,differs_from_consensus,True,True,scaffold_differs_from_msa_consensus,0.042219433097980805,buried_core,False,False,False,False,21.417715814408126,True,True,unassigned_manual_review,,not_annotated_no_domain_boundaries,,True,False
9M31,A,VI-D,binary,894,895,I,883.0,I,895.0,,ILE,True,3081,3082,four_layer_exact,high,0.989010989010989,0.5773195876288659,1.2142087209349026,0.0109890109890109,L,I;L;M;V,differs_from_consensus,True,True,scaffold_differs_from_msa_consensus,0.02452036986883079,buried_core,False,False,False,False,19.43027070959252,True,True,unassigned_manual_review,,not_annotated_no_domain_boundaries,,True,False
9M31,A,VI-D,binary,895,896,M,884.0,M,896.0,,MET,True,3091,3092,four_layer_exact,high,0.8131868131868132,0.1746724890829694,2.4703232462616773,0.1868131868131868,L,A;F;I;L;M;Q;V;Y,differs_from_consensus,True,True,scaffold_differs_from_msa_consensus,0.06236173617113367,buried_core,False,False,False,False,24.877766156623093,True,True,unassigned_manual_review,,not_annotated_no_domain_boundaries,,True,False
9M31,A,VI-D,binary,896,897,N,885.0,N,897.0,,ASN,True,3092,3093,four_layer_exact,high,0.7967032967032966,0.2690582959641255,2.1311032502971,0.2032967032967033,D,D;E;G;K;N;S,differs_from_consensus,False,True,scaffold_differs_from_msa_consensus,0.6583649806285964,surface,False,False,False,False,27.113673308609872,True,False,unassigned_manual_review,,not_annotated_no_domain_boundaries,,False,False
9M31,A,VI-D,binary,897,898,E,886.0,E,898.0,,GLU,True,3093,3094,four_layer_exact,high,0.7307692307692307,0.2512562814070351,2.329051546329626,0.2692307692307693,K,E;K;N;Q;R;S,differs_from_consensus,False,True,scaffold_differs_from_msa_consensus,0.41642202265824946,surface,False,False,False,False,24.7347301045053,True,False,unassigned_manual_review,,not_annotated_no_domain_boundaries,,False,False
9M31,A,VI-D,binary,898,899,R,887.0,R,899.0,,ARG,True,3094,3095,four_layer_exact,high,0.6538461538461539,0.1871345029239766,2.4048458984399383,0.3461538461538461,F,F;I;L;V;Y,differs_from_consensus,False,True,scaffold_differs_from_msa_consensus,0.1478451847845947,buried_core,False,False,False,False,25.721647800966338,True,True,unassigned_manual_review,,not_annotated_no_domain_boundaries,,False,False
9M31,A,VI-D,binary,899,900,Y,888.0,Y,900.0,,TYR,True,3110,3111,four_layer_exact,high,0.5604395604395604,0.2028985507246377,2.321079322969002,0.4395604395604395,K,A;K;N;S;T,differs_from_consensus,False,True,scaffold_differs_from_msa_consensus,0.3881232026835304,surface,False,False,False,False,29.403209118620317,True,False,unassigned_manual_review,,not_annotated_no_domain_boundaries,,False,False
9M31,A,VI-D,binary,900,901,E,889.0,E,901.0,,GLU,True,3111,3112,four_layer_exact,high,0.6483516483516484,0.4078431372549019,1.7946383577714922,0.3516483516483516,D,D;E;N;S,differs_from_consensus,False,True,scaffold_differs_from_msa_consensus,0.7415728050012762,surface,False,False,False,False,31.994107149637117,True,False,unassigned_manual_review,,not_annotated_no_domain_boundaries,,False,False
9M31,A,VI-D,binary,901,902,K,890.0,K,902.0,,LYS,True,3112,3113,four_layer_exact,high,0.6538461538461539,0.1962209302325581,2.5776045604077606,0.3461538461538461,K,E;H;K;N;P;R;S;Y,matches_consensus,False,False,,0.5298020721566998,surface,False,False,False,False,31.079269433493383,True,False,unassigned_manual_review,,not_annotated_no_domain_boundaries,,False,False
9M31,A,VI-D,binary,902,903,S,891.0,S,903.0,,SER,True,3113,3114,four_layer_exact,high,0.6538461538461539,0.1511627906976744,2.5844502358479784,0.3461538461538461,S,A;E;G;K;S;T,matches_consensus,False,False,,0.15559209869218474,buried_core,False,False,False,False,28.34094571780731,True,True,unassigned_manual_review,,not_annotated_no_domain_boundaries,,False,False
9M31,A,VI-D,binary,903,904,S,892.0,S,904.0,,SER,True,3114,3115,four_layer_exact,high,0.6428571428571429,0.2731152204836415,2.4580433833576945,0.3571428571428571,K,E;K;N;S;Y,differs_from_consensus,False,True,scaffold_differs_from_msa_consensus,0.5821720613278325,surface,False,False,False,False,26.853428971056235,True,False,unassigned_manual_review,,not_annotated_no_domain_boundaries,,False,False
9M31,A,VI-D,binary,904,905,G,893.0,G,905.0,,GLY,True,3115,3116,four_layer_exact,high,0.6208791208791209,0.1630276564774381,2.346655743484709,0.3791208791208791,D,D;E;G;K;N;P;S,differs_from_consensus,False,True,scaffold_differs_from_msa_consensus,0.4599141815051978,surface,False,False,False,False,25.141599407745115,True,False,unassigned_manual_review,,not_annotated_no_domain_boundaries,,False,False
9M31,A,VI-D,binary,905,906,K,894.0,K,906.0,,LYS,True,3116,3117,four_layer_exact,high,0.6373626373626373,0.1176470588235294,2.7959902884656938,0.3626373626373627,E,A;D;E;G;K;L;S;T,differs_from_consensus,False,True,scaffold_differs_from_msa_consensus,0.38878540271501477,surface,False,False,False,False,17.721595446081633,True,False,unassigned_manual_review,,not_annotated_no_domain_boundaries,,False,False
9M31,A,VI-D,binary,906,907,V,895.0,V,907.0,,VAL,True,3165,3166,four_layer_exact,high,0.5989010989010989,0.1958925750394944,2.473618564339416,0.4010989010989011,E,A;D;E;G;K;N;P;S,differs_from_consensus,False,True,scaffold_differs_from_msa_consensus,0.055523136369651324,buried_core,False,False,False,False,24.285084649874836,True,True,unassigned_manual_review,,not_annotated_no_domain_boundaries,,False,False
9M31,A,VI-D,binary,907,908,S,896.0,S,908.0,,SER,True,3166,3167,four_layer_exact,high,0.6593406593406593,0.296137339055794,2.3562313700238597,0.3406593406593406,K,A;F;I;K;L;R;V,differs_from_consensus,False,True,scaffold_differs_from_msa_consensus,0.2257124467203089,surface,False,False,False,False,27.147460481786798,True,False,unassigned_manual_review,,not_annotated_no_domain_boundaries,,False,False
9M31,A,VI-D,binary,908,909,E,897.0,E,909.0,,GLU,True,3169,3170,four_layer_exact,high,0.9505494505494504,0.2888086642599278,2.253735962896384,0.0494505494505495,E,D;E;G;K;P;Q;R,matches_consensus,True,False,,0.45204762699852,surface,False,False,False,False,23.644140262325593,True,False,unassigned_manual_review,,not_annotated_no_domain_boundaries,,True,False
9M31,A,VI-D,binary,909,910,Y,898.0,Y,910.0,,TYR,True,3170,3171,four_layer_exact,high,0.9615384615384616,0.69105871886121,1.358622346108025,0.0384615384615384,Y,F;Y,matches_consensus,True,False,,0.09021354461259275,buried_core,False,False,False,False,19.112201619239464,True,True,unassigned_manual_review,,not_annotated_no_domain_boundaries,,True,False
9M31,A,VI-D,binary,910,911,F,899.0,F,911.0,,PHE,True,3171,3172,four_layer_exact,high,0.9725274725274724,0.2736842105263158,2.3840711075667165,0.0274725274725274,F,A;F;K;L;R;S;Y,matches_consensus,True,False,,0.005031784233499651,buried_core,False,False,False,False,23.96385440617572,True,True,unassigned_manual_review,,not_annotated_no_domain_boundaries,,True,False
9M31,A,VI-D,binary,911,912,D,900.0,D,912.0,,ASP,True,3185,3186,four_layer_exact,high,0.9725274725274724,0.2280701754385964,2.121004101676971,0.0274725274725274,E,A;D;E;K;N;S,differs_from_consensus,True,True,scaffold_differs_from_msa_consensus,0.31521562181932833,surface,False,False,False,False,28.69347064208252,True,False,unassigned_manual_review,,not_annotated_no_domain_boundaries,,True,False
9M31,A,VI-D,binary,912,913,A,901.0,A,913.0,,ALA,True,3186,3187,four_layer_exact,high,0.9725274725274724,0.175438596491228,2.509953448043905,0.0274725274725274,K,A;D;E;K;L;N;Q;S,differs_from_consensus,True,True,scaffold_differs_from_msa_consensus,0.22273541224539134,surface,False,False,False,False,25.65783964396864,True,False,unassigned_manual_review,,not_annotated_no_domain_boundaries,,True,False
9M31,A,VI-D,binary,913,914,V,902.0,V,914.0,,VAL,True,3192,3193,four_layer_exact,high,0.967032967032967,0.4522968197879858,1.411107694756027,0.0329670329670329,L,I;L;V,differs_from_consensus,True,True,scaffold_differs_from_msa_consensus,0.0069403920462064155,buried_core,False,False,False,False,24.327773320646212,True,True,unassigned_manual_review,,not_annotated_no_domain_boundaries,,True,False
9M31,A,VI-D,binary,914,915,N,903.0,N,915.0,,ASN,True,3193,3194,four_layer_exact,high,0.9615384615384616,0.1708185053380783,2.4935338041618795,0.0384615384615384,E,D;E;K;L;N;R;S,differs_from_consensus,True,True,scaffold_differs_from_msa_consensus,0.38449156617146574,surface,False,False,False,False,27.7310827326596,True,False,unassigned_manual_review,,not_annotated_no_domain_boundaries,,True,False
9M31,A,VI-D,binary,915,916,D,904.0,D,916.0,,ASP,True,3205,3206,four_layer_exact,high,0.934065934065934,0.4534313725490196,1.743901500804819,0.0659340659340659,K,E;K;N;Q;R;S;T,differs_from_consensus,True,True,scaffold_differs_from_msa_consensus,0.6449694275570844,surface,False,False,False,False,28.31982391682877,True,False,unassigned_manual_review,,not_annotated_no_domain_boundaries,,True,False
9M31,A,VI-D,binary,916,917,E,905.0,E,917.0,,GLU,True,3206,3207,four_layer_exact,high,0.912087912087912,0.4924242424242424,1.7660496347280823,0.0879120879120879,Y,F;H;N;Y,differs_from_consensus,True,True,scaffold_differs_from_msa_consensus,0.41161727367142115,surface,False,False,False,False,23.468580523590823,True,False,unassigned_manual_review,,not_annotated_no_domain_boundaries,,True,False
9M31,A,VI-D,binary,917,918,K,906.0,K,918.0,,LYS,True,3213,3214,four_layer_exact,high,0.978021978021978,0.3484320557491289,1.8051593138252695,0.021978021978022,G,G;H;K;N;R,differs_from_consensus,True,True,scaffold_differs_from_msa_consensus,0.35074817030667804,surface,False,False,False,False,21.713471057030798,True,False,unassigned_manual_review,,not_annotated_no_domain_boundaries,,True,False
9M31,A,VI-D,binary,918,919,K,907.0,K,919.0,,LYS,True,3214,3215,four_layer_exact,high,0.978021978021978,0.5470383275261324,1.7377392265940013,0.021978021978022,T,S;T,differs_from_consensus,True,True,scaffold_differs_from_msa_consensus,0.3583678636749611,surface,False,False,False,False,20.30007451694004,True,False,unassigned_manual_review,,not_annotated_no_domain_boundaries,,True,False
9M31,A,VI-D,binary,919,920,Y,908.0,Y,920.0,,TYR,True,3215,3216,four_layer_exact,high,0.989010989010989,0.7800687285223368,0.9399261397042378,0.0109890109890109,Y,P;Y,matches_consensus,True,False,,0.07496919919282297,buried_core,False,False,False,False,16.008913201248294,True,True,unassigned_manual_review,,not_annotated_no_domain_boundaries,,True,False
9M31,A,VI-D,binary,920,921,N,909.0,N,921.0,,ASN,True,3216,3217,four_layer_exact,high,0.989010989010989,0.3608247422680412,1.6287875860541623,0.0109890109890109,S,C;D;N;S;V,differs_from_consensus,True,True,scaffold_differs_from_msa_consensus,0.08791458658976167,buried_core,False,False,False,False,18.30621235074185,True,True,unassigned_manual_review,,not_annotated_no_domain_boundaries,,True,False
9M31,A,VI-D,binary,921,922,D,910.0,D,922.0,,ASP,True,3217,3218,four_layer_exact,high,0.989010989010989,0.7250859106529209,1.145474998418898,0.0109890109890109,K,K;R,differs_from_consensus,True,True,scaffold_differs_from_msa_consensus,0.358217351397294,surface,False,False,False,False,15.542850444276468,True,False,unassigned_manual_review,,not_annotated_no_domain_boundaries,,True,False
9M31,A,VI-D,binary,922,923,R,911.0,R,923.0,,ARG,True,3218,3219,four_layer_exact,high,0.9945054945054944,0.7337883959044369,1.124333275233936,0.0054945054945054,D,D;N,differs_from_consensus,True,True,scaffold_differs_from_msa_consensus,0.5182936269412705,surface,False,False,False,False,17.2352670389551,True,False,unassigned_manual_review,,not_annotated_no_domain_boundaries,,True,False
9M31,A,VI-D,binary,923,924,L,912.0,L,924.0,,LEU,True,3219,3220,four_layer_exact,high,0.9945054945054944,0.4163822525597269,1.4008498795579936,0.0054945054945054,F,A;F;L;M,differs_from_consensus,True,True,scaffold_differs_from_msa_consensus,0.0360486034638781,buried_core,False,False,False,False,17.886624367943785,True,True,unassigned_manual_review,,not_annotated_no_domain_boundaries,,True,False
9M31,A,VI-D,binary,924,925,L,913.0,L,925.0,,LEU,True,3220,3221,four_layer_exact,high,0.9945054945054944,0.4607508532423208,1.434370393272457,0.0054945054945054,V,I;L;M;V,differs_from_consensus,True,True,scaffold_differs_from_msa_consensus,0.012016201154626033,buried_core,False,False,False,False,13.77810814970288,True,True,unassigned_manual_review,,not_annotated_no_domain_boundaries,,True,False
9M31,A,VI-D,binary,925,926,K,914.0,K,926.0,,LYS,True,3221,3222,four_layer_exact,high,0.9945054945054944,0.6245733788395904,1.2722698224800089,0.0054945054945054,K,H;K;W,matches_consensus,True,False,,0.3954386569873207,surface,False,False,False,False,12.338541698540517,True,False,unassigned_manual_review,,not_annotated_no_domain_boundaries,,True,False
9M31,A,VI-D,binary,926,927,L,915.0,L,927.0,,LEU,True,3222,3223,four_layer_exact,high,0.9945054945054944,0.4914675767918088,1.6026506977934307,0.0054945054945054,A,A;I;L;V,differs_from_consensus,True,True,scaffold_differs_from_msa_consensus,0.04806480461850413,buried_core,False,False,False,False,16.559243071429115,True,True,unassigned_manual_review,,not_annotated_no_domain_boundaries,,True,False
9M31,A,VI-D,binary,927,928,L,916.0,L,928.0,,LEU,True,3223,3224,four_layer_exact,high,0.9945054945054944,0.7133105802047781,1.0995162720432474,0.0054945054945054,L,I;L;Y,matches_consensus,True,False,,0.04205670404119111,buried_core,False,False,False,False,13.428482886675573,True,True,unassigned_manual_review,,not_annotated_no_domain_boundaries,,True,False
9M31,A,VI-D,binary,928,929,C,917.0,C,929.0,,CYS,True,3224,3225,four_layer_exact,high,0.9945054945054944,0.5938566552901023,1.162126883169962,0.0054945054945054,N,C;F;N;Y,differs_from_consensus,True,True,scaffold_differs_from_msa_consensus,0.0,buried_core,False,False,False,False,10.917706874087111,True,True,unassigned_manual_review,,not_annotated_no_domain_boundaries,,True,False
9M31,A,VI-D,binary,929,930,V,918.0,V,930.0,,VAL,True,3225,3226,four_layer_exact,high,0.9945054945054944,0.2798634812286689,1.9470579621542503,0.0054945054945054,V,A;I;L;S;T;V,matches_consensus,True,False,,0.02082117613861925,buried_core,False,False,False,False,13.449329474104795,True,True,unassigned_manual_review,,not_annotated_no_domain_boundaries,,True,False
9M31,A,VI-D,binary,930,931,P,919.0,P,931.0,,PRO,True,3243,3244,four_layer_exact,high,0.9945054945054944,0.9112627986348124,0.4798990182367803,0.0054945054945054,P,P,matches_consensus,True,False,,0.015190292025659325,buried_core,False,False,False,False,11.33496288841578,True,True,unassigned_manual_review,,not_annotated_no_domain_boundaries,,True,False
9M31,A,VI-D,binary,931,932,F,920.0,F,932.0,,PHE,True,3244,3245,four_layer_exact,high,0.9945054945054944,0.8225255972696246,0.6470827085570559,0.0054945054945054,F,F;L,matches_consensus,True,False,,0.010063568466999302,buried_core,False,False,False,False,8.204807711112052,True,True,unassigned_manual_review,,not_annotated_no_domain_boundaries,,True,False
9M31,A,VI-D,binary,932,933,G,921.0,G,933.0,,GLY,True,3271,3272,four_layer_exact,high,0.9945054945054944,0.5426621160409556,0.8563680260277136,0.0054945054945054,A,A;G,differs_from_consensus,True,True,scaffold_differs_from_msa_consensus,0.0,buried_core,False,False,False,False,9.933482658333286,True,True,unassigned_manual_review,,not_annotated_no_domain_boundaries,,True,False
9M31,A,VI-D,binary,933,934,Y,922.0,Y,934.0,,TYR,True,3272,3273,four_layer_exact,high,0.9945054945054944,1.0,-0.0,0.0054945054945054,Y,Y,matches_consensus,True,False,,0.004073988684649127,buried_core,False,False,False,False,8.043919195579333,True,True,unassigned_manual_review,,not_annotated_no_domain_boundaries,,True,False
9M31,A,VI-D,binary,934,935,C,923.0,C,935.0,,CYS,True,3273,3274,four_layer_exact,high,0.9945054945054944,0.8703071672354948,0.5843109063318744,0.0054945054945054,N,C;N,differs_from_consensus,True,True,scaffold_differs_from_msa_consensus,0.052989450219351676,buried_core,True,False,True,False,3.928641518677187,True,True,unassigned_manual_review,,not_annotated_no_domain_boundaries,,True,False
9M31,A,VI-D,binary,935,936,I,924.0,I,936.0,,ILE,True,3274,3275,four_layer_exact,high,0.9945054945054944,0.6484641638225256,1.366584549574924,0.0054945054945054,L,I;L;V,differs_from_consensus,True,True,scaffold_differs_from_msa_consensus,0.0,buried_core,True,False,True,False,4.278441471558077,True,True,unassigned_manual_review,,not_annotated_no_domain_boundaries,,True,False
9M31,A,VI-D,binary,936,937,P,925.0,P,937.0,,PRO,True,3275,3276,four_layer_exact,high,0.9945054945054944,0.5733788395904437,1.029467248822873,0.0054945054945054,P,A;P,matches_consensus,True,False,,0.007595146012829662,buried_core,True,False,True,False,3.2454475372943965,True,True,unassigned_manual_review,,not_annotated_no_domain_boundaries,,True,False
9M31,A,VI-D,binary,937,938,R,926.0,R,938.0,,ARG,True,3281,3282,four_layer_exact,high,0.9945054945054944,1.0,-0.0,0.0054945054945054,R,R,matches_consensus,True,False,,0.02436339499858742,buried_core,True,False,True,False,3.5012354613718544,True,True,unassigned_manual_review,,not_annotated_no_domain_boundaries,,True,False
9M31,A,VI-D,binary,938,939,F,927.0,F,939.0,,PHE,True,3282,3283,four_layer_exact,high,0.9945054945054944,0.7337883959044369,0.6111992156029766,0.0054945054945054,Y,F;Y,differs_from_consensus,True,True,scaffold_differs_from_msa_consensus,0.06541319503549546,buried_core,False,True,False,False,6.1732683949475895,True,True,unassigned_manual_review,,not_annotated_no_domain_boundaries,,True,False
9M31,A,VI-D,binary,939,940,K,928.0,K,940.0,,LYS,True,3283,3284,four_layer_exact,high,0.9945054945054944,0.9112627986348124,0.4533576770844879,0.0054945054945054,K,K,matches_consensus,True,False,,0.12019520503302103,buried_core,True,False,True,False,3.1030173249011668,True,True,unassigned_manual_review,,not_annotated_no_domain_boundaries,,True,False
9M31,A,VI-D,binary,940,941,N,929.0,N,941.0,,ASN,True,3284,3285,four_layer_exact,high,0.9945054945054944,0.8805460750853242,0.5454137059640182,0.0054945054945054,N,N,matches_consensus,True,False,,0.03528984860313684,buried_core,True,False,True,False,2.430111280575583,True,True,unassigned_manual_review,,not_annotated_no_domain_boundaries,,True,False
9M31,A,VI-D,binary,941,942,L,930.0,L,942.0,,LEU,True,3285,3286,four_layer_exact,high,0.9945054945054944,0.9795221843003412,0.1223900868110231,0.0054945054945054,L,L,matches_consensus,True,False,,0.01802430173193905,buried_core,False,True,False,False,5.780306813950422,True,True,unassigned_manual_review,,not_annotated_no_domain_boundaries,,True,False
9M31,A,VI-D,binary,942,943,S,931.0,S,943.0,,SER,True,3286,3287,four_layer_exact,high,0.9945054945054944,0.6075085324232082,0.7385756362529033,0.0054945054945054,S,S;T,matches_consensus,True,False,,0.10368958297381164,buried_core,False,False,False,False,8.944814151334697,True,True,unassigned_manual_review,,not_annotated_no_domain_boundaries,,True,False
9M31,A,VI-D,binary,943,944,I,932.0,I,944.0,,ILE,True,3291,3292,four_layer_exact,high,0.9945054945054944,0.676905574516496,1.2826502550317684,0.0054945054945054,I,I;N;V,matches_consensus,True,False,,0.32489490076200794,surface,False,True,False,False,6.668601090205497,True,False,unassigned_manual_review,,not_annotated_no_domain_boundaries,,True,False
9M31,A,VI-D,binary,944,945,E,933.0,E,945.0,,GLU,True,3292,3293,four_layer_exact,high,0.9945054945054944,0.4914675767918088,1.6634119131836618,0.0054945054945054,E,A;D;E;K;N,matches_consensus,True,False,,0.19652935828716664,buried_core,False,False,False,False,9.282837173320951,True,True,unassigned_manual_review,,not_annotated_no_domain_boundaries,,True,False
9M31,A,VI-D,binary,945,946,A,934.0,A,946.0,,ALA,True,3293,3294,four_layer_exact,high,0.9945054945054944,0.2116040955631399,2.1916698208890306,0.0054945054945054,E,A;D;E;G;K;Q,differs_from_consensus,True,True,scaffold_differs_from_msa_consensus,0.34977791226243765,surface,False,True,False,False,6.19232317166047,True,False,unassigned_manual_review,,not_annotated_no_domain_boundaries,,True,False
9M31,A,VI-D,binary,946,947,L,935.0,L,947.0,,LEU,True,3294,3295,four_layer_exact,high,0.9945054945054944,0.78839590443686,0.920485964506321,0.0054945054945054,L,I;L,matches_consensus,True,False,,0.13615393727853975,buried_core,True,False,True,False,3.393822866930552,True,True,unassigned_manual_review,,not_annotated_no_domain_boundaries,,True,False
9M31,A,VI-D,binary,947,948,F,936.0,F,948.0,,PHE,True,3295,3296,four_layer_exact,high,0.9945054945054944,0.9522184300341296,0.2299796848520801,0.0054945054945054,F,F,matches_consensus,True,False,,0.055349626568496166,buried_core,True,False,True,False,3.7542314390429152,True,True,unassigned_manual_review,,not_annotated_no_domain_boundaries,,True,False
9M31,A,VI-D,binary,948,949,D,937.0,D,949.0,,ASP,True,3303,3304,four_layer_exact,high,0.9725274725274724,0.7590643274853801,0.9431207284312612,0.0274725274725274,D,D;Y,matches_consensus,True,False,,0.22559174571189014,surface,True,False,True,False,3.503618147743493,True,False,unassigned_manual_review,,not_annotated_no_domain_boundaries,,True,False
9M31,A,VI-D,binary,949,950,R,938.0,R,950.0,,ARG,True,3304,3305,four_layer_exact,high,0.9835164835164836,0.4152249134948096,1.800919381742992,0.0164835164835165,R,D;E;K;M;R,matches_consensus,True,False,,0.39743004505903157,surface,True,False,True,False,3.3799686748192737,True,False,unassigned_manual_review,,not_annotated_no_domain_boundaries,,True,False
9M31,A,VI-D,binary,950,951,N,939.0,N,951.0,,ASN,True,3316,3317,four_layer_exact,high,0.945054945054945,0.6836363636363636,1.2332013883339008,0.0549450549450549,N,D;E;N,matches_consensus,True,False,,0.33077542278625216,surface,True,False,True,False,3.492644695468693,True,False,unassigned_manual_review,,not_annotated_no_domain_boundaries,,True,False
9M31,A,VI-D,binary,951,952,E,940.0,E,952.0,,GLU,True,3317,3318,four_layer_exact,high,0.8956043956043956,0.2996108949416342,2.244778911930258,0.1043956043956043,E,A;D;E;K;N;R;S,matches_consensus,True,False,,0.1466652107692612,buried_core,False,True,False,False,5.282512865128789,True,True,unassigned_manual_review,,not_annotated_no_domain_boundaries,,True,False
9M31,A,VI-D,binary,952,953,A,941.0,A,953.0,,ALA,True,3411,3412,four_layer_exact,high,0.7912087912087912,0.4106735159817352,2.0263891856972456,0.2087912087912088,P,A;E;K;P;T,differs_from_consensus,False,True,scaffold_differs_from_msa_consensus,0.4626563591500387,surface,False,True,False,False,6.262901891951067,True,False,unassigned_manual_review,,not_annotated_no_domain_boundaries,,False,False
9M31,A,VI-D,binary,953,954,A,942.0,A,954.0,,ALA,True,3412,3413,four_layer_exact,high,0.7967032967032966,0.2986425339366516,2.22573897823122,0.2032967032967033,E,D;E;G;K;R,differs_from_consensus,False,True,scaffold_differs_from_msa_consensus,0.810494666720209,surface,False,False,False,False,9.034850608356498,True,False,unassigned_manual_review,,not_annotated_no_domain_boundaries,,False,False
9M31,A,VI-D,binary,954,955,K,943.0,K,955.0,,LYS,True,3413,3414,four_layer_exact,high,0.7912087912087912,0.1963470319634703,2.3631954098400354,0.2087912087912088,K,A;D;E;K;P;Q;T;V,matches_consensus,False,False,,0.6333189345231445,surface,False,False,False,False,8.35878639095803,True,False,unassigned_manual_review,,not_annotated_no_domain_boundaries,,False,False
9M31,A,VI-D,binary,955,956,F,944.0,F,956.0,,PHE,True,3414,3415,four_layer_exact,high,0.7582417582417582,0.3561208267090619,2.2090170498338395,0.2417582417582418,K,A;D;E;G;K;N;S,differs_from_consensus,False,True,scaffold_differs_from_msa_consensus,0.5430598948897365,surface,False,True,False,False,7.644646479940495,True,False,unassigned_manual_review,,not_annotated_no_domain_boundaries,,False,False
9M31,A,VI-D,binary,956,957,D,,,,,,False,3423,3424,full_msa_only_unresolved_coordinate,medium,0.7417582417582418,0.309328968903437,2.1549634450683137,0.2582417582417582,E,D;E;G;K;R,differs_from_consensus,False,True,unresolved_terminal;scaffold_differs_from_msa_consensus,,,,,,,,False,False,unassigned_manual_review,,not_annotated_no_domain_boundaries,,False,False
9M31,A,VI-D,binary,957,958,K,,,,,,False,3424,3425,full_msa_only_unresolved_coordinate,medium,0.7252747252747253,0.4328859060402684,1.9501339966491875,0.2747252747252747,K,A;D;E;G;K;N;R;S,matches_consensus,False,True,unresolved_terminal,,,,,,,,False,False,unassigned_manual_review,,not_annotated_no_domain_boundaries,,False,False
9M31,A,VI-D,binary,958,959,E,,,,,,False,3425,3426,full_msa_only_unresolved_coordinate,medium,0.6978021978021978,0.1696113074204946,2.485611810474002,0.3021978021978022,K,A;D;E;G;I;K;N;T,differs_from_consensus,False,True,unresolved_terminal;scaffold_differs_from_msa_consensus,,,,,,,,False,False,unassigned_manual_review,,not_annotated_no_domain_boundaries,,False,False
9M31,A,VI-D,binary,959,960,K,,,,,,False,3426,3427,full_msa_only_unresolved_coordinate,medium,0.6043956043956044,0.2469414893617021,2.33853640986709,0.3956043956043956,E,D;E;G;K;Q;S;T,differs_from_consensus,False,True,unresolved_terminal;scaffold_differs_from_msa_consensus,,,,,,,,False,False,unassigned_manual_review,,not_annotated_no_domain_boundaries,,False,False
9M31,A,VI-D,binary,960,961,K,,,,,,False,3427,3428,full_msa_only_unresolved_coordinate,medium,0.5879120879120879,0.1194690265486725,2.6192127815445048,0.412087912087912,K,A;E;I;K;L;N;S;T;V,matches_consensus,False,True,unresolved_terminal,,,,,,,,False,False,unassigned_manual_review,,not_annotated_no_domain_boundaries,,False,False
9M31,A,VI-D,binary,961,962,K,,,,,,False,3428,3429,full_msa_only_unresolved_coordinate,medium,0.5439560439560439,0.3267326732673267,2.061272798513255,0.4560439560439561,K,A;D;E;K;N;R,matches_consensus,False,True,unresolved_terminal,,,,,,,,False,False,unassigned_manual_review,,not_annotated_no_domain_boundaries,,False,False
9M31,A,VI-D,binary,962,963,V,,,,,,False,3429,3430,full_msa_only_unresolved_coordinate,medium,0.2802197802197802,0.1390728476821192,2.5243953087267244,0.7197802197802198,K,A;D;E;G;K;N;Q;R;S,differs_from_consensus,False,True,unresolved_terminal;scaffold_differs_from_msa_consensus,,,,,,,,False,False,unassigned_manual_review,,not_annotated_no_domain_boundaries,,False,False
9M31,A,VI-D,binary,963,964,S,,,,,,False,3430,3431,full_msa_only_unresolved_coordinate,medium,0.1923076923076923,0.1747572815533981,2.511418547642499,0.8076923076923077,K,A;D;E;K;L;Q;R;S;V,differs_from_consensus,False,True,unresolved_terminal;scaffold_differs_from_msa_consensus,,,,,,,,False,False,unassigned_manual_review,,not_annotated_no_domain_boundaries,,False,False
9M31,A,VI-D,binary,964,965,G,,,,,,False,3431,3432,full_msa_only_unresolved_coordinate,medium,0.1593406593406593,0.2470588235294117,2.409394389349198,0.8406593406593407,E,A;D;E;G;I;K;S,differs_from_consensus,False,True,unresolved_terminal;scaffold_differs_from_msa_consensus,,,,,,,,False,False,unassigned_manual_review,,not_annotated_no_domain_boundaries,,False,False
9M31,A,VI-D,binary,965,966,N,,,,,,False,3432,3433,full_msa_only_unresolved_coordinate,medium,0.1483516483516483,0.189873417721519,2.20406752884953,0.8516483516483516,D,D;E;G;N;P;S;V,differs_from_consensus,False,True,unresolved_terminal;scaffold_differs_from_msa_consensus,,,,,,,,False,False,unassigned_manual_review,,not_annotated_no_domain_boundaries,,False,False
9M31,A,VI-D,binary,966,967,S,,,,,,False,3433,3434,full_msa_only_unresolved_coordinate,medium,0.1318681318681318,0.1857142857142857,2.4022622882213645,0.8681318681318682,D,D;E;N;R;S;T,differs_from_consensus,False,True,unresolved_terminal;scaffold_differs_from_msa_consensus,,,,,,,,False,False,unassigned_manual_review,,not_annotated_no_domain_boundaries,,False,False
