pdb_id,chain_id,subtype,state,full_scaffold_index_0,biological_index_1,full_scaffold_amino_acid,coordinate_index_0,coordinate_amino_acid,pdb_residue_number,pdb_insertion_code,pdb_residue_name,backbone_complete,msa_column_0,msa_column_1,mapping_status,mapping_confidence,msa_coverage,conservation,entropy,gap_fraction,msa_consensus,allowed_residues,scaffold_consensus_status,conservation_constraint_eligible,manual_review_required,decision_reasons,relative_sasa,structural_burial,RNA_contact,RNA_second_shell,crrna_interface,target_rna_interface,minimum_rna_distance,coordinate_available,protein_core,domain,domain_interface,domain_interface_status,HEPN_annotation,mapping_gate_passed,chain_break_adjacent
9M38,A,VI-D,apo,0,1,M,,,,,,False,43,44,full_msa_only_unresolved_coordinate,medium,0.9065934065934066,0.9545920378399684,0.2411828238299522,0.0934065934065934,M,M,matches_consensus,False,True,unresolved_terminal,,,,,,,,False,False,unassigned_manual_review,,not_annotated_no_domain_boundaries,,False,False
9M38,A,VI-D,apo,1,2,K,,,,,,False,44,45,full_msa_only_unresolved_coordinate,medium,0.9065934065934066,0.257311785573512,2.090300057390328,0.0934065934065934,K,A;E;G;K;N;S;T,matches_consensus,False,True,unresolved_terminal,,,,,,,,False,False,unassigned_manual_review,,not_annotated_no_domain_boundaries,,False,False
9M38,A,VI-D,apo,2,3,K,,,,,,False,46,47,full_msa_only_unresolved_coordinate,medium,0.8571428571428571,0.6467303950596396,1.3013013479555542,0.1428571428571429,K,E;K;N,matches_consensus,False,True,unresolved_terminal,,,,,,,,False,False,unassigned_manual_review,,not_annotated_no_domain_boundaries,,False,False
9M38,A,VI-D,apo,3,4,Q,,,,,,False,48,49,full_msa_only_unresolved_coordinate,medium,0.8461538461538461,0.6326425316020294,1.3574115577290655,0.1538461538461538,K,K;N,differs_from_consensus,False,True,unresolved_terminal;scaffold_differs_from_msa_consensus,,,,,,,,False,False,unassigned_manual_review,,not_annotated_no_domain_boundaries,,False,False
9M38,A,VI-D,apo,4,5,K,,,,,,False,85,86,full_msa_only_unresolved_coordinate,medium,0.6868131868131868,0.2029146734898208,2.252092333101242,0.3131868131868132,K,E;I;K;L;M;Q;V,matches_consensus,False,True,unresolved_terminal,,,,,,,,False,False,unassigned_manual_review,,not_annotated_no_domain_boundaries,,False,False
9M38,A,VI-D,apo,5,6,S,,,,,,False,86,87,full_msa_only_unresolved_coordinate,medium,0.6923076923076923,0.3170060539350577,2.042154349993927,0.3076923076923077,N,K;N;S;T,differs_from_consensus,False,True,unresolved_terminal;scaffold_differs_from_msa_consensus,,,,,,,,False,False,unassigned_manual_review,,not_annotated_no_domain_boundaries,,False,False
9M38,A,VI-D,apo,6,7,K,,,,,,False,215,216,full_msa_only_unresolved_coordinate,medium,0.8681318681318682,0.5127778240239741,1.9045604964317489,0.1318681318681318,K,K;R,matches_consensus,False,True,unresolved_terminal,,,,,,,,False,False,unassigned_manual_review,,not_annotated_no_domain_boundaries,,False,False
9M38,A,VI-D,apo,7,8,K,,,,,,False,216,217,full_msa_only_unresolved_coordinate,medium,0.8901098901098901,0.95353714608373,0.2497454434196022,0.1098901098901099,K,K,matches_consensus,False,True,unresolved_terminal,,,,,,,,False,False,unassigned_manual_review,,not_annotated_no_domain_boundaries,,False,False
9M38,A,VI-D,apo,8,9,T,,,,,,False,248,249,full_msa_only_unresolved_coordinate,medium,0.945054945054945,0.7125102942277457,0.9071193515018484,0.0549450549450549,S,S;T,differs_from_consensus,False,True,unresolved_terminal;scaffold_differs_from_msa_consensus,,,,,,,,False,False,unassigned_manual_review,,not_annotated_no_domain_boundaries,,False,False
9M38,A,VI-D,apo,9,10,V,,,,,,False,249,250,full_msa_only_unresolved_coordinate,medium,0.9505494505494504,0.2069426893629673,2.509394981641873,0.0494505494505495,K,A;K;L;N;R;S;T,differs_from_consensus,False,True,unresolved_terminal;scaffold_differs_from_msa_consensus,,,,,,,,False,False,unassigned_manual_review,,not_annotated_no_domain_boundaries,,False,False
9M38,A,VI-D,apo,10,11,S,,,,,,False,250,251,full_msa_only_unresolved_coordinate,medium,0.956043956043956,0.6693482913868182,1.2504246457891033,0.0439560439560439,A,A;S;V,differs_from_consensus,False,True,unresolved_terminal;scaffold_differs_from_msa_consensus,,,,,,,,False,False,unassigned_manual_review,,not_annotated_no_domain_boundaries,,False,False
9M38,A,VI-D,apo,11,12,K,,,,,,False,251,252,full_msa_only_unresolved_coordinate,medium,0.956043956043956,0.9929146062440032,0.0421309468454774,0.0439560439560439,K,K,matches_consensus,False,True,unresolved_terminal,,,,,,,,False,False,unassigned_manual_review,,not_annotated_no_domain_boundaries,,False,False
9M38,A,VI-D,apo,12,13,T,,,,,,False,252,253,full_msa_only_unresolved_coordinate,medium,0.9615384615384616,0.6552583363869549,1.3528717150717957,0.0384615384615384,A,A;R,differs_from_consensus,False,True,unresolved_terminal;scaffold_differs_from_msa_consensus,,,,,,,,False,False,unassigned_manual_review,,not_annotated_no_domain_boundaries,,False,False
9M38,A,VI-D,apo,13,14,S,,,,,,False,253,254,full_msa_only_unresolved_coordinate,medium,0.967032967032967,0.4271159304271887,1.7182799322688695,0.0329670329670329,A,A;I;L;M;S;V,differs_from_consensus,False,True,unresolved_terminal;scaffold_differs_from_msa_consensus,,,,,,,,False,False,unassigned_manual_review,,not_annotated_no_domain_boundaries,,False,False
9M38,A,VI-D,apo,14,15,G,,,,,,False,254,255,full_msa_only_unresolved_coordinate,medium,0.967032967032967,0.9860272178152972,0.0832326775644997,0.0329670329670329,G,G,matches_consensus,False,True,unresolved_terminal,,,,,,,,False,False,unassigned_manual_review,,not_annotated_no_domain_boundaries,,False,False
9M38,A,VI-D,apo,15,16,L,,,,,,False,255,256,full_msa_only_unresolved_coordinate,medium,0.967032967032967,0.5763772651189869,1.08187629296816,0.0329670329670329,L,I;L;V,matches_consensus,False,True,unresolved_terminal,,,,,,,,False,False,unassigned_manual_review,,not_annotated_no_domain_boundaries,,False,False
9M38,A,VI-D,apo,16,17,K,,,,,,False,256,257,full_msa_only_unresolved_coordinate,medium,0.967032967032967,0.979040826722946,0.1247749378664701,0.0329670329670329,K,K,matches_consensus,False,True,unresolved_terminal,,,,,,,,False,False,unassigned_manual_review,,not_annotated_no_domain_boundaries,,False,False
9M38,A,VI-D,apo,17,18,E,,,,,,False,257,258,full_msa_only_unresolved_coordinate,medium,0.967032967032967,0.9091769157994324,0.4581478074836201,0.0329670329670329,S,S,differs_from_consensus,False,True,unresolved_terminal;scaffold_differs_from_msa_consensus,,,,,,,,False,False,unassigned_manual_review,,not_annotated_no_domain_boundaries,,False,False
9M38,A,VI-D,apo,18,19,A,,,,,,False,258,259,full_msa_only_unresolved_coordinate,medium,0.967032967032967,0.3947310967178516,1.6992246664650792,0.0329670329670329,T,A;I;T;V,differs_from_consensus,False,True,unresolved_terminal;scaffold_differs_from_msa_consensus,,,,,,,,False,False,unassigned_manual_review,,not_annotated_no_domain_boundaries,,False,False
9M38,A,VI-D,apo,19,20,L,,,,,,False,259,260,full_msa_only_unresolved_coordinate,medium,0.967032967032967,0.5062950294738373,1.2498110704586254,0.0329670329670329,F,F;I;L,differs_from_consensus,False,True,unresolved_terminal;scaffold_differs_from_msa_consensus,,,,,,,,False,False,unassigned_manual_review,,not_annotated_no_domain_boundaries,,False,False
9M38,A,VI-D,apo,20,21,S,,,,,,False,260,261,full_msa_only_unresolved_coordinate,medium,0.9725274725274724,0.3272385632723856,2.1121187202881275,0.0274725274725274,V,A;I;S;V,differs_from_consensus,False,True,unresolved_terminal;scaffold_differs_from_msa_consensus,,,,,,,,False,False,unassigned_manual_review,,not_annotated_no_domain_boundaries,,False,False
9M38,A,VI-D,apo,21,22,V,,,,,,False,261,262,full_msa_only_unresolved_coordinate,medium,0.9725274725274724,0.2009828720098287,2.366567536764244,0.0274725274725274,V,F;H;I;L;V;Y,matches_consensus,False,True,unresolved_terminal,,,,,,,,False,False,unassigned_manual_review,,not_annotated_no_domain_boundaries,,False,False
9M38,A,VI-D,apo,22,23,Q,,,,,,False,262,263,full_msa_only_unresolved_coordinate,medium,0.9725274725274724,0.3304184433041844,1.801106335966163,0.0274725274725274,G,D;G;N;S,differs_from_consensus,False,True,unresolved_terminal;scaffold_differs_from_msa_consensus,,,,,,,,False,False,unassigned_manual_review,,not_annotated_no_domain_boundaries,,False,False
9M38,A,VI-D,apo,23,24,G,,,,,,False,267,268,full_msa_only_unresolved_coordinate,medium,0.9395604395604396,0.4560742025488273,1.6173802814414795,0.0604395604395604,D,D;E;G;K;N,differs_from_consensus,False,True,unresolved_terminal;scaffold_differs_from_msa_consensus,,,,,,,,False,False,unassigned_manual_review,,not_annotated_no_domain_boundaries,,False,False
9M38,A,VI-D,apo,24,25,T,,,,,,False,274,275,full_msa_only_unresolved_coordinate,medium,0.956043956043956,0.3200236179791866,2.0036331809104624,0.0439560439560439,K,D;E;K;N;R;S;T,differs_from_consensus,False,True,unresolved_terminal;scaffold_differs_from_msa_consensus,,,,,,,,False,False,unassigned_manual_review,,not_annotated_no_domain_boundaries,,False,False
9M38,A,VI-D,apo,25,26,V,,,,,,False,280,281,full_msa_only_unresolved_coordinate,medium,0.9725274725274724,0.3989304039893039,1.648984130767411,0.0274725274725274,L,I;L;V,differs_from_consensus,False,True,unresolved_terminal;scaffold_differs_from_msa_consensus,,,,,,,,False,False,unassigned_manual_review,,not_annotated_no_domain_boundaries,,False,False
9M38,A,VI-D,apo,26,27,I,,,,,,False,281,282,full_msa_only_unresolved_coordinate,medium,0.9725274725274724,0.2671099226710992,1.7819001293843486,0.0274725274725274,L,A;I;L;V;Y,differs_from_consensus,False,True,unresolved_terminal;scaffold_differs_from_msa_consensus,,,,,,,,False,False,unassigned_manual_review,,not_annotated_no_domain_boundaries,,False,False
9M38,A,VI-D,apo,27,28,M,,,,,,False,282,283,full_msa_only_unresolved_coordinate,medium,0.967032967032967,0.4294447274579724,1.4811518958896204,0.0329670329670329,M,I;L;M;V,matches_consensus,False,True,unresolved_terminal,,,,,,,,False,False,unassigned_manual_review,,not_annotated_no_domain_boundaries,,False,False
9M38,A,VI-D,apo,28,29,T,,,,,,False,284,285,full_msa_only_unresolved_coordinate,medium,0.978021978021978,0.8621976602311059,0.6059760468456942,0.021978021978022,T,S;T,matches_consensus,False,True,unresolved_terminal,,,,,,,,False,False,unassigned_manual_review,,not_annotated_no_domain_boundaries,,False,False
9M38,A,VI-D,apo,29,30,S,,,,,,False,292,293,full_msa_only_unresolved_coordinate,medium,0.978021978021978,0.7381755544391013,0.9947325851226966,0.021978021978022,S,A;S;T,matches_consensus,False,True,unresolved_terminal,,,,,,,,False,False,unassigned_manual_review,,not_annotated_no_domain_boundaries,,False,False
9M38,A,VI-D,apo,30,31,F,,,,,,False,293,294,full_msa_only_unresolved_coordinate,medium,0.978021978021978,0.8966482451733295,0.5286431443832109,0.021978021978022,F,F,matches_consensus,False,True,unresolved_terminal,,,,,,,,False,False,unassigned_manual_review,,not_annotated_no_domain_boundaries,,False,False
9M38,A,VI-D,apo,31,32,G,,,,,,False,312,313,full_msa_only_unresolved_coordinate,medium,0.9505494505494504,0.7930573106370326,0.922177043381254,0.0494505494505495,G,G,matches_consensus,False,True,unresolved_terminal,,,,,,,,False,False,unassigned_manual_review,,not_annotated_no_domain_boundaries,,False,False
9M38,A,VI-D,apo,32,33,K,,,,,,False,313,314,full_msa_only_unresolved_coordinate,medium,0.956043956043956,0.4865303712451103,1.5400904170215637,0.0439560439560439,K,K;N;R,matches_consensus,False,True,unresolved_terminal,,,,,,,,False,False,unassigned_manual_review,,not_annotated_no_domain_boundaries,,False,False
9M38,A,VI-D,apo,33,34,G,,,,,,False,314,315,full_msa_only_unresolved_coordinate,medium,0.9615384615384616,0.7467204104067423,1.0872364902092786,0.0384615384615384,G,G;K,matches_consensus,False,True,unresolved_terminal,,,,,,,,False,False,unassigned_manual_review,,not_annotated_no_domain_boundaries,,False,False
9M38,A,VI-D,apo,34,35,N,,,,,,False,315,316,full_msa_only_unresolved_coordinate,medium,0.967032967032967,0.6646532275671349,1.440195898959805,0.0329670329670329,N,N;S,matches_consensus,False,True,unresolved_terminal,,,,,,,,False,False,unassigned_manual_review,,not_annotated_no_domain_boundaries,,False,False
9M38,A,VI-D,apo,35,36,M,,,,,,False,316,317,full_msa_only_unresolved_coordinate,medium,0.9725274725274724,0.2356724723567247,2.099879356735846,0.0274725274725274,D,A;D;E;K;N;S;T,differs_from_consensus,False,True,unresolved_terminal;scaffold_differs_from_msa_consensus,,,,,,,,False,False,unassigned_manual_review,,not_annotated_no_domain_boundaries,,False,False
9M38,A,VI-D,apo,36,37,A,,,,,,False,317,318,full_msa_only_unresolved_coordinate,medium,0.9725274725274724,0.7294211172942111,1.10516738090373,0.0274725274725274,A,A;S,matches_consensus,False,True,unresolved_terminal,,,,,,,,False,False,unassigned_manual_review,,not_annotated_no_domain_boundaries,,False,False
9M38,A,VI-D,apo,37,38,N,,,,,,False,318,319,full_msa_only_unresolved_coordinate,medium,0.9725274725274724,0.3270217532702175,2.237269038976929,0.0274725274725274,V,A;E;I;K;L;N;V,differs_from_consensus,False,True,unresolved_terminal;scaffold_differs_from_msa_consensus,,,,,,,,False,False,unassigned_manual_review,,not_annotated_no_domain_boundaries,,False,False
9M38,A,VI-D,apo,38,39,L,,,,,,False,319,320,full_msa_only_unresolved_coordinate,medium,0.978021978021978,0.3557740615804205,1.9760526724519545,0.021978021978022,L,I;L;N;P;V,matches_consensus,False,True,unresolved_terminal,,,,,,,,False,False,unassigned_manual_review,,not_annotated_no_domain_boundaries,,False,False
9M38,A,VI-D,apo,39,40,S,,,,,,False,320,321,full_msa_only_unresolved_coordinate,medium,0.978021978021978,0.655494150577765,1.3890713160628303,0.021978021978022,E,A;E;I;V,differs_from_consensus,False,True,unresolved_terminal;scaffold_differs_from_msa_consensus,,,,,,,,False,False,unassigned_manual_review,,not_annotated_no_domain_boundaries,,False,False
9M38,A,VI-D,apo,40,41,Y,,,,,,False,321,322,full_msa_only_unresolved_coordinate,medium,0.978021978021978,0.5133137156391301,1.8214920525862968,0.021978021978022,K,E;K;Q,differs_from_consensus,False,True,unresolved_terminal;scaffold_differs_from_msa_consensus,,,,,,,,False,False,unassigned_manual_review,,not_annotated_no_domain_boundaries,,False,False
9M38,A,VI-D,apo,41,42,K,,,,,,False,322,323,full_msa_only_unresolved_coordinate,medium,0.967032967032967,0.3421148388035804,2.1951504323846187,0.0329670329670329,K,E;I;K;R,matches_consensus,False,True,unresolved_terminal,,,,,,,,False,False,unassigned_manual_review,,not_annotated_no_domain_boundaries,,False,False
9M38,A,VI-D,apo,42,43,I,,,,,,False,323,324,full_msa_only_unresolved_coordinate,medium,0.967032967032967,0.5551997671202968,1.5401403075624502,0.0329670329670329,I,I;V,matches_consensus,False,True,unresolved_terminal,,,,,,,,False,False,unassigned_manual_review,,not_annotated_no_domain_boundaries,,False,False
9M38,A,VI-D,apo,43,44,P,,,,,,False,325,326,full_msa_only_unresolved_coordinate,medium,0.0274725274725274,0.4,1.3321790402101223,0.9725274725274724,P,G;N;P;T,matches_consensus,False,True,unresolved_terminal,,,,,,,,False,False,unassigned_manual_review,,not_annotated_no_domain_boundaries,,False,False
9M38,A,VI-D,apo,44,45,S,,,,,,False,326,327,full_msa_only_unresolved_coordinate,medium,0.956043956043956,0.1553283812605721,2.5513462977121204,0.0439560439560439,T,A;D;E;I;K;S;T;V,differs_from_consensus,False,True,unresolved_terminal;scaffold_differs_from_msa_consensus,,,,,,,,False,False,unassigned_manual_review,,not_annotated_no_domain_boundaries,,False,False
9M38,A,VI-D,apo,45,46,S,,,,,,False,327,328,full_msa_only_unresolved_coordinate,medium,0.934065934065934,0.2322712480133202,2.352801991003843,0.0659340659340659,D,A;D;G;K;N;S;T,differs_from_consensus,False,True,unresolved_terminal;scaffold_differs_from_msa_consensus,,,,,,,,False,False,unassigned_manual_review,,not_annotated_no_domain_boundaries,,False,False
9M38,A,VI-D,apo,46,47,Q,,,,,,False,328,329,full_msa_only_unresolved_coordinate,medium,0.934065934065934,0.1598425792779838,2.5857038994526658,0.0659340659340659,D,A;D;E;G;L;N;R;S,differs_from_consensus,False,True,unresolved_terminal;scaffold_differs_from_msa_consensus,,,,,,,,False,False,unassigned_manual_review,,not_annotated_no_domain_boundaries,,False,False
9M38,A,VI-D,apo,47,48,K,,,,,,False,329,330,full_msa_only_unresolved_coordinate,medium,0.9285714285714286,0.1756499199512083,2.452276521386664,0.0714285714285714,E,D;E;G;K;N;S,differs_from_consensus,False,True,unresolved_terminal;scaffold_differs_from_msa_consensus,,,,,,,,False,False,unassigned_manual_review,,not_annotated_no_domain_boundaries,,False,False
9M38,A,VI-D,apo,48,49,P,,,,,,False,338,339,full_msa_only_unresolved_coordinate,medium,0.8791208791208791,0.3775501843506759,1.7146131749936964,0.1208791208791209,I,I;L;V,differs_from_consensus,False,True,unresolved_terminal;scaffold_differs_from_msa_consensus,,,,,,,,False,False,unassigned_manual_review,,not_annotated_no_domain_boundaries,,False,False
9M38,A,VI-D,apo,49,50,Q,,,,,,False,339,340,full_msa_only_unresolved_coordinate,medium,0.8791208791208791,0.2593199508398197,2.3614232965510986,0.1208791208791209,E,D;E;K;S;T,differs_from_consensus,False,True,unresolved_terminal;scaffold_differs_from_msa_consensus,,,,,,,,False,False,unassigned_manual_review,,not_annotated_no_domain_boundaries,,False,False
9M38,A,VI-D,apo,50,51,N,,,,,,False,340,341,full_msa_only_unresolved_coordinate,medium,0.8736263736263736,0.1902716987364769,2.263293370502574,0.1263736263736263,D,D;E;K;N;P;S;T,differs_from_consensus,False,True,unresolved_terminal;scaffold_differs_from_msa_consensus,,,,,,,,False,False,unassigned_manual_review,,not_annotated_no_domain_boundaries,,False,False
9M38,A,VI-D,apo,51,52,L,,,,,,False,341,342,full_msa_only_unresolved_coordinate,medium,0.8241758241758241,0.2945309026233881,2.073156075079693,0.1758241758241758,I,I;K;L;M;V,differs_from_consensus,False,True,unresolved_terminal;scaffold_differs_from_msa_consensus,,,,,,,,False,False,unassigned_manual_review,,not_annotated_no_domain_boundaries,,False,False
9M38,A,VI-D,apo,52,53,N,,,,,,False,354,355,full_msa_only_unresolved_coordinate,medium,0.6868131868131868,0.2749576031656303,2.267626693227431,0.3131868131868132,N,D;K;N;Q;S;T,matches_consensus,False,True,unresolved_terminal,,,,,,,,False,False,unassigned_manual_review,,not_annotated_no_domain_boundaries,,False,False
9M38,A,VI-D,apo,53,54,S,,,,,,False,355,356,full_msa_only_unresolved_coordinate,medium,0.8296703296703297,0.7319460365047173,1.1028045382233551,0.1703296703296702,P,E;P;S,differs_from_consensus,False,True,unresolved_terminal;scaffold_differs_from_msa_consensus,,,,,,,,False,False,unassigned_manual_review,,not_annotated_no_domain_boundaries,,False,False
9M38,A,VI-D,apo,54,55,S,,,,,,False,356,357,full_msa_only_unresolved_coordinate,medium,0.3516483516483517,0.184,2.625716339612458,0.6483516483516483,E,A;E;H;K;P;R;Y,differs_from_consensus,False,True,unresolved_terminal;scaffold_differs_from_msa_consensus,,,,,,,,False,False,unassigned_manual_review,,not_annotated_no_domain_boundaries,,False,False
9M38,A,VI-D,apo,55,56,A,,,,,,False,366,367,full_msa_only_unresolved_coordinate,medium,0.0879120879120879,0.25,2.1660849392498287,0.912087912087912,A,A;D;G;I;K;N;Q;S;T;V,matches_consensus,False,True,unresolved_terminal,,,,,,,,False,False,unassigned_manual_review,,not_annotated_no_domain_boundaries,,False,False
9M38,A,VI-D,apo,56,57,G,,,,,,False,367,368,full_msa_only_unresolved_coordinate,medium,0.967032967032967,0.216359799141256,2.4837791654927117,0.0329670329670329,A,A;K;M;N;Q;S;T,differs_from_consensus,False,True,unresolved_terminal;scaffold_differs_from_msa_consensus,,,,,,,,False,False,unassigned_manual_review,,not_annotated_no_domain_boundaries,,False,False
9M38,A,VI-D,apo,57,58,L,,,,,,False,368,369,full_msa_only_unresolved_coordinate,medium,0.967032967032967,0.6322683938577978,1.1105960048903276,0.0329670329670329,F,F;I;L;Y,differs_from_consensus,False,True,unresolved_terminal;scaffold_differs_from_msa_consensus,,,,,,,,False,False,unassigned_manual_review,,not_annotated_no_domain_boundaries,,False,False
9M38,A,VI-D,apo,58,59,K,,,,,,False,376,377,full_msa_only_unresolved_coordinate,medium,0.0549450549450549,0.2,2.025326220770068,0.945054945054945,K,D;E;K;N;P;R;S;V,matches_consensus,False,True,unresolved_terminal,,,,,,,,False,False,unassigned_manual_review,,not_annotated_no_domain_boundaries,,False,False
9M38,A,VI-D,apo,59,60,N,,,,,,False,378,379,full_msa_only_unresolved_coordinate,medium,0.956043956043956,0.1948483282899106,2.2062077956123254,0.0439560439560439,S,D;E;K;N;R;S;T,differs_from_consensus,False,True,unresolved_terminal;scaffold_differs_from_msa_consensus,,,,,,,,False,False,unassigned_manual_review,,not_annotated_no_domain_boundaries,,False,False
9M38,A,VI-D,apo,60,61,V,,,,,,False,379,380,full_msa_only_unresolved_coordinate,medium,0.9505494505494504,0.3746376272950271,1.7433444770914472,0.0494505494505495,V,A;I;L;V,matches_consensus,False,True,unresolved_terminal,,,,,,,,False,False,unassigned_manual_review,,not_annotated_no_domain_boundaries,,False,False
9M38,A,VI-D,apo,61,62,E,,,,,,False,380,381,full_msa_only_unresolved_coordinate,medium,0.8736263736263736,0.1625237426707407,2.475165409379496,0.1263736263736263,T,A;D;E;K;N;S;T;V,differs_from_consensus,False,True,unresolved_terminal;scaffold_differs_from_msa_consensus,,,,,,,,False,False,unassigned_manual_review,,not_annotated_no_domain_boundaries,,False,False
9M38,A,VI-D,apo,62,63,V,,,,,,False,381,382,full_msa_only_unresolved_coordinate,medium,0.8626373626373627,0.1127800620961651,2.6742483123405223,0.1373626373626373,K,A;D;E;I;K;L;N;P;S,differs_from_consensus,False,True,unresolved_terminal;scaffold_differs_from_msa_consensus,,,,,,,,False,False,unassigned_manual_review,,not_annotated_no_domain_boundaries,,False,False
9M38,A,VI-D,apo,63,64,S,,,,,,False,382,383,full_msa_only_unresolved_coordinate,medium,0.3461538461538461,0.1951219512195122,2.4119813689627168,0.6538461538461539,K,A;D;E;G;K;N;Q;S,differs_from_consensus,False,True,unresolved_terminal;scaffold_differs_from_msa_consensus,,,,,,,,False,False,unassigned_manual_review,,not_annotated_no_domain_boundaries,,False,False
9M38,A,VI-D,apo,64,65,G,,,,,,False,434,435,full_msa_only_unresolved_coordinate,medium,0.2197802197802197,0.25,2.1927438540629898,0.7802197802197802,D,D;E;G;K;P;S,differs_from_consensus,False,True,unresolved_terminal;scaffold_differs_from_msa_consensus,,,,,,,,False,False,unassigned_manual_review,,not_annotated_no_domain_boundaries,,False,False
9M38,A,VI-D,apo,65,66,K,,,,,,False,439,440,full_msa_only_unresolved_coordinate,medium,0.945054945054945,0.3126450550273265,2.3974674163023746,0.0549450549450549,K,D;E;K;N;S;T,matches_consensus,False,True,unresolved_terminal,,,,,,,,False,False,unassigned_manual_review,,not_annotated_no_domain_boundaries,,False,False
9M38,A,VI-D,apo,66,67,K,,,,,,False,442,443,full_msa_only_unresolved_coordinate,medium,0.8901098901098901,0.2826490279906428,2.294952448916504,0.1098901098901099,K,D;E;G;K;N;Q;R;S;T,matches_consensus,False,True,unresolved_terminal,,,,,,,,False,False,unassigned_manual_review,,not_annotated_no_domain_boundaries,,False,False
9M38,A,VI-D,apo,67,68,I,,,,,,False,447,448,full_msa_only_unresolved_coordinate,medium,0.967032967032967,0.3330179754020813,1.6210769632639537,0.0329670329670329,I,F;I;L;V;Y,matches_consensus,False,True,unresolved_terminal,,,,,,,,False,False,unassigned_manual_review,,not_annotated_no_domain_boundaries,,False,False
9M38,A,VI-D,apo,68,69,K,,,,,,False,448,449,full_msa_only_unresolved_coordinate,medium,0.956043956043956,0.1485718503210568,2.639177815806229,0.0439560439560439,S,D;E;K;N;R;S;T,differs_from_consensus,False,True,unresolved_terminal;scaffold_differs_from_msa_consensus,,,,,,,,False,False,unassigned_manual_review,,not_annotated_no_domain_boundaries,,False,False
9M38,A,VI-D,apo,69,70,F,,,,,,False,450,451,full_msa_only_unresolved_coordinate,medium,0.9505494505494504,0.3139820114472608,1.5433007962640164,0.0494505494505495,I,F;I;L;V,differs_from_consensus,False,True,unresolved_terminal;scaffold_differs_from_msa_consensus,,,,,,,,False,False,unassigned_manual_review,,not_annotated_no_domain_boundaries,,False,False
9M38,A,VI-D,apo,70,71,Q,,,,,,False,455,456,full_msa_only_unresolved_coordinate,medium,0.912087912087912,0.2311097305272967,2.379220273785973,0.0879120879120879,K,E;K;Q;R;S;T,differs_from_consensus,False,True,unresolved_terminal;scaffold_differs_from_msa_consensus,,,,,,,,False,False,unassigned_manual_review,,not_annotated_no_domain_boundaries,,False,False
9M38,A,VI-D,apo,71,72,G,,,,,,False,456,457,full_msa_only_unresolved_coordinate,medium,0.8956043956043956,0.430614028119787,1.5459415884889187,0.1043956043956043,G,G;K;N;S,matches_consensus,False,True,unresolved_terminal,,,,,,,,False,False,unassigned_manual_review,,not_annotated_no_domain_boundaries,,False,False
9M38,A,VI-D,apo,72,73,R,,,,,,False,471,472,full_msa_only_unresolved_coordinate,medium,0.6318681318681318,0.6369595361149628,1.2623893288411203,0.3681318681318681,R,K;N;R,matches_consensus,False,True,unresolved_terminal,,,,,,,,False,False,unassigned_manual_review,,not_annotated_no_domain_boundaries,,False,False
9M38,A,VI-D,apo,73,74,H,,,,,,False,472,473,full_msa_only_unresolved_coordinate,medium,0.5989010989010989,0.1826831588962892,2.6497855246336,0.4010989010989011,I,A;D;G;I;N;P;S;T;V,differs_from_consensus,False,True,unresolved_terminal;scaffold_differs_from_msa_consensus,,,,,,,,False,False,unassigned_manual_review,,not_annotated_no_domain_boundaries,,False,False
9M38,A,VI-D,apo,74,75,P,,,,,,False,473,474,full_msa_only_unresolved_coordinate,medium,0.6263736263736264,0.1224958530049763,2.621959926688242,0.3736263736263736,K,A;E;F;I;K;N;R;S,differs_from_consensus,False,True,unresolved_terminal;scaffold_differs_from_msa_consensus,,,,,,,,False,False,unassigned_manual_review,,not_annotated_no_domain_boundaries,,False,False
9M38,A,VI-D,apo,75,76,K,,,,,,False,474,475,full_msa_only_unresolved_coordinate,medium,0.6098901098901099,0.1907537422175122,2.4125412516406386,0.39010989010989,N,A;D;E;G;K;N;S;V,differs_from_consensus,False,True,unresolved_terminal;scaffold_differs_from_msa_consensus,,,,,,,,False,False,unassigned_manual_review,,not_annotated_no_domain_boundaries,,False,False
9M38,A,VI-D,apo,76,77,I,,,,,,False,486,487,full_msa_only_unresolved_coordinate,medium,0.4505494505494505,0.2137219186399514,2.4081697528469217,0.5494505494505495,I,I;K;L;M;N;R;T,matches_consensus,False,True,unresolved_terminal,,,,,,,,False,False,unassigned_manual_review,,not_annotated_no_domain_boundaries,,False,False
9M38,A,VI-D,apo,77,78,A,,,,,,False,487,488,full_msa_only_unresolved_coordinate,medium,0.7307692307692307,0.1675392670157068,2.4884698344207945,0.2692307692307693,E,D;E;K;N;S;T,differs_from_consensus,False,True,unresolved_terminal;scaffold_differs_from_msa_consensus,,,,,,,,False,False,unassigned_manual_review,,not_annotated_no_domain_boundaries,,False,False
9M38,A,VI-D,apo,78,79,T,,,,,,False,489,490,full_msa_only_unresolved_coordinate,medium,0.9395604395604396,0.2388960108589095,2.380030213672298,0.0604395604395604,T,E;I;L;N;S;T;V,matches_consensus,False,True,unresolved_terminal,,,,,,,,False,False,unassigned_manual_review,,not_annotated_no_domain_boundaries,,False,False
9M38,A,VI-D,apo,79,80,T,,,,,,False,490,491,full_msa_only_unresolved_coordinate,medium,0.9395604395604396,0.2316567378025789,2.22493623529721,0.0604395604395604,A,A;I;L;P;S;T;V,differs_from_consensus,False,True,unresolved_terminal;scaffold_differs_from_msa_consensus,,,,,,,,False,False,unassigned_manual_review,,not_annotated_no_domain_boundaries,,False,False
9M38,A,VI-D,apo,80,81,D,,,,,,False,491,492,full_msa_only_unresolved_coordinate,medium,0.945054945054945,0.4274163360035936,2.0799929411783484,0.0549450549450549,D,A;D;E;N;S,matches_consensus,False,True,unresolved_terminal,,,,,,,,False,False,unassigned_manual_review,,not_annotated_no_domain_boundaries,,False,False
9M38,A,VI-D,apo,81,82,N,,,,,,False,492,493,full_msa_only_unresolved_coordinate,medium,0.956043956043956,0.7520112185401135,0.9764390571959576,0.0439560439560439,N,D;K;N,matches_consensus,False,True,unresolved_terminal,,,,,,,,False,False,unassigned_manual_review,,not_annotated_no_domain_boundaries,,False,False
9M38,A,VI-D,apo,82,83,P,,,,,,False,493,494,full_msa_only_unresolved_coordinate,medium,0.9615384615384616,0.9085379259802124,0.4819831182000113,0.0384615384615384,P,P,matches_consensus,False,True,unresolved_terminal,,,,,,,,False,False,unassigned_manual_review,,not_annotated_no_domain_boundaries,,False,False
9M38,A,VI-D,apo,83,84,L,,,,,,False,494,495,full_msa_only_unresolved_coordinate,medium,0.8681318681318682,0.363356363939066,2.2344235712832656,0.1318681318681318,L,A;I;L;S;T;V,matches_consensus,False,True,unresolved_terminal,,,,,,,,False,False,unassigned_manual_review,,not_annotated_no_domain_boundaries,,False,False
9M38,A,VI-D,apo,84,85,F,,,,,,False,496,497,full_msa_only_unresolved_coordinate,medium,0.532967032967033,0.5281701317251231,1.3384381343531648,0.467032967032967,H,H;Y,differs_from_consensus,False,True,unresolved_terminal;scaffold_differs_from_msa_consensus,,,,,,,,False,False,unassigned_manual_review,,not_annotated_no_domain_boundaries,,False,False
9M38,A,VI-D,apo,85,86,K,,,,,,False,533,534,full_msa_only_unresolved_coordinate,medium,0.8076923076923077,0.2409418636488089,2.4729087309970152,0.1923076923076923,K,D;E;G;K;N;Q;R;S,matches_consensus,False,True,unresolved_terminal,,,,,,,,False,False,unassigned_manual_review,,not_annotated_no_domain_boundaries,,False,False
9M38,A,VI-D,apo,86,87,P,,,,,,False,534,535,full_msa_only_unresolved_coordinate,medium,0.8131868131868132,0.1780512078168823,2.5265393926374644,0.1868131868131868,K,A;E;K;N;P;Q;R;S;T,differs_from_consensus,False,True,unresolved_terminal;scaffold_differs_from_msa_consensus,,,,,,,,False,False,unassigned_manual_review,,not_annotated_no_domain_boundaries,,False,False
9M38,A,VI-D,apo,87,88,Q,,,,,,False,535,536,full_msa_only_unresolved_coordinate,medium,0.445054945054945,0.115138592750533,2.66069748312687,0.554945054945055,R,A;D;E;I;K;N;P;Q;R;S;T;V,differs_from_consensus,False,True,unresolved_terminal;scaffold_differs_from_msa_consensus,,,,,,,,False,False,unassigned_manual_review,,not_annotated_no_domain_boundaries,,False,False
9M38,A,VI-D,apo,88,89,P,,,,,,False,536,537,full_msa_only_unresolved_coordinate,medium,0.8901098901098901,0.2759538598047914,2.354539732809702,0.1098901098901099,V,A;I;L;P;S;T;V,differs_from_consensus,False,True,unresolved_terminal;scaffold_differs_from_msa_consensus,,,,,,,,False,False,unassigned_manual_review,,not_annotated_no_domain_boundaries,,False,False
9M38,A,VI-D,apo,89,90,G,,,,,,False,537,538,full_msa_only_unresolved_coordinate,medium,0.8791208791208791,0.6017206063088898,1.5229936692232289,0.1208791208791209,G,G;N;P;R,matches_consensus,False,True,unresolved_terminal,,,,,,,,False,False,unassigned_manual_review,,not_annotated_no_domain_boundaries,,False,False
9M38,A,VI-D,apo,90,91,M,,,,,,False,538,539,full_msa_only_unresolved_coordinate,medium,0.8846153846153846,0.1482806275912527,2.433867761775832,0.1153846153846154,Q,A;D;E;K;M;Q;R;S;T,differs_from_consensus,False,True,unresolved_terminal;scaffold_differs_from_msa_consensus,,,,,,,,False,False,unassigned_manual_review,,not_annotated_no_domain_boundaries,,False,False
9M38,A,VI-D,apo,91,92,D,0.0,D,92.0,,ASP,True,554,555,four_layer_exact,high,0.9725274725274724,0.9028691190286912,0.4903819545334799,0.0274725274725274,D,D,matches_consensus,True,False,,0.410528157171357,surface,False,False,False,False,,True,False,unassigned_manual_review,,not_annotated_no_domain_boundaries,,True,False
9M38,A,VI-D,apo,92,93,L,1.0,L,93.0,,LEU,True,555,556,four_layer_exact,high,0.9725274725274724,0.2636409626364095,2.1080298549867944,0.0274725274725274,Y,I;K;L;M;Q;Y,differs_from_consensus,True,True,scaffold_differs_from_msa_consensus,0.8943556612999594,surface,False,False,False,False,,True,False,unassigned_manual_review,,not_annotated_no_domain_boundaries,,True,False
9M38,A,VI-D,apo,93,94,L,2.0,L,94.0,,LEU,True,556,557,four_layer_exact,high,0.9725274725274724,0.5247524752475247,1.1047228506401456,0.0274725274725274,L,I;L,matches_consensus,True,False,,0.3219688583206344,surface,False,False,False,False,,True,False,unassigned_manual_review,,not_annotated_no_domain_boundaries,,True,False
9M38,A,VI-D,apo,94,95,C,3.0,C,95.0,,CYS,True,557,558,four_layer_exact,high,0.9725274725274724,0.4833417648334176,1.8605782609423995,0.0274725274725274,G,C;G;H;K;R,differs_from_consensus,True,True,scaffold_differs_from_msa_consensus,0.5949705435120352,surface,False,False,False,False,,True,False,unassigned_manual_review,,not_annotated_no_domain_boundaries,,True,False
9M38,A,VI-D,apo,95,96,L,4.0,L,96.0,,LEU,True,558,559,four_layer_exact,high,0.9725274725274724,0.3790561537905615,1.857486521669793,0.0274725274725274,L,A;C;I;L;R,matches_consensus,True,False,,0.0360486034638781,buried_core,False,False,False,False,,True,True,unassigned_manual_review,,not_annotated_no_domain_boundaries,,True,False
9M38,A,VI-D,apo,96,97,K,5.0,K,97.0,,LYS,True,559,560,four_layer_exact,high,0.9725274725274724,0.8161451181614511,0.5991945906047905,0.0274725274725274,K,K;R,matches_consensus,True,False,,0.14819664633313173,buried_core,False,False,False,False,,True,True,unassigned_manual_review,,not_annotated_no_domain_boundaries,,True,False
9M38,A,VI-D,apo,97,98,D,6.0,D,98.0,,ASP,True,560,561,four_layer_exact,high,0.978021978021978,0.2618244455608985,2.1311095792334758,0.021978021978022,D,A;D;E;G;N;P;S,matches_consensus,True,False,,0.46308495127796406,surface,False,False,False,False,,True,False,unassigned_manual_review,,not_annotated_no_domain_boundaries,,True,False
9M38,A,VI-D,apo,98,99,K,7.0,K,99.0,,LYS,True,561,562,four_layer_exact,high,0.978021978021978,0.2204837436302303,2.3047630718212755,0.021978021978022,K,A;E;K;T;V,matches_consensus,True,False,,0.39633294594693147,surface,False,False,False,False,,True,False,unassigned_manual_review,,not_annotated_no_domain_boundaries,,True,False
9M38,A,VI-D,apo,99,100,L,8.0,L,100.0,,LEU,True,562,563,four_layer_exact,high,0.978021978021978,0.7864063733582143,0.847668083666137,0.021978021978022,L,I;L,matches_consensus,True,False,,0.05407290519581715,buried_core,False,False,False,False,,True,True,unassigned_manual_review,,not_annotated_no_domain_boundaries,,True,False
9M38,A,VI-D,apo,100,101,E,9.0,E,101.0,,GLU,True,563,564,four_layer_exact,high,0.978021978021978,0.9379889471039976,0.3591659995215883,0.021978021978022,E,E,matches_consensus,True,False,,0.0054153731660982795,buried_core,False,False,False,False,,True,True,unassigned_manual_review,,not_annotated_no_domain_boundaries,,True,False
9M38,A,VI-D,apo,101,102,M,10.0,M,102.0,,MET,True,564,565,four_layer_exact,high,0.978021978021978,0.3764444125457546,1.8978953842065425,0.021978021978022,K,E;K;N;Q;R,differs_from_consensus,True,True,scaffold_differs_from_msa_consensus,0.44886896314910757,surface,False,False,False,False,,True,False,unassigned_manual_review,,not_annotated_no_domain_boundaries,,True,False
9M38,A,VI-D,apo,102,103,H,11.0,H,103.0,,HIS,True,565,566,four_layer_exact,high,0.9725274725274724,0.2960179229601792,2.2327720619293143,0.0274725274725274,R,E;K;L;Q;R,differs_from_consensus,True,True,scaffold_differs_from_msa_consensus,0.2336489411271391,surface,False,False,False,False,,True,False,unassigned_manual_review,,not_annotated_no_domain_boundaries,,True,False
9M38,A,VI-D,apo,103,104,Y,12.0,Y,104.0,,TYR,True,566,567,four_layer_exact,high,0.9725274725274724,0.3964009539640095,1.3154595161030895,0.0274725274725274,F,F;I;V;Y,differs_from_consensus,True,True,scaffold_differs_from_msa_consensus,0.025479439271219446,buried_core,False,False,False,False,,True,True,unassigned_manual_review,,not_annotated_no_domain_boundaries,,True,False
9M38,A,VI-D,apo,104,105,F,13.0,F,105.0,,PHE,True,567,568,four_layer_exact,high,0.9725274725274724,0.9028691190286912,0.3824482483275325,0.0274725274725274,F,F;Y,matches_consensus,True,False,,0.10438360470572565,buried_core,False,False,False,False,,True,True,unassigned_manual_review,,not_annotated_no_domain_boundaries,,True,False
9M38,A,VI-D,apo,105,106,G,14.0,G,106.0,,GLY,True,572,573,four_layer_exact,high,0.967032967032967,0.8509569900298377,0.6669910387731421,0.0329670329670329,G,D;G,matches_consensus,True,False,,0.39559466348144046,surface,False,False,False,False,,True,False,unassigned_manual_review,,not_annotated_no_domain_boundaries,,True,False
9M38,A,VI-D,apo,106,107,K,15.0,K,107.0,,LYS,True,577,578,four_layer_exact,high,0.956043956043956,0.4437965901542549,1.8169639891654,0.0439560439560439,K,E;K;Q;R,matches_consensus,True,False,,0.4555921692035985,surface,False,False,False,False,,True,False,unassigned_manual_review,,not_annotated_no_domain_boundaries,,True,False
9M38,A,VI-D,apo,107,108,T,16.0,T,108.0,,THR,True,578,579,four_layer_exact,high,0.956043956043956,0.4310281201564691,1.8581568467619405,0.0439560439560439,T,E;K;N;S;T,matches_consensus,True,False,,0.47545951817812543,surface,False,False,False,False,,True,False,unassigned_manual_review,,not_annotated_no_domain_boundaries,,True,False
9M38,A,VI-D,apo,108,109,F,17.0,F,109.0,,PHE,True,579,580,four_layer_exact,high,0.956043956043956,0.7874381873200974,0.7486458359144552,0.0439560439560439,F,F;Y,matches_consensus,True,False,,0.08773525803680213,buried_core,False,False,False,False,,True,True,unassigned_manual_review,,not_annotated_no_domain_boundaries,,True,False
9M38,A,VI-D,apo,109,110,D,18.0,D,110.0,,ASP,True,589,590,four_layer_exact,high,0.9505494505494504,0.2982234445848509,1.8617780241960429,0.0494505494505495,D,D;E;K;N;Q;S,matches_consensus,True,False,,0.7971690762408457,surface,False,False,False,False,,True,False,unassigned_manual_review,,not_annotated_no_domain_boundaries,,True,False
9M38,A,VI-D,apo,110,111,D,19.0,D,111.0,,ASP,True,592,593,four_layer_exact,high,0.9725274725274724,0.9028691190286912,0.4422919571830753,0.0274725274725274,D,D,matches_consensus,True,False,,0.23001042019568738,surface,False,False,False,False,,True,False,unassigned_manual_review,,not_annotated_no_domain_boundaries,,True,False
9M38,A,VI-D,apo,111,112,N,20.0,N,112.0,,ASN,True,593,594,four_layer_exact,high,0.9725274725274724,0.8818385488183854,0.4780332910855459,0.0274725274725274,N,N;S,matches_consensus,True,False,,0.4989589583122946,surface,False,False,False,False,,True,False,unassigned_manual_review,,not_annotated_no_domain_boundaries,,True,False
9M38,A,VI-D,apo,112,113,I,21.0,I,113.0,,ILE,True,594,595,four_layer_exact,high,0.9725274725274724,0.6461660764616607,1.0064735926327066,0.0274725274725274,I,I;L;V,matches_consensus,True,False,,0.16551249661460782,buried_core,False,False,False,False,,True,True,unassigned_manual_review,,not_annotated_no_domain_boundaries,,True,False
9M38,A,VI-D,apo,113,114,H,22.0,H,114.0,,HIS,True,595,596,four_layer_exact,high,0.9725274725274724,0.7641107176411072,0.7909641595037971,0.0274725274725274,H,H;R,matches_consensus,True,False,,0.021055683262653373,buried_core,False,False,False,False,,True,True,unassigned_manual_review,,not_annotated_no_domain_boundaries,,True,False
9M38,A,VI-D,apo,114,115,I,23.0,I,115.0,,ILE,True,596,597,four_layer_exact,high,0.9725274725274724,0.7294211172942111,0.7432855236723085,0.0274725274725274,I,I;V,matches_consensus,True,False,,0.07911231977255637,buried_core,False,False,False,False,,True,True,unassigned_manual_review,,not_annotated_no_domain_boundaries,,True,False
9M38,A,VI-D,apo,115,116,Q,24.0,Q,116.0,,GLN,True,597,598,four_layer_exact,high,0.9725274725274724,0.9791862397918624,0.1011894487526793,0.0274725274725274,Q,Q,matches_consensus,True,False,,0.3057695653830807,surface,False,False,False,False,,True,False,unassigned_manual_review,,not_annotated_no_domain_boundaries,,True,False
9M38,A,VI-D,apo,116,117,L,25.0,L,117.0,,LEU,True,598,599,four_layer_exact,high,0.9725274725274724,0.5064681650646816,1.0732635696041648,0.0274725274725274,I,I;L,differs_from_consensus,True,True,scaffold_differs_from_msa_consensus,0.0060081005773130166,buried_core,False,False,False,False,,True,True,unassigned_manual_review,,not_annotated_no_domain_boundaries,,True,False
9M38,A,VI-D,apo,117,118,I,26.0,I,118.0,,ILE,True,599,600,four_layer_exact,high,0.9725274725274724,0.549035195490352,0.9937481707190128,0.0274725274725274,I,A;I,matches_consensus,True,False,,0.0,buried_core,False,False,False,False,,True,True,unassigned_manual_review,,not_annotated_no_domain_boundaries,,True,False
9M38,A,VI-D,apo,118,119,Y,27.0,Y,119.0,,TYR,True,600,601,four_layer_exact,high,0.9725274725274724,0.7918623979186239,0.7195081984231031,0.0274725274725274,Y,H;Y,matches_consensus,True,False,,0.4293486388006799,surface,False,False,False,False,,True,False,unassigned_manual_review,,not_annotated_no_domain_boundaries,,True,False
9M38,A,VI-D,apo,119,120,Q,28.0,Q,120.0,,GLN,True,601,602,four_layer_exact,high,0.9725274725274724,0.7710486377104863,0.9327503258970568,0.0274725274725274,N,N;Q,differs_from_consensus,True,True,scaffold_differs_from_msa_consensus,0.12637021542479906,buried_core,False,False,False,False,,True,True,unassigned_manual_review,,not_annotated_no_domain_boundaries,,True,False
9M38,A,VI-D,apo,120,121,I,29.0,I,121.0,,ILE,True,602,603,four_layer_exact,high,0.9725274725274724,0.8473657584736575,0.5720383016931849,0.0274725274725274,I,I;V,matches_consensus,True,False,,0.006130092467207697,buried_core,False,False,False,False,,True,True,unassigned_manual_review,,not_annotated_no_domain_boundaries,,True,False
9M38,A,VI-D,apo,121,122,L,30.0,L,122.0,,LEU,True,603,604,four_layer_exact,high,0.9725274725274724,0.7224831972248319,1.1142788584799177,0.0274725274725274,L,F;L;M,matches_consensus,True,False,,0.05407290519581715,buried_core,False,False,False,False,,True,True,unassigned_manual_review,,not_annotated_no_domain_boundaries,,True,False
9M38,A,VI-D,apo,122,123,D,31.0,D,123.0,,ASP,True,604,605,four_layer_exact,high,0.9725274725274724,0.9859073498590736,0.0838238025531242,0.0274725274725274,D,D,matches_consensus,True,False,,0.25537365340354995,surface,False,False,False,False,,True,False,unassigned_manual_review,,not_annotated_no_domain_boundaries,,True,False
9M38,A,VI-D,apo,123,124,I,32.0,I,124.0,,ILE,True,605,606,four_layer_exact,high,0.9725274725274724,0.8612415986124159,0.59589947731441,0.0274725274725274,I,I;V,matches_consensus,True,False,,0.05517083220486927,buried_core,False,False,False,False,,True,True,unassigned_manual_review,,not_annotated_no_domain_boundaries,,True,False
9M38,A,VI-D,apo,124,125,E,33.0,E,125.0,,GLU,True,606,607,four_layer_exact,high,0.9725274725274724,0.4241526342415263,1.824311774719388,0.0274725274725274,E,E;K;N;Q,matches_consensus,True,False,,0.14300146569364156,buried_core,False,False,False,False,,True,True,unassigned_manual_review,,not_annotated_no_domain_boundaries,,True,False
9M38,A,VI-D,apo,125,126,K,34.0,K,126.0,,LYS,True,607,608,four_layer_exact,high,0.9725274725274724,0.9861241598612416,0.0731345002932976,0.0274725274725274,K,K,matches_consensus,True,False,,0.21277841976031023,surface,False,False,False,False,,True,False,unassigned_manual_review,,not_annotated_no_domain_boundaries,,True,False
9M38,A,VI-D,apo,126,127,I,35.0,I,127.0,,ILE,True,608,609,four_layer_exact,high,0.9725274725274724,0.7710486377104863,0.9794433374117556,0.0274725274725274,I,I;V,matches_consensus,True,False,,0.08582129454090776,buried_core,False,False,False,False,,True,True,unassigned_manual_review,,not_annotated_no_domain_boundaries,,True,False
9M38,A,VI-D,apo,127,128,L,36.0,L,128.0,,LEU,True,609,610,four_layer_exact,high,0.9725274725274724,0.7014526270145263,0.961400111587987,0.0274725274725274,L,F;I;L,matches_consensus,True,False,,0.024032402309252066,buried_core,False,False,False,False,,True,True,unassigned_manual_review,,not_annotated_no_domain_boundaries,,True,False
9M38,A,VI-D,apo,128,129,A,37.0,A,129.0,,ALA,True,610,611,four_layer_exact,high,0.9725274725274724,0.4276215942762159,1.6201183849636598,0.0274725274725274,A,A;G;S;T,matches_consensus,True,False,,0.009361459039069119,buried_core,False,False,False,False,,True,True,unassigned_manual_review,,not_annotated_no_domain_boundaries,,True,False
9M38,A,VI-D,apo,129,130,V,38.0,V,130.0,,VAL,True,611,612,four_layer_exact,high,0.978021978021978,0.3401110390078593,2.1266266094351343,0.021978021978022,V,E;I;L;P;T;V,matches_consensus,True,False,,0.13030228575174724,buried_core,False,False,False,False,,True,True,unassigned_manual_review,,not_annotated_no_domain_boundaries,,True,False
9M38,A,VI-D,apo,130,131,H,39.0,H,131.0,,HIS,True,612,613,four_layer_exact,high,0.978021978021978,0.63638330088687,1.1764477779997191,0.021978021978022,Y,H;Y,differs_from_consensus,True,True,scaffold_differs_from_msa_consensus,0.045975244989878136,buried_core,False,False,False,False,,True,True,unassigned_manual_review,,not_annotated_no_domain_boundaries,,True,False
9M38,A,VI-D,apo,131,132,V,40.0,V,132.0,,VAL,True,613,614,four_layer_exact,high,0.978021978021978,0.4083928185161151,1.5821683639735211,0.021978021978022,I,A;I;S;V,differs_from_consensus,True,True,scaffold_differs_from_msa_consensus,0.0069403920462064155,buried_core,False,False,False,False,,True,True,unassigned_manual_review,,not_annotated_no_domain_boundaries,,True,False
9M38,A,VI-D,apo,132,133,N,41.0,N,133.0,,ASN,True,614,615,four_layer_exact,high,0.9725274725274724,0.6029187540840776,1.356439458939927,0.0274725274725274,N,N;T,matches_consensus,True,False,,0.06089521425280754,buried_core,False,False,False,False,,True,True,unassigned_manual_review,,not_annotated_no_domain_boundaries,,True,False
9M38,A,VI-D,apo,133,134,N,42.0,N,134.0,,ASN,True,615,616,four_layer_exact,high,0.978021978021978,0.6227557862859615,1.220235102878004,0.021978021978022,N,D;N,matches_consensus,True,False,,0.09465757217557437,buried_core,False,False,False,False,,True,True,unassigned_manual_review,,not_annotated_no_domain_boundaries,,True,False
9M38,A,VI-D,apo,134,135,I,43.0,I,135.0,,ILE,True,616,617,four_layer_exact,high,0.978021978021978,0.6748864373783258,0.987056587698443,0.021978021978022,I,A;I;V,matches_consensus,True,False,,0.02452036986883079,buried_core,False,False,False,False,,True,True,unassigned_manual_review,,not_annotated_no_domain_boundaries,,True,False
9M38,A,VI-D,apo,135,136,V,44.0,V,136.0,,VAL,True,617,618,four_layer_exact,high,0.978021978021978,0.4605234696084793,1.4637418878752475,0.021978021978022,V,I;L;T;V,matches_consensus,True,False,,0.3593352232765589,surface,False,False,False,False,,True,False,unassigned_manual_review,,not_annotated_no_domain_boundaries,,True,False
9M38,A,VI-D,apo,136,137,F,45.0,F,137.0,,PHE,True,618,619,four_layer_exact,high,0.978021978021978,0.6400605667315596,1.2786003477419858,0.021978021978022,Y,F;Y,differs_from_consensus,True,True,scaffold_differs_from_msa_consensus,0.039779107979141755,buried_core,False,False,False,False,,True,True,unassigned_manual_review,,not_annotated_no_domain_boundaries,,True,False
9M38,A,VI-D,apo,137,138,T,46.0,T,138.0,,THR,True,619,620,four_layer_exact,high,0.978021978021978,0.3874107722258273,1.8668297053550893,0.021978021978022,A,A;I;M;S;T,differs_from_consensus,True,True,scaffold_differs_from_msa_consensus,0.020271601489200892,buried_core,False,False,False,False,,True,True,unassigned_manual_review,,not_annotated_no_domain_boundaries,,True,False
9M38,A,VI-D,apo,138,139,L,47.0,L,139.0,,LEU,True,626,627,four_layer_exact,high,0.978021978021978,0.4150984209387843,1.4610470414168355,0.021978021978022,L,F;I;L;V,matches_consensus,True,False,,0.09612960923700826,buried_core,False,False,False,False,,True,True,unassigned_manual_review,,not_annotated_no_domain_boundaries,,True,False
9M38,A,VI-D,apo,139,140,D,48.0,D,140.0,,ASP,True,627,628,four_layer_exact,high,0.978021978021978,0.5293099718797317,1.5383120879550498,0.021978021978022,N,D;N;Y,differs_from_consensus,True,True,scaffold_differs_from_msa_consensus,0.35407682994595546,surface,False,False,False,False,,True,False,unassigned_manual_review,,not_annotated_no_domain_boundaries,,True,False
9M38,A,VI-D,apo,140,141,N,49.0,N,141.0,,ASN,True,628,629,four_layer_exact,high,0.978021978021978,0.8061864590093013,0.8667451873659544,0.021978021978022,N,H;N,matches_consensus,True,False,,0.07888929032867648,buried_core,False,False,False,False,,True,True,unassigned_manual_review,,not_annotated_no_domain_boundaries,,True,False
9M38,A,VI-D,apo,141,142,V,50.0,V,142.0,,VAL,True,629,630,four_layer_exact,high,0.9835164835164836,0.6228373702422145,1.1990834743759282,0.0164835164835165,L,I;L;M;V,differs_from_consensus,True,True,scaffold_differs_from_msa_consensus,0.11397091494849282,buried_core,False,False,False,False,,True,True,unassigned_manual_review,,not_annotated_no_domain_boundaries,,True,False
9M38,A,VI-D,apo,142,143,L,51.0,L,143.0,,LEU,True,630,631,four_layer_exact,high,0.9835164835164836,0.1695501730103806,2.6246834244920807,0.0164835164835165,L,A;D;F;L;N;Q;R;S,matches_consensus,True,False,,0.0060081005773130166,buried_core,False,False,False,False,,True,True,unassigned_manual_review,,not_annotated_no_domain_boundaries,,True,False
9M38,A,VI-D,apo,143,144,H,52.0,H,144.0,,HIS,True,631,632,four_layer_exact,high,0.9615384615384616,0.5195729537366548,1.7704840240886426,0.0384615384615384,R,D;G;N;R,differs_from_consensus,True,True,scaffold_differs_from_msa_consensus,0.45906853639806855,surface,False,False,False,False,,True,False,unassigned_manual_review,,not_annotated_no_domain_boundaries,,True,False
9M38,A,VI-D,apo,144,145,P,53.0,P,145.0,,PRO,True,633,634,four_layer_exact,high,0.8956043956043956,0.1625806451612903,2.560474128027858,0.1043956043956043,D,A;D;E;G;K;N;R;S;T,differs_from_consensus,True,True,scaffold_differs_from_msa_consensus,0.8720226609675407,surface,False,False,False,False,,True,False,unassigned_manual_review,,not_annotated_no_domain_boundaries,,True,True
9M38,A,VI-D,apo,145,146,Q,,,,,,False,634,635,full_msa_only_unresolved_coordinate,medium,0.8956043956043956,0.2474870298313878,2.3402382182330475,0.1043956043956043,E,D;E;G;K;N;S,differs_from_consensus,False,True,unresolved_internal;scaffold_differs_from_msa_consensus,,,,,,,,False,False,unassigned_manual_review,,not_annotated_no_domain_boundaries,,False,False
9M38,A,VI-D,apo,146,147,K,,,,,,False,635,636,full_msa_only_unresolved_coordinate,medium,0.6703296703296703,0.1506591337099811,2.524932108101712,0.3296703296703297,D,A;D;E;G;I;N;R;S;T,differs_from_consensus,False,True,unresolved_internal;scaffold_differs_from_msa_consensus,,,,,,,,False,False,unassigned_manual_review,,not_annotated_no_domain_boundaries,,False,False
9M38,A,VI-D,apo,147,148,E,,,,,,False,636,637,full_msa_only_unresolved_coordinate,medium,0.6538461538461539,0.2962962962962963,2.4002029059513537,0.3461538461538461,D,D;E;K;N;S,differs_from_consensus,False,True,unresolved_internal;scaffold_differs_from_msa_consensus,,,,,,,,False,False,unassigned_manual_review,,not_annotated_no_domain_boundaries,,False,False
9M38,A,VI-D,apo,148,149,E,,,,,,False,637,638,full_msa_only_unresolved_coordinate,medium,0.6208791208791209,0.4591194968553459,1.914095276075878,0.3791208791208791,E,D;E;I;K;T;V,matches_consensus,False,True,unresolved_internal,,,,,,,,False,False,unassigned_manual_review,,not_annotated_no_domain_boundaries,,False,False
9M38,A,VI-D,apo,149,150,L,,,,,,False,665,666,full_msa_only_unresolved_coordinate,medium,0.1538461538461538,0.25,2.461778515219649,0.8461538461538461,L,E;K;L;N;S;T,matches_consensus,False,True,unresolved_internal,,,,,,,,False,False,unassigned_manual_review,,not_annotated_no_domain_boundaries,,False,False
9M38,A,VI-D,apo,150,151,T,,,,,,False,666,667,full_msa_only_unresolved_coordinate,medium,0.7967032967032966,0.1409691629955947,2.612920646123284,0.2032967032967033,D,D;E;G;K;N;P;S;T;Y,differs_from_consensus,False,True,unresolved_internal;scaffold_differs_from_msa_consensus,,,,,,,,False,False,unassigned_manual_review,,not_annotated_no_domain_boundaries,,False,False
9M38,A,VI-D,apo,151,152,E,,,,,,False,667,668,full_msa_only_unresolved_coordinate,medium,0.9615384615384616,0.192170818505338,2.5580005415999194,0.0384615384615384,E,D;E;G;K;N;S;T,matches_consensus,False,True,unresolved_internal,,,,,,,,False,False,unassigned_manual_review,,not_annotated_no_domain_boundaries,,False,False
9M38,A,VI-D,apo,152,153,D,,,,,,False,668,669,full_msa_only_unresolved_coordinate,medium,0.9835164835164836,0.944636678200692,0.2547406375754432,0.0164835164835165,D,D,matches_consensus,False,True,unresolved_internal,,,,,,,,False,False,unassigned_manual_review,,not_annotated_no_domain_boundaries,,False,False
9M38,A,VI-D,apo,153,154,F,,,,,,False,669,670,full_msa_only_unresolved_coordinate,medium,0.9835164835164836,0.3181228373702422,1.8410987589276655,0.0164835164835165,F,F;I;L;V;Y,matches_consensus,False,True,unresolved_internal,,,,,,,,False,False,unassigned_manual_review,,not_annotated_no_domain_boundaries,,False,False
9M38,A,VI-D,apo,154,155,I,,,,,,False,670,671,full_msa_only_unresolved_coordinate,medium,0.9835164835164836,0.5247981545559401,1.3844867958828906,0.0164835164835165,I,F;I;L;V,matches_consensus,False,True,unresolved_internal,,,,,,,,False,False,unassigned_manual_review,,not_annotated_no_domain_boundaries,,False,False
9M38,A,VI-D,apo,155,156,G,,,,,,False,671,672,full_msa_only_unresolved_coordinate,medium,0.0714285714285714,0.8461538461538461,0.4293230219306162,0.9285714285714286,G,G;S,matches_consensus,False,True,unresolved_internal,,,,,,,,False,False,unassigned_manual_review,,not_annotated_no_domain_boundaries,,False,False
9M38,A,VI-D,apo,156,157,A,,,,,,False,674,675,full_msa_only_unresolved_coordinate,medium,0.0714285714285714,0.3076923076923077,1.6715952780212544,0.9285714285714286,M,A;D;F;I;M;N,differs_from_consensus,False,True,unresolved_internal;scaffold_differs_from_msa_consensus,,,,,,,,False,False,unassigned_manual_review,,not_annotated_no_domain_boundaries,,False,False
9M38,A,VI-D,apo,157,158,G,,,,,,False,675,676,full_msa_only_unresolved_coordinate,medium,0.956043956043956,0.8924731182795699,0.5329649423499991,0.0439560439560439,G,G,matches_consensus,False,True,unresolved_internal,,,,,,,,False,False,unassigned_manual_review,,not_annotated_no_domain_boundaries,,False,False
9M38,A,VI-D,apo,158,159,G,,,,,,False,677,678,full_msa_only_unresolved_coordinate,medium,0.945054945054945,0.2382671480144404,2.31862657470561,0.0549450549450549,Y,G;M;N;S;T;Y,differs_from_consensus,False,True,unresolved_internal;scaffold_differs_from_msa_consensus,,,,,,,,False,False,unassigned_manual_review,,not_annotated_no_domain_boundaries,,False,False
9M38,A,VI-D,apo,159,160,W,54.0,W,160.0,,TRP,True,678,679,four_layer_exact,high,0.9505494505494504,0.4838709677419355,1.5113316420864789,0.0494505494505495,L,F;I;L;M,differs_from_consensus,True,True,scaffold_differs_from_msa_consensus,0.4716143459184032,surface,False,False,False,False,,True,False,unassigned_manual_review,,not_annotated_no_domain_boundaries,,True,True
9M38,A,VI-D,apo,160,161,R,55.0,R,161.0,,ARG,True,679,680,four_layer_exact,high,0.8406593406593407,0.3015167364016736,2.168871405821139,0.1593406593406593,S,G;K;N;P;R;S;T;Y,differs_from_consensus,True,True,scaffold_differs_from_msa_consensus,0.183446079636406,buried_core,False,False,False,False,,True,True,unassigned_manual_review,,not_annotated_no_domain_boundaries,,True,False
9M38,A,VI-D,apo,161,162,I,56.0,I,162.0,,ILE,True,680,681,four_layer_exact,high,0.7802197802197802,0.3745199692780338,2.120855394358002,0.2197802197802197,T,A;F;L;S;T;V;Y,differs_from_consensus,False,True,scaffold_differs_from_msa_consensus,0.2643066870486835,surface,False,False,False,False,,True,False,unassigned_manual_review,,not_annotated_no_domain_boundaries,,False,False
9M38,A,VI-D,apo,162,163,N,57.0,N,163.0,,ASN,True,688,689,four_layer_exact,high,0.7252747252747253,0.123076923076923,2.685364474835372,0.2747252747252747,D,D;G;K;L;N;Q;R;S;T,differs_from_consensus,False,True,scaffold_differs_from_msa_consensus,0.46500887814542696,surface,False,False,False,False,,True,False,unassigned_manual_review,,not_annotated_no_domain_boundaries,,False,False
9M38,A,VI-D,apo,163,164,L,58.0,L,164.0,,LEU,True,689,690,four_layer_exact,high,0.7362637362637363,0.3922738693467337,2.1847113390248687,0.2637362637362637,N,D;I;K;N;V;Y,differs_from_consensus,False,True,scaffold_differs_from_msa_consensus,0.23431592251520766,surface,False,False,False,False,,True,False,unassigned_manual_review,,not_annotated_no_domain_boundaries,,False,False
9M38,A,VI-D,apo,164,165,D,59.0,D,165.0,,ASP,True,690,691,four_layer_exact,high,0.7692307692307693,0.3679245283018867,1.9994576928039347,0.2307692307692307,T,D;K;P;S;T,differs_from_consensus,False,True,scaffold_differs_from_msa_consensus,0.24969476076824532,surface,False,False,False,False,,True,False,unassigned_manual_review,,not_annotated_no_domain_boundaries,,False,False
9M38,A,VI-D,apo,165,166,Y,60.0,Y,166.0,,TYR,True,692,693,four_layer_exact,high,0.8516483516483516,0.8068415637860082,0.6570525118176964,0.1483516483516483,Y,F;Y,matches_consensus,True,False,,0.03630032667298107,buried_core,False,False,False,False,,True,True,unassigned_manual_review,,not_annotated_no_domain_boundaries,,True,False
9M38,A,VI-D,apo,166,167,Q,61.0,Q,167.0,,GLN,True,705,706,four_layer_exact,high,0.9175824175824177,0.2679245283018868,2.1500797832958343,0.0824175824175824,E,A;D;E;K;Q;S,differs_from_consensus,True,True,scaffold_differs_from_msa_consensus,0.4617107407354455,surface,False,False,False,False,,True,False,unassigned_manual_review,,not_annotated_no_domain_boundaries,,True,False
9M38,A,VI-D,apo,167,168,T,62.0,T,168.0,,THR,True,706,707,four_layer_exact,high,0.9230769230769232,0.1423220973782771,2.474100316647014,0.0769230769230768,K,A;D;E;K;N;Q;S;T;V,differs_from_consensus,True,True,scaffold_differs_from_msa_consensus,0.5199611279000503,surface,False,False,False,False,,True,False,unassigned_manual_review,,not_annotated_no_domain_boundaries,,True,False
9M38,A,VI-D,apo,168,169,L,63.0,L,169.0,,LEU,True,707,708,four_layer_exact,high,0.9230769230769232,0.4342228464419476,1.7561895836793948,0.0769230769230768,F,F;I;L;V;Y,differs_from_consensus,True,True,scaffold_differs_from_msa_consensus,0.04205670404119111,buried_core,False,False,False,False,,True,True,unassigned_manual_review,,not_annotated_no_domain_boundaries,,True,False
9M38,A,VI-D,apo,169,170,R,64.0,R,170.0,,ARG,True,726,727,four_layer_exact,high,0.3461538461538461,0.1499219156689224,2.4575951719379603,0.6538461538461539,L,A;C;K;L;M;R;S;T,differs_from_consensus,False,True,scaffold_differs_from_msa_consensus,0.49096080773904327,surface,False,False,False,False,,True,False,unassigned_manual_review,,not_annotated_no_domain_boundaries,,False,False
9M38,A,VI-D,apo,170,171,G,65.0,G,171.0,,GLY,True,727,728,four_layer_exact,high,0.3571428571428571,0.3712846347607053,1.7196090522880478,0.6428571428571428,D,D;E;N;S,differs_from_consensus,False,True,scaffold_differs_from_msa_consensus,0.598232706179396,surface,False,False,False,False,,True,False,unassigned_manual_review,,not_annotated_no_domain_boundaries,,False,False
9M38,A,VI-D,apo,171,172,Q,66.0,Q,172.0,,GLN,True,729,730,four_layer_exact,high,0.2857142857142857,0.6730401529636711,1.308589648316443,0.7142857142857143,P,A;K;P;S,differs_from_consensus,False,True,scaffold_differs_from_msa_consensus,0.40159300031420697,surface,False,False,False,False,,True,False,unassigned_manual_review,,not_annotated_no_domain_boundaries,,False,False
9M38,A,VI-D,apo,172,173,T,67.0,T,173.0,,THR,True,730,731,four_layer_exact,high,0.2857142857142857,0.2045889101338432,2.313767979451839,0.7142857142857143,E,D;E;K;N;S;T,differs_from_consensus,False,True,scaffold_differs_from_msa_consensus,0.6227294912666338,surface,False,False,False,False,,True,False,unassigned_manual_review,,not_annotated_no_domain_boundaries,,False,False
9M38,A,VI-D,apo,173,174,N,68.0,N,174.0,,ASN,True,761,762,four_layer_exact,high,0.7252747252747253,0.3163265306122449,2.216312346365829,0.2747252747252747,K,D;E;K;N;R;S,differs_from_consensus,False,True,scaffold_differs_from_msa_consensus,0.6797897403251116,surface,False,False,False,False,,True,False,unassigned_manual_review,,not_annotated_no_domain_boundaries,,False,False
9M38,A,VI-D,apo,174,175,K,69.0,K,175.0,,LYS,True,762,763,four_layer_exact,high,0.7802197802197802,0.213953488372093,2.484878606258631,0.2197802197802197,S,A;I;K;L;N;Q;S;V,differs_from_consensus,False,True,scaffold_differs_from_msa_consensus,0.371598654511888,surface,False,False,False,False,,True,False,unassigned_manual_review,,not_annotated_no_domain_boundaries,,False,False
9M38,A,VI-D,apo,175,176,Y,70.0,Y,176.0,,TYR,True,763,764,four_layer_exact,high,0.7857142857142857,0.4128440366972477,1.8907203716128045,0.2142857142857143,K,K;R;Y,differs_from_consensus,False,True,scaffold_differs_from_msa_consensus,0.10864855364648822,buried_core,False,False,False,False,,True,True,unassigned_manual_review,,not_annotated_no_domain_boundaries,,False,False
9M38,A,VI-D,apo,176,177,D,71.0,D,177.0,,ASP,True,764,765,four_layer_exact,high,0.8131868131868132,0.1938325991189427,2.164355216127221,0.1868131868131868,E,A;D;E;K;N;R;S,differs_from_consensus,True,True,scaffold_differs_from_msa_consensus,0.5053811410011256,surface,False,False,False,False,,True,False,unassigned_manual_review,,not_annotated_no_domain_boundaries,,True,False
9M38,A,VI-D,apo,177,178,R,72.0,R,178.0,,ARG,True,765,766,four_layer_exact,high,0.7307692307692307,0.2081218274111675,2.5933707260581027,0.2692307692307693,K,A;D;E;F;K;L;N;S;T,differs_from_consensus,False,True,scaffold_differs_from_msa_consensus,0.595725997473625,surface,False,False,False,False,,True,False,unassigned_manual_review,,not_annotated_no_domain_boundaries,,False,False
9M38,A,VI-D,apo,178,179,F,73.0,F,179.0,,PHE,True,808,809,four_layer_exact,high,0.7967032967032966,0.6947869955156951,1.085834884972082,0.2032967032967033,F,F;L;Y,matches_consensus,False,False,,0.045286058101496864,buried_core,False,False,False,False,,True,True,unassigned_manual_review,,not_annotated_no_domain_boundaries,,False,False
9M38,A,VI-D,apo,179,180,K,74.0,K,180.0,,LYS,True,847,848,four_layer_exact,high,0.8791208791208791,0.272,2.3570440080535624,0.1208791208791209,E,D;E;K;L;Q,differs_from_consensus,True,True,scaffold_differs_from_msa_consensus,0.3057583271192816,surface,False,False,False,False,,True,False,unassigned_manual_review,,not_annotated_no_domain_boundaries,,True,False
9M38,A,VI-D,apo,180,181,N,75.0,N,181.0,,ASN,True,848,849,four_layer_exact,high,0.8901098901098901,0.2125984251968504,2.259972308387499,0.1098901098901099,E,A;D;E;K;N;Q,differs_from_consensus,True,True,scaffold_differs_from_msa_consensus,0.41094828731952765,surface,False,False,False,False,,True,False,unassigned_manual_review,,not_annotated_no_domain_boundaries,,True,False
9M38,A,VI-D,apo,181,182,Y,76.0,Y,182.0,,TYR,True,853,854,four_layer_exact,high,0.989010989010989,0.3931034482758621,1.7026153784520743,0.0109890109890109,L,F;I;L;V;Y,differs_from_consensus,True,True,scaffold_differs_from_msa_consensus,0.23559603638957277,surface,False,False,False,False,,True,False,unassigned_manual_review,,not_annotated_no_domain_boundaries,,True,False
9M38,A,VI-D,apo,182,183,I,77.0,I,183.0,,ILE,True,854,855,four_layer_exact,high,0.9835164835164836,0.3819444444444444,1.902525130550066,0.0164835164835165,L,I;L;M;V;Y,differs_from_consensus,True,True,scaffold_differs_from_msa_consensus,0.02244672735141156,buried_core,False,False,False,False,,True,True,unassigned_manual_review,,not_annotated_no_domain_boundaries,,True,False
9M38,A,VI-D,apo,183,184,K,78.0,K,184.0,,LYS,True,855,856,four_layer_exact,high,0.9725274725274724,0.3218968531468531,2.266836153858927,0.0274725274725274,K,D;E;K;N;R;S,matches_consensus,True,False,,0.6302827183417827,surface,False,False,False,False,,True,False,unassigned_manual_review,,not_annotated_no_domain_boundaries,,True,False
9M38,A,VI-D,apo,184,185,R,79.0,R,185.0,,ARG,True,859,860,four_layer_exact,high,0.9725274725274724,0.2867132867132867,2.1543887797951977,0.0274725274725274,N,A;D;K;N;R;S;T,differs_from_consensus,True,True,scaffold_differs_from_msa_consensus,0.26916519192360044,surface,False,False,False,False,,True,False,unassigned_manual_review,,not_annotated_no_domain_boundaries,,True,False
9M38,A,VI-D,apo,185,186,K,80.0,K,186.0,,LYS,True,866,867,four_layer_exact,high,0.956043956043956,0.1798561151079136,2.5536442431912896,0.0439560439560439,P,A;I;K;N;P;S;T,differs_from_consensus,True,True,scaffold_differs_from_msa_consensus,0.40355962074951723,surface,False,False,False,False,,True,False,unassigned_manual_review,,not_annotated_no_domain_boundaries,,True,False
9M38,A,VI-D,apo,186,187,E,81.0,E,187.0,,GLU,True,867,868,four_layer_exact,high,0.9615384615384616,0.4357142857142857,1.832936178223712,0.0384615384615384,R,E;K;Q;R;S,differs_from_consensus,True,True,scaffold_differs_from_msa_consensus,0.2619791864531414,surface,False,False,False,False,,True,False,unassigned_manual_review,,not_annotated_no_domain_boundaries,,True,False
9M38,A,VI-D,apo,187,188,L,82.0,L,188.0,,LEU,True,876,877,four_layer_exact,high,0.934065934065934,0.5073529411764706,1.6645494685568731,0.0659340659340659,L,F;I;L;M;Y,matches_consensus,True,False,,0.04806480461850413,buried_core,False,False,False,False,,True,True,unassigned_manual_review,,not_annotated_no_domain_boundaries,,True,False
9M38,A,VI-D,apo,188,189,L,83.0,L,189.0,,LEU,True,877,878,four_layer_exact,high,0.934065934065934,0.3823529411764705,2.197807917413664,0.0659340659340659,G,A;G;K;R;S;V,differs_from_consensus,True,True,scaffold_differs_from_msa_consensus,0.13141172661266726,buried_core,False,False,False,False,,True,True,unassigned_manual_review,,not_annotated_no_domain_boundaries,,True,False
9M38,A,VI-D,apo,189,190,Y,84.0,Y,190.0,,TYR,True,883,884,four_layer_exact,high,0.989010989010989,0.8896551724137931,0.4561349249235004,0.0109890109890109,Y,F;Y,matches_consensus,True,False,,0.219164001713677,surface,False,False,False,False,,True,False,unassigned_manual_review,,not_annotated_no_domain_boundaries,,True,False
9M38,A,VI-D,apo,190,191,F,85.0,F,191.0,,PHE,True,884,885,four_layer_exact,high,0.989010989010989,0.7448275862068966,0.9081011234715318,0.0109890109890109,F,F;L;Y,matches_consensus,True,False,,0.020127136933998604,buried_core,False,False,False,False,,True,True,unassigned_manual_review,,not_annotated_no_domain_boundaries,,True,False
9M38,A,VI-D,apo,191,192,G,86.0,G,192.0,,GLY,True,889,890,four_layer_exact,high,0.9725274725274724,0.676056338028169,1.231170526549714,0.0274725274725274,G,D;G;N;S,matches_consensus,True,False,,0.4965252148157532,surface,False,False,False,False,,True,False,unassigned_manual_review,,not_annotated_no_domain_boundaries,,True,False
9M38,A,VI-D,apo,192,193,E,87.0,E,193.0,,GLU,True,901,902,four_layer_exact,high,0.9835164835164836,0.2083333333333333,2.408580112882473,0.0164835164835165,D,D;E;F;G;K;N;S;T,differs_from_consensus,True,True,scaffold_differs_from_msa_consensus,0.26602088062163326,surface,False,False,False,False,,True,False,unassigned_manual_review,,not_annotated_no_domain_boundaries,,True,False
9M38,A,VI-D,apo,193,194,A,88.0,A,194.0,,ALA,True,902,903,four_layer_exact,high,0.9835164835164836,0.3611111111111111,2.0000778562397588,0.0164835164835165,A,A;E;I;L;T;V,matches_consensus,True,False,,0.018722918078138237,buried_core,False,False,False,False,,True,True,unassigned_manual_review,,not_annotated_no_domain_boundaries,,True,False
9M38,A,VI-D,apo,194,195,F,89.0,F,195.0,,PHE,True,903,904,four_layer_exact,high,0.978021978021978,0.7482517482517482,0.9158307687118252,0.021978021978022,F,F;L;Y,matches_consensus,True,False,,0.015095352700498953,buried_core,False,False,False,False,,True,True,unassigned_manual_review,,not_annotated_no_domain_boundaries,,True,False
9M38,A,VI-D,apo,195,196,Y,90.0,Y,196.0,,TYR,True,904,905,four_layer_exact,high,0.9725274725274724,0.2887323943661972,2.4549672026777847,0.0274725274725274,Y,F;I;K;Y,matches_consensus,True,False,,0.22479125114331316,surface,False,False,False,False,,True,False,unassigned_manual_review,,not_annotated_no_domain_boundaries,,True,False
9M38,A,VI-D,apo,196,197,H,91.0,H,197.0,,HIS,True,905,906,four_layer_exact,high,0.6208791208791209,0.1727272727272727,2.608474249594354,0.3791208791208791,K,D;H;K;P;R;S;T;Y,differs_from_consensus,False,True,scaffold_differs_from_msa_consensus,0.28013705111771575,surface,False,False,False,False,,True,False,unassigned_manual_review,,not_annotated_no_domain_boundaries,,False,False
9M38,A,VI-D,apo,197,198,E,92.0,E,198.0,,GLU,True,992,993,four_layer_exact,high,0.1483516483516483,0.2222222222222222,2.364846178214263,0.8516483516483516,E,A;D;E;G;I;K;N,matches_consensus,False,False,,0.7094243097748553,surface,False,False,False,False,,True,False,unassigned_manual_review,,not_annotated_no_domain_boundaries,,False,False
9M38,A,VI-D,apo,198,199,N,93.0,N,199.0,,ASN,True,993,994,four_layer_exact,high,0.5164835164835165,0.1182795698924731,2.7355261193529987,0.4835164835164834,E,D;E;G;K;L;N;R;Y,differs_from_consensus,False,True,scaffold_differs_from_msa_consensus,0.5958723551204619,surface,False,False,False,False,,True,False,unassigned_manual_review,,not_annotated_no_domain_boundaries,,False,False
9M38,A,VI-D,apo,199,200,E,94.0,E,200.0,,GLU,True,994,995,four_layer_exact,high,0.7252747252747253,0.1530612244897959,2.5439263886462906,0.2747252747252747,K,D;E;I;K;N;Q;T;V,differs_from_consensus,False,True,scaffold_differs_from_msa_consensus,0.552176242647983,surface,False,False,False,False,,True,False,unassigned_manual_review,,not_annotated_no_domain_boundaries,,False,False
9M38,A,VI-D,apo,200,201,R,95.0,R,201.0,,ARG,True,995,996,four_layer_exact,high,0.8296703296703297,0.2183908045977011,2.5145360363436486,0.1703296703296702,E,D;E;K;L;N;P;Q;R,differs_from_consensus,True,True,scaffold_differs_from_msa_consensus,0.344951276180141,surface,False,False,False,False,,True,False,unassigned_manual_review,,not_annotated_no_domain_boundaries,,True,False
9M38,A,VI-D,apo,201,202,R,96.0,R,202.0,,ARG,True,996,997,four_layer_exact,high,0.9725274725274724,0.380281690140845,2.0447219024364927,0.0274725274725274,K,A;E;K;N;R,differs_from_consensus,True,True,scaffold_differs_from_msa_consensus,0.11567330391717677,buried_core,False,False,False,False,,True,True,unassigned_manual_review,,not_annotated_no_domain_boundaries,,True,False
9M38,A,VI-D,apo,202,203,Y,97.0,Y,203.0,,TYR,True,997,998,four_layer_exact,high,0.967032967032967,0.2624113475177305,2.556186469552014,0.0329670329670329,S,D;E;N;S;T,differs_from_consensus,True,True,scaffold_differs_from_msa_consensus,0.708441614193359,surface,False,False,False,False,,True,False,unassigned_manual_review,,not_annotated_no_domain_boundaries,,True,False
9M38,A,VI-D,apo,203,204,E,98.0,E,204.0,,GLU,True,998,999,four_layer_exact,high,0.967032967032967,0.3191489361702128,2.001474815983524,0.0329670329670329,E,D;E;K;Q;R,matches_consensus,True,False,,0.2394743945230806,surface,False,False,False,False,,True,False,unassigned_manual_review,,not_annotated_no_domain_boundaries,,True,False
9M38,A,VI-D,apo,204,205,E,99.0,E,205.0,,GLU,True,999,1000,four_layer_exact,high,0.912087912087912,0.3435114503816794,1.9206601311885951,0.0879120879120879,K,D;E;K;N;R,differs_from_consensus,True,True,scaffold_differs_from_msa_consensus,0.40795352859580153,surface,False,False,False,False,,True,False,unassigned_manual_review,,not_annotated_no_domain_boundaries,,True,False
9M38,A,VI-D,apo,205,206,D,100.0,D,206.0,,ASP,True,1021,1022,four_layer_exact,high,0.9725274725274724,0.4223151408450704,2.004366578420314,0.0274725274725274,E,D;E;H;K;R;Y,differs_from_consensus,True,True,scaffold_differs_from_msa_consensus,0.19157659889140558,buried_core,False,False,False,False,,True,True,unassigned_manual_review,,not_annotated_no_domain_boundaries,,True,False
9M38,A,VI-D,apo,206,207,I,101.0,I,207.0,,ILE,True,1030,1031,four_layer_exact,high,0.9945054945054944,0.3084332191780822,1.9334741628997247,0.0054945054945054,I,A;C;I;L;N;V,matches_consensus,True,False,,0.02452036986883079,buried_core,False,False,False,False,,True,True,unassigned_manual_review,,not_annotated_no_domain_boundaries,,True,False
9M38,A,VI-D,apo,207,208,F,102.0,F,208.0,,PHE,True,1031,1032,four_layer_exact,high,0.9945054945054944,0.6643835616438356,1.2277374201348163,0.0054945054945054,Y,F;Y,differs_from_consensus,True,True,scaffold_differs_from_msa_consensus,0.005031784233499651,buried_core,False,False,False,False,,True,True,unassigned_manual_review,,not_annotated_no_domain_boundaries,,True,False
9M38,A,VI-D,apo,208,209,A,103.0,A,209.0,,ALA,True,1032,1033,four_layer_exact,high,0.9945054945054944,0.2054794520547945,2.289840835448434,0.0054945054945054,N,D;H;K;N;S;Y,differs_from_consensus,True,True,scaffold_differs_from_msa_consensus,0.0,buried_core,False,False,False,False,,True,True,unassigned_manual_review,,not_annotated_no_domain_boundaries,,True,False
9M38,A,VI-D,apo,209,210,I,104.0,I,210.0,,ILE,True,1033,1034,four_layer_exact,high,0.9945054945054944,0.4111729452054795,1.6950957478591993,0.0054945054945054,I,I;L;V,matches_consensus,True,False,,0.04904073973766158,buried_core,False,False,False,False,,True,True,unassigned_manual_review,,not_annotated_no_domain_boundaries,,True,False
9M38,A,VI-D,apo,210,211,L,105.0,L,211.0,,LEU,True,1034,1035,four_layer_exact,high,0.9945054945054944,0.6712328767123288,1.184271988274514,0.0054945054945054,L,F;I;L,matches_consensus,True,False,,0.1241377361239137,buried_core,False,False,False,False,,True,True,unassigned_manual_review,,not_annotated_no_domain_boundaries,,True,False
9M38,A,VI-D,apo,211,212,T,106.0,T,212.0,,THR,True,1035,1036,four_layer_exact,high,0.9945054945054944,0.3424657534246575,1.8198097162278748,0.0054945054945054,R,A;C;R;S,differs_from_consensus,True,True,scaffold_differs_from_msa_consensus,0.020271601489200892,buried_core,False,False,False,False,,True,True,unassigned_manual_review,,not_annotated_no_domain_boundaries,,True,False
9M38,A,VI-D,apo,212,213,L,107.0,L,213.0,,LEU,True,1036,1037,four_layer_exact,high,0.9945054945054944,0.4246575342465753,1.7449120721819953,0.0054945054945054,L,F;I;L;M;V,matches_consensus,True,False,,0.04205670404119111,buried_core,False,False,False,False,,True,True,unassigned_manual_review,,not_annotated_no_domain_boundaries,,True,False
9M38,A,VI-D,apo,213,214,L,108.0,L,214.0,,LEU,True,1037,1038,four_layer_exact,high,1.0,0.6326530612244898,1.1752685407534762,0.0,L,A;I;L;V,matches_consensus,True,False,,0.07141974826120298,buried_core,False,False,False,False,,True,True,unassigned_manual_review,,not_annotated_no_domain_boundaries,,True,False
9M38,A,VI-D,apo,214,215,S,109.0,S,215.0,,SER,True,1038,1039,four_layer_exact,high,1.0,0.4419642857142857,1.2867105197612856,0.0,G,A;G;S,differs_from_consensus,True,True,scaffold_differs_from_msa_consensus,0.1885137196477593,buried_core,False,False,False,False,,True,True,unassigned_manual_review,,not_annotated_no_domain_boundaries,,True,False
9M38,A,VI-D,apo,215,216,A,110.0,A,216.0,,ALA,True,1039,1040,four_layer_exact,high,1.0,0.1428571428571428,2.660033185241378,0.0,S,A;F;I;K;L;M;Q;S;T;Y,differs_from_consensus,True,True,scaffold_differs_from_msa_consensus,0.0,buried_core,False,False,False,False,,True,True,unassigned_manual_review,,not_annotated_no_domain_boundaries,,True,False
9M38,A,VI-D,apo,216,217,L,111.0,L,217.0,,LEU,True,1040,1041,four_layer_exact,high,1.0,0.4693877551020408,1.5713257017154096,0.0,L,A;I;L;M;V,matches_consensus,True,False,,0.024032402309252066,buried_core,False,False,False,False,,True,True,unassigned_manual_review,,not_annotated_no_domain_boundaries,,True,False
9M38,A,VI-D,apo,217,218,R,112.0,A,218.0,,ALA,True,1041,1042,four_layer_literature_restored_substitution,high,1.0,1.0,-0.0,0.0,R,R,matches_consensus,True,True,literature_confirmed_construct_substitution,0.12064339237629237,buried_core,False,False,False,False,,True,True,HEPN1,,not_annotated_no_domain_boundaries,HEPN1_R,True,False
9M38,A,VI-D,apo,218,219,Q,113.0,Q,219.0,,GLN,True,1042,1043,four_layer_exact,high,1.0,0.7142857142857143,0.9316783758070812,0.0,Q,H;N;Q,matches_consensus,True,False,,0.3740042876126182,surface,False,False,False,False,,True,False,unassigned_manual_review,,not_annotated_no_domain_boundaries,,True,False
9M38,A,VI-D,apo,219,220,F,114.0,F,220.0,,PHE,True,1043,1044,four_layer_exact,high,1.0,0.2108843537414966,2.323815639312074,0.0,F,A;F;L;M;S;W,matches_consensus,True,False,,0.07653694630332622,buried_core,False,False,False,False,,True,True,unassigned_manual_review,,not_annotated_no_domain_boundaries,,True,False
9M38,A,VI-D,apo,220,221,C,115.0,C,221.0,,CYS,True,1044,1045,four_layer_exact,high,1.0,0.3197278911564626,1.9871025701383875,0.0,C,A;C;I;L;S;T;V,matches_consensus,True,False,,0.043520577089839696,buried_core,False,False,False,False,,True,True,unassigned_manual_review,,not_annotated_no_domain_boundaries,,True,False
9M38,A,VI-D,apo,221,222,F,116.0,F,222.0,,PHE,True,1045,1046,four_layer_exact,high,1.0,0.2653061224489796,1.9638985671056768,0.0,F,A;F;M;T;V,matches_consensus,True,False,,0.4034538005495131,surface,False,False,False,False,,True,False,unassigned_manual_review,,not_annotated_no_domain_boundaries,,True,False
9M38,A,VI-D,apo,222,223,H,117.0,A,223.0,,ALA,True,1046,1047,four_layer_literature_restored_substitution,high,1.0,0.9931972789115646,0.0407280509323613,0.0,H,H,matches_consensus,True,True,literature_confirmed_construct_substitution,0.5479978940588254,surface,False,False,False,False,,True,False,HEPN1,,not_annotated_no_domain_boundaries,HEPN1_H,True,True
9M38,A,VI-D,apo,223,224,S,,,,,,False,1047,1048,full_msa_only_unresolved_coordinate,medium,1.0,0.3197278911564626,2.187913418055878,0.0,G,D;E;F;G;S;Y,differs_from_consensus,False,True,unresolved_internal;scaffold_differs_from_msa_consensus,,,,,,,,False,False,unassigned_manual_review,,not_annotated_no_domain_boundaries,,False,False
9M38,A,VI-D,apo,224,225,D,,,,,,False,1049,1050,full_msa_only_unresolved_coordinate,medium,0.9285714285714286,0.1838235294117647,2.43337981865906,0.0714285714285714,K,D;E;G;K;N;S;T;Y,differs_from_consensus,False,True,unresolved_internal;scaffold_differs_from_msa_consensus,,,,,,,,False,False,unassigned_manual_review,,not_annotated_no_domain_boundaries,,False,False
9M38,A,VI-D,apo,225,226,L,,,,,,False,1050,1051,full_msa_only_unresolved_coordinate,medium,0.912087912087912,0.1753339694656488,2.61739589031574,0.0879120879120879,E,D;E;G;K;N;T;V,differs_from_consensus,False,True,unresolved_internal;scaffold_differs_from_msa_consensus,,,,,,,,False,False,unassigned_manual_review,,not_annotated_no_domain_boundaries,,False,False
9M38,A,VI-D,apo,226,227,S,,,,,,False,1051,1052,full_msa_only_unresolved_coordinate,medium,0.934065934065934,0.1753086419753086,2.555000334921787,0.0659340659340659,S,A;D;E;G;K;N;R;S;T,matches_consensus,False,True,unresolved_internal,,,,,,,,False,False,unassigned_manual_review,,not_annotated_no_domain_boundaries,,False,False
9M38,A,VI-D,apo,227,228,S,,,,,,False,1055,1056,full_msa_only_unresolved_coordinate,medium,0.8626373626373627,0.2254098360655737,2.519479610737625,0.1373626373626373,N,D;E;G;K;N;R;S;T,differs_from_consensus,False,True,unresolved_internal;scaffold_differs_from_msa_consensus,,,,,,,,False,False,unassigned_manual_review,,not_annotated_no_domain_boundaries,,False,False
9M38,A,VI-D,apo,228,229,D,,,,,,False,1056,1057,full_msa_only_unresolved_coordinate,medium,0.8131868131868132,0.168141592920354,2.4508894946563955,0.1868131868131868,R,A;D;K;N;R;S;T,differs_from_consensus,False,True,unresolved_internal;scaffold_differs_from_msa_consensus,,,,,,,,False,False,unassigned_manual_review,,not_annotated_no_domain_boundaries,,False,False
9M38,A,VI-D,apo,229,230,E,,,,,,False,1057,1058,full_msa_only_unresolved_coordinate,medium,0.521978021978022,0.1269841269841269,2.421662682717796,0.478021978021978,A,A;D;E;K;L;N;P;Q;S;T,differs_from_consensus,False,True,unresolved_internal;scaffold_differs_from_msa_consensus,,,,,,,,False,False,unassigned_manual_review,,not_annotated_no_domain_boundaries,,False,False
9M38,A,VI-D,apo,230,231,S,,,,,,False,1058,1059,full_msa_only_unresolved_coordinate,medium,0.2582417582417582,0.1521739130434782,2.626325626645996,0.7417582417582418,N,A;D;E;F;G;K;L;N;S;V,differs_from_consensus,False,True,unresolved_internal;scaffold_differs_from_msa_consensus,,,,,,,,False,False,unassigned_manual_review,,not_annotated_no_domain_boundaries,,False,False
9M38,A,VI-D,apo,231,232,D,,,,,,False,1069,1070,full_msa_only_unresolved_coordinate,medium,0.1923076923076923,0.2121212121212121,2.361930388083419,0.8076923076923077,D,D;E;G;H;K;N;R;T;V,matches_consensus,False,True,unresolved_internal,,,,,,,,False,False,unassigned_manual_review,,not_annotated_no_domain_boundaries,,False,False
9M38,A,VI-D,apo,232,233,H,118.0,H,233.0,,HIS,True,1070,1071,four_layer_exact,high,0.2142857142857142,0.2162162162162162,2.065754107628625,0.7857142857142857,D,D;E;G;H;K;Q;S,differs_from_consensus,False,True,scaffold_differs_from_msa_consensus,0.9027003523939044,surface,False,False,False,False,,True,False,unassigned_manual_review,,not_annotated_no_domain_boundaries,,False,True
9M38,A,VI-D,apo,233,234,V,119.0,V,234.0,,VAL,True,1072,1073,four_layer_exact,high,0.2857142857142857,0.1764705882352941,2.578844808230984,0.7142857142857143,I,D;I;K;L;N;Q;R;S;V,differs_from_consensus,False,True,scaffold_differs_from_msa_consensus,0.20356494863866892,surface,False,False,False,False,,True,False,unassigned_manual_review,,not_annotated_no_domain_boundaries,,False,False
9M38,A,VI-D,apo,234,235,N,120.0,N,235.0,,ASN,True,1073,1074,four_layer_exact,high,0.3901098901098901,0.1764705882352941,2.429284477153144,0.6098901098901099,A,A;D;G;K;P;S;T,differs_from_consensus,False,True,scaffold_differs_from_msa_consensus,0.4717691344354687,surface,False,False,False,False,,True,False,unassigned_manual_review,,not_annotated_no_domain_boundaries,,False,False
9M38,A,VI-D,apo,235,236,S,121.0,S,236.0,,SER,True,1074,1075,four_layer_exact,high,0.4065934065934066,0.1714285714285714,2.4148389702678728,0.5934065934065934,D,D;E;G;K;N;P;R;S,differs_from_consensus,False,True,scaffold_differs_from_msa_consensus,0.5184376185524904,surface,False,False,False,False,,True,False,unassigned_manual_review,,not_annotated_no_domain_boundaries,,False,False
9M38,A,VI-D,apo,236,237,F,122.0,F,237.0,,PHE,True,1075,1076,four_layer_exact,high,0.6538461538461539,0.2142857142857142,2.3573451971064188,0.3461538461538461,T,A;F;N;S;T;Y,differs_from_consensus,False,True,scaffold_differs_from_msa_consensus,0.20070399770674774,surface,False,False,False,False,,True,False,unassigned_manual_review,,not_annotated_no_domain_boundaries,,False,False
9M38,A,VI-D,apo,237,238,W,123.0,W,238.0,,TRP,True,1078,1079,four_layer_exact,high,0.8516483516483516,0.3916666666666666,2.1616914042489888,0.1483516483516483,W,A;S;V;W;Y,matches_consensus,True,False,,0.028060485119221677,buried_core,False,False,False,False,,True,True,unassigned_manual_review,,not_annotated_no_domain_boundaries,,True,False
9M38,A,VI-D,apo,238,239,L,124.0,L,239.0,,LEU,True,1079,1080,four_layer_exact,high,0.978021978021978,0.6153846153846154,1.3618227655954975,0.021978021978022,L,I;L,matches_consensus,True,False,,0.05669371244036411,buried_core,False,False,False,False,,True,True,unassigned_manual_review,,not_annotated_no_domain_boundaries,,True,False
9M38,A,VI-D,apo,239,240,Y,125.0,Y,240.0,,TYR,True,1080,1081,four_layer_exact,high,0.9835164835164836,0.6319444444444444,0.7720129761978174,0.0164835164835165,Y,F;Y,matches_consensus,True,False,,0.0896957910309304,buried_core,False,False,False,False,,True,True,unassigned_manual_review,,not_annotated_no_domain_boundaries,,True,False
9M38,A,VI-D,apo,240,241,Q,126.0,Q,241.0,,GLN,True,1081,1082,four_layer_exact,high,0.945054945054945,0.3941605839416058,2.045662002332108,0.0549450549450549,N,D;K;N;Q;R;S,differs_from_consensus,True,True,scaffold_differs_from_msa_consensus,0.17763687459171573,buried_core,False,False,False,False,,True,True,unassigned_manual_review,,not_annotated_no_domain_boundaries,,True,False
9M38,A,VI-D,apo,241,242,L,127.0,L,242.0,,LEU,True,1082,1083,four_layer_exact,high,0.9835164835164836,0.5277777777777778,1.7186172629535157,0.0164835164835165,L,A;I;L;S,matches_consensus,True,False,,0.05237081842976776,buried_core,False,False,False,False,,True,True,unassigned_manual_review,,not_annotated_no_domain_boundaries,,True,False
9M38,A,VI-D,apo,242,243,E,128.0,E,243.0,,GLU,True,1092,1093,four_layer_exact,high,0.9395604395604396,0.406934306569343,1.7487052880905518,0.0604395604395604,D,D;E;K;N;S,differs_from_consensus,True,True,scaffold_differs_from_msa_consensus,0.6550070787910349,surface,False,False,False,False,,True,False,unassigned_manual_review,,not_annotated_no_domain_boundaries,,True,False
9M38,A,VI-D,apo,243,244,D,129.0,D,244.0,,ASP,True,1093,1094,four_layer_exact,high,0.9065934065934066,0.2366412213740458,2.340740778692264,0.0934065934065934,K,D;E;K;N;Q;S,differs_from_consensus,True,True,scaffold_differs_from_msa_consensus,0.5395817231765827,surface,False,False,False,False,,True,False,unassigned_manual_review,,not_annotated_no_domain_boundaries,,True,False
9M38,A,VI-D,apo,244,245,Q,130.0,Q,245.0,,GLN,True,1099,1100,four_layer_exact,high,0.456043956043956,0.2131147540983606,2.715843952942517,0.543956043956044,K,D;E;F;K;Q;V,differs_from_consensus,False,True,scaffold_differs_from_msa_consensus,0.3045705102243265,surface,False,False,False,False,,True,False,unassigned_manual_review,,not_annotated_no_domain_boundaries,,False,False
9M38,A,VI-D,apo,245,246,L,131.0,L,246.0,,LEU,True,1100,1101,four_layer_exact,high,0.7142857142857143,0.6185567010309279,1.313524370036907,0.2857142857142857,L,F;I;L,matches_consensus,False,False,,0.10941170030307482,buried_core,False,False,False,False,,True,True,unassigned_manual_review,,not_annotated_no_domain_boundaries,,False,False
9M38,A,VI-D,apo,246,247,S,132.0,S,247.0,,SER,True,1113,1114,four_layer_exact,high,0.8846153846153846,0.164021164021164,2.621709658011768,0.1153846153846154,D,A;D;K;N;P;R;S,differs_from_consensus,True,True,scaffold_differs_from_msa_consensus,0.4196400020488106,surface,False,False,False,False,,True,False,unassigned_manual_review,,not_annotated_no_domain_boundaries,,True,False
9M38,A,VI-D,apo,247,248,D,133.0,D,248.0,,ASP,True,1114,1115,four_layer_exact,high,0.956043956043956,0.1894484412470023,2.3583923331809755,0.0439560439560439,P,A;D;E;G;K;N;P;Q;S,differs_from_consensus,True,True,scaffold_differs_from_msa_consensus,0.5755812496717503,surface,False,False,False,False,,True,False,unassigned_manual_review,,not_annotated_no_domain_boundaries,,True,False
9M38,A,VI-D,apo,248,249,E,134.0,E,249.0,,GLU,True,1115,1116,four_layer_exact,high,0.9725274725274724,0.5070422535211268,1.5166328558532232,0.0274725274725274,E,D;E;N,matches_consensus,True,False,,0.3906314347454413,surface,False,False,False,False,,True,False,unassigned_manual_review,,not_annotated_no_domain_boundaries,,True,False
9M38,A,VI-D,apo,249,250,F,135.0,F,250.0,,PHE,True,1124,1125,four_layer_exact,high,0.9230769230769232,0.2781954887218045,1.885466982305344,0.0769230769230768,L,A;F;I;L;V;Y,differs_from_consensus,True,True,scaffold_differs_from_msa_consensus,0.115731037370492,buried_core,False,False,False,False,,True,True,unassigned_manual_review,,not_annotated_no_domain_boundaries,,True,False
9M38,A,VI-D,apo,250,251,K,136.0,K,251.0,,LYS,True,1145,1146,four_layer_exact,high,0.978021978021978,0.2657342657342657,2.2510283909761952,0.021978021978022,K,I;K;L;R;W,matches_consensus,True,False,,0.27042206568303534,surface,False,False,False,False,,True,False,unassigned_manual_review,,not_annotated_no_domain_boundaries,,True,False
9M38,A,VI-D,apo,251,252,E,137.0,E,252.0,,GLU,True,1146,1147,four_layer_exact,high,0.9945054945054944,0.1986301369863013,2.326101214931983,0.0054945054945054,D,A;D;E;K;N;Q;S,differs_from_consensus,True,True,scaffold_differs_from_msa_consensus,0.5023771246892208,surface,False,False,False,False,,True,False,unassigned_manual_review,,not_annotated_no_domain_boundaries,,True,False
9M38,A,VI-D,apo,252,253,T,138.0,T,253.0,,THR,True,1147,1148,four_layer_exact,high,1.0,0.2857142857142857,2.118341611796008,0.0,T,F;I;L;T;V,matches_consensus,True,False,,0.04756429725770362,buried_core,False,False,False,False,,True,True,unassigned_manual_review,,not_annotated_no_domain_boundaries,,True,False
9M38,A,VI-D,apo,253,254,L,139.0,L,254.0,,LEU,True,1148,1149,four_layer_exact,high,1.0,0.6462585034013606,1.051052160330606,0.0,L,I;L;V,matches_consensus,True,False,,0.03537114479732489,buried_core,False,False,False,False,,True,True,unassigned_manual_review,,not_annotated_no_domain_boundaries,,True,False
9M38,A,VI-D,apo,254,255,S,140.0,S,255.0,,SER,True,1149,1150,four_layer_exact,high,1.0,0.54421768707483,1.492785903870701,0.0,D,D;E;N,differs_from_consensus,True,True,scaffold_differs_from_msa_consensus,0.3311590515260844,surface,False,False,False,False,,True,False,unassigned_manual_review,,not_annotated_no_domain_boundaries,,True,False
9M38,A,VI-D,apo,255,256,I,141.0,I,256.0,,ILE,True,1150,1151,four_layer_exact,high,1.0,0.1428571428571428,2.5588674590066685,0.0,K,A;D;E;K;N;R;S;T;Y,differs_from_consensus,True,True,scaffold_differs_from_msa_consensus,0.48902496903166964,surface,False,False,False,False,,True,False,unassigned_manual_review,,not_annotated_no_domain_boundaries,,True,False
9M38,A,VI-D,apo,256,257,L,142.0,L,257.0,,LEU,True,1151,1152,four_layer_exact,high,1.0,0.2993197278911564,2.2837401168457734,0.0,L,F;I;K;L;T;V;Y,matches_consensus,True,False,,0.04070178670808469,buried_core,False,False,False,False,,True,True,unassigned_manual_review,,not_annotated_no_domain_boundaries,,True,False
9M38,A,VI-D,apo,257,258,W,143.0,W,258.0,,TRP,True,1152,1153,four_layer_exact,high,1.0,0.6530612244897959,1.1214409686467792,0.0,Y,F;Y,differs_from_consensus,True,True,scaffold_differs_from_msa_consensus,0.09242014430255278,buried_core,False,False,False,False,,True,True,unassigned_manual_review,,not_annotated_no_domain_boundaries,,True,False
9M38,A,VI-D,apo,258,259,E,144.0,E,259.0,,GLU,True,1153,1154,four_layer_exact,high,1.0,0.1950113378684807,2.297177350744636,0.0,D,A;D;E;K;N;R;S,differs_from_consensus,True,True,scaffold_differs_from_msa_consensus,0.35457091000875096,surface,False,False,False,False,,True,False,unassigned_manual_review,,not_annotated_no_domain_boundaries,,True,False
9M38,A,VI-D,apo,259,260,E,145.0,E,260.0,,GLU,True,1154,1155,four_layer_exact,high,1.0,0.2789115646258503,2.3094382548538204,0.0,E,A;D;E;K;N;Q;R;S,matches_consensus,True,False,,0.27614176789271283,surface,False,False,False,False,,True,False,unassigned_manual_review,,not_annotated_no_domain_boundaries,,True,False
9M38,A,VI-D,apo,260,261,V,146.0,V,261.0,,VAL,True,1155,1156,four_layer_exact,high,1.0,0.2789115646258503,2.155414520474483,0.0,R,A;G;K;R,differs_from_consensus,True,True,scaffold_differs_from_msa_consensus,0.06246352841585774,buried_core,False,False,False,False,,True,True,unassigned_manual_review,,not_annotated_no_domain_boundaries,,True,False
9M38,A,VI-D,apo,261,262,T,147.0,T,262.0,,THR,True,1156,1157,four_layer_exact,high,1.0,0.3537414965986394,1.7471194004335109,0.0,I,F;I;L;V,differs_from_consensus,True,True,scaffold_differs_from_msa_consensus,0.03114706465298606,buried_core,False,False,False,False,,True,True,unassigned_manual_review,,not_annotated_no_domain_boundaries,,True,False
9M38,A,VI-D,apo,262,263,E,148.0,E,263.0,,GLU,True,1157,1158,four_layer_exact,high,1.0,0.2018140589569161,2.2584787038230623,0.0,D,D;E;K;N;T,differs_from_consensus,True,True,scaffold_differs_from_msa_consensus,0.4753805033060606,surface,False,False,False,False,,True,False,unassigned_manual_review,,not_annotated_no_domain_boundaries,,True,False
9M38,A,VI-D,apo,263,264,R,149.0,R,264.0,,ARG,True,1158,1159,four_layer_exact,high,1.0,0.2176870748299319,2.312275293531052,0.0,E,A;D;E;K;Q;R;S;T,differs_from_consensus,True,True,scaffold_differs_from_msa_consensus,0.38824581678392756,surface,False,False,False,False,,True,False,unassigned_manual_review,,not_annotated_no_domain_boundaries,,True,False
9M38,A,VI-D,apo,264,265,I,150.0,I,265.0,,ILE,True,1159,1160,four_layer_exact,high,0.989010989010989,0.3931034482758621,1.3740939813341857,0.0109890109890109,I,I;L;V,matches_consensus,True,False,,0.24382127034336173,surface,False,False,False,False,,True,False,unassigned_manual_review,,not_annotated_no_domain_boundaries,,True,False
9M38,A,VI-D,apo,265,266,D,151.0,D,266.0,,ASP,True,1160,1161,four_layer_exact,high,0.989010989010989,0.7517241379310344,1.1115490089747386,0.0109890109890109,N,D;N,differs_from_consensus,True,True,scaffold_differs_from_msa_consensus,0.23537658600166161,surface,False,False,False,False,,True,False,unassigned_manual_review,,not_annotated_no_domain_boundaries,,True,False
9M38,A,VI-D,apo,266,267,S,152.0,S,267.0,,SER,True,1161,1162,four_layer_exact,high,0.9835164835164836,0.2638888888888889,2.2512048529561555,0.0164835164835165,K,A;D;E;K;N;R;S,differs_from_consensus,True,True,scaffold_differs_from_msa_consensus,0.5673255024971581,surface,False,False,False,False,,True,False,unassigned_manual_review,,not_annotated_no_domain_boundaries,,True,False
9M38,A,VI-D,apo,267,268,E,153.0,E,268.0,,GLU,True,1162,1163,four_layer_exact,high,0.9835164835164836,0.2523148148148147,1.895333690020296,0.0164835164835165,D,D;E;G;N;S,differs_from_consensus,True,True,scaffold_differs_from_msa_consensus,0.5029877488684908,surface,False,False,False,False,,True,False,unassigned_manual_review,,not_annotated_no_domain_boundaries,,True,False
9M38,A,VI-D,apo,268,269,F,154.0,F,269.0,,PHE,True,1164,1165,four_layer_exact,high,0.9945054945054944,0.9657534246575342,0.1722554178011724,0.0054945054945054,F,F,matches_consensus,True,False,,0.19397009857353312,buried_core,False,False,False,False,,True,True,unassigned_manual_review,,not_annotated_no_domain_boundaries,,True,False
9M38,A,VI-D,apo,269,270,L,155.0,L,270.0,,LEU,True,1165,1166,four_layer_exact,high,0.9945054945054944,0.2671232876712329,2.2388035855694746,0.0054945054945054,I,A;F;I;L;V,differs_from_consensus,True,True,scaffold_differs_from_msa_consensus,0.47455091818606243,surface,False,False,False,False,,True,False,unassigned_manual_review,,not_annotated_no_domain_boundaries,,True,False
9M38,A,VI-D,apo,270,271,K,156.0,K,271.0,,LYS,True,1166,1167,four_layer_exact,high,0.9945054945054944,0.3698630136986301,1.9018254981732936,0.0054945054945054,K,D;E;K;N;S;T,matches_consensus,True,False,,0.44855659907955064,surface,False,False,False,False,,True,False,unassigned_manual_review,,not_annotated_no_domain_boundaries,,True,False
9M38,A,VI-D,apo,271,272,T,157.0,T,272.0,,THR,True,1185,1186,four_layer_exact,high,1.0,0.4217687074829932,1.7103184593830911,0.0,N,H;K;N;Q;T,differs_from_consensus,True,True,scaffold_differs_from_msa_consensus,0.7707560767625973,surface,False,False,False,False,,True,False,unassigned_manual_review,,not_annotated_no_domain_boundaries,,True,False
9M38,A,VI-D,apo,272,273,N,158.0,N,273.0,,ASN,True,1186,1187,four_layer_exact,high,1.0,0.3809523809523809,1.5139112730778306,0.0,N,A;N;S,matches_consensus,True,False,,0.14138636239872054,buried_core,False,False,False,False,,True,True,unassigned_manual_review,,not_annotated_no_domain_boundaries,,True,False
9M38,A,VI-D,apo,273,274,T,159.0,T,274.0,,THR,True,1205,1206,four_layer_exact,high,0.989010989010989,0.4758620689655172,1.9274362618765344,0.0109890109890109,K,A;K;R;S,differs_from_consensus,True,True,scaffold_differs_from_msa_consensus,0.1267902958812279,buried_core,False,False,False,False,,True,True,unassigned_manual_review,,not_annotated_no_domain_boundaries,,True,False
9M38,A,VI-D,apo,274,275,V,160.0,V,275.0,,VAL,True,1206,1207,four_layer_exact,high,0.9835164835164836,0.2777777777777778,1.9833296245501533,0.0164835164835165,V,K;N;R;T;V,matches_consensus,True,False,,0.11798666478550905,buried_core,False,False,False,False,,True,True,unassigned_manual_review,,not_annotated_no_domain_boundaries,,True,False
9M38,A,VI-D,apo,275,276,N,161.0,N,276.0,,ASN,True,1208,1209,four_layer_exact,high,1.0,0.8299319727891157,0.5496289992148657,0.0,N,D;N,matches_consensus,True,False,,0.06627639192158107,buried_core,False,False,False,False,,True,True,unassigned_manual_review,,not_annotated_no_domain_boundaries,,True,False
9M38,A,VI-D,apo,276,277,L,162.0,L,277.0,,LEU,True,1209,1210,four_layer_exact,high,1.0,0.6122448979591837,1.1209026347865876,0.0,L,F;I;L;V,matches_consensus,True,False,,0.11415391096894731,buried_core,False,False,False,False,,True,True,unassigned_manual_review,,not_annotated_no_domain_boundaries,,True,False
9M38,A,VI-D,apo,277,278,H,163.0,H,278.0,,HIS,True,1210,1211,four_layer_exact,high,1.0,0.1972789115646258,2.6782287151563526,0.0,Y,A;K;L;N;Q;S;Y,differs_from_consensus,True,True,scaffold_differs_from_msa_consensus,0.17924676654308805,buried_core,False,False,False,False,,True,True,unassigned_manual_review,,not_annotated_no_domain_boundaries,,True,False
9M38,A,VI-D,apo,278,279,I,164.0,I,279.0,,ILE,True,1211,1212,four_layer_exact,high,1.0,0.6122448979591837,1.3254426319926962,0.0,I,I;L;V,matches_consensus,True,False,,0.07969120207370006,buried_core,False,False,False,False,,True,True,unassigned_manual_review,,not_annotated_no_domain_boundaries,,True,False
9M38,A,VI-D,apo,279,280,L,165.0,L,280.0,,LEU,True,1212,1213,four_layer_exact,high,1.0,0.782312925170068,0.6506324030379541,0.0,L,I;L,matches_consensus,True,False,,0.04738734595195092,buried_core,False,False,False,False,,True,True,unassigned_manual_review,,not_annotated_no_domain_boundaries,,True,False
9M38,A,VI-D,apo,280,281,C,166.0,C,281.0,,CYS,True,1213,1214,four_layer_exact,high,1.0,0.2789115646258503,2.4016508680885007,0.0,F,A;C;E;F;K;S,differs_from_consensus,True,True,scaffold_differs_from_msa_consensus,0.3204397417479427,surface,False,False,False,False,,True,False,unassigned_manual_review,,not_annotated_no_domain_boundaries,,True,False
9M38,A,VI-D,apo,281,282,H,167.0,H,282.0,,HIS,True,1214,1215,four_layer_exact,high,1.0,0.2267573696145124,2.253763267631969,0.0,E,D;E;K;N;Q;R;S,differs_from_consensus,True,True,scaffold_differs_from_msa_consensus,0.6708486827639627,surface,False,False,False,False,,True,False,unassigned_manual_review,,not_annotated_no_domain_boundaries,,True,False
9M38,A,VI-D,apo,282,283,V,168.0,V,283.0,,VAL,True,1219,1220,four_layer_exact,high,0.989010989010989,0.2850574712643677,1.7954617694267447,0.0109890109890109,I,A;I;L;V;Y,differs_from_consensus,True,True,scaffold_differs_from_msa_consensus,0.38767368898131277,surface,False,False,False,False,,True,False,unassigned_manual_review,,not_annotated_no_domain_boundaries,,True,False
9M38,A,VI-D,apo,283,284,F,169.0,F,284.0,,PHE,True,1220,1221,four_layer_exact,high,0.9835164835164836,0.4025607638888889,1.4280767284554827,0.0164835164835165,Y,F;L;Y,differs_from_consensus,True,True,scaffold_differs_from_msa_consensus,0.2359264873412453,surface,False,False,False,False,,True,False,unassigned_manual_review,,not_annotated_no_domain_boundaries,,True,False
9M38,A,VI-D,apo,284,285,P,170.0,P,285.0,,PRO,True,1238,1239,four_layer_exact,high,0.8076923076923077,0.1617647058823529,2.468053632903694,0.1923076923076923,D,D;E;G;K;N;P;R;S;T,differs_from_consensus,True,True,scaffold_differs_from_msa_consensus,0.6241771607796415,surface,False,False,False,False,,True,False,unassigned_manual_review,,not_annotated_no_domain_boundaries,,True,False
9M38,A,VI-D,apo,285,286,K,171.0,K,286.0,,LYS,True,1239,1240,four_layer_exact,high,0.8406593406593407,0.2128851540616246,2.2749309544108747,0.1593406593406593,D,D;E;K;L;N;P;S,differs_from_consensus,True,True,scaffold_differs_from_msa_consensus,0.7744512571723481,surface,False,False,False,False,,True,False,unassigned_manual_review,,not_annotated_no_domain_boundaries,,True,False
9M38,A,VI-D,apo,286,287,E,172.0,E,287.0,,GLU,True,1244,1245,four_layer_exact,high,0.8956043956043956,0.3515625,2.327869116409754,0.1043956043956043,E,A;D;E;K;S,matches_consensus,True,False,,0.2801564133710931,surface,False,False,False,False,,True,False,unassigned_manual_review,,not_annotated_no_domain_boundaries,,True,False
9M38,A,VI-D,apo,287,288,S,173.0,S,288.0,,SER,True,1245,1246,four_layer_exact,high,0.9010989010989012,0.2248062015503876,2.230511985753227,0.0989010989010988,E,D;E;K;N;Q;S,differs_from_consensus,True,True,scaffold_differs_from_msa_consensus,0.42137513407389776,surface,False,False,False,False,,True,False,unassigned_manual_review,,not_annotated_no_domain_boundaries,,True,False
9M38,A,VI-D,apo,288,289,K,174.0,K,289.0,,LYS,True,1246,1247,four_layer_exact,high,0.9010989010989012,0.3798449612403101,2.298417626079189,0.0989010989010988,K,F;K;L;Q;R,matches_consensus,True,False,,0.6124795257632217,surface,False,False,False,False,,True,False,unassigned_manual_review,,not_annotated_no_domain_boundaries,,True,False
9M38,A,VI-D,apo,289,290,E,175.0,E,290.0,,GLU,True,1247,1248,four_layer_exact,high,0.967032967032967,0.2907801418439716,2.215610866826668,0.0329670329670329,K,A;D;E;K;N,differs_from_consensus,True,True,scaffold_differs_from_msa_consensus,0.37203827786558563,surface,False,False,False,False,,True,False,unassigned_manual_review,,not_annotated_no_domain_boundaries,,True,False
9M38,A,VI-D,apo,290,291,T,176.0,T,291.0,,THR,True,1248,1249,four_layer_exact,high,0.978021978021978,0.2657342657342657,2.210779940638721,0.021978021978022,E,A;D;E;K;N;Q;T,differs_from_consensus,True,True,scaffold_differs_from_msa_consensus,0.347575874993154,surface,False,False,False,False,,True,False,unassigned_manual_review,,not_annotated_no_domain_boundaries,,True,False
9M38,A,VI-D,apo,291,292,I,177.0,I,292.0,,ILE,True,1255,1256,four_layer_exact,high,1.0,0.5034013605442177,1.4518623197294174,0.0,L,I;L;V,differs_from_consensus,True,True,scaffold_differs_from_msa_consensus,0.018390277401623092,buried_core,False,False,False,False,,True,True,unassigned_manual_review,,not_annotated_no_domain_boundaries,,True,False
9M38,A,VI-D,apo,292,293,V,178.0,V,293.0,,VAL,True,1256,1257,four_layer_exact,high,1.0,0.2993197278911564,1.9395287444864755,0.0,A,A;I;L;T;V,differs_from_consensus,True,True,scaffold_differs_from_msa_consensus,0.24291372161722455,surface,False,False,False,False,,True,False,unassigned_manual_review,,not_annotated_no_domain_boundaries,,True,False
9M38,A,VI-D,apo,293,294,R,179.0,R,294.0,,ARG,True,1257,1258,four_layer_exact,high,1.0,0.2585034013605442,2.084442976404572,0.0,R,E;K;N;Q;R,matches_consensus,True,False,,0.4245828074326749,surface,False,False,False,False,,True,False,unassigned_manual_review,,not_annotated_no_domain_boundaries,,True,False
9M38,A,VI-D,apo,294,295,A,180.0,A,295.0,,ALA,True,1258,1259,four_layer_exact,high,1.0,0.3265306122448979,2.0622700135974417,0.0,E,A;D;E;K;L;Q,differs_from_consensus,True,True,scaffold_differs_from_msa_consensus,0.26726001160657975,surface,False,False,False,False,,True,False,unassigned_manual_review,,not_annotated_no_domain_boundaries,,True,False
9M38,A,VI-D,apo,295,296,Y,181.0,Y,296.0,,TYR,True,1259,1260,four_layer_exact,high,1.0,0.8299319727891157,0.5763658118470587,0.0,Y,F;Y,matches_consensus,True,False,,0.043846408336465324,buried_core,False,False,False,False,,True,True,unassigned_manual_review,,not_annotated_no_domain_boundaries,,True,False
9M38,A,VI-D,apo,296,297,Y,182.0,Y,297.0,,TYR,True,1260,1261,four_layer_exact,high,1.0,0.8639455782312925,0.5195563462488444,0.0,Y,F;Y,matches_consensus,True,False,,0.19071412088978273,buried_core,False,False,False,False,,True,True,unassigned_manual_review,,not_annotated_no_domain_boundaries,,True,False
9M38,A,VI-D,apo,297,298,E,183.0,E,298.0,,GLU,True,1261,1262,four_layer_exact,high,1.0,0.3877551020408163,1.9020060843287692,0.0,D,D;E;K;N;R,differs_from_consensus,True,True,scaffold_differs_from_msa_consensus,0.22659431545486433,surface,False,False,False,False,,True,False,unassigned_manual_review,,not_annotated_no_domain_boundaries,,True,False
9M38,A,VI-D,apo,298,299,F,184.0,F,299.0,,PHE,True,1262,1263,four_layer_exact,high,1.0,0.8231292517006803,0.6533785638727668,0.0,F,F;L;Y,matches_consensus,True,False,,0.10510009727025435,buried_core,False,False,False,False,,True,True,unassigned_manual_review,,not_annotated_no_domain_boundaries,,True,False
9M38,A,VI-D,apo,299,300,L,185.0,L,300.0,,LEU,True,1263,1264,four_layer_exact,high,1.0,0.238095238095238,1.9716622477744783,0.0,I,A;I;L;S;T;V,differs_from_consensus,True,True,scaffold_differs_from_msa_consensus,0.26553328789154734,surface,False,False,False,False,,True,False,unassigned_manual_review,,not_annotated_no_domain_boundaries,,True,False
9M38,A,VI-D,apo,300,301,I,186.0,I,301.0,,ILE,True,1264,1265,four_layer_exact,high,1.0,0.5238095238095238,1.256953151755419,0.0,V,I;V,differs_from_consensus,True,True,scaffold_differs_from_msa_consensus,0.1307147492437309,buried_core,False,False,False,False,,True,True,unassigned_manual_review,,not_annotated_no_domain_boundaries,,True,False
9M38,A,VI-D,apo,301,302,K,187.0,K,302.0,,LYS,True,1265,1266,four_layer_exact,high,1.0,0.2312925170068027,2.29246263815805,0.0,L,K;L;R;T;V,differs_from_consensus,True,True,scaffold_differs_from_msa_consensus,0.13014446922494055,buried_core,False,False,False,False,,True,True,unassigned_manual_review,,not_annotated_no_domain_boundaries,,True,False
9M38,A,VI-D,apo,302,303,K,188.0,K,303.0,,LYS,True,1266,1267,four_layer_exact,high,1.0,0.8979591836734694,0.5457328038407442,0.0,K,K,matches_consensus,True,False,,0.2987407013464924,surface,False,False,False,False,,True,False,unassigned_manual_review,,not_annotated_no_domain_boundaries,,True,False
9M38,A,VI-D,apo,303,304,S,189.0,S,304.0,,SER,True,1267,1268,four_layer_exact,high,1.0,0.3537414965986394,2.046123816334197,0.0,E,D;E;K;N;Q;S;T,differs_from_consensus,True,True,scaffold_differs_from_msa_consensus,0.3415857340549328,surface,False,False,False,False,,True,False,unassigned_manual_review,,not_annotated_no_domain_boundaries,,True,False
9M38,A,VI-D,apo,304,305,F,190.0,F,305.0,,PHE,True,1268,1269,four_layer_exact,high,1.0,0.3333333333333333,2.0479296015683297,0.0,Y,D;G;H;N;Q;Y,differs_from_consensus,True,True,scaffold_differs_from_msa_consensus,0.22434521546329675,surface,False,False,False,False,,True,False,unassigned_manual_review,,not_annotated_no_domain_boundaries,,True,False
9M38,A,VI-D,apo,305,306,K,191.0,K,306.0,,LYS,True,1270,1271,four_layer_exact,high,1.0,0.8299319727891157,0.7833546044022643,0.0,K,K,matches_consensus,True,False,,0.491245625003191,surface,False,False,False,False,,True,False,unassigned_manual_review,,not_annotated_no_domain_boundaries,,True,False
9M38,A,VI-D,apo,306,307,N,192.0,N,307.0,,ASN,True,1271,1272,four_layer_exact,high,1.0,0.8979591836734694,0.5098511654738686,0.0,N,N,matches_consensus,True,False,,0.3946386204493927,surface,False,False,False,False,,True,False,unassigned_manual_review,,not_annotated_no_domain_boundaries,,True,False
9M38,A,VI-D,apo,307,308,M,193.0,M,308.0,,MET,True,1272,1273,four_layer_exact,high,1.0,0.4761904761904761,1.4215496408747057,0.0,L,I;L;M,differs_from_consensus,True,True,scaffold_differs_from_msa_consensus,0.22694416530582157,surface,False,False,False,False,,True,False,unassigned_manual_review,,not_annotated_no_domain_boundaries,,True,False
9M38,A,VI-D,apo,308,309,G,194.0,G,309.0,,GLY,True,1273,1274,four_layer_exact,high,1.0,0.9931972789115646,0.0407280509323613,0.0,G,G,matches_consensus,True,False,,0.6319796944642574,surface,False,False,False,False,,True,False,unassigned_manual_review,,not_annotated_no_domain_boundaries,,True,False
9M38,A,VI-D,apo,309,310,F,195.0,F,310.0,,PHE,True,1274,1275,four_layer_exact,high,1.0,0.673469387755102,1.024525939789765,0.0,F,F;I;L;V,matches_consensus,True,False,,0.08709332593791866,buried_core,False,False,False,False,,True,True,unassigned_manual_review,,not_annotated_no_domain_boundaries,,True,False
9M38,A,VI-D,apo,310,311,S,196.0,S,311.0,,SER,True,1275,1276,four_layer_exact,high,1.0,0.6802721088435374,0.8701824883160747,0.0,S,N;S,matches_consensus,True,False,,0.2749794296907362,surface,False,False,False,False,,True,False,unassigned_manual_review,,not_annotated_no_domain_boundaries,,True,False
9M38,A,VI-D,apo,311,312,I,197.0,I,312.0,,ILE,True,1276,1277,four_layer_exact,high,1.0,0.4897959183673469,1.4029766224170417,0.0,I,I;L;V,matches_consensus,True,False,,0.036780554803246185,buried_core,False,False,False,False,,True,True,unassigned_manual_review,,not_annotated_no_domain_boundaries,,True,False
9M38,A,VI-D,apo,312,313,K,198.0,K,313.0,,LYS,True,1277,1278,four_layer_exact,high,1.0,0.6326530612244898,1.231637905784032,0.0,K,K;R;T,matches_consensus,True,False,,0.5428672105403163,surface,False,False,False,False,,True,False,unassigned_manual_review,,not_annotated_no_domain_boundaries,,True,False
9M38,A,VI-D,apo,313,314,K,199.0,K,314.0,,LYS,True,1278,1279,four_layer_exact,high,1.0,0.5374149659863946,1.6664890810719153,0.0,K,K;L;R;T,matches_consensus,True,False,,0.2234092498160594,surface,False,False,False,False,,True,False,unassigned_manual_review,,not_annotated_no_domain_boundaries,,True,False
9M38,A,VI-D,apo,314,315,L,200.0,L,315.0,,LEU,True,1279,1280,four_layer_exact,high,1.0,0.7074829931972789,0.9403957543104906,0.0,L,I;L;V,matches_consensus,True,False,,0.030040502886565082,buried_core,False,False,False,False,,True,True,unassigned_manual_review,,not_annotated_no_domain_boundaries,,True,False
9M38,A,VI-D,apo,315,316,R,201.0,R,316.0,,ARG,True,1280,1281,four_layer_exact,high,1.0,0.9183673469387756,0.3724215158765141,0.0,R,K;R,matches_consensus,True,False,,0.1622352384686961,buried_core,False,False,False,False,,True,True,unassigned_manual_review,,not_annotated_no_domain_boundaries,,True,False
9M38,A,VI-D,apo,316,317,E,202.0,E,317.0,,GLU,True,1281,1282,four_layer_exact,high,1.0,0.9387755102040816,0.3329962617527603,0.0,E,E,matches_consensus,True,False,,0.36311964851853,surface,False,False,False,False,,True,False,unassigned_manual_review,,not_annotated_no_domain_boundaries,,True,False
9M38,A,VI-D,apo,317,318,I,203.0,I,318.0,,ILE,True,1282,1283,four_layer_exact,high,0.9835164835164836,0.1529947916666666,2.6583769167918456,0.0164835164835165,I,A;C;E;I;K;L;N;Q;S;T,matches_consensus,True,False,,0.08582129454090776,buried_core,False,False,False,False,,True,True,unassigned_manual_review,,not_annotated_no_domain_boundaries,,True,False
9M38,A,VI-D,apo,318,319,M,204.0,M,319.0,,MET,True,1283,1284,four_layer_exact,high,0.9835164835164836,0.388671875,1.4537946797931418,0.0164835164835165,M,I;L;M,matches_consensus,True,False,,0.043129579144282726,buried_core,False,False,False,False,,True,True,unassigned_manual_review,,not_annotated_no_domain_boundaries,,True,False
9M38,A,VI-D,apo,319,320,L,205.0,L,320.0,,LEU,True,1284,1285,four_layer_exact,high,0.989010989010989,0.4896551724137931,1.4849654532787977,0.0109890109890109,L,F;I;L;V,matches_consensus,True,False,,0.16018633958779177,buried_core,False,False,False,False,,True,True,unassigned_manual_review,,not_annotated_no_domain_boundaries,,True,False
9M38,A,VI-D,apo,320,321,E,206.0,E,321.0,,GLU,True,1285,1286,four_layer_exact,high,0.967032967032967,0.3215130023640661,2.0545554518651894,0.0329670329670329,E,A;D;E;K;T,matches_consensus,True,False,,0.5066514939441104,surface,False,False,False,False,,True,False,unassigned_manual_review,,not_annotated_no_domain_boundaries,,True,False
9M38,A,VI-D,apo,321,322,Q,207.0,Q,322.0,,GLN,True,1286,1287,four_layer_exact,high,0.9505494505494504,0.1857142857142857,2.6199475077964154,0.0494505494505495,L,D;E;I;K;L;N;Q;R;S,differs_from_consensus,True,True,scaffold_differs_from_msa_consensus,0.15290759763552242,buried_core,False,False,False,False,,True,True,unassigned_manual_review,,not_annotated_no_domain_boundaries,,True,False
9M38,A,VI-D,apo,322,323,S,208.0,S,323.0,,SER,True,1294,1295,four_layer_exact,high,0.6648351648351648,0.2183908045977011,2.2766275839962757,0.3351648351648352,P,D;E;K;P;S;T,differs_from_consensus,False,True,scaffold_differs_from_msa_consensus,0.5755449628326134,surface,False,False,False,False,,True,False,unassigned_manual_review,,not_annotated_no_domain_boundaries,,False,False
9M38,A,VI-D,apo,323,324,D,209.0,D,324.0,,ASP,True,1295,1296,four_layer_exact,high,0.7527472527472527,0.2721480582524271,2.300478646670668,0.2472527472527472,E,D;E;G;N;Q;Y,differs_from_consensus,False,True,scaffold_differs_from_msa_consensus,0.3200616831254709,surface,False,False,False,False,,True,False,unassigned_manual_review,,not_annotated_no_domain_boundaries,,False,False
9M38,A,VI-D,apo,324,325,L,210.0,L,325.0,,LEU,True,1296,1297,four_layer_exact,high,0.7527472527472527,0.3689320388349514,2.0793457834291,0.2472527472527472,A,A;F;G;L;Y,differs_from_consensus,False,True,scaffold_differs_from_msa_consensus,0.05339544652926394,buried_core,False,False,False,False,,True,True,unassigned_manual_review,,not_annotated_no_domain_boundaries,,False,False
9M38,A,VI-D,apo,325,326,K,211.0,K,326.0,,LYS,True,1297,1298,four_layer_exact,high,0.7637362637362637,0.2,2.495497538984417,0.2362637362637363,S,A;E;K;N;P;Q;S;T,differs_from_consensus,False,True,scaffold_differs_from_msa_consensus,0.3614726624213707,surface,False,False,False,False,,True,False,unassigned_manual_review,,not_annotated_no_domain_boundaries,,False,False
9M38,A,VI-D,apo,326,327,S,212.0,S,327.0,,SER,True,1298,1299,four_layer_exact,high,0.5439560439560439,0.1354166666666666,2.80145769037482,0.4560439560439561,E,D;E;F;G;K;R;V;Y,differs_from_consensus,False,True,scaffold_differs_from_msa_consensus,0.37550131438942375,surface,False,False,False,False,,True,False,unassigned_manual_review,,not_annotated_no_domain_boundaries,,False,False
9M38,A,VI-D,apo,327,328,F,213.0,F,328.0,,PHE,True,1304,1305,four_layer_exact,high,0.7692307692307693,0.437956204379562,1.5540738784102612,0.2307692307692307,L,F;I;L;V;Y,differs_from_consensus,False,True,scaffold_differs_from_msa_consensus,0.14414506740612973,buried_core,False,False,False,False,,True,True,unassigned_manual_review,,not_annotated_no_domain_boundaries,,False,False
9M38,A,VI-D,apo,328,329,K,214.0,K,329.0,,LYS,True,1317,1318,four_layer_exact,high,0.7417582417582418,0.3939393939393939,1.895624631418794,0.2582417582417582,K,K;N;R;S;T,matches_consensus,False,False,,0.5740417669152188,surface,False,False,False,False,,True,False,unassigned_manual_review,,not_annotated_no_domain_boundaries,,False,False
9M38,A,VI-D,apo,329,330,E,215.0,E,330.0,,GLU,True,1318,1319,four_layer_exact,high,0.9505494505494504,0.4364508393285372,1.726737219707108,0.0494505494505495,D,D;E;G;N;S,differs_from_consensus,True,True,scaffold_differs_from_msa_consensus,0.4184143840907216,surface,False,False,False,False,,True,False,unassigned_manual_review,,not_annotated_no_domain_boundaries,,True,False
9M38,A,VI-D,apo,330,331,D,216.0,D,331.0,,ASP,True,1319,1320,four_layer_exact,high,0.9505494505494504,0.4170413669064748,1.9166068960674485,0.0494505494505495,K,D;E;K;N;Q;T,differs_from_consensus,True,True,scaffold_differs_from_msa_consensus,0.664750848225943,surface,False,False,False,False,,True,False,unassigned_manual_review,,not_annotated_no_domain_boundaries,,True,False
9M38,A,VI-D,apo,331,332,K,217.0,K,332.0,,LYS,True,1320,1321,four_layer_exact,high,0.945054945054945,0.2900815217391304,2.26751313735381,0.0549450549450549,K,D;E;K;Q;S,matches_consensus,True,False,,0.6013041352317393,surface,False,False,False,False,,True,False,unassigned_manual_review,,not_annotated_no_domain_boundaries,,True,False
9M38,A,VI-D,apo,332,333,Y,218.0,Y,333.0,,TYR,True,1328,1329,four_layer_exact,high,0.9835164835164836,0.5763888888888888,1.5655954542862445,0.0164835164835165,Y,F;H;L;M;Y,matches_consensus,True,False,,0.22123501604032636,surface,False,False,False,False,,True,False,unassigned_manual_review,,not_annotated_no_domain_boundaries,,True,False
9M38,A,VI-D,apo,333,334,N,219.0,N,334.0,,ASN,True,1329,1330,four_layer_exact,high,0.989010989010989,0.7034482758620689,0.9771299884301744,0.0109890109890109,D,D;N;S,differs_from_consensus,True,True,scaffold_differs_from_msa_consensus,0.39382683290770515,surface,False,False,False,False,,True,False,unassigned_manual_review,,not_annotated_no_domain_boundaries,,True,False
9M38,A,VI-D,apo,334,335,S,220.0,S,335.0,,SER,True,1339,1340,four_layer_exact,high,1.0,0.5644132653061225,1.3492588774272718,0.0,S,N;S;T,matches_consensus,True,False,,0.6390601021723952,surface,False,False,False,False,,True,False,unassigned_manual_review,,not_annotated_no_domain_boundaries,,True,False
9M38,A,VI-D,apo,335,336,V,221.0,V,336.0,,VAL,True,1340,1341,four_layer_exact,high,1.0,0.4217687074829932,1.925199117995484,0.0,V,C;F;I;V;Y,matches_consensus,True,False,,0.16578682754586666,buried_core,False,False,False,False,,True,True,unassigned_manual_review,,not_annotated_no_domain_boundaries,,True,False
9M38,A,VI-D,apo,336,337,R,222.0,R,337.0,,ARG,True,1341,1342,four_layer_exact,high,1.0,0.891156462585034,0.447573497919058,0.0,R,K;R,matches_consensus,True,False,,0.5511426242165366,surface,False,False,False,False,,True,False,unassigned_manual_review,,not_annotated_no_domain_boundaries,,True,False
9M38,A,VI-D,apo,337,338,A,223.0,A,338.0,,ALA,True,1342,1343,four_layer_exact,high,1.0,0.4285714285714285,1.8646521770095157,0.0,S,G;H;N;Q;S,differs_from_consensus,True,True,scaffold_differs_from_msa_consensus,0.5343221759362776,surface,False,False,False,False,,True,False,unassigned_manual_review,,not_annotated_no_domain_boundaries,,True,False
9M38,A,VI-D,apo,338,339,K,224.0,K,339.0,,LYS,True,1343,1344,four_layer_exact,high,1.0,0.8843537414965986,0.5502227380803095,0.0,K,K;R,matches_consensus,True,False,,0.42634298314668145,surface,False,False,False,False,,True,False,unassigned_manual_review,,not_annotated_no_domain_boundaries,,True,False
9M38,A,VI-D,apo,339,340,L,225.0,L,340.0,,LEU,True,1344,1345,four_layer_exact,high,1.0,0.6326530612244898,1.2602980918772664,0.0,L,F;I;L;M,matches_consensus,True,False,,0.13750885461164616,buried_core,False,False,False,False,,True,True,unassigned_manual_review,,not_annotated_no_domain_boundaries,,True,False
9M38,A,VI-D,apo,340,341,Y,226.0,Y,341.0,,TYR,True,1345,1346,four_layer_exact,high,1.0,0.7414965986394558,0.8412463775084362,0.0,Y,N;Y,matches_consensus,True,False,,0.3874371648535647,surface,False,False,False,False,,True,False,unassigned_manual_review,,not_annotated_no_domain_boundaries,,True,False
9M38,A,VI-D,apo,341,342,K,227.0,K,342.0,,LYS,True,1346,1347,four_layer_exact,high,1.0,0.2789115646258503,2.131463212267474,0.0,K,K;Q;R;S;T,matches_consensus,True,False,,0.3573076560253743,surface,False,False,False,False,,True,False,unassigned_manual_review,,not_annotated_no_domain_boundaries,,True,False
9M38,A,VI-D,apo,342,343,L,228.0,L,343.0,,LEU,True,1347,1348,four_layer_exact,high,1.0,0.4421768707482993,1.7099606389579318,0.0,L,F;I;L;M;V,matches_consensus,True,False,,0.13818631327819939,buried_core,False,False,False,False,,True,True,unassigned_manual_review,,not_annotated_no_domain_boundaries,,True,False
9M38,A,VI-D,apo,343,344,F,229.0,F,344.0,,PHE,True,1348,1349,four_layer_exact,high,1.0,0.272108843537415,1.916129955052642,0.0,I,F;I;L;M;T,differs_from_consensus,True,True,scaffold_differs_from_msa_consensus,0.12076282160399163,buried_core,False,False,False,False,,True,True,unassigned_manual_review,,not_annotated_no_domain_boundaries,,True,False
9M38,A,VI-D,apo,344,345,D,230.0,D,345.0,,ASP,True,1349,1350,four_layer_exact,high,1.0,0.8299319727891157,0.7323686358194832,0.0,D,D;N,matches_consensus,True,False,,0.0957882994457028,buried_core,False,False,False,False,,True,True,unassigned_manual_review,,not_annotated_no_domain_boundaries,,True,False
9M38,A,VI-D,apo,345,346,F,231.0,F,346.0,,PHE,True,1350,1351,four_layer_exact,high,1.0,0.8775510204081632,0.4144903141283139,0.0,F,F;Y,matches_consensus,True,False,,0.055349626568496166,buried_core,False,False,False,False,,True,True,unassigned_manual_review,,not_annotated_no_domain_boundaries,,True,False
9M38,A,VI-D,apo,346,347,I,232.0,I,347.0,,ILE,True,1351,1352,four_layer_exact,high,1.0,0.2993197278911564,1.8451094753767685,0.0,I,A;C;I;L;M;V,matches_consensus,True,False,,0.15869118997492704,buried_core,False,False,False,False,,True,True,unassigned_manual_review,,not_annotated_no_domain_boundaries,,True,False
9M38,A,VI-D,apo,347,348,I,233.0,I,348.0,,ILE,True,1352,1353,four_layer_exact,high,1.0,0.5850340136054422,0.8941066555717766,0.0,I,I;L,matches_consensus,True,False,,0.030650462336038485,buried_core,False,False,False,False,,True,True,unassigned_manual_review,,not_annotated_no_domain_boundaries,,True,False
9M38,A,VI-D,apo,348,349,T,234.0,T,349.0,,THR,True,1353,1354,four_layer_exact,high,1.0,0.4897959183673469,1.630093046751539,0.0,Y,F;V;W;Y,differs_from_consensus,True,True,scaffold_differs_from_msa_consensus,0.1831320568924728,buried_core,False,False,False,False,,True,True,unassigned_manual_review,,not_annotated_no_domain_boundaries,,True,False
9M38,A,VI-D,apo,349,350,Y,235.0,Y,350.0,,TYR,True,1354,1355,four_layer_exact,high,0.9945054945054944,0.2330907534246575,2.197380744921965,0.0054945054945054,R,D;H;K;R;Y,differs_from_consensus,True,True,scaffold_differs_from_msa_consensus,0.22641255185694978,surface,False,False,False,False,,True,False,unassigned_manual_review,,not_annotated_no_domain_boundaries,,True,False
9M38,A,VI-D,apo,350,351,Y,236.0,Y,351.0,,TYR,True,1355,1356,four_layer_exact,high,0.989010989010989,0.3586206896551724,2.3468570009870247,0.0109890109890109,Y,E;G;H;Y,matches_consensus,True,False,,0.24774996247487047,surface,False,False,False,False,,True,False,unassigned_manual_review,,not_annotated_no_domain_boundaries,,True,False
9M38,A,VI-D,apo,351,352,Y,237.0,Y,352.0,,TYR,True,1356,1357,four_layer_exact,high,0.989010989010989,0.5103448275862069,1.398364346465243,0.0109890109890109,Y,F;I;L;Y,matches_consensus,True,False,,0.07702411136397028,buried_core,False,False,False,False,,True,True,unassigned_manual_review,,not_annotated_no_domain_boundaries,,True,False
9M38,A,VI-D,apo,352,353,D,238.0,D,353.0,,ASP,True,1357,1358,four_layer_exact,high,0.9725274725274724,0.1549295774647887,2.615096154671812,0.0274725274725274,K,E;I;K;L;N;R;S;T;V,differs_from_consensus,True,True,scaffold_differs_from_msa_consensus,0.5721150149255015,surface,False,False,False,False,,True,False,unassigned_manual_review,,not_annotated_no_domain_boundaries,,True,False
9M38,A,VI-D,apo,353,354,H,239.0,H,354.0,,HIS,True,1364,1365,four_layer_exact,high,0.8406593406593407,0.2370233050847457,2.2794906108007345,0.1593406593406593,E,D;E;K;N;Q;S,differs_from_consensus,True,True,scaffold_differs_from_msa_consensus,0.5060998053185034,surface,False,False,False,False,,True,False,unassigned_manual_review,,not_annotated_no_domain_boundaries,,True,False
9M38,A,VI-D,apo,354,355,H,240.0,H,355.0,,HIS,True,1378,1379,four_layer_exact,high,0.956043956043956,0.2568195443645084,2.1486389561885093,0.0439560439560439,N,D;E;H;K;N;R;S,differs_from_consensus,True,True,scaffold_differs_from_msa_consensus,0.3051058124298904,surface,False,False,False,False,,True,False,unassigned_manual_review,,not_annotated_no_domain_boundaries,,True,False
9M38,A,VI-D,apo,355,356,A,241.0,A,356.0,,ALA,True,1379,1380,four_layer_exact,high,0.934065934065934,0.2,2.290201628033181,0.0659340659340659,P,A;D;E;K;N;P;Q;S,differs_from_consensus,True,True,scaffold_differs_from_msa_consensus,0.42626609812536836,surface,False,False,False,False,,True,False,unassigned_manual_review,,not_annotated_no_domain_boundaries,,True,False
9M38,A,VI-D,apo,356,357,F,242.0,F,357.0,,PHE,True,1380,1381,four_layer_exact,high,0.8241758241758241,0.3046195652173913,2.126673938915689,0.1758241758241758,E,A;D;E;G;K;N;S,differs_from_consensus,True,True,scaffold_differs_from_msa_consensus,0.5836869710859596,surface,False,False,False,False,,True,False,unassigned_manual_review,,not_annotated_no_domain_boundaries,,True,False
9M38,A,VI-D,apo,357,358,E,243.0,E,358.0,,GLU,True,1382,1383,four_layer_exact,high,0.8186813186813187,0.2807017543859649,2.2104926532452183,0.1813186813186813,K,E;K;Q;R,differs_from_consensus,True,True,scaffold_differs_from_msa_consensus,0.4646300014211951,surface,False,False,False,False,,True,False,unassigned_manual_review,,not_annotated_no_domain_boundaries,,True,False
9M38,A,VI-D,apo,358,359,K,244.0,K,359.0,,LYS,True,1439,1440,four_layer_exact,high,0.0439560439560439,0.125,2.079441541679836,0.956043956043956,A,A;G;I;K;R;S;T;V,differs_from_consensus,False,True,scaffold_differs_from_msa_consensus,0.2755283251864472,surface,False,False,False,False,,True,False,unassigned_manual_review,,not_annotated_no_domain_boundaries,,False,False
9M38,A,VI-D,apo,359,360,E,245.0,E,360.0,,GLU,True,1443,1444,four_layer_exact,high,1.0,0.3013747165532879,2.0156646799666533,0.0,D,D;E;N;Q;S,differs_from_consensus,True,True,scaffold_differs_from_msa_consensus,0.49688150707579143,surface,False,False,False,False,,True,False,unassigned_manual_review,,not_annotated_no_domain_boundaries,,True,False
9M38,A,VI-D,apo,360,361,A,246.0,A,361.0,,ALA,True,1444,1445,four_layer_exact,high,1.0,0.2517006802721088,2.345482959311957,0.0,E,A;D;E;K;N;Q;R;S,differs_from_consensus,True,True,scaffold_differs_from_msa_consensus,0.378541944943803,surface,False,False,False,False,,True,False,unassigned_manual_review,,not_annotated_no_domain_boundaries,,True,False
9M38,A,VI-D,apo,361,362,L,247.0,L,362.0,,LEU,True,1445,1446,four_layer_exact,high,1.0,0.2925170068027211,2.0303833825336195,0.0,L,F;I;L;M;N;T;Y,matches_consensus,True,False,,0.11358654871359751,buried_core,False,False,False,False,,True,True,unassigned_manual_review,,not_annotated_no_domain_boundaries,,True,False
9M38,A,VI-D,apo,362,363,V,248.0,V,363.0,,VAL,True,1446,1447,four_layer_exact,high,1.0,0.7346938775510204,1.013560840988167,0.0,V,I;V,matches_consensus,True,False,,0.2613871530665818,surface,False,False,False,False,,True,False,unassigned_manual_review,,not_annotated_no_domain_boundaries,,True,False
9M38,A,VI-D,apo,363,364,S,249.0,S,364.0,,SER,True,1447,1448,four_layer_exact,high,1.0,0.2312925170068027,2.2179089351191426,0.0,E,A;D;E;N;S,differs_from_consensus,True,True,scaffold_differs_from_msa_consensus,0.46876421483438696,surface,False,False,False,False,,True,False,unassigned_manual_review,,not_annotated_no_domain_boundaries,,True,False
9M38,A,VI-D,apo,364,365,S,250.0,S,365.0,,SER,True,1448,1449,four_layer_exact,high,1.0,0.238095238095238,2.461115116554963,0.0,K,A;D;E;K;Q;R;S,differs_from_consensus,True,True,scaffold_differs_from_msa_consensus,0.28844263380016666,surface,False,False,False,False,,True,False,unassigned_manual_review,,not_annotated_no_domain_boundaries,,True,False
9M38,A,VI-D,apo,365,366,L,251.0,L,366.0,,LEU,True,1449,1450,four_layer_exact,high,1.0,1.0,-0.0,0.0,L,L,matches_consensus,True,False,,0.1441053864338465,buried_core,False,False,False,False,,True,True,unassigned_manual_review,,not_annotated_no_domain_boundaries,,True,False
9M38,A,VI-D,apo,366,367,R,252.0,R,367.0,,ARG,True,1450,1451,four_layer_exact,high,1.0,0.9319727891156464,0.3638624342161701,0.0,R,R,matches_consensus,True,False,,0.5586899680624541,surface,False,False,False,False,,True,False,unassigned_manual_review,,not_annotated_no_domain_boundaries,,True,False
9M38,A,VI-D,apo,367,368,S,253.0,S,368.0,,SER,True,1451,1452,four_layer_exact,high,1.0,0.3469387755102041,2.235741102985488,0.0,A,A;G;L;S,differs_from_consensus,True,True,scaffold_differs_from_msa_consensus,0.5049689825280202,surface,False,False,False,False,,True,False,unassigned_manual_review,,not_annotated_no_domain_boundaries,,True,False
9M38,A,VI-D,apo,368,369,S,254.0,S,369.0,,SER,True,1452,1453,four_layer_exact,high,0.9945054945054944,0.2646261415525114,1.911215964175884,0.0054945054945054,S,A;C;N;S;T,matches_consensus,True,False,,0.22811708254238564,surface,False,False,False,False,,True,False,unassigned_manual_review,,not_annotated_no_domain_boundaries,,True,False
9M38,A,VI-D,apo,369,370,L,255.0,L,370.0,,LEU,True,1453,1454,four_layer_exact,high,1.0,0.1972789115646258,2.573365905557752,0.0,L,A;E;I;L;M;Q;T;V,matches_consensus,True,False,,0.7406726373224971,surface,False,False,False,False,,True,False,unassigned_manual_review,,not_annotated_no_domain_boundaries,,True,False
9M38,A,VI-D,apo,370,371,T,256.0,T,371.0,,THR,True,1463,1464,four_layer_exact,high,0.989010989010989,0.2344827586206896,2.1566729463705903,0.0109890109890109,S,D;G;N;S;T,differs_from_consensus,True,True,scaffold_differs_from_msa_consensus,0.44528758927275475,surface,False,False,False,False,,True,False,unassigned_manual_review,,not_annotated_no_domain_boundaries,,True,False
9M38,A,VI-D,apo,371,372,E,257.0,E,372.0,,GLU,True,1464,1465,four_layer_exact,high,0.989010989010989,0.4758620689655172,1.2142240834917557,0.0109890109890109,E,D;E,matches_consensus,True,False,,0.4610312859047189,surface,False,False,False,False,,True,False,unassigned_manual_review,,not_annotated_no_domain_boundaries,,True,False
9M38,A,VI-D,apo,372,373,E,258.0,E,373.0,,GLU,True,1465,1466,four_layer_exact,high,0.978021978021978,0.5128205128205128,1.7173787131873783,0.021978021978022,E,A;D;E,matches_consensus,True,False,,0.5836879666280262,surface,False,False,False,False,,True,False,unassigned_manual_review,,not_annotated_no_domain_boundaries,,True,False
9M38,A,VI-D,apo,373,374,N,259.0,N,374.0,,ASN,True,1481,1482,four_layer_exact,high,0.9615384615384616,0.3928571428571428,1.8100121644774785,0.0384615384615384,E,A;D;E;G;Q,differs_from_consensus,True,True,scaffold_differs_from_msa_consensus,0.3278122081524601,surface,False,False,False,False,,True,False,unassigned_manual_review,,not_annotated_no_domain_boundaries,,True,False
9M38,A,VI-D,apo,374,375,K,260.0,K,375.0,,LYS,True,1483,1484,four_layer_exact,high,1.0,0.9251700680272108,0.3108673782336407,0.0,K,K;R,matches_consensus,True,False,,0.27041125647441366,surface,False,False,False,False,,True,False,unassigned_manual_review,,not_annotated_no_domain_boundaries,,True,False
9M38,A,VI-D,apo,375,376,E,261.0,E,376.0,,GLU,True,1484,1485,four_layer_exact,high,1.0,0.4557823129251701,1.7742692619317308,0.0,E,D;E;K,matches_consensus,True,False,,0.3216285357275536,surface,False,False,False,False,,True,False,unassigned_manual_review,,not_annotated_no_domain_boundaries,,True,False
9M38,A,VI-D,apo,376,377,E,262.0,E,377.0,,GLU,True,1493,1494,four_layer_exact,high,1.0,0.1632653061224489,2.56909334204242,0.0,A,A;D;E;K;N;Q;R;S,differs_from_consensus,True,True,scaffold_differs_from_msa_consensus,0.43808351532264256,surface,False,False,False,False,,True,False,unassigned_manual_review,,not_annotated_no_domain_boundaries,,True,False
9M38,A,VI-D,apo,377,378,I,263.0,I,378.0,,ILE,True,1494,1495,four_layer_exact,high,1.0,0.4285714285714285,1.7428869139002894,0.0,I,A;F;I;L;V,matches_consensus,True,False,,0.1777726815490232,buried_core,False,False,False,False,,True,True,unassigned_manual_review,,not_annotated_no_domain_boundaries,,True,False
9M38,A,VI-D,apo,378,379,Y,264.0,Y,379.0,,TYR,True,1495,1496,four_layer_exact,high,1.0,1.0,-0.0,0.0,Y,Y,matches_consensus,True,False,,0.08154781366163215,buried_core,False,False,False,False,,True,True,unassigned_manual_review,,not_annotated_no_domain_boundaries,,True,False
9M38,A,VI-D,apo,379,380,I,265.0,I,380.0,,ILE,True,1496,1497,four_layer_exact,high,1.0,0.1428571428571428,2.580951258992332,0.0,R,A;D;E;I;K;L;N;Q;R;S,differs_from_consensus,True,True,scaffold_differs_from_msa_consensus,0.30037453089317717,surface,False,False,False,False,,True,False,unassigned_manual_review,,not_annotated_no_domain_boundaries,,True,False
9M38,A,VI-D,apo,380,381,K,266.0,K,381.0,,LYS,True,1497,1498,four_layer_exact,high,1.0,0.1496598639455782,2.369323817968326,0.0,E,A;D;E;K;N;Q;R;S,differs_from_consensus,True,True,scaffold_differs_from_msa_consensus,0.5118834926072859,surface,False,False,False,False,,True,False,unassigned_manual_review,,not_annotated_no_domain_boundaries,,True,False
9M38,A,VI-D,apo,381,382,T,267.0,T,382.0,,THR,True,1498,1499,four_layer_exact,high,1.0,0.4217687074829932,1.9739928392220103,0.0,E,A;E;F;I;L;Y,differs_from_consensus,True,True,scaffold_differs_from_msa_consensus,0.1605894492161979,buried_core,False,False,False,False,,True,True,unassigned_manual_review,,not_annotated_no_domain_boundaries,,True,False
9M38,A,VI-D,apo,382,383,A,268.0,A,383.0,,ALA,True,1503,1504,four_layer_exact,high,1.0,0.8435374149659864,0.704003828144631,0.0,A,A;S,matches_consensus,True,False,,0.0,buried_core,False,False,False,False,,True,True,unassigned_manual_review,,not_annotated_no_domain_boundaries,,True,False
9M38,A,VI-D,apo,383,384,R,269.0,R,384.0,,ARG,True,1504,1505,four_layer_exact,high,1.0,0.2131519274376417,2.3213737058840342,0.0,E,A;D;E;K;N;R;S,differs_from_consensus,True,True,scaffold_differs_from_msa_consensus,0.4573602589482388,surface,False,False,False,False,,True,False,unassigned_manual_review,,not_annotated_no_domain_boundaries,,True,False
9M38,A,VI-D,apo,384,385,T,270.0,T,385.0,,THR,True,1505,1506,four_layer_exact,high,1.0,0.1972789115646258,2.625432333877093,0.0,R,A;D;E;I;K;R;S,differs_from_consensus,True,True,scaffold_differs_from_msa_consensus,0.5185612196015519,surface,False,False,False,False,,True,False,unassigned_manual_review,,not_annotated_no_domain_boundaries,,True,False
9M38,A,VI-D,apo,385,386,L,271.0,L,386.0,,LEU,True,1506,1507,four_layer_exact,high,0.9945054945054944,0.4246575342465753,1.732594913941025,0.0054945054945054,L,F;I;L;V,matches_consensus,True,False,,0.05407290519581715,buried_core,False,False,False,False,,True,True,unassigned_manual_review,,not_annotated_no_domain_boundaries,,True,False
9M38,A,VI-D,apo,386,387,A,272.0,A,387.0,,ALA,True,1512,1513,four_layer_exact,high,0.945054945054945,0.561815693430657,1.6265565502127437,0.0549450549450549,W,A;F;K;W;Y,differs_from_consensus,True,True,scaffold_differs_from_msa_consensus,0.033223535629851794,buried_core,False,False,False,False,,True,True,unassigned_manual_review,,not_annotated_no_domain_boundaries,,True,False
9M38,A,VI-D,apo,387,388,S,273.0,S,388.0,,SER,True,1513,1514,four_layer_exact,high,0.934065934065934,0.1777777777777777,2.491302523823853,0.0659340659340659,N,A;D;E;K;N;P;S,differs_from_consensus,True,True,scaffold_differs_from_msa_consensus,0.6345520991295511,surface,False,False,False,False,,True,False,unassigned_manual_review,,not_annotated_no_domain_boundaries,,True,False
9M38,A,VI-D,apo,388,389,A,274.0,A,389.0,,ALA,True,1514,1515,four_layer_exact,high,0.9505494505494504,0.2028985507246377,2.4104156145397626,0.0494505494505495,K,A;D;E;K;R;S,differs_from_consensus,True,True,scaffold_differs_from_msa_consensus,0.5039083443965806,surface,False,False,False,False,,True,False,unassigned_manual_review,,not_annotated_no_domain_boundaries,,True,False
9M38,A,VI-D,apo,389,390,L,275.0,L,390.0,,LEU,True,1558,1559,four_layer_exact,high,0.978021978021978,0.2727272727272727,2.1448269525385717,0.021978021978022,L,F;I;L;N;V;Y,matches_consensus,True,False,,0.0720972069277562,buried_core,False,False,False,False,,True,True,unassigned_manual_review,,not_annotated_no_domain_boundaries,,True,False
9M38,A,VI-D,apo,390,391,G,276.0,G,391.0,,GLY,True,1559,1560,four_layer_exact,high,0.978021978021978,0.2587412587412587,2.078267806016698,0.021978021978022,K,E;G;K;R;S,differs_from_consensus,True,True,scaffold_differs_from_msa_consensus,0.06747778528450846,buried_core,False,False,False,False,,True,True,unassigned_manual_review,,not_annotated_no_domain_boundaries,,True,False
9M38,A,VI-D,apo,391,392,A,277.0,A,392.0,,ALA,True,1560,1561,four_layer_exact,high,0.9725274725274724,0.2464788732394366,2.33707591369517,0.0274725274725274,D,D;E;G;K;N;S,differs_from_consensus,True,True,scaffold_differs_from_msa_consensus,0.471074658496951,surface,False,False,False,False,,True,False,unassigned_manual_review,,not_annotated_no_domain_boundaries,,True,False
9M38,A,VI-D,apo,392,393,D,278.0,D,393.0,,ASP,True,1612,1613,four_layer_exact,high,0.9615384615384616,0.15,2.6274251197114253,0.0384615384615384,K,A;D;I;K;L;P;Q;R;S;T;V,differs_from_consensus,True,True,scaffold_differs_from_msa_consensus,0.4762120554867837,surface,False,False,False,False,,True,False,unassigned_manual_review,,not_annotated_no_domain_boundaries,,True,False
9M38,A,VI-D,apo,393,394,F,279.0,F,394.0,,PHE,True,1613,1614,four_layer_exact,high,0.9835164835164836,0.3125,1.6765038569311987,0.0164835164835165,I,F;I;L;V,differs_from_consensus,True,True,scaffold_differs_from_msa_consensus,0.010063568466999302,buried_core,False,False,False,False,,True,True,unassigned_manual_review,,not_annotated_no_domain_boundaries,,True,False
9M38,A,VI-D,apo,394,395,K,280.0,K,395.0,,LYS,True,1615,1616,four_layer_exact,high,0.945054945054945,0.181159420289855,2.493729977501687,0.0549450549450549,N,A;D;E;K;L;N;Q;R,differs_from_consensus,True,True,scaffold_differs_from_msa_consensus,0.3986336567160215,surface,False,False,False,False,,True,False,unassigned_manual_review,,not_annotated_no_domain_boundaries,,True,False
9M38,A,VI-D,apo,395,396,K,281.0,K,396.0,,LYS,True,1616,1617,four_layer_exact,high,0.934065934065934,0.2134650735294117,2.6291662866310275,0.0659340659340659,K,D;E;K;N;R;S;T;Y,matches_consensus,True,False,,0.6642595221163543,surface,False,False,False,False,,True,False,unassigned_manual_review,,not_annotated_no_domain_boundaries,,True,False
9M38,A,VI-D,apo,396,397,A,282.0,A,397.0,,ALA,True,1617,1618,four_layer_exact,high,0.945054945054945,0.2608695652173913,2.1771218718041907,0.0549450549450549,I,A;F;I;L;M;V,differs_from_consensus,True,True,scaffold_differs_from_msa_consensus,0.18001170043108403,buried_core,False,False,False,False,,True,True,unassigned_manual_review,,not_annotated_no_domain_boundaries,,True,False
9M38,A,VI-D,apo,397,398,A,283.0,A,398.0,,ALA,True,1618,1619,four_layer_exact,high,0.8846153846153846,0.2047244094488189,2.4295383116632627,0.1153846153846154,L,A;C;I;K;L;V,differs_from_consensus,True,True,scaffold_differs_from_msa_consensus,0.062363487878665316,buried_core,False,False,False,False,,True,True,unassigned_manual_review,,not_annotated_no_domain_boundaries,,True,False
9M38,A,VI-D,apo,398,399,A,284.0,A,399.0,,ALA,True,1619,1620,four_layer_exact,high,0.8736263736263736,0.24,2.27293731708002,0.1263736263736263,P,D;E;K;N;P;S,differs_from_consensus,True,True,scaffold_differs_from_msa_consensus,0.5529655070005249,surface,False,False,False,False,,True,False,unassigned_manual_review,,not_annotated_no_domain_boundaries,,True,False
9M38,A,VI-D,apo,399,400,D,285.0,D,400.0,,ASP,True,1620,1621,four_layer_exact,high,0.8571428571428571,0.1226946721311475,2.6848771729341925,0.1428571428571429,A,A;K;L;M;Q;R;S,differs_from_consensus,True,True,scaffold_differs_from_msa_consensus,0.21660516295440901,surface,False,False,False,False,,True,False,unassigned_manual_review,,not_annotated_no_domain_boundaries,,True,False
9M38,A,VI-D,apo,400,401,V,286.0,V,401.0,,VAL,True,1621,1622,four_layer_exact,high,0.8571428571428571,0.221311475409836,1.9900906288311284,0.1428571428571429,L,F;I;L;M;V,differs_from_consensus,True,True,scaffold_differs_from_msa_consensus,0.2635292137126847,surface,False,False,False,False,,True,False,unassigned_manual_review,,not_annotated_no_domain_boundaries,,True,False
9M38,A,VI-D,apo,401,402,N,287.0,N,402.0,,ASN,True,1642,1643,four_layer_exact,high,0.8131868131868132,0.3274336283185841,2.0235842718943307,0.1868131868131868,N,D;E;K;N;S,matches_consensus,True,False,,0.38709738033640023,surface,False,False,False,False,,True,False,unassigned_manual_review,,not_annotated_no_domain_boundaries,,True,False
9M38,A,VI-D,apo,402,403,A,288.0,A,403.0,,ALA,True,1643,1644,four_layer_exact,high,0.6868131868131868,0.5420138888888889,1.5542509616949942,0.3131868131868132,G,A;E;G;K,differs_from_consensus,False,True,scaffold_differs_from_msa_consensus,0.5533881851563056,surface,False,False,False,False,,True,False,unassigned_manual_review,,not_annotated_no_domain_boundaries,,False,False
9M38,A,VI-D,apo,403,404,K,289.0,K,404.0,,LYS,True,1649,1650,four_layer_exact,high,0.6703296703296703,0.2992097701149425,2.234683528872811,0.3296703296703297,K,A;D;K;N;S,matches_consensus,False,False,,0.6849911582740589,surface,False,False,False,False,,True,False,unassigned_manual_review,,not_annotated_no_domain_boundaries,,False,False
9M38,A,VI-D,apo,404,405,N,290.0,N,405.0,,ASN,True,1650,1651,four_layer_exact,high,0.6703296703296703,0.2640086206896552,2.3083275238481704,0.3296703296703297,N,A;E;K;N;S;T;Y,matches_consensus,False,False,,0.22265836548173198,surface,False,False,False,False,,True,False,unassigned_manual_review,,not_annotated_no_domain_boundaries,,False,False
9M38,A,VI-D,apo,405,406,I,291.0,I,406.0,,ILE,True,1698,1699,four_layer_exact,high,0.7637362637362637,0.73046875,0.906308675562731,0.2362637362637363,I,I;L;V,matches_consensus,False,False,,0.25133379115551563,surface,False,False,False,False,,True,False,unassigned_manual_review,,not_annotated_no_domain_boundaries,,False,False
9M38,A,VI-D,apo,406,407,R,292.0,R,407.0,,ARG,True,1713,1714,four_layer_exact,high,0.9505494505494504,0.5434782608695652,1.6373027553552315,0.0494505494505495,K,E;K;Q;R;S,differs_from_consensus,True,True,scaffold_differs_from_msa_consensus,0.6031120423215474,surface,False,False,False,False,,True,False,unassigned_manual_review,,not_annotated_no_domain_boundaries,,True,False
9M38,A,VI-D,apo,407,408,D,293.0,D,408.0,,ASP,True,1715,1716,four_layer_exact,high,0.9395604395604396,0.1985294117647058,2.2649299702020453,0.0604395604395604,E,D;E;G;K;N;Q,differs_from_consensus,True,True,scaffold_differs_from_msa_consensus,0.4118460634283789,surface,False,False,False,False,,True,False,unassigned_manual_review,,not_annotated_no_domain_boundaries,,True,False
9M38,A,VI-D,apo,408,409,Y,294.0,Y,409.0,,TYR,True,1716,1717,four_layer_exact,high,0.9395604395604396,0.2867647058823529,2.259406732441456,0.0604395604395604,L,A;F;I;K;L;M;V;Y,differs_from_consensus,True,True,scaffold_differs_from_msa_consensus,0.14932040052432988,buried_core,False,False,False,False,,True,True,unassigned_manual_review,,not_annotated_no_domain_boundaries,,True,False
9M38,A,VI-D,apo,409,410,Q,295.0,Q,410.0,,GLN,True,1717,1718,four_layer_exact,high,0.934065934065934,0.2298611111111111,2.4768306474043302,0.0659340659340659,K,D;E;K;N;Q;R;S;T,differs_from_consensus,True,True,scaffold_differs_from_msa_consensus,0.4929606794781618,surface,False,False,False,False,,True,False,unassigned_manual_review,,not_annotated_no_domain_boundaries,,True,False
9M38,A,VI-D,apo,410,411,K,296.0,K,411.0,,LYS,True,1718,1719,four_layer_exact,high,0.9175824175824177,0.3169981060606061,2.321887168082493,0.0824175824175824,K,A;D;G;K;N;P;R;S,matches_consensus,True,False,,0.73005277886649,surface,False,False,False,False,,True,False,unassigned_manual_review,,not_annotated_no_domain_boundaries,,True,False
9M38,A,VI-D,apo,411,412,K,297.0,K,412.0,,LYS,True,1719,1720,four_layer_exact,high,0.7197802197802198,0.2346938775510204,2.2606185232570297,0.2802197802197802,D,D;E;K;N;R;S,differs_from_consensus,False,True,scaffold_differs_from_msa_consensus,0.29900773672204745,surface,False,False,False,False,,True,False,unassigned_manual_review,,not_annotated_no_domain_boundaries,,False,False
9M38,A,VI-D,apo,412,413,A,298.0,A,413.0,,ALA,True,1720,1721,four_layer_exact,high,0.6868131868131868,0.2282608695652173,2.501347899829055,0.3131868131868132,K,D;E;G;H;K;N;P;S,differs_from_consensus,False,True,scaffold_differs_from_msa_consensus,0.19042873460175935,buried_core,False,False,False,False,,True,True,unassigned_manual_review,,not_annotated_no_domain_boundaries,,False,False
9M38,A,VI-D,apo,413,414,N,299.0,N,414.0,,ASN,True,1721,1722,four_layer_exact,high,0.6263736263736264,0.1481481481481481,2.7165792703980234,0.3736263736263736,D,D;E;I;K;L;S;T;V,differs_from_consensus,False,True,scaffold_differs_from_msa_consensus,0.7613191928984017,surface,False,False,False,False,,True,False,unassigned_manual_review,,not_annotated_no_domain_boundaries,,False,False
9M38,A,VI-D,apo,414,415,D,300.0,D,415.0,,ASP,True,1722,1723,four_layer_exact,high,0.4230769230769231,0.2391304347826087,2.403212749310924,0.5769230769230769,S,D;E;I;K;S;V,differs_from_consensus,False,True,scaffold_differs_from_msa_consensus,0.6674978698643876,surface,False,False,False,False,,True,False,unassigned_manual_review,,not_annotated_no_domain_boundaries,,False,True
9M38,A,VI-D,apo,415,416,Y,,,,,,False,1779,1780,full_msa_only_unresolved_coordinate,medium,0.912087912087912,0.3435114503816794,1.9320333962666136,0.0879120879120879,F,F;I;L;V;Y,differs_from_consensus,False,True,unresolved_internal;scaffold_differs_from_msa_consensus,,,,,,,,False,False,unassigned_manual_review,,not_annotated_no_domain_boundaries,,False,False
9M38,A,VI-D,apo,416,417,R,,,,,,False,1780,1781,full_msa_only_unresolved_coordinate,medium,0.934065934065934,0.2518518518518518,2.1702756729707864,0.0659340659340659,K,A;D;K;N;P;R;S;T,differs_from_consensus,False,True,unresolved_internal;scaffold_differs_from_msa_consensus,,,,,,,,False,False,unassigned_manual_review,,not_annotated_no_domain_boundaries,,False,False
9M38,A,VI-D,apo,417,418,I,,,,,,False,1799,1800,full_msa_only_unresolved_coordinate,medium,0.4725274725274725,0.2327044025157232,2.5025146555781848,0.5274725274725275,I,F;G;I;K;L;N;S;V,matches_consensus,False,True,unresolved_internal,,,,,,,,False,False,unassigned_manual_review,,not_annotated_no_domain_boundaries,,False,False
9M38,A,VI-D,apo,418,419,S,,,,,,False,1800,1801,full_msa_only_unresolved_coordinate,medium,0.9065934065934066,0.1444711538461538,2.631169441935095,0.0934065934065934,K,A;D;E;K;M;Q;S;V,differs_from_consensus,False,True,unresolved_internal;scaffold_differs_from_msa_consensus,,,,,,,,False,False,unassigned_manual_review,,not_annotated_no_domain_boundaries,,False,False
9M38,A,VI-D,apo,419,420,F,,,,,,False,1801,1802,full_msa_only_unresolved_coordinate,medium,0.9285714285714286,0.3507462686567164,1.6554692045209036,0.0714285714285714,L,F;I;L;V,differs_from_consensus,False,True,unresolved_internal;scaffold_differs_from_msa_consensus,,,,,,,,False,False,unassigned_manual_review,,not_annotated_no_domain_boundaries,,False,False
9M38,A,VI-D,apo,420,421,E,,,,,,False,1817,1818,full_msa_only_unresolved_coordinate,medium,0.1043956043956044,0.2222222222222222,2.1390858946957136,0.8956043956043956,V,A;E;F;G;I;K;L;R;S;V,differs_from_consensus,False,True,unresolved_internal;scaffold_differs_from_msa_consensus,,,,,,,,False,False,unassigned_manual_review,,not_annotated_no_domain_boundaries,,False,False
9M38,A,VI-D,apo,421,422,D,,,,,,False,1818,1819,full_msa_only_unresolved_coordinate,medium,0.9010989010989012,0.3023255813953488,2.0708367394739287,0.0989010989010988,E,D;E;N;P;S,differs_from_consensus,False,True,unresolved_internal;scaffold_differs_from_msa_consensus,,,,,,,,False,False,unassigned_manual_review,,not_annotated_no_domain_boundaries,,False,False
9M38,A,VI-D,apo,422,423,I,,,,,,False,1820,1821,full_msa_only_unresolved_coordinate,medium,0.8791208791208791,0.2566137566137565,2.348692044329717,0.1208791208791209,I,I;L;V;Y,matches_consensus,False,True,unresolved_internal,,,,,,,,False,False,unassigned_manual_review,,not_annotated_no_domain_boundaries,,False,False
9M38,A,VI-D,apo,423,424,K,,,,,,False,1852,1853,full_msa_only_unresolved_coordinate,medium,0.6318681318681318,0.1916666666666666,2.477836666832085,0.3681318681318681,K,A;F;I;K;L;M;R;S;V,matches_consensus,False,True,unresolved_internal,,,,,,,,False,False,unassigned_manual_review,,not_annotated_no_domain_boundaries,,False,False
9M38,A,VI-D,apo,424,425,I,301.0,I,425.0,,ILE,True,1853,1854,four_layer_exact,high,0.8461538461538461,0.2166666666666666,2.318497798458601,0.1538461538461538,I,I;K;L;Q;R;S;V,matches_consensus,True,False,,0.8036595876587617,surface,False,False,False,False,,True,False,unassigned_manual_review,,not_annotated_no_domain_boundaries,,True,True
9M38,A,VI-D,apo,425,426,G,302.0,G,426.0,,GLY,True,1854,1855,four_layer_exact,high,0.8846153846153846,0.2020997375328083,2.424667976800019,0.1153846153846154,S,E;G;I;K;L;N;S;T,differs_from_consensus,True,True,scaffold_differs_from_msa_consensus,0.44727917917440635,surface,False,False,False,False,,True,False,unassigned_manual_review,,not_annotated_no_domain_boundaries,,True,False
9M38,A,VI-D,apo,426,427,N,303.0,N,427.0,,ASN,True,1855,1856,four_layer_exact,high,0.9065934065934066,0.2121212121212121,2.4640271150506643,0.0934065934065934,S,A;D;E;G;K;N;P;R;S;T,differs_from_consensus,True,True,scaffold_differs_from_msa_consensus,0.2637659281359073,surface,False,False,False,False,,True,False,unassigned_manual_review,,not_annotated_no_domain_boundaries,,True,False
9M38,A,VI-D,apo,427,428,T,304.0,T,428.0,,THR,True,1856,1857,four_layer_exact,high,0.945054945054945,0.2302158273381295,2.310045202045129,0.0549450549450549,E,A;D;E;K;N;S,differs_from_consensus,True,True,scaffold_differs_from_msa_consensus,0.7195104173972406,surface,False,False,False,False,,True,False,unassigned_manual_review,,not_annotated_no_domain_boundaries,,True,False
9M38,A,VI-D,apo,428,429,G,305.0,G,429.0,,GLY,True,1857,1858,four_layer_exact,high,0.967032967032967,0.3617021276595745,1.9119688492247584,0.0329670329670329,N,D;E;K;N;S,differs_from_consensus,True,True,scaffold_differs_from_msa_consensus,0.37516174486249254,surface,False,False,False,False,,True,False,unassigned_manual_review,,not_annotated_no_domain_boundaries,,True,False
9M38,A,VI-D,apo,429,430,I,306.0,I,430.0,,ILE,True,1859,1860,four_layer_exact,high,0.978021978021978,0.3426573426573426,1.9582044525873452,0.021978021978022,A,A;I;T;V,differs_from_consensus,True,True,scaffold_differs_from_msa_consensus,0.1471652127855435,buried_core,False,False,False,False,,True,True,unassigned_manual_review,,not_annotated_no_domain_boundaries,,True,False
9M38,A,VI-D,apo,430,431,G,307.0,G,431.0,,GLY,True,1866,1867,four_layer_exact,high,0.9945054945054944,0.3789954337899544,2.033045624361181,0.0054945054945054,S,D;H;N;S;T,differs_from_consensus,True,True,scaffold_differs_from_msa_consensus,0.3323563366524648,surface,False,False,False,False,,True,False,unassigned_manual_review,,not_annotated_no_domain_boundaries,,True,False
9M38,A,VI-D,apo,431,432,Y,308.0,Y,432.0,,TYR,True,1867,1868,four_layer_exact,high,1.0,0.3605442176870748,2.272974925393071,0.0,Y,D;L;P;S;T;Y,matches_consensus,True,False,,0.3221885072492787,surface,False,False,False,False,,True,False,unassigned_manual_review,,not_annotated_no_domain_boundaries,,True,False
9M38,A,VI-D,apo,432,433,F,309.0,F,433.0,,PHE,True,1868,1869,four_layer_exact,high,1.0,0.8979591836734694,0.4738477239414613,0.0,F,F;L,matches_consensus,True,False,,0.08867145264757188,buried_core,False,False,False,False,,True,True,unassigned_manual_review,,not_annotated_no_domain_boundaries,,True,False
9M38,A,VI-D,apo,433,434,S,310.0,S,434.0,,SER,True,1869,1870,four_layer_exact,high,1.0,0.3469387755102041,1.6809986183902323,0.0,S,A;C;S;T;V,matches_consensus,True,False,,0.020737916594762328,buried_core,False,False,False,False,,True,True,unassigned_manual_review,,not_annotated_no_domain_boundaries,,True,False
9M38,A,VI-D,apo,434,435,E,311.0,E,435.0,,GLU,True,1870,1871,four_layer_exact,high,1.0,0.7278911564625851,1.172430109044073,0.0,K,E;K;Q,differs_from_consensus,True,True,scaffold_differs_from_msa_consensus,0.07390310734023496,buried_core,False,False,False,False,,True,True,unassigned_manual_review,,not_annotated_no_domain_boundaries,,True,False
9M38,A,VI-D,apo,435,436,L,312.0,L,436.0,,LEU,True,1871,1872,four_layer_exact,high,1.0,0.564625850340136,1.480645417410278,0.0,L,I;L;M;V,matches_consensus,True,False,,0.0360486034638781,buried_core,False,False,False,False,,True,True,unassigned_manual_review,,not_annotated_no_domain_boundaries,,True,False
9M38,A,VI-D,apo,436,437,I,313.0,I,437.0,,ILE,True,1872,1873,four_layer_exact,high,1.0,0.4149659863945578,1.4337109365189795,0.0,I,I;L;M;V,matches_consensus,True,False,,0.018390277401623092,buried_core,False,False,False,False,,True,True,unassigned_manual_review,,not_annotated_no_domain_boundaries,,True,False
9M38,A,VI-D,apo,437,438,Y,314.0,Y,438.0,,TYR,True,1873,1874,four_layer_exact,high,1.0,0.782312925170068,0.8904468001169228,0.0,Y,A;F;Y,matches_consensus,True,False,,0.11006573445417604,buried_core,False,False,False,False,,True,True,unassigned_manual_review,,not_annotated_no_domain_boundaries,,True,False
9M38,A,VI-D,apo,438,439,M,315.0,M,439.0,,MET,True,1874,1875,four_layer_exact,high,1.0,0.3537414965986394,1.6924165180236204,0.0,F,A;F;L;M;V,differs_from_consensus,True,True,scaffold_differs_from_msa_consensus,0.025584513472278324,buried_core,False,False,False,False,,True,True,unassigned_manual_review,,not_annotated_no_domain_boundaries,,True,False
9M38,A,VI-D,apo,439,440,L,316.0,L,440.0,,LEU,True,1875,1876,four_layer_exact,high,1.0,0.5510204081632653,1.3299700895444704,0.0,L,I;L;M;V,matches_consensus,True,False,,0.0060081005773130166,buried_core,False,False,False,False,,True,True,unassigned_manual_review,,not_annotated_no_domain_boundaries,,True,False
9M38,A,VI-D,apo,440,441,T,317.0,T,441.0,,THR,True,1876,1877,four_layer_exact,high,1.0,0.564625850340136,1.100496697203287,0.0,T,C;S;T,matches_consensus,True,False,,0.04439757186288511,buried_core,False,False,False,False,,True,True,unassigned_manual_review,,not_annotated_no_domain_boundaries,,True,False
9M38,A,VI-D,apo,441,442,L,318.0,L,442.0,,LEU,True,1877,1878,four_layer_exact,high,1.0,0.3129251700680272,2.220253024889425,0.0,L,F;K;L;M;N;R,matches_consensus,True,False,,0.1561215875884725,buried_core,False,False,False,False,,True,True,unassigned_manual_review,,not_annotated_no_domain_boundaries,,True,False
9M38,A,VI-D,apo,442,443,L,319.0,L,443.0,,LEU,True,1878,1879,four_layer_exact,high,1.0,0.9183673469387756,0.3416338748989142,0.0,F,F;L,differs_from_consensus,True,True,scaffold_differs_from_msa_consensus,0.04002432804153147,buried_core,False,False,False,False,,True,True,unassigned_manual_review,,not_annotated_no_domain_boundaries,,True,False
9M38,A,VI-D,apo,443,444,L,320.0,L,444.0,,LEU,True,1879,1880,four_layer_exact,high,1.0,0.8231292517006803,0.6978446422888986,0.0,L,I;L,matches_consensus,True,False,,0.11930649803637532,buried_core,False,False,False,False,,True,True,unassigned_manual_review,,not_annotated_no_domain_boundaries,,True,False
9M38,A,VI-D,apo,444,445,D,321.0,D,445.0,,ASP,True,1880,1881,four_layer_exact,high,1.0,0.7959183673469388,0.7786317192627682,0.0,D,D;E;N,matches_consensus,True,False,,0.1535136482970688,buried_core,False,False,False,False,,True,True,unassigned_manual_review,,not_annotated_no_domain_boundaries,,True,False
9M38,A,VI-D,apo,445,446,G,322.0,G,446.0,,GLY,True,1881,1882,four_layer_exact,high,1.0,0.8435374149659864,0.7604654682901153,0.0,G,G;K,matches_consensus,True,False,,0.24034561267510027,surface,False,False,False,False,,True,False,unassigned_manual_review,,not_annotated_no_domain_boundaries,,True,False
9M38,A,VI-D,apo,446,447,K,323.0,K,447.0,,LYS,True,1882,1883,four_layer_exact,high,1.0,0.9931972789115646,0.0407280509323613,0.0,K,K,matches_consensus,True,False,,0.706725122230258,surface,False,False,False,False,,True,False,unassigned_manual_review,,not_annotated_no_domain_boundaries,,True,False
9M38,A,VI-D,apo,447,448,E,324.0,E,448.0,,GLU,True,1883,1884,four_layer_exact,high,1.0,0.9727891156462584,0.1402106888660079,0.0,E,E,matches_consensus,True,False,,0.09747671698976904,buried_core,False,False,False,False,,True,True,unassigned_manual_review,,not_annotated_no_domain_boundaries,,True,False
9M38,A,VI-D,apo,448,449,I,325.0,I,449.0,,ILE,True,1884,1885,four_layer_exact,high,1.0,0.8775510204081632,0.5693343986134891,0.0,I,I,matches_consensus,True,False,,0.04904073973766158,buried_core,False,False,False,False,,True,True,unassigned_manual_review,,not_annotated_no_domain_boundaries,,True,False
9M38,A,VI-D,apo,449,450,N,326.0,N,450.0,,ASN,True,1885,1886,four_layer_exact,high,1.0,1.0,-0.0,0.0,N,N,matches_consensus,True,False,,0.39383991482172925,surface,False,False,False,False,,True,False,unassigned_manual_review,,not_annotated_no_domain_boundaries,,True,False
9M38,A,VI-D,apo,450,451,D,327.0,D,451.0,,ASP,True,1886,1887,four_layer_exact,high,1.0,0.4897959183673469,1.3634847226218587,0.0,D,D;E;I,matches_consensus,True,False,,0.39646573734660323,surface,False,False,False,False,,True,False,unassigned_manual_review,,not_annotated_no_domain_boundaries,,True,False
9M38,A,VI-D,apo,451,452,L,328.0,L,452.0,,LEU,True,1887,1888,four_layer_exact,high,1.0,0.8503401360544217,0.5510940293246659,0.0,L,F;L,matches_consensus,True,False,,0.0060081005773130166,buried_core,False,False,False,False,,True,True,unassigned_manual_review,,not_annotated_no_domain_boundaries,,True,False
9M38,A,VI-D,apo,452,453,L,329.0,L,453.0,,LEU,True,1888,1889,four_layer_exact,high,1.0,0.7074829931972789,1.094446455166942,0.0,L,F;I;L;V,matches_consensus,True,False,,0.0060081005773130166,buried_core,False,False,False,False,,True,True,unassigned_manual_review,,not_annotated_no_domain_boundaries,,True,False
9M38,A,VI-D,apo,453,454,T,330.0,T,454.0,,THR,True,1889,1890,four_layer_exact,high,1.0,0.7006802721088435,0.9855207153732972,0.0,T,C;S;T,matches_consensus,True,False,,0.5223115506269953,surface,False,False,False,False,,True,False,unassigned_manual_review,,not_annotated_no_domain_boundaries,,True,False
9M38,A,VI-D,apo,454,455,T,331.0,T,455.0,,THR,True,1890,1891,four_layer_exact,high,1.0,0.4421768707482993,1.7109871039484106,0.0,T,A;G;S;T,matches_consensus,True,False,,0.1823403755437682,buried_core,False,False,False,False,,True,True,unassigned_manual_review,,not_annotated_no_domain_boundaries,,True,False
9M38,A,VI-D,apo,455,456,L,332.0,L,456.0,,LEU,True,1891,1892,four_layer_exact,high,1.0,0.782312925170068,0.862810340609705,0.0,L,I;L;M;Y,matches_consensus,True,False,,0.0060081005773130166,buried_core,False,False,False,False,,True,True,unassigned_manual_review,,not_annotated_no_domain_boundaries,,True,False
9M38,A,VI-D,apo,456,457,I,333.0,I,457.0,,ILE,True,1892,1893,four_layer_exact,high,1.0,0.7891156462585034,0.876635168330833,0.0,I,I;V,matches_consensus,True,False,,0.13486203427856933,buried_core,False,False,False,False,,True,True,unassigned_manual_review,,not_annotated_no_domain_boundaries,,True,False
9M38,A,VI-D,apo,457,458,N,334.0,N,458.0,,ASN,True,1893,1894,four_layer_exact,high,1.0,0.6938775510204082,1.0712944490502216,0.0,N,H;N;S,matches_consensus,True,False,,0.42873711267536213,surface,False,False,False,False,,True,False,unassigned_manual_review,,not_annotated_no_domain_boundaries,,True,False
9M38,A,VI-D,apo,458,459,K,335.0,K,459.0,,LYS,True,1894,1895,four_layer_exact,high,1.0,0.8571428571428571,0.6733816047923615,0.0,K,K,matches_consensus,True,False,,0.1214465173611458,buried_core,False,False,False,False,,True,True,unassigned_manual_review,,not_annotated_no_domain_boundaries,,True,False
9M38,A,VI-D,apo,459,460,F,336.0,F,460.0,,PHE,True,1895,1896,four_layer_exact,high,1.0,0.8163265306122449,0.6652628659212857,0.0,F,F;L,matches_consensus,True,False,,0.010063568466999302,buried_core,False,False,False,False,,True,True,unassigned_manual_review,,not_annotated_no_domain_boundaries,,True,False
9M38,A,VI-D,apo,460,461,D,337.0,D,461.0,,ASP,True,1896,1897,four_layer_exact,high,1.0,0.4897959183673469,1.2275483767033433,0.0,D,D;E,matches_consensus,True,False,,0.2776727757248232,surface,False,False,False,False,,True,False,unassigned_manual_review,,not_annotated_no_domain_boundaries,,True,False
9M38,A,VI-D,apo,461,462,N,338.0,N,462.0,,ASN,True,1897,1898,four_layer_exact,high,1.0,0.7755102040816326,0.9738557928909876,0.0,N,N;S,matches_consensus,True,False,,0.2377457433701103,surface,False,False,False,False,,True,False,unassigned_manual_review,,not_annotated_no_domain_boundaries,,True,False
9M38,A,VI-D,apo,462,463,I,339.0,I,463.0,,ILE,True,1898,1899,four_layer_exact,high,1.0,0.9727891156462584,0.153200773933249,0.0,I,I,matches_consensus,True,False,,0.030650462336038485,buried_core,False,False,False,False,,True,True,unassigned_manual_review,,not_annotated_no_domain_boundaries,,True,False
9M38,A,VI-D,apo,463,464,I,340.0,I,464.0,,ILE,True,1899,1900,four_layer_exact,high,1.0,0.3469387755102041,2.0446377815591643,0.0,A,A;D;N;Q;R;S,differs_from_consensus,True,True,scaffold_differs_from_msa_consensus,0.08582129454090776,buried_core,False,False,False,False,,True,True,unassigned_manual_review,,not_annotated_no_domain_boundaries,,True,False
9M38,A,VI-D,apo,464,465,S,341.0,S,465.0,,SER,True,1900,1901,four_layer_exact,high,1.0,0.6054421768707483,1.353568709219572,0.0,S,A;D;G;S,matches_consensus,True,False,,0.35716803361673816,surface,False,False,False,False,,True,False,unassigned_manual_review,,not_annotated_no_domain_boundaries,,True,False
9M38,A,VI-D,apo,465,466,F,342.0,F,466.0,,PHE,True,1901,1902,four_layer_exact,high,1.0,0.6190476190476191,0.9068532215822056,0.0,F,F;L,matches_consensus,True,False,,0.1559853112384892,buried_core,False,False,False,False,,True,True,unassigned_manual_review,,not_annotated_no_domain_boundaries,,True,False
9M38,A,VI-D,apo,466,467,I,343.0,I,467.0,,ILE,True,1902,1903,four_layer_exact,high,1.0,0.3741496598639456,1.895009882115032,0.0,I,I;L;M;N;V,matches_consensus,True,False,,0.09195138700811546,buried_core,False,False,False,False,,True,True,unassigned_manual_review,,not_annotated_no_domain_boundaries,,True,False
9M38,A,VI-D,apo,467,468,D,344.0,D,468.0,,ASP,True,1903,1904,four_layer_exact,high,1.0,0.3469387755102041,2.0107811541491083,0.0,D,D;E;K;N;Q;S,matches_consensus,True,False,,0.3484325111075225,surface,False,False,False,False,,True,False,unassigned_manual_review,,not_annotated_no_domain_boundaries,,True,False
9M38,A,VI-D,apo,468,469,I,345.0,I,469.0,,ILE,True,1904,1905,four_layer_exact,high,1.0,0.3741496598639456,1.562613437700859,0.0,V,I;L;T;V,differs_from_consensus,True,True,scaffold_differs_from_msa_consensus,0.465887027507785,surface,False,False,False,False,,True,False,unassigned_manual_review,,not_annotated_no_domain_boundaries,,True,False
9M38,A,VI-D,apo,469,470,L,346.0,L,470.0,,LEU,True,1913,1914,four_layer_exact,high,1.0,0.3071853741496598,1.8058501554481996,0.0,L,A;I;L;M,matches_consensus,True,False,,0.0060081005773130166,buried_core,False,False,False,False,,True,True,unassigned_manual_review,,not_annotated_no_domain_boundaries,,True,False
9M38,A,VI-D,apo,470,471,K,347.0,K,471.0,,LYS,True,1914,1915,four_layer_exact,high,0.9945054945054944,0.3219178082191781,2.0026462262962146,0.0054945054945054,K,D;E;K;N;R,matches_consensus,True,False,,0.44849871922845824,surface,False,False,False,False,,True,False,unassigned_manual_review,,not_annotated_no_domain_boundaries,,True,False
9M38,A,VI-D,apo,471,472,K,348.0,K,472.0,,LYS,True,1924,1925,four_layer_exact,high,0.978021978021978,0.2307692307692307,2.266336114137132,0.021978021978022,E,D;E;K;Q;S,differs_from_consensus,True,True,scaffold_differs_from_msa_consensus,0.48347071565888744,surface,False,False,False,False,,True,False,unassigned_manual_review,,not_annotated_no_domain_boundaries,,True,False
9M38,A,VI-D,apo,472,473,L,349.0,L,473.0,,LEU,True,1925,1926,four_layer_exact,high,0.967032967032967,0.4113475177304964,2.09769891143406,0.0329670329670329,L,C;E;I;L;Q,matches_consensus,True,False,,0.5038249349844084,surface,False,False,False,False,,True,False,unassigned_manual_review,,not_annotated_no_domain_boundaries,,True,False
9M38,A,VI-D,apo,473,474,N,350.0,N,474.0,,ASN,True,1951,1952,four_layer_exact,high,0.956043956043956,0.4964028776978417,1.6967490771387137,0.0439560439560439,G,D;G;K;N;S,differs_from_consensus,True,True,scaffold_differs_from_msa_consensus,0.7321701107354819,surface,False,False,False,False,,True,False,unassigned_manual_review,,not_annotated_no_domain_boundaries,,True,False
9M38,A,VI-D,apo,474,475,L,351.0,L,475.0,,LEU,True,1952,1953,four_layer_exact,high,0.934065934065934,0.2962962962962963,2.233178555701175,0.0659340659340659,L,E;I;K;L;M;V,matches_consensus,True,False,,0.342372705485176,surface,False,False,False,False,,True,False,unassigned_manual_review,,not_annotated_no_domain_boundaries,,True,False
9M38,A,VI-D,apo,475,476,E,352.0,E,476.0,,GLU,True,1953,1954,four_layer_exact,high,0.967032967032967,0.2413563829787234,2.1898049691173327,0.0329670329670329,E,D;E;K;N;P;S,matches_consensus,True,False,,0.4044502724148441,surface,False,False,False,False,,True,False,unassigned_manual_review,,not_annotated_no_domain_boundaries,,True,False
9M38,A,VI-D,apo,476,477,F,353.0,F,477.0,,PHE,True,1954,1955,four_layer_exact,high,0.956043956043956,0.1726618705035971,2.4325451488115584,0.0439560439560439,V,A;C;I;L;R;S;T;V,differs_from_consensus,True,True,scaffold_differs_from_msa_consensus,0.4204925948254003,surface,False,False,False,False,,True,False,unassigned_manual_review,,not_annotated_no_domain_boundaries,,True,False
9M38,A,VI-D,apo,477,478,K,354.0,K,478.0,,LYS,True,1981,1982,four_layer_exact,high,0.9725274725274724,0.2394366197183098,2.4260502226502383,0.0274725274725274,E,D;E;K;N;S;T,differs_from_consensus,True,True,scaffold_differs_from_msa_consensus,0.621372149876873,surface,False,False,False,False,,True,False,unassigned_manual_review,,not_annotated_no_domain_boundaries,,True,False
9M38,A,VI-D,apo,478,479,F,355.0,F,479.0,,PHE,True,1982,1983,four_layer_exact,high,0.989010989010989,0.7931034482758621,0.7019234381787381,0.0109890109890109,F,F;L;Y,matches_consensus,True,False,,0.06543084031423313,buried_core,False,False,False,False,,True,True,unassigned_manual_review,,not_annotated_no_domain_boundaries,,True,False
9M38,A,VI-D,apo,479,480,K,356.0,K,480.0,,LYS,True,1995,1996,four_layer_exact,high,0.9615384615384616,0.2285714285714285,2.402960687402209,0.0384615384615384,T,A;E;K;Q;R;S;T;V,differs_from_consensus,True,True,scaffold_differs_from_msa_consensus,0.2562248357501313,surface,False,False,False,False,,True,False,unassigned_manual_review,,not_annotated_no_domain_boundaries,,True,False
9M38,A,VI-D,apo,480,481,P,357.0,P,481.0,,PRO,True,2037,2038,four_layer_exact,high,1.0,0.2539682539682539,2.089227697560553,0.0,E,A;D;E;K;P,differs_from_consensus,True,True,scaffold_differs_from_msa_consensus,0.7129747710944658,surface,False,False,False,False,,True,False,unassigned_manual_review,,not_annotated_no_domain_boundaries,,True,False
9M38,A,VI-D,apo,481,482,E,358.0,E,482.0,,GLU,True,2038,2039,four_layer_exact,high,1.0,0.272108843537415,2.0393084887849886,0.0,E,D;E;G;K;N,matches_consensus,True,False,,0.3527390374709411,surface,False,False,False,False,,True,False,unassigned_manual_review,,not_annotated_no_domain_boundaries,,True,False
9M38,A,VI-D,apo,482,483,Y,359.0,Y,483.0,,TYR,True,2049,2050,four_layer_exact,high,0.9945054945054944,0.773972602739726,0.6761898808828565,0.0054945054945054,Y,F;Y,matches_consensus,True,False,,0.01681370832025885,buried_core,False,False,False,False,,True,True,unassigned_manual_review,,not_annotated_no_domain_boundaries,,True,False
9M38,A,VI-D,apo,483,484,A,360.0,A,484.0,,ALA,True,2050,2051,four_layer_exact,high,0.0219780219780219,0.25,1.3862943611198906,0.978021978021978,A,A;N;P;S,matches_consensus,False,False,,0.21531355789858975,surface,False,False,False,False,,True,False,unassigned_manual_review,,not_annotated_no_domain_boundaries,,False,False
9M38,A,VI-D,apo,484,485,D,361.0,D,485.0,,ASP,True,2051,2052,four_layer_exact,high,0.9945054945054944,0.2157534246575342,2.177386161055365,0.0054945054945054,K,A;E;K;R;S,differs_from_consensus,True,True,scaffold_differs_from_msa_consensus,0.603286060011241,surface,False,False,False,False,,True,False,unassigned_manual_review,,not_annotated_no_domain_boundaries,,True,False
9M38,A,VI-D,apo,485,486,F,362.0,F,486.0,,PHE,True,2052,2053,four_layer_exact,high,0.9945054945054944,0.3698630136986301,1.7387501761397035,0.0054945054945054,F,F;I;L;M;V,matches_consensus,True,False,,0.06038141080199581,buried_core,False,False,False,False,,True,True,unassigned_manual_review,,not_annotated_no_domain_boundaries,,True,False
9M38,A,VI-D,apo,486,487,F,363.0,F,487.0,,PHE,True,2053,2054,four_layer_exact,high,1.0,0.8979591836734694,0.4030262359021584,0.0,F,F;L,matches_consensus,True,False,,0.049183099068519885,buried_core,False,False,False,False,,True,True,unassigned_manual_review,,not_annotated_no_domain_boundaries,,True,False
9M38,A,VI-D,apo,487,488,N,364.0,N,488.0,,ASN,True,2054,2055,four_layer_exact,high,0.0604395604395604,0.5454545454545454,1.294545165844896,0.9395604395604396,N,G;K;L;N;R,matches_consensus,False,False,,0.35020567391602686,surface,False,False,False,False,,True,False,unassigned_manual_review,,not_annotated_no_domain_boundaries,,False,False
9M38,A,VI-D,apo,488,489,M,365.0,M,489.0,,MET,True,2055,2056,four_layer_exact,high,0.0549450549450549,0.1,2.302585092994045,0.945054945054945,A,A;D;K;M;N;Q;R;S;V;Y,differs_from_consensus,False,True,scaffold_differs_from_msa_consensus,0.1954014530664037,buried_core,False,False,False,False,,True,True,unassigned_manual_review,,not_annotated_no_domain_boundaries,,False,False
9M38,A,VI-D,apo,489,490,T,366.0,T,490.0,,THR,True,2077,2078,four_layer_exact,high,0.9725274725274724,0.323943661971831,2.0774301339406964,0.0274725274725274,N,A;D;E;K;N;S,differs_from_consensus,True,True,scaffold_differs_from_msa_consensus,0.5396491237586262,surface,False,False,False,False,,True,False,unassigned_manual_review,,not_annotated_no_domain_boundaries,,True,False
9M38,A,VI-D,apo,490,491,N,367.0,N,491.0,,ASN,True,2094,2095,four_layer_exact,high,1.0,0.2244897959183673,2.406589494979646,0.0,N,D;E;K;N;Q;R;S,matches_consensus,True,False,,0.26153581623087907,surface,False,False,False,False,,True,False,unassigned_manual_review,,not_annotated_no_domain_boundaries,,True,False
9M38,A,VI-D,apo,491,492,C,368.0,C,492.0,,CYS,True,2095,2096,four_layer_exact,high,1.0,0.6326530612244898,1.2508471240780406,0.0,S,A;C;S,differs_from_consensus,True,True,scaffold_differs_from_msa_consensus,0.015410734741441673,buried_core,False,False,False,False,,True,True,unassigned_manual_review,,not_annotated_no_domain_boundaries,,True,False
9M38,A,VI-D,apo,492,493,R,369.0,R,493.0,,ARG,True,2096,2097,four_layer_exact,high,1.0,0.2108843537414966,2.222595186472575,0.0,G,A;D;E;G;K;R;S,differs_from_consensus,True,True,scaffold_differs_from_msa_consensus,0.3105090098715068,surface,False,False,False,False,,True,False,unassigned_manual_review,,not_annotated_no_domain_boundaries,,True,False
9M38,A,VI-D,apo,493,494,Y,370.0,Y,494.0,,TYR,True,2097,2098,four_layer_exact,high,1.0,0.27437641723356,2.271048763197599,0.0,K,D;E;K;N;Q;R;T,differs_from_consensus,True,True,scaffold_differs_from_msa_consensus,0.5669648268527249,surface,False,False,False,False,,True,False,unassigned_manual_review,,not_annotated_no_domain_boundaries,,True,False
9M38,A,VI-D,apo,494,495,T,371.0,T,495.0,,THR,True,2098,2099,four_layer_exact,high,1.0,0.5782312925170068,1.424677957899505,0.0,I,I;V;Y,differs_from_consensus,True,True,scaffold_differs_from_msa_consensus,0.0694438827634826,buried_core,False,False,False,False,,True,True,unassigned_manual_review,,not_annotated_no_domain_boundaries,,True,False
9M38,A,VI-D,apo,495,496,L,372.0,L,496.0,,LEU,True,2099,2100,four_layer_exact,high,1.0,0.5238095238095238,1.6623759917322187,0.0,A,A;C;S;V,differs_from_consensus,True,True,scaffold_differs_from_msa_consensus,0.09012150865969526,buried_core,False,False,False,False,,True,True,unassigned_manual_review,,not_annotated_no_domain_boundaries,,True,False
9M38,A,VI-D,apo,496,497,E,373.0,E,497.0,,GLU,True,2104,2105,four_layer_exact,high,0.989010989010989,0.2068965517241379,2.340981317019028,0.0109890109890109,E,A;D;E;K;N;R;S,matches_consensus,True,False,,0.1558435638928261,buried_core,False,False,False,False,,True,True,unassigned_manual_review,,not_annotated_no_domain_boundaries,,True,False
9M38,A,VI-D,apo,497,498,E,374.0,E,498.0,,GLU,True,2105,2106,four_layer_exact,high,0.9945054945054944,0.5273972602739726,1.5192846228609018,0.0054945054945054,E,D;E;Q,matches_consensus,True,False,,0.12858721873315654,buried_core,False,False,False,False,,True,True,unassigned_manual_review,,not_annotated_no_domain_boundaries,,True,False
9M38,A,VI-D,apo,498,499,L,375.0,L,499.0,,LEU,True,2106,2107,four_layer_exact,high,0.9945054945054944,0.821917808219178,0.5918675357263076,0.0054945054945054,L,I;L,matches_consensus,True,False,,0.0,buried_core,False,False,False,False,,True,True,unassigned_manual_review,,not_annotated_no_domain_boundaries,,True,False
9M38,A,VI-D,apo,499,500,R,376.0,R,500.0,,ARG,True,2107,2108,four_layer_exact,high,0.9945054945054944,0.5958904109589042,1.604710796645177,0.0054945054945054,R,K;N;R;T,matches_consensus,True,False,,0.1720470514718545,buried_core,False,False,False,False,,True,True,unassigned_manual_review,,not_annotated_no_domain_boundaries,,True,False
9M38,A,VI-D,apo,500,501,V,377.0,V,501.0,,VAL,True,2108,2109,four_layer_exact,high,1.0,0.2857142857142857,2.142879178549894,0.0,I,A;E;F;I;L;T;V,differs_from_consensus,True,True,scaffold_differs_from_msa_consensus,0.11104627273930265,buried_core,False,False,False,False,,True,True,unassigned_manual_review,,not_annotated_no_domain_boundaries,,True,False
9M38,A,VI-D,apo,501,502,I,378.0,I,502.0,,ILE,True,2109,2110,four_layer_exact,high,1.0,0.3673469387755102,1.332497444898705,0.0,I,I;L;V,matches_consensus,True,False,,0.006130092467207697,buried_core,False,False,False,False,,True,True,unassigned_manual_review,,not_annotated_no_domain_boundaries,,True,False
9M38,A,VI-D,apo,502,503,N,379.0,N,503.0,,ASN,True,2110,2111,four_layer_exact,high,1.0,0.3877551020408163,1.5727945757315092,0.0,K,A;K;N,differs_from_consensus,True,True,scaffold_differs_from_msa_consensus,0.2801016299482382,surface,False,False,False,False,,True,False,unassigned_manual_review,,not_annotated_no_domain_boundaries,,True,False
9M38,A,VI-D,apo,503,504,S,380.0,S,504.0,,SER,True,2111,2112,four_layer_exact,high,1.0,0.6394557823129252,1.1003041688611606,0.0,S,N;S,matches_consensus,True,False,,0.3536539899528105,surface,False,False,False,False,,True,False,unassigned_manual_review,,not_annotated_no_domain_boundaries,,True,False
9M38,A,VI-D,apo,504,505,I,381.0,I,505.0,,ILE,True,2112,2113,four_layer_exact,high,1.0,0.3945578231292517,1.3194395583553464,0.0,F,F;I;L;V,differs_from_consensus,True,True,scaffold_differs_from_msa_consensus,0.11707213596436934,buried_core,False,False,False,False,,True,True,unassigned_manual_review,,not_annotated_no_domain_boundaries,,True,False
9M38,A,VI-D,apo,505,506,A,382.0,A,506.0,,ALA,True,2113,2114,four_layer_exact,high,1.0,0.6530612244897959,1.19525362353663,0.0,A,A;G;S,matches_consensus,True,False,,0.5984274212303287,surface,False,False,False,False,,True,False,unassigned_manual_review,,not_annotated_no_domain_boundaries,,True,False
9M38,A,VI-D,apo,506,507,R,383.0,R,507.0,,ARG,True,2114,2115,four_layer_exact,high,1.0,0.6122448979591837,1.2143778303437045,0.0,R,K;R,matches_consensus,True,False,,0.2924319647040858,surface,False,False,False,False,,True,False,unassigned_manual_review,,not_annotated_no_domain_boundaries,,True,False
9M38,A,VI-D,apo,507,508,M,384.0,M,508.0,,MET,True,2115,2116,four_layer_exact,high,1.0,0.8571428571428571,0.7113012067054002,0.0,M,M,matches_consensus,True,False,,0.498601272453335,surface,False,False,False,False,,True,False,unassigned_manual_review,,not_annotated_no_domain_boundaries,,True,False
9M38,A,VI-D,apo,508,509,Q,385.0,Q,509.0,,GLN,True,2116,2117,four_layer_exact,high,0.9285714285714286,0.2164179104477611,2.2640765960078166,0.0714285714285714,K,C;D;E;G;K;Q;S;T,differs_from_consensus,True,True,scaffold_differs_from_msa_consensus,0.42140916146340224,surface,False,False,False,False,,True,False,unassigned_manual_review,,not_annotated_no_domain_boundaries,,True,False
9M38,A,VI-D,apo,509,510,K,386.0,K,510.0,,LYS,True,2122,2123,four_layer_exact,high,0.8516483516483516,0.6166666666666667,1.582507438135677,0.1483516483516483,K,K;R;S,matches_consensus,True,False,,0.5881994340796209,surface,False,False,False,False,,True,False,unassigned_manual_review,,not_annotated_no_domain_boundaries,,True,False
9M38,A,VI-D,apo,510,511,P,387.0,P,511.0,,PRO,True,2123,2124,four_layer_exact,high,0.8516483516483516,0.4166666666666667,2.1032142678567847,0.1483516483516483,P,A;E;K;P,matches_consensus,True,False,,0.1215223362052746,buried_core,False,False,False,False,,True,True,unassigned_manual_review,,not_annotated_no_domain_boundaries,,True,False
9M38,A,VI-D,apo,511,512,S,388.0,S,512.0,,SER,True,2130,2131,four_layer_exact,high,0.967032967032967,0.3687943262411347,2.103087712439381,0.0329670329670329,D,A;D;E;N;S,differs_from_consensus,True,True,scaffold_differs_from_msa_consensus,0.3001099008654081,surface,False,False,False,False,,True,False,unassigned_manual_review,,not_annotated_no_domain_boundaries,,True,False
9M38,A,VI-D,apo,512,513,A,389.0,A,513.0,,ALA,True,2131,2132,four_layer_exact,high,0.967032967032967,0.1631205673758865,2.427358468175039,0.0329670329670329,A,A;E;I;K;L;M;P;V,matches_consensus,True,False,,0.5352981640539928,surface,False,False,False,False,,True,False,unassigned_manual_review,,not_annotated_no_domain_boundaries,,True,False
9M38,A,VI-D,apo,513,514,D,390.0,D,514.0,,ASP,True,2148,2149,four_layer_exact,high,0.9835164835164836,0.201171875,2.26356625908991,0.0164835164835165,N,A;D;K;N;S,differs_from_consensus,True,True,scaffold_differs_from_msa_consensus,0.33812756631791946,surface,False,False,False,False,,True,False,unassigned_manual_review,,not_annotated_no_domain_boundaries,,True,False
9M38,A,VI-D,apo,514,515,A,391.0,A,515.0,,ALA,True,2149,2150,four_layer_exact,high,0.9835164835164836,0.4375,1.9869221185386,0.0164835164835165,A,A;I;S;T;V,matches_consensus,True,False,,0.04680729519534559,buried_core,False,False,False,False,,True,True,unassigned_manual_review,,not_annotated_no_domain_boundaries,,True,False
9M38,A,VI-D,apo,515,516,R,392.0,R,516.0,,ARG,True,2150,2151,four_layer_exact,high,0.978021978021978,0.6153846153846154,1.5255126535790835,0.021978021978022,K,K;N;S,differs_from_consensus,True,True,scaffold_differs_from_msa_consensus,0.2612635589791576,surface,False,False,False,False,,True,False,unassigned_manual_review,,not_annotated_no_domain_boundaries,,True,False
9M38,A,VI-D,apo,516,517,K,393.0,K,517.0,,LYS,True,2151,2152,four_layer_exact,high,0.978021978021978,0.2867132867132867,2.146517873736677,0.021978021978022,R,A;E;K;R,differs_from_consensus,True,True,scaffold_differs_from_msa_consensus,0.5341079177487768,surface,False,False,False,False,,True,False,unassigned_manual_review,,not_annotated_no_domain_boundaries,,True,False
9M38,A,VI-D,apo,517,518,I,394.0,I,518.0,,ILE,True,2162,2163,four_layer_exact,high,0.9285714285714286,0.1703703703703703,2.5169221974396727,0.0714285714285714,V,A;E;I;P;Q;S;T;V,differs_from_consensus,True,True,scaffold_differs_from_msa_consensus,0.12191063517168085,buried_core,False,False,False,False,,True,True,unassigned_manual_review,,not_annotated_no_domain_boundaries,,True,False
9M38,A,VI-D,apo,518,519,M,395.0,M,519.0,,MET,True,2163,2164,four_layer_exact,high,0.9285714285714286,0.5259259259259259,1.3665553528949437,0.0714285714285714,M,L;M;V,matches_consensus,True,False,,0.04958106405790463,buried_core,False,False,False,False,,True,True,unassigned_manual_review,,not_annotated_no_domain_boundaries,,True,False
9M38,A,VI-D,apo,519,520,Y,396.0,Y,520.0,,TYR,True,2173,2174,four_layer_exact,high,0.9945054945054944,0.4383561643835616,1.4631933734396794,0.0054945054945054,Y,F;I;L;Y,matches_consensus,True,False,,0.14634995897165506,buried_core,False,False,False,False,,True,True,unassigned_manual_review,,not_annotated_no_domain_boundaries,,True,False
9M38,A,VI-D,apo,520,521,R,397.0,R,521.0,,ARG,True,2174,2175,four_layer_exact,high,0.9945054945054944,0.2397260273972602,2.3571543363396743,0.0054945054945054,R,E;I;K;L;R;V;Y,matches_consensus,True,False,,0.3032565629710285,surface,False,False,False,False,,True,False,unassigned_manual_review,,not_annotated_no_domain_boundaries,,True,False
9M38,A,VI-D,apo,521,522,D,398.0,D,522.0,,ASP,True,2175,2176,four_layer_exact,high,0.9945054945054944,0.7397260273972602,0.9231110752216588,0.0054945054945054,D,A;D;E,matches_consensus,True,False,,0.10063436075184541,buried_core,False,False,False,False,,True,True,unassigned_manual_review,,not_annotated_no_domain_boundaries,,True,False
9M38,A,VI-D,apo,522,523,A,399.0,A,523.0,,ALA,True,2177,2178,four_layer_exact,high,0.9945054945054944,0.958904109589041,0.2165598939777729,0.0054945054945054,A,A,matches_consensus,True,False,,0.02702880198560119,buried_core,False,False,False,False,,True,True,unassigned_manual_review,,not_annotated_no_domain_boundaries,,True,False
9M38,A,VI-D,apo,523,524,L,400.0,L,524.0,,LEU,True,2178,2179,four_layer_exact,high,0.9945054945054944,0.3356164383561644,1.774873005308953,0.0054945054945054,L,A;I;L;V,matches_consensus,True,False,,0.08411340808238223,buried_core,False,False,False,False,,True,True,unassigned_manual_review,,not_annotated_no_domain_boundaries,,True,False
9M38,A,VI-D,apo,524,525,R,401.0,R,525.0,,ARG,True,2179,2180,four_layer_exact,high,0.9945054945054944,0.1506849315068493,2.5423870286418477,0.0054945054945054,R,A;D;E;K;N;Q;R;T;Y,matches_consensus,True,False,,0.05986797825079966,buried_core,False,False,False,False,,True,True,unassigned_manual_review,,not_annotated_no_domain_boundaries,,True,False
9M38,A,VI-D,apo,525,526,I,402.0,I,526.0,,ILE,True,2180,2181,four_layer_exact,high,0.9945054945054944,0.4178082191780822,1.5684907183055476,0.0054945054945054,I,I;L;M;T;V,matches_consensus,True,False,,0.012260184934415394,buried_core,False,False,False,False,,True,True,unassigned_manual_review,,not_annotated_no_domain_boundaries,,True,False
9M38,A,VI-D,apo,526,527,L,403.0,L,527.0,,LEU,True,2181,2182,four_layer_exact,high,0.9945054945054944,0.8972602739726028,0.4286223933512616,0.0054945054945054,L,F;L,matches_consensus,True,False,,0.024032402309252066,buried_core,False,False,False,False,,True,True,unassigned_manual_review,,not_annotated_no_domain_boundaries,,True,False
9M38,A,VI-D,apo,527,528,G,404.0,G,528.0,,GLY,True,2183,2184,four_layer_exact,high,1.0,0.9183673469387756,0.4348760218906276,0.0,G,G,matches_consensus,True,False,,0.08128266838730205,buried_core,False,False,False,False,,True,True,unassigned_manual_review,,not_annotated_no_domain_boundaries,,True,False
9M38,A,VI-D,apo,528,529,M,405.0,M,529.0,,MET,True,2184,2185,four_layer_exact,high,0.9945054945054944,0.2168949771689497,2.362992330965375,0.0054945054945054,I,F;I;L;M;T;V;Y,differs_from_consensus,True,True,scaffold_differs_from_msa_consensus,0.10136141127292855,buried_core,False,False,False,False,,True,True,unassigned_manual_review,,not_annotated_no_domain_boundaries,,True,False
9M38,A,VI-D,apo,529,530,D,406.0,D,530.0,,ASP,True,2207,2208,four_layer_exact,high,0.6153846153846154,0.2294372294372294,2.3917285271214634,0.3846153846153846,D,D;E;G;K;N;P;R;S,matches_consensus,False,False,,0.23942438977551384,surface,False,False,False,False,,True,False,unassigned_manual_review,,not_annotated_no_domain_boundaries,,False,False
9M38,A,VI-D,apo,530,531,N,407.0,N,531.0,,ASN,True,2208,2209,four_layer_exact,high,0.4835164835164835,0.1481481481481481,2.435364438183984,0.5164835164835164,K,D;E;G;H;K;N;S;T;V,differs_from_consensus,False,True,scaffold_differs_from_msa_consensus,0.6033966467438567,surface,False,False,False,False,,True,False,unassigned_manual_review,,not_annotated_no_domain_boundaries,,False,False
9M38,A,VI-D,apo,531,532,R,408.0,R,532.0,,ARG,True,2210,2211,four_layer_exact,high,0.6868131868131868,0.2333333333333333,2.6046820032950757,0.3131868131868132,M,A;I;K;L;M;V;Y,differs_from_consensus,False,True,scaffold_differs_from_msa_consensus,0.31583582099466734,surface,False,False,False,False,,True,False,unassigned_manual_review,,not_annotated_no_domain_boundaries,,False,False
9M38,A,VI-D,apo,532,533,P,409.0,P,533.0,,PRO,True,2211,2212,four_layer_exact,high,0.7637362637362637,0.3272235576923077,2.2898809709004224,0.2362637362637363,S,D;E;Q;S;T;Y,differs_from_consensus,False,True,scaffold_differs_from_msa_consensus,0.5461332813933879,surface,False,False,False,False,,True,False,unassigned_manual_review,,not_annotated_no_domain_boundaries,,False,False
9M38,A,VI-D,apo,533,534,D,410.0,D,534.0,,ASP,True,2212,2213,four_layer_exact,high,0.8076923076923077,0.2767857142857143,2.211486572343379,0.1923076923076923,E,D;E;K;N;P;T,differs_from_consensus,True,True,scaffold_differs_from_msa_consensus,0.3612907731180691,surface,False,False,False,False,,True,False,unassigned_manual_review,,not_annotated_no_domain_boundaries,,True,False
9M38,A,VI-D,apo,534,535,E,411.0,E,535.0,,GLU,True,2213,2214,four_layer_exact,high,0.9285714285714286,0.3729011194029851,2.0063318134408825,0.0714285714285714,E,D;E;K;N;P;Q;S,matches_consensus,True,False,,0.5842183463599648,surface,False,False,False,False,,True,False,unassigned_manual_review,,not_annotated_no_domain_boundaries,,True,False
9M38,A,VI-D,apo,535,536,E,412.0,E,536.0,,GLU,True,2214,2215,four_layer_exact,high,0.9395604395604396,0.4068627450980391,1.9177663889166727,0.0604395604395604,E,A;D;E;N;Q,matches_consensus,True,False,,0.3144192708926773,surface,False,False,False,False,,True,False,unassigned_manual_review,,not_annotated_no_domain_boundaries,,True,False
9M38,A,VI-D,apo,536,537,I,413.0,I,537.0,,ILE,True,2215,2216,four_layer_exact,high,0.9395604395604396,0.2794117647058823,2.3270442032622807,0.0604395604395604,L,F;I;L;V;Y,differs_from_consensus,True,True,scaffold_differs_from_msa_consensus,0.018390277401623092,buried_core,False,False,False,False,,True,True,unassigned_manual_review,,not_annotated_no_domain_boundaries,,True,False
9M38,A,VI-D,apo,537,538,D,414.0,D,538.0,,ASP,True,2216,2217,four_layer_exact,high,0.9505494505494504,0.2246376811594203,2.2562227947184934,0.0494505494505495,D,D;E;K;N;Q;S,matches_consensus,True,False,,0.4560295527299229,surface,False,False,False,False,,True,False,unassigned_manual_review,,not_annotated_no_domain_boundaries,,True,False
9M38,A,VI-D,apo,538,539,R,415.0,R,539.0,,ARG,True,2217,2218,four_layer_exact,high,0.934065934065934,0.2222222222222222,2.186511054381146,0.0659340659340659,E,A;D;E;K;N;Q;R;S,differs_from_consensus,True,True,scaffold_differs_from_msa_consensus,0.5615445521492386,surface,False,False,False,False,,True,False,unassigned_manual_review,,not_annotated_no_domain_boundaries,,True,False
9M38,A,VI-D,apo,539,540,E,416.0,E,540.0,,GLU,True,2218,2219,four_layer_exact,high,0.934065934065934,0.237037037037037,2.3975259230819947,0.0659340659340659,Y,A;E;F;I;K;L;M;Y,differs_from_consensus,True,True,scaffold_differs_from_msa_consensus,0.08351260531389164,buried_core,False,False,False,False,,True,True,unassigned_manual_review,,not_annotated_no_domain_boundaries,,True,False
9M38,A,VI-D,apo,540,541,L,417.0,L,541.0,,LEU,True,2231,2232,four_layer_exact,high,0.7362637362637363,0.32,1.7236461551685858,0.2637362637362637,L,A;F;I;L;V,matches_consensus,False,False,,0.18354128323049068,buried_core,False,False,False,False,,True,True,unassigned_manual_review,,not_annotated_no_domain_boundaries,,False,False
9M38,A,VI-D,apo,541,542,E,418.0,E,542.0,,GLU,True,2233,2234,four_layer_exact,high,0.9175824175824177,0.4552238805970149,1.84318765225062,0.0824175824175824,D,D;E;K;N;S,differs_from_consensus,True,True,scaffold_differs_from_msa_consensus,0.5637168480412965,surface,False,False,False,False,,True,False,unassigned_manual_review,,not_annotated_no_domain_boundaries,,True,False
9M38,A,VI-D,apo,542,543,R,419.0,R,543.0,,ARG,True,2234,2235,four_layer_exact,high,0.9065934065934066,0.2045454545454545,2.2742192318380194,0.0934065934065934,E,D;E;K;N;R,differs_from_consensus,True,True,scaffold_differs_from_msa_consensus,0.48342254470108786,surface,False,False,False,False,,True,False,unassigned_manual_review,,not_annotated_no_domain_boundaries,,True,False
9M38,A,VI-D,apo,543,544,T,420.0,T,544.0,,THR,True,2235,2236,four_layer_exact,high,0.9065934065934066,0.2575757575757575,2.1789406973992764,0.0934065934065934,I,F;I;L;M;V;W;Y,differs_from_consensus,True,True,scaffold_differs_from_msa_consensus,0.20102861433555982,surface,False,False,False,False,,True,False,unassigned_manual_review,,not_annotated_no_domain_boundaries,,True,False
9M38,A,VI-D,apo,544,545,M,421.0,M,545.0,,MET,True,2236,2237,four_layer_exact,high,0.8131868131868132,0.4221443965517241,1.6736390906316498,0.1868131868131868,L,F;I;L;V;Y,differs_from_consensus,True,True,scaffold_differs_from_msa_consensus,0.12801743223955622,buried_core,False,False,False,False,,True,True,unassigned_manual_review,,not_annotated_no_domain_boundaries,,True,False
9M38,A,VI-D,apo,545,546,P,422.0,P,546.0,,PRO,True,2237,2238,four_layer_exact,high,0.7857142857142857,0.2252252252252252,2.5311921718650634,0.2142857142857143,E,A;C;E;G;K;N;Q;S,differs_from_consensus,False,True,scaffold_differs_from_msa_consensus,0.10633204417961527,buried_core,False,False,False,False,,True,True,unassigned_manual_review,,not_annotated_no_domain_boundaries,,False,False
9M38,A,VI-D,apo,546,547,V,423.0,V,547.0,,VAL,True,2277,2278,four_layer_exact,high,0.6648351648351648,0.2528735632183908,2.3446029804260986,0.3351648351648352,L,F;G;I;K;L;V;Y,differs_from_consensus,False,True,scaffold_differs_from_msa_consensus,0.3594624036136388,surface,False,False,False,False,,True,False,unassigned_manual_review,,not_annotated_no_domain_boundaries,,False,False
9M38,A,VI-D,apo,547,548,G,424.0,G,548.0,,GLY,True,2278,2279,four_layer_exact,high,0.7252747252747253,0.5612244897959183,1.5694452231864695,0.2747252747252747,D,D;E;K;N,differs_from_consensus,False,True,scaffold_differs_from_msa_consensus,0.5910558585927567,surface,False,False,False,False,,True,False,unassigned_manual_review,,not_annotated_no_domain_boundaries,,False,False
9M38,A,VI-D,apo,548,549,A,425.0,A,549.0,,ALA,True,2279,2280,four_layer_exact,high,0.7032967032967034,0.3052631578947368,2.146703934903305,0.2967032967032966,K,A;E;K;P;R;S;T,differs_from_consensus,False,True,scaffold_differs_from_msa_consensus,0.504126648555858,surface,False,False,False,False,,True,False,unassigned_manual_review,,not_annotated_no_domain_boundaries,,False,False
9M38,A,VI-D,apo,549,550,D,426.0,D,550.0,,ASP,True,2280,2281,four_layer_exact,high,0.5659340659340659,0.2857142857142857,2.239330999190396,0.4340659340659341,N,A;D;E;G;K;N;S,differs_from_consensus,False,True,scaffold_differs_from_msa_consensus,0.758673790408792,surface,False,False,False,False,,True,False,unassigned_manual_review,,not_annotated_no_domain_boundaries,,False,False
9M38,A,VI-D,apo,550,551,G,427.0,G,551.0,,GLY,True,2290,2291,four_layer_exact,high,0.6978021978021978,0.6344086021505376,1.383610521736433,0.3021978021978022,G,G;K;N;S,matches_consensus,False,False,,0.6387797925934393,surface,False,False,False,False,,True,False,unassigned_manual_review,,not_annotated_no_domain_boundaries,,False,False
9M38,A,VI-D,apo,551,552,K,428.0,K,552.0,,LYS,True,2291,2292,four_layer_exact,high,0.7362637362637363,0.4603125,1.7781822332535753,0.2637362637362637,K,D;E;K;N;T,matches_consensus,False,False,,0.55715820902683,surface,False,False,False,False,,True,False,unassigned_manual_review,,not_annotated_no_domain_boundaries,,False,False
9M38,A,VI-D,apo,552,553,F,429.0,F,553.0,,PHE,True,2292,2293,four_layer_exact,high,0.7692307692307693,0.320754716981132,2.3879128042717594,0.2307692307692307,K,E;K;P;T,differs_from_consensus,False,True,scaffold_differs_from_msa_consensus,0.4951606600189835,surface,False,False,False,False,,True,False,unassigned_manual_review,,not_annotated_no_domain_boundaries,,False,False
9M38,A,VI-D,apo,553,554,I,430.0,I,554.0,,ILE,True,2293,2294,four_layer_exact,high,0.412087912087912,0.273972602739726,2.253269814704581,0.5879120879120879,I,I;K;L;R;S;T;V,matches_consensus,False,False,,0.31876480829480025,surface,False,False,False,False,,True,False,unassigned_manual_review,,not_annotated_no_domain_boundaries,,False,False
9M38,A,VI-D,apo,554,555,K,431.0,K,555.0,,LYS,True,2294,2295,four_layer_exact,high,0.3186813186813186,0.2982456140350877,2.257030525296559,0.6813186813186813,K,K;L;N;P;S;T,matches_consensus,False,False,,0.7802247057596494,surface,False,False,False,False,,True,False,unassigned_manual_review,,not_annotated_no_domain_boundaries,,False,False
9M38,A,VI-D,apo,555,556,G,432.0,G,556.0,,GLY,True,2340,2341,four_layer_exact,high,0.4725274725274725,0.1764705882352941,2.571291527024937,0.5274725274725275,K,A;E;G;I;K;T;V,differs_from_consensus,False,True,scaffold_differs_from_msa_consensus,0.6527974581832703,surface,False,False,False,False,,True,False,unassigned_manual_review,,not_annotated_no_domain_boundaries,,False,False
9M38,A,VI-D,apo,556,557,K,433.0,K,557.0,,LYS,True,2341,2342,four_layer_exact,high,0.6648351648351648,0.3193277310924369,2.1855023061773924,0.3351648351648352,D,D;K;N;V,differs_from_consensus,False,True,scaffold_differs_from_msa_consensus,0.49229869751014094,surface,False,False,False,False,,True,False,unassigned_manual_review,,not_annotated_no_domain_boundaries,,False,False
9M38,A,VI-D,apo,557,558,Q,434.0,Q,558.0,,GLN,True,2342,2343,four_layer_exact,high,0.989010989010989,0.2549568965517241,2.044704689199091,0.0109890109890109,N,H;K;N;R;T,differs_from_consensus,True,True,scaffold_differs_from_msa_consensus,0.23121462894095327,surface,False,False,False,False,,True,False,unassigned_manual_review,,not_annotated_no_domain_boundaries,,True,False
9M38,A,VI-D,apo,558,559,G,435.0,G,559.0,,GLY,True,2343,2344,four_layer_exact,high,0.9945054945054944,0.3287671232876712,2.0693192496989004,0.0054945054945054,G,D;G;K;N;P,matches_consensus,True,False,,0.10670745690231759,buried_core,False,False,False,False,,True,True,unassigned_manual_review,,not_annotated_no_domain_boundaries,,True,False
9M38,A,VI-D,apo,559,560,F,436.0,F,560.0,,PHE,True,2344,2345,four_layer_exact,high,0.9945054945054944,0.4726027397260274,1.5759153766818643,0.0054945054945054,F,F;I;L;V,matches_consensus,True,False,,0.08411483430292771,buried_core,False,False,False,False,,True,True,unassigned_manual_review,,not_annotated_no_domain_boundaries,,True,False
9M38,A,VI-D,apo,560,561,R,437.0,R,561.0,,ARG,True,2345,2346,four_layer_exact,high,0.9945054945054944,0.8835616438356164,0.506741600035178,0.0054945054945054,R,K;R,matches_consensus,True,False,,0.1782807968245732,buried_core,False,False,False,False,,True,True,unassigned_manual_review,,not_annotated_no_domain_boundaries,,True,False
9M38,A,VI-D,apo,561,562,N,438.0,N,562.0,,ASN,True,2352,2353,four_layer_exact,high,1.0,0.9047619047619048,0.4827964867853797,0.0,N,N,matches_consensus,True,False,,0.4972392988259141,surface,False,False,False,False,,True,False,unassigned_manual_review,,not_annotated_no_domain_boundaries,,True,False
9M38,A,VI-D,apo,562,563,F,439.0,F,563.0,,PHE,True,2353,2354,four_layer_exact,high,1.0,0.9047619047619048,0.3994558080260597,0.0,F,F;Y,matches_consensus,True,False,,0.06493802914664001,buried_core,False,False,False,False,,True,True,unassigned_manual_review,,not_annotated_no_domain_boundaries,,True,False
9M38,A,VI-D,apo,563,564,I,440.0,I,564.0,,ILE,True,2354,2355,four_layer_exact,high,1.0,0.7755102040816326,0.7402808121349429,0.0,I,I;L,matches_consensus,True,False,,0.06130092467207697,buried_core,False,False,False,False,,True,True,unassigned_manual_review,,not_annotated_no_domain_boundaries,,True,False
9M38,A,VI-D,apo,564,565,A,441.0,A,565.0,,ALA,True,2355,2356,four_layer_exact,high,1.0,0.3333333333333333,1.8894836396114305,0.0,A,A;I,matches_consensus,True,False,,0.12064339237629237,buried_core,False,False,False,False,,True,True,unassigned_manual_review,,not_annotated_no_domain_boundaries,,True,False
9M38,A,VI-D,apo,565,566,S,442.0,S,566.0,,SER,True,2356,2357,four_layer_exact,high,1.0,0.7142857142857143,0.8897169537548101,0.0,N,K;N;S,differs_from_consensus,True,True,scaffold_differs_from_msa_consensus,0.47029033974048184,surface,False,False,False,False,,True,False,unassigned_manual_review,,not_annotated_no_domain_boundaries,,True,False
9M38,A,VI-D,apo,566,567,N,443.0,N,567.0,,ASN,True,2357,2358,four_layer_exact,high,1.0,0.91156462585034,0.4243103208457421,0.0,N,N,matches_consensus,True,False,,0.20492605657219906,surface,False,False,False,False,,True,False,unassigned_manual_review,,not_annotated_no_domain_boundaries,,True,False
9M38,A,VI-D,apo,567,568,V,444.0,V,568.0,,VAL,True,2358,2359,four_layer_exact,high,1.0,0.8503401360544217,0.4497918496700321,0.0,V,I;V,matches_consensus,True,False,,0.02082117613861925,buried_core,False,False,False,False,,True,True,unassigned_manual_review,,not_annotated_no_domain_boundaries,,True,False
9M38,A,VI-D,apo,568,569,I,445.0,I,569.0,,ILE,True,2359,2360,four_layer_exact,high,1.0,0.6802721088435374,0.9582240756813062,0.0,I,I;L;V,matches_consensus,True,False,,0.0,buried_core,False,False,False,False,,True,True,unassigned_manual_review,,not_annotated_no_domain_boundaries,,True,False
9M38,A,VI-D,apo,569,570,E,446.0,E,570.0,,GLU,True,2360,2361,four_layer_exact,high,1.0,0.3333333333333333,1.8971449057834,0.0,E,D;E;K;N;S,matches_consensus,True,False,,0.4968012626284602,surface,False,False,False,False,,True,False,unassigned_manual_review,,not_annotated_no_domain_boundaries,,True,False
9M38,A,VI-D,apo,570,571,S,447.0,S,571.0,,SER,True,2361,2362,four_layer_exact,high,1.0,0.8435374149659864,0.5213503309611086,0.0,S,N;S,matches_consensus,True,False,,0.08558719912699506,buried_core,False,False,False,False,,True,True,unassigned_manual_review,,not_annotated_no_domain_boundaries,,True,False
9M38,A,VI-D,apo,571,572,S,448.0,S,572.0,,SER,True,2362,2363,four_layer_exact,high,1.0,0.3537414965986394,1.8156290973535367,0.0,R,K;N;R;S;T,differs_from_consensus,True,True,scaffold_differs_from_msa_consensus,0.5196235596450507,surface,False,False,False,False,,True,False,unassigned_manual_review,,not_annotated_no_domain_boundaries,,True,False
9M38,A,VI-D,apo,572,573,R,449.0,R,573.0,,ARG,True,2363,2364,four_layer_exact,high,1.0,0.7619047619047619,0.9837272783521896,0.0,R,K;R;W,matches_consensus,True,False,,0.27980010220199936,surface,False,False,False,False,,True,False,unassigned_manual_review,,not_annotated_no_domain_boundaries,,True,False
9M38,A,VI-D,apo,573,574,F,450.0,F,574.0,,PHE,True,2364,2365,four_layer_exact,high,1.0,0.9659863945578232,0.1484282892171749,0.0,F,F,matches_consensus,True,False,,0.005031784233499651,buried_core,False,False,False,False,,True,True,unassigned_manual_review,,not_annotated_no_domain_boundaries,,True,False
9M38,A,VI-D,apo,574,575,H,451.0,H,575.0,,HIS,True,2365,2366,four_layer_exact,high,1.0,0.1766581632653061,2.459084966990156,0.0,K,F;H;I;K;N;Q;R,differs_from_consensus,True,True,scaffold_differs_from_msa_consensus,0.21381281291263554,surface,False,False,False,False,,True,False,unassigned_manual_review,,not_annotated_no_domain_boundaries,,True,False
9M38,A,VI-D,apo,575,576,Y,452.0,Y,576.0,,TYR,True,2367,2368,four_layer_exact,high,1.0,0.9727891156462584,0.1402106888660079,0.0,Y,Y,matches_consensus,True,False,,0.06897637827432575,buried_core,False,False,False,False,,True,True,unassigned_manual_review,,not_annotated_no_domain_boundaries,,True,False
9M38,A,VI-D,apo,576,577,L,453.0,L,577.0,,LEU,True,2368,2369,four_layer_exact,high,1.0,0.5714285714285714,1.0281281059418343,0.0,L,I;L;V,matches_consensus,True,False,,0.016669384398832622,buried_core,False,False,False,False,,True,True,unassigned_manual_review,,not_annotated_no_domain_boundaries,,True,False
9M38,A,VI-D,apo,577,578,V,454.0,V,578.0,,VAL,True,2369,2370,four_layer_exact,high,1.0,0.4353741496598639,1.4172898637728435,0.0,V,A;I;V,matches_consensus,True,False,,0.058550620600421086,buried_core,False,False,False,False,,True,True,unassigned_manual_review,,not_annotated_no_domain_boundaries,,True,False
9M38,A,VI-D,apo,578,579,R,455.0,R,579.0,,ARG,True,2370,2371,four_layer_exact,high,1.0,0.6394557823129252,0.811700257404049,0.0,R,K;R,matches_consensus,True,False,,0.08356980428547418,buried_core,False,False,False,False,,True,True,unassigned_manual_review,,not_annotated_no_domain_boundaries,,True,False
9M38,A,VI-D,apo,579,580,Y,456.0,Y,580.0,,TYR,True,2371,2372,four_layer_exact,high,1.0,0.8503401360544217,0.5452229666215684,0.0,Y,F;Y,matches_consensus,True,False,,0.008147977369298254,buried_core,False,False,False,False,,True,True,unassigned_manual_review,,not_annotated_no_domain_boundaries,,True,False
9M38,A,VI-D,apo,580,581,N,457.0,N,581.0,,ASN,True,2372,2373,four_layer_exact,high,1.0,0.1700680272108843,2.198069236424125,0.0,G,A;C;G;I;N;S;T;V,differs_from_consensus,True,True,scaffold_differs_from_msa_consensus,0.08202295650234029,buried_core,False,False,False,False,,True,True,unassigned_manual_review,,not_annotated_no_domain_boundaries,,True,False
9M38,A,VI-D,apo,581,582,N,458.0,N,582.0,,ASN,True,2373,2374,four_layer_exact,high,1.0,0.5170068027210885,1.4482255672881177,0.0,N,D;K;N;R;S,matches_consensus,True,False,,0.2523970359767072,surface,False,False,False,False,,True,False,unassigned_manual_review,,not_annotated_no_domain_boundaries,,True,False
9M38,A,VI-D,apo,582,583,P,459.0,P,583.0,,PRO,True,2374,2375,four_layer_exact,high,1.0,0.7551020408163265,0.9980762056073184,0.0,P,A;P;T;V,matches_consensus,True,False,,0.12740466219323388,buried_core,False,False,False,False,,True,True,unassigned_manual_review,,not_annotated_no_domain_boundaries,,True,False
9M38,A,VI-D,apo,583,584,H,460.0,H,584.0,,HIS,True,2375,2376,four_layer_exact,high,1.0,0.3129251700680272,2.195610034589785,0.0,K,A;E;K;R;S;T,differs_from_consensus,True,True,scaffold_differs_from_msa_consensus,0.36252094266834056,surface,False,False,False,False,,True,False,unassigned_manual_review,,not_annotated_no_domain_boundaries,,True,False
9M38,A,VI-D,apo,584,585,K,461.0,K,585.0,,LYS,True,2376,2377,four_layer_exact,high,1.0,0.3401360544217687,2.29174671988634,0.0,K,D;E;K;N;S;T,matches_consensus,True,False,,0.40173845546243114,surface,False,False,False,False,,True,False,unassigned_manual_review,,not_annotated_no_domain_boundaries,,True,False
9M38,A,VI-D,apo,585,586,T,462.0,T,586.0,,THR,True,2377,2378,four_layer_exact,high,1.0,0.3537414965986394,1.688112846401972,0.0,V,A;C;I;L;V,differs_from_consensus,True,True,scaffold_differs_from_msa_consensus,0.019608579318704907,buried_core,False,False,False,False,,True,True,unassigned_manual_review,,not_annotated_no_domain_boundaries,,True,False
9M38,A,VI-D,apo,586,587,R,463.0,R,587.0,,ARG,True,2378,2379,four_layer_exact,high,1.0,0.5578231292517006,1.7049736224519816,0.0,R,H;K;R;S,matches_consensus,True,False,,0.16447154794872085,buried_core,False,False,False,False,,True,True,unassigned_manual_review,,not_annotated_no_domain_boundaries,,True,False
9M38,A,VI-D,apo,587,588,T,464.0,T,588.0,,THR,True,2379,2380,four_layer_exact,high,1.0,0.3356009070294784,2.0562657025875595,0.0,K,A;E;K;R,differs_from_consensus,True,True,scaffold_differs_from_msa_consensus,0.13991214391291826,buried_core,False,False,False,False,,True,True,unassigned_manual_review,,not_annotated_no_domain_boundaries,,True,False
9M38,A,VI-D,apo,588,589,L,465.0,L,589.0,,LEU,True,2380,2381,four_layer_exact,high,1.0,0.4693877551020408,1.471496016036716,0.0,L,F;I;L;V,matches_consensus,True,False,,0.060081005773130164,buried_core,False,False,False,False,,True,True,unassigned_manual_review,,not_annotated_no_domain_boundaries,,True,False
9M38,A,VI-D,apo,589,590,V,466.0,V,590.0,,VAL,True,2381,2382,four_layer_exact,high,1.0,0.4285714285714285,1.5186706172242754,0.0,A,A;I;M;V,differs_from_consensus,True,True,scaffold_differs_from_msa_consensus,0.030789052415595417,buried_core,False,False,False,False,,True,True,unassigned_manual_review,,not_annotated_no_domain_boundaries,,True,False
9M38,A,VI-D,apo,590,591,K,467.0,K,591.0,,LYS,True,2382,2383,four_layer_exact,high,0.9945054945054944,0.2716894977168949,2.093049613727429,0.0054945054945054,K,E;K;N;Q;R;S,matches_consensus,True,False,,0.49514013494698006,surface,False,False,False,False,,True,False,unassigned_manual_review,,not_annotated_no_domain_boundaries,,True,False
9M38,A,VI-D,apo,591,592,N,468.0,N,592.0,,ASN,True,2388,2389,four_layer_exact,high,1.0,0.7959183673469388,0.8274555280008078,0.0,N,C;N,matches_consensus,True,False,,0.10181060810097249,buried_core,False,False,False,False,,True,True,unassigned_manual_review,,not_annotated_no_domain_boundaries,,True,False
9M38,A,VI-D,apo,592,593,P,469.0,P,593.0,,PRO,True,2389,2390,four_layer_exact,high,1.0,0.2874149659863945,2.0159987736505576,0.0,E,E;K;P;R;T,differs_from_consensus,True,True,scaffold_differs_from_msa_consensus,0.4860893448210984,surface,False,False,False,False,,True,False,unassigned_manual_review,,not_annotated_no_domain_boundaries,,True,False
9M38,A,VI-D,apo,593,594,N,470.0,N,594.0,,ASN,True,2390,2391,four_layer_exact,high,1.0,0.238095238095238,2.3303626812105,0.0,K,A;E;K;N;P;S;T,differs_from_consensus,True,True,scaffold_differs_from_msa_consensus,0.30185330860950543,surface,False,False,False,False,,True,False,unassigned_manual_review,,not_annotated_no_domain_boundaries,,True,False
9M38,A,VI-D,apo,594,595,V,471.0,V,595.0,,VAL,True,2391,2392,four_layer_exact,high,1.0,0.3469387755102041,1.4594640207736869,0.0,V,A;I;L;V,matches_consensus,True,False,,0.0069403920462064155,buried_core,False,False,False,False,,True,True,unassigned_manual_review,,not_annotated_no_domain_boundaries,,True,False
9M38,A,VI-D,apo,595,596,V,472.0,V,596.0,,VAL,True,2392,2393,four_layer_exact,high,1.0,0.6258503401360545,1.143334124932022,0.0,V,I;L;T;V,matches_consensus,True,False,,0.027761568184825662,buried_core,False,False,False,False,,True,True,unassigned_manual_review,,not_annotated_no_domain_boundaries,,True,False
9M38,A,VI-D,apo,596,597,K,473.0,K,597.0,,LYS,True,2393,2394,four_layer_exact,high,1.0,0.3265306122448979,1.9751902431035715,0.0,R,A;E;K;R;S,differs_from_consensus,True,True,scaffold_differs_from_msa_consensus,0.2876953408024687,surface,False,False,False,False,,True,False,unassigned_manual_review,,not_annotated_no_domain_boundaries,,True,False
9M38,A,VI-D,apo,597,598,F,474.0,F,598.0,,PHE,True,2394,2395,four_layer_exact,high,1.0,0.7551020408163265,0.8150132857617806,0.0,F,F;L;Y,matches_consensus,True,False,,0.12019544997075332,buried_core,False,False,False,False,,True,True,unassigned_manual_review,,not_annotated_no_domain_boundaries,,True,False
9M38,A,VI-D,apo,598,599,V,475.0,V,599.0,,VAL,True,2395,2396,four_layer_exact,high,1.0,0.7278911564625851,0.8883088396536021,0.0,V,A;I;V,matches_consensus,True,False,,0.03157163397868275,buried_core,False,False,False,False,,True,True,unassigned_manual_review,,not_annotated_no_domain_boundaries,,True,False
9M38,A,VI-D,apo,599,600,L,476.0,L,600.0,,LEU,True,2396,2397,four_layer_exact,high,1.0,0.9455782312925172,0.2832196460072378,0.0,L,L,matches_consensus,True,False,,0.0,buried_core,False,False,False,False,,True,True,unassigned_manual_review,,not_annotated_no_domain_boundaries,,True,False
9M38,A,VI-D,apo,600,601,E,477.0,E,601.0,,GLU,True,2398,2399,four_layer_exact,high,0.9945054945054944,0.2602739726027397,2.153475989484622,0.0054945054945054,K,D;E;G;K;N;R;S,differs_from_consensus,True,True,scaffold_differs_from_msa_consensus,0.41153702922408997,surface,False,False,False,False,,True,False,unassigned_manual_review,,not_annotated_no_domain_boundaries,,True,False
9M38,A,VI-D,apo,601,602,G,478.0,G,602.0,,GLY,True,2407,2408,four_layer_exact,high,0.978021978021978,0.3076923076923077,2.03431797599515,0.021978021978022,R,D;E;G;K;R;S,differs_from_consensus,True,True,scaffold_differs_from_msa_consensus,0.6122910916432368,surface,False,False,False,False,,True,False,unassigned_manual_review,,not_annotated_no_domain_boundaries,,True,False
9M38,A,VI-D,apo,602,603,I,479.0,I,603.0,,ILE,True,2409,2410,four_layer_exact,high,0.9945054945054944,0.589041095890411,1.0731959757798548,0.0054945054945054,I,I;L;M,matches_consensus,True,False,,0.09669905113037701,buried_core,False,False,False,False,,True,True,unassigned_manual_review,,not_annotated_no_domain_boundaries,,True,False
9M38,A,VI-D,apo,603,604,P,480.0,P,604.0,,PRO,True,2431,2432,four_layer_exact,high,1.0,0.7959183673469388,0.9609288284265856,0.0,P,P,matches_consensus,True,False,,0.5240650748852467,surface,False,False,False,False,,True,False,unassigned_manual_review,,not_annotated_no_domain_boundaries,,True,False
9M38,A,VI-D,apo,604,605,E,481.0,E,605.0,,GLU,True,2432,2433,four_layer_exact,high,1.0,0.4081632653061224,1.6881584280251571,0.0,D,D;E;K;P,differs_from_consensus,True,True,scaffold_differs_from_msa_consensus,0.5085863769100953,surface,False,False,False,False,,True,False,unassigned_manual_review,,not_annotated_no_domain_boundaries,,True,False
9M38,A,VI-D,apo,605,606,T,482.0,T,606.0,,THR,True,2433,2434,four_layer_exact,high,1.0,0.2653061224489796,1.973315842127645,0.0,T,A;E;K;N;S;T,matches_consensus,True,False,,0.6040856000734638,surface,False,False,False,False,,True,False,unassigned_manual_review,,not_annotated_no_domain_boundaries,,True,False
9M38,A,VI-D,apo,606,607,Q,483.0,Q,607.0,,GLN,True,2434,2435,four_layer_exact,high,1.0,0.8979591836734694,0.4879014008686823,0.0,Q,Q,matches_consensus,True,False,,0.35324637472431486,surface,False,False,False,False,,True,False,unassigned_manual_review,,not_annotated_no_domain_boundaries,,True,False
9M38,A,VI-D,apo,607,608,I,484.0,I,608.0,,ILE,True,2435,2436,four_layer_exact,high,1.0,0.7891156462585034,0.6560502726420293,0.0,I,I;L,matches_consensus,True,False,,0.018390277401623092,buried_core,False,False,False,False,,True,True,unassigned_manual_review,,not_annotated_no_domain_boundaries,,True,False
9M38,A,VI-D,apo,608,609,K,485.0,K,609.0,,LYS,True,2436,2437,four_layer_exact,high,1.0,0.3605442176870748,2.145366358317453,0.0,D,D;E;K;L;R;T,differs_from_consensus,True,True,scaffold_differs_from_msa_consensus,0.4358054602192939,surface,False,False,False,False,,True,False,unassigned_manual_review,,not_annotated_no_domain_boundaries,,True,False
9M38,A,VI-D,apo,609,610,R,486.0,R,610.0,,ARG,True,2437,2438,four_layer_exact,high,1.0,0.7891156462585034,0.849897306138563,0.0,R,K;R;S,matches_consensus,True,False,,0.42201105841004644,surface,False,False,False,False,,True,False,unassigned_manual_review,,not_annotated_no_domain_boundaries,,True,False
9M38,A,VI-D,apo,610,611,Y,487.0,Y,611.0,,TYR,True,2438,2439,four_layer_exact,high,1.0,0.9659863945578232,0.1937405014692199,0.0,Y,Y,matches_consensus,True,False,,0.1503559076876546,buried_core,False,False,False,False,,True,True,unassigned_manual_review,,not_annotated_no_domain_boundaries,,True,False
9M38,A,VI-D,apo,611,612,F,488.0,F,612.0,,PHE,True,2439,2440,four_layer_exact,high,0.9945054945054944,0.6917808219178082,1.255111671604974,0.0054945054945054,Y,C;F;Y,differs_from_consensus,True,True,scaffold_differs_from_msa_consensus,0.020127136933998604,buried_core,False,False,False,False,,True,True,unassigned_manual_review,,not_annotated_no_domain_boundaries,,True,False
9M38,A,VI-D,apo,612,613,D,489.0,D,613.0,,ASP,True,2445,2446,four_layer_exact,high,0.9725274725274724,0.1974031690140845,2.4402951543493234,0.0274725274725274,K,D;E;K;N;R,differs_from_consensus,True,True,scaffold_differs_from_msa_consensus,0.47066045432583703,surface,False,False,False,False,,True,False,unassigned_manual_review,,not_annotated_no_domain_boundaries,,True,False
9M38,A,VI-D,apo,613,614,V,490.0,V,614.0,,VAL,True,2446,2447,four_layer_exact,high,0.9725274725274724,0.4859154929577465,1.7173684276155556,0.0274725274725274,S,A;S;T,differs_from_consensus,True,True,scaffold_differs_from_msa_consensus,0.25971914791882755,surface,False,False,False,False,,True,False,unassigned_manual_review,,not_annotated_no_domain_boundaries,,True,False
9M38,A,VI-D,apo,614,615,C,491.0,C,615.0,,CYS,True,2447,2448,four_layer_exact,high,0.978021978021978,0.4895104895104895,1.4922572554319866,0.021978021978022,C,C;I;L;V,matches_consensus,True,False,,0.07339392519702886,buried_core,False,False,False,False,,True,True,unassigned_manual_review,,not_annotated_no_domain_boundaries,,True,False
9M38,A,VI-D,apo,615,616,K,492.0,K,616.0,,LYS,True,2453,2454,four_layer_exact,high,0.8241758241758241,0.2260869565217391,2.5951530840494907,0.1758241758241758,T,F;G;I;K;N;S;T;V,differs_from_consensus,True,True,scaffold_differs_from_msa_consensus,0.24109348785244886,surface,False,False,False,False,,True,False,unassigned_manual_review,,not_annotated_no_domain_boundaries,,True,False
9M38,A,VI-D,apo,616,617,G,493.0,G,617.0,,GLY,True,2454,2455,four_layer_exact,high,0.8461538461538461,0.4369747899159664,2.046389148472396,0.1538461538461538,G,D;E;G,matches_consensus,True,False,,0.17595275054593035,buried_core,False,False,False,False,,True,True,unassigned_manual_review,,not_annotated_no_domain_boundaries,,True,False
9M38,A,VI-D,apo,617,618,Q,494.0,Q,618.0,,GLN,True,2456,2457,four_layer_exact,high,0.8186813186813187,0.175438596491228,2.448897424287677,0.1813186813186813,K,D;E;G;K;N;P;R;S,differs_from_consensus,True,True,scaffold_differs_from_msa_consensus,0.7204872741206768,surface,False,False,False,False,,True,False,unassigned_manual_review,,not_annotated_no_domain_boundaries,,True,False
9M38,A,VI-D,apo,618,619,E,495.0,E,619.0,,GLU,True,2457,2458,four_layer_exact,high,0.5439560439560439,0.2307692307692307,2.3437011529219887,0.4560439560439561,E,D;E;P;S;T,matches_consensus,False,False,,0.7237355463071651,surface,False,False,False,False,,True,False,unassigned_manual_review,,not_annotated_no_domain_boundaries,,False,False
9M38,A,VI-D,apo,619,620,I,496.0,I,620.0,,ILE,True,2458,2459,four_layer_exact,high,0.4835164835164835,0.1296296296296296,2.698480368890356,0.5164835164835164,E,A;E;I;L;N;P;S;T;V,differs_from_consensus,False,True,scaffold_differs_from_msa_consensus,0.3465595788558965,surface,False,False,False,False,,True,False,unassigned_manual_review,,not_annotated_no_domain_boundaries,,False,False
9M38,A,VI-D,apo,620,621,P,497.0,P,621.0,,PRO,True,2459,2460,four_layer_exact,high,0.4065934065934066,0.1904761904761904,2.5036877497927854,0.5934065934065934,Y,F;I;L;P;Y,differs_from_consensus,False,True,scaffold_differs_from_msa_consensus,0.567066720924919,surface,False,False,False,False,,True,False,unassigned_manual_review,,not_annotated_no_domain_boundaries,,False,False
9M38,A,VI-D,apo,621,622,P,498.0,P,622.0,,PRO,True,2460,2461,four_layer_exact,high,0.3626373626373626,0.2058823529411764,2.462566966920486,0.6373626373626373,D,A;C;D;E;N;P;S;T;Y,differs_from_consensus,False,True,scaffold_differs_from_msa_consensus,0.7415299910218272,surface,False,False,False,False,,True,False,unassigned_manual_review,,not_annotated_no_domain_boundaries,,False,False
9M38,A,VI-D,apo,622,623,T,499.0,T,623.0,,THR,True,2461,2462,four_layer_exact,high,0.3076923076923077,0.1666666666666666,2.469811713553478,0.6923076923076923,N,D;K;N;Q;R;S;T;V,differs_from_consensus,False,True,scaffold_differs_from_msa_consensus,0.3447705058137926,surface,False,False,False,False,,True,False,unassigned_manual_review,,not_annotated_no_domain_boundaries,,False,False
9M38,A,VI-D,apo,623,624,S,500.0,S,624.0,,SER,True,2462,2463,four_layer_exact,high,0.4065934065934066,0.2,2.308087143602468,0.5934065934065934,P,A;E;G;K;N;P;Q;S;T,differs_from_consensus,False,True,scaffold_differs_from_msa_consensus,0.7105419151148867,surface,False,False,False,False,,True,False,unassigned_manual_review,,not_annotated_no_domain_boundaries,,False,False
9M38,A,VI-D,apo,624,625,D,501.0,D,625.0,,ASP,True,2480,2481,four_layer_exact,high,0.6758241758241759,0.2416666666666666,2.3078159210303624,0.3241758241758241,S,D;G;K;N;P;S;T,differs_from_consensus,False,True,scaffold_differs_from_msa_consensus,0.42765872474787137,surface,False,False,False,False,,True,False,unassigned_manual_review,,not_annotated_no_domain_boundaries,,False,False
9M38,A,VI-D,apo,625,626,K,502.0,K,626.0,,LYS,True,2481,2482,four_layer_exact,high,0.7087912087912088,0.1269841269841269,2.698039359974811,0.2912087912087912,K,A;I;K;L;R;T;V;Y,matches_consensus,False,False,,0.2880920334341508,surface,False,False,False,False,,True,False,unassigned_manual_review,,not_annotated_no_domain_boundaries,,False,False
9M38,A,VI-D,apo,626,627,S,503.0,S,627.0,,SER,True,2482,2483,four_layer_exact,high,0.8846153846153846,0.2887139107611548,2.144128212266124,0.1153846153846154,E,D;E;K;N;S,differs_from_consensus,True,True,scaffold_differs_from_msa_consensus,0.48290235465584674,surface,False,False,False,False,,True,False,unassigned_manual_review,,not_annotated_no_domain_boundaries,,True,False
9M38,A,VI-D,apo,627,628,A,504.0,A,628.0,,ALA,True,2483,2484,four_layer_exact,high,0.8901098901098901,0.3125,2.275687682037037,0.1098901098901099,E,A;D;E;K;R;T,differs_from_consensus,True,True,scaffold_differs_from_msa_consensus,0.2873815959582139,surface,False,False,False,False,,True,False,unassigned_manual_review,,not_annotated_no_domain_boundaries,,True,False
9M38,A,VI-D,apo,628,629,Q,505.0,Q,629.0,,GLN,True,2484,2485,four_layer_exact,high,0.9945054945054944,0.4535530821917808,1.8017100993145243,0.0054945054945054,K,K;M;Q,differs_from_consensus,True,True,scaffold_differs_from_msa_consensus,0.03868643761961371,buried_core,False,False,False,False,,True,True,unassigned_manual_review,,not_annotated_no_domain_boundaries,,True,False
9M38,A,VI-D,apo,629,630,I,506.0,I,630.0,,ILE,True,2485,2486,four_layer_exact,high,1.0,0.4693877551020408,1.4556105835935438,0.0,I,I;L;R;V,matches_consensus,True,False,,0.036780554803246185,buried_core,False,False,False,False,,True,True,unassigned_manual_review,,not_annotated_no_domain_boundaries,,True,False
9M38,A,VI-D,apo,630,631,D,507.0,D,631.0,,ASP,True,2486,2487,four_layer_exact,high,1.0,0.3199404761904761,2.0892302674309065,0.0,D,A;D;E;K;N;Q;S,matches_consensus,True,False,,0.29291649949805504,surface,False,False,False,False,,True,False,unassigned_manual_review,,not_annotated_no_domain_boundaries,,True,False
9M38,A,VI-D,apo,631,632,V,508.0,V,632.0,,VAL,True,2487,2488,four_layer_exact,high,1.0,0.1632653061224489,2.568249472168473,0.0,E,A;E;F;K;T;V;Y,differs_from_consensus,True,True,scaffold_differs_from_msa_consensus,0.18045019320136682,buried_core,False,False,False,False,,True,True,unassigned_manual_review,,not_annotated_no_domain_boundaries,,True,False
9M38,A,VI-D,apo,632,633,L,509.0,L,633.0,,LEU,True,2488,2489,four_layer_exact,high,1.0,0.9183673469387756,0.3629909419913447,0.0,L,I;L,matches_consensus,True,False,,0.023354943642698855,buried_core,False,False,False,False,,True,True,unassigned_manual_review,,not_annotated_no_domain_boundaries,,True,False
9M38,A,VI-D,apo,633,634,A,510.0,A,634.0,,ALA,True,2489,2490,four_layer_exact,high,1.0,0.3605442176870748,1.9231872361462825,0.0,A,A;I;S;T;V,matches_consensus,True,False,,0.13408843479639976,buried_core,False,False,False,False,,True,True,unassigned_manual_review,,not_annotated_no_domain_boundaries,,True,False
9M38,A,VI-D,apo,634,635,R,511.0,R,635.0,,ARG,True,2490,2491,four_layer_exact,high,1.0,0.2312925170068027,2.0818279240922206,0.0,E,D;E;G;K;N;R,differs_from_consensus,True,True,scaffold_differs_from_msa_consensus,0.572695050524158,surface,False,False,False,False,,True,False,unassigned_manual_review,,not_annotated_no_domain_boundaries,,True,False
9M38,A,VI-D,apo,635,636,I,512.0,I,636.0,,ILE,True,2491,2492,four_layer_exact,high,1.0,0.1564625850340136,2.3943393928930647,0.0,I,A;E;I;K;L;M;Q;R,matches_consensus,True,False,,0.20160183724538092,surface,False,False,False,False,,True,False,unassigned_manual_review,,not_annotated_no_domain_boundaries,,True,False
9M38,A,VI-D,apo,636,637,I,513.0,I,637.0,,ILE,True,2492,2493,four_layer_exact,high,1.0,0.5238095238095238,0.9656212078672828,0.0,I,I;L,matches_consensus,True,False,,0.05517083220486927,buried_core,False,False,False,False,,True,True,unassigned_manual_review,,not_annotated_no_domain_boundaries,,True,False
9M38,A,VI-D,apo,637,638,S,514.0,S,638.0,,SER,True,2493,2494,four_layer_exact,high,1.0,0.2312925170068027,2.377059686067302,0.0,T,A;C;K;R;S;T;V,differs_from_consensus,True,True,scaffold_differs_from_msa_consensus,0.4658977851605723,surface,False,False,False,False,,True,False,unassigned_manual_review,,not_annotated_no_domain_boundaries,,True,False
9M38,A,VI-D,apo,638,639,S,515.0,S,639.0,,SER,True,2494,2495,four_layer_exact,high,1.0,0.2040816326530612,2.1812981957329782,0.0,G,D;E;G;K;N;Q;S,differs_from_consensus,True,True,scaffold_differs_from_msa_consensus,0.5224237523847238,surface,False,False,False,False,,True,False,unassigned_manual_review,,not_annotated_no_domain_boundaries,,True,False
9M38,A,VI-D,apo,639,640,V,516.0,V,640.0,,VAL,True,2495,2496,four_layer_exact,high,1.0,0.272108843537415,1.7179731267051934,0.0,F,F;I;L;M;V,differs_from_consensus,True,True,scaffold_differs_from_msa_consensus,0.09337976116853297,buried_core,False,False,False,False,,True,True,unassigned_manual_review,,not_annotated_no_domain_boundaries,,True,False
9M38,A,VI-D,apo,640,641,D,517.0,D,641.0,,ASP,True,2496,2497,four_layer_exact,high,1.0,0.4149659863945578,1.6454428118663162,0.0,S,D;K;N;S;T,differs_from_consensus,True,True,scaffold_differs_from_msa_consensus,0.2686861929673421,surface,False,False,False,False,,True,False,unassigned_manual_review,,not_annotated_no_domain_boundaries,,True,False
9M38,A,VI-D,apo,641,642,Y,518.0,Y,642.0,,TYR,True,2497,2498,four_layer_exact,high,1.0,0.54421768707483,1.4476296345672652,0.0,F,F;I;L;Y,differs_from_consensus,True,True,scaffold_differs_from_msa_consensus,0.0682903404443601,buried_core,False,False,False,False,,True,True,unassigned_manual_review,,not_annotated_no_domain_boundaries,,True,False
9M38,A,VI-D,apo,642,643,K,519.0,K,643.0,,LYS,True,2498,2499,four_layer_exact,high,1.0,0.2090419501133786,2.268596289705408,0.0,D,D;E;G;K;N;S,differs_from_consensus,True,True,scaffold_differs_from_msa_consensus,0.5711858462037733,surface,False,False,False,False,,True,False,unassigned_manual_review,,not_annotated_no_domain_boundaries,,True,False
9M38,A,VI-D,apo,643,644,I,520.0,I,644.0,,ILE,True,2500,2501,four_layer_exact,high,0.967032967032967,0.2061170212765957,2.411003770316559,0.0329670329670329,D,D;E;K;N;Q;S;T,differs_from_consensus,True,True,scaffold_differs_from_msa_consensus,0.3664231196875156,surface,False,False,False,False,,True,False,unassigned_manual_review,,not_annotated_no_domain_boundaries,,True,False
9M38,A,VI-D,apo,644,645,F,521.0,F,645.0,,PHE,True,2502,2503,four_layer_exact,high,0.978021978021978,0.6083916083916084,1.3673360658753668,0.021978021978022,F,F;I;L,matches_consensus,True,False,,0.010063568466999302,buried_core,False,False,False,False,,True,True,unassigned_manual_review,,not_annotated_no_domain_boundaries,,True,False
9M38,A,VI-D,apo,645,646,E,522.0,E,646.0,,GLU,True,2503,2504,four_layer_exact,high,0.978021978021978,0.2447552447552447,2.345306231783017,0.021978021978022,E,E;I;K;L;R;S;T,matches_consensus,True,False,,0.3568529178311684,surface,False,False,False,False,,True,False,unassigned_manual_review,,not_annotated_no_domain_boundaries,,True,False
9M38,A,VI-D,apo,646,647,D,523.0,D,647.0,,ASP,True,2511,2512,four_layer_exact,high,0.9725274725274724,0.3544600938967135,1.8248594816385624,0.0274725274725274,D,D;G;K;N,matches_consensus,True,False,,0.48679515330884554,surface,False,False,False,False,,True,False,unassigned_manual_review,,not_annotated_no_domain_boundaries,,True,False
9M38,A,VI-D,apo,647,648,V,524.0,V,648.0,,VAL,True,2517,2518,four_layer_exact,high,0.9615384615384616,0.5928571428571429,1.110576939410738,0.0384615384615384,V,A;I;V,matches_consensus,True,False,,0.07033802067773152,buried_core,False,False,False,False,,True,True,unassigned_manual_review,,not_annotated_no_domain_boundaries,,True,False
9M38,A,VI-D,apo,648,649,P,525.0,P,649.0,,PRO,True,2526,2527,four_layer_exact,high,0.8956043956043956,0.2578125,2.3014362249240654,0.1043956043956043,K,D;E;G;K;N;Q;R,differs_from_consensus,True,True,scaffold_differs_from_msa_consensus,0.14259495421889318,buried_core,False,False,False,False,,True,True,unassigned_manual_review,,not_annotated_no_domain_boundaries,,True,False
9M38,A,VI-D,apo,649,650,Q,526.0,Q,650.0,,GLN,True,2527,2528,four_layer_exact,high,0.8846153846153846,0.4047619047619047,1.885689526112464,0.1153846153846154,Q,E;K;N;Q;T,matches_consensus,True,False,,0.5012781088603938,surface,False,False,False,False,,True,False,unassigned_manual_review,,not_annotated_no_domain_boundaries,,True,False
9M38,A,VI-D,apo,650,651,S,527.0,S,651.0,,SER,True,2528,2529,four_layer_exact,high,0.8846153846153846,0.1904761904761904,2.557731120816462,0.1153846153846154,K,A;K;L;M;N;S;V,differs_from_consensus,True,True,scaffold_differs_from_msa_consensus,1.0,surface,False,False,False,False,,True,False,unassigned_manual_review,,not_annotated_no_domain_boundaries,,True,True
9M38,A,VI-D,apo,651,652,A,,,,,,False,2532,2533,full_msa_only_unresolved_coordinate,medium,0.7802197802197802,0.1743119266055046,2.408228072180579,0.2197802197802197,A,A;D;E;K;N;Q;S;V,matches_consensus,False,True,unresolved_internal,,,,,,,,False,False,unassigned_manual_review,,not_annotated_no_domain_boundaries,,False,False
9M38,A,VI-D,apo,652,653,K,,,,,,False,2533,2534,full_msa_only_unresolved_coordinate,medium,0.7582417582417582,0.2857142857142857,2.202028705278716,0.2417582417582418,K,D;E;K;N;R;S,matches_consensus,False,True,unresolved_internal,,,,,,,,False,False,unassigned_manual_review,,not_annotated_no_domain_boundaries,,False,False
9M38,A,VI-D,apo,653,654,I,,,,,,False,2541,2542,full_msa_only_unresolved_coordinate,medium,0.3571428571428571,0.2666666666666666,2.268605285634966,0.6428571428571428,A,A;I;S;V,differs_from_consensus,False,True,unresolved_internal;scaffold_differs_from_msa_consensus,,,,,,,,False,False,unassigned_manual_review,,not_annotated_no_domain_boundaries,,False,False
9M38,A,VI-D,apo,654,655,N,,,,,,False,2542,2543,full_msa_only_unresolved_coordinate,medium,0.510989010989011,0.3275862068965517,2.0233165659635355,0.489010989010989,N,E;F;G;K;N;Y,matches_consensus,False,True,unresolved_internal,,,,,,,,False,False,unassigned_manual_review,,not_annotated_no_domain_boundaries,,False,False
9M38,A,VI-D,apo,655,656,K,,,,,,False,2543,2544,full_msa_only_unresolved_coordinate,medium,0.521978021978022,0.284375,2.1764025004460144,0.478021978021978,A,A;D;E;G;K;S;V,differs_from_consensus,False,True,unresolved_internal;scaffold_differs_from_msa_consensus,,,,,,,,False,False,unassigned_manual_review,,not_annotated_no_domain_boundaries,,False,False
9M38,A,VI-D,apo,656,657,D,,,,,,False,2544,2545,full_msa_only_unresolved_coordinate,medium,0.521978021978022,0.25,2.1819940971853127,0.478021978021978,D,D;E;K;N;Q;R;S;T,matches_consensus,False,True,unresolved_internal,,,,,,,,False,False,unassigned_manual_review,,not_annotated_no_domain_boundaries,,False,False
9M38,A,VI-D,apo,657,658,D,,,,,,False,2545,2546,full_msa_only_unresolved_coordinate,medium,0.0714285714285714,0.3846153846153846,1.5857708352080968,0.9285714285714286,R,D;E;K;R;T;V,differs_from_consensus,False,True,unresolved_internal;scaffold_differs_from_msa_consensus,,,,,,,,False,False,unassigned_manual_review,,not_annotated_no_domain_boundaries,,False,False
9M38,A,VI-D,apo,658,659,P,,,,,,False,2546,2547,full_msa_only_unresolved_coordinate,medium,0.0714285714285714,0.4615384615384615,1.0123308391031731,0.9285714285714286,P,A;K;P,matches_consensus,False,True,unresolved_internal,,,,,,,,False,False,unassigned_manual_review,,not_annotated_no_domain_boundaries,,False,False
9M38,A,VI-D,apo,659,660,S,,,,,,False,2547,2548,full_msa_only_unresolved_coordinate,medium,0.0549450549450549,0.3,1.6434177197931796,0.945054945054945,E,D;E;Q;R;S;T,differs_from_consensus,False,True,unresolved_internal;scaffold_differs_from_msa_consensus,,,,,,,,False,False,unassigned_manual_review,,not_annotated_no_domain_boundaries,,False,False
9M38,A,VI-D,apo,660,661,R,,,,,,False,2548,2549,full_msa_only_unresolved_coordinate,medium,0.0659340659340659,0.3333333333333333,1.6326309271543522,0.934065934065934,R,A;C;K;N;R;S,matches_consensus,False,True,unresolved_internal,,,,,,,,False,False,unassigned_manual_review,,not_annotated_no_domain_boundaries,,False,False
9M38,A,VI-D,apo,661,662,N,528.0,N,662.0,,ASN,True,2549,2550,four_layer_exact,high,0.0384615384615384,0.4285714285714285,1.277034259466139,0.9615384615384616,N,G;L;N;Y,matches_consensus,False,False,,0.8391831318278727,surface,False,False,False,False,,True,False,unassigned_manual_review,,not_annotated_no_domain_boundaries,,False,True
9M38,A,VI-D,apo,662,663,F,529.0,F,663.0,,PHE,True,2555,2556,four_layer_exact,high,0.8131868131868132,0.1739130434782608,2.3780661473668188,0.1868131868131868,S,A;G;K;P;Q;R;S;T,differs_from_consensus,True,True,scaffold_differs_from_msa_consensus,0.7308391709801055,surface,False,False,False,False,,True,False,unassigned_manual_review,,not_annotated_no_domain_boundaries,,True,False
9M38,A,VI-D,apo,663,664,S,530.0,S,664.0,,SER,True,2556,2557,four_layer_exact,high,0.8461538461538461,0.1652892561983471,2.420833704936432,0.1538461538461538,E,A;D;E;K;N;Q;R,differs_from_consensus,True,True,scaffold_differs_from_msa_consensus,0.4735850799688493,surface,False,False,False,False,,True,False,unassigned_manual_review,,not_annotated_no_domain_boundaries,,True,False
9M38,A,VI-D,apo,664,665,D,531.0,D,665.0,,ASP,True,2558,2559,four_layer_exact,high,0.9505494505494504,0.3405797101449275,2.130455423297098,0.0494505494505495,E,D;E;K;N;Q,differs_from_consensus,True,True,scaffold_differs_from_msa_consensus,0.3394459283500414,surface,False,False,False,False,,True,False,unassigned_manual_review,,not_annotated_no_domain_boundaries,,True,False
9M38,A,VI-D,apo,665,666,A,532.0,A,666.0,,ALA,True,2559,2560,four_layer_exact,high,0.9725274725274724,0.2957746478873239,2.3409547363578675,0.0274725274725274,N,A;G;I;K;N;Q;S,differs_from_consensus,True,True,scaffold_differs_from_msa_consensus,0.42429366500754245,surface,False,False,False,False,,True,False,unassigned_manual_review,,not_annotated_no_domain_boundaries,,True,False
9M38,A,VI-D,apo,666,667,L,533.0,L,667.0,,LEU,True,2560,2561,four_layer_exact,high,0.978021978021978,0.1958041958041958,2.514145033457609,0.021978021978022,E,A;E;I;K;L;Q;S;V,differs_from_consensus,True,True,scaffold_differs_from_msa_consensus,0.5787210040000433,surface,False,False,False,False,,True,False,unassigned_manual_review,,not_annotated_no_domain_boundaries,,True,False
9M38,A,VI-D,apo,667,668,K,534.0,K,668.0,,LYS,True,2561,2562,four_layer_exact,high,0.9835164835164836,0.3402777777777778,2.1743241749712787,0.0164835164835165,E,D;E;K;Q;R,differs_from_consensus,True,True,scaffold_differs_from_msa_consensus,0.4010389452473428,surface,False,False,False,False,,True,False,unassigned_manual_review,,not_annotated_no_domain_boundaries,,True,False
9M38,A,VI-D,apo,668,669,K,535.0,K,669.0,,LYS,True,2562,2563,four_layer_exact,high,0.989010989010989,0.6827586206896552,1.1966129281184084,0.0109890109890109,K,I;K;R,matches_consensus,True,False,,0.30952674737826213,surface,False,False,False,False,,True,False,unassigned_manual_review,,not_annotated_no_domain_boundaries,,True,False
9M38,A,VI-D,apo,669,670,Q,536.0,Q,670.0,,GLN,True,2563,2564,four_layer_exact,high,0.989010989010989,0.5655172413793104,1.6154148084290416,0.0109890109890109,E,A;E;Q;R,differs_from_consensus,True,True,scaffold_differs_from_msa_consensus,0.39691797534244894,surface,False,False,False,False,,True,False,unassigned_manual_review,,not_annotated_no_domain_boundaries,,True,False
9M38,A,VI-D,apo,670,671,R,537.0,R,671.0,,ARG,True,2564,2565,four_layer_exact,high,0.9945054945054944,0.4452054794520548,1.5924278725022518,0.0054945054945054,R,K;Q;R,matches_consensus,True,False,,0.29402555477611925,surface,False,False,False,False,,True,False,unassigned_manual_review,,not_annotated_no_domain_boundaries,,True,False
9M38,A,VI-D,apo,671,672,Y,538.0,Y,672.0,,TYR,True,2565,2566,four_layer_exact,high,1.0,0.2244897959183673,2.217077410589673,0.0,K,F;K;L;M;N;Y,differs_from_consensus,True,True,scaffold_differs_from_msa_consensus,0.07947679933498279,buried_core,False,False,False,False,,True,True,unassigned_manual_review,,not_annotated_no_domain_boundaries,,True,False
9M38,A,VI-D,apo,672,673,Q,539.0,Q,673.0,,GLN,True,2566,2567,four_layer_exact,high,1.0,0.5714285714285714,1.3168066800392395,0.0,K,K;Q,differs_from_consensus,True,True,scaffold_differs_from_msa_consensus,0.3775103050140245,surface,False,False,False,False,,True,False,unassigned_manual_review,,not_annotated_no_domain_boundaries,,True,False
9M38,A,VI-D,apo,673,674,A,540.0,A,674.0,,ALA,True,2567,2568,four_layer_exact,high,1.0,0.6585884353741497,1.2836432611857385,0.0,A,A;N;S,matches_consensus,True,False,,0.09273056083002988,buried_core,False,False,False,False,,True,True,unassigned_manual_review,,not_annotated_no_domain_boundaries,,True,False
9M38,A,VI-D,apo,674,675,I,541.0,I,675.0,,ILE,True,2568,2569,four_layer_exact,high,1.0,0.4081632653061224,1.4013609778265448,0.0,I,I;L;V,matches_consensus,True,False,,0.09669905113037701,buried_core,False,False,False,False,,True,True,unassigned_manual_review,,not_annotated_no_domain_boundaries,,True,False
9M38,A,VI-D,apo,675,676,V,542.0,V,676.0,,VAL,True,2569,2570,four_layer_exact,high,0.9945054945054944,0.5051194539249146,1.3480713694736552,0.0054945054945054,I,I;L;T;V,differs_from_consensus,True,True,scaffold_differs_from_msa_consensus,0.02082117613861925,buried_core,False,False,False,False,,True,True,unassigned_manual_review,,not_annotated_no_domain_boundaries,,True,False
9M38,A,VI-D,apo,676,677,S,543.0,S,677.0,,SER,True,2570,2571,four_layer_exact,high,0.9945054945054944,0.3583617747440273,1.628871656479298,0.0054945054945054,G,G;K;N;R;S;T,differs_from_consensus,True,True,scaffold_differs_from_msa_consensus,0.2793719842706458,surface,False,False,False,False,,True,False,unassigned_manual_review,,not_annotated_no_domain_boundaries,,True,False
9M38,A,VI-D,apo,677,678,L,544.0,L,678.0,,LEU,True,2571,2572,four_layer_exact,high,0.9945054945054944,0.9726962457337884,0.1405949040578399,0.0054945054945054,L,L,matches_consensus,True,False,,0.0360486034638781,buried_core,False,False,False,False,,True,True,unassigned_manual_review,,not_annotated_no_domain_boundaries,,True,False
9M38,A,VI-D,apo,678,679,Y,545.0,Y,679.0,,TYR,True,2572,2573,four_layer_exact,high,0.9945054945054944,0.9931740614334472,0.040843717863401,0.0054945054945054,Y,Y,matches_consensus,True,False,,0.009183484532622938,buried_core,False,False,False,False,,True,True,unassigned_manual_review,,not_annotated_no_domain_boundaries,,True,False
9M38,A,VI-D,apo,679,680,L,546.0,L,680.0,,LEU,True,2573,2574,four_layer_exact,high,0.9945054945054944,0.8703071672354948,0.5659801064147093,0.0054945054945054,L,L,matches_consensus,True,False,,0.01802430173193905,buried_core,False,False,False,False,,True,True,unassigned_manual_review,,not_annotated_no_domain_boundaries,,True,False
9M38,A,VI-D,apo,680,681,T,547.0,T,681.0,,THR,True,2574,2575,four_layer_exact,high,0.9945054945054944,0.8464163822525598,0.682968501365504,0.0054945054945054,T,N;T,matches_consensus,True,False,,0.13023406591191644,buried_core,False,False,False,False,,True,True,unassigned_manual_review,,not_annotated_no_domain_boundaries,,True,False
9M38,A,VI-D,apo,681,682,V,548.0,V,682.0,,VAL,True,2575,2576,four_layer_exact,high,0.9945054945054944,0.7815699658703071,0.7252802535594597,0.0054945054945054,V,I;V,matches_consensus,True,False,,0.0,buried_core,False,False,False,False,,True,True,unassigned_manual_review,,not_annotated_no_domain_boundaries,,True,False
9M38,A,VI-D,apo,682,683,M,549.0,M,683.0,,MET,True,2576,2577,four_layer_exact,high,0.9945054945054944,0.3583617747440273,1.7035115601036432,0.0054945054945054,L,A;I;L;M;V,differs_from_consensus,True,True,scaffold_differs_from_msa_consensus,0.0,buried_core,False,False,False,False,,True,True,unassigned_manual_review,,not_annotated_no_domain_boundaries,,True,False
9M38,A,VI-D,apo,683,684,Y,550.0,Y,684.0,,TYR,True,2577,2578,four_layer_exact,high,0.9945054945054944,0.9453924914675768,0.2324390042743155,0.0054945054945054,Y,Y,matches_consensus,True,False,,0.16257787374160196,buried_core,False,False,False,False,,True,True,unassigned_manual_review,,not_annotated_no_domain_boundaries,,True,False
9M38,A,VI-D,apo,684,685,L,551.0,L,685.0,,LEU,True,2578,2579,four_layer_exact,high,0.9945054945054944,0.5802047781569966,1.3137402061419368,0.0054945054945054,L,I;L;Q,matches_consensus,True,False,,0.20427541962864254,surface,False,False,False,False,,True,False,unassigned_manual_review,,not_annotated_no_domain_boundaries,,True,False
9M38,A,VI-D,apo,685,686,I,552.0,I,686.0,,ILE,True,2579,2580,four_layer_exact,high,0.9945054945054944,0.3583617747440273,1.6765219583980584,0.0054945054945054,I,A;F;I;L;V,matches_consensus,True,False,,0.012260184934415394,buried_core,False,False,False,False,,True,True,unassigned_manual_review,,not_annotated_no_domain_boundaries,,True,False
9M38,A,VI-D,apo,686,687,T,553.0,T,687.0,,THR,True,2580,2581,four_layer_exact,high,0.9945054945054944,0.4163822525597269,1.7118747516697963,0.0054945054945054,V,I;L;T;V,differs_from_consensus,True,True,scaffold_differs_from_msa_consensus,0.026501014419798106,buried_core,False,False,False,False,,True,True,unassigned_manual_review,,not_annotated_no_domain_boundaries,,True,False
9M38,A,VI-D,apo,687,688,K,554.0,K,688.0,,LYS,True,2581,2582,four_layer_exact,high,0.9945054945054944,1.0,-0.0,0.0054945054945054,K,K,matches_consensus,True,False,,0.2770825615926443,surface,False,False,False,False,,True,False,unassigned_manual_review,,not_annotated_no_domain_boundaries,,True,False
9M38,A,VI-D,apo,688,689,N,555.0,N,689.0,,ASN,True,2582,2583,four_layer_exact,high,0.9945054945054944,0.7747440273037542,0.8187206589520368,0.0054945054945054,N,N;S,matches_consensus,True,False,,0.15715896192167572,buried_core,False,False,False,False,,True,True,unassigned_manual_review,,not_annotated_no_domain_boundaries,,True,False
9M38,A,VI-D,apo,689,690,L,556.0,L,690.0,,LEU,True,2583,2584,four_layer_exact,high,0.9945054945054944,0.7610921501706485,0.7497833821657893,0.0054945054945054,L,I;L;M,matches_consensus,True,False,,0.05271798786271072,buried_core,False,False,False,False,,True,True,unassigned_manual_review,,not_annotated_no_domain_boundaries,,True,False
9M38,A,VI-D,apo,690,691,V,557.0,V,691.0,,VAL,True,2584,2585,four_layer_exact,high,0.9945054945054944,0.8327645051194539,0.7317718664974477,0.0054945054945054,V,I;V,matches_consensus,True,False,,0.0678387573358895,buried_core,False,False,False,False,,True,True,unassigned_manual_review,,not_annotated_no_domain_boundaries,,True,False
9M38,A,VI-D,apo,691,692,Y,558.0,Y,692.0,,TYR,True,2585,2586,four_layer_exact,high,0.9945054945054944,0.3651877133105802,1.6138005399096629,0.0054945054945054,N,K;N;R;Y,differs_from_consensus,True,True,scaffold_differs_from_msa_consensus,0.46297605544119763,surface,False,False,False,False,,True,False,unassigned_manual_review,,not_annotated_no_domain_boundaries,,True,False
9M38,A,VI-D,apo,692,693,V,559.0,V,693.0,,VAL,True,2586,2587,four_layer_exact,high,0.9945054945054944,0.5358361774744027,1.0578935661054298,0.0054945054945054,V,A;I;V,matches_consensus,True,False,,0.027761568184825662,buried_core,False,False,False,False,,True,True,unassigned_manual_review,,not_annotated_no_domain_boundaries,,True,False
9M38,A,VI-D,apo,693,694,N,560.0,N,694.0,,ASN,True,2587,2588,four_layer_exact,high,0.9945054945054944,1.0,-0.0,0.0054945054945054,N,N,matches_consensus,True,False,,0.012385930420922219,buried_core,False,False,False,False,,True,True,unassigned_manual_review,,not_annotated_no_domain_boundaries,,True,False
9M38,A,VI-D,apo,694,695,S,561.0,S,695.0,,SER,True,2588,2589,four_layer_exact,high,0.9945054945054944,0.4436860068259385,1.204293998580746,0.0054945054945054,S,A;S;T,matches_consensus,True,False,,0.09337834890789774,buried_core,False,False,False,False,,True,True,unassigned_manual_review,,not_annotated_no_domain_boundaries,,True,False
9M38,A,VI-D,apo,695,696,R,562.0,R,696.0,,ARG,True,2589,2590,four_layer_exact,high,0.9945054945054944,0.8293515358361775,0.7967762206574318,0.0054945054945054,R,R,matches_consensus,True,False,,0.2815643013933225,surface,False,False,False,False,,True,False,unassigned_manual_review,,not_annotated_no_domain_boundaries,,True,False
9M38,A,VI-D,apo,696,697,Y,563.0,Y,697.0,,TYR,True,2590,2591,four_layer_exact,high,0.9945054945054944,0.8293515358361775,0.4569129468902394,0.0054945054945054,Y,F;Y,matches_consensus,True,False,,0.0,buried_core,False,False,False,False,,True,True,unassigned_manual_review,,not_annotated_no_domain_boundaries,,True,False
9M38,A,VI-D,apo,697,698,V,564.0,V,698.0,,VAL,True,2591,2592,four_layer_exact,high,0.9945054945054944,0.310580204778157,1.930086470252553,0.0054945054945054,V,F;L;S;T;V,matches_consensus,True,False,,0.080936959865215,buried_core,False,False,False,False,,True,True,unassigned_manual_review,,not_annotated_no_domain_boundaries,,True,False
9M38,A,VI-D,apo,698,699,I,565.0,I,699.0,,ILE,True,2592,2593,four_layer_exact,high,0.9945054945054944,0.5460750853242321,1.2426740662908782,0.0054945054945054,I,I;L;M,matches_consensus,True,False,,0.23294351375389247,surface,False,False,False,False,,True,False,unassigned_manual_review,,not_annotated_no_domain_boundaries,,True,False
9M38,A,VI-D,apo,699,700,A,566.0,A,700.0,,ALA,True,2593,2594,four_layer_exact,high,0.9945054945054944,0.8430034129692833,0.4810387504522502,0.0054945054945054,A,A;G,matches_consensus,True,False,,0.04381211537147194,buried_core,False,False,False,False,,True,True,unassigned_manual_review,,not_annotated_no_domain_boundaries,,True,False
9M38,A,VI-D,apo,700,701,F,567.0,F,701.0,,PHE,True,2594,2595,four_layer_exact,high,0.9945054945054944,0.7474402730375427,0.9933917542404176,0.0054945054945054,F,F;I;Y,matches_consensus,True,False,,0.16824380577279655,buried_core,False,False,False,False,,True,True,unassigned_manual_review,,not_annotated_no_domain_boundaries,,True,False
9M38,A,VI-D,apo,701,702,H,568.0,H,702.0,,HIS,True,2595,2596,four_layer_exact,high,0.9945054945054944,0.4436860068259385,1.8268208765594285,0.0054945054945054,H,A;H;Q;S;Y,matches_consensus,True,False,,0.0469934576088541,buried_core,False,False,False,False,,True,True,unassigned_manual_review,,not_annotated_no_domain_boundaries,,True,False
9M38,A,VI-D,apo,702,703,C,569.0,C,703.0,,CYS,True,2596,2597,four_layer_exact,high,0.9945054945054944,0.5187713310580204,1.7740587079985133,0.0054945054945054,C,A;C;S,matches_consensus,True,False,,0.0,buried_core,False,False,False,False,,True,True,unassigned_manual_review,,not_annotated_no_domain_boundaries,,True,False
9M38,A,VI-D,apo,703,704,L,570.0,L,704.0,,LEU,True,2597,2598,four_layer_exact,high,0.9945054945054944,0.5872440273037542,1.4647097106339533,0.0054945054945054,L,F;L;V;Y,matches_consensus,True,False,,0.01802430173193905,buried_core,False,False,False,False,,True,True,unassigned_manual_review,,not_annotated_no_domain_boundaries,,True,False
9M38,A,VI-D,apo,704,705,E,571.0,E,705.0,,GLU,True,2598,2599,four_layer_exact,high,0.9945054945054944,0.938566552901024,0.3149912403921044,0.0054945054945054,E,E,matches_consensus,True,False,,0.3946802855465252,surface,False,False,False,False,,True,False,unassigned_manual_review,,not_annotated_no_domain_boundaries,,True,False
9M38,A,VI-D,apo,705,706,R,572.0,R,706.0,,ARG,True,2599,2600,four_layer_exact,high,0.9945054945054944,0.9110494880546076,0.4445948802520189,0.0054945054945054,R,R,matches_consensus,True,False,,0.154923720453797,buried_core,False,False,False,False,,True,True,unassigned_manual_review,,not_annotated_no_domain_boundaries,,True,False
9M38,A,VI-D,apo,706,707,D,573.0,D,707.0,,ASP,True,2600,2601,four_layer_exact,high,0.9945054945054944,0.9726962457337884,0.1630920840305657,0.0054945054945054,D,D,matches_consensus,True,False,,0.03956674798143129,buried_core,False,False,False,False,,True,True,unassigned_manual_review,,not_annotated_no_domain_boundaries,,True,False
9M38,A,VI-D,apo,707,708,A,574.0,A,708.0,,ALA,True,2602,2603,four_layer_exact,high,0.9835164835164836,0.2320501730103806,2.369872249098753,0.0164835164835165,A,A;R;S;T;Y,matches_consensus,True,False,,0.05616875423441471,buried_core,False,False,False,False,,True,True,unassigned_manual_review,,not_annotated_no_domain_boundaries,,True,False
9M38,A,VI-D,apo,708,709,F,575.0,F,709.0,,PHE,True,2603,2604,four_layer_exact,high,0.989010989010989,0.1580756013745704,2.5890123444313358,0.0109890109890109,A,A;E;K;L;Q;S;V;Y,differs_from_consensus,True,True,scaffold_differs_from_msa_consensus,0.6133279501324568,surface,False,False,False,False,,True,False,unassigned_manual_review,,not_annotated_no_domain_boundaries,,True,False
9M38,A,VI-D,apo,709,710,L,576.0,L,710.0,,LEU,True,2604,2605,four_layer_exact,high,0.989010989010989,0.7353951890034365,1.0705526406580743,0.0109890109890109,L,F;I;L,matches_consensus,True,False,,0.16339557807722607,buried_core,False,False,False,False,,True,True,unassigned_manual_review,,not_annotated_no_domain_boundaries,,True,False
9M38,A,VI-D,apo,710,711,H,577.0,H,711.0,,HIS,True,2606,2607,four_layer_exact,high,0.912087912087912,0.4015151515151515,1.846238177005216,0.0879120879120879,Y,F;H;I;K;L;Y,differs_from_consensus,True,True,scaffold_differs_from_msa_consensus,0.23339413552298544,surface,False,False,False,False,,True,False,unassigned_manual_review,,not_annotated_no_domain_boundaries,,True,False
9M38,A,VI-D,apo,711,712,G,578.0,G,712.0,,GLY,True,2607,2608,four_layer_exact,high,0.7967032967032966,0.2072072072072072,2.42398740981,0.2032967032967033,G,D;E;G;K;L;N,matches_consensus,False,False,,0.6675594395710286,surface,False,False,False,False,,True,False,unassigned_manual_review,,not_annotated_no_domain_boundaries,,False,False
9M38,A,VI-D,apo,712,713,V,579.0,V,713.0,,VAL,True,2608,2609,four_layer_exact,high,0.6483516483516484,0.1058823529411764,2.708149798870757,0.3516483516483516,Q,D;E;I;K;L;N;Q;R;V,differs_from_consensus,False,True,scaffold_differs_from_msa_consensus,0.10635078336077866,buried_core,False,False,False,False,,True,True,unassigned_manual_review,,not_annotated_no_domain_boundaries,,False,False
9M38,A,VI-D,apo,713,714,T,580.0,T,714.0,,THR,True,2609,2610,four_layer_exact,high,0.5274725274725275,0.2539682539682539,2.3626466250137828,0.4725274725274725,K,E;K;Q;S,differs_from_consensus,False,True,scaffold_differs_from_msa_consensus,0.6044469562889209,surface,False,False,False,False,,True,False,unassigned_manual_review,,not_annotated_no_domain_boundaries,,False,False
9M38,A,VI-D,apo,714,715,L,581.0,L,715.0,,LEU,True,2610,2611,four_layer_exact,high,0.2197802197802197,0.2631578947368421,2.194862614954732,0.7802197802197802,L,F;I;L;M;P;T;V;W;Y,matches_consensus,False,False,,0.17292213738804607,buried_core,False,False,False,False,,True,True,unassigned_manual_review,,not_annotated_no_domain_boundaries,,False,False
9M38,A,VI-D,apo,715,716,P,582.0,P,716.0,,PRO,True,2611,2612,four_layer_exact,high,0.1648351648351648,0.3571428571428571,1.9960601285714927,0.8351648351648352,G,D;E;G;K;P;S;T,differs_from_consensus,False,True,scaffold_differs_from_msa_consensus,0.32659127855167547,surface,False,False,False,False,,True,False,unassigned_manual_review,,not_annotated_no_domain_boundaries,,False,False
9M38,A,VI-D,apo,716,717,K,583.0,K,717.0,,LYS,True,2613,2614,four_layer_exact,high,0.0879120879120879,0.2857142857142857,1.9459101490553132,0.912087912087912,L,G;K;L;M;P;Q;R;Y,differs_from_consensus,False,True,scaffold_differs_from_msa_consensus,0.6281802473938675,surface,False,False,False,False,,True,False,unassigned_manual_review,,not_annotated_no_domain_boundaries,,False,False
9M38,A,VI-D,apo,717,718,M,584.0,M,718.0,,MET,True,2614,2615,four_layer_exact,high,0.1428571428571428,0.2127659574468085,2.394110010788653,0.8571428571428572,S,A;E;K;N;P;S;T,differs_from_consensus,False,True,scaffold_differs_from_msa_consensus,0.27203387386646904,surface,False,False,False,False,,True,False,unassigned_manual_review,,not_annotated_no_domain_boundaries,,False,False
9M38,A,VI-D,apo,718,719,N,585.0,N,719.0,,ASN,True,2615,2616,four_layer_exact,high,0.7142857142857143,0.2898316062176165,2.073080346070501,0.2857142857142857,G,D;E;G;K;N;S,differs_from_consensus,False,True,scaffold_differs_from_msa_consensus,0.6233895490625234,surface,False,False,False,False,,True,False,unassigned_manual_review,,not_annotated_no_domain_boundaries,,False,False
9M38,A,VI-D,apo,719,720,K,586.0,K,720.0,,LYS,True,2617,2618,four_layer_exact,high,0.7472527472527473,0.224390243902439,2.4455305924756554,0.2527472527472527,K,D;E;I;K;L;Q;V,matches_consensus,False,False,,0.7681658354771779,surface,False,False,False,False,,True,False,unassigned_manual_review,,not_annotated_no_domain_boundaries,,False,False
9M38,A,VI-D,apo,720,721,K,587.0,K,721.0,,LYS,True,2618,2619,four_layer_exact,high,0.7967032967032966,0.2516816143497757,2.32476777145408,0.2032967032967033,K,A;E;K;N;S;T,matches_consensus,False,False,,0.2759250178181293,surface,False,False,False,False,,True,False,unassigned_manual_review,,not_annotated_no_domain_boundaries,,False,False
9M38,A,VI-D,apo,721,722,I,588.0,I,722.0,,ILE,True,2619,2620,four_layer_exact,high,0.7472527472527473,0.2610837438423645,2.1158077834497107,0.2527472527472527,L,F;G;I;L;V;Y,differs_from_consensus,False,True,scaffold_differs_from_msa_consensus,0.3120558335264489,surface,False,False,False,False,,True,False,unassigned_manual_review,,not_annotated_no_domain_boundaries,,False,False
9M38,A,VI-D,apo,722,723,V,589.0,V,723.0,,VAL,True,2669,2670,four_layer_exact,high,0.7417582417582418,0.4213550395020349,1.916716468223748,0.2582417582417582,D,D;E;K;N;S,differs_from_consensus,False,True,scaffold_differs_from_msa_consensus,0.15268862501654115,buried_core,False,False,False,False,,True,True,unassigned_manual_review,,not_annotated_no_domain_boundaries,,False,False
9M38,A,VI-D,apo,723,724,Y,590.0,Y,724.0,,TYR,True,2676,2677,four_layer_exact,high,0.7802197802197802,0.4653487843671893,2.1132506106780404,0.2197802197802197,Y,A;F;L;Y,matches_consensus,False,False,,0.16162650870242892,buried_core,False,False,False,False,,True,True,unassigned_manual_review,,not_annotated_no_domain_boundaries,,False,False
9M38,A,VI-D,apo,724,725,S,591.0,S,725.0,,SER,True,2677,2678,four_layer_exact,high,0.989010989010989,0.3024054982817869,2.309402011292449,0.0109890109890109,L,A;F;L;R;S;T,differs_from_consensus,True,True,scaffold_differs_from_msa_consensus,0.1262999698634723,buried_core,False,False,False,False,,True,True,unassigned_manual_review,,not_annotated_no_domain_boundaries,,True,False
9M38,A,VI-D,apo,725,726,Q,592.0,Q,726.0,,GLN,True,2678,2679,four_layer_exact,high,0.989010989010989,0.3230240549828179,2.3644001380882167,0.0109890109890109,A,A;E;G;K;S,differs_from_consensus,True,True,scaffold_differs_from_msa_consensus,0.2819781864790071,surface,False,False,False,False,,True,False,unassigned_manual_review,,not_annotated_no_domain_boundaries,,True,False
9M38,A,VI-D,apo,726,727,L,593.0,L,727.0,,LEU,True,2679,2680,four_layer_exact,high,0.9945054945054944,0.7098976109215017,1.1075423377193525,0.0054945054945054,L,F;I;L,matches_consensus,True,False,,0.0060081005773130166,buried_core,False,False,False,False,,True,True,unassigned_manual_review,,not_annotated_no_domain_boundaries,,True,False
9M38,A,VI-D,apo,727,728,T,594.0,T,728.0,,THR,True,2700,2701,four_layer_exact,high,0.989010989010989,0.5876288659793815,1.3628932113580754,0.0109890109890109,T,A;L;S;T;V,matches_consensus,True,False,,0.019479920140496265,buried_core,False,False,False,False,,True,True,unassigned_manual_review,,not_annotated_no_domain_boundaries,,True,False
9M38,A,VI-D,apo,728,729,T,595.0,T,729.0,,THR,True,2701,2702,four_layer_exact,high,0.989010989010989,0.2336769759450171,2.2404601917955667,0.0109890109890109,K,A;D;E;K;N;Q;R,differs_from_consensus,True,True,scaffold_differs_from_msa_consensus,0.2464259432652292,surface,False,False,False,False,,True,False,unassigned_manual_review,,not_annotated_no_domain_boundaries,,True,False
9M38,A,VI-D,apo,729,730,H,596.0,H,730.0,,HIS,True,2702,2703,four_layer_exact,high,0.9945054945054944,0.1575342465753424,2.5787273039239347,0.0054945054945054,Y,A;D;E;H;K;L;R;Y,differs_from_consensus,True,True,scaffold_differs_from_msa_consensus,0.38247476840761613,surface,False,False,False,False,,True,False,unassigned_manual_review,,not_annotated_no_domain_boundaries,,True,False
9M38,A,VI-D,apo,730,731,L,597.0,L,731.0,,LEU,True,2703,2704,four_layer_exact,high,0.989010989010989,0.4827586206896552,1.609178058533682,0.0109890109890109,F,F;L;Y,differs_from_consensus,True,True,scaffold_differs_from_msa_consensus,0.37088023619530286,surface,False,False,False,False,,True,False,unassigned_manual_review,,not_annotated_no_domain_boundaries,,True,False
9M38,A,VI-D,apo,731,732,L,598.0,L,732.0,,LEU,True,2704,2705,four_layer_exact,high,0.989010989010989,0.3862068965517241,1.8964710809938348,0.0109890109890109,L,I;L;M;V,matches_consensus,True,False,,0.3762108781060627,surface,False,False,False,False,,True,False,unassigned_manual_review,,not_annotated_no_domain_boundaries,,True,False
9M38,A,VI-D,apo,732,733,T,599.0,T,733.0,,THR,True,2707,2708,four_layer_exact,high,0.9835164835164836,0.2083333333333333,2.3561891361010985,0.0164835164835165,E,A;D;E;G;K;N;S,differs_from_consensus,True,True,scaffold_differs_from_msa_consensus,0.8105519459909161,surface,False,False,False,False,,True,False,unassigned_manual_review,,not_annotated_no_domain_boundaries,,True,True
9M38,A,VI-D,apo,733,734,D,,,,,,False,2708,2709,full_msa_only_unresolved_coordinate,medium,0.956043956043956,0.2078853046594982,2.396700478961797,0.0439560439560439,E,D;E;I;K;N;Q;R,differs_from_consensus,False,True,unresolved_internal;scaffold_differs_from_msa_consensus,,,,,,,,False,False,unassigned_manual_review,,not_annotated_no_domain_boundaries,,False,False
9M38,A,VI-D,apo,734,735,K,,,,,,False,2709,2710,full_msa_only_unresolved_coordinate,medium,0.7472527472527473,0.2641509433962264,2.2871581576111435,0.2527472527472527,D,D;E;G;K;N,differs_from_consensus,False,True,unresolved_internal;scaffold_differs_from_msa_consensus,,,,,,,,False,False,unassigned_manual_review,,not_annotated_no_domain_boundaries,,False,False
9M38,A,VI-D,apo,735,736,N,,,,,,False,2710,2711,full_msa_only_unresolved_coordinate,medium,0.7362637362637363,0.160919540229885,2.5745737144408176,0.2637362637362637,K,D;E;K;N;P;R;Y,differs_from_consensus,False,True,unresolved_internal;scaffold_differs_from_msa_consensus,,,,,,,,False,False,unassigned_manual_review,,not_annotated_no_domain_boundaries,,False,False
9M38,A,VI-D,apo,736,737,Y,,,,,,False,2711,2712,full_msa_only_unresolved_coordinate,medium,0.7307692307692307,0.1698841698841698,2.61160149630466,0.2692307692307693,L,A;E;I;K;L;N;P;Q;S,differs_from_consensus,False,True,unresolved_internal;scaffold_differs_from_msa_consensus,,,,,,,,False,False,unassigned_manual_review,,not_annotated_no_domain_boundaries,,False,False
9M38,A,VI-D,apo,737,738,T,,,,,,False,2772,2773,full_msa_only_unresolved_coordinate,medium,0.4725274725274725,0.3773584905660377,2.041816216533003,0.5274725274725275,A,A;L;S;T;V,differs_from_consensus,False,True,unresolved_internal;scaffold_differs_from_msa_consensus,,,,,,,,False,False,unassigned_manual_review,,not_annotated_no_domain_boundaries,,False,False
9M38,A,VI-D,apo,738,739,T,,,,,,False,2773,2774,full_msa_only_unresolved_coordinate,medium,0.6318681318681318,0.147239263803681,2.588783200271536,0.3681318681318681,K,K;L;N;R;T,differs_from_consensus,False,True,unresolved_internal;scaffold_differs_from_msa_consensus,,,,,,,,False,False,unassigned_manual_review,,not_annotated_no_domain_boundaries,,False,False
9M38,A,VI-D,apo,739,740,Y,,,,,,False,2774,2775,full_msa_only_unresolved_coordinate,medium,0.6373626373626373,0.2909090909090909,2.0103418791286254,0.3626373626373627,N,D;K;N;R;S,differs_from_consensus,False,True,unresolved_internal;scaffold_differs_from_msa_consensus,,,,,,,,False,False,unassigned_manual_review,,not_annotated_no_domain_boundaries,,False,False
9M38,A,VI-D,apo,740,741,G,,,,,,False,2775,2776,full_msa_only_unresolved_coordinate,medium,0.6373626373626373,0.2181818181818181,2.301561125909051,0.3626373626373627,R,A;E;G;K;R,differs_from_consensus,False,True,unresolved_internal;scaffold_differs_from_msa_consensus,,,,,,,,False,False,unassigned_manual_review,,not_annotated_no_domain_boundaries,,False,False
9M38,A,VI-D,apo,741,742,H,,,,,,False,2776,2777,full_msa_only_unresolved_coordinate,medium,0.6648351648351648,0.3085714285714285,2.1124356890593097,0.3351648351648352,Y,F;H;L;Y,differs_from_consensus,False,True,unresolved_internal;scaffold_differs_from_msa_consensus,,,,,,,,False,False,unassigned_manual_review,,not_annotated_no_domain_boundaries,,False,False
9M38,A,VI-D,apo,742,743,L,,,,,,False,2777,2778,full_msa_only_unresolved_coordinate,medium,0.6648351648351648,0.5828571428571429,1.5659919020608035,0.3351648351648352,L,F;I;K;L;R,matches_consensus,False,True,unresolved_internal,,,,,,,,False,False,unassigned_manual_review,,not_annotated_no_domain_boundaries,,False,False
9M38,A,VI-D,apo,743,744,K,,,,,,False,2778,2779,full_msa_only_unresolved_coordinate,medium,0.6593406593406593,0.3930635838150289,1.8599215232801665,0.3406593406593406,K,A;D;K;R,matches_consensus,False,True,unresolved_internal,,,,,,,,False,False,unassigned_manual_review,,not_annotated_no_domain_boundaries,,False,False
9M38,A,VI-D,apo,744,745,N,,,,,,False,2779,2780,full_msa_only_unresolved_coordinate,medium,0.3571428571428571,0.28,1.990826886209467,0.6428571428571428,K,E;K;N;R;S,differs_from_consensus,False,True,unresolved_internal;scaffold_differs_from_msa_consensus,,,,,,,,False,False,unassigned_manual_review,,not_annotated_no_domain_boundaries,,False,False
9M38,A,VI-D,apo,745,746,Q,,,,,,False,2780,2781,full_msa_only_unresolved_coordinate,medium,0.1758241758241758,0.15625,2.515381233729024,0.8241758241758241,V,C;G;H;I;K;N;Q;R;T;V,differs_from_consensus,False,True,unresolved_internal;scaffold_differs_from_msa_consensus,,,,,,,,False,False,unassigned_manual_review,,not_annotated_no_domain_boundaries,,False,False
9M38,A,VI-D,apo,746,747,K,,,,,,False,2781,2782,full_msa_only_unresolved_coordinate,medium,0.1373626373626373,0.24,2.171546030553766,0.8626373626373627,K,D;E;G;I;K;L;N;R,matches_consensus,False,True,unresolved_internal,,,,,,,,False,False,unassigned_manual_review,,not_annotated_no_domain_boundaries,,False,False
9M38,A,VI-D,apo,747,748,G,,,,,,False,2782,2783,full_msa_only_unresolved_coordinate,medium,0.1098901098901098,0.3,1.9172155185650603,0.8901098901098901,K,A;E;G;I;K;L;R;S;T,differs_from_consensus,False,True,unresolved_internal;scaffold_differs_from_msa_consensus,,,,,,,,False,False,unassigned_manual_review,,not_annotated_no_domain_boundaries,,False,False
9M38,A,VI-D,apo,748,749,H,,,,,,False,2791,2792,full_msa_only_unresolved_coordinate,medium,0.9615384615384616,0.3487544483985765,2.0376508177228585,0.0384615384615384,N,K;N;Q;R,differs_from_consensus,False,True,unresolved_internal;scaffold_differs_from_msa_consensus,,,,,,,,False,False,unassigned_manual_review,,not_annotated_no_domain_boundaries,,False,False
9M38,A,VI-D,apo,749,750,R,,,,,,False,2792,2793,full_msa_only_unresolved_coordinate,medium,0.9835164835164836,0.405997693194925,2.0801532475047324,0.0164835164835165,K,K;M;R;T,differs_from_consensus,False,True,unresolved_internal;scaffold_differs_from_msa_consensus,,,,,,,,False,False,unassigned_manual_review,,not_annotated_no_domain_boundaries,,False,False
9M38,A,VI-D,apo,750,751,K,600.0,K,751.0,,LYS,True,2793,2794,four_layer_exact,high,0.9835164835164836,0.3598615916955017,1.445138951463459,0.0164835164835165,H,H;K;R;S,differs_from_consensus,True,True,scaffold_differs_from_msa_consensus,0.7223360156099444,surface,False,False,False,False,,True,False,unassigned_manual_review,,not_annotated_no_domain_boundaries,,True,True
9M38,A,VI-D,apo,751,752,W,601.0,W,752.0,,TRP,True,2794,2795,four_layer_exact,high,0.9835164835164836,0.1799307958477508,2.322548022835267,0.0164835164835165,F,A;F;L;V;W;Y,differs_from_consensus,True,True,scaffold_differs_from_msa_consensus,0.3729533451360035,surface,False,False,False,False,,True,False,unassigned_manual_review,,not_annotated_no_domain_boundaries,,True,False
9M38,A,VI-D,apo,752,753,Y,602.0,Y,753.0,,TYR,True,2795,2796,four_layer_exact,high,0.9835164835164836,0.1453287197231834,2.612648747591606,0.0164835164835165,S,A;C;G;K;N;R;S;T;Y,differs_from_consensus,True,True,scaffold_differs_from_msa_consensus,0.46606967609441935,surface,False,False,False,False,,True,False,unassigned_manual_review,,not_annotated_no_domain_boundaries,,True,False
9M38,A,VI-D,apo,753,754,V,603.0,V,754.0,,VAL,True,2796,2797,four_layer_exact,high,0.978021978021978,0.1672473867595819,2.5902126977516384,0.021978021978022,E,D;E;G;K;Q;R;S,differs_from_consensus,True,True,scaffold_differs_from_msa_consensus,0.5050834562468937,surface,False,False,False,False,,True,False,unassigned_manual_review,,not_annotated_no_domain_boundaries,,True,False
9M38,A,VI-D,apo,754,755,L,604.0,L,755.0,,LEU,True,2820,2821,four_layer_exact,high,0.967032967032967,0.4770318021201413,1.7914208502171265,0.0329670329670329,Y,C;I;L;Y,differs_from_consensus,True,True,scaffold_differs_from_msa_consensus,0.4592364511203362,surface,False,False,False,False,,True,False,unassigned_manual_review,,not_annotated_no_domain_boundaries,,True,False
9M38,A,VI-D,apo,755,756,V,605.0,V,756.0,,VAL,True,2821,2822,four_layer_exact,high,0.9615384615384616,0.3914590747330961,1.5504590116416832,0.0384615384615384,L,F;I;L;M;V,differs_from_consensus,True,True,scaffold_differs_from_msa_consensus,0.13880784092412832,buried_core,False,False,False,False,,True,True,unassigned_manual_review,,not_annotated_no_domain_boundaries,,True,False
9M38,A,VI-D,apo,756,757,K,606.0,K,757.0,,LYS,True,2822,2823,four_layer_exact,high,0.956043956043956,0.2795698924731182,2.501059938905497,0.0439560439560439,K,A;E;K;R;S;T;V,matches_consensus,True,False,,0.509384435522355,surface,False,False,False,False,,True,False,unassigned_manual_review,,not_annotated_no_domain_boundaries,,True,False
9M38,A,VI-D,apo,757,758,N,607.0,N,758.0,,ASN,True,2824,2825,four_layer_exact,high,0.9505494505494504,0.2202166064981949,2.3007268366601537,0.0494505494505495,K,D;E;H;K;N;Q;S;T,differs_from_consensus,True,True,scaffold_differs_from_msa_consensus,0.4898592949143429,surface,False,False,False,False,,True,False,unassigned_manual_review,,not_annotated_no_domain_boundaries,,True,False
9M38,A,VI-D,apo,758,759,N,608.0,N,759.0,,ASN,True,2860,2861,four_layer_exact,high,0.978021978021978,0.6794425087108014,1.0070103004882645,0.021978021978022,N,D;N,matches_consensus,True,False,,0.08496877154605098,buried_core,False,False,False,False,,True,True,unassigned_manual_review,,not_annotated_no_domain_boundaries,,True,False
9M38,A,VI-D,apo,759,760,L,609.0,L,760.0,,LEU,True,2867,2868,four_layer_exact,high,0.945054945054945,0.3709090909090909,1.7519562069429615,0.0549450549450549,L,F;I;L;M;V,matches_consensus,True,False,,0.25283962807036814,surface,False,False,False,False,,True,False,unassigned_manual_review,,not_annotated_no_domain_boundaries,,True,False
9M38,A,VI-D,apo,760,761,Q,610.0,Q,761.0,,GLN,True,2886,2887,four_layer_exact,high,0.967032967032967,0.2367491166077738,2.1489935970760325,0.0329670329670329,E,A;D;E;K;N;S,differs_from_consensus,True,True,scaffold_differs_from_msa_consensus,0.6726249285289941,surface,False,False,False,False,,True,False,unassigned_manual_review,,not_annotated_no_domain_boundaries,,True,False
9M38,A,VI-D,apo,761,762,N,611.0,N,762.0,,ASN,True,2887,2888,four_layer_exact,high,0.967032967032967,0.4169611307420495,2.00488469845492,0.0329670329670329,N,E;H;N;S,matches_consensus,True,False,,0.2007758032372967,surface,False,False,False,False,,True,False,unassigned_manual_review,,not_annotated_no_domain_boundaries,,True,False
9M38,A,VI-D,apo,762,763,S,612.0,S,763.0,,SER,True,2901,2902,four_layer_exact,high,0.945054945054945,0.2909090909090909,2.1035600283597664,0.0549450549450549,A,A;I;L;S;V;Y,differs_from_consensus,True,True,scaffold_differs_from_msa_consensus,0.2039805707466302,surface,False,False,False,False,,True,False,unassigned_manual_review,,not_annotated_no_domain_boundaries,,True,False
9M38,A,VI-D,apo,763,764,D,613.0,D,764.0,,ASP,True,2902,2903,four_layer_exact,high,0.9395604395604396,0.358974358974359,2.0819152050835474,0.0604395604395604,D,D;E;K;N;R;S,matches_consensus,True,False,,0.06919447346783306,buried_core,False,False,False,False,,True,True,unassigned_manual_review,,not_annotated_no_domain_boundaries,,True,False
9M38,A,VI-D,apo,764,765,I,614.0,I,765.0,,ILE,True,2903,2904,four_layer_exact,high,0.934065934065934,0.1845018450184501,2.3924975417138663,0.0659340659340659,K,D;E;K;N;Q;S,differs_from_consensus,True,True,scaffold_differs_from_msa_consensus,0.2601206822830688,surface,False,False,False,False,,True,False,unassigned_manual_review,,not_annotated_no_domain_boundaries,,True,False
9M38,A,VI-D,apo,765,766,T,615.0,T,766.0,,THR,True,2904,2905,four_layer_exact,high,0.912087912087912,0.1444866920152091,2.714515138638037,0.0879120879120879,I,A;G;I;L;N;S;T;W;Y,differs_from_consensus,True,True,scaffold_differs_from_msa_consensus,0.10771607955481032,buried_core,False,False,False,False,,True,True,unassigned_manual_review,,not_annotated_no_domain_boundaries,,True,False
9M38,A,VI-D,apo,766,767,A,616.0,A,767.0,,ALA,True,2927,2928,four_layer_exact,high,0.945054945054945,0.2608695652173913,2.1653032680391404,0.0549450549450549,L,A;F;I;L;M;S;T;V,differs_from_consensus,True,True,scaffold_differs_from_msa_consensus,0.028084377117207356,buried_core,False,False,False,False,,True,True,unassigned_manual_review,,not_annotated_no_domain_boundaries,,True,False
9M38,A,VI-D,apo,767,768,V,617.0,V,768.0,,VAL,True,2928,2929,four_layer_exact,high,0.967032967032967,0.3028169014084507,1.9963040312387688,0.0329670329670329,I,F;I;L;V;Y,differs_from_consensus,True,True,scaffold_differs_from_msa_consensus,0.04858274432344491,buried_core,False,False,False,False,,True,True,unassigned_manual_review,,not_annotated_no_domain_boundaries,,True,False
9M38,A,VI-D,apo,768,769,S,618.0,S,769.0,,SER,True,2940,2941,four_layer_exact,high,0.9945054945054944,0.2491467576791808,2.291636948478845,0.0054945054945054,R,K;N;R;S;T;V,differs_from_consensus,True,True,scaffold_differs_from_msa_consensus,0.13848367422428454,buried_core,False,False,False,False,,True,True,unassigned_manual_review,,not_annotated_no_domain_boundaries,,True,False
9M38,A,VI-D,apo,769,770,S,619.0,S,770.0,,SER,True,2941,2942,four_layer_exact,high,0.9945054945054944,0.1228668941979522,2.709728539248469,0.0054945054945054,A,A;D;E;K;L;N;Q;S;T;V,differs_from_consensus,True,True,scaffold_differs_from_msa_consensus,0.08470868821101314,buried_core,False,False,False,False,,True,True,unassigned_manual_review,,not_annotated_no_domain_boundaries,,True,False
9M38,A,VI-D,apo,770,771,F,620.0,F,771.0,,PHE,True,2942,2943,four_layer_exact,high,0.9945054945054944,0.4778156996587031,1.264865563050892,0.0054945054945054,Y,A;F;Y,differs_from_consensus,True,True,scaffold_differs_from_msa_consensus,0.005031784233499651,buried_core,False,False,False,False,,True,True,unassigned_manual_review,,not_annotated_no_domain_boundaries,,True,False
9M38,A,VI-D,apo,771,772,R,621.0,A,772.0,,ALA,True,2943,2944,four_layer_literature_restored_substitution,high,0.9945054945054944,0.9863481228668942,0.0721777615461715,0.0054945054945054,R,R,matches_consensus,True,True,literature_confirmed_construct_substitution,0.07066937178612828,buried_core,False,False,False,False,,True,True,HEPN2,,not_annotated_no_domain_boundaries,HEPN2_R,True,False
9M38,A,VI-D,apo,772,773,N,622.0,N,773.0,,ASN,True,2944,2945,four_layer_exact,high,0.9945054945054944,0.9658703071672357,0.1942834193895058,0.0054945054945054,N,N,matches_consensus,True,False,,0.549733153229371,surface,False,False,False,False,,True,False,unassigned_manual_review,,not_annotated_no_domain_boundaries,,True,False
9M38,A,VI-D,apo,773,774,I,623.0,I,774.0,,ILE,True,2945,2946,four_layer_exact,high,0.9945054945054944,0.1979522184300341,2.486413414557738,0.0054945054945054,N,A;C;I;K;N;Q;S;T,differs_from_consensus,True,True,scaffold_differs_from_msa_consensus,0.02452036986883079,buried_core,False,False,False,False,,True,True,unassigned_manual_review,,not_annotated_no_domain_boundaries,,True,False
9M38,A,VI-D,apo,774,775,V,624.0,V,775.0,,VAL,True,2946,2947,four_layer_exact,high,0.9945054945054944,0.5358361774744027,1.1687021341462314,0.0054945054945054,V,A;I;T;V,matches_consensus,True,False,,0.0069403920462064155,buried_core,False,False,False,False,,True,True,unassigned_manual_review,,not_annotated_no_domain_boundaries,,True,False
9M38,A,VI-D,apo,775,776,A,625.0,A,776.0,,ALA,True,2947,2948,four_layer_exact,high,0.9945054945054944,0.5426621160409556,1.5575289013707645,0.0054945054945054,A,A;D;E;M,matches_consensus,True,False,,0.4949630367936707,surface,False,False,False,False,,True,False,unassigned_manual_review,,not_annotated_no_domain_boundaries,,True,False
9M38,A,VI-D,apo,776,777,H,626.0,A,777.0,,ALA,True,2948,2949,four_layer_literature_restored_substitution,high,0.9945054945054944,0.9931740614334472,0.040843717863401,0.0054945054945054,H,H,matches_consensus,True,True,literature_confirmed_construct_substitution,0.43576627430982384,surface,False,False,False,False,,True,False,HEPN2,,not_annotated_no_domain_boundaries,HEPN2_H,True,False
9M38,A,VI-D,apo,777,778,I,627.0,I,778.0,,ILE,True,2949,2950,four_layer_exact,high,0.9945054945054944,0.7747440273037542,0.9264919163679826,0.0054945054945054,L,I;L;M,differs_from_consensus,True,True,scaffold_differs_from_msa_consensus,0.018390277401623092,buried_core,False,False,False,False,,True,True,unassigned_manual_review,,not_annotated_no_domain_boundaries,,True,False
9M38,A,VI-D,apo,778,779,S,628.0,S,779.0,,SER,True,2950,2951,four_layer_exact,high,0.9945054945054944,0.5460750853242321,1.51553409871928,0.0054945054945054,N,A;N;S;T,differs_from_consensus,True,True,scaffold_differs_from_msa_consensus,0.10128494715173492,buried_core,False,False,False,False,,True,True,unassigned_manual_review,,not_annotated_no_domain_boundaries,,True,False
9M38,A,VI-D,apo,779,780,V,629.0,V,780.0,,VAL,True,2951,2952,four_layer_exact,high,0.9945054945054944,0.4129692832764505,1.4208257338511148,0.0054945054945054,A,A;I;V,differs_from_consensus,True,True,scaffold_differs_from_msa_consensus,0.0,buried_core,False,False,False,False,,True,True,unassigned_manual_review,,not_annotated_no_domain_boundaries,,True,False
9M38,A,VI-D,apo,780,781,V,630.0,V,781.0,,VAL,True,2952,2953,four_layer_exact,high,0.9945054945054944,0.4197952218430034,1.2712606531607642,0.0054945054945054,V,I;L;V,matches_consensus,True,False,,0.0654910126466275,buried_core,False,False,False,False,,True,True,unassigned_manual_review,,not_annotated_no_domain_boundaries,,True,False
9M38,A,VI-D,apo,781,782,R,631.0,R,782.0,,ARG,True,2970,2971,four_layer_exact,high,0.9835164835164836,0.5190311418685121,1.805813755696792,0.0164835164835165,R,A;N;R;S,matches_consensus,True,False,,0.3356240481109655,surface,False,False,False,False,,True,False,unassigned_manual_review,,not_annotated_no_domain_boundaries,,True,False
9M38,A,VI-D,apo,782,783,N,632.0,N,783.0,,ASN,True,2971,2972,four_layer_exact,high,0.9835164835164836,0.3806228373702422,2.102410568039889,0.0164835164835165,N,A;D;E;K;N;R;S,matches_consensus,True,False,,0.21712890463970905,surface,False,False,False,False,,True,False,unassigned_manual_review,,not_annotated_no_domain_boundaries,,True,False
9M38,A,VI-D,apo,783,784,S,633.0,S,784.0,,SER,True,2972,2973,four_layer_exact,high,0.978021978021978,0.3310104529616725,1.93143586602138,0.021978021978022,A,A;C;F;I;L;M;V,differs_from_consensus,True,True,scaffold_differs_from_msa_consensus,0.07691753843011045,buried_core,False,False,False,False,,True,True,unassigned_manual_review,,not_annotated_no_domain_boundaries,,True,False
9M38,A,VI-D,apo,784,785,N,634.0,N,785.0,,ASN,True,2973,2974,four_layer_exact,high,0.978021978021978,0.2578397212543554,2.355268453829789,0.021978021978022,D,A;D;G;H;N;P;S,differs_from_consensus,True,True,scaffold_differs_from_msa_consensus,0.18385528186945146,buried_core,False,False,False,False,,True,True,unassigned_manual_review,,not_annotated_no_domain_boundaries,,True,False
9M38,A,VI-D,apo,785,786,E,635.0,E,786.0,,GLU,True,2974,2975,four_layer_exact,high,0.9835164835164836,0.3206459054209919,2.181501697909065,0.0164835164835165,K,D;E;K;L;N;R,differs_from_consensus,True,True,scaffold_differs_from_msa_consensus,0.4741592549475207,surface,False,False,False,False,,True,False,unassigned_manual_review,,not_annotated_no_domain_boundaries,,True,False
9M38,A,VI-D,apo,786,787,Y,636.0,Y,787.0,,TYR,True,2975,2976,four_layer_exact,high,0.9615384615384616,0.7217258662017869,1.0803433260661472,0.0384615384615384,Y,F;Y,matches_consensus,True,False,,0.060660116656724175,buried_core,False,False,False,False,,True,True,unassigned_manual_review,,not_annotated_no_domain_boundaries,,True,False
9M38,A,VI-D,apo,787,788,I,637.0,I,788.0,,ILE,True,2976,2977,four_layer_exact,high,0.967032967032967,0.4875568058861718,1.6375594256322548,0.0329670329670329,I,A;I;L;V,matches_consensus,True,False,,0.02452036986883079,buried_core,False,False,False,False,,True,True,unassigned_manual_review,,not_annotated_no_domain_boundaries,,True,False
9M38,A,VI-D,apo,788,789,S,638.0,S,789.0,,SER,True,2984,2985,four_layer_exact,high,0.9835164835164836,0.2745098039215686,2.1201385496305694,0.0164835164835165,G,A;D;E;G;K;N;S,differs_from_consensus,True,True,scaffold_differs_from_msa_consensus,0.563048396380183,surface,False,False,False,False,,True,False,unassigned_manual_review,,not_annotated_no_domain_boundaries,,True,False
9M38,A,VI-D,apo,789,790,G,639.0,G,790.0,,GLY,True,2985,2986,four_layer_exact,high,0.9835164835164836,0.4636678200692041,1.6664074302277303,0.0164835164835165,D,D;E;G;K;N,differs_from_consensus,True,True,scaffold_differs_from_msa_consensus,0.31748754111448435,surface,False,False,False,False,,True,False,unassigned_manual_review,,not_annotated_no_domain_boundaries,,True,False
9M38,A,VI-D,apo,790,791,I,640.0,I,791.0,,ILE,True,2992,2993,four_layer_exact,high,0.9835164835164836,0.5397923875432526,1.5186884667253122,0.0164835164835165,I,F;I;L;V,matches_consensus,True,False,,0.050332332997557745,buried_core,False,False,False,False,,True,True,unassigned_manual_review,,not_annotated_no_domain_boundaries,,True,False
9M38,A,VI-D,apo,791,792,G,641.0,G,792.0,,GLY,True,2993,2994,four_layer_exact,high,0.9505494505494504,0.3032490974729241,2.110489159128578,0.0494505494505495,K,A;E;G;K;R;S;T,differs_from_consensus,True,True,scaffold_differs_from_msa_consensus,0.2333734519328911,surface,False,False,False,False,,True,False,unassigned_manual_review,,not_annotated_no_domain_boundaries,,True,False
9M38,A,VI-D,apo,792,793,E,642.0,E,793.0,,GLU,True,3006,3007,four_layer_exact,high,0.9615384615384616,0.192170818505338,2.4255818223282586,0.0384615384615384,E,D;E;K;N;R;S;Y,matches_consensus,True,False,,0.4754607477533918,surface,False,False,False,False,,True,False,unassigned_manual_review,,not_annotated_no_domain_boundaries,,True,False
9M38,A,VI-D,apo,793,794,L,643.0,L,794.0,,LEU,True,3007,3008,four_layer_exact,high,0.989010989010989,0.3539518900343643,1.6060298236467747,0.0109890109890109,I,F;I;M;V,differs_from_consensus,True,True,scaffold_differs_from_msa_consensus,0.0714408172507405,buried_core,False,False,False,False,,True,True,unassigned_manual_review,,not_annotated_no_domain_boundaries,,True,False
9M38,A,VI-D,apo,794,795,H,644.0,H,795.0,,HIS,True,3008,3009,four_layer_exact,high,0.989010989010989,0.2623138602520045,2.1231691141312816,0.0109890109890109,D,D;E;K;N;S;T,differs_from_consensus,True,True,scaffold_differs_from_msa_consensus,0.6437254059899823,surface,False,False,False,False,,True,False,unassigned_manual_review,,not_annotated_no_domain_boundaries,,True,False
9M38,A,VI-D,apo,795,796,S,645.0,S,796.0,,SER,True,3035,3036,four_layer_exact,high,0.989010989010989,0.8625429553264605,0.6452752271356559,0.0109890109890109,S,S,matches_consensus,True,False,,0.08570264758992954,buried_core,False,False,False,False,,True,True,unassigned_manual_review,,not_annotated_no_domain_boundaries,,True,False
9M38,A,VI-D,apo,796,797,Y,646.0,Y,797.0,,TYR,True,3044,3045,four_layer_exact,high,0.9945054945054944,0.8771331058020477,0.5003688822901302,0.0054945054945054,Y,W;Y,matches_consensus,True,False,,0.18281856989293946,buried_core,False,False,False,False,,True,True,unassigned_manual_review,,not_annotated_no_domain_boundaries,,True,False
9M38,A,VI-D,apo,797,798,F,647.0,F,798.0,,PHE,True,3045,3046,four_layer_exact,high,0.9945054945054944,0.7303754266211604,0.646373754231609,0.0054945054945054,F,F;Y,matches_consensus,True,False,,0.023733423500931893,buried_core,False,False,False,False,,True,True,unassigned_manual_review,,not_annotated_no_domain_boundaries,,True,False
9M38,A,VI-D,apo,798,799,E,648.0,E,799.0,,GLU,True,3046,3047,four_layer_exact,high,0.9945054945054944,0.3412969283276451,1.7842046366484416,0.0054945054945054,E,A;D;E;G;Q;S,matches_consensus,True,False,,0.1261447220160768,buried_core,False,False,False,False,,True,True,unassigned_manual_review,,not_annotated_no_domain_boundaries,,True,False
9M38,A,VI-D,apo,799,800,L,649.0,L,800.0,,LEU,True,3047,3048,four_layer_exact,high,0.9945054945054944,0.6655290102389079,1.0945551553873465,0.0054945054945054,L,F;I;L;V,matches_consensus,True,False,,0.0,buried_core,False,False,False,False,,True,True,unassigned_manual_review,,not_annotated_no_domain_boundaries,,True,False
9M38,A,VI-D,apo,800,801,Y,650.0,Y,801.0,,TYR,True,3048,3049,four_layer_exact,high,0.9945054945054944,0.9112627986348124,0.3236709773367355,0.0054945054945054,Y,F;Y,matches_consensus,True,False,,0.0,buried_core,False,False,False,False,,True,True,unassigned_manual_review,,not_annotated_no_domain_boundaries,,True,False
9M38,A,VI-D,apo,801,802,H,651.0,H,802.0,,HIS,True,3049,3050,four_layer_exact,high,0.9945054945054944,0.7406143344709898,1.0243926616835215,0.0054945054945054,H,C;H,matches_consensus,True,False,,0.0,buried_core,False,False,False,False,,True,True,unassigned_manual_review,,not_annotated_no_domain_boundaries,,True,False
9M38,A,VI-D,apo,802,803,Y,652.0,Y,803.0,,TYR,True,3050,3051,four_layer_exact,high,0.9945054945054944,0.78839590443686,0.8194246612011497,0.0054945054945054,Y,F;Y,matches_consensus,True,False,,0.06977556122069752,buried_core,False,False,False,False,,True,True,unassigned_manual_review,,not_annotated_no_domain_boundaries,,True,False
9M38,A,VI-D,apo,803,804,L,653.0,L,804.0,,LEU,True,3051,3052,four_layer_exact,high,0.9945054945054944,0.3686006825938566,1.602683868186286,0.0054945054945054,I,A;C;I;L;V,differs_from_consensus,True,True,scaffold_differs_from_msa_consensus,0.0,buried_core,False,False,False,False,,True,True,unassigned_manual_review,,not_annotated_no_domain_boundaries,,True,False
9M38,A,VI-D,apo,804,805,V,654.0,V,805.0,,VAL,True,3061,3062,four_layer_exact,high,0.9945054945054944,0.3651877133105802,1.635936536196335,0.0054945054945054,M,I;L;M;V,differs_from_consensus,True,True,scaffold_differs_from_msa_consensus,0.0,buried_core,False,False,False,False,,True,True,unassigned_manual_review,,not_annotated_no_domain_boundaries,,True,False
9M38,A,VI-D,apo,805,806,Q,655.0,Q,806.0,,GLN,True,3062,3063,four_layer_exact,high,0.9945054945054944,0.931740614334471,0.3684350711820774,0.0054945054945054,Q,Q,matches_consensus,True,False,,0.019653356836569234,buried_core,False,False,False,False,,True,True,unassigned_manual_review,,not_annotated_no_domain_boundaries,,True,False
9M38,A,VI-D,apo,806,807,S,656.0,S,807.0,,SER,True,3063,3064,four_layer_exact,high,0.9945054945054944,0.5870307167235495,1.465201573163282,0.0054945054945054,R,K;R;S,differs_from_consensus,True,True,scaffold_differs_from_msa_consensus,0.1253060104845559,buried_core,False,False,False,False,,True,True,unassigned_manual_review,,not_annotated_no_domain_boundaries,,True,False
9M38,A,VI-D,apo,807,808,M,657.0,M,808.0,,MET,True,3080,3081,four_layer_exact,high,0.9615384615384616,0.1067615658362989,2.7734581905670805,0.0384615384615384,H,A;H;I;L;M;Q;S;Y,differs_from_consensus,True,True,scaffold_differs_from_msa_consensus,0.016173592179106022,buried_core,False,False,False,False,,True,True,unassigned_manual_review,,not_annotated_no_domain_boundaries,,True,False
9M38,A,VI-D,apo,808,809,I,658.0,I,809.0,,ILE,True,3081,3082,four_layer_exact,high,0.989010989010989,0.5773195876288659,1.2142087209349026,0.0109890109890109,L,I;L;M;V,differs_from_consensus,True,True,scaffold_differs_from_msa_consensus,0.012260184934415394,buried_core,False,False,False,False,,True,True,unassigned_manual_review,,not_annotated_no_domain_boundaries,,True,False
9M38,A,VI-D,apo,809,810,A,659.0,A,810.0,,ALA,True,3091,3092,four_layer_exact,high,0.8131868131868132,0.1746724890829694,2.4703232462616773,0.1868131868131868,L,A;F;I;L;M;Q;V;Y,differs_from_consensus,True,True,scaffold_differs_from_msa_consensus,0.27542717836865627,surface,False,False,False,False,,True,False,unassigned_manual_review,,not_annotated_no_domain_boundaries,,True,False
9M38,A,VI-D,apo,810,811,K,660.0,K,811.0,,LYS,True,3092,3093,four_layer_exact,high,0.7967032967032966,0.2690582959641255,2.1311032502971,0.2032967032967033,D,D;E;G;K;N;S,differs_from_consensus,False,True,scaffold_differs_from_msa_consensus,0.5264303445294013,surface,False,False,False,False,,True,False,unassigned_manual_review,,not_annotated_no_domain_boundaries,,False,False
9M38,A,VI-D,apo,811,812,N,661.0,N,812.0,,ASN,True,3111,3112,four_layer_exact,high,0.6483516483516484,0.4078431372549019,1.7946383577714922,0.3516483516483516,D,D;E;N;S,differs_from_consensus,False,True,scaffold_differs_from_msa_consensus,0.3445970771605965,surface,False,False,False,False,,True,False,unassigned_manual_review,,not_annotated_no_domain_boundaries,,False,False
9M38,A,VI-D,apo,812,813,N,662.0,N,813.0,,ASN,True,3112,3113,four_layer_exact,high,0.6538461538461539,0.1962209302325581,2.5776045604077606,0.3461538461538461,K,E;H;K;N;P;R;S;Y,differs_from_consensus,False,True,scaffold_differs_from_msa_consensus,0.5266809518739071,surface,False,False,False,False,,True,False,unassigned_manual_review,,not_annotated_no_domain_boundaries,,False,False
9M38,A,VI-D,apo,813,814,W,663.0,W,814.0,,TRP,True,3113,3114,four_layer_exact,high,0.6538461538461539,0.1511627906976744,2.5844502358479784,0.3461538461538461,S,A;E;G;K;S;T,differs_from_consensus,False,True,scaffold_differs_from_msa_consensus,0.31946910810015194,surface,False,False,False,False,,True,False,unassigned_manual_review,,not_annotated_no_domain_boundaries,,False,False
9M38,A,VI-D,apo,814,815,Y,664.0,Y,815.0,,TYR,True,3114,3115,four_layer_exact,high,0.6428571428571429,0.2731152204836415,2.4580433833576945,0.3571428571428571,K,E;K;N;S;Y,differs_from_consensus,False,True,scaffold_differs_from_msa_consensus,0.2991066168171746,surface,False,False,False,False,,True,False,unassigned_manual_review,,not_annotated_no_domain_boundaries,,False,False
9M38,A,VI-D,apo,815,816,D,665.0,D,816.0,,ASP,True,3115,3116,four_layer_exact,high,0.6208791208791209,0.1630276564774381,2.346655743484709,0.3791208791208791,D,D;E;G;K;N;P;S,matches_consensus,False,False,,0.2485036902104812,surface,False,False,False,False,,True,False,unassigned_manual_review,,not_annotated_no_domain_boundaries,,False,False
9M38,A,VI-D,apo,816,817,T,666.0,T,817.0,,THR,True,3116,3117,four_layer_exact,high,0.6373626373626373,0.1176470588235294,2.7959902884656938,0.3626373626373627,E,A;D;E;G;K;L;S;T,differs_from_consensus,False,True,scaffold_differs_from_msa_consensus,0.42697488039350856,surface,False,False,False,False,,True,False,unassigned_manual_review,,not_annotated_no_domain_boundaries,,False,False
9M38,A,VI-D,apo,817,818,S,667.0,S,818.0,,SER,True,3117,3118,four_layer_exact,high,0.6098901098901099,0.1875,2.6075595058323318,0.39010989010989,N,A;D;F;K;N;Q;S;V;Y,differs_from_consensus,False,True,scaffold_differs_from_msa_consensus,0.65806831865711,surface,False,False,False,False,,True,False,unassigned_manual_review,,not_annotated_no_domain_boundaries,,False,False
9M38,A,VI-D,apo,818,819,H,668.0,H,819.0,,HIS,True,3118,3119,four_layer_exact,high,0.4175824175824176,0.1973684210526315,2.3697393626424144,0.5824175824175823,S,A;D;E;G;K;N;P;S,differs_from_consensus,False,True,scaffold_differs_from_msa_consensus,0.560862702059029,surface,False,False,False,False,,True,False,unassigned_manual_review,,not_annotated_no_domain_boundaries,,False,False
9M38,A,VI-D,apo,819,820,Q,669.0,Q,820.0,,GLN,True,3143,3144,four_layer_exact,high,0.2197802197802197,0.4615384615384615,1.5072818507947183,0.7802197802197802,K,D;E;K;Q;R,differs_from_consensus,False,True,scaffold_differs_from_msa_consensus,0.08123091856944384,buried_core,False,False,False,False,,True,True,unassigned_manual_review,,not_annotated_no_domain_boundaries,,False,False
9M38,A,VI-D,apo,820,821,P,670.0,P,821.0,,PRO,True,3165,3166,four_layer_exact,high,0.5989010989010989,0.1958925750394944,2.473618564339416,0.4010989010989011,E,A;D;E;G;K;N;P;S,differs_from_consensus,False,True,scaffold_differs_from_msa_consensus,0.6614090249304416,surface,False,False,False,False,,True,False,unassigned_manual_review,,not_annotated_no_domain_boundaries,,False,False
9M38,A,VI-D,apo,821,822,K,671.0,K,822.0,,LYS,True,3166,3167,four_layer_exact,high,0.6593406593406593,0.296137339055794,2.3562313700238597,0.3406593406593406,K,A;F;I;K;L;R;V,matches_consensus,False,False,,0.20825638999579985,surface,False,False,False,False,,True,False,unassigned_manual_review,,not_annotated_no_domain_boundaries,,False,False
9M38,A,VI-D,apo,822,823,T,672.0,T,823.0,,THR,True,3167,3168,four_layer_exact,high,0.8186813186813187,0.2401746724890829,2.3015612297799546,0.1813186813186813,L,I;K;L;S;T;V,differs_from_consensus,True,True,scaffold_differs_from_msa_consensus,0.007021094279301839,buried_core,False,False,False,False,,True,True,unassigned_manual_review,,not_annotated_no_domain_boundaries,,True,False
9M38,A,VI-D,apo,823,824,A,673.0,A,824.0,,ALA,True,3168,3169,four_layer_exact,high,0.934065934065934,0.1586715867158671,2.57940935691118,0.0659340659340659,K,A;D;E;K;L;N;Q,differs_from_consensus,True,True,scaffold_differs_from_msa_consensus,0.31828960732835004,surface,False,False,False,False,,True,False,unassigned_manual_review,,not_annotated_no_domain_boundaries,,True,False
9M38,A,VI-D,apo,824,825,E,674.0,E,825.0,,GLU,True,3169,3170,four_layer_exact,high,0.9505494505494504,0.2888086642599278,2.253735962896384,0.0494505494505495,E,D;E;G;K;P;Q;R,matches_consensus,True,False,,0.43296584680208533,surface,False,False,False,False,,True,False,unassigned_manual_review,,not_annotated_no_domain_boundaries,,True,False
9M38,A,VI-D,apo,825,826,Y,675.0,Y,826.0,,TYR,True,3170,3171,four_layer_exact,high,0.9615384615384616,0.69105871886121,1.358622346108025,0.0384615384615384,Y,F;Y,matches_consensus,True,False,,0.07540281065033365,buried_core,False,False,False,False,,True,True,unassigned_manual_review,,not_annotated_no_domain_boundaries,,True,False
9M38,A,VI-D,apo,826,827,L,676.0,L,827.0,,LEU,True,3171,3172,four_layer_exact,high,0.9725274725274724,0.2736842105263158,2.3840711075667165,0.0274725274725274,F,A;F;K;L;R;S;Y,differs_from_consensus,True,True,scaffold_differs_from_msa_consensus,0.20156558496242968,surface,False,False,False,False,,True,False,unassigned_manual_review,,not_annotated_no_domain_boundaries,,True,False
9M38,A,VI-D,apo,827,828,N,677.0,N,828.0,,ASN,True,3185,3186,four_layer_exact,high,0.9725274725274724,0.2280701754385964,2.121004101676971,0.0274725274725274,E,A;D;E;K;N;S,differs_from_consensus,True,True,scaffold_differs_from_msa_consensus,0.3649699994152268,surface,False,False,False,False,,True,False,unassigned_manual_review,,not_annotated_no_domain_boundaries,,True,False
9M38,A,VI-D,apo,828,829,N,678.0,N,829.0,,ASN,True,3186,3187,four_layer_exact,high,0.9725274725274724,0.175438596491228,2.509953448043905,0.0274725274725274,K,A;D;E;K;L;N;Q;S,differs_from_consensus,True,True,scaffold_differs_from_msa_consensus,0.2947307541882129,surface,False,False,False,False,,True,False,unassigned_manual_review,,not_annotated_no_domain_boundaries,,True,False
9M38,A,VI-D,apo,829,830,L,679.0,L,830.0,,LEU,True,3192,3193,four_layer_exact,high,0.967032967032967,0.4522968197879858,1.411107694756027,0.0329670329670329,L,I;L;V,matches_consensus,True,False,,0.08140357341616938,buried_core,False,False,False,False,,True,True,unassigned_manual_review,,not_annotated_no_domain_boundaries,,True,False
9M38,A,VI-D,apo,830,831,K,680.0,K,831.0,,LYS,True,3193,3194,four_layer_exact,high,0.9615384615384616,0.1708185053380783,2.4935338041618795,0.0384615384615384,E,D;E;K;L;N;R;S,differs_from_consensus,True,True,scaffold_differs_from_msa_consensus,0.5732089253780189,surface,False,False,False,False,,True,False,unassigned_manual_review,,not_annotated_no_domain_boundaries,,True,False
9M38,A,VI-D,apo,831,832,K,681.0,K,832.0,,LYS,True,3205,3206,four_layer_exact,high,0.934065934065934,0.4534313725490196,1.743901500804819,0.0659340659340659,K,E;K;N;Q;R;S;T,matches_consensus,True,False,,0.5100081215350921,surface,False,False,False,False,,True,False,unassigned_manual_review,,not_annotated_no_domain_boundaries,,True,False
9M38,A,VI-D,apo,832,833,H,682.0,H,833.0,,HIS,True,3206,3207,four_layer_exact,high,0.912087912087912,0.4924242424242424,1.7660496347280823,0.0879120879120879,Y,F;H;N;Y,differs_from_consensus,True,True,scaffold_differs_from_msa_consensus,0.46843755108923674,surface,False,False,False,False,,True,False,unassigned_manual_review,,not_annotated_no_domain_boundaries,,True,False
9M38,A,VI-D,apo,833,834,H,683.0,H,834.0,,HIS,True,3213,3214,four_layer_exact,high,0.978021978021978,0.3484320557491289,1.8051593138252695,0.021978021978022,G,G;H;K;N;R,differs_from_consensus,True,True,scaffold_differs_from_msa_consensus,0.4173409490753191,surface,False,False,False,False,,True,False,unassigned_manual_review,,not_annotated_no_domain_boundaries,,True,False
9M38,A,VI-D,apo,834,835,T,684.0,T,835.0,,THR,True,3214,3215,four_layer_exact,high,0.978021978021978,0.5470383275261324,1.7377392265940013,0.021978021978022,T,S;T,matches_consensus,True,False,,0.13646347884251364,buried_core,False,False,False,False,,True,True,unassigned_manual_review,,not_annotated_no_domain_boundaries,,True,False
9M38,A,VI-D,apo,835,836,Y,685.0,Y,836.0,,TYR,True,3215,3216,four_layer_exact,high,0.989010989010989,0.7800687285223368,0.9399261397042378,0.0109890109890109,Y,P;Y,matches_consensus,True,False,,0.09577275407357927,buried_core,False,False,False,False,,True,True,unassigned_manual_review,,not_annotated_no_domain_boundaries,,True,False
9M38,A,VI-D,apo,836,837,C,686.0,C,837.0,,CYS,True,3216,3217,four_layer_exact,high,0.989010989010989,0.3608247422680412,1.6287875860541623,0.0109890109890109,S,C;D;N;S;V,differs_from_consensus,True,True,scaffold_differs_from_msa_consensus,0.09827353306798252,buried_core,False,False,False,False,,True,True,unassigned_manual_review,,not_annotated_no_domain_boundaries,,True,False
9M38,A,VI-D,apo,837,838,K,687.0,K,838.0,,LYS,True,3217,3218,four_layer_exact,high,0.989010989010989,0.7250859106529209,1.145474998418898,0.0109890109890109,K,K;R,matches_consensus,True,False,,0.5221140624600346,surface,False,False,False,False,,True,False,unassigned_manual_review,,not_annotated_no_domain_boundaries,,True,False
9M38,A,VI-D,apo,838,839,D,688.0,D,839.0,,ASP,True,3218,3219,four_layer_exact,high,0.9945054945054944,0.7337883959044369,1.124333275233936,0.0054945054945054,D,D;N,matches_consensus,True,False,,0.3650873145903627,surface,False,False,False,False,,True,False,unassigned_manual_review,,not_annotated_no_domain_boundaries,,True,False
9M38,A,VI-D,apo,839,840,F,689.0,F,840.0,,PHE,True,3219,3220,four_layer_exact,high,0.9945054945054944,0.4163822525597269,1.4008498795579936,0.0054945054945054,F,A;F;L;M,matches_consensus,True,False,,0.045286058101496864,buried_core,False,False,False,False,,True,True,unassigned_manual_review,,not_annotated_no_domain_boundaries,,True,False
9M38,A,VI-D,apo,840,841,V,690.0,V,841.0,,VAL,True,3220,3221,four_layer_exact,high,0.9945054945054944,0.4607508532423208,1.434370393272457,0.0054945054945054,V,I;L;M;V,matches_consensus,True,False,,0.0069403920462064155,buried_core,False,False,False,False,,True,True,unassigned_manual_review,,not_annotated_no_domain_boundaries,,True,False
9M38,A,VI-D,apo,841,842,K,691.0,K,842.0,,LYS,True,3221,3222,four_layer_exact,high,0.9945054945054944,0.6245733788395904,1.2722698224800089,0.0054945054945054,K,H;K;W,matches_consensus,True,False,,0.2481219228338596,surface,False,False,False,False,,True,False,unassigned_manual_review,,not_annotated_no_domain_boundaries,,True,False
9M38,A,VI-D,apo,842,843,A,692.0,A,843.0,,ALA,True,3222,3223,four_layer_exact,high,0.9945054945054944,0.4914675767918088,1.6026506977934307,0.0054945054945054,A,A;I;L;V,matches_consensus,True,False,,0.018722918078138237,buried_core,False,False,False,False,,True,True,unassigned_manual_review,,not_annotated_no_domain_boundaries,,True,False
9M38,A,VI-D,apo,843,844,Y,693.0,Y,844.0,,TYR,True,3223,3224,four_layer_exact,high,0.9945054945054944,0.7133105802047781,1.0995162720432474,0.0054945054945054,L,I;L;Y,differs_from_consensus,True,True,scaffold_differs_from_msa_consensus,0.017849215483583536,buried_core,False,False,False,False,,True,True,unassigned_manual_review,,not_annotated_no_domain_boundaries,,True,False
9M38,A,VI-D,apo,844,845,C,694.0,C,845.0,,CYS,True,3224,3225,four_layer_exact,high,0.9945054945054944,0.5938566552901023,1.162126883169962,0.0054945054945054,N,C;F;N;Y,differs_from_consensus,True,True,scaffold_differs_from_msa_consensus,0.0072313066828737504,buried_core,False,False,False,False,,True,True,unassigned_manual_review,,not_annotated_no_domain_boundaries,,True,False
9M38,A,VI-D,apo,845,846,I,695.0,I,846.0,,ILE,True,3225,3226,four_layer_exact,high,0.9945054945054944,0.2798634812286689,1.9470579621542503,0.0054945054945054,V,A;I;L;S;T;V,differs_from_consensus,True,True,scaffold_differs_from_msa_consensus,0.012260184934415394,buried_core,False,False,False,False,,True,True,unassigned_manual_review,,not_annotated_no_domain_boundaries,,True,False
9M38,A,VI-D,apo,846,847,P,696.0,P,847.0,,PRO,True,3243,3244,four_layer_exact,high,0.9945054945054944,0.9112627986348124,0.4798990182367803,0.0054945054945054,P,P,matches_consensus,True,False,,0.015190292025659325,buried_core,False,False,False,False,,True,True,unassigned_manual_review,,not_annotated_no_domain_boundaries,,True,False
9M38,A,VI-D,apo,847,848,F,697.0,F,848.0,,PHE,True,3244,3245,four_layer_exact,high,0.9945054945054944,0.8225255972696246,0.6470827085570559,0.0054945054945054,F,F;L,matches_consensus,True,False,,0.015095352700498953,buried_core,False,False,False,False,,True,True,unassigned_manual_review,,not_annotated_no_domain_boundaries,,True,False
9M38,A,VI-D,apo,848,849,G,698.0,G,849.0,,GLY,True,3271,3272,four_layer_exact,high,0.9945054945054944,0.5426621160409556,0.8563680260277136,0.0054945054945054,A,A;G,differs_from_consensus,True,True,scaffold_differs_from_msa_consensus,0.16876780731668378,buried_core,False,False,False,False,,True,True,unassigned_manual_review,,not_annotated_no_domain_boundaries,,True,False
9M38,A,VI-D,apo,849,850,Y,699.0,Y,850.0,,TYR,True,3272,3273,four_layer_exact,high,0.9945054945054944,1.0,-0.0,0.0054945054945054,Y,Y,matches_consensus,True,False,,0.1472493861976805,buried_core,False,False,False,False,,True,True,unassigned_manual_review,,not_annotated_no_domain_boundaries,,True,False
9M38,A,VI-D,apo,850,851,V,700.0,V,851.0,,VAL,True,3273,3274,four_layer_exact,high,0.9945054945054944,0.8703071672354948,0.5843109063318744,0.0054945054945054,N,C;N,differs_from_consensus,True,True,scaffold_differs_from_msa_consensus,0.17350980115516038,buried_core,False,False,False,False,,True,True,unassigned_manual_review,,not_annotated_no_domain_boundaries,,True,False
9M38,A,VI-D,apo,851,852,V,701.0,V,852.0,,VAL,True,3274,3275,four_layer_exact,high,0.9945054945054944,0.6484641638225256,1.366584549574924,0.0054945054945054,L,I;L;V,differs_from_consensus,True,True,scaffold_differs_from_msa_consensus,0.2624240953038287,surface,False,False,False,False,,True,False,unassigned_manual_review,,not_annotated_no_domain_boundaries,,True,False
9M38,A,VI-D,apo,852,853,P,702.0,P,853.0,,PRO,True,3275,3276,four_layer_exact,high,0.9945054945054944,0.5733788395904437,1.029467248822873,0.0054945054945054,P,A;P,matches_consensus,True,False,,0.5839698329754488,surface,False,False,False,False,,True,False,unassigned_manual_review,,not_annotated_no_domain_boundaries,,True,False
9M38,A,VI-D,apo,853,854,R,703.0,R,854.0,,ARG,True,3281,3282,four_layer_exact,high,0.9945054945054944,1.0,-0.0,0.0054945054945054,R,R,matches_consensus,True,False,,0.28604315767601257,surface,False,False,False,False,,True,False,unassigned_manual_review,,not_annotated_no_domain_boundaries,,True,False
9M38,A,VI-D,apo,854,855,Y,704.0,Y,855.0,,TYR,True,3282,3283,four_layer_exact,high,0.9945054945054944,0.7337883959044369,0.6111992156029766,0.0054945054945054,Y,F;Y,matches_consensus,True,False,,0.11938529892409817,buried_core,False,False,False,False,,True,True,unassigned_manual_review,,not_annotated_no_domain_boundaries,,True,False
9M38,A,VI-D,apo,855,856,K,705.0,K,856.0,,LYS,True,3283,3284,four_layer_exact,high,0.9945054945054944,0.9112627986348124,0.4533576770844879,0.0054945054945054,K,K,matches_consensus,True,False,,0.232770716697759,surface,False,False,False,False,,True,False,unassigned_manual_review,,not_annotated_no_domain_boundaries,,True,False
9M38,A,VI-D,apo,856,857,N,706.0,N,857.0,,ASN,True,3284,3285,four_layer_exact,high,0.9945054945054944,0.8805460750853242,0.5454137059640182,0.0054945054945054,N,N,matches_consensus,True,False,,0.36131279890889084,surface,False,False,False,False,,True,False,unassigned_manual_review,,not_annotated_no_domain_boundaries,,True,False
9M38,A,VI-D,apo,857,858,L,707.0,L,858.0,,LEU,True,3285,3286,four_layer_exact,high,0.9945054945054944,0.9795221843003412,0.1223900868110231,0.0054945054945054,L,L,matches_consensus,True,False,,0.060081005773130164,buried_core,False,False,False,False,,True,True,unassigned_manual_review,,not_annotated_no_domain_boundaries,,True,False
9M38,A,VI-D,apo,858,859,T,708.0,T,859.0,,THR,True,3286,3287,four_layer_exact,high,0.9945054945054944,0.6075085324232082,0.7385756362529033,0.0054945054945054,S,S;T,differs_from_consensus,True,True,scaffold_differs_from_msa_consensus,0.06852354223656933,buried_core,False,False,False,False,,True,True,unassigned_manual_review,,not_annotated_no_domain_boundaries,,True,False
9M38,A,VI-D,apo,859,860,I,709.0,I,860.0,,ILE,True,3291,3292,four_layer_exact,high,0.9945054945054944,0.676905574516496,1.2826502550317684,0.0054945054945054,I,I;N;V,matches_consensus,True,False,,0.25746388362272327,surface,False,False,False,False,,True,False,unassigned_manual_review,,not_annotated_no_domain_boundaries,,True,False
9M38,A,VI-D,apo,860,861,N,710.0,N,861.0,,ASN,True,3292,3293,four_layer_exact,high,0.9945054945054944,0.4914675767918088,1.6634119131836618,0.0054945054945054,E,A;D;E;K;N,differs_from_consensus,True,True,scaffold_differs_from_msa_consensus,0.1404480089499222,buried_core,False,False,False,False,,True,True,unassigned_manual_review,,not_annotated_no_domain_boundaries,,True,False
9M38,A,VI-D,apo,861,862,E,711.0,E,862.0,,GLU,True,3293,3294,four_layer_exact,high,0.9945054945054944,0.2116040955631399,2.1916698208890306,0.0054945054945054,E,A;D;E;G;K;Q,matches_consensus,True,False,,0.5596642216938845,surface,False,False,False,False,,True,False,unassigned_manual_review,,not_annotated_no_domain_boundaries,,True,False
9M38,A,VI-D,apo,862,863,L,712.0,L,863.0,,LEU,True,3294,3295,four_layer_exact,high,0.9945054945054944,0.78839590443686,0.920485964506321,0.0054945054945054,L,I;L,matches_consensus,True,False,,0.2870339103779183,surface,False,False,False,False,,True,False,unassigned_manual_review,,not_annotated_no_domain_boundaries,,True,False
9M38,A,VI-D,apo,863,864,F,713.0,F,864.0,,PHE,True,3295,3296,four_layer_exact,high,0.9945054945054944,0.9522184300341296,0.2299796848520801,0.0054945054945054,F,F,matches_consensus,True,False,,0.15080440607369913,buried_core,False,False,False,False,,True,True,unassigned_manual_review,,not_annotated_no_domain_boundaries,,True,False
9M38,A,VI-D,apo,864,865,D,714.0,D,865.0,,ASP,True,3303,3304,four_layer_exact,high,0.9725274725274724,0.7590643274853801,0.9431207284312612,0.0274725274725274,D,D;Y,matches_consensus,True,False,,0.6165058818975466,surface,False,False,False,False,,True,False,unassigned_manual_review,,not_annotated_no_domain_boundaries,,True,False
9M38,A,VI-D,apo,865,866,R,715.0,R,866.0,,ARG,True,3304,3305,four_layer_exact,high,0.9835164835164836,0.4152249134948096,1.800919381742992,0.0164835164835165,R,D;E;K;M;R,matches_consensus,True,False,,0.8375676803162929,surface,False,False,False,False,,True,False,unassigned_manual_review,,not_annotated_no_domain_boundaries,,True,False
9M38,A,VI-D,apo,866,867,N,,,,,,False,3316,3317,full_msa_only_unresolved_coordinate,medium,0.945054945054945,0.6836363636363636,1.2332013883339008,0.0549450549450549,N,D;E;N,matches_consensus,False,True,unresolved_terminal,,,,,,,,False,False,unassigned_manual_review,,not_annotated_no_domain_boundaries,,False,False
9M38,A,VI-D,apo,867,868,N,,,,,,False,3317,3318,full_msa_only_unresolved_coordinate,medium,0.8956043956043956,0.2996108949416342,2.244778911930258,0.1043956043956043,E,A;D;E;K;N;R;S,differs_from_consensus,False,True,unresolved_terminal;scaffold_differs_from_msa_consensus,,,,,,,,False,False,unassigned_manual_review,,not_annotated_no_domain_boundaries,,False,False
9M38,A,VI-D,apo,868,869,P,,,,,,False,3409,3410,full_msa_only_unresolved_coordinate,medium,0.4835164835164835,0.1794871794871795,2.637974726987787,0.5164835164835164,Y,A;E;I;K;L;P;T;Y,differs_from_consensus,False,True,unresolved_terminal;scaffold_differs_from_msa_consensus,,,,,,,,False,False,unassigned_manual_review,,not_annotated_no_domain_boundaries,,False,False
9M38,A,VI-D,apo,869,870,N,,,,,,False,3410,3411,full_msa_only_unresolved_coordinate,medium,0.5494505494505495,0.2487046632124352,2.1752514613789637,0.4505494505494505,K,A;I;K;L;N;Q;R;T,differs_from_consensus,False,True,unresolved_terminal;scaffold_differs_from_msa_consensus,,,,,,,,False,False,unassigned_manual_review,,not_annotated_no_domain_boundaries,,False,False
9M38,A,VI-D,apo,870,871,P,,,,,,False,3411,3412,full_msa_only_unresolved_coordinate,medium,0.7912087912087912,0.4106735159817352,2.0263891856972456,0.2087912087912088,P,A;E;K;P;T,matches_consensus,False,True,unresolved_terminal,,,,,,,,False,False,unassigned_manual_review,,not_annotated_no_domain_boundaries,,False,False
9M38,A,VI-D,apo,871,872,E,,,,,,False,3412,3413,full_msa_only_unresolved_coordinate,medium,0.7967032967032966,0.2986425339366516,2.22573897823122,0.2032967032967033,E,D;E;G;K;R,matches_consensus,False,True,unresolved_terminal,,,,,,,,False,False,unassigned_manual_review,,not_annotated_no_domain_boundaries,,False,False
9M38,A,VI-D,apo,872,873,P,,,,,,False,3413,3414,full_msa_only_unresolved_coordinate,medium,0.7912087912087912,0.1963470319634703,2.3631954098400354,0.2087912087912088,K,A;D;E;K;P;Q;T;V,differs_from_consensus,False,True,unresolved_terminal;scaffold_differs_from_msa_consensus,,,,,,,,False,False,unassigned_manual_review,,not_annotated_no_domain_boundaries,,False,False
9M38,A,VI-D,apo,873,874,K,,,,,,False,3414,3415,full_msa_only_unresolved_coordinate,medium,0.7582417582417582,0.3561208267090619,2.2090170498338395,0.2417582417582418,K,A;D;E;G;K;N;S,matches_consensus,False,True,unresolved_terminal,,,,,,,,False,False,unassigned_manual_review,,not_annotated_no_domain_boundaries,,False,False
9M38,A,VI-D,apo,874,875,E,,,,,,False,3423,3424,full_msa_only_unresolved_coordinate,medium,0.7417582417582418,0.309328968903437,2.1549634450683137,0.2582417582417582,E,D;E;G;K;R,matches_consensus,False,True,unresolved_terminal,,,,,,,,False,False,unassigned_manual_review,,not_annotated_no_domain_boundaries,,False,False
9M38,A,VI-D,apo,875,876,E,,,,,,False,3458,3459,full_msa_only_unresolved_coordinate,medium,0.1373626373626373,0.875,0.4563344322932884,0.8626373626373627,E,D;E,matches_consensus,False,True,unresolved_terminal,,,,,,,,False,False,unassigned_manual_review,,not_annotated_no_domain_boundaries,,False,False
9M38,A,VI-D,apo,876,877,V,,,,,,False,3459,3460,full_msa_only_unresolved_coordinate,medium,0.0989010989010989,0.2941176470588235,1.9721037385162652,0.9010989010989012,D,A;D;E;I;K;N;Q;T;V,differs_from_consensus,False,True,unresolved_terminal;scaffold_differs_from_msa_consensus,,,,,,,,False,False,unassigned_manual_review,,not_annotated_no_domain_boundaries,,False,False
