pdb_id,chain_id,subtype,state,full_scaffold_index_0,biological_index_1,full_scaffold_amino_acid,coordinate_index_0,coordinate_amino_acid,pdb_residue_number,pdb_insertion_code,pdb_residue_name,backbone_complete,msa_column_0,msa_column_1,mapping_status,mapping_confidence,msa_coverage,conservation,entropy,gap_fraction,msa_consensus,allowed_residues,scaffold_consensus_status,conservation_constraint_eligible,manual_review_required,decision_reasons,relative_sasa,structural_burial,RNA_contact,RNA_second_shell,crrna_interface,target_rna_interface,minimum_rna_distance,coordinate_available,protein_core,domain,domain_interface,domain_interface_status,HEPN_annotation,mapping_gate_passed,chain_break_adjacent
9M8Q,A,VI-D,ternary,0,1,M,,,,,,False,43,44,full_msa_only_unresolved_coordinate,medium,0.9065934065934066,0.9545920378399684,0.2411828238299522,0.0934065934065934,M,M,matches_consensus,False,True,unresolved_terminal,,,,,,,,False,False,unassigned_manual_review,,not_annotated_no_domain_boundaries,,False,False
9M8Q,A,VI-D,ternary,1,2,I,,,,,,False,44,45,full_msa_only_unresolved_coordinate,medium,0.9065934065934066,0.257311785573512,2.090300057390328,0.0934065934065934,K,A;E;G;K;N;S;T,differs_from_consensus,False,True,unresolved_terminal;scaffold_differs_from_msa_consensus,,,,,,,,False,False,unassigned_manual_review,,not_annotated_no_domain_boundaries,,False,False
9M8Q,A,VI-D,ternary,2,3,E,,,,,,False,46,47,full_msa_only_unresolved_coordinate,medium,0.8571428571428571,0.6467303950596396,1.3013013479555542,0.1428571428571429,K,E;K;N,differs_from_consensus,False,True,unresolved_terminal;scaffold_differs_from_msa_consensus,,,,,,,,False,False,unassigned_manual_review,,not_annotated_no_domain_boundaries,,False,False
9M8Q,A,VI-D,ternary,3,4,K,,,,,,False,48,49,full_msa_only_unresolved_coordinate,medium,0.8461538461538461,0.6326425316020294,1.3574115577290655,0.1538461538461538,K,K;N,matches_consensus,False,True,unresolved_terminal,,,,,,,,False,False,unassigned_manual_review,,not_annotated_no_domain_boundaries,,False,False
9M8Q,A,VI-D,ternary,4,5,K,,,,,,False,215,216,full_msa_only_unresolved_coordinate,medium,0.8681318681318682,0.5127778240239741,1.9045604964317489,0.1318681318681318,K,K;R,matches_consensus,False,True,unresolved_terminal,,,,,,,,False,False,unassigned_manual_review,,not_annotated_no_domain_boundaries,,False,False
9M8Q,A,VI-D,ternary,5,6,K,,,,,,False,216,217,full_msa_only_unresolved_coordinate,medium,0.8901098901098901,0.95353714608373,0.2497454434196022,0.1098901098901099,K,K,matches_consensus,False,True,unresolved_terminal,,,,,,,,False,False,unassigned_manual_review,,not_annotated_no_domain_boundaries,,False,False
9M8Q,A,VI-D,ternary,6,7,S,0.0,S,7.0,,SER,True,248,249,four_layer_exact,high,0.945054945054945,0.7125102942277457,0.9071193515018484,0.0549450549450549,S,S;T,matches_consensus,True,False,,0.4238076591314025,surface,True,False,True,False,3.1557708798682356,True,False,unassigned_manual_review,,not_annotated_no_domain_boundaries,,True,False
9M8Q,A,VI-D,ternary,7,8,F,1.0,F,8.0,,PHE,True,249,250,four_layer_exact,high,0.9505494505494504,0.2069426893629673,2.509394981641873,0.0494505494505495,K,A;K;L;N;R;S;T,differs_from_consensus,True,True,scaffold_differs_from_msa_consensus,0.3008645164878853,surface,True,False,True,False,3.5366302526341054,True,False,unassigned_manual_review,,not_annotated_no_domain_boundaries,,True,False
9M8Q,A,VI-D,ternary,8,9,A,2.0,A,9.0,,ALA,True,250,251,four_layer_exact,high,0.956043956043956,0.6693482913868182,1.2504246457891033,0.0439560439560439,A,A;S;V,matches_consensus,True,False,,0.018722918078138237,buried_core,True,False,True,False,2.9764709325693426,True,True,unassigned_manual_review,,not_annotated_no_domain_boundaries,,True,False
9M8Q,A,VI-D,ternary,9,10,K,3.0,K,10.0,,LYS,True,251,252,four_layer_exact,high,0.956043956043956,0.9929146062440032,0.0421309468454774,0.0439560439560439,K,K,matches_consensus,True,False,,0.0,buried_core,True,False,True,False,2.786253289549206,True,True,unassigned_manual_review,,not_annotated_no_domain_boundaries,,True,False
9M8Q,A,VI-D,ternary,10,11,G,4.0,G,11.0,,GLY,True,252,253,four_layer_exact,high,0.9615384615384616,0.6552583363869549,1.3528717150717957,0.0384615384615384,A,A;R,differs_from_consensus,True,True,scaffold_differs_from_msa_consensus,0.40458783494380124,surface,True,False,True,False,3.545799444154506,True,False,unassigned_manual_review,,not_annotated_no_domain_boundaries,,True,False
9M8Q,A,VI-D,ternary,11,12,M,5.0,M,12.0,,MET,True,253,254,four_layer_exact,high,0.967032967032967,0.4271159304271887,1.7182799322688695,0.0329670329670329,A,A;I;L;M;S;V,differs_from_consensus,True,True,scaffold_differs_from_msa_consensus,0.08261176921774771,buried_core,False,True,False,False,5.711971318563206,True,True,unassigned_manual_review,,not_annotated_no_domain_boundaries,,True,False
9M8Q,A,VI-D,ternary,12,13,G,6.0,G,13.0,,GLY,True,254,255,four_layer_exact,high,0.967032967032967,0.9860272178152972,0.0832326775644997,0.0329670329670329,G,G,matches_consensus,True,False,,0.09289447815691664,buried_core,False,True,False,False,6.525358973558975,True,True,unassigned_manual_review,,not_annotated_no_domain_boundaries,,True,False
9M8Q,A,VI-D,ternary,13,14,V,7.0,V,14.0,,VAL,True,255,256,four_layer_exact,high,0.967032967032967,0.5763772651189869,1.08187629296816,0.0329670329670329,L,I;L;V,differs_from_consensus,True,True,scaffold_differs_from_msa_consensus,0.06940392046206416,buried_core,False,True,False,False,5.289295575663845,True,True,unassigned_manual_review,,not_annotated_no_domain_boundaries,,True,False
9M8Q,A,VI-D,ternary,14,15,K,8.0,K,15.0,,LYS,True,256,257,four_layer_exact,high,0.967032967032967,0.979040826722946,0.1247749378664701,0.0329670329670329,K,K,matches_consensus,True,False,,0.039003671504313955,buried_core,True,False,True,False,2.9782525339367214,True,True,unassigned_manual_review,,not_annotated_no_domain_boundaries,,True,False
9M8Q,A,VI-D,ternary,15,16,S,9.0,S,16.0,,SER,True,257,258,four_layer_exact,high,0.967032967032967,0.9091769157994324,0.4581478074836201,0.0329670329670329,S,S,matches_consensus,True,False,,0.0449898768534523,buried_core,True,False,True,False,4.428161298452616,True,True,unassigned_manual_review,,not_annotated_no_domain_boundaries,,True,False
9M8Q,A,VI-D,ternary,16,17,T,10.0,T,17.0,,THR,True,258,259,four_layer_exact,high,0.967032967032967,0.3947310967178516,1.6992246664650792,0.0329670329670329,T,A;I;T;V,matches_consensus,True,False,,0.2124187142121796,surface,True,False,True,False,4.622423218198398,True,False,unassigned_manual_review,,not_annotated_no_domain_boundaries,,True,False
9M8Q,A,VI-D,ternary,17,18,L,11.0,L,18.0,,LEU,True,259,260,four_layer_exact,high,0.967032967032967,0.5062950294738373,1.2498110704586254,0.0329670329670329,F,F;I;L,differs_from_consensus,True,True,scaffold_differs_from_msa_consensus,0.024032402309252066,buried_core,False,True,False,False,6.792027353892277,True,True,unassigned_manual_review,,not_annotated_no_domain_boundaries,,True,False
9M8Q,A,VI-D,ternary,18,19,V,12.0,V,19.0,,VAL,True,260,261,four_layer_exact,high,0.9725274725274724,0.3272385632723856,2.1121187202881275,0.0274725274725274,V,A;I;S;V,matches_consensus,True,False,,0.012315620966238165,buried_core,False,True,False,False,7.435489900608751,True,True,unassigned_manual_review,,not_annotated_no_domain_boundaries,,True,False
9M8Q,A,VI-D,ternary,19,20,S,13.0,S,20.0,,SER,True,261,262,four_layer_exact,high,0.9725274725274724,0.2009828720098287,2.366567536764244,0.0274725274725274,V,F;H;I;L;V;Y,differs_from_consensus,True,True,scaffold_differs_from_msa_consensus,0.11060222183873243,buried_core,False,False,False,False,10.832103295740936,True,True,unassigned_manual_review,,not_annotated_no_domain_boundaries,,True,False
9M8Q,A,VI-D,ternary,20,21,G,14.0,G,21.0,,GLY,True,262,263,four_layer_exact,high,0.9725274725274724,0.3304184433041844,1.801106335966163,0.0274725274725274,G,D;G;N;S,matches_consensus,True,False,,0.4708876438137003,surface,False,False,False,False,12.845789161782681,True,False,unassigned_manual_review,,not_annotated_no_domain_boundaries,,True,False
9M8Q,A,VI-D,ternary,21,22,S,15.0,S,22.0,,SER,True,267,268,four_layer_exact,high,0.9395604395604396,0.4560742025488273,1.6173802814414795,0.0604395604395604,D,D;E;G;K;N,differs_from_consensus,True,True,scaffold_differs_from_msa_consensus,0.4600726643306258,surface,False,False,False,False,14.813450991211035,True,False,unassigned_manual_review,,not_annotated_no_domain_boundaries,,True,False
9M8Q,A,VI-D,ternary,22,23,K,16.0,K,23.0,,LYS,True,274,275,four_layer_exact,high,0.956043956043956,0.3200236179791866,2.0036331809104624,0.0439560439560439,K,D;E;K;N;R;S;T,matches_consensus,True,False,,0.3388660279228041,surface,False,False,False,False,11.881423316258543,True,False,unassigned_manual_review,,not_annotated_no_domain_boundaries,,True,False
9M8Q,A,VI-D,ternary,23,24,V,17.0,V,24.0,,VAL,True,280,281,four_layer_exact,high,0.9725274725274724,0.3989304039893039,1.648984130767411,0.0274725274725274,L,I;L;V,differs_from_consensus,True,True,scaffold_differs_from_msa_consensus,0.013880784092412831,buried_core,False,False,False,False,9.782720584132274,True,True,unassigned_manual_review,,not_annotated_no_domain_boundaries,,True,False
9M8Q,A,VI-D,ternary,24,25,Y,18.0,Y,25.0,,TYR,True,281,282,four_layer_exact,high,0.9725274725274724,0.2671099226710992,1.7819001293843486,0.0274725274725274,L,A;I;L;V;Y,differs_from_consensus,True,True,scaffold_differs_from_msa_consensus,0.08762477670428102,buried_core,False,False,False,False,9.446022324608865,True,True,unassigned_manual_review,,not_annotated_no_domain_boundaries,,True,False
9M8Q,A,VI-D,ternary,25,26,M,19.0,M,26.0,,MET,True,282,283,four_layer_exact,high,0.967032967032967,0.4294447274579724,1.4811518958896204,0.0329670329670329,M,I;L;M;V,matches_consensus,True,False,,0.016173592179106022,buried_core,False,False,False,False,9.867547345181505,True,True,unassigned_manual_review,,not_annotated_no_domain_boundaries,,True,False
9M8Q,A,VI-D,ternary,26,27,T,20.0,T,27.0,,THR,True,284,285,four_layer_exact,high,0.978021978021978,0.8621976602311059,0.6059760468456942,0.021978021978022,T,S;T,matches_consensus,True,False,,0.051418666142186945,buried_core,False,True,False,False,7.129894561275249,True,True,unassigned_manual_review,,not_annotated_no_domain_boundaries,,True,False
9M8Q,A,VI-D,ternary,27,28,T,21.0,T,28.0,,THR,True,292,293,four_layer_exact,high,0.978021978021978,0.7381755544391013,0.9947325851226966,0.021978021978022,S,A;S;T,differs_from_consensus,True,True,scaffold_differs_from_msa_consensus,0.04518925321158974,buried_core,False,False,False,False,8.929764573365171,True,True,unassigned_manual_review,,not_annotated_no_domain_boundaries,,True,False
9M8Q,A,VI-D,ternary,28,29,F,22.0,F,29.0,,PHE,True,293,294,four_layer_exact,high,0.978021978021978,0.8966482451733295,0.5286431443832109,0.021978021978022,F,F,matches_consensus,True,False,,0.2783756872765506,surface,True,False,True,False,3.161623135348806,True,False,unassigned_manual_review,,not_annotated_no_domain_boundaries,,True,False
9M8Q,A,VI-D,ternary,29,30,A,23.0,A,30.0,,ALA,True,312,313,four_layer_exact,high,0.9505494505494504,0.7930573106370326,0.922177043381254,0.0494505494505495,G,G,differs_from_consensus,True,True,scaffold_differs_from_msa_consensus,0.21095254022677865,surface,False,True,False,False,6.063764781114371,True,False,unassigned_manual_review,,not_annotated_no_domain_boundaries,,True,False
9M8Q,A,VI-D,ternary,30,31,E,24.0,E,31.0,,GLU,True,313,314,four_layer_exact,high,0.956043956043956,0.4865303712451103,1.5400904170215637,0.0439560439560439,K,K;N;R,differs_from_consensus,True,True,scaffold_differs_from_msa_consensus,0.5909199974437465,surface,False,True,False,False,5.8042996665043844,True,False,unassigned_manual_review,,not_annotated_no_domain_boundaries,,True,False
9M8Q,A,VI-D,ternary,31,32,G,25.0,G,32.0,,GLY,True,314,315,four_layer_exact,high,0.9615384615384616,0.7467204104067423,1.0872364902092786,0.0384615384615384,G,G;K,matches_consensus,True,False,,0.2940592347308252,surface,True,False,False,True,4.156423633757457,True,False,unassigned_manual_review,,not_annotated_no_domain_boundaries,,True,False
9M8Q,A,VI-D,ternary,32,33,S,26.0,S,33.0,,SER,True,315,316,four_layer_exact,high,0.967032967032967,0.6646532275671349,1.440195898959805,0.0329670329670329,N,N;S,differs_from_consensus,True,True,scaffold_differs_from_msa_consensus,0.2834352188671003,surface,True,False,True,False,4.802809570245911,True,False,unassigned_manual_review,,not_annotated_no_domain_boundaries,,True,False
9M8Q,A,VI-D,ternary,33,34,D,27.0,D,34.0,,ASP,True,316,317,four_layer_exact,high,0.9725274725274724,0.2356724723567247,2.099879356735846,0.0274725274725274,D,A;D;E;K;N;S;T,matches_consensus,True,False,,0.1992448196167647,buried_core,False,True,False,False,6.658967790848999,True,True,unassigned_manual_review,,not_annotated_no_domain_boundaries,,True,False
9M8Q,A,VI-D,ternary,34,35,A,28.0,A,35.0,,ALA,True,317,318,four_layer_exact,high,0.9725274725274724,0.7294211172942111,1.10516738090373,0.0274725274725274,A,A;S,matches_consensus,True,False,,0.20887421838912476,surface,False,True,False,False,6.483723904286761,True,False,unassigned_manual_review,,not_annotated_no_domain_boundaries,,True,False
9M8Q,A,VI-D,ternary,35,36,R,29.0,R,36.0,,ARG,True,318,319,four_layer_exact,high,0.9725274725274724,0.3270217532702175,2.237269038976929,0.0274725274725274,V,A;E;I;K;L;N;V,differs_from_consensus,True,True,scaffold_differs_from_msa_consensus,0.39946153187057554,surface,False,False,False,False,9.317668790437843,True,False,unassigned_manual_review,,not_annotated_no_domain_boundaries,,True,False
9M8Q,A,VI-D,ternary,36,37,L,30.0,L,37.0,,LEU,True,319,320,four_layer_exact,high,0.978021978021978,0.3557740615804205,1.9760526724519545,0.021978021978022,L,I;L;N;P;V,matches_consensus,True,False,,0.23104291438384983,surface,False,False,False,False,11.67156561361724,True,False,unassigned_manual_review,,not_annotated_no_domain_boundaries,,True,False
9M8Q,A,VI-D,ternary,37,38,E,31.0,E,38.0,,GLU,True,320,321,four_layer_exact,high,0.978021978021978,0.655494150577765,1.3890713160628303,0.021978021978022,E,A;E;I;V,matches_consensus,True,False,,0.08412322949316157,buried_core,False,False,False,False,11.658896661471308,True,True,unassigned_manual_review,,not_annotated_no_domain_boundaries,,True,False
9M8Q,A,VI-D,ternary,38,39,K,32.0,K,39.0,,LYS,True,321,322,four_layer_exact,high,0.978021978021978,0.5133137156391301,1.8214920525862968,0.021978021978022,K,E;K;Q,matches_consensus,True,False,,0.04972102847636964,buried_core,False,False,False,False,13.446734279871697,True,True,unassigned_manual_review,,not_annotated_no_domain_boundaries,,True,False
9M8Q,A,VI-D,ternary,39,40,I,33.0,I,40.0,,ILE,True,322,323,four_layer_exact,high,0.967032967032967,0.3421148388035804,2.1951504323846187,0.0329670329670329,K,E;I;K;R,differs_from_consensus,True,True,scaffold_differs_from_msa_consensus,0.12260184934415394,buried_core,False,False,False,False,15.976344559356221,True,True,unassigned_manual_review,,not_annotated_no_domain_boundaries,,True,False
9M8Q,A,VI-D,ternary,40,41,V,34.0,V,41.0,,VAL,True,323,324,four_layer_exact,high,0.967032967032967,0.5551997671202968,1.5401403075624502,0.0329670329670329,I,I;V,differs_from_consensus,True,True,scaffold_differs_from_msa_consensus,0.06940392046206416,buried_core,False,False,False,False,13.406575026101507,True,True,unassigned_manual_review,,not_annotated_no_domain_boundaries,,True,False
9M8Q,A,VI-D,ternary,41,42,E,35.0,E,42.0,,GLU,True,326,327,four_layer_exact,high,0.956043956043956,0.1553283812605721,2.5513462977121204,0.0439560439560439,T,A;D;E;I;K;S;T;V,differs_from_consensus,True,True,scaffold_differs_from_msa_consensus,0.3317684134331491,surface,False,False,False,False,16.714981475373772,True,False,unassigned_manual_review,,not_annotated_no_domain_boundaries,,True,False
9M8Q,A,VI-D,ternary,42,43,G,36.0,G,43.0,,GLY,True,327,328,four_layer_exact,high,0.934065934065934,0.2322712480133202,2.352801991003843,0.0659340659340659,D,A;D;G;K;N;S;T,differs_from_consensus,True,True,scaffold_differs_from_msa_consensus,0.5302641074580074,surface,False,False,False,False,15.668821473605925,True,False,unassigned_manual_review,,not_annotated_no_domain_boundaries,,True,False
9M8Q,A,VI-D,ternary,43,44,D,37.0,D,44.0,,ASP,True,328,329,four_layer_exact,high,0.934065934065934,0.1598425792779838,2.5857038994526658,0.0659340659340659,D,A;D;E;G;L;N;R;S,matches_consensus,True,False,,0.6158974221390431,surface,False,False,False,False,14.871671354261307,True,False,unassigned_manual_review,,not_annotated_no_domain_boundaries,,True,False
9M8Q,A,VI-D,ternary,44,45,S,38.0,S,45.0,,SER,True,329,330,four_layer_exact,high,0.9285714285714286,0.1756499199512083,2.452276521386664,0.0714285714285714,E,D;E;G;K;N;S,differs_from_consensus,True,True,scaffold_differs_from_msa_consensus,0.22155078906626835,surface,False,False,False,False,17.61363375092781,True,False,unassigned_manual_review,,not_annotated_no_domain_boundaries,,True,False
9M8Q,A,VI-D,ternary,45,46,I,39.0,I,46.0,,ILE,True,338,339,four_layer_exact,high,0.8791208791208791,0.3775501843506759,1.7146131749936964,0.1208791208791209,I,I;L;V,matches_consensus,True,False,,0.5102660902683026,surface,False,False,False,False,16.504174706314913,True,False,unassigned_manual_review,,not_annotated_no_domain_boundaries,,True,False
9M8Q,A,VI-D,ternary,46,47,R,40.0,R,47.0,,ARG,True,339,340,four_layer_exact,high,0.8791208791208791,0.2593199508398197,2.3614232965510986,0.1208791208791209,E,D;E;K;S;T,differs_from_consensus,True,True,scaffold_differs_from_msa_consensus,0.39324026116313815,surface,False,False,False,False,19.282580064209036,True,False,unassigned_manual_review,,not_annotated_no_domain_boundaries,,True,False
9M8Q,A,VI-D,ternary,47,48,S,41.0,S,48.0,,SER,True,340,341,four_layer_exact,high,0.8736263736263736,0.1902716987364769,2.263293370502574,0.1263736263736263,D,D;E;K;N;P;S;T,differs_from_consensus,True,True,scaffold_differs_from_msa_consensus,0.31809683624929025,surface,False,False,False,False,18.225284469746352,True,False,unassigned_manual_review,,not_annotated_no_domain_boundaries,,True,False
9M8Q,A,VI-D,ternary,48,49,V,42.0,V,49.0,,VAL,True,342,343,four_layer_exact,high,0.0604395604395604,0.3636363636363636,1.8937882323911377,0.9395604395604396,R,A;C;D;K;R;T;V;Y,differs_from_consensus,False,True,scaffold_differs_from_msa_consensus,0.489431824985147,surface,False,False,False,False,17.135409215845343,True,False,unassigned_manual_review,,not_annotated_no_domain_boundaries,,False,False
9M8Q,A,VI-D,ternary,49,50,N,43.0,N,50.0,,ASN,True,344,345,four_layer_exact,high,0.6538461538461539,0.4446689646974919,1.8699781879628343,0.3461538461538461,N,A;D;N;Q;S,matches_consensus,False,False,,0.23453384348400633,surface,False,False,False,False,15.070778373727945,True,False,unassigned_manual_review,,not_annotated_no_domain_boundaries,,False,False
9M8Q,A,VI-D,ternary,50,51,E,44.0,E,51.0,,GLU,True,345,346,four_layer_exact,high,0.6153846153846154,0.1984239762304611,2.338934870193349,0.3846153846153846,E,D;E;K;N;T,matches_consensus,False,False,,0.8318862962807965,surface,False,False,False,False,15.344769739768154,True,False,unassigned_manual_review,,not_annotated_no_domain_boundaries,,False,False
9M8Q,A,VI-D,ternary,51,52,G,45.0,G,52.0,,GLY,True,346,347,four_layer_exact,high,0.6043956043956044,0.2073122267850046,2.2895738690462952,0.3956043956043956,D,A;D;E;G;K;N;P;S;T,differs_from_consensus,False,True,scaffold_differs_from_msa_consensus,0.5429724538942114,surface,False,False,False,False,13.050479856779766,True,False,unassigned_manual_review,,not_annotated_no_domain_boundaries,,False,False
9M8Q,A,VI-D,ternary,52,53,E,46.0,E,53.0,,GLU,True,347,348,four_layer_exact,high,0.1483516483516483,0.1948051948051948,2.3613105595949357,0.8516483516483516,S,E;K;Q;R;S;V,differs_from_consensus,False,True,scaffold_differs_from_msa_consensus,0.5105516896524558,surface,False,False,False,False,12.012903561699353,True,False,unassigned_manual_review,,not_annotated_no_domain_boundaries,,False,False
9M8Q,A,VI-D,ternary,53,54,A,47.0,A,54.0,,ALA,True,367,368,four_layer_exact,high,0.967032967032967,0.216359799141256,2.4837791654927117,0.0329670329670329,A,A;K;M;N;Q;S;T,matches_consensus,True,False,,0.4006687908388215,surface,False,False,False,False,10.968089101101244,True,False,unassigned_manual_review,,not_annotated_no_domain_boundaries,,True,False
9M8Q,A,VI-D,ternary,54,55,F,48.0,F,55.0,,PHE,True,368,369,four_layer_exact,high,0.967032967032967,0.6322683938577978,1.1105960048903276,0.0329670329670329,F,F;I;L;Y,matches_consensus,True,False,,0.041314456668828645,buried_core,False,False,False,False,10.09617711015649,True,True,unassigned_manual_review,,not_annotated_no_domain_boundaries,,True,False
9M8Q,A,VI-D,ternary,55,56,S,49.0,S,56.0,,SER,True,376,377,four_layer_exact,high,0.0549450549450549,0.2,2.025326220770068,0.945054945054945,K,D;E;K;N;P;R;S;V,differs_from_consensus,False,True,scaffold_differs_from_msa_consensus,0.2552354724748903,surface,False,False,False,False,12.176821157535963,True,False,unassigned_manual_review,,not_annotated_no_domain_boundaries,,False,False
9M8Q,A,VI-D,ternary,56,57,A,50.0,A,57.0,,ALA,True,377,378,four_layer_exact,high,0.0604395604395604,0.2727272727272727,1.7201934592198251,0.9395604395604396,K,A;I;K;L;S;T,differs_from_consensus,False,True,scaffold_differs_from_msa_consensus,0.15546996827614334,buried_core,False,False,False,False,11.296010597776062,True,True,unassigned_manual_review,,not_annotated_no_domain_boundaries,,False,False
9M8Q,A,VI-D,ternary,57,58,E,51.0,E,58.0,,GLU,True,378,379,four_layer_exact,high,0.956043956043956,0.1948483282899106,2.2062077956123254,0.0439560439560439,S,D;E;K;N;R;S;T,differs_from_consensus,True,True,scaffold_differs_from_msa_consensus,0.42244802000361764,surface,False,False,False,False,11.010135175483569,True,False,unassigned_manual_review,,not_annotated_no_domain_boundaries,,True,False
9M8Q,A,VI-D,ternary,58,59,M,52.0,M,59.0,,MET,True,379,380,four_layer_exact,high,0.9505494505494504,0.3746376272950271,1.7433444770914472,0.0494505494505495,V,A;I;L;V,differs_from_consensus,True,True,scaffold_differs_from_msa_consensus,0.3041262526205274,surface,False,False,False,False,10.938093388056135,True,False,unassigned_manual_review,,not_annotated_no_domain_boundaries,,True,False
9M8Q,A,VI-D,ternary,59,60,A,53.0,A,60.0,,ALA,True,380,381,four_layer_exact,high,0.8736263736263736,0.1625237426707407,2.475165409379496,0.1263736263736263,T,A;D;E;K;N;S;T;V,differs_from_consensus,True,True,scaffold_differs_from_msa_consensus,0.21095254022677862,surface,False,True,False,False,7.819371404260101,True,False,unassigned_manual_review,,not_annotated_no_domain_boundaries,,True,False
9M8Q,A,VI-D,ternary,60,61,D,54.0,D,61.0,,ASP,True,381,382,four_layer_exact,high,0.8626373626373627,0.1127800620961651,2.6742483123405223,0.1373626373626373,K,A;D;E;I;K;L;N;P;S,differs_from_consensus,True,True,scaffold_differs_from_msa_consensus,0.46939528775895817,surface,True,False,True,False,2.8428247448216903,True,False,unassigned_manual_review,,not_annotated_no_domain_boundaries,,True,False
9M8Q,A,VI-D,ternary,61,62,K,55.0,K,62.0,,LYS,True,382,383,four_layer_exact,high,0.3461538461538461,0.1951219512195122,2.4119813689627168,0.6538461538461539,K,A;D;E;G;K;N;Q;S,matches_consensus,False,False,,0.5256010705635199,surface,True,False,True,False,3.658788196644512,True,False,unassigned_manual_review,,not_annotated_no_domain_boundaries,,False,False
9M8Q,A,VI-D,ternary,62,63,N,56.0,N,63.0,,ASN,True,383,384,four_layer_exact,high,0.3351648351648351,0.1680672268907563,2.402561746241019,0.6648351648351649,E,D;E;G;K;N;P;R;S;T,differs_from_consensus,False,True,scaffold_differs_from_msa_consensus,0.3816461532068174,surface,False,True,False,False,7.560967373263141,True,False,unassigned_manual_review,,not_annotated_no_domain_boundaries,,False,False
9M8Q,A,VI-D,ternary,63,64,A,57.0,A,64.0,,ALA,True,384,385,four_layer_exact,high,0.0494505494505494,0.3333333333333333,1.6769877743224173,0.9505494505494504,A,A;E;H;I;N;S,matches_consensus,False,False,,0.05194645370799003,buried_core,True,False,True,False,4.100129556805779,True,True,unassigned_manual_review,,not_annotated_no_domain_boundaries,,False,False
9M8Q,A,VI-D,ternary,64,65,G,58.0,G,65.0,,GLY,True,385,386,four_layer_exact,high,0.0439560439560439,0.25,1.7328679513998633,0.956043956043956,A,A;C;G;P;Q;T,differs_from_consensus,False,True,scaffold_differs_from_msa_consensus,0.01051527310302507,buried_core,False,True,False,False,6.2152934243695785,True,True,unassigned_manual_review,,not_annotated_no_domain_boundaries,,False,False
9M8Q,A,VI-D,ternary,65,66,Y,59.0,Y,66.0,,TYR,True,428,429,four_layer_exact,high,0.0219780219780219,0.5,1.039720770839918,0.978021978021978,G,C;G;Y,differs_from_consensus,False,True,scaffold_differs_from_msa_consensus,0.04029017323347854,buried_core,False,True,False,False,6.560267409077317,True,True,unassigned_manual_review,,not_annotated_no_domain_boundaries,,False,False
9M8Q,A,VI-D,ternary,66,67,K,60.0,K,67.0,,LYS,True,434,435,four_layer_exact,high,0.2197802197802197,0.25,2.1927438540629898,0.7802197802197802,D,D;E;G;K;P;S,differs_from_consensus,False,True,scaffold_differs_from_msa_consensus,0.3456346691659631,surface,False,True,False,False,7.825712524568285,True,False,unassigned_manual_review,,not_annotated_no_domain_boundaries,,False,False
9M8Q,A,VI-D,ternary,67,68,I,61.0,I,68.0,,ILE,True,435,436,four_layer_exact,high,0.6703296703296703,0.4262728422020457,1.69204780475337,0.3296703296703297,V,A;I;T;V,differs_from_consensus,False,True,scaffold_differs_from_msa_consensus,0.038072148063142346,buried_core,False,True,False,False,6.496249642433631,True,True,unassigned_manual_review,,not_annotated_no_domain_boundaries,,False,False
9M8Q,A,VI-D,ternary,68,69,G,62.0,G,69.0,,GLY,True,436,437,four_layer_exact,high,0.6758241758241759,0.2982835057405933,1.9894706485431208,0.3241758241758241,D,D;E;G;N;S;T,differs_from_consensus,False,True,scaffold_differs_from_msa_consensus,0.1846924196472438,buried_core,False,False,False,False,10.341313444977065,True,True,unassigned_manual_review,,not_annotated_no_domain_boundaries,,False,False
9M8Q,A,VI-D,ternary,69,70,N,63.0,N,70.0,,ASN,True,437,438,four_layer_exact,high,0.6703296703296703,0.2206642914607516,2.1459339161154576,0.3296703296703297,E,A;D;E;K;N;P;R;S;T,differs_from_consensus,False,True,scaffold_differs_from_msa_consensus,0.7254884103725115,surface,False,False,False,False,10.7634044537033,True,False,unassigned_manual_review,,not_annotated_no_domain_boundaries,,False,False
9M8Q,A,VI-D,ternary,70,71,A,64.0,A,71.0,,ALA,True,439,440,four_layer_exact,high,0.945054945054945,0.3126450550273265,2.3974674163023746,0.0549450549450549,K,D;E;K;N;S;T,differs_from_consensus,True,True,scaffold_differs_from_msa_consensus,0.24577911612662962,surface,False,True,False,False,7.536718936597229,True,False,unassigned_manual_review,,not_annotated_no_domain_boundaries,,True,False
9M8Q,A,VI-D,ternary,71,72,K,65.0,K,72.0,,LYS,True,442,443,four_layer_exact,high,0.8901098901098901,0.2826490279906428,2.294952448916504,0.1098901098901099,K,D;E;G;K;N;Q;R;S;T,matches_consensus,True,False,,0.41384769772202634,surface,True,False,False,True,2.306407869042263,True,False,unassigned_manual_review,,not_annotated_no_domain_boundaries,,True,False
9M8Q,A,VI-D,ternary,72,73,F,66.0,F,73.0,,PHE,True,447,448,four_layer_exact,high,0.967032967032967,0.3330179754020813,1.6210769632639537,0.0329670329670329,I,F;I;L;V;Y,differs_from_consensus,True,True,scaffold_differs_from_msa_consensus,0.1755450765392495,buried_core,True,False,True,True,4.16413623706534,True,True,unassigned_manual_review,,not_annotated_no_domain_boundaries,,True,False
9M8Q,A,VI-D,ternary,73,74,S,67.0,S,74.0,,SER,True,448,449,four_layer_exact,high,0.956043956043956,0.1485718503210568,2.639177815806229,0.0439560439560439,S,D;E;K;N;R;S;T,matches_consensus,True,False,,0.5847583825469852,surface,False,True,False,False,6.858881806191721,True,False,unassigned_manual_review,,not_annotated_no_domain_boundaries,,True,False
9M8Q,A,VI-D,ternary,74,75,H,68.0,H,75.0,,HIS,True,453,454,four_layer_exact,high,0.0329670329670329,0.3636363636363636,1.5157079520857129,0.967032967032967,H,A;H;K;N;Y,matches_consensus,False,False,,0.10459063192160599,buried_core,True,False,True,False,3.161893309957209,True,True,unassigned_manual_review,,not_annotated_no_domain_boundaries,,False,False
9M8Q,A,VI-D,ternary,75,76,P,69.0,P,76.0,,PRO,True,454,455,four_layer_exact,high,0.1483516483516483,0.1886792452830188,2.1228796777564374,0.8516483516483516,S,E;K;P;Q;R;S,differs_from_consensus,False,True,scaffold_differs_from_msa_consensus,0.6080179146424599,surface,False,True,False,False,6.6407135522071234,True,False,unassigned_manual_review,,not_annotated_no_domain_boundaries,,False,False
9M8Q,A,VI-D,ternary,76,77,K,70.0,K,77.0,,LYS,True,455,456,four_layer_exact,high,0.912087912087912,0.2311097305272967,2.379220273785973,0.0879120879120879,K,E;K;Q;R;S;T,matches_consensus,True,False,,0.5728482279435203,surface,False,True,False,False,5.287930008134954,True,False,unassigned_manual_review,,not_annotated_no_domain_boundaries,,True,False
9M8Q,A,VI-D,ternary,77,78,G,71.0,G,78.0,,GLY,True,456,457,four_layer_exact,high,0.8956043956043956,0.430614028119787,1.5459415884889187,0.1043956043956043,G,G;K;N;S,matches_consensus,True,False,,0.5945175312055526,surface,False,True,False,False,7.452900180541058,True,False,unassigned_manual_review,,not_annotated_no_domain_boundaries,,True,False
9M8Q,A,VI-D,ternary,78,79,Y,72.0,Y,79.0,,TYR,True,486,487,four_layer_exact,high,0.4505494505494505,0.2137219186399514,2.4081697528469217,0.5494505494505495,I,I;K;L;M;N;R;T,differs_from_consensus,False,True,scaffold_differs_from_msa_consensus,0.34100198860878767,surface,True,False,True,False,3.5718279022437573,True,False,unassigned_manual_review,,not_annotated_no_domain_boundaries,,False,False
9M8Q,A,VI-D,ternary,79,80,A,73.0,A,80.0,,ALA,True,487,488,four_layer_exact,high,0.7307692307692307,0.1675392670157068,2.4884698344207945,0.2692307692307693,E,D;E;K;N;S;T,differs_from_consensus,False,True,scaffold_differs_from_msa_consensus,0.45272765998626097,surface,True,False,True,False,4.483251066430177,True,False,unassigned_manual_review,,not_annotated_no_domain_boundaries,,False,False
9M8Q,A,VI-D,ternary,80,81,V,74.0,V,81.0,,VAL,True,488,489,four_layer_exact,high,0.934065934065934,0.3862514242309152,1.913103214710852,0.0659340659340659,A,A;G;I;L;T;V,differs_from_consensus,True,True,scaffold_differs_from_msa_consensus,0.034046559005024554,buried_core,True,False,True,False,3.9483018602472857,True,True,unassigned_manual_review,,not_annotated_no_domain_boundaries,,True,False
9M8Q,A,VI-D,ternary,81,82,V,75.0,V,82.0,,VAL,True,489,490,four_layer_exact,high,0.9395604395604396,0.2388960108589095,2.380030213672298,0.0604395604395604,T,E;I;L;N;S;T;V,differs_from_consensus,True,True,scaffold_differs_from_msa_consensus,0.2552293425834627,surface,True,False,True,False,2.550419897807817,True,False,unassigned_manual_review,,not_annotated_no_domain_boundaries,,True,False
9M8Q,A,VI-D,ternary,82,83,A,76.0,A,83.0,,ALA,True,490,491,four_layer_exact,high,0.9395604395604396,0.2316567378025789,2.22493623529721,0.0604395604395604,A,A;I;L;P;S;T;V,matches_consensus,True,False,,0.08425313135162207,buried_core,True,False,True,False,4.1842214647036275,True,True,unassigned_manual_review,,not_annotated_no_domain_boundaries,,True,False
9M8Q,A,VI-D,ternary,83,84,N,77.0,N,84.0,,ASN,True,491,492,four_layer_exact,high,0.945054945054945,0.4274163360035936,2.0799929411783484,0.0549450549450549,D,A;D;E;N;S,differs_from_consensus,True,True,scaffold_differs_from_msa_consensus,0.162797589080728,buried_core,True,False,True,False,3.068008801020058,True,True,unassigned_manual_review,,not_annotated_no_domain_boundaries,,True,False
9M8Q,A,VI-D,ternary,84,85,N,78.0,N,85.0,,ASN,True,492,493,four_layer_exact,high,0.956043956043956,0.7520112185401135,0.9764390571959576,0.0439560439560439,N,D;K;N,matches_consensus,True,False,,0.15566627042146852,buried_core,False,True,False,False,6.514135716199938,True,True,unassigned_manual_review,,not_annotated_no_domain_boundaries,,True,False
9M8Q,A,VI-D,ternary,85,86,P,79.0,P,86.0,,PRO,True,493,494,four_layer_exact,high,0.9615384615384616,0.9085379259802124,0.4819831182000113,0.0384615384615384,P,P,matches_consensus,True,False,,0.16869348820803587,buried_core,False,True,False,False,6.163204156838178,True,True,unassigned_manual_review,,not_annotated_no_domain_boundaries,,True,False
9M8Q,A,VI-D,ternary,86,87,L,80.0,L,87.0,,LEU,True,494,495,four_layer_exact,high,0.8681318681318682,0.363356363939066,2.2344235712832656,0.1318681318681318,L,A;I;L;S;T;V,matches_consensus,True,False,,0.3575981451292363,surface,False,False,False,False,9.185984415093657,True,False,unassigned_manual_review,,not_annotated_no_domain_boundaries,,True,False
9M8Q,A,VI-D,ternary,87,88,Y,81.0,Y,88.0,,TYR,True,496,497,four_layer_exact,high,0.532967032967033,0.5281701317251231,1.3384381343531648,0.467032967032967,H,H;Y,differs_from_consensus,False,True,scaffold_differs_from_msa_consensus,0.3221853059305291,surface,True,False,True,False,3.4531160403112215,True,False,unassigned_manual_review,,not_annotated_no_domain_boundaries,,False,False
9M8Q,A,VI-D,ternary,88,89,T,82.0,T,89.0,,THR,True,497,498,four_layer_exact,high,0.5164835164835165,0.2394811242308331,2.444638560920194,0.4835164835164834,S,A;G;H;I;N;R;S;V,differs_from_consensus,False,True,scaffold_differs_from_msa_consensus,0.6915300781390732,surface,True,False,True,False,4.672742168945762,True,False,unassigned_manual_review,,not_annotated_no_domain_boundaries,,False,False
9M8Q,A,VI-D,ternary,89,90,G,83.0,G,90.0,,GLY,True,498,499,four_layer_exact,high,0.4285714285714285,0.2358722358722358,2.3180795406466093,0.5714285714285714,G,G;K;R;S;T,matches_consensus,False,False,,0.24760390000975943,surface,False,False,False,False,8.934097806022125,True,False,unassigned_manual_review,,not_annotated_no_domain_boundaries,,False,False
9M8Q,A,VI-D,ternary,90,91,P,84.0,P,91.0,,PRO,True,499,500,four_layer_exact,high,0.0824175824175824,0.1333333333333333,2.1535324566542537,0.9175824175824177,D,A;D;E;G;K;L;P;Q;S,differs_from_consensus,False,True,scaffold_differs_from_msa_consensus,0.671685945079664,surface,False,False,False,False,8.78041170704216,True,False,unassigned_manual_review,,not_annotated_no_domain_boundaries,,False,False
9M8Q,A,VI-D,ternary,91,92,V,85.0,V,92.0,,VAL,True,536,537,four_layer_exact,high,0.8901098901098901,0.2759538598047914,2.354539732809702,0.1098901098901099,V,A;I;L;P;S;T;V,matches_consensus,True,False,,0.1140737569700724,buried_core,False,True,False,False,6.559829760140716,True,True,unassigned_manual_review,,not_annotated_no_domain_boundaries,,True,False
9M8Q,A,VI-D,ternary,92,93,Q,86.0,Q,93.0,,GLN,True,537,538,four_layer_exact,high,0.8791208791208791,0.6017206063088898,1.5229936692232289,0.1208791208791209,G,G;N;P;R,differs_from_consensus,True,True,scaffold_differs_from_msa_consensus,0.34675961421318263,surface,True,False,True,False,2.869386906837259,True,False,unassigned_manual_review,,not_annotated_no_domain_boundaries,,True,False
9M8Q,A,VI-D,ternary,93,94,Q,87.0,Q,94.0,,GLN,True,538,539,four_layer_exact,high,0.8846153846153846,0.1482806275912527,2.433867761775832,0.1153846153846154,Q,A;D;E;K;M;Q;R;S;T,matches_consensus,True,False,,0.4357936345782468,surface,True,False,True,False,4.734858696576767,True,False,unassigned_manual_review,,not_annotated_no_domain_boundaries,,True,False
9M8Q,A,VI-D,ternary,94,95,D,88.0,D,95.0,,ASP,True,554,555,four_layer_exact,high,0.9725274725274724,0.9028691190286912,0.4903819545334799,0.0274725274725274,D,D,matches_consensus,True,False,,0.10618596191279214,buried_core,True,False,True,False,2.736360086708579,True,True,unassigned_manual_review,,not_annotated_no_domain_boundaries,,True,False
9M8Q,A,VI-D,ternary,95,96,M,89.0,M,96.0,,MET,True,555,556,four_layer_exact,high,0.9725274725274724,0.2636409626364095,2.1080298549867944,0.0274725274725274,Y,I;K;L;M;Q;Y,differs_from_consensus,True,True,scaffold_differs_from_msa_consensus,0.1646623153478791,buried_core,True,False,True,False,3.156868832968694,True,True,unassigned_manual_review,,not_annotated_no_domain_boundaries,,True,False
9M8Q,A,VI-D,ternary,96,97,L,90.0,L,97.0,,LEU,True,556,557,four_layer_exact,high,0.9725274725274724,0.5247524752475247,1.1047228506401456,0.0274725274725274,L,I;L,matches_consensus,True,False,,0.16221871558745146,buried_core,True,False,True,False,4.716552434047058,True,True,unassigned_manual_review,,not_annotated_no_domain_boundaries,,True,False
9M8Q,A,VI-D,ternary,97,98,G,91.0,G,98.0,,GLY,True,557,558,four_layer_exact,high,0.9725274725274724,0.4833417648334176,1.8605782609423995,0.0274725274725274,G,C;G;H;K;R,matches_consensus,True,False,,0.27213683870261546,surface,False,True,False,False,6.812456848138318,True,False,unassigned_manual_review,,not_annotated_no_domain_boundaries,,True,False
9M8Q,A,VI-D,ternary,98,99,L,92.0,L,99.0,,LEU,True,558,559,four_layer_exact,high,0.9725274725274724,0.3790561537905615,1.857486521669793,0.0274725274725274,L,A;C;I;L;R,matches_consensus,True,False,,0.041379245374637906,buried_core,False,False,False,False,8.082907675633626,True,True,unassigned_manual_review,,not_annotated_no_domain_boundaries,,True,False
9M8Q,A,VI-D,ternary,99,100,K,93.0,K,100.0,,LYS,True,559,560,four_layer_exact,high,0.9725274725274724,0.8161451181614511,0.5991945906047905,0.0274725274725274,K,K;R,matches_consensus,True,False,,0.03292016369630322,buried_core,False,True,False,False,6.1169286239661975,True,True,unassigned_manual_review,,not_annotated_no_domain_boundaries,,True,False
9M8Q,A,VI-D,ternary,100,101,E,94.0,E,101.0,,GLU,True,560,561,four_layer_exact,high,0.978021978021978,0.2618244455608985,2.1311095792334758,0.021978021978022,D,A;D;E;G;N;P;S,differs_from_consensus,True,True,scaffold_differs_from_msa_consensus,0.5231150736406152,surface,False,False,False,False,9.404713171725698,True,False,unassigned_manual_review,,not_annotated_no_domain_boundaries,,True,False
9M8Q,A,VI-D,ternary,101,102,T,95.0,T,102.0,,THR,True,561,562,four_layer_exact,high,0.978021978021978,0.2204837436302303,2.3047630718212755,0.021978021978022,K,A;E;K;T;V,differs_from_consensus,True,True,scaffold_differs_from_msa_consensus,0.11328247031491152,buried_core,False,False,False,False,11.537537092262765,True,True,unassigned_manual_review,,not_annotated_no_domain_boundaries,,True,False
9M8Q,A,VI-D,ternary,102,103,L,96.0,L,103.0,,LEU,True,562,563,four_layer_exact,high,0.978021978021978,0.7864063733582143,0.847668083666137,0.021978021978022,L,I;L,matches_consensus,True,False,,0.09012150865969526,buried_core,False,False,False,False,9.231902374255244,True,True,unassigned_manual_review,,not_annotated_no_domain_boundaries,,True,False
9M8Q,A,VI-D,ternary,103,104,E,97.0,E,104.0,,GLU,True,563,564,four_layer_exact,high,0.978021978021978,0.9379889471039976,0.3591659995215883,0.021978021978022,E,E,matches_consensus,True,False,,0.040269864432436554,buried_core,False,False,False,False,8.059182879818144,True,True,unassigned_manual_review,,not_annotated_no_domain_boundaries,,True,False
9M8Q,A,VI-D,ternary,104,105,K,98.0,K,105.0,,LYS,True,564,565,four_layer_exact,high,0.978021978021978,0.3764444125457546,1.8978953842065425,0.021978021978022,K,E;K;N;Q;R,matches_consensus,True,False,,0.4575646101640548,surface,False,False,False,False,13.175309153142889,True,False,unassigned_manual_review,,not_annotated_no_domain_boundaries,,True,False
9M8Q,A,VI-D,ternary,105,106,R,99.0,R,106.0,,ARG,True,565,566,four_layer_exact,high,0.9725274725274724,0.2960179229601792,2.2327720619293143,0.0274725274725274,R,E;K;L;Q;R,matches_consensus,True,False,,0.15949572381209937,buried_core,False,False,False,False,14.518931246680943,True,True,unassigned_manual_review,,not_annotated_no_domain_boundaries,,True,False
9M8Q,A,VI-D,ternary,106,107,Y,100.0,Y,107.0,,TYR,True,566,567,four_layer_exact,high,0.9725274725274724,0.3964009539640095,1.3154595161030895,0.0274725274725274,F,F;I;V;Y,differs_from_consensus,True,True,scaffold_differs_from_msa_consensus,0.017331461901921193,buried_core,False,False,False,False,12.826342871911919,True,True,unassigned_manual_review,,not_annotated_no_domain_boundaries,,True,False
9M8Q,A,VI-D,ternary,107,108,F,101.0,F,108.0,,PHE,True,567,568,four_layer_exact,high,0.9725274725274724,0.9028691190286912,0.3824482483275325,0.0274725274725274,F,F;Y,matches_consensus,True,False,,0.03855215896828226,buried_core,False,False,False,False,12.034528805314798,True,True,unassigned_manual_review,,not_annotated_no_domain_boundaries,,True,False
9M8Q,A,VI-D,ternary,108,109,G,102.0,G,109.0,,GLY,True,572,573,four_layer_exact,high,0.967032967032967,0.8509569900298377,0.6669910387731421,0.0329670329670329,G,D;G,matches_consensus,True,False,,0.21931506646905016,surface,False,False,False,False,16.667434999907652,True,False,unassigned_manual_review,,not_annotated_no_domain_boundaries,,True,False
9M8Q,A,VI-D,ternary,109,110,E,103.0,E,110.0,,GLU,True,577,578,four_layer_exact,high,0.956043956043956,0.4437965901542549,1.8169639891654,0.0439560439560439,K,E;K;Q;R,differs_from_consensus,True,True,scaffold_differs_from_msa_consensus,0.7276015366928068,surface,False,False,False,False,18.715622709793273,True,False,unassigned_manual_review,,not_annotated_no_domain_boundaries,,True,False
9M8Q,A,VI-D,ternary,110,111,S,104.0,S,111.0,,SER,True,578,579,four_layer_exact,high,0.956043956043956,0.4310281201564691,1.8581568467619405,0.0439560439560439,T,E;K;N;S;T,differs_from_consensus,True,True,scaffold_differs_from_msa_consensus,0.3525834973231847,surface,False,False,False,False,17.26102058923469,True,False,unassigned_manual_review,,not_annotated_no_domain_boundaries,,True,False
9M8Q,A,VI-D,ternary,111,112,A,105.0,A,112.0,,ALA,True,579,580,four_layer_exact,high,0.956043956043956,0.7874381873200974,0.7486458359144552,0.0439560439560439,F,F;Y,differs_from_consensus,True,True,scaffold_differs_from_msa_consensus,0.16097851963661453,buried_core,False,False,False,False,13.66042581733155,True,True,unassigned_manual_review,,not_annotated_no_domain_boundaries,,True,False
9M8Q,A,VI-D,ternary,112,113,D,106.0,D,113.0,,ASP,True,589,590,four_layer_exact,high,0.9505494505494504,0.2982234445848509,1.8617780241960429,0.0494505494505495,D,D;E;K;N;Q;S,matches_consensus,True,False,,0.5938013150694568,surface,False,False,False,False,13.602011541917541,True,False,unassigned_manual_review,,not_annotated_no_domain_boundaries,,True,False
9M8Q,A,VI-D,ternary,113,114,G,107.0,G,114.0,,GLY,True,590,591,four_layer_exact,high,0.0054945054945054,1.0,-0.0,0.9945054945054944,G,G,matches_consensus,False,False,,0.15340010269921595,buried_core,False,False,False,False,10.199642024517766,True,True,unassigned_manual_review,,not_annotated_no_domain_boundaries,,False,False
9M8Q,A,VI-D,ternary,114,115,N,108.0,N,115.0,,ASN,True,591,592,four_layer_exact,high,0.0329670329670329,0.3333333333333333,1.5607104090414063,0.967032967032967,A,A;I;N;P;V,differs_from_consensus,False,True,scaffold_differs_from_msa_consensus,0.47348879392184906,surface,False,False,False,False,10.643281653995915,True,False,unassigned_manual_review,,not_annotated_no_domain_boundaries,,False,False
9M8Q,A,VI-D,ternary,115,116,D,109.0,D,116.0,,ASP,True,592,593,four_layer_exact,high,0.9725274725274724,0.9028691190286912,0.4422919571830753,0.0274725274725274,D,D,matches_consensus,True,False,,0.0,buried_core,False,True,False,False,7.065092151828576,True,True,unassigned_manual_review,,not_annotated_no_domain_boundaries,,True,False
9M8Q,A,VI-D,ternary,116,117,N,110.0,N,117.0,,ASN,True,593,594,four_layer_exact,high,0.9725274725274724,0.8818385488183854,0.4780332910855459,0.0274725274725274,N,N;S,matches_consensus,True,False,,0.028625547830247924,buried_core,True,False,True,False,4.3221759797754435,True,True,unassigned_manual_review,,not_annotated_no_domain_boundaries,,True,False
9M8Q,A,VI-D,ternary,117,118,I,111.0,I,118.0,,ILE,True,594,595,four_layer_exact,high,0.9725274725274724,0.6461660764616607,1.0064735926327066,0.0274725274725274,I,I;L;V,matches_consensus,True,False,,0.006130092467207697,buried_core,False,True,False,False,7.158280131778331,True,True,unassigned_manual_review,,not_annotated_no_domain_boundaries,,True,False
9M8Q,A,VI-D,ternary,118,119,C,112.0,C,119.0,,CYS,True,595,596,four_layer_exact,high,0.9725274725274724,0.7641107176411072,0.7909641595037971,0.0274725274725274,H,H;R,differs_from_consensus,True,True,scaffold_differs_from_msa_consensus,0.0,buried_core,False,True,False,False,7.103676950399248,True,True,unassigned_manual_review,,not_annotated_no_domain_boundaries,,True,False
9M8Q,A,VI-D,ternary,119,120,I,113.0,I,120.0,,ILE,True,596,597,four_layer_exact,high,0.9725274725274724,0.7294211172942111,0.7432855236723085,0.0274725274725274,I,I;V,matches_consensus,True,False,,0.018390277401623092,buried_core,True,False,True,False,3.2042857188196168,True,True,unassigned_manual_review,,not_annotated_no_domain_boundaries,,True,False
9M8Q,A,VI-D,ternary,120,121,Q,114.0,Q,121.0,,GLN,True,597,598,four_layer_exact,high,0.9725274725274724,0.9791862397918624,0.1011894487526793,0.0274725274725274,Q,Q,matches_consensus,True,False,,0.004762040106945424,buried_core,True,False,True,False,3.287500179335895,True,True,unassigned_manual_review,,not_annotated_no_domain_boundaries,,True,False
9M8Q,A,VI-D,ternary,121,122,V,115.0,V,122.0,,VAL,True,598,599,four_layer_exact,high,0.9725274725274724,0.5064681650646816,1.0732635696041648,0.0274725274725274,I,I;L,differs_from_consensus,True,True,scaffold_differs_from_msa_consensus,0.027761568184825662,buried_core,False,True,False,False,6.080650199613018,True,True,unassigned_manual_review,,not_annotated_no_domain_boundaries,,True,False
9M8Q,A,VI-D,ternary,122,123,I,116.0,I,123.0,,ILE,True,599,600,four_layer_exact,high,0.9725274725274724,0.549035195490352,0.9937481707190128,0.0274725274725274,I,A;I,matches_consensus,True,False,,0.012260184934415394,buried_core,False,True,False,False,7.54977843165458,True,True,unassigned_manual_review,,not_annotated_no_domain_boundaries,,True,False
9M8Q,A,VI-D,ternary,123,124,H,117.0,H,124.0,,HIS,True,600,601,four_layer_exact,high,0.9725274725274724,0.7918623979186239,0.7195081984231031,0.0274725274725274,Y,H;Y,differs_from_consensus,True,True,scaffold_differs_from_msa_consensus,0.09500512783668418,buried_core,True,False,True,False,3.6016696210527366,True,True,unassigned_manual_review,,not_annotated_no_domain_boundaries,,True,False
9M8Q,A,VI-D,ternary,124,125,N,118.0,N,125.0,,ASN,True,601,602,four_layer_exact,high,0.9725274725274724,0.7710486377104863,0.9327503258970568,0.0274725274725274,N,N;Q,matches_consensus,True,False,,0.05575840416028865,buried_core,True,False,True,False,4.043816495937202,True,True,unassigned_manual_review,,not_annotated_no_domain_boundaries,,True,False
9M8Q,A,VI-D,ternary,125,126,I,119.0,I,126.0,,ILE,True,602,603,four_layer_exact,high,0.9725274725274724,0.8473657584736575,0.5720383016931849,0.0274725274725274,I,I;V,matches_consensus,True,False,,0.018390277401623092,buried_core,False,False,False,False,9.135881144207453,True,True,unassigned_manual_review,,not_annotated_no_domain_boundaries,,True,False
9M8Q,A,VI-D,ternary,126,127,L,120.0,L,127.0,,LEU,True,603,604,four_layer_exact,high,0.9725274725274724,0.7224831972248319,1.1142788584799177,0.0274725274725274,L,F;L;M,matches_consensus,True,False,,0.09612960923700826,buried_core,False,True,False,False,7.094663973593417,True,True,unassigned_manual_review,,not_annotated_no_domain_boundaries,,True,False
9M8Q,A,VI-D,ternary,127,128,D,121.0,D,128.0,,ASP,True,604,605,four_layer_exact,high,0.9725274725274724,0.9859073498590736,0.0838238025531242,0.0274725274725274,D,D,matches_consensus,True,False,,0.06106761277041412,buried_core,True,False,True,False,4.403501616294958,True,True,unassigned_manual_review,,not_annotated_no_domain_boundaries,,True,False
9M8Q,A,VI-D,ternary,128,129,I,122.0,I,129.0,,ILE,True,605,606,four_layer_exact,high,0.9725274725274724,0.8612415986124159,0.59589947731441,0.0274725274725274,I,I;V,matches_consensus,True,False,,0.030650462336038485,buried_core,False,True,False,False,7.434941969045499,True,True,unassigned_manual_review,,not_annotated_no_domain_boundaries,,True,False
9M8Q,A,VI-D,ternary,129,130,E,123.0,E,130.0,,GLU,True,606,607,four_layer_exact,high,0.9725274725274724,0.4241526342415263,1.824311774719388,0.0274725274725274,E,E;K;N;Q,matches_consensus,True,False,,0.1580263368333965,buried_core,False,False,False,False,9.19803388524367,True,True,unassigned_manual_review,,not_annotated_no_domain_boundaries,,True,False
9M8Q,A,VI-D,ternary,130,131,K,124.0,K,131.0,,LYS,True,607,608,four_layer_exact,high,0.9725274725274724,0.9861241598612416,0.0731345002932976,0.0274725274725274,K,K,matches_consensus,True,False,,0.0648846975052509,buried_core,True,False,True,False,3.6817874514980407,True,True,unassigned_manual_review,,not_annotated_no_domain_boundaries,,True,False
9M8Q,A,VI-D,ternary,131,132,I,125.0,I,132.0,,ILE,True,608,609,four_layer_exact,high,0.9725274725274724,0.7710486377104863,0.9794433374117556,0.0274725274725274,I,I;V,matches_consensus,True,False,,0.10421157194253085,buried_core,False,True,False,False,7.122763964932406,True,True,unassigned_manual_review,,not_annotated_no_domain_boundaries,,True,False
9M8Q,A,VI-D,ternary,132,133,L,126.0,L,133.0,,LEU,True,609,610,four_layer_exact,high,0.9725274725274724,0.7014526270145263,0.961400111587987,0.0274725274725274,L,F;I;L,matches_consensus,True,False,,0.0060081005773130166,buried_core,False,False,False,False,9.717416515684938,True,True,unassigned_manual_review,,not_annotated_no_domain_boundaries,,True,False
9M8Q,A,VI-D,ternary,133,134,A,127.0,A,134.0,,ALA,True,610,611,four_layer_exact,high,0.9725274725274724,0.4276215942762159,1.6201183849636598,0.0274725274725274,A,A;G;S;T,matches_consensus,True,False,,0.08425313135162207,buried_core,False,False,False,False,9.731362931859977,True,True,unassigned_manual_review,,not_annotated_no_domain_boundaries,,True,False
9M8Q,A,VI-D,ternary,134,135,E,128.0,E,135.0,,GLU,True,611,612,four_layer_exact,high,0.978021978021978,0.3401110390078593,2.1266266094351343,0.021978021978022,V,E;I;L;P;T;V,differs_from_consensus,True,True,scaffold_differs_from_msa_consensus,0.19882658099777187,buried_core,True,False,True,False,4.6272150730798165,True,True,unassigned_manual_review,,not_annotated_no_domain_boundaries,,True,False
9M8Q,A,VI-D,ternary,135,136,Y,129.0,Y,136.0,,TYR,True,612,613,four_layer_exact,high,0.978021978021978,0.63638330088687,1.1764477779997191,0.021978021978022,Y,H;Y,matches_consensus,True,False,,0.07592056423199599,buried_core,False,False,False,False,8.456435536179526,True,True,unassigned_manual_review,,not_annotated_no_domain_boundaries,,True,False
9M8Q,A,VI-D,ternary,136,137,I,130.0,I,137.0,,ILE,True,613,614,four_layer_exact,high,0.978021978021978,0.4083928185161151,1.5821683639735211,0.021978021978022,I,A;I;S;V,matches_consensus,True,False,,0.10352035777005779,buried_core,False,False,False,False,13.733815816365821,True,True,unassigned_manual_review,,not_annotated_no_domain_boundaries,,True,False
9M8Q,A,VI-D,ternary,137,138,T,131.0,T,138.0,,THR,True,614,615,four_layer_exact,high,0.9725274725274724,0.6029187540840776,1.356439458939927,0.0274725274725274,N,N;T,differs_from_consensus,True,True,scaffold_differs_from_msa_consensus,0.10283733228437389,buried_core,False,False,False,False,12.868500904497758,True,True,unassigned_manual_review,,not_annotated_no_domain_boundaries,,True,False
9M8Q,A,VI-D,ternary,138,139,N,132.0,N,139.0,,ASN,True,615,616,four_layer_exact,high,0.978021978021978,0.6227557862859615,1.220235102878004,0.021978021978022,N,D;N,matches_consensus,True,False,,0.04639265591994365,buried_core,False,False,False,False,11.342773409275674,True,True,unassigned_manual_review,,not_annotated_no_domain_boundaries,,True,False
9M8Q,A,VI-D,ternary,139,140,A,133.0,A,140.0,,ALA,True,616,617,four_layer_exact,high,0.978021978021978,0.6748864373783258,0.987056587698443,0.021978021978022,I,A;I;V,differs_from_consensus,True,True,scaffold_differs_from_msa_consensus,0.0,buried_core,False,False,False,False,16.164984538003292,True,True,unassigned_manual_review,,not_annotated_no_domain_boundaries,,True,False
9M8Q,A,VI-D,ternary,140,141,A,134.0,A,141.0,,ALA,True,617,618,four_layer_exact,high,0.978021978021978,0.4605234696084793,1.4637418878752475,0.021978021978022,V,I;L;T;V,differs_from_consensus,True,True,scaffold_differs_from_msa_consensus,0.16850626270324415,buried_core,False,False,False,False,18.278918612235877,True,True,unassigned_manual_review,,not_annotated_no_domain_boundaries,,True,False
9M8Q,A,VI-D,ternary,141,142,Y,135.0,Y,142.0,,TYR,True,618,619,four_layer_exact,high,0.978021978021978,0.6400605667315596,1.2786003477419858,0.021978021978022,Y,F;Y,matches_consensus,True,False,,0.03214219586418028,buried_core,False,False,False,False,17.73082645708177,True,True,unassigned_manual_review,,not_annotated_no_domain_boundaries,,True,False
9M8Q,A,VI-D,ternary,142,143,A,136.0,A,143.0,,ALA,True,619,620,four_layer_exact,high,0.978021978021978,0.3874107722258273,1.8668297053550893,0.021978021978022,A,A;I;M;S;T,matches_consensus,True,False,,0.009361459039069119,buried_core,False,False,False,False,17.23688748921723,True,True,unassigned_manual_review,,not_annotated_no_domain_boundaries,,True,False
9M8Q,A,VI-D,ternary,143,144,V,137.0,V,144.0,,VAL,True,626,627,four_layer_exact,high,0.978021978021978,0.4150984209387843,1.4610470414168355,0.021978021978022,L,F;I;L;V,differs_from_consensus,True,True,scaffold_differs_from_msa_consensus,0.0069403920462064155,buried_core,False,False,False,False,20.2780139980749,True,True,unassigned_manual_review,,not_annotated_no_domain_boundaries,,True,False
9M8Q,A,VI-D,ternary,144,145,N,138.0,N,145.0,,ASN,True,627,628,four_layer_exact,high,0.978021978021978,0.5293099718797317,1.5383120879550498,0.021978021978022,N,D;N;Y,matches_consensus,True,False,,0.26138753305762963,surface,False,False,False,False,22.34468778646815,True,False,unassigned_manual_review,,not_annotated_no_domain_boundaries,,True,False
9M8Q,A,VI-D,ternary,145,146,N,139.0,N,146.0,,ASN,True,628,629,four_layer_exact,high,0.978021978021978,0.8061864590093013,0.8667451873659544,0.021978021978022,N,H;N,matches_consensus,True,False,,0.08311822847650256,buried_core,False,False,False,False,20.16540267476358,True,True,unassigned_manual_review,,not_annotated_no_domain_boundaries,,True,False
9M8Q,A,VI-D,ternary,146,147,I,140.0,I,147.0,,ILE,True,629,630,four_layer_exact,high,0.9835164835164836,0.6228373702422145,1.1990834743759282,0.0164835164835165,L,I;L;M;V,differs_from_consensus,True,True,scaffold_differs_from_msa_consensus,0.023829155696357712,buried_core,False,False,False,False,19.798063663063395,True,True,unassigned_manual_review,,not_annotated_no_domain_boundaries,,True,False
9M8Q,A,VI-D,ternary,147,148,S,141.0,S,148.0,,SER,True,630,631,four_layer_exact,high,0.9835164835164836,0.1695501730103806,2.6246834244920807,0.0164835164835165,L,A;D;F;L;N;Q;R;S,differs_from_consensus,True,True,scaffold_differs_from_msa_consensus,0.13426121155114223,buried_core,False,False,False,False,24.753125046788867,True,True,unassigned_manual_review,,not_annotated_no_domain_boundaries,,True,False
9M8Q,A,VI-D,ternary,148,149,G,142.0,G,149.0,,GLY,True,631,632,four_layer_exact,high,0.9615384615384616,0.5195729537366548,1.7704840240886426,0.0384615384615384,R,D;G;N;R,differs_from_consensus,True,True,scaffold_differs_from_msa_consensus,0.25985405724048616,surface,False,False,False,False,28.146190603999806,True,False,unassigned_manual_review,,not_annotated_no_domain_boundaries,,True,False
9M8Q,A,VI-D,ternary,149,150,L,143.0,L,150.0,,LEU,True,633,634,four_layer_exact,high,0.8956043956043956,0.1625806451612903,2.560474128027858,0.1043956043956043,D,A;D;E;G;K;N;R;S;T,differs_from_consensus,True,True,scaffold_differs_from_msa_consensus,0.6019869202210764,surface,False,False,False,False,27.42825575797133,True,False,unassigned_manual_review,,not_annotated_no_domain_boundaries,,True,False
9M8Q,A,VI-D,ternary,150,151,D,144.0,D,151.0,,ASP,True,634,635,four_layer_exact,high,0.8956043956043956,0.2474870298313878,2.3402382182330475,0.1043956043956043,E,D;E;G;K;N;S,differs_from_consensus,True,True,scaffold_differs_from_msa_consensus,0.7650807512109866,surface,False,False,False,False,31.037816172585195,True,False,unassigned_manual_review,,not_annotated_no_domain_boundaries,,True,False
9M8Q,A,VI-D,ternary,151,152,K,145.0,K,152.0,,LYS,True,667,668,four_layer_exact,high,0.9615384615384616,0.192170818505338,2.5580005415999194,0.0384615384615384,E,D;E;G;K;N;S;T,differs_from_consensus,True,True,scaffold_differs_from_msa_consensus,0.3713677208281825,surface,False,False,False,False,27.284476157587545,True,False,unassigned_manual_review,,not_annotated_no_domain_boundaries,,True,False
9M8Q,A,VI-D,ternary,152,153,D,146.0,D,153.0,,ASP,True,668,669,four_layer_exact,high,0.9835164835164836,0.944636678200692,0.2547406375754432,0.0164835164835165,D,D,matches_consensus,True,False,,0.3792908293639315,surface,False,False,False,False,26.07615213863612,True,False,unassigned_manual_review,,not_annotated_no_domain_boundaries,,True,False
9M8Q,A,VI-D,ternary,153,154,I,147.0,I,154.0,,ILE,True,669,670,four_layer_exact,high,0.9835164835164836,0.3181228373702422,1.8410987589276655,0.0164835164835165,F,F;I;L;V;Y,differs_from_consensus,True,True,scaffold_differs_from_msa_consensus,0.08513008036843468,buried_core,False,False,False,False,24.978274903032137,True,True,unassigned_manual_review,,not_annotated_no_domain_boundaries,,True,False
9M8Q,A,VI-D,ternary,154,155,I,148.0,I,155.0,,ILE,True,670,671,four_layer_exact,high,0.9835164835164836,0.5247981545559401,1.3844867958828906,0.0164835164835165,I,F;I;L;V,matches_consensus,True,False,,0.049641118825084665,buried_core,False,False,False,False,22.87695270174748,True,True,unassigned_manual_review,,not_annotated_no_domain_boundaries,,True,False
9M8Q,A,VI-D,ternary,155,156,G,149.0,G,156.0,,GLY,True,671,672,four_layer_exact,high,0.0714285714285714,0.8461538461538461,0.4293230219306162,0.9285714285714286,G,G;S,matches_consensus,False,False,,0.17417714654421873,buried_core,False,False,False,False,23.431823471489658,True,True,unassigned_manual_review,,not_annotated_no_domain_boundaries,,False,False
9M8Q,A,VI-D,ternary,156,157,F,150.0,F,157.0,,PHE,True,674,675,four_layer_exact,high,0.0714285714285714,0.3076923076923077,1.6715952780212544,0.9285714285714286,M,A;D;F;I;M;N,differs_from_consensus,False,True,scaffold_differs_from_msa_consensus,0.4608743649952557,surface,False,False,False,False,18.171770416112217,True,False,unassigned_manual_review,,not_annotated_no_domain_boundaries,,False,False
9M8Q,A,VI-D,ternary,157,158,G,151.0,G,158.0,,GLY,True,675,676,four_layer_exact,high,0.956043956043956,0.8924731182795699,0.5329649423499991,0.0439560439560439,G,G,matches_consensus,True,False,,0.6477322441817901,surface,False,False,False,False,25.328779819820152,True,False,unassigned_manual_review,,not_annotated_no_domain_boundaries,,True,False
9M8Q,A,VI-D,ternary,158,159,K,152.0,K,159.0,,LYS,True,677,678,four_layer_exact,high,0.945054945054945,0.2382671480144404,2.31862657470561,0.0549450549450549,Y,G;M;N;S;T;Y,differs_from_consensus,True,True,scaffold_differs_from_msa_consensus,0.10185815469268228,buried_core,False,False,False,False,26.761170391978183,True,True,unassigned_manual_review,,not_annotated_no_domain_boundaries,,True,False
9M8Q,A,VI-D,ternary,159,160,F,153.0,F,160.0,,PHE,True,678,679,four_layer_exact,high,0.9505494505494504,0.4838709677419355,1.5113316420864789,0.0494505494505495,L,F;I;L;M,differs_from_consensus,True,True,scaffold_differs_from_msa_consensus,0.09560390043649337,buried_core,False,False,False,False,27.649389199894266,True,True,unassigned_manual_review,,not_annotated_no_domain_boundaries,,True,False
9M8Q,A,VI-D,ternary,160,161,S,154.0,S,161.0,,SER,True,679,680,four_layer_exact,high,0.8406593406593407,0.3015167364016736,2.168871405821139,0.1593406593406593,S,G;K;N;P;R;S;T;Y,matches_consensus,True,False,,0.24631302504526012,surface,False,False,False,False,28.40435381856491,True,False,unassigned_manual_review,,not_annotated_no_domain_boundaries,,True,False
9M8Q,A,VI-D,ternary,161,162,T,155.0,T,162.0,,THR,True,680,681,four_layer_exact,high,0.7802197802197802,0.3745199692780338,2.120855394358002,0.2197802197802197,T,A;F;L;S;T;V;Y,matches_consensus,False,False,,0.057242375258705465,buried_core,False,False,False,False,27.363844076404046,True,True,unassigned_manual_review,,not_annotated_no_domain_boundaries,,False,False
9M8Q,A,VI-D,ternary,162,163,V,156.0,V,163.0,,VAL,True,688,689,four_layer_exact,high,0.7252747252747253,0.123076923076923,2.685364474835372,0.2747252747252747,D,D;G;K;L;N;Q;R;S;T,differs_from_consensus,False,True,scaffold_differs_from_msa_consensus,0.22893009550323212,surface,False,False,False,False,29.696177302649698,True,False,unassigned_manual_review,,not_annotated_no_domain_boundaries,,False,False
9M8Q,A,VI-D,ternary,163,164,Y,157.0,Y,164.0,,TYR,True,689,690,four_layer_exact,high,0.7362637362637363,0.3922738693467337,2.1847113390248687,0.2637362637362637,N,D;I;K;N;V;Y,differs_from_consensus,False,True,scaffold_differs_from_msa_consensus,0.219164001713677,surface,False,False,False,False,33.225393423617106,True,False,unassigned_manual_review,,not_annotated_no_domain_boundaries,,False,False
9M8Q,A,VI-D,ternary,164,165,T,158.0,T,165.0,,THR,True,690,691,four_layer_exact,high,0.7692307692307693,0.3679245283018867,1.9994576928039347,0.2307692307692307,T,D;K;P;S;T,matches_consensus,False,False,,0.14892230470370807,buried_core,False,False,False,False,36.46209610710174,True,True,unassigned_manual_review,,not_annotated_no_domain_boundaries,,False,False
9M8Q,A,VI-D,ternary,165,166,Y,159.0,Y,166.0,,TYR,True,692,693,four_layer_exact,high,0.8516483516483516,0.8068415637860082,0.6570525118176964,0.1483516483516483,Y,F;Y,matches_consensus,True,False,,0.1692406303345628,buried_core,False,False,False,False,34.70081234221768,True,True,unassigned_manual_review,,not_annotated_no_domain_boundaries,,True,False
9M8Q,A,VI-D,ternary,166,167,D,160.0,D,167.0,,ASP,True,705,706,four_layer_exact,high,0.9175824175824177,0.2679245283018868,2.1500797832958343,0.0824175824175824,E,A;D;E;K;Q;S,differs_from_consensus,True,True,scaffold_differs_from_msa_consensus,0.49013741722789367,surface,False,False,False,False,38.396242612501375,True,False,unassigned_manual_review,,not_annotated_no_domain_boundaries,,True,False
9M8Q,A,VI-D,ternary,167,168,E,161.0,E,168.0,,GLU,True,706,707,four_layer_exact,high,0.9230769230769232,0.1423220973782771,2.474100316647014,0.0769230769230768,K,A;D;E;K;N;Q;S;T;V,differs_from_consensus,True,True,scaffold_differs_from_msa_consensus,0.24748469504532522,surface,False,False,False,False,38.61248353471856,True,False,unassigned_manual_review,,not_annotated_no_domain_boundaries,,True,False
9M8Q,A,VI-D,ternary,168,169,F,162.0,F,169.0,,PHE,True,707,708,four_layer_exact,high,0.9230769230769232,0.4342228464419476,1.7561895836793948,0.0769230769230768,F,F;I;L;V;Y,matches_consensus,True,False,,0.04025427386799721,buried_core,False,False,False,False,35.43746597255791,True,True,unassigned_manual_review,,not_annotated_no_domain_boundaries,,True,False
9M8Q,A,VI-D,ternary,169,170,K,163.0,K,170.0,,LYS,True,726,727,four_layer_exact,high,0.3461538461538461,0.1499219156689224,2.4575951719379603,0.6538461538461539,L,A;C;K;L;M;R;S;T,differs_from_consensus,False,True,scaffold_differs_from_msa_consensus,0.358558968353499,surface,False,False,False,False,38.03752590419419,True,False,unassigned_manual_review,,not_annotated_no_domain_boundaries,,False,False
9M8Q,A,VI-D,ternary,170,171,D,164.0,D,171.0,,ASP,True,727,728,four_layer_exact,high,0.3571428571428571,0.3712846347607053,1.7196090522880478,0.6428571428571428,D,D;E;N;S,matches_consensus,False,False,,0.3366237689308249,surface,False,False,False,False,42.01557464239676,True,False,unassigned_manual_review,,not_annotated_no_domain_boundaries,,False,False
9M8Q,A,VI-D,ternary,171,172,P,165.0,P,172.0,,PRO,True,729,730,four_layer_exact,high,0.2857142857142857,0.6730401529636711,1.308589648316443,0.7142857142857143,P,A;K;P;S,matches_consensus,False,False,,0.07509505011586143,buried_core,False,False,False,False,41.861560032237506,True,True,unassigned_manual_review,,not_annotated_no_domain_boundaries,,False,False
9M8Q,A,VI-D,ternary,172,173,E,166.0,E,173.0,,GLU,True,730,731,four_layer_exact,high,0.2857142857142857,0.2045889101338432,2.313767979451839,0.7142857142857143,E,D;E;K;N;S;T,matches_consensus,False,False,,0.4617373694195078,surface,False,False,False,False,45.54155982120263,True,False,unassigned_manual_review,,not_annotated_no_domain_boundaries,,False,False
9M8Q,A,VI-D,ternary,173,174,H,167.0,H,174.0,,HIS,True,731,732,four_layer_exact,high,0.1648351648351648,0.1363636363636363,2.548911292094342,0.8351648351648352,S,D;E;F;G;K;N;Q;R;S;Y,differs_from_consensus,False,True,scaffold_differs_from_msa_consensus,0.7058931488147568,surface,False,False,False,False,46.810668037639104,True,False,unassigned_manual_review,,not_annotated_no_domain_boundaries,,False,False
9M8Q,A,VI-D,ternary,174,175,H,168.0,H,175.0,,HIS,True,738,739,four_layer_exact,high,0.4285714285714285,0.3804750789509817,2.335631225340017,0.5714285714285714,K,E;H;K;L;R;S,differs_from_consensus,False,True,scaffold_differs_from_msa_consensus,0.31015143463103095,surface,False,False,False,False,42.67565395451084,True,False,unassigned_manual_review,,not_annotated_no_domain_boundaries,,False,False
9M8Q,A,VI-D,ternary,175,176,R,169.0,R,176.0,,ARG,True,739,740,four_layer_exact,high,0.4395604395604395,0.2482645977950184,2.15549340062005,0.5604395604395604,D,D;E;G;K;N;S,differs_from_consensus,False,True,scaffold_differs_from_msa_consensus,0.3781016370368193,surface,False,False,False,False,43.881239300914125,True,False,unassigned_manual_review,,not_annotated_no_domain_boundaries,,False,False
9M8Q,A,VI-D,ternary,176,177,A,170.0,A,177.0,,ALA,True,740,741,four_layer_exact,high,0.456043956043956,0.2640471512770137,2.2528176763586125,0.543956043956044,P,A;E;G;K;N;P;S;T,differs_from_consensus,False,True,scaffold_differs_from_msa_consensus,0.7518388426551337,surface,False,False,False,False,43.071743359984616,True,False,unassigned_manual_review,,not_annotated_no_domain_boundaries,,False,False
9M8Q,A,VI-D,ternary,177,178,A,171.0,A,178.0,,ALA,True,741,742,four_layer_exact,high,0.456043956043956,0.1886051080550098,2.4165316593704933,0.543956043956044,K,D;E;K;N;Q;R;S,differs_from_consensus,False,True,scaffold_differs_from_msa_consensus,0.5697488203863957,surface,False,False,False,False,38.87329002166246,True,False,unassigned_manual_review,,not_annotated_no_domain_boundaries,,False,False
9M8Q,A,VI-D,ternary,178,179,F,172.0,F,179.0,,PHE,True,742,743,four_layer_exact,high,0.4230769230769231,0.190395240118997,2.423465993606993,0.5769230769230769,K,A;D;F;K;L;N;T;V;Y,differs_from_consensus,False,True,scaffold_differs_from_msa_consensus,0.1810696719403423,buried_core,False,False,False,False,37.05105907225298,True,True,unassigned_manual_review,,not_annotated_no_domain_boundaries,,False,False
9M8Q,A,VI-D,ternary,179,180,N,173.0,N,180.0,,ASN,True,743,744,four_layer_exact,high,0.5604395604395604,0.2530413625304136,2.231738306569456,0.4395604395604395,E,D;E;K;N;Q;S;T,differs_from_consensus,False,True,scaffold_differs_from_msa_consensus,0.6832286081973887,surface,False,False,False,False,39.74755224819755,True,False,unassigned_manual_review,,not_annotated_no_domain_boundaries,,False,False
9M8Q,A,VI-D,ternary,180,181,N,174.0,N,181.0,,ASN,True,744,745,four_layer_exact,high,0.3791208791208791,0.2129629629629629,2.343535210906453,0.6208791208791209,D,A;D;E;K;N;P;R;S;V,differs_from_consensus,False,True,scaffold_differs_from_msa_consensus,0.5837572783184738,surface,False,False,False,False,43.41898457787887,True,False,unassigned_manual_review,,not_annotated_no_domain_boundaries,,False,False
9M8Q,A,VI-D,ternary,181,182,N,175.0,N,182.0,,ASN,True,749,750,four_layer_exact,high,0.1098901098901098,0.2222222222222222,2.099546784004169,0.8901098901098901,D,A;D;E;F;I;K;N;Q;V,differs_from_consensus,False,True,scaffold_differs_from_msa_consensus,0.319524332296196,surface,False,False,False,False,38.4864129033508,True,False,unassigned_manual_review,,not_annotated_no_domain_boundaries,,False,False
9M8Q,A,VI-D,ternary,182,183,D,176.0,D,183.0,,ASP,True,750,751,four_layer_exact,high,0.0549450549450549,0.2,2.025326220770068,0.945054945054945,A,A;D;K;N;Q;S;T;V,differs_from_consensus,False,True,scaffold_differs_from_msa_consensus,0.5680672111516492,surface,False,False,False,False,42.14238426410856,True,False,unassigned_manual_review,,not_annotated_no_domain_boundaries,,False,False
9M8Q,A,VI-D,ternary,183,184,K,177.0,K,184.0,,LYS,True,754,755,four_layer_exact,high,0.0769230769230769,0.3571428571428571,1.7298201303799212,0.9230769230769232,K,E;I;K;N;R;T;V,matches_consensus,False,False,,0.6684824083634433,surface,False,False,False,False,37.93425001740374,True,False,unassigned_manual_review,,not_annotated_no_domain_boundaries,,False,False
9M8Q,A,VI-D,ternary,184,185,L,178.0,L,185.0,,LEU,True,755,756,four_layer_exact,high,0.1153846153846153,0.1904761904761904,2.359465687487068,0.8846153846153846,I,A;E;I;L;V;W,differs_from_consensus,False,True,scaffold_differs_from_msa_consensus,0.38451843694803306,surface,False,False,False,False,35.773217867333585,True,False,unassigned_manual_review,,not_annotated_no_domain_boundaries,,False,False
9M8Q,A,VI-D,ternary,185,186,I,179.0,I,186.0,,ILE,True,756,757,four_layer_exact,high,0.1373626373626373,0.2,2.3351324951264743,0.8626373626373627,I,C;I;K;P;Q;R;Y,matches_consensus,False,False,,0.16551249661460782,buried_core,False,False,False,False,39.87189626546249,True,True,unassigned_manual_review,,not_annotated_no_domain_boundaries,,False,False
9M8Q,A,VI-D,ternary,186,187,N,180.0,N,187.0,,ASN,True,757,758,four_layer_exact,high,0.6483516483516484,0.2745098039215686,2.2140650838006617,0.3516483516483516,K,A;D;K;N;R;S,differs_from_consensus,False,True,scaffold_differs_from_msa_consensus,0.5098300288663873,surface,False,False,False,False,39.75303218060823,True,False,unassigned_manual_review,,not_annotated_no_domain_boundaries,,False,False
9M8Q,A,VI-D,ternary,187,188,A,181.0,A,188.0,,ALA,True,758,759,four_layer_exact,high,0.7032967032967034,0.3263157894736842,2.0183308491572056,0.2967032967032966,N,A;D;K;N;R;S;T,differs_from_consensus,False,True,scaffold_differs_from_msa_consensus,0.3423232294900776,surface,False,False,False,False,36.330882746526186,True,False,unassigned_manual_review,,not_annotated_no_domain_boundaries,,False,False
9M8Q,A,VI-D,ternary,188,189,I,182.0,I,189.0,,ILE,True,759,760,four_layer_exact,high,0.7142857142857143,0.2268041237113402,2.4667628755816917,0.2857142857142857,I,A;F;I;L;N;R;V,matches_consensus,False,False,,0.06743101713928466,buried_core,False,False,False,False,35.92524352232615,True,True,unassigned_manual_review,,not_annotated_no_domain_boundaries,,False,False
9M8Q,A,VI-D,ternary,189,190,K,183.0,K,190.0,,LYS,True,760,761,four_layer_exact,high,0.7252747252747253,0.1616161616161616,2.4705730625141404,0.2747252747252747,N,A;D;E;G;K;N;R;S;T,differs_from_consensus,False,True,scaffold_differs_from_msa_consensus,0.3054626446785123,surface,False,False,False,False,39.319634163900496,True,False,unassigned_manual_review,,not_annotated_no_domain_boundaries,,False,False
9M8Q,A,VI-D,ternary,190,191,A,184.0,A,191.0,,ALA,True,761,762,four_layer_exact,high,0.7252747252747253,0.3163265306122449,2.216312346365829,0.2747252747252747,K,D;E;K;N;R;S,differs_from_consensus,False,True,scaffold_differs_from_msa_consensus,0.428687511104912,surface,False,False,False,False,37.48100332550009,True,False,unassigned_manual_review,,not_annotated_no_domain_boundaries,,False,False
9M8Q,A,VI-D,ternary,191,192,Q,185.0,Q,192.0,,GLN,True,762,763,four_layer_exact,high,0.7802197802197802,0.213953488372093,2.484878606258631,0.2197802197802197,S,A;I;K;L;N;Q;S;V,differs_from_consensus,False,True,scaffold_differs_from_msa_consensus,0.24569371286389002,surface,False,False,False,False,32.29531666052985,True,False,unassigned_manual_review,,not_annotated_no_domain_boundaries,,False,False
9M8Q,A,VI-D,ternary,192,193,Y,186.0,Y,193.0,,TYR,True,763,764,four_layer_exact,high,0.7857142857142857,0.4128440366972477,1.8907203716128045,0.2142857142857143,K,K;R;Y,differs_from_consensus,False,True,scaffold_differs_from_msa_consensus,0.12642972916142217,buried_core,False,False,False,False,36.29245126393143,True,True,unassigned_manual_review,,not_annotated_no_domain_boundaries,,False,False
9M8Q,A,VI-D,ternary,193,194,D,187.0,D,194.0,,ASP,True,764,765,four_layer_exact,high,0.8131868131868132,0.1938325991189427,2.164355216127221,0.1868131868131868,E,A;D;E;K;N;R;S,differs_from_consensus,True,True,scaffold_differs_from_msa_consensus,0.41170946111983525,surface,False,False,False,False,35.530793042097166,True,False,unassigned_manual_review,,not_annotated_no_domain_boundaries,,True,False
9M8Q,A,VI-D,ternary,194,195,E,188.0,E,195.0,,GLU,True,765,766,four_layer_exact,high,0.7307692307692307,0.2081218274111675,2.5933707260581027,0.2692307692307693,K,A;D;E;F;K;L;N;S;T,differs_from_consensus,False,True,scaffold_differs_from_msa_consensus,0.5186232441875157,surface,False,False,False,False,32.83562517561637,True,False,unassigned_manual_review,,not_annotated_no_domain_boundaries,,False,False
9M8Q,A,VI-D,ternary,195,196,F,189.0,F,196.0,,PHE,True,808,809,four_layer_exact,high,0.7967032967032966,0.6947869955156951,1.085834884972082,0.2032967032967033,F,F;L;Y,matches_consensus,False,False,,0.01965197104514315,buried_core,False,False,False,False,30.765896692547418,True,True,unassigned_manual_review,,not_annotated_no_domain_boundaries,,False,False
9M8Q,A,VI-D,ternary,196,197,D,190.0,D,197.0,,ASP,True,847,848,four_layer_exact,high,0.8791208791208791,0.272,2.3570440080535624,0.1208791208791209,E,D;E;K;L;Q,differs_from_consensus,True,True,scaffold_differs_from_msa_consensus,0.37901267633147273,surface,False,False,False,False,31.606093886814886,True,False,unassigned_manual_review,,not_annotated_no_domain_boundaries,,True,False
9M8Q,A,VI-D,ternary,197,198,N,191.0,N,198.0,,ASN,True,848,849,four_layer_exact,high,0.8901098901098901,0.2125984251968504,2.259972308387499,0.1098901098901099,E,A;D;E;K;N;Q,differs_from_consensus,True,True,scaffold_differs_from_msa_consensus,0.5920451541747379,surface,False,False,False,False,29.997300125682195,True,False,unassigned_manual_review,,not_annotated_no_domain_boundaries,,True,False
9M8Q,A,VI-D,ternary,198,199,F,192.0,F,199.0,,PHE,True,853,854,four_layer_exact,high,0.989010989010989,0.3931034482758621,1.7026153784520743,0.0109890109890109,L,F;I;L;V;Y,differs_from_consensus,True,True,scaffold_differs_from_msa_consensus,0.05487446067964071,buried_core,False,False,False,False,26.1300209700131,True,True,unassigned_manual_review,,not_annotated_no_domain_boundaries,,True,False
9M8Q,A,VI-D,ternary,199,200,L,193.0,L,200.0,,LEU,True,854,855,four_layer_exact,high,0.9835164835164836,0.3819444444444444,1.902525130550066,0.0164835164835165,L,I;L;M;V;Y,matches_consensus,True,False,,0.148847597099719,buried_core,False,False,False,False,26.03381393971626,True,True,unassigned_manual_review,,not_annotated_no_domain_boundaries,,True,False
9M8Q,A,VI-D,ternary,200,201,D,194.0,D,201.0,,ASP,True,855,856,four_layer_exact,high,0.9725274725274724,0.3218968531468531,2.266836153858927,0.0274725274725274,K,D;E;K;N;R;S,differs_from_consensus,True,True,scaffold_differs_from_msa_consensus,0.6580965317659041,surface,False,False,False,False,25.701872872674457,True,False,unassigned_manual_review,,not_annotated_no_domain_boundaries,,True,False
9M8Q,A,VI-D,ternary,201,202,N,195.0,N,202.0,,ASN,True,859,860,four_layer_exact,high,0.9725274725274724,0.2867132867132867,2.1543887797951977,0.0274725274725274,N,A;D;K;N;R;S;T,matches_consensus,True,False,,0.2063796312161862,surface,False,False,False,False,23.150327428156302,True,False,unassigned_manual_review,,not_annotated_no_domain_boundaries,,True,False
9M8Q,A,VI-D,ternary,202,203,P,196.0,P,203.0,,PRO,True,866,867,four_layer_exact,high,0.956043956043956,0.1798561151079136,2.5536442431912896,0.0439560439560439,P,A;I;K;N;P;S;T,matches_consensus,True,False,,0.416020210680761,surface,False,False,False,False,19.761607148118514,True,False,unassigned_manual_review,,not_annotated_no_domain_boundaries,,True,False
9M8Q,A,VI-D,ternary,203,204,R,197.0,R,204.0,,ARG,True,867,868,four_layer_exact,high,0.9615384615384616,0.4357142857142857,1.832936178223712,0.0384615384615384,R,E;K;Q;R;S,matches_consensus,True,False,,0.1885895776816629,buried_core,False,False,False,False,19.662573431158776,True,True,unassigned_manual_review,,not_annotated_no_domain_boundaries,,True,False
9M8Q,A,VI-D,ternary,204,205,L,198.0,L,205.0,,LEU,True,876,877,four_layer_exact,high,0.934065934065934,0.5073529411764706,1.6645494685568731,0.0659340659340659,L,F;I;L;M;Y,matches_consensus,True,False,,0.024032402309252066,buried_core,False,False,False,False,19.508985489820393,True,True,unassigned_manual_review,,not_annotated_no_domain_boundaries,,True,False
9M8Q,A,VI-D,ternary,205,206,G,199.0,G,206.0,,GLY,True,877,878,four_layer_exact,high,0.934065934065934,0.3823529411764705,2.197807917413664,0.0659340659340659,G,A;G;K;R;S;V,matches_consensus,True,False,,0.0,buried_core,False,False,False,False,15.548408425032845,True,True,unassigned_manual_review,,not_annotated_no_domain_boundaries,,True,False
9M8Q,A,VI-D,ternary,206,207,Y,200.0,Y,207.0,,TYR,True,883,884,four_layer_exact,high,0.989010989010989,0.8896551724137931,0.4561349249235004,0.0109890109890109,Y,F;Y,matches_consensus,True,False,,0.022958711331557344,buried_core,False,False,False,False,14.30394062028264,True,True,unassigned_manual_review,,not_annotated_no_domain_boundaries,,True,False
9M8Q,A,VI-D,ternary,207,208,F,201.0,F,208.0,,PHE,True,884,885,four_layer_exact,high,0.989010989010989,0.7448275862068966,0.9081011234715318,0.0109890109890109,F,F;L;Y,matches_consensus,True,False,,0.009496196833760987,buried_core,False,False,False,False,16.27408618423786,True,True,unassigned_manual_review,,not_annotated_no_domain_boundaries,,True,False
9M8Q,A,VI-D,ternary,208,209,G,202.0,G,209.0,,GLY,True,889,890,four_layer_exact,high,0.9725274725274724,0.676056338028169,1.231170526549714,0.0274725274725274,G,D;G;N;S,matches_consensus,True,False,,0.07908959505412304,buried_core,False,False,False,False,15.538467113471768,True,True,unassigned_manual_review,,not_annotated_no_domain_boundaries,,True,False
9M8Q,A,VI-D,ternary,209,210,Q,203.0,Q,210.0,,GLN,True,901,902,four_layer_exact,high,0.9835164835164836,0.2083333333333333,2.408580112882473,0.0164835164835165,D,D;E;F;G;K;N;S;T,differs_from_consensus,True,True,scaffold_differs_from_msa_consensus,0.23808357467037017,surface,False,False,False,False,13.345452873272267,True,False,unassigned_manual_review,,not_annotated_no_domain_boundaries,,True,False
9M8Q,A,VI-D,ternary,210,211,A,204.0,A,211.0,,ALA,True,902,903,four_layer_exact,high,0.9835164835164836,0.3611111111111111,2.0000778562397588,0.0164835164835165,A,A;E;I;L;T;V,matches_consensus,True,False,,0.05194645370799003,buried_core,False,False,False,False,18.32603833678472,True,True,unassigned_manual_review,,not_annotated_no_domain_boundaries,,True,False
9M8Q,A,VI-D,ternary,211,212,F,205.0,F,212.0,,PHE,True,903,904,four_layer_exact,high,0.978021978021978,0.7482517482517482,0.9158307687118252,0.021978021978022,F,F;L;Y,matches_consensus,True,False,,0.005031784233499651,buried_core,False,False,False,False,20.741850888710008,True,True,unassigned_manual_review,,not_annotated_no_domain_boundaries,,True,False
9M8Q,A,VI-D,ternary,212,213,F,206.0,F,213.0,,PHE,True,904,905,four_layer_exact,high,0.9725274725274724,0.2887323943661972,2.4549672026777847,0.0274725274725274,Y,F;I;K;Y,differs_from_consensus,True,True,scaffold_differs_from_msa_consensus,0.119628078337515,buried_core,False,False,False,False,18.28422337597154,True,True,unassigned_manual_review,,not_annotated_no_domain_boundaries,,True,False
9M8Q,A,VI-D,ternary,213,214,S,207.0,S,214.0,,SER,True,946,947,four_layer_exact,high,0.7857142857142857,0.3518518518518518,2.211937438426997,0.2142857142857143,K,A;E;G;K;N;R,differs_from_consensus,False,True,scaffold_differs_from_msa_consensus,0.02249493842672615,buried_core,False,False,False,False,19.42177185617955,True,True,unassigned_manual_review,,not_annotated_no_domain_boundaries,,False,False
9M8Q,A,VI-D,ternary,214,215,K,208.0,K,215.0,,LYS,True,947,948,four_layer_exact,high,0.8241758241758241,0.7043478260869566,1.1626233707530862,0.1758241758241758,K,E;K,matches_consensus,True,False,,0.3784104260948673,surface,False,False,False,False,14.31820676647803,True,False,unassigned_manual_review,,not_annotated_no_domain_boundaries,,True,False
9M8Q,A,VI-D,ternary,215,216,E,209.0,E,216.0,,GLU,True,948,949,four_layer_exact,high,0.7802197802197802,0.2339369158878504,2.3817694049600524,0.2197802197802197,D,D;E;G;K;N;P;S,differs_from_consensus,False,True,scaffold_differs_from_msa_consensus,0.6369100963204145,surface,False,False,False,False,20.05661998894312,True,False,unassigned_manual_review,,not_annotated_no_domain_boundaries,,False,False
9M8Q,A,VI-D,ternary,216,217,G,210.0,G,217.0,,GLY,True,979,980,four_layer_exact,high,0.7802197802197802,0.2429906542056074,2.240258343890273,0.2197802197802197,K,D;E;G;K;N;S;T,differs_from_consensus,False,True,scaffold_differs_from_msa_consensus,0.4581792973774962,surface,False,False,False,False,17.10343689953899,True,False,unassigned_manual_review,,not_annotated_no_domain_boundaries,,False,False
9M8Q,A,VI-D,ternary,217,218,R,211.0,R,218.0,,ARG,True,980,981,four_layer_exact,high,0.7912087912087912,0.2782874617737003,2.34506098958044,0.2087912087912088,K,E;K;P;Q;R;S,differs_from_consensus,False,True,scaffold_differs_from_msa_consensus,0.8329894396353498,surface,False,False,False,False,12.856946849231234,True,False,unassigned_manual_review,,not_annotated_no_domain_boundaries,,False,False
9M8Q,A,VI-D,ternary,218,219,N,212.0,N,219.0,,ASN,True,981,982,four_layer_exact,high,0.7307692307692307,0.3563762626262626,2.099450546137691,0.2692307692307693,K,D;E;K;Q;R,differs_from_consensus,False,True,scaffold_differs_from_msa_consensus,0.4884409705510021,surface,False,False,False,False,16.96614043920628,True,False,unassigned_manual_review,,not_annotated_no_domain_boundaries,,False,False
9M8Q,A,VI-D,ternary,219,220,Y,213.0,Y,220.0,,TYR,True,993,994,four_layer_exact,high,0.5164835164835165,0.1182795698924731,2.7355261193529987,0.4835164835164834,E,D;E;G;K;L;N;R;Y,differs_from_consensus,False,True,scaffold_differs_from_msa_consensus,0.2639778772448174,surface,False,False,False,False,11.999038786760716,True,False,unassigned_manual_review,,not_annotated_no_domain_boundaries,,False,False
9M8Q,A,VI-D,ternary,220,221,I,214.0,I,221.0,,ILE,True,994,995,four_layer_exact,high,0.7252747252747253,0.1530612244897959,2.5439263886462906,0.2747252747252747,K,D;E;I;K;N;Q;T;V,differs_from_consensus,False,True,scaffold_differs_from_msa_consensus,0.28198425349155404,surface,False,False,False,False,20.160805019311233,True,False,unassigned_manual_review,,not_annotated_no_domain_boundaries,,False,False
9M8Q,A,VI-D,ternary,221,222,I,215.0,I,222.0,,ILE,True,995,996,four_layer_exact,high,0.8296703296703297,0.2183908045977011,2.5145360363436486,0.1703296703296702,E,D;E;K;L;N;P;Q;R,differs_from_consensus,True,True,scaffold_differs_from_msa_consensus,0.3633255412254178,surface,False,False,False,False,22.677095040854493,True,False,unassigned_manual_review,,not_annotated_no_domain_boundaries,,True,False
9M8Q,A,VI-D,ternary,222,223,N,216.0,N,223.0,,ASN,True,996,997,four_layer_exact,high,0.9725274725274724,0.380281690140845,2.0447219024364927,0.0274725274725274,K,A;E;K;N;R,differs_from_consensus,True,True,scaffold_differs_from_msa_consensus,0.15238000339849803,buried_core,False,False,False,False,23.884733701729616,True,True,unassigned_manual_review,,not_annotated_no_domain_boundaries,,True,False
9M8Q,A,VI-D,ternary,223,224,Y,217.0,Y,224.0,,TYR,True,997,998,four_layer_exact,high,0.967032967032967,0.2624113475177305,2.556186469552014,0.0329670329670329,S,D;E;N;S;T,differs_from_consensus,True,True,scaffold_differs_from_msa_consensus,0.6552434370759673,surface,False,False,False,False,28.33217187784458,True,False,unassigned_manual_review,,not_annotated_no_domain_boundaries,,True,False
9M8Q,A,VI-D,ternary,224,225,G,218.0,G,225.0,,GLY,True,998,999,four_layer_exact,high,0.967032967032967,0.3191489361702128,2.001474815983524,0.0329670329670329,E,D;E;K;Q;R,differs_from_consensus,True,True,scaffold_differs_from_msa_consensus,0.1599221698785551,buried_core,False,False,False,False,30.561423748961374,True,True,unassigned_manual_review,,not_annotated_no_domain_boundaries,,True,False
9M8Q,A,VI-D,ternary,225,226,N,219.0,N,226.0,,ASN,True,999,1000,four_layer_exact,high,0.912087912087912,0.3435114503816794,1.9206601311885951,0.0879120879120879,K,D;E;K;N;R,differs_from_consensus,True,True,scaffold_differs_from_msa_consensus,0.2626532565716636,surface,False,False,False,False,29.949641904492577,True,False,unassigned_manual_review,,not_annotated_no_domain_boundaries,,True,False
9M8Q,A,VI-D,ternary,226,227,E,220.0,E,227.0,,GLU,True,1021,1022,four_layer_exact,high,0.9725274725274724,0.4223151408450704,2.004366578420314,0.0274725274725274,E,D;E;H;K;R;Y,matches_consensus,True,False,,0.17480283606363015,buried_core,False,False,False,False,26.585502401716447,True,True,unassigned_manual_review,,not_annotated_no_domain_boundaries,,True,False
9M8Q,A,VI-D,ternary,227,228,C,221.0,C,228.0,,CYS,True,1030,1031,four_layer_exact,high,0.9945054945054944,0.3084332191780822,1.9334741628997247,0.0054945054945054,I,A;C;I;L;N;V,differs_from_consensus,True,True,scaffold_differs_from_msa_consensus,0.022642041424315425,buried_core,False,False,False,False,25.913608696693586,True,True,unassigned_manual_review,,not_annotated_no_domain_boundaries,,True,False
9M8Q,A,VI-D,ternary,228,229,Y,222.0,Y,229.0,,TYR,True,1031,1032,four_layer_exact,high,0.9945054945054944,0.6643835616438356,1.2277374201348163,0.0054945054945054,Y,F;Y,matches_consensus,True,False,,0.02599719285288179,buried_core,False,False,False,False,28.864973320588305,True,True,unassigned_manual_review,,not_annotated_no_domain_boundaries,,True,False
9M8Q,A,VI-D,ternary,229,230,D,223.0,D,230.0,,ASP,True,1032,1033,four_layer_exact,high,0.9945054945054944,0.2054794520547945,2.289840835448434,0.0054945054945054,N,D;H;K;N;S;Y,differs_from_consensus,True,True,scaffold_differs_from_msa_consensus,0.0,buried_core,False,False,False,False,26.75612546439432,True,True,unassigned_manual_review,,not_annotated_no_domain_boundaries,,True,False
9M8Q,A,VI-D,ternary,230,231,I,224.0,I,231.0,,ILE,True,1033,1034,four_layer_exact,high,0.9945054945054944,0.4111729452054795,1.6950957478591993,0.0054945054945054,I,I;L;V,matches_consensus,True,False,,0.0544796180323962,buried_core,False,False,False,False,22.56434294356269,True,True,unassigned_manual_review,,not_annotated_no_domain_boundaries,,True,False
9M8Q,A,VI-D,ternary,231,232,L,225.0,L,232.0,,LEU,True,1034,1035,four_layer_exact,high,0.9945054945054944,0.6712328767123288,1.184271988274514,0.0054945054945054,L,F;I;L,matches_consensus,True,False,,0.01802430173193905,buried_core,False,False,False,False,25.104751046034217,True,True,unassigned_manual_review,,not_annotated_no_domain_boundaries,,True,False
9M8Q,A,VI-D,ternary,232,233,A,226.0,A,233.0,,ALA,True,1035,1036,four_layer_exact,high,0.9945054945054944,0.3424657534246575,1.8198097162278748,0.0054945054945054,R,A;C;R;S,differs_from_consensus,True,True,scaffold_differs_from_msa_consensus,0.0,buried_core,False,False,False,False,26.49952489449892,True,True,unassigned_manual_review,,not_annotated_no_domain_boundaries,,True,False
9M8Q,A,VI-D,ternary,233,234,L,227.0,L,234.0,,LEU,True,1036,1037,four_layer_exact,high,0.9945054945054944,0.4246575342465753,1.7449120721819953,0.0054945054945054,L,F;I;L;M;V,matches_consensus,True,False,,0.01802430173193905,buried_core,False,False,False,False,23.366873192860677,True,True,unassigned_manual_review,,not_annotated_no_domain_boundaries,,True,False
9M8Q,A,VI-D,ternary,234,235,L,228.0,L,235.0,,LEU,True,1037,1038,four_layer_exact,high,1.0,0.6326530612244898,1.1752685407534762,0.0,L,A;I;L;V,matches_consensus,True,False,,0.09488478831510526,buried_core,False,False,False,False,20.764046346706024,True,True,unassigned_manual_review,,not_annotated_no_domain_boundaries,,True,False
9M8Q,A,VI-D,ternary,235,236,S,229.0,S,236.0,,SER,True,1038,1039,four_layer_exact,high,1.0,0.4419642857142857,1.2867105197612856,0.0,G,A;G;S,differs_from_consensus,True,True,scaffold_differs_from_msa_consensus,0.0,buried_core,False,False,False,False,22.875003529250442,True,True,unassigned_manual_review,,not_annotated_no_domain_boundaries,,True,False
9M8Q,A,VI-D,ternary,236,237,G,230.0,G,237.0,,GLY,True,1039,1040,four_layer_exact,high,1.0,0.1428571428571428,2.660033185241378,0.0,S,A;F;I;K;L;M;Q;S;T;Y,differs_from_consensus,True,True,scaffold_differs_from_msa_consensus,0.0,buried_core,False,False,False,False,21.449551706599298,True,True,unassigned_manual_review,,not_annotated_no_domain_boundaries,,True,False
9M8Q,A,VI-D,ternary,237,238,L,231.0,L,238.0,,LEU,True,1040,1041,four_layer_exact,high,1.0,0.4693877551020408,1.5713257017154096,0.0,L,A;I;L;M;V,matches_consensus,True,False,,0.030040502886565082,buried_core,False,False,False,False,18.218547128297367,True,True,unassigned_manual_review,,not_annotated_no_domain_boundaries,,True,False
9M8Q,A,VI-D,ternary,238,239,R,232.0,A,239.0,,ALA,True,1041,1042,four_layer_literature_restored_substitution,high,1.0,1.0,-0.0,0.0,R,R,matches_consensus,True,True,literature_confirmed_construct_substitution,0.15826077410351372,buried_core,False,False,False,False,18.437881723377277,True,True,HEPN1,,not_annotated_no_domain_boundaries,HEPN1_R,True,False
9M8Q,A,VI-D,ternary,239,240,H,233.0,H,240.0,,HIS,True,1042,1043,four_layer_exact,high,1.0,0.7142857142857143,0.9316783758070812,0.0,Q,H;N;Q,differs_from_consensus,True,True,scaffold_differs_from_msa_consensus,0.14413756124368243,buried_core,False,False,False,False,19.31237246515767,True,True,unassigned_manual_review,,not_annotated_no_domain_boundaries,,True,False
9M8Q,A,VI-D,ternary,240,241,W,234.0,W,241.0,,TRP,True,1043,1044,four_layer_exact,high,1.0,0.2108843537414966,2.323815639312074,0.0,F,A;F;L;M;S;W,differs_from_consensus,True,True,scaffold_differs_from_msa_consensus,0.0932352828764042,buried_core,False,False,False,False,14.716420227464821,True,True,unassigned_manual_review,,not_annotated_no_domain_boundaries,,True,False
9M8Q,A,VI-D,ternary,241,242,V,235.0,V,242.0,,VAL,True,1044,1045,four_layer_exact,high,1.0,0.3197278911564626,1.9871025701383875,0.0,C,A;C;I;L;S;T;V,differs_from_consensus,True,True,scaffold_differs_from_msa_consensus,0.09403516239454048,buried_core,False,False,False,False,13.587523313278849,True,True,unassigned_manual_review,,not_annotated_no_domain_boundaries,,True,False
9M8Q,A,VI-D,ternary,242,243,V,236.0,V,243.0,,VAL,True,1045,1046,four_layer_exact,high,1.0,0.2653061224489796,1.9638985671056768,0.0,F,A;F;M;T;V,differs_from_consensus,True,True,scaffold_differs_from_msa_consensus,0.32072035523009024,surface,False,False,False,False,14.719111668331175,True,False,unassigned_manual_review,,not_annotated_no_domain_boundaries,,True,False
9M8Q,A,VI-D,ternary,243,244,H,237.0,A,244.0,,ALA,True,1046,1047,four_layer_literature_restored_substitution,high,1.0,0.9931972789115646,0.0407280509323613,0.0,H,H,matches_consensus,True,True,literature_confirmed_construct_substitution,1.0,surface,False,False,False,False,17.253021711482038,True,False,HEPN1,,not_annotated_no_domain_boundaries,HEPN1_H,True,True
9M8Q,A,VI-D,ternary,244,245,N,,,,,,False,1047,1048,full_msa_only_unresolved_coordinate,medium,1.0,0.3197278911564626,2.187913418055878,0.0,G,D;E;F;G;S;Y,differs_from_consensus,False,True,unresolved_internal;scaffold_differs_from_msa_consensus,,,,,,,,False,False,unassigned_manual_review,,not_annotated_no_domain_boundaries,,False,False
9M8Q,A,VI-D,ternary,245,246,N,,,,,,False,1049,1050,full_msa_only_unresolved_coordinate,medium,0.9285714285714286,0.1838235294117647,2.43337981865906,0.0714285714285714,K,D;E;G;K;N;S;T;Y,differs_from_consensus,False,True,unresolved_internal;scaffold_differs_from_msa_consensus,,,,,,,,False,False,unassigned_manual_review,,not_annotated_no_domain_boundaries,,False,False
9M8Q,A,VI-D,ternary,246,247,E,,,,,,False,1050,1051,full_msa_only_unresolved_coordinate,medium,0.912087912087912,0.1753339694656488,2.61739589031574,0.0879120879120879,E,D;E;G;K;N;T;V,matches_consensus,False,True,unresolved_internal,,,,,,,,False,False,unassigned_manual_review,,not_annotated_no_domain_boundaries,,False,False
9M8Q,A,VI-D,ternary,247,248,E,,,,,,False,1051,1052,full_msa_only_unresolved_coordinate,medium,0.934065934065934,0.1753086419753086,2.555000334921787,0.0659340659340659,S,A;D;E;G;K;N;R;S;T,differs_from_consensus,False,True,unresolved_internal;scaffold_differs_from_msa_consensus,,,,,,,,False,False,unassigned_manual_review,,not_annotated_no_domain_boundaries,,False,False
9M8Q,A,VI-D,ternary,248,249,E,,,,,,False,1055,1056,full_msa_only_unresolved_coordinate,medium,0.8626373626373627,0.2254098360655737,2.519479610737625,0.1373626373626373,N,D;E;G;K;N;R;S;T,differs_from_consensus,False,True,unresolved_internal;scaffold_differs_from_msa_consensus,,,,,,,,False,False,unassigned_manual_review,,not_annotated_no_domain_boundaries,,False,False
9M8Q,A,VI-D,ternary,249,250,S,238.0,S,250.0,,SER,True,1056,1057,four_layer_exact,high,0.8131868131868132,0.168141592920354,2.4508894946563955,0.1868131868131868,R,A;D;K;N;R;S;T,differs_from_consensus,True,True,scaffold_differs_from_msa_consensus,1.0,surface,False,False,False,False,25.22672221977112,True,False,unassigned_manual_review,,not_annotated_no_domain_boundaries,,True,True
9M8Q,A,VI-D,ternary,250,251,R,239.0,R,251.0,,ARG,True,1064,1065,four_layer_exact,high,0.0934065934065934,0.2352941176470588,2.180839527058621,0.9065934065934066,G,A;D;E;G;H;K;L;N;Q;S,differs_from_consensus,False,True,scaffold_differs_from_msa_consensus,0.6487979540807131,surface,False,False,False,False,26.07755029520996,True,False,unassigned_manual_review,,not_annotated_no_domain_boundaries,,False,False
9M8Q,A,VI-D,ternary,251,252,I,240.0,I,252.0,,ILE,True,1072,1073,four_layer_exact,high,0.2857142857142857,0.1764705882352941,2.578844808230984,0.7142857142857143,I,D;I;K;L;N;Q;R;S;V,matches_consensus,False,False,,0.08989924127697561,buried_core,False,False,False,False,22.005743812681462,True,True,unassigned_manual_review,,not_annotated_no_domain_boundaries,,False,False
9M8Q,A,VI-D,ternary,252,253,S,241.0,S,253.0,,SER,True,1073,1074,four_layer_exact,high,0.3901098901098901,0.1764705882352941,2.429284477153144,0.6098901098901099,A,A;D;G;K;P;S;T,differs_from_consensus,False,True,scaffold_differs_from_msa_consensus,0.4250538377295529,surface,False,False,False,False,20.08187186342858,True,False,unassigned_manual_review,,not_annotated_no_domain_boundaries,,False,False
9M8Q,A,VI-D,ternary,253,254,R,242.0,R,254.0,,ARG,True,1074,1075,four_layer_exact,high,0.4065934065934066,0.1714285714285714,2.4148389702678728,0.5934065934065934,D,D;E;G;K;N;P;R;S,differs_from_consensus,False,True,scaffold_differs_from_msa_consensus,0.3806920063020369,surface,False,False,False,False,17.378174286185025,True,False,unassigned_manual_review,,not_annotated_no_domain_boundaries,,False,False
9M8Q,A,VI-D,ternary,254,255,T,243.0,T,255.0,,THR,True,1075,1076,four_layer_exact,high,0.6538461538461539,0.2142857142857142,2.3573451971064188,0.3461538461538461,T,A;F;N;S;T;Y,matches_consensus,False,False,,0.1378387658218433,buried_core,False,False,False,False,19.432606981716805,True,True,unassigned_manual_review,,not_annotated_no_domain_boundaries,,False,False
9M8Q,A,VI-D,ternary,255,256,W,244.0,W,256.0,,TRP,True,1078,1079,four_layer_exact,high,0.8516483516483516,0.3916666666666666,2.1616914042489888,0.1483516483516483,W,A;S;V;W;Y,matches_consensus,True,False,,0.03149749771357009,buried_core,False,False,False,False,20.77546514678944,True,True,unassigned_manual_review,,not_annotated_no_domain_boundaries,,True,False
9M8Q,A,VI-D,ternary,256,257,L,245.0,L,257.0,,LEU,True,1079,1080,four_layer_exact,high,0.978021978021978,0.6153846153846154,1.3618227655954975,0.021978021978022,L,I;L,matches_consensus,True,False,,0.005330641910759803,buried_core,False,False,False,False,16.72590158794803,True,True,unassigned_manual_review,,not_annotated_no_domain_boundaries,,True,False
9M8Q,A,VI-D,ternary,257,258,Y,246.0,Y,258.0,,TYR,True,1080,1081,four_layer_exact,high,0.9835164835164836,0.6319444444444444,0.7720129761978174,0.0164835164835165,Y,F;Y,matches_consensus,True,False,,0.058589102330074805,buried_core,False,False,False,False,13.589958543582949,True,True,unassigned_manual_review,,not_annotated_no_domain_boundaries,,True,False
9M8Q,A,VI-D,ternary,258,259,N,247.0,N,259.0,,ASN,True,1081,1082,four_layer_exact,high,0.945054945054945,0.3941605839416058,2.045662002332108,0.0549450549450549,N,D;K;N;Q;R;S,matches_consensus,True,False,,0.1072878701727512,buried_core,False,False,False,False,22.10448852677254,True,True,unassigned_manual_review,,not_annotated_no_domain_boundaries,,True,False
9M8Q,A,VI-D,ternary,259,260,L,248.0,L,260.0,,LEU,True,1082,1083,four_layer_exact,high,0.9835164835164836,0.5277777777777778,1.7186172629535157,0.0164835164835165,L,A;I;L;S,matches_consensus,True,False,,0.07526849622832024,buried_core,False,False,False,False,22.08240945907223,True,True,unassigned_manual_review,,not_annotated_no_domain_boundaries,,True,False
9M8Q,A,VI-D,ternary,260,261,D,249.0,D,261.0,,ASP,True,1092,1093,four_layer_exact,high,0.9395604395604396,0.406934306569343,1.7487052880905518,0.0604395604395604,D,D;E;K;N;S,matches_consensus,True,False,,0.5348722641789837,surface,False,False,False,False,26.81479723605311,True,False,unassigned_manual_review,,not_annotated_no_domain_boundaries,,True,False
9M8Q,A,VI-D,ternary,261,262,K,250.0,K,262.0,,LYS,True,1093,1094,four_layer_exact,high,0.9065934065934066,0.2366412213740458,2.340740778692264,0.0934065934065934,K,D;E;K;N;Q;S,matches_consensus,True,False,,0.6308090682295916,surface,False,False,False,False,26.80895199339014,True,False,unassigned_manual_review,,not_annotated_no_domain_boundaries,,True,False
9M8Q,A,VI-D,ternary,262,263,N,251.0,N,263.0,,ASN,True,1099,1100,four_layer_exact,high,0.456043956043956,0.2131147540983606,2.715843952942517,0.543956043956044,K,D;E;F;K;Q;V,differs_from_consensus,False,True,scaffold_differs_from_msa_consensus,0.36946502240544615,surface,False,False,False,False,26.278968962132932,True,False,unassigned_manual_review,,not_annotated_no_domain_boundaries,,False,False
9M8Q,A,VI-D,ternary,263,264,L,252.0,L,264.0,,LEU,True,1100,1101,four_layer_exact,high,0.7142857142857143,0.6185567010309279,1.313524370036907,0.2857142857142857,L,F;I;L,matches_consensus,False,False,,0.09003248123802936,buried_core,False,False,False,False,26.23076808740714,True,True,unassigned_manual_review,,not_annotated_no_domain_boundaries,,False,False
9M8Q,A,VI-D,ternary,264,265,D,253.0,D,265.0,,ASP,True,1113,1114,four_layer_exact,high,0.8846153846153846,0.164021164021164,2.621709658011768,0.1153846153846154,D,A;D;K;N;P;R;S,matches_consensus,True,False,,0.3187652634088776,surface,False,False,False,False,31.703355228750883,True,False,unassigned_manual_review,,not_annotated_no_domain_boundaries,,True,False
9M8Q,A,VI-D,ternary,265,266,N,254.0,N,266.0,,ASN,True,1114,1115,four_layer_exact,high,0.956043956043956,0.1894484412470023,2.3583923331809755,0.0439560439560439,P,A;D;E;G;K;N;P;Q;S,differs_from_consensus,True,True,scaffold_differs_from_msa_consensus,0.6259779636373765,surface,False,False,False,False,31.93685787888335,True,False,unassigned_manual_review,,not_annotated_no_domain_boundaries,,True,False
9M8Q,A,VI-D,ternary,266,267,E,255.0,E,267.0,,GLU,True,1115,1116,four_layer_exact,high,0.9725274725274724,0.5070422535211268,1.5166328558532232,0.0274725274725274,E,D;E;N,matches_consensus,True,False,,0.16974642155588823,buried_core,False,False,False,False,30.29902367576339,True,True,unassigned_manual_review,,not_annotated_no_domain_boundaries,,True,False
9M8Q,A,VI-D,ternary,267,268,Y,256.0,Y,268.0,,TYR,True,1124,1125,four_layer_exact,high,0.9230769230769232,0.2781954887218045,1.885466982305344,0.0769230769230768,L,A;F;I;L;V;Y,differs_from_consensus,True,True,scaffold_differs_from_msa_consensus,0.0,buried_core,False,False,False,False,27.420944970916437,True,True,unassigned_manual_review,,not_annotated_no_domain_boundaries,,True,False
9M8Q,A,VI-D,ternary,268,269,I,257.0,I,269.0,,ILE,True,1145,1146,four_layer_exact,high,0.978021978021978,0.2657342657342657,2.2510283909761952,0.021978021978022,K,I;K;L;R;W,differs_from_consensus,True,True,scaffold_differs_from_msa_consensus,0.1655124966146078,buried_core,False,False,False,False,27.155598858958676,True,True,unassigned_manual_review,,not_annotated_no_domain_boundaries,,True,False
9M8Q,A,VI-D,ternary,269,270,S,258.0,S,270.0,,SER,True,1146,1147,four_layer_exact,high,0.9945054945054944,0.1986301369863013,2.326101214931983,0.0054945054945054,D,A;D;E;K;N;Q;S,differs_from_consensus,True,True,scaffold_differs_from_msa_consensus,0.35039816493666825,surface,False,False,False,False,27.233317786776457,True,False,unassigned_manual_review,,not_annotated_no_domain_boundaries,,True,False
9M8Q,A,VI-D,ternary,270,271,T,259.0,T,271.0,,THR,True,1147,1148,four_layer_exact,high,1.0,0.2857142857142857,2.118341611796008,0.0,T,F;I;L;T;V,matches_consensus,True,False,,0.03908849945920117,buried_core,False,False,False,False,24.430161243098247,True,True,unassigned_manual_review,,not_annotated_no_domain_boundaries,,True,False
9M8Q,A,VI-D,ternary,271,272,L,260.0,L,272.0,,LEU,True,1148,1149,four_layer_exact,high,1.0,0.6462585034013606,1.051052160330606,0.0,L,I;L;V,matches_consensus,True,False,,0.024032402309252066,buried_core,False,False,False,False,22.44104921918685,True,True,unassigned_manual_review,,not_annotated_no_domain_boundaries,,True,False
9M8Q,A,VI-D,ternary,272,273,N,261.0,N,273.0,,ASN,True,1149,1150,four_layer_exact,high,1.0,0.54421768707483,1.492785903870701,0.0,D,D;E;N,differs_from_consensus,True,True,scaffold_differs_from_msa_consensus,0.18952039507118326,buried_core,False,False,False,False,23.47269488909454,True,True,unassigned_manual_review,,not_annotated_no_domain_boundaries,,True,False
9M8Q,A,VI-D,ternary,273,274,Y,262.0,Y,274.0,,TYR,True,1150,1151,four_layer_exact,high,1.0,0.1428571428571428,2.5588674590066685,0.0,K,A;D;E;K;N;R;S;T;Y,differs_from_consensus,True,True,scaffold_differs_from_msa_consensus,0.25144227751515646,surface,False,False,False,False,22.55726791522923,True,False,unassigned_manual_review,,not_annotated_no_domain_boundaries,,True,False
9M8Q,A,VI-D,ternary,274,275,L,263.0,L,275.0,,LEU,True,1151,1152,four_layer_exact,high,1.0,0.2993197278911564,2.2837401168457734,0.0,L,F;I;K;L;T;V;Y,matches_consensus,True,False,,0.08140357341616938,buried_core,False,False,False,False,19.24360855358885,True,True,unassigned_manual_review,,not_annotated_no_domain_boundaries,,True,False
9M8Q,A,VI-D,ternary,275,276,Y,264.0,Y,276.0,,TYR,True,1152,1153,four_layer_exact,high,1.0,0.6530612244897959,1.1214409686467792,0.0,Y,F;Y,matches_consensus,True,False,,0.017933357607735192,buried_core,False,False,False,False,16.45510306760591,True,True,unassigned_manual_review,,not_annotated_no_domain_boundaries,,True,False
9M8Q,A,VI-D,ternary,276,277,D,265.0,D,277.0,,ASP,True,1153,1154,four_layer_exact,high,1.0,0.1950113378684807,2.297177350744636,0.0,D,A;D;E;K;N;R;S,matches_consensus,True,False,,0.32015440080295715,surface,False,False,False,False,20.555792974641477,True,False,unassigned_manual_review,,not_annotated_no_domain_boundaries,,True,False
9M8Q,A,VI-D,ternary,277,278,R,266.0,R,278.0,,ARG,True,1154,1155,four_layer_exact,high,1.0,0.2789115646258503,2.3094382548538204,0.0,E,A;D;E;K;N;Q;R;S,differs_from_consensus,True,True,scaffold_differs_from_msa_consensus,0.13488389074921273,buried_core,False,False,False,False,18.686964097700805,True,True,unassigned_manual_review,,not_annotated_no_domain_boundaries,,True,False
9M8Q,A,VI-D,ternary,278,279,I,267.0,I,279.0,,ILE,True,1155,1156,four_layer_exact,high,1.0,0.2789115646258503,2.155414520474483,0.0,R,A;G;K;R,differs_from_consensus,True,True,scaffold_differs_from_msa_consensus,0.12202296704301026,buried_core,False,False,False,False,14.002915811879747,True,True,unassigned_manual_review,,not_annotated_no_domain_boundaries,,True,False
9M8Q,A,VI-D,ternary,279,280,T,268.0,T,280.0,,THR,True,1156,1157,four_layer_exact,high,1.0,0.3537414965986394,1.7471194004335109,0.0,I,F;I;L;V,differs_from_consensus,True,True,scaffold_differs_from_msa_consensus,0.006229412930597211,buried_core,False,False,False,False,17.057418798524075,True,True,unassigned_manual_review,,not_annotated_no_domain_boundaries,,True,False
9M8Q,A,VI-D,ternary,280,281,N,269.0,N,281.0,,ASN,True,1157,1158,four_layer_exact,high,1.0,0.2018140589569161,2.2584787038230623,0.0,D,D;E;K;N;T,differs_from_consensus,True,True,scaffold_differs_from_msa_consensus,0.3961313119496,surface,False,False,False,False,18.804095434269833,True,False,unassigned_manual_review,,not_annotated_no_domain_boundaries,,True,False
9M8Q,A,VI-D,ternary,281,282,E,270.0,E,282.0,,GLU,True,1158,1159,four_layer_exact,high,1.0,0.2176870748299319,2.312275293531052,0.0,E,A;D;E;K;Q;R;S;T,matches_consensus,True,False,,0.34809477737877514,surface,False,False,False,False,15.614065607353389,True,False,unassigned_manual_review,,not_annotated_no_domain_boundaries,,True,False
9M8Q,A,VI-D,ternary,282,283,L,271.0,L,283.0,,LEU,True,1159,1160,four_layer_exact,high,0.989010989010989,0.3931034482758621,1.3740939813341857,0.0109890109890109,I,I;L;V,differs_from_consensus,True,True,scaffold_differs_from_msa_consensus,0.2217323591052318,surface,False,False,False,False,11.621515251958463,True,False,unassigned_manual_review,,not_annotated_no_domain_boundaries,,True,False
9M8Q,A,VI-D,ternary,283,284,T,272.0,T,284.0,,THR,True,1160,1161,four_layer_exact,high,0.989010989010989,0.7517241379310344,1.1115490089747386,0.0109890109890109,N,D;N,differs_from_consensus,True,True,scaffold_differs_from_msa_consensus,0.21754988479931722,surface,False,False,False,False,16.459445952905426,True,False,unassigned_manual_review,,not_annotated_no_domain_boundaries,,True,False
9M8Q,A,VI-D,ternary,284,285,N,273.0,N,285.0,,ASN,True,1161,1162,four_layer_exact,high,0.9835164835164836,0.2638888888888889,2.2512048529561555,0.0164835164835165,K,A;D;E;K;N;R;S,differs_from_consensus,True,True,scaffold_differs_from_msa_consensus,0.4135536503839786,surface,False,False,False,False,17.466493640347498,True,False,unassigned_manual_review,,not_annotated_no_domain_boundaries,,True,False
9M8Q,A,VI-D,ternary,285,286,S,274.0,S,286.0,,SER,True,1162,1163,four_layer_exact,high,0.9835164835164836,0.2523148148148147,1.895333690020296,0.0164835164835165,D,D;E;G;N;S,differs_from_consensus,True,True,scaffold_differs_from_msa_consensus,0.3018942444192883,surface,False,False,False,False,12.666023098273653,True,False,unassigned_manual_review,,not_annotated_no_domain_boundaries,,True,False
9M8Q,A,VI-D,ternary,286,287,F,275.0,F,287.0,,PHE,True,1164,1165,four_layer_exact,high,0.9945054945054944,0.9657534246575342,0.1722554178011724,0.0054945054945054,F,F,matches_consensus,True,False,,0.18504127337301046,buried_core,False,False,False,False,12.423034834691554,True,True,unassigned_manual_review,,not_annotated_no_domain_boundaries,,True,False
9M8Q,A,VI-D,ternary,287,288,S,276.0,S,288.0,,SER,True,1165,1166,four_layer_exact,high,0.9945054945054944,0.2671232876712329,2.2388035855694746,0.0054945054945054,I,A;F;I;L;V,differs_from_consensus,True,True,scaffold_differs_from_msa_consensus,0.3536539899528105,surface,False,False,False,False,17.213714051726676,True,False,unassigned_manual_review,,not_annotated_no_domain_boundaries,,True,False
9M8Q,A,VI-D,ternary,288,289,K,277.0,K,289.0,,LYS,True,1166,1167,four_layer_exact,high,0.9945054945054944,0.3698630136986301,1.9018254981732936,0.0054945054945054,K,D;E;K;N;S;T,matches_consensus,True,False,,0.319915728047018,surface,False,False,False,False,17.738576606190534,True,False,unassigned_manual_review,,not_annotated_no_domain_boundaries,,True,False
9M8Q,A,VI-D,ternary,289,290,N,278.0,N,290.0,,ASN,True,1185,1186,four_layer_exact,high,1.0,0.4217687074829932,1.7103184593830911,0.0,N,H;K;N;Q;T,matches_consensus,True,False,,0.4200562638549627,surface,False,False,False,False,14.17138934157182,True,False,unassigned_manual_review,,not_annotated_no_domain_boundaries,,True,False
9M8Q,A,VI-D,ternary,290,291,S,279.0,S,291.0,,SER,True,1186,1187,four_layer_exact,high,1.0,0.3809523809523809,1.5139112730778306,0.0,N,A;N;S,differs_from_consensus,True,True,scaffold_differs_from_msa_consensus,0.27574249214378366,surface,False,False,False,False,11.463187645513015,True,False,unassigned_manual_review,,not_annotated_no_domain_boundaries,,True,False
9M8Q,A,VI-D,ternary,291,292,A,280.0,A,292.0,,ALA,True,1205,1206,four_layer_exact,high,0.989010989010989,0.4758620689655172,1.9274362618765344,0.0109890109890109,K,A;K;R;S,differs_from_consensus,True,True,scaffold_differs_from_msa_consensus,0.3578794221733973,surface,False,False,False,False,15.470369865725786,True,False,unassigned_manual_review,,not_annotated_no_domain_boundaries,,True,False
9M8Q,A,VI-D,ternary,292,293,A,281.0,A,293.0,,ALA,True,1206,1207,four_layer_exact,high,0.9835164835164836,0.2777777777777778,1.9833296245501533,0.0164835164835165,V,K;N;R;T;V,differs_from_consensus,True,True,scaffold_differs_from_msa_consensus,0.34106980708158957,surface,False,False,False,False,13.651736973743581,True,False,unassigned_manual_review,,not_annotated_no_domain_boundaries,,True,False
9M8Q,A,VI-D,ternary,293,294,N,282.0,N,294.0,,ASN,True,1208,1209,four_layer_exact,high,1.0,0.8299319727891157,0.5496289992148657,0.0,N,D;N,matches_consensus,True,False,,0.055736686894149984,buried_core,False,False,False,False,13.091946644060531,True,True,unassigned_manual_review,,not_annotated_no_domain_boundaries,,True,False
9M8Q,A,VI-D,ternary,294,295,V,283.0,V,295.0,,VAL,True,1209,1210,four_layer_exact,high,1.0,0.6122448979591837,1.1209026347865876,0.0,L,F;I;L;V,differs_from_consensus,True,True,scaffold_differs_from_msa_consensus,0.2914964659406694,surface,False,False,False,False,16.233011067675683,True,False,unassigned_manual_review,,not_annotated_no_domain_boundaries,,True,False
9M8Q,A,VI-D,ternary,295,296,N,284.0,N,296.0,,ASN,True,1210,1211,four_layer_exact,high,1.0,0.1972789115646258,2.6782287151563526,0.0,Y,A;K;L;N;Q;S;Y,differs_from_consensus,True,True,scaffold_differs_from_msa_consensus,0.3981649373725606,surface,False,False,False,False,18.320303641878674,True,False,unassigned_manual_review,,not_annotated_no_domain_boundaries,,True,False
9M8Q,A,VI-D,ternary,296,297,Y,285.0,Y,297.0,,TYR,True,1211,1212,four_layer_exact,high,1.0,0.6122448979591837,1.3254426319926962,0.0,I,I;L;V,differs_from_consensus,True,True,scaffold_differs_from_msa_consensus,0.25758728052645496,surface,False,False,False,False,13.894793916221772,True,False,unassigned_manual_review,,not_annotated_no_domain_boundaries,,True,False
9M8Q,A,VI-D,ternary,297,298,I,286.0,I,298.0,,ILE,True,1212,1213,four_layer_exact,high,1.0,0.782312925170068,0.6506324030379541,0.0,L,I;L,differs_from_consensus,True,True,scaffold_differs_from_msa_consensus,0.029268033991092336,buried_core,False,False,False,False,16.178791882213005,True,True,unassigned_manual_review,,not_annotated_no_domain_boundaries,,True,False
9M8Q,A,VI-D,ternary,298,299,A,287.0,A,299.0,,ALA,True,1213,1214,four_layer_exact,high,1.0,0.2789115646258503,2.4016508680885007,0.0,F,A;C;E;F;K;S,differs_from_consensus,True,True,scaffold_differs_from_msa_consensus,0.37009734389095367,surface,False,False,False,False,20.62158786068872,True,False,unassigned_manual_review,,not_annotated_no_domain_boundaries,,True,False
9M8Q,A,VI-D,ternary,299,300,E,288.0,E,300.0,,GLU,True,1214,1215,four_layer_exact,high,1.0,0.2267573696145124,2.253763267631969,0.0,E,D;E;K;N;Q;R;S,matches_consensus,True,False,,0.6453785903828624,surface,False,False,False,False,20.725480153351,True,False,unassigned_manual_review,,not_annotated_no_domain_boundaries,,True,False
9M8Q,A,VI-D,ternary,300,301,T,289.0,T,301.0,,THR,True,1219,1220,four_layer_exact,high,0.989010989010989,0.2850574712643677,1.7954617694267447,0.0109890109890109,I,A;I;L;V;Y,differs_from_consensus,True,True,scaffold_differs_from_msa_consensus,0.20274063621117774,surface,False,False,False,False,19.406683040870327,True,False,unassigned_manual_review,,not_annotated_no_domain_boundaries,,True,False
9M8Q,A,VI-D,ternary,301,302,L,290.0,L,302.0,,LEU,True,1220,1221,four_layer_exact,high,0.9835164835164836,0.4025607638888889,1.4280767284554827,0.0164835164835165,Y,F;L;Y,differs_from_consensus,True,True,scaffold_differs_from_msa_consensus,0.5145963152171315,surface,False,False,False,False,22.18143646830899,True,False,unassigned_manual_review,,not_annotated_no_domain_boundaries,,True,False
9M8Q,A,VI-D,ternary,302,303,G,291.0,G,303.0,,GLY,True,1239,1240,four_layer_exact,high,0.8406593406593407,0.2128851540616246,2.2749309544108747,0.1593406593406593,D,D;E;K;L;N;P;S,differs_from_consensus,True,True,scaffold_differs_from_msa_consensus,0.8307712194493522,surface,False,False,False,False,26.104601810195476,True,False,unassigned_manual_review,,not_annotated_no_domain_boundaries,,True,False
9M8Q,A,VI-D,ternary,303,304,I,292.0,I,304.0,,ILE,True,1244,1245,four_layer_exact,high,0.8956043956043956,0.3515625,2.327869116409754,0.1043956043956043,E,A;D;E;K;S,differs_from_consensus,True,True,scaffold_differs_from_msa_consensus,0.38403134783161574,surface,False,False,False,False,22.664222885049163,True,False,unassigned_manual_review,,not_annotated_no_domain_boundaries,,True,False
9M8Q,A,VI-D,ternary,304,305,N,293.0,N,305.0,,ASN,True,1245,1246,four_layer_exact,high,0.9010989010989012,0.2248062015503876,2.230511985753227,0.0989010989010988,E,D;E;K;N;Q;S,differs_from_consensus,True,True,scaffold_differs_from_msa_consensus,0.3291479811273033,surface,False,False,False,False,23.278459401395935,True,False,unassigned_manual_review,,not_annotated_no_domain_boundaries,,True,False
9M8Q,A,VI-D,ternary,305,306,P,294.0,P,306.0,,PRO,True,1246,1247,four_layer_exact,high,0.9010989010989012,0.3798449612403101,2.298417626079189,0.0989010989010988,K,F;K;L;Q;R,differs_from_consensus,True,True,scaffold_differs_from_msa_consensus,0.461591086757739,surface,False,False,False,False,21.718422011238914,True,False,unassigned_manual_review,,not_annotated_no_domain_boundaries,,True,False
9M8Q,A,VI-D,ternary,306,307,A,295.0,A,307.0,,ALA,True,1247,1248,four_layer_exact,high,0.967032967032967,0.2907801418439716,2.215610866826668,0.0329670329670329,K,A;D;E;K;N,differs_from_consensus,True,True,scaffold_differs_from_msa_consensus,0.40925210903705733,surface,False,False,False,False,21.106393488557053,True,False,unassigned_manual_review,,not_annotated_no_domain_boundaries,,True,False
9M8Q,A,VI-D,ternary,307,308,E,296.0,E,308.0,,GLU,True,1248,1249,four_layer_exact,high,0.978021978021978,0.2657342657342657,2.210779940638721,0.021978021978022,E,A;D;E;K;N;Q;T,matches_consensus,True,False,,0.41008310577915236,surface,False,False,False,False,19.169791305844164,True,False,unassigned_manual_review,,not_annotated_no_domain_boundaries,,True,False
9M8Q,A,VI-D,ternary,308,309,F,297.0,F,309.0,,PHE,True,1255,1256,four_layer_exact,high,1.0,0.5034013605442177,1.4518623197294174,0.0,L,I;L;V,differs_from_consensus,True,True,scaffold_differs_from_msa_consensus,0.029715539512142453,buried_core,False,False,False,False,17.036891644131174,True,True,unassigned_manual_review,,not_annotated_no_domain_boundaries,,True,False
9M8Q,A,VI-D,ternary,309,310,A,298.0,A,310.0,,ALA,True,1256,1257,four_layer_exact,high,1.0,0.2993197278911564,1.9395287444864755,0.0,A,A;I;L;T;V,matches_consensus,True,False,,0.26106527796232915,surface,False,False,False,False,16.544176661564837,True,False,unassigned_manual_review,,not_annotated_no_domain_boundaries,,True,False
9M8Q,A,VI-D,ternary,310,311,E,299.0,E,311.0,,GLU,True,1257,1258,four_layer_exact,high,1.0,0.2585034013605442,2.084442976404572,0.0,R,E;K;N;Q;R,differs_from_consensus,True,True,scaffold_differs_from_msa_consensus,0.2398675585041407,surface,False,False,False,False,15.767128642700744,True,False,unassigned_manual_review,,not_annotated_no_domain_boundaries,,True,False
9M8Q,A,VI-D,ternary,311,312,Q,300.0,Q,312.0,,GLN,True,1258,1259,four_layer_exact,high,1.0,0.3265306122448979,2.0622700135974417,0.0,E,A;D;E;K;L;Q,differs_from_consensus,True,True,scaffold_differs_from_msa_consensus,0.2568329347302104,surface,False,False,False,False,12.918900913728514,True,False,unassigned_manual_review,,not_annotated_no_domain_boundaries,,True,False
9M8Q,A,VI-D,ternary,312,313,Y,301.0,Y,313.0,,TYR,True,1259,1260,four_layer_exact,high,1.0,0.8299319727891157,0.5763658118470587,0.0,Y,F;Y,matches_consensus,True,False,,0.02444393210789476,buried_core,False,False,False,False,11.60490498216989,True,True,unassigned_manual_review,,not_annotated_no_domain_boundaries,,True,False
9M8Q,A,VI-D,ternary,313,314,F,302.0,F,314.0,,PHE,True,1260,1261,four_layer_exact,high,1.0,0.8639455782312925,0.5195563462488444,0.0,Y,F;Y,differs_from_consensus,True,True,scaffold_differs_from_msa_consensus,0.11022408724813687,buried_core,False,False,False,False,11.217509876674603,True,True,unassigned_manual_review,,not_annotated_no_domain_boundaries,,True,False
9M8Q,A,VI-D,ternary,314,315,R,303.0,R,315.0,,ARG,True,1261,1262,four_layer_exact,high,1.0,0.3877551020408163,1.9020060843287692,0.0,D,D;E;K;N;R,differs_from_consensus,True,True,scaffold_differs_from_msa_consensus,0.2963519385331024,surface,False,False,False,False,10.121494028987252,True,False,unassigned_manual_review,,not_annotated_no_domain_boundaries,,True,False
9M8Q,A,VI-D,ternary,315,316,F,304.0,F,316.0,,PHE,True,1262,1263,four_layer_exact,high,1.0,0.8231292517006803,0.6533785638727668,0.0,F,F;L;Y,matches_consensus,True,False,,0.03522248963449756,buried_core,False,True,False,False,7.331084942928345,True,True,unassigned_manual_review,,not_annotated_no_domain_boundaries,,True,False
9M8Q,A,VI-D,ternary,316,317,S,305.0,S,317.0,,SER,True,1263,1264,four_layer_exact,high,1.0,0.238095238095238,1.9716622477744783,0.0,I,A;I;L;S;T;V,differs_from_consensus,True,True,scaffold_differs_from_msa_consensus,0.27146538602680864,surface,False,True,False,False,6.3053433016198985,True,False,unassigned_manual_review,,not_annotated_no_domain_boundaries,,True,False
9M8Q,A,VI-D,ternary,317,318,I,306.0,I,318.0,,ILE,True,1264,1265,four_layer_exact,high,1.0,0.5238095238095238,1.256953151755419,0.0,V,I;V,differs_from_consensus,True,True,scaffold_differs_from_msa_consensus,0.25797342762509634,surface,False,True,False,False,6.259391818977559,True,False,unassigned_manual_review,,not_annotated_no_domain_boundaries,,True,False
9M8Q,A,VI-D,ternary,318,319,M,307.0,M,319.0,,MET,True,1265,1266,four_layer_exact,high,1.0,0.2312925170068027,2.29246263815805,0.0,L,K;L;R;T;V,differs_from_consensus,True,True,scaffold_differs_from_msa_consensus,0.17946460233369324,buried_core,False,True,False,False,5.809504055422703,True,True,unassigned_manual_review,,not_annotated_no_domain_boundaries,,True,False
9M8Q,A,VI-D,ternary,319,320,K,308.0,K,320.0,,LYS,True,1266,1267,four_layer_exact,high,1.0,0.8979591836734694,0.5457328038407442,0.0,K,K,matches_consensus,True,False,,0.3962750660958391,surface,True,False,True,True,3.209362773074826,True,False,unassigned_manual_review,,not_annotated_no_domain_boundaries,,True,False
9M8Q,A,VI-D,ternary,320,321,E,309.0,E,321.0,,GLU,True,1267,1268,four_layer_exact,high,1.0,0.3537414965986394,2.046123816334197,0.0,E,D;E;K;N;Q;S;T,matches_consensus,True,False,,0.3040809234233878,surface,False,True,False,False,5.671072550515384,True,False,unassigned_manual_review,,not_annotated_no_domain_boundaries,,True,False
9M8Q,A,VI-D,ternary,321,322,Q,310.0,Q,322.0,,GLN,True,1268,1269,four_layer_exact,high,1.0,0.3333333333333333,2.0479296015683297,0.0,Y,D;G;H;N;Q;Y,differs_from_consensus,True,True,scaffold_differs_from_msa_consensus,0.12314004382101201,buried_core,True,False,True,False,4.023289694967511,True,True,unassigned_manual_review,,not_annotated_no_domain_boundaries,,True,False
9M8Q,A,VI-D,ternary,322,323,K,311.0,K,323.0,,LYS,True,1270,1271,four_layer_exact,high,1.0,0.8299319727891157,0.7833546044022643,0.0,K,K,matches_consensus,True,False,,0.38618900950515567,surface,True,False,True,True,4.339126601945125,True,False,unassigned_manual_review,,not_annotated_no_domain_boundaries,,True,False
9M8Q,A,VI-D,ternary,323,324,N,312.0,N,324.0,,ASN,True,1271,1272,four_layer_exact,high,1.0,0.8979591836734694,0.5098511654738686,0.0,N,N,matches_consensus,True,False,,0.2617058166702671,surface,True,False,False,True,2.497120332592204,True,False,unassigned_manual_review,,not_annotated_no_domain_boundaries,,True,False
9M8Q,A,VI-D,ternary,324,325,L,313.0,L,325.0,,LEU,True,1272,1273,four_layer_exact,high,1.0,0.4761904761904761,1.4215496408747057,0.0,L,I;L;M,matches_consensus,True,False,,0.1235703738685639,buried_core,False,True,False,False,5.0428482177413265,True,True,unassigned_manual_review,,not_annotated_no_domain_boundaries,,True,False
9M8Q,A,VI-D,ternary,325,326,G,314.0,G,326.0,,GLY,True,1273,1274,four_layer_exact,high,1.0,0.9931972789115646,0.0407280509323613,0.0,G,G,matches_consensus,True,False,,0.13824518056878546,buried_core,True,False,True,False,2.246873433385871,True,True,unassigned_manual_review,,not_annotated_no_domain_boundaries,,True,False
9M8Q,A,VI-D,ternary,326,327,F,315.0,F,327.0,,PHE,True,1274,1275,four_layer_exact,high,1.0,0.673469387755102,1.024525939789765,0.0,F,F;I;L;V,matches_consensus,True,False,,0.024024177901021626,buried_core,True,False,True,False,3.685177161481913,True,True,unassigned_manual_review,,not_annotated_no_domain_boundaries,,True,False
9M8Q,A,VI-D,ternary,327,328,N,316.0,N,328.0,,ASN,True,1275,1276,four_layer_exact,high,1.0,0.6802721088435374,0.8701824883160747,0.0,S,N;S,differs_from_consensus,True,True,scaffold_differs_from_msa_consensus,0.1360095024060043,buried_core,True,False,True,False,2.6976026260564416,True,True,unassigned_manual_review,,not_annotated_no_domain_boundaries,,True,False
9M8Q,A,VI-D,ternary,328,329,I,317.0,I,329.0,,ILE,True,1276,1277,four_layer_exact,high,1.0,0.4897959183673469,1.4029766224170417,0.0,I,I;L;V,matches_consensus,True,False,,0.08524241223976406,buried_core,False,True,False,False,5.173289329199826,True,True,unassigned_manual_review,,not_annotated_no_domain_boundaries,,True,False
9M8Q,A,VI-D,ternary,329,330,T,318.0,T,330.0,,THR,True,1277,1278,four_layer_exact,high,1.0,0.6326530612244898,1.231637905784032,0.0,K,K;R;T,differs_from_consensus,True,True,scaffold_differs_from_msa_consensus,0.18507677580533918,buried_core,True,False,True,True,4.255289057120326,True,True,unassigned_manual_review,,not_annotated_no_domain_boundaries,,True,False
9M8Q,A,VI-D,ternary,330,331,K,319.0,K,331.0,,LYS,True,1278,1279,four_layer_exact,high,1.0,0.5374149659863946,1.6664890810719153,0.0,K,K;L;R;T,matches_consensus,True,False,,0.2920443167343661,surface,True,False,False,True,4.017414997510339,True,False,unassigned_manual_review,,not_annotated_no_domain_boundaries,,True,False
9M8Q,A,VI-D,ternary,331,332,L,320.0,L,332.0,,LEU,True,1279,1280,four_layer_exact,high,1.0,0.7074829931972789,0.9403957543104906,0.0,L,I;L;V,matches_consensus,True,False,,0.0,buried_core,False,True,False,False,7.7976821018132965,True,True,unassigned_manual_review,,not_annotated_no_domain_boundaries,,True,False
9M8Q,A,VI-D,ternary,332,333,R,321.0,R,333.0,,ARG,True,1280,1281,four_layer_exact,high,1.0,0.9183673469387756,0.3724215158765141,0.0,R,K;R,matches_consensus,True,False,,0.08423137324938709,buried_core,True,False,False,True,2.261388641473356,True,True,unassigned_manual_review,,not_annotated_no_domain_boundaries,,True,False
9M8Q,A,VI-D,ternary,333,334,E,322.0,E,334.0,,GLU,True,1281,1282,four_layer_exact,high,1.0,0.9387755102040816,0.3329962617527603,0.0,E,E,matches_consensus,True,False,,0.11303196786146277,buried_core,True,False,False,True,2.86254378972088,True,True,unassigned_manual_review,,not_annotated_no_domain_boundaries,,True,False
9M8Q,A,VI-D,ternary,334,335,V,323.0,V,335.0,,VAL,True,1282,1283,four_layer_exact,high,0.9835164835164836,0.1529947916666666,2.6583769167918456,0.0164835164835165,I,A;C;E;I;K;L;N;Q;S;T,differs_from_consensus,True,True,scaffold_differs_from_msa_consensus,0.12336189370554082,buried_core,False,False,False,False,8.260396303337675,True,True,unassigned_manual_review,,not_annotated_no_domain_boundaries,,True,False
9M8Q,A,VI-D,ternary,335,336,M,324.0,M,336.0,,MET,True,1283,1284,four_layer_exact,high,0.9835164835164836,0.388671875,1.4537946797931418,0.0164835164835165,M,I;L;M,matches_consensus,True,False,,0.016173592179106022,buried_core,False,False,False,False,10.653550394721618,True,True,unassigned_manual_review,,not_annotated_no_domain_boundaries,,True,False
9M8Q,A,VI-D,ternary,336,337,L,325.0,L,337.0,,LEU,True,1284,1285,four_layer_exact,high,0.989010989010989,0.4896551724137931,1.4849654532787977,0.0109890109890109,L,F;I;L;V,matches_consensus,True,False,,0.031983851464558816,buried_core,False,True,False,False,6.198573777426772,True,True,unassigned_manual_review,,not_annotated_no_domain_boundaries,,True,False
9M8Q,A,VI-D,ternary,337,338,D,326.0,D,338.0,,ASP,True,1285,1286,four_layer_exact,high,0.967032967032967,0.3215130023640661,2.0545554518651894,0.0329670329670329,E,A;D;E;K;T,differs_from_consensus,True,True,scaffold_differs_from_msa_consensus,0.5275875456449126,surface,False,True,False,False,7.958672363087133,True,False,unassigned_manual_review,,not_annotated_no_domain_boundaries,,True,False
9M8Q,A,VI-D,ternary,338,339,R,327.0,R,339.0,,ARG,True,1286,1287,four_layer_exact,high,0.9505494505494504,0.1857142857142857,2.6199475077964154,0.0494505494505495,L,D;E;I;K;L;N;Q;R;S,differs_from_consensus,True,True,scaffold_differs_from_msa_consensus,0.23774188149839984,surface,False,False,False,False,12.911163121696791,True,False,unassigned_manual_review,,not_annotated_no_domain_boundaries,,True,False
9M8Q,A,VI-D,ternary,339,340,K,328.0,K,340.0,,LYS,True,1294,1295,four_layer_exact,high,0.6648351648351648,0.2183908045977011,2.2766275839962757,0.3351648351648352,P,D;E;K;P;S;T,differs_from_consensus,False,True,scaffold_differs_from_msa_consensus,0.7739357164931607,surface,False,False,False,False,15.930440260756113,True,False,unassigned_manual_review,,not_annotated_no_domain_boundaries,,False,False
9M8Q,A,VI-D,ternary,340,341,D,329.0,D,341.0,,ASP,True,1295,1296,four_layer_exact,high,0.7527472527472527,0.2721480582524271,2.300478646670668,0.2472527472527472,E,D;E;G;N;Q;Y,differs_from_consensus,False,True,scaffold_differs_from_msa_consensus,0.4547331330133296,surface,False,False,False,False,15.44951540547454,True,False,unassigned_manual_review,,not_annotated_no_domain_boundaries,,False,False
9M8Q,A,VI-D,ternary,341,342,M,330.0,M,342.0,,MET,True,1296,1297,four_layer_exact,high,0.7527472527472527,0.3689320388349514,2.0793457834291,0.2472527472527472,A,A;F;G;L;Y,differs_from_consensus,False,True,scaffold_differs_from_msa_consensus,0.026899269997805654,buried_core,False,False,False,False,10.965170189324915,True,True,unassigned_manual_review,,not_annotated_no_domain_boundaries,,False,False
9M8Q,A,VI-D,ternary,342,343,S,331.0,S,343.0,,SER,True,1297,1298,four_layer_exact,high,0.7637362637362637,0.2,2.495497538984417,0.2362637362637363,S,A;E;K;N;P;Q;S;T,matches_consensus,False,False,,0.2152857641914605,surface,False,False,False,False,11.250414942272267,True,False,unassigned_manual_review,,not_annotated_no_domain_boundaries,,False,False
9M8Q,A,VI-D,ternary,343,344,E,332.0,E,344.0,,GLU,True,1298,1299,four_layer_exact,high,0.5439560439560439,0.1354166666666666,2.80145769037482,0.4560439560439561,E,D;E;F;G;K;R;V;Y,matches_consensus,False,False,,0.35784149110331054,surface,False,False,False,False,11.049735025735936,True,False,unassigned_manual_review,,not_annotated_no_domain_boundaries,,False,False
9M8Q,A,VI-D,ternary,344,345,I,333.0,I,345.0,,ILE,True,1304,1305,four_layer_exact,high,0.7692307692307693,0.437956204379562,1.5540738784102612,0.2307692307692307,L,F;I;L;V;Y,differs_from_consensus,False,True,scaffold_differs_from_msa_consensus,0.029959248163565412,buried_core,False,True,False,False,7.090674419597179,True,True,unassigned_manual_review,,not_annotated_no_domain_boundaries,,False,False
9M8Q,A,VI-D,ternary,345,346,R,334.0,R,346.0,,ARG,True,1317,1318,four_layer_exact,high,0.7417582417582418,0.3939393939393939,1.895624631418794,0.2582417582417582,K,K;N;R;S;T,differs_from_consensus,False,True,scaffold_differs_from_msa_consensus,0.40074114612791584,surface,False,True,False,False,5.438891830989369,True,False,unassigned_manual_review,,not_annotated_no_domain_boundaries,,False,False
9M8Q,A,VI-D,ternary,346,347,K,335.0,K,347.0,,LYS,True,1318,1319,four_layer_exact,high,0.9505494505494504,0.4364508393285372,1.726737219707108,0.0494505494505495,D,D;E;G;N;S,differs_from_consensus,True,True,scaffold_differs_from_msa_consensus,0.692390620672592,surface,False,True,False,False,7.811791179032501,True,False,unassigned_manual_review,,not_annotated_no_domain_boundaries,,True,False
9M8Q,A,VI-D,ternary,347,348,N,336.0,N,348.0,,ASN,True,1319,1320,four_layer_exact,high,0.9505494505494504,0.4170413669064748,1.9166068960674485,0.0494505494505495,K,D;E;K;N;Q;T,differs_from_consensus,True,True,scaffold_differs_from_msa_consensus,0.2904844164503053,surface,False,False,False,False,8.018136513699103,True,False,unassigned_manual_review,,not_annotated_no_domain_boundaries,,True,False
9M8Q,A,VI-D,ternary,348,349,H,337.0,H,349.0,,HIS,True,1320,1321,four_layer_exact,high,0.945054945054945,0.2900815217391304,2.26751313735381,0.0549450549450549,K,D;E;K;Q;S,differs_from_consensus,True,True,scaffold_differs_from_msa_consensus,0.27617438078416273,surface,True,False,True,False,3.595062151241213,True,False,unassigned_manual_review,,not_annotated_no_domain_boundaries,,True,False
9M8Q,A,VI-D,ternary,349,350,K,338.0,K,350.0,,LYS,True,1321,1322,four_layer_exact,high,0.0934065934065934,0.1764705882352941,2.088501619335465,0.9065934065934066,K,A;E;K;M;N;P;R;S;V,matches_consensus,False,False,,0.7155419221415581,surface,False,True,False,False,6.5895818469505025,True,False,unassigned_manual_review,,not_annotated_no_domain_boundaries,,False,False
9M8Q,A,VI-D,ternary,350,351,V,339.0,V,351.0,,VAL,True,1327,1328,four_layer_exact,high,0.0879120879120879,0.5,1.5268781472745927,0.912087912087912,V,A;E;I;K;N;Q;V,matches_consensus,False,False,,0.4541529672341868,surface,False,False,False,False,9.136602354727687,True,False,unassigned_manual_review,,not_annotated_no_domain_boundaries,,False,False
9M8Q,A,VI-D,ternary,351,352,F,340.0,F,352.0,,PHE,True,1328,1329,four_layer_exact,high,0.9835164835164836,0.5763888888888888,1.5655954542862445,0.0164835164835165,Y,F;H;L;M;Y,differs_from_consensus,True,True,scaffold_differs_from_msa_consensus,0.05031784233499651,buried_core,False,True,False,False,7.076462657223478,True,True,unassigned_manual_review,,not_annotated_no_domain_boundaries,,True,False
9M8Q,A,VI-D,ternary,352,353,D,341.0,D,353.0,,ASP,True,1329,1330,four_layer_exact,high,0.989010989010989,0.7034482758620689,0.9771299884301744,0.0109890109890109,D,D;N;S,matches_consensus,True,False,,0.3637689525582407,surface,True,False,False,True,4.584541122938412,True,False,unassigned_manual_review,,not_annotated_no_domain_boundaries,,True,False
9M8Q,A,VI-D,ternary,353,354,S,342.0,S,354.0,,SER,True,1339,1340,four_layer_exact,high,1.0,0.5644132653061225,1.3492588774272718,0.0,S,N;S;T,matches_consensus,True,False,,0.4834680034802105,surface,False,True,False,False,6.687904118357136,True,False,unassigned_manual_review,,not_annotated_no_domain_boundaries,,True,False
9M8Q,A,VI-D,ternary,354,355,I,343.0,I,355.0,,ILE,True,1340,1341,four_layer_exact,high,1.0,0.4217687074829932,1.925199117995484,0.0,V,C;F;I;V;Y,differs_from_consensus,True,True,scaffold_differs_from_msa_consensus,0.19003286648343862,buried_core,False,True,False,False,6.75746049401764,True,True,unassigned_manual_review,,not_annotated_no_domain_boundaries,,True,False
9M8Q,A,VI-D,ternary,355,356,R,344.0,R,356.0,,ARG,True,1341,1342,four_layer_exact,high,1.0,0.891156462585034,0.447573497919058,0.0,R,K;R,matches_consensus,True,False,,0.09429478884083145,buried_core,True,False,False,True,3.338300027685396,True,True,unassigned_manual_review,,not_annotated_no_domain_boundaries,,True,False
9M8Q,A,VI-D,ternary,356,357,T,345.0,T,357.0,,THR,True,1342,1343,four_layer_exact,high,1.0,0.4285714285714285,1.8646521770095157,0.0,S,G;H;N;Q;S,differs_from_consensus,True,True,scaffold_differs_from_msa_consensus,0.30476166582767816,surface,True,False,False,True,3.318653127120829,True,False,unassigned_manual_review,,not_annotated_no_domain_boundaries,,True,False
9M8Q,A,VI-D,ternary,357,358,K,346.0,K,358.0,,LYS,True,1343,1344,four_layer_exact,high,1.0,0.8843537414965986,0.5502227380803095,0.0,K,K;R,matches_consensus,True,False,,0.24077986106042096,surface,False,True,False,False,7.241143204008262,True,False,unassigned_manual_review,,not_annotated_no_domain_boundaries,,True,False
9M8Q,A,VI-D,ternary,358,359,V,347.0,V,359.0,,VAL,True,1344,1345,four_layer_exact,high,1.0,0.6326530612244898,1.2602980918772664,0.0,L,F;I;L;M,differs_from_consensus,True,True,scaffold_differs_from_msa_consensus,0.10410588069309624,buried_core,False,False,False,False,8.495357565407318,True,True,unassigned_manual_review,,not_annotated_no_domain_boundaries,,True,False
9M8Q,A,VI-D,ternary,359,360,Y,348.0,Y,360.0,,TYR,True,1345,1346,four_layer_exact,high,1.0,0.7414965986394558,0.8412463775084362,0.0,Y,N;Y,matches_consensus,True,False,,0.04029017323347854,buried_core,True,False,False,True,2.987393596909598,True,True,unassigned_manual_review,,not_annotated_no_domain_boundaries,,True,False
9M8Q,A,VI-D,ternary,360,361,T,349.0,T,361.0,,THR,True,1346,1347,four_layer_exact,high,1.0,0.2789115646258503,2.131463212267474,0.0,K,K;Q;R;S;T,differs_from_consensus,True,True,scaffold_differs_from_msa_consensus,0.2836983829897726,surface,False,True,False,False,7.0084297149188,True,False,unassigned_manual_review,,not_annotated_no_domain_boundaries,,True,False
9M8Q,A,VI-D,ternary,361,362,M,350.0,M,362.0,,MET,True,1347,1348,four_layer_exact,high,1.0,0.4421768707482993,1.7099606389579318,0.0,L,F;I;L;M;V,differs_from_consensus,True,True,scaffold_differs_from_msa_consensus,0.05497226145093997,buried_core,False,False,False,False,10.337103289328727,True,True,unassigned_manual_review,,not_annotated_no_domain_boundaries,,True,False
9M8Q,A,VI-D,ternary,362,363,M,351.0,M,363.0,,MET,True,1348,1349,four_layer_exact,high,1.0,0.272108843537415,1.916129955052642,0.0,I,F;I;L;M;T,differs_from_consensus,True,True,scaffold_differs_from_msa_consensus,0.005744626566564195,buried_core,False,False,False,False,9.904758537714274,True,True,unassigned_manual_review,,not_annotated_no_domain_boundaries,,True,False
9M8Q,A,VI-D,ternary,363,364,D,352.0,D,364.0,,ASP,True,1349,1350,four_layer_exact,high,1.0,0.8299319727891157,0.7323686358194832,0.0,D,D;N,matches_consensus,True,False,,0.15412647047438666,buried_core,False,True,False,False,6.826493281348941,True,True,unassigned_manual_review,,not_annotated_no_domain_boundaries,,True,False
9M8Q,A,VI-D,ternary,364,365,F,353.0,F,365.0,,PHE,True,1350,1351,four_layer_exact,high,1.0,0.8775510204081632,0.4144903141283139,0.0,F,F;Y,matches_consensus,True,False,,0.020127136933998604,buried_core,False,False,False,False,10.628498345612138,True,True,unassigned_manual_review,,not_annotated_no_domain_boundaries,,True,False
9M8Q,A,VI-D,ternary,365,366,V,354.0,V,366.0,,VAL,True,1351,1352,four_layer_exact,high,1.0,0.2993197278911564,1.8451094753767685,0.0,I,A;C;I;L;M;V,differs_from_consensus,True,True,scaffold_differs_from_msa_consensus,0.040859770714151165,buried_core,False,False,False,False,13.352498446007603,True,True,unassigned_manual_review,,not_annotated_no_domain_boundaries,,True,False
9M8Q,A,VI-D,ternary,366,367,I,355.0,I,367.0,,ILE,True,1352,1353,four_layer_exact,high,1.0,0.5850340136054422,0.8941066555717766,0.0,I,I;L,matches_consensus,True,False,,0.0,buried_core,False,False,False,False,11.570065706401401,True,True,unassigned_manual_review,,not_annotated_no_domain_boundaries,,True,False
9M8Q,A,VI-D,ternary,367,368,Y,356.0,Y,368.0,,TYR,True,1353,1354,four_layer_exact,high,1.0,0.4897959183673469,1.630093046751539,0.0,Y,F;V;W;Y,matches_consensus,True,False,,0.06273113098337355,buried_core,False,False,False,False,9.032660050772808,True,True,unassigned_manual_review,,not_annotated_no_domain_boundaries,,True,False
9M8Q,A,VI-D,ternary,368,369,R,357.0,R,369.0,,ARG,True,1354,1355,four_layer_exact,high,0.9945054945054944,0.2330907534246575,2.197380744921965,0.0054945054945054,R,D;H;K;R;Y,matches_consensus,True,False,,0.17952940791937583,buried_core,False,False,False,False,13.635254928017648,True,True,unassigned_manual_review,,not_annotated_no_domain_boundaries,,True,False
9M8Q,A,VI-D,ternary,369,370,Y,358.0,Y,370.0,,TYR,True,1355,1356,four_layer_exact,high,0.989010989010989,0.3586206896551724,2.3468570009870247,0.0109890109890109,Y,E;G;H;Y,matches_consensus,True,False,,0.14124046312368121,buried_core,False,False,False,False,15.564754988730389,True,True,unassigned_manual_review,,not_annotated_no_domain_boundaries,,True,False
9M8Q,A,VI-D,ternary,370,371,Y,359.0,Y,371.0,,TYR,True,1356,1357,four_layer_exact,high,0.989010989010989,0.5103448275862069,1.398364346465243,0.0109890109890109,Y,F;I;L;Y,matches_consensus,True,False,,0.05406540003241295,buried_core,False,False,False,False,11.843144530818646,True,True,unassigned_manual_review,,not_annotated_no_domain_boundaries,,True,False
9M8Q,A,VI-D,ternary,371,372,I,360.0,I,372.0,,ILE,True,1357,1358,four_layer_exact,high,0.9725274725274724,0.1549295774647887,2.615096154671812,0.0274725274725274,K,E;I;K;L;N;R;S;T;V,differs_from_consensus,True,True,scaffold_differs_from_msa_consensus,0.39707358202355414,surface,False,False,False,False,12.850754463862591,True,False,unassigned_manual_review,,not_annotated_no_domain_boundaries,,True,False
9M8Q,A,VI-D,ternary,372,373,E,361.0,E,373.0,,GLU,True,1364,1365,four_layer_exact,high,0.8406593406593407,0.2370233050847457,2.2794906108007345,0.1593406593406593,E,D;E;K;N;Q;S,matches_consensus,True,False,,0.3587650348163094,surface,False,False,False,False,16.672379725506154,True,False,unassigned_manual_review,,not_annotated_no_domain_boundaries,,True,False
9M8Q,A,VI-D,ternary,373,374,E,362.0,E,374.0,,GLU,True,1365,1366,four_layer_exact,high,0.0879120879120879,0.2,2.083766037485648,0.912087912087912,E,E;H;I;K;N;Q;R;T;Y,matches_consensus,False,False,,0.2847014385814121,surface,False,False,False,False,15.790753812641723,True,False,unassigned_manual_review,,not_annotated_no_domain_boundaries,,False,False
9M8Q,A,VI-D,ternary,374,375,D,363.0,D,375.0,,ASP,True,1366,1367,four_layer_exact,high,0.0219780219780219,0.5,1.039720770839918,0.978021978021978,A,A;D;E,differs_from_consensus,False,True,scaffold_differs_from_msa_consensus,0.24779815035567707,surface,False,False,False,False,10.518552397836933,True,False,unassigned_manual_review,,not_annotated_no_domain_boundaries,,False,False
9M8Q,A,VI-D,ternary,375,376,A,364.0,A,376.0,,ALA,True,1367,1368,four_layer_exact,high,0.0219780219780219,0.25,1.3862943611198906,0.978021978021978,A,A;F;K;L,matches_consensus,False,False,,0.45132246699314366,surface,False,False,False,False,15.185187808104681,True,False,unassigned_manual_review,,not_annotated_no_domain_boundaries,,False,False
9M8Q,A,VI-D,ternary,376,377,K,365.0,K,377.0,,LYS,True,1368,1369,four_layer_exact,high,0.0109890109890109,1.0,-0.0,0.989010989010989,K,K,matches_consensus,False,False,,0.5862378023277862,surface,False,False,False,False,17.515967478282686,True,False,unassigned_manual_review,,not_annotated_no_domain_boundaries,,False,False
9M8Q,A,VI-D,ternary,377,378,V,366.0,V,378.0,,VAL,True,1369,1370,four_layer_exact,high,0.0109890109890109,0.5,0.6931471805599453,0.989010989010989,I,I;T,differs_from_consensus,False,True,scaffold_differs_from_msa_consensus,0.2151521534323989,surface,False,False,False,False,14.787691809608148,True,False,unassigned_manual_review,,not_annotated_no_domain_boundaries,,False,False
9M8Q,A,VI-D,ternary,378,379,A,367.0,A,379.0,,ALA,True,1370,1371,four_layer_exact,high,0.0109890109890109,1.0,-0.0,0.989010989010989,E,E,differs_from_consensus,False,True,scaffold_differs_from_msa_consensus,0.35379583879235904,surface,False,False,False,False,14.090928871819523,True,False,unassigned_manual_review,,not_annotated_no_domain_boundaries,,False,False
9M8Q,A,VI-D,ternary,379,380,A,368.0,A,380.0,,ALA,True,1371,1372,four_layer_exact,high,0.0109890109890109,0.5,0.6931471805599453,0.989010989010989,A,A;N,matches_consensus,False,False,,0.48788427358875874,surface,False,False,False,False,17.151756424896796,True,False,unassigned_manual_review,,not_annotated_no_domain_boundaries,,False,False
9M8Q,A,VI-D,ternary,380,381,A,369.0,A,381.0,,ALA,True,1372,1373,four_layer_exact,high,0.0109890109890109,1.0,-0.0,0.989010989010989,E,E,differs_from_consensus,False,True,scaffold_differs_from_msa_consensus,0.3267670368067579,surface,False,False,False,False,18.920835623178505,True,False,unassigned_manual_review,,not_annotated_no_domain_boundaries,,False,False
9M8Q,A,VI-D,ternary,381,382,N,370.0,N,382.0,,ASN,True,1373,1374,four_layer_exact,high,0.0109890109890109,1.0,-0.0,0.989010989010989,N,N,matches_consensus,False,False,,0.20413643739713377,surface,False,False,False,False,13.31887461913339,True,False,unassigned_manual_review,,not_annotated_no_domain_boundaries,,False,False
9M8Q,A,VI-D,ternary,382,383,K,371.0,K,383.0,,LYS,True,1374,1375,four_layer_exact,high,0.0109890109890109,0.5,0.6931471805599453,0.989010989010989,K,K;R,matches_consensus,False,False,,0.7673075417147505,surface,False,False,False,False,15.706760058068795,True,False,unassigned_manual_review,,not_annotated_no_domain_boundaries,,False,False
9M8Q,A,VI-D,ternary,383,384,S,372.0,S,384.0,,SER,True,1375,1376,four_layer_exact,high,0.0164835164835164,0.3333333333333333,1.0986122886681096,0.9835164835164836,G,G;N;T,differs_from_consensus,False,True,scaffold_differs_from_msa_consensus,0.5858015534546946,surface,False,False,False,False,19.606781376669797,True,False,unassigned_manual_review,,not_annotated_no_domain_boundaries,,False,False
9M8Q,A,VI-D,ternary,384,385,L,373.0,L,385.0,,LEU,True,1376,1377,four_layer_exact,high,0.0164835164835164,1.0,-0.0,0.9835164835164836,L,L,matches_consensus,False,False,,0.46989773494185577,surface,False,False,False,False,18.42920118207254,True,False,unassigned_manual_review,,not_annotated_no_domain_boundaries,,False,False
9M8Q,A,VI-D,ternary,385,386,P,374.0,P,386.0,,PRO,True,1377,1378,four_layer_exact,high,0.0109890109890109,0.5,0.6931471805599453,0.989010989010989,P,P;S,matches_consensus,False,False,,0.5468505129237358,surface,False,False,False,False,16.93141589499534,True,False,unassigned_manual_review,,not_annotated_no_domain_boundaries,,False,False
9M8Q,A,VI-D,ternary,386,387,D,375.0,D,387.0,,ASP,True,1378,1379,four_layer_exact,high,0.956043956043956,0.2568195443645084,2.1486389561885093,0.0439560439560439,N,D;E;H;K;N;R;S,differs_from_consensus,True,True,scaffold_differs_from_msa_consensus,0.5830245128298938,surface,False,False,False,False,12.229297924243705,True,False,unassigned_manual_review,,not_annotated_no_domain_boundaries,,True,False
9M8Q,A,VI-D,ternary,387,388,N,376.0,N,388.0,,ASN,True,1379,1380,four_layer_exact,high,0.934065934065934,0.2,2.290201628033181,0.0659340659340659,P,A;D;E;K;N;P;Q;S,differs_from_consensus,True,True,scaffold_differs_from_msa_consensus,0.7803694240922129,surface,False,False,False,False,14.204637022670886,True,False,unassigned_manual_review,,not_annotated_no_domain_boundaries,,True,False
9M8Q,A,VI-D,ternary,388,389,E,377.0,E,389.0,,GLU,True,1380,1381,four_layer_exact,high,0.8241758241758241,0.3046195652173913,2.126673938915689,0.1758241758241758,E,A;D;E;G;K;N;S,matches_consensus,True,False,,0.5979417246938489,surface,False,False,False,False,16.085968316022342,True,False,unassigned_manual_review,,not_annotated_no_domain_boundaries,,True,False
9M8Q,A,VI-D,ternary,389,390,K,378.0,K,390.0,,LYS,True,1382,1383,four_layer_exact,high,0.8186813186813187,0.2807017543859649,2.2104926532452183,0.1813186813186813,K,E;K;Q;R,matches_consensus,True,False,,0.495414198970506,surface,False,False,False,False,8.917125924831694,True,False,unassigned_manual_review,,not_annotated_no_domain_boundaries,,True,False
9M8Q,A,VI-D,ternary,390,391,S,379.0,S,391.0,,SER,True,1383,1384,four_layer_exact,high,0.0824175824175824,0.2666666666666666,1.8413903748459728,0.9175824175824177,A,A;E;G;K;L;S;T,differs_from_consensus,False,True,scaffold_differs_from_msa_consensus,0.4251966079144037,surface,False,False,False,False,13.36698600803007,True,False,unassigned_manual_review,,not_annotated_no_domain_boundaries,,False,False
9M8Q,A,VI-D,ternary,391,392,L,380.0,L,392.0,,LEU,True,1384,1385,four_layer_exact,high,0.0769230769230769,0.2142857142857142,2.007556307437838,0.9230769230769232,G,A;G;I;K;L;N;Q;R,differs_from_consensus,False,True,scaffold_differs_from_msa_consensus,0.3815715292600807,surface,False,False,False,False,9.822432386452736,True,False,unassigned_manual_review,,not_annotated_no_domain_boundaries,,False,False
9M8Q,A,VI-D,ternary,392,393,S,381.0,S,393.0,,SER,True,1385,1386,four_layer_exact,high,0.0604395604395604,0.2727272727272727,1.9722469794234416,0.9395604395604396,S,E;G;H;K;N;Q;S;T,matches_consensus,False,False,,0.20081830438654577,surface,False,False,False,False,11.797830304026188,True,False,unassigned_manual_review,,not_annotated_no_domain_boundaries,,False,False
9M8Q,A,VI-D,ternary,393,394,E,382.0,E,394.0,,GLU,True,1440,1441,four_layer_exact,high,0.2527472527472527,0.1739130434782608,2.340320291922939,0.7472527472527473,E,A;E;G;K;S;T;V,matches_consensus,False,False,,0.12652267110894902,buried_core,False,False,False,False,11.490600130839681,True,True,unassigned_manual_review,,not_annotated_no_domain_boundaries,,False,False
9M8Q,A,VI-D,ternary,394,395,K,383.0,K,395.0,,LYS,True,1441,1442,four_layer_exact,high,0.9010989010989012,0.2692307692307692,2.2293803660384617,0.0989010989010988,A,A;I;L;S;V,differs_from_consensus,True,True,scaffold_differs_from_msa_consensus,0.24184006871000782,surface,False,False,False,False,8.37136125070767,True,False,unassigned_manual_review,,not_annotated_no_domain_boundaries,,True,False
9M8Q,A,VI-D,ternary,395,396,D,384.0,D,396.0,,ASP,True,1443,1444,four_layer_exact,high,1.0,0.3013747165532879,2.0156646799666533,0.0,D,D;E;N;Q;S,matches_consensus,True,False,,0.3359182290760208,surface,False,True,False,False,6.3856848086745925,True,False,unassigned_manual_review,,not_annotated_no_domain_boundaries,,True,False
9M8Q,A,VI-D,ternary,396,397,I,385.0,I,397.0,,ILE,True,1444,1445,four_layer_exact,high,1.0,0.2517006802721088,2.345482959311957,0.0,E,A;D;E;K;N;Q;R;S,differs_from_consensus,True,True,scaffold_differs_from_msa_consensus,0.3800657329668772,surface,False,False,False,False,10.2332963800771,True,False,unassigned_manual_review,,not_annotated_no_domain_boundaries,,True,False
9M8Q,A,VI-D,ternary,397,398,F,386.0,F,398.0,,PHE,True,1445,1446,four_layer_exact,high,1.0,0.2925170068027211,2.0303833825336195,0.0,L,F;I;L;M;N;T;Y,differs_from_consensus,True,True,scaffold_differs_from_msa_consensus,0.045286058101496864,buried_core,False,True,False,False,7.198718690008693,True,True,unassigned_manual_review,,not_annotated_no_domain_boundaries,,True,False
9M8Q,A,VI-D,ternary,398,399,V,387.0,V,399.0,,VAL,True,1446,1447,four_layer_exact,high,1.0,0.7346938775510204,1.013560840988167,0.0,V,I;V,matches_consensus,True,False,,0.08250212299138966,buried_core,False,True,False,False,5.6422330757724,True,True,unassigned_manual_review,,not_annotated_no_domain_boundaries,,True,False
9M8Q,A,VI-D,ternary,399,400,I,388.0,I,400.0,,ILE,True,1447,1448,four_layer_exact,high,1.0,0.2312925170068027,2.2179089351191426,0.0,E,A;D;E;N;S,differs_from_consensus,True,True,scaffold_differs_from_msa_consensus,0.4065689102680773,surface,False,True,False,False,7.699424612713121,True,False,unassigned_manual_review,,not_annotated_no_domain_boundaries,,True,False
9M8Q,A,VI-D,ternary,400,401,N,389.0,N,401.0,,ASN,True,1448,1449,four_layer_exact,high,1.0,0.238095238095238,2.461115116554963,0.0,K,A;D;E;K;Q;R;S,differs_from_consensus,True,True,scaffold_differs_from_msa_consensus,0.33625268485803084,surface,False,True,False,False,7.948709437461811,True,False,unassigned_manual_review,,not_annotated_no_domain_boundaries,,True,False
9M8Q,A,VI-D,ternary,401,402,L,390.0,L,402.0,,LEU,True,1449,1450,four_layer_exact,high,1.0,1.0,-0.0,0.0,L,L,matches_consensus,True,False,,0.030040502886565082,buried_core,True,False,True,False,4.657147645469165,True,True,unassigned_manual_review,,not_annotated_no_domain_boundaries,,True,False
9M8Q,A,VI-D,ternary,402,403,R,391.0,R,403.0,,ARG,True,1450,1451,four_layer_exact,high,1.0,0.9319727891156464,0.3638624342161701,0.0,R,R,matches_consensus,True,False,,0.263474873305953,surface,True,False,True,True,3.0108644392387385,True,False,unassigned_manual_review,,not_annotated_no_domain_boundaries,,True,False
9M8Q,A,VI-D,ternary,403,404,G,392.0,G,404.0,,GLY,True,1451,1452,four_layer_exact,high,1.0,0.3469387755102041,2.235741102985488,0.0,A,A;G;L;S,differs_from_consensus,True,True,scaffold_differs_from_msa_consensus,0.562513522691,surface,False,True,False,False,6.153793142573141,True,False,unassigned_manual_review,,not_annotated_no_domain_boundaries,,True,False
9M8Q,A,VI-D,ternary,404,405,S,393.0,S,405.0,,SER,True,1452,1453,four_layer_exact,high,0.9945054945054944,0.2646261415525114,1.911215964175884,0.0054945054945054,S,A;C;N;S;T,matches_consensus,True,False,,0.11425903568751095,buried_core,False,True,False,False,5.34093382847585,True,True,unassigned_manual_review,,not_annotated_no_domain_boundaries,,True,False
9M8Q,A,VI-D,ternary,405,406,F,394.0,F,406.0,,PHE,True,1453,1454,four_layer_exact,high,1.0,0.1972789115646258,2.573365905557752,0.0,L,A;E;I;L;M;Q;T;V,differs_from_consensus,True,True,scaffold_differs_from_msa_consensus,0.7742881304175382,surface,False,True,False,False,6.474008865170044,True,False,unassigned_manual_review,,not_annotated_no_domain_boundaries,,True,False
9M8Q,A,VI-D,ternary,406,407,N,395.0,N,407.0,,ASN,True,1463,1464,four_layer_exact,high,0.989010989010989,0.2344827586206896,2.1566729463705903,0.0109890109890109,S,D;G;N;S;T,differs_from_consensus,True,True,scaffold_differs_from_msa_consensus,0.39226022537111505,surface,False,True,False,False,6.878447359400322,True,False,unassigned_manual_review,,not_annotated_no_domain_boundaries,,True,False
9M8Q,A,VI-D,ternary,407,408,D,396.0,D,408.0,,ASP,True,1464,1465,four_layer_exact,high,0.989010989010989,0.4758620689655172,1.2142240834917557,0.0109890109890109,E,D;E,differs_from_consensus,True,True,scaffold_differs_from_msa_consensus,0.6675949499606881,surface,False,True,False,False,6.878404453388808,True,False,unassigned_manual_review,,not_annotated_no_domain_boundaries,,True,False
9M8Q,A,VI-D,ternary,408,409,D,397.0,D,409.0,,ASP,True,1465,1466,four_layer_exact,high,0.978021978021978,0.5128205128205128,1.7173787131873783,0.021978021978022,E,A;D;E,differs_from_consensus,True,True,scaffold_differs_from_msa_consensus,0.6548513479431565,surface,False,False,False,False,9.47332096177959,True,False,unassigned_manual_review,,not_annotated_no_domain_boundaries,,True,False
9M8Q,A,VI-D,ternary,409,410,Q,398.0,Q,410.0,,GLN,True,1481,1482,four_layer_exact,high,0.9615384615384616,0.3928571428571428,1.8100121644774785,0.0384615384615384,E,A;D;E;G;Q,differs_from_consensus,True,True,scaffold_differs_from_msa_consensus,0.3751012479914477,surface,False,False,False,False,9.741072281123124,True,False,unassigned_manual_review,,not_annotated_no_domain_boundaries,,True,False
9M8Q,A,VI-D,ternary,410,411,K,399.0,K,411.0,,LYS,True,1483,1484,four_layer_exact,high,1.0,0.9251700680272108,0.3108673782336407,0.0,K,K;R,matches_consensus,True,False,,0.19820254804164894,buried_core,True,False,True,False,3.2996359871285463,True,True,unassigned_manual_review,,not_annotated_no_domain_boundaries,,True,False
9M8Q,A,VI-D,ternary,411,412,D,400.0,D,412.0,,ASP,True,1484,1485,four_layer_exact,high,1.0,0.4557823129251701,1.7742692619317308,0.0,E,D;E;K,differs_from_consensus,True,True,scaffold_differs_from_msa_consensus,0.40568164009011426,surface,False,False,False,False,9.04796437375159,True,False,unassigned_manual_review,,not_annotated_no_domain_boundaries,,True,False
9M8Q,A,VI-D,ternary,412,413,A,401.0,A,413.0,,ALA,True,1493,1494,four_layer_exact,high,1.0,0.1632653061224489,2.56909334204242,0.0,A,A;D;E;K;N;Q;R;S,matches_consensus,True,False,,0.4554060503741819,surface,False,False,False,False,11.481672085936342,True,False,unassigned_manual_review,,not_annotated_no_domain_boundaries,,True,False
9M8Q,A,VI-D,ternary,413,414,L,402.0,L,414.0,,LEU,True,1494,1495,four_layer_exact,high,1.0,0.4285714285714285,1.7428869139002894,0.0,I,A;F;I;L;V,differs_from_consensus,True,True,scaffold_differs_from_msa_consensus,0.2876223416228057,surface,False,False,False,False,10.477127658389872,True,False,unassigned_manual_review,,not_annotated_no_domain_boundaries,,True,False
9M8Q,A,VI-D,ternary,414,415,Y,403.0,Y,415.0,,TYR,True,1495,1496,four_layer_exact,high,1.0,1.0,-0.0,0.0,Y,Y,matches_consensus,True,False,,0.050509164929426156,buried_core,False,True,False,False,6.075435988739663,True,True,unassigned_manual_review,,not_annotated_no_domain_boundaries,,True,False
9M8Q,A,VI-D,ternary,415,416,Y,404.0,Y,416.0,,TYR,True,1496,1497,four_layer_exact,high,1.0,0.1428571428571428,2.580951258992332,0.0,R,A;D;E;I;K;L;N;Q;R;S,differs_from_consensus,True,True,scaffold_differs_from_msa_consensus,0.47312700716849554,surface,False,False,False,False,11.206162335095893,True,False,unassigned_manual_review,,not_annotated_no_domain_boundaries,,True,False
9M8Q,A,VI-D,ternary,416,417,D,405.0,D,417.0,,ASP,True,1497,1498,four_layer_exact,high,1.0,0.1496598639455782,2.369323817968326,0.0,E,A;D;E;K;N;Q;R;S,differs_from_consensus,True,True,scaffold_differs_from_msa_consensus,0.46237941142315997,surface,False,False,False,False,13.479196012918289,True,False,unassigned_manual_review,,not_annotated_no_domain_boundaries,,True,False
9M8Q,A,VI-D,ternary,417,418,E,406.0,E,418.0,,GLU,True,1498,1499,four_layer_exact,high,1.0,0.4217687074829932,1.9739928392220103,0.0,E,A;E;F;I;L;Y,matches_consensus,True,False,,0.06256097171061548,buried_core,False,False,False,False,11.637977006566414,True,True,unassigned_manual_review,,not_annotated_no_domain_boundaries,,True,False
9M8Q,A,VI-D,ternary,418,419,A,407.0,A,419.0,,ALA,True,1503,1504,four_layer_exact,high,1.0,0.8435374149659864,0.704003828144631,0.0,A,A;S,matches_consensus,True,False,,0.03533468589306414,buried_core,False,False,False,False,12.738715828581011,True,True,unassigned_manual_review,,not_annotated_no_domain_boundaries,,True,False
9M8Q,A,VI-D,ternary,419,420,N,408.0,N,420.0,,ASN,True,1504,1505,four_layer_exact,high,1.0,0.2131519274376417,2.3213737058840342,0.0,E,A;D;E;K;N;R;S,differs_from_consensus,True,True,scaffold_differs_from_msa_consensus,0.29562122654282424,surface,False,False,False,False,15.386584363848906,True,False,unassigned_manual_review,,not_annotated_no_domain_boundaries,,True,False
9M8Q,A,VI-D,ternary,420,421,R,409.0,R,421.0,,ARG,True,1505,1506,four_layer_exact,high,1.0,0.1972789115646258,2.625432333877093,0.0,R,A;D;E;I;K;R;S,matches_consensus,True,False,,0.3852516267403909,surface,False,False,False,False,15.670337472569592,True,False,unassigned_manual_review,,not_annotated_no_domain_boundaries,,True,False
9M8Q,A,VI-D,ternary,421,422,I,410.0,I,422.0,,ILE,True,1506,1507,four_layer_exact,high,0.9945054945054944,0.4246575342465753,1.732594913941025,0.0054945054945054,L,F;I;L;V,differs_from_consensus,True,True,scaffold_differs_from_msa_consensus,0.030650462336038485,buried_core,False,False,False,False,13.985382912329184,True,True,unassigned_manual_review,,not_annotated_no_domain_boundaries,,True,False
9M8Q,A,VI-D,ternary,422,423,W,411.0,W,423.0,,TRP,True,1512,1513,four_layer_exact,high,0.945054945054945,0.561815693430657,1.6265565502127437,0.0549450549450549,W,A;F;K;W;Y,matches_consensus,True,False,,0.03565714275703686,buried_core,False,False,False,False,17.299565025283734,True,True,unassigned_manual_review,,not_annotated_no_domain_boundaries,,True,False
9M8Q,A,VI-D,ternary,423,424,R,412.0,R,424.0,,ARG,True,1513,1514,four_layer_exact,high,0.934065934065934,0.1777777777777777,2.491302523823853,0.0659340659340659,N,A;D;E;K;N;P;S,differs_from_consensus,True,True,scaffold_differs_from_msa_consensus,0.564336671284283,surface,False,False,False,False,20.08417703627681,True,False,unassigned_manual_review,,not_annotated_no_domain_boundaries,,True,False
9M8Q,A,VI-D,ternary,424,425,K,413.0,K,425.0,,LYS,True,1514,1515,four_layer_exact,high,0.9505494505494504,0.2028985507246377,2.4104156145397626,0.0494505494505495,K,A;D;E;K;R;S,matches_consensus,True,False,,0.6444041240723356,surface,False,False,False,False,20.944845180090237,True,False,unassigned_manual_review,,not_annotated_no_domain_boundaries,,True,False
9M8Q,A,VI-D,ternary,425,426,L,414.0,L,426.0,,LEU,True,1558,1559,four_layer_exact,high,0.978021978021978,0.2727272727272727,2.1448269525385717,0.021978021978022,L,F;I;L;N;V;Y,matches_consensus,True,False,,0.11415391096894728,buried_core,False,False,False,False,16.975141463916884,True,True,unassigned_manual_review,,not_annotated_no_domain_boundaries,,True,False
9M8Q,A,VI-D,ternary,426,427,E,415.0,E,427.0,,GLU,True,1559,1560,four_layer_exact,high,0.978021978021978,0.2587412587412587,2.078267806016698,0.021978021978022,K,E;G;K;R;S,differs_from_consensus,True,True,scaffold_differs_from_msa_consensus,0.39406966136725524,surface,False,False,False,False,19.66526880548529,True,False,unassigned_manual_review,,not_annotated_no_domain_boundaries,,True,False
9M8Q,A,VI-D,ternary,427,428,N,416.0,N,428.0,,ASN,True,1560,1561,four_layer_exact,high,0.9725274725274724,0.2464788732394366,2.33707591369517,0.0274725274725274,D,D;E;G;K;N;S,differs_from_consensus,True,True,scaffold_differs_from_msa_consensus,0.6059237760958673,surface,False,False,False,False,20.40847493386801,True,False,unassigned_manual_review,,not_annotated_no_domain_boundaries,,True,False
9M8Q,A,VI-D,ternary,428,429,I,417.0,I,429.0,,ILE,True,1612,1613,four_layer_exact,high,0.9615384615384616,0.15,2.6274251197114253,0.0384615384615384,K,A;D;I;K;L;P;Q;R;S;T;V,differs_from_consensus,True,True,scaffold_differs_from_msa_consensus,0.15186988333524626,buried_core,False,False,False,False,17.528488981278546,True,True,unassigned_manual_review,,not_annotated_no_domain_boundaries,,True,False
9M8Q,A,VI-D,ternary,429,430,M,418.0,M,430.0,,MET,True,1613,1614,four_layer_exact,high,0.9835164835164836,0.3125,1.6765038569311987,0.0164835164835165,I,F;I;L;V,differs_from_consensus,True,True,scaffold_differs_from_msa_consensus,0.011135823959599537,buried_core,False,False,False,False,13.825305821471702,True,True,unassigned_manual_review,,not_annotated_no_domain_boundaries,,True,False
9M8Q,A,VI-D,ternary,430,431,H,419.0,H,431.0,,HIS,True,1649,1650,four_layer_exact,high,0.6703296703296703,0.2992097701149425,2.234683528872811,0.3296703296703297,K,A;D;K;N;S,differs_from_consensus,False,True,scaffold_differs_from_msa_consensus,0.29203645039174403,surface,False,False,False,False,17.758591129703017,True,False,unassigned_manual_review,,not_annotated_no_domain_boundaries,,False,False
9M8Q,A,VI-D,ternary,431,432,N,420.0,N,432.0,,ASN,True,1650,1651,four_layer_exact,high,0.6703296703296703,0.2640086206896552,2.3083275238481704,0.3296703296703297,N,A;E;K;N;S;T;Y,matches_consensus,False,False,,0.5657980014227677,surface,False,False,False,False,17.688459653621994,True,False,unassigned_manual_review,,not_annotated_no_domain_boundaries,,False,False
9M8Q,A,VI-D,ternary,432,433,I,421.0,I,433.0,,ILE,True,1698,1699,four_layer_exact,high,0.7637362637362637,0.73046875,0.906308675562731,0.2362637362637363,I,I;L;V,matches_consensus,False,False,,0.2989012674631811,surface,False,False,False,False,13.155563864551745,True,False,unassigned_manual_review,,not_annotated_no_domain_boundaries,,False,False
9M8Q,A,VI-D,ternary,433,434,K,422.0,K,434.0,,LYS,True,1713,1714,four_layer_exact,high,0.9505494505494504,0.5434782608695652,1.6373027553552315,0.0494505494505495,K,E;K;Q;R;S,matches_consensus,True,False,,0.14094835311330278,buried_core,False,False,False,False,14.251301060952759,True,True,unassigned_manual_review,,not_annotated_no_domain_boundaries,,True,False
9M8Q,A,VI-D,ternary,434,435,E,423.0,E,435.0,,GLU,True,1715,1716,four_layer_exact,high,0.9395604395604396,0.1985294117647058,2.2649299702020453,0.0604395604395604,E,D;E;G;K;N;Q,matches_consensus,True,False,,0.6165500964618924,surface,False,False,False,False,16.474264308807374,True,False,unassigned_manual_review,,not_annotated_no_domain_boundaries,,True,False
9M8Q,A,VI-D,ternary,435,436,F,424.0,F,436.0,,PHE,True,1716,1717,four_layer_exact,high,0.9395604395604396,0.2867647058823529,2.259406732441456,0.0604395604395604,L,A;F;I;K;L;M;V;Y,differs_from_consensus,True,True,scaffold_differs_from_msa_consensus,0.7036587396597774,surface,False,False,False,False,15.983888660601291,True,False,unassigned_manual_review,,not_annotated_no_domain_boundaries,,True,True
9M8Q,A,VI-D,ternary,436,437,R,,,,,,False,1717,1718,full_msa_only_unresolved_coordinate,medium,0.934065934065934,0.2298611111111111,2.4768306474043302,0.0659340659340659,K,D;E;K;N;Q;R;S;T,differs_from_consensus,False,True,unresolved_internal;scaffold_differs_from_msa_consensus,,,,,,,,False,False,unassigned_manual_review,,not_annotated_no_domain_boundaries,,False,False
9M8Q,A,VI-D,ternary,437,438,G,,,,,,False,1718,1719,full_msa_only_unresolved_coordinate,medium,0.9175824175824177,0.3169981060606061,2.321887168082493,0.0824175824175824,K,A;D;G;K;N;P;R;S,differs_from_consensus,False,True,unresolved_internal;scaffold_differs_from_msa_consensus,,,,,,,,False,False,unassigned_manual_review,,not_annotated_no_domain_boundaries,,False,False
9M8Q,A,VI-D,ternary,438,439,N,,,,,,False,1719,1720,full_msa_only_unresolved_coordinate,medium,0.7197802197802198,0.2346938775510204,2.2606185232570297,0.2802197802197802,D,D;E;K;N;R;S,differs_from_consensus,False,True,unresolved_internal;scaffold_differs_from_msa_consensus,,,,,,,,False,False,unassigned_manual_review,,not_annotated_no_domain_boundaries,,False,False
9M8Q,A,VI-D,ternary,439,440,K,,,,,,False,1774,1775,full_msa_only_unresolved_coordinate,medium,0.2527472527472527,0.1860465116279069,2.3180711122468587,0.7472527472527473,D,A;D;E;K;N;S,differs_from_consensus,False,True,unresolved_internal;scaffold_differs_from_msa_consensus,,,,,,,,False,False,unassigned_manual_review,,not_annotated_no_domain_boundaries,,False,False
9M8Q,A,VI-D,ternary,440,441,T,,,,,,False,1775,1776,full_msa_only_unresolved_coordinate,medium,0.2582417582417582,0.1515151515151515,2.423162143361338,0.7417582417582418,D,A;D;E;G;K;N;Q;S;V,differs_from_consensus,False,True,unresolved_internal;scaffold_differs_from_msa_consensus,,,,,,,,False,False,unassigned_manual_review,,not_annotated_no_domain_boundaries,,False,False
9M8Q,A,VI-D,ternary,441,442,R,,,,,,False,1776,1777,full_msa_only_unresolved_coordinate,medium,0.2582417582417582,0.2045454545454545,2.5900303417777395,0.7417582417582418,K,A;E;K;L;S;W;Y,differs_from_consensus,False,True,unresolved_internal;scaffold_differs_from_msa_consensus,,,,,,,,False,False,unassigned_manual_review,,not_annotated_no_domain_boundaries,,False,False
9M8Q,A,VI-D,ternary,442,443,E,,,,,,False,1777,1778,full_msa_only_unresolved_coordinate,medium,0.3461538461538461,0.25,2.189243332174502,0.6538461538461539,K,D;E;K;N;Q;R;S,differs_from_consensus,False,True,unresolved_internal;scaffold_differs_from_msa_consensus,,,,,,,,False,False,unassigned_manual_review,,not_annotated_no_domain_boundaries,,False,False
9M8Q,A,VI-D,ternary,443,444,Y,,,,,,False,1779,1780,full_msa_only_unresolved_coordinate,medium,0.912087912087912,0.3435114503816794,1.9320333962666136,0.0879120879120879,F,F;I;L;V;Y,differs_from_consensus,False,True,unresolved_internal;scaffold_differs_from_msa_consensus,,,,,,,,False,False,unassigned_manual_review,,not_annotated_no_domain_boundaries,,False,False
9M8Q,A,VI-D,ternary,444,445,K,,,,,,False,1780,1781,full_msa_only_unresolved_coordinate,medium,0.934065934065934,0.2518518518518518,2.1702756729707864,0.0659340659340659,K,A;D;K;N;P;R;S;T,matches_consensus,False,True,unresolved_internal,,,,,,,,False,False,unassigned_manual_review,,not_annotated_no_domain_boundaries,,False,False
9M8Q,A,VI-D,ternary,445,446,K,,,,,,False,1781,1782,full_msa_only_unresolved_coordinate,medium,0.2252747252747252,0.175,2.3391431410963204,0.7747252747252747,S,A;D;E;G;K;N;S;T,differs_from_consensus,False,True,unresolved_internal;scaffold_differs_from_msa_consensus,,,,,,,,False,False,unassigned_manual_review,,not_annotated_no_domain_boundaries,,False,False
9M8Q,A,VI-D,ternary,446,447,K,,,,,,False,1782,1783,full_msa_only_unresolved_coordinate,medium,0.2197802197802197,0.1794871794871795,2.410913066158933,0.7802197802197802,K,A;E;K;P;Q;S;T;V;Y,matches_consensus,False,True,unresolved_internal,,,,,,,,False,False,unassigned_manual_review,,not_annotated_no_domain_boundaries,,False,False
9M8Q,A,VI-D,ternary,447,448,D,,,,,,False,1792,1793,full_msa_only_unresolved_coordinate,medium,0.6813186813186813,0.3642361111111111,1.915310982998874,0.3186813186813186,E,D;E;G;K;N;S,differs_from_consensus,False,True,unresolved_internal;scaffold_differs_from_msa_consensus,,,,,,,,False,False,unassigned_manual_review,,not_annotated_no_domain_boundaries,,False,False
9M8Q,A,VI-D,ternary,448,449,A,,,,,,False,1793,1794,full_msa_only_unresolved_coordinate,medium,0.2967032967032967,0.1923076923076923,2.3323325883750043,0.7032967032967032,I,I;K;L;T;V,differs_from_consensus,False,True,unresolved_internal;scaffold_differs_from_msa_consensus,,,,,,,,False,False,unassigned_manual_review,,not_annotated_no_domain_boundaries,,False,False
9M8Q,A,VI-D,ternary,449,450,P,,,,,,False,1794,1795,full_msa_only_unresolved_coordinate,medium,0.2142857142857142,0.1621621621621621,2.5592269492075874,0.7857142857142857,K,A;D;E;G;I;K;L;N;P;Q;Y,differs_from_consensus,False,True,unresolved_internal;scaffold_differs_from_msa_consensus,,,,,,,,False,False,unassigned_manual_review,,not_annotated_no_domain_boundaries,,False,False
9M8Q,A,VI-D,ternary,450,451,R,,,,,,False,1800,1801,full_msa_only_unresolved_coordinate,medium,0.9065934065934066,0.1444711538461538,2.631169441935095,0.0934065934065934,K,A;D;E;K;M;Q;S;V,differs_from_consensus,False,True,unresolved_internal;scaffold_differs_from_msa_consensus,,,,,,,,False,False,unassigned_manual_review,,not_annotated_no_domain_boundaries,,False,False
9M8Q,A,VI-D,ternary,451,452,L,,,,,,False,1801,1802,full_msa_only_unresolved_coordinate,medium,0.9285714285714286,0.3507462686567164,1.6554692045209036,0.0714285714285714,L,F;I;L;V,matches_consensus,False,True,unresolved_internal,,,,,,,,False,False,unassigned_manual_review,,not_annotated_no_domain_boundaries,,False,False
9M8Q,A,VI-D,ternary,452,453,P,425.0,P,453.0,,PRO,True,1818,1819,four_layer_exact,high,0.9010989010989012,0.3023255813953488,2.0708367394739287,0.0989010989010988,E,D;E;N;P;S,differs_from_consensus,True,True,scaffold_differs_from_msa_consensus,0.7510789310469687,surface,False,False,False,False,20.443620715288723,True,False,unassigned_manual_review,,not_annotated_no_domain_boundaries,,True,True
9M8Q,A,VI-D,ternary,453,454,R,426.0,R,454.0,,ARG,True,1819,1820,four_layer_exact,high,0.9010989010989012,0.1937984496124031,2.2989603811603,0.0989010989010988,E,A;D;E;G;K;N;S,differs_from_consensus,True,True,scaffold_differs_from_msa_consensus,0.419659587774501,surface,False,False,False,False,20.598779483747865,True,False,unassigned_manual_review,,not_annotated_no_domain_boundaries,,True,False
9M8Q,A,VI-D,ternary,454,455,I,427.0,I,455.0,,ILE,True,1820,1821,four_layer_exact,high,0.8791208791208791,0.2566137566137565,2.348692044329717,0.1208791208791209,I,I;L;V;Y,matches_consensus,True,False,,0.20431885242278205,surface,False,False,False,False,16.83217623487981,True,False,unassigned_manual_review,,not_annotated_no_domain_boundaries,,True,False
9M8Q,A,VI-D,ternary,455,456,L,428.0,L,456.0,,LEU,True,1852,1853,four_layer_exact,high,0.6318681318681318,0.1916666666666666,2.477836666832085,0.3681318681318681,K,A;F;I;K;L;M;R;S;V,differs_from_consensus,False,True,scaffold_differs_from_msa_consensus,0.0627018130176771,buried_core,False,False,False,False,14.533807342130324,True,True,unassigned_manual_review,,not_annotated_no_domain_boundaries,,False,False
9M8Q,A,VI-D,ternary,456,457,P,429.0,P,457.0,,PRO,True,1853,1854,four_layer_exact,high,0.8461538461538461,0.2166666666666666,2.318497798458601,0.1538461538461538,I,I;K;L;Q;R;S;V,differs_from_consensus,True,True,scaffold_differs_from_msa_consensus,0.2278543803848899,surface,False,False,False,False,17.38860449859211,True,False,unassigned_manual_review,,not_annotated_no_domain_boundaries,,True,False
9M8Q,A,VI-D,ternary,457,458,A,430.0,A,458.0,,ALA,True,1854,1855,four_layer_exact,high,0.8846153846153846,0.2020997375328083,2.424667976800019,0.1153846153846154,S,E;G;I;K;L;N;S;T,differs_from_consensus,True,True,scaffold_differs_from_msa_consensus,0.2856135368368913,surface,False,False,False,False,21.050596216139883,True,False,unassigned_manual_review,,not_annotated_no_domain_boundaries,,True,False
9M8Q,A,VI-D,ternary,458,459,G,431.0,G,459.0,,GLY,True,1855,1856,four_layer_exact,high,0.9065934065934066,0.2121212121212121,2.4640271150506643,0.0934065934065934,S,A;D;E;G;K;N;P;R;S;T,differs_from_consensus,True,True,scaffold_differs_from_msa_consensus,0.06418817528473993,buried_core,False,False,False,False,22.892484533952448,True,True,unassigned_manual_review,,not_annotated_no_domain_boundaries,,True,False
9M8Q,A,VI-D,ternary,459,460,R,432.0,R,460.0,,ARG,True,1856,1857,four_layer_exact,high,0.945054945054945,0.2302158273381295,2.310045202045129,0.0549450549450549,E,A;D;E;K;N;S,differs_from_consensus,True,True,scaffold_differs_from_msa_consensus,0.7255686639238219,surface,False,False,False,False,24.460690797678588,True,False,unassigned_manual_review,,not_annotated_no_domain_boundaries,,True,False
9M8Q,A,VI-D,ternary,460,461,D,433.0,D,461.0,,ASP,True,1857,1858,four_layer_exact,high,0.967032967032967,0.3617021276595745,1.9119688492247584,0.0329670329670329,N,D;E;K;N;S,differs_from_consensus,True,True,scaffold_differs_from_msa_consensus,0.5581677108688627,surface,False,False,False,False,23.569908129939535,True,False,unassigned_manual_review,,not_annotated_no_domain_boundaries,,True,False
9M8Q,A,VI-D,ternary,461,462,V,434.0,V,462.0,,VAL,True,1859,1860,four_layer_exact,high,0.978021978021978,0.3426573426573426,1.9582044525873452,0.021978021978022,A,A;I;T;V,differs_from_consensus,True,True,scaffold_differs_from_msa_consensus,0.02463124193247633,buried_core,False,False,False,False,19.455661148138475,True,True,unassigned_manual_review,,not_annotated_no_domain_boundaries,,True,False
9M8Q,A,VI-D,ternary,462,463,S,435.0,S,463.0,,SER,True,1866,1867,four_layer_exact,high,0.9945054945054944,0.3789954337899544,2.033045624361181,0.0054945054945054,S,D;H;N;S;T,matches_consensus,True,False,,0.1168672467135403,buried_core,False,False,False,False,21.26933375201126,True,True,unassigned_manual_review,,not_annotated_no_domain_boundaries,,True,False
9M8Q,A,VI-D,ternary,463,464,A,436.0,A,464.0,,ALA,True,1867,1868,four_layer_exact,high,1.0,0.3605442176870748,2.272974925393071,0.0,Y,D;L;P;S;T;Y,differs_from_consensus,True,True,scaffold_differs_from_msa_consensus,0.05440069511309209,buried_core,False,False,False,False,22.25882774879269,True,True,unassigned_manual_review,,not_annotated_no_domain_boundaries,,True,False
9M8Q,A,VI-D,ternary,464,465,F,437.0,F,465.0,,PHE,True,1868,1869,four_layer_exact,high,1.0,0.8979591836734694,0.4738477239414613,0.0,F,F;L,matches_consensus,True,False,,0.01965197104514315,buried_core,False,False,False,False,15.261987133055154,True,True,unassigned_manual_review,,not_annotated_no_domain_boundaries,,True,False
9M8Q,A,VI-D,ternary,465,466,S,438.0,S,466.0,,SER,True,1869,1870,four_layer_exact,high,1.0,0.3469387755102041,1.6809986183902323,0.0,S,A;C;S;T;V,matches_consensus,True,False,,0.0,buried_core,False,False,False,False,17.329140246978056,True,True,unassigned_manual_review,,not_annotated_no_domain_boundaries,,True,False
9M8Q,A,VI-D,ternary,466,467,K,439.0,K,467.0,,LYS,True,1870,1871,four_layer_exact,high,1.0,0.7278911564625851,1.172430109044073,0.0,K,E;K;Q,matches_consensus,True,False,,0.04702362507559758,buried_core,False,False,False,False,18.63262200599599,True,True,unassigned_manual_review,,not_annotated_no_domain_boundaries,,True,False
9M8Q,A,VI-D,ternary,467,468,L,440.0,L,468.0,,LEU,True,1871,1872,four_layer_exact,high,1.0,0.564625850340136,1.480645417410278,0.0,L,I;L;M;V,matches_consensus,True,False,,0.0360486034638781,buried_core,False,False,False,False,18.151434759534485,True,True,unassigned_manual_review,,not_annotated_no_domain_boundaries,,True,False
9M8Q,A,VI-D,ternary,468,469,M,441.0,M,469.0,,MET,True,1872,1873,four_layer_exact,high,1.0,0.4149659863945578,1.4337109365189795,0.0,I,I;L;M;V,differs_from_consensus,True,True,scaffold_differs_from_msa_consensus,0.0,buried_core,False,False,False,False,14.755296012568877,True,True,unassigned_manual_review,,not_annotated_no_domain_boundaries,,True,False
9M8Q,A,VI-D,ternary,469,470,Y,442.0,Y,470.0,,TYR,True,1873,1874,four_layer_exact,high,1.0,0.782312925170068,0.8904468001169228,0.0,Y,A;F;Y,matches_consensus,True,False,,0.05147663212410123,buried_core,False,False,False,False,12.963102532052647,True,True,unassigned_manual_review,,not_annotated_no_domain_boundaries,,True,False
9M8Q,A,VI-D,ternary,470,471,A,443.0,A,471.0,,ALA,True,1874,1875,four_layer_exact,high,1.0,0.3537414965986394,1.6924165180236204,0.0,F,A;F;L;M;V,differs_from_consensus,True,True,scaffold_differs_from_msa_consensus,0.10917078307401092,buried_core,False,False,False,False,16.49423572211564,True,True,unassigned_manual_review,,not_annotated_no_domain_boundaries,,True,False
9M8Q,A,VI-D,ternary,471,472,L,444.0,L,472.0,,LEU,True,1875,1876,four_layer_exact,high,1.0,0.5510204081632653,1.3299700895444704,0.0,L,I;L;M;V,matches_consensus,True,False,,0.023465040053902268,buried_core,False,False,False,False,14.474887195434189,True,True,unassigned_manual_review,,not_annotated_no_domain_boundaries,,True,False
9M8Q,A,VI-D,ternary,472,473,T,445.0,T,473.0,,THR,True,1876,1877,four_layer_exact,high,1.0,0.564625850340136,1.100496697203287,0.0,T,C;S;T,matches_consensus,True,False,,0.006229412930597211,buried_core,False,False,False,False,11.434159409350114,True,True,unassigned_manual_review,,not_annotated_no_domain_boundaries,,True,False
9M8Q,A,VI-D,ternary,473,474,M,446.0,M,474.0,,MET,True,1877,1878,four_layer_exact,high,1.0,0.3129251700680272,2.220253024889425,0.0,L,F;K;L;M;N;R,differs_from_consensus,True,True,scaffold_differs_from_msa_consensus,0.05722500778303911,buried_core,False,False,False,False,13.298980337050399,True,True,unassigned_manual_review,,not_annotated_no_domain_boundaries,,True,False
9M8Q,A,VI-D,ternary,474,475,F,447.0,F,475.0,,PHE,True,1878,1879,four_layer_exact,high,1.0,0.9183673469387756,0.3416338748989142,0.0,F,F;L,matches_consensus,True,False,,0.058111924269042554,buried_core,False,False,False,False,13.418239467756804,True,True,unassigned_manual_review,,not_annotated_no_domain_boundaries,,True,False
9M8Q,A,VI-D,ternary,475,476,L,448.0,L,476.0,,LEU,True,1879,1880,four_layer_exact,high,1.0,0.8231292517006803,0.6978446422888986,0.0,L,I;L,matches_consensus,True,False,,0.03537114479732489,buried_core,False,False,False,False,10.08379915972438,True,True,unassigned_manual_review,,not_annotated_no_domain_boundaries,,True,False
9M8Q,A,VI-D,ternary,476,477,D,449.0,D,477.0,,ASP,True,1880,1881,four_layer_exact,high,1.0,0.7959183673469388,0.7786317192627682,0.0,D,D;E;N,matches_consensus,True,False,,0.09540479725441484,buried_core,False,True,False,False,6.4041575957764865,True,True,unassigned_manual_review,,not_annotated_no_domain_boundaries,,True,False
9M8Q,A,VI-D,ternary,477,478,G,450.0,G,478.0,,GLY,True,1881,1882,four_layer_exact,high,1.0,0.8435374149659864,0.7604654682901153,0.0,G,G;K,matches_consensus,True,False,,0.12249263085125284,buried_core,True,False,True,False,4.03806787609186,True,True,unassigned_manual_review,,not_annotated_no_domain_boundaries,,True,False
9M8Q,A,VI-D,ternary,478,479,K,451.0,K,479.0,,LYS,True,1882,1883,four_layer_exact,high,1.0,0.9931972789115646,0.0407280509323613,0.0,K,K,matches_consensus,True,False,,0.47625154873027054,surface,True,False,True,False,4.607379047107627,True,False,unassigned_manual_review,,not_annotated_no_domain_boundaries,,True,False
9M8Q,A,VI-D,ternary,479,480,E,452.0,E,480.0,,GLU,True,1883,1884,four_layer_exact,high,1.0,0.9727891156462584,0.1402106888660079,0.0,E,E,matches_consensus,True,False,,0.11364259204073272,buried_core,False,True,False,False,7.008267991538202,True,True,unassigned_manual_review,,not_annotated_no_domain_boundaries,,True,False
9M8Q,A,VI-D,ternary,480,481,I,453.0,I,481.0,,ILE,True,1884,1885,four_layer_exact,high,1.0,0.8775510204081632,0.5693343986134891,0.0,I,I,matches_consensus,True,False,,0.006130092467207697,buried_core,False,True,False,False,7.202077124375936,True,True,unassigned_manual_review,,not_annotated_no_domain_boundaries,,True,False
9M8Q,A,VI-D,ternary,481,482,N,454.0,N,482.0,,ASN,True,1885,1886,four_layer_exact,high,1.0,1.0,-0.0,0.0,N,N,matches_consensus,True,False,,0.11591619800827511,buried_core,True,False,True,False,2.369260099043429,True,True,unassigned_manual_review,,not_annotated_no_domain_boundaries,,True,False
9M8Q,A,VI-D,ternary,482,483,D,455.0,D,483.0,,ASP,True,1886,1887,four_layer_exact,high,1.0,0.4897959183673469,1.3634847226218587,0.0,D,D;E;I,matches_consensus,True,False,,0.25687745079064445,surface,True,False,False,True,4.7660992710297245,True,False,unassigned_manual_review,,not_annotated_no_domain_boundaries,,True,False
9M8Q,A,VI-D,ternary,483,484,L,456.0,L,484.0,,LEU,True,1887,1888,four_layer_exact,high,1.0,0.8503401360544217,0.5510940293246659,0.0,L,F;L,matches_consensus,True,False,,0.0,buried_core,False,False,False,False,8.589847008522156,True,True,unassigned_manual_review,,not_annotated_no_domain_boundaries,,True,False
9M8Q,A,VI-D,ternary,484,485,L,457.0,L,485.0,,LEU,True,1888,1889,four_layer_exact,high,1.0,0.7074829931972789,1.094446455166942,0.0,L,F;I;L;V,matches_consensus,True,False,,0.0,buried_core,False,False,False,False,8.517317489107171,True,True,unassigned_manual_review,,not_annotated_no_domain_boundaries,,True,False
9M8Q,A,VI-D,ternary,485,486,T,458.0,T,486.0,,THR,True,1889,1890,four_layer_exact,high,1.0,0.7006802721088435,0.9855207153732972,0.0,T,C;S;T,matches_consensus,True,False,,0.18323609475151265,buried_core,False,True,False,False,5.478054763417136,True,True,unassigned_manual_review,,not_annotated_no_domain_boundaries,,True,False
9M8Q,A,VI-D,ternary,486,487,T,459.0,T,487.0,,THR,True,1890,1891,four_layer_exact,high,1.0,0.4421768707482993,1.7109871039484106,0.0,T,A;G;S;T,matches_consensus,True,False,,0.27826065140788003,surface,False,True,False,False,6.5505974098487725,True,False,unassigned_manual_review,,not_annotated_no_domain_boundaries,,True,False
9M8Q,A,VI-D,ternary,487,488,L,460.0,L,488.0,,LEU,True,1891,1892,four_layer_exact,high,1.0,0.782312925170068,0.862810340609705,0.0,L,I;L;M;Y,matches_consensus,True,False,,0.0060081005773130166,buried_core,False,False,False,False,9.367044946782734,True,True,unassigned_manual_review,,not_annotated_no_domain_boundaries,,True,False
9M8Q,A,VI-D,ternary,488,489,I,461.0,I,489.0,,ILE,True,1892,1893,four_layer_exact,high,1.0,0.7891156462585034,0.876635168330833,0.0,I,I;V,matches_consensus,True,False,,0.06743101713928466,buried_core,False,True,False,False,7.307936657039845,True,True,unassigned_manual_review,,not_annotated_no_domain_boundaries,,True,False
9M8Q,A,VI-D,ternary,489,490,N,462.0,N,490.0,,ASN,True,1893,1894,four_layer_exact,high,1.0,0.6938775510204082,1.0712944490502216,0.0,N,H;N;S,matches_consensus,True,False,,0.2781463671235701,surface,True,False,False,True,4.130490895276964,True,False,unassigned_manual_review,,not_annotated_no_domain_boundaries,,True,False
9M8Q,A,VI-D,ternary,490,491,K,463.0,K,491.0,,LYS,True,1894,1895,four_layer_exact,high,1.0,0.8571428571428571,0.6733816047923615,0.0,K,K,matches_consensus,True,False,,0.09944205695273928,buried_core,False,True,False,False,5.168117264574701,True,True,unassigned_manual_review,,not_annotated_no_domain_boundaries,,True,False
9M8Q,A,VI-D,ternary,491,492,F,464.0,F,492.0,,PHE,True,1895,1896,four_layer_exact,high,1.0,0.8163265306122449,0.6652628659212857,0.0,F,F;L,matches_consensus,True,False,,0.05031784233499651,buried_core,False,False,False,False,8.99364779944077,True,True,unassigned_manual_review,,not_annotated_no_domain_boundaries,,True,False
9M8Q,A,VI-D,ternary,492,493,D,465.0,D,493.0,,ASP,True,1896,1897,four_layer_exact,high,1.0,0.4897959183673469,1.2275483767033433,0.0,D,D;E,matches_consensus,True,False,,0.13464950757232996,buried_core,False,True,False,False,7.08349342366931,True,True,unassigned_manual_review,,not_annotated_no_domain_boundaries,,True,False
9M8Q,A,VI-D,ternary,493,494,N,466.0,N,494.0,,ASN,True,1897,1898,four_layer_exact,high,1.0,0.7755102040816326,0.9738557928909876,0.0,N,N;S,matches_consensus,True,False,,0.09020166604157505,buried_core,True,False,True,False,3.025390588810091,True,True,unassigned_manual_review,,not_annotated_no_domain_boundaries,,True,False
9M8Q,A,VI-D,ternary,494,495,I,467.0,I,495.0,,ILE,True,1898,1899,four_layer_exact,high,1.0,0.9727891156462584,0.153200773933249,0.0,I,I,matches_consensus,True,False,,0.006130092467207697,buried_core,False,True,False,False,6.776959122581854,True,True,unassigned_manual_review,,not_annotated_no_domain_boundaries,,True,False
9M8Q,A,VI-D,ternary,495,496,Q,468.0,Q,496.0,,GLN,True,1899,1900,four_layer_exact,high,1.0,0.3469387755102041,2.0446377815591643,0.0,A,A;D;N;Q;R;S,differs_from_consensus,True,True,scaffold_differs_from_msa_consensus,0.12063598503659072,buried_core,False,False,False,False,8.807950646556517,True,True,unassigned_manual_review,,not_annotated_no_domain_boundaries,,True,False
9M8Q,A,VI-D,ternary,496,497,S,469.0,S,497.0,,SER,True,1900,1901,four_layer_exact,high,1.0,0.6054421768707483,1.353568709219572,0.0,S,A;D;G;S,matches_consensus,True,False,,0.028529066375665015,buried_core,False,True,False,False,5.232832506839421,True,True,unassigned_manual_review,,not_annotated_no_domain_boundaries,,True,False
9M8Q,A,VI-D,ternary,497,498,F,470.0,F,498.0,,PHE,True,1901,1902,four_layer_exact,high,1.0,0.6190476190476191,0.9068532215822056,0.0,F,F;L,matches_consensus,True,False,,0.030190705400997907,buried_core,True,False,True,False,3.2336129155855984,True,True,unassigned_manual_review,,not_annotated_no_domain_boundaries,,True,False
9M8Q,A,VI-D,ternary,498,499,L,471.0,L,499.0,,LEU,True,1902,1903,four_layer_exact,high,1.0,0.3741496598639456,1.895009882115032,0.0,I,I;L;M;N;V,differs_from_consensus,True,True,scaffold_differs_from_msa_consensus,0.20883957545118326,surface,False,False,False,False,9.080147961249414,True,False,unassigned_manual_review,,not_annotated_no_domain_boundaries,,True,False
9M8Q,A,VI-D,ternary,499,500,K,472.0,K,500.0,,LYS,True,1903,1904,four_layer_exact,high,1.0,0.3469387755102041,2.0107811541491083,0.0,D,D;E;K;N;Q;S,differs_from_consensus,True,True,scaffold_differs_from_msa_consensus,0.42654132946252254,surface,False,False,False,False,10.365852266201628,True,False,unassigned_manual_review,,not_annotated_no_domain_boundaries,,True,False
9M8Q,A,VI-D,ternary,500,501,V,473.0,V,501.0,,VAL,True,1904,1905,four_layer_exact,high,1.0,0.3741496598639456,1.562613437700859,0.0,V,I;L;T;V,matches_consensus,True,False,,0.11104627273930265,buried_core,False,True,False,False,7.4407314578740715,True,True,unassigned_manual_review,,not_annotated_no_domain_boundaries,,True,False
9M8Q,A,VI-D,ternary,501,502,M,474.0,M,502.0,,MET,True,1913,1914,four_layer_exact,high,1.0,0.3071853741496598,1.8058501554481996,0.0,L,A;I;L;M,differs_from_consensus,True,True,scaffold_differs_from_msa_consensus,0.05567911979799768,buried_core,False,False,False,False,10.87701816250896,True,True,unassigned_manual_review,,not_annotated_no_domain_boundaries,,True,False
9M8Q,A,VI-D,ternary,502,503,P,475.0,P,503.0,,PRO,True,1914,1915,four_layer_exact,high,0.9945054945054944,0.3219178082191781,2.0026462262962146,0.0054945054945054,K,D;E;K;N;R,differs_from_consensus,True,True,scaffold_differs_from_msa_consensus,0.48672066663535934,surface,False,False,False,False,13.569922689117854,True,False,unassigned_manual_review,,not_annotated_no_domain_boundaries,,True,False
9M8Q,A,VI-D,ternary,503,504,L,476.0,L,504.0,,LEU,True,1924,1925,four_layer_exact,high,0.978021978021978,0.2307692307692307,2.266336114137132,0.021978021978022,E,D;E;K;Q;S,differs_from_consensus,True,True,scaffold_differs_from_msa_consensus,0.6219545705310091,surface,False,False,False,False,13.400986015568419,True,False,unassigned_manual_review,,not_annotated_no_domain_boundaries,,True,False
9M8Q,A,VI-D,ternary,504,505,I,477.0,I,505.0,,ILE,True,1925,1926,four_layer_exact,high,0.967032967032967,0.4113475177304964,2.09769891143406,0.0329670329670329,L,C;E;I;L;Q,differs_from_consensus,True,True,scaffold_differs_from_msa_consensus,0.02313794152388464,buried_core,False,False,False,False,11.77093806953735,True,True,unassigned_manual_review,,not_annotated_no_domain_boundaries,,True,False
9M8Q,A,VI-D,ternary,505,506,G,478.0,G,506.0,,GLY,True,1951,1952,four_layer_exact,high,0.956043956043956,0.4964028776978417,1.6967490771387137,0.0439560439560439,G,D;G;K;N;S,matches_consensus,True,False,,0.62698782456819,surface,False,False,False,False,16.167406232563323,True,False,unassigned_manual_review,,not_annotated_no_domain_boundaries,,True,False
9M8Q,A,VI-D,ternary,506,507,V,479.0,V,507.0,,VAL,True,1952,1953,four_layer_exact,high,0.934065934065934,0.2962962962962963,2.233178555701175,0.0659340659340659,L,E;I;K;L;M;V,differs_from_consensus,True,True,scaffold_differs_from_msa_consensus,0.05395797324347666,buried_core,False,False,False,False,13.17040292265546,True,True,unassigned_manual_review,,not_annotated_no_domain_boundaries,,True,False
9M8Q,A,VI-D,ternary,507,508,N,480.0,N,508.0,,ASN,True,1953,1954,four_layer_exact,high,0.967032967032967,0.2413563829787234,2.1898049691173327,0.0329670329670329,E,D;E;K;N;P;S,differs_from_consensus,True,True,scaffold_differs_from_msa_consensus,0.6784892176309147,surface,False,False,False,False,17.24344255192204,True,False,unassigned_manual_review,,not_annotated_no_domain_boundaries,,True,False
9M8Q,A,VI-D,ternary,508,509,A,481.0,A,509.0,,ALA,True,1954,1955,four_layer_exact,high,0.956043956043956,0.1726618705035971,2.4325451488115584,0.0439560439560439,V,A;C;I;L;R;S;T;V,differs_from_consensus,True,True,scaffold_differs_from_msa_consensus,0.1664607692911487,buried_core,False,False,False,False,15.1080361587165,True,True,unassigned_manual_review,,not_annotated_no_domain_boundaries,,True,False
9M8Q,A,VI-D,ternary,509,510,K,482.0,K,510.0,,LYS,True,1981,1982,four_layer_exact,high,0.9725274725274724,0.2394366197183098,2.4260502226502383,0.0274725274725274,E,D;E;K;N;S;T,differs_from_consensus,True,True,scaffold_differs_from_msa_consensus,0.627156407672796,surface,False,False,False,False,17.06739853864642,True,False,unassigned_manual_review,,not_annotated_no_domain_boundaries,,True,False
9M8Q,A,VI-D,ternary,510,511,F,483.0,F,511.0,,PHE,True,1982,1983,four_layer_exact,high,0.989010989010989,0.7931034482758621,0.7019234381787381,0.0109890109890109,F,F;L;Y,matches_consensus,True,False,,0.222018813743436,surface,False,False,False,False,14.104305322322917,True,False,unassigned_manual_review,,not_annotated_no_domain_boundaries,,True,False
9M8Q,A,VI-D,ternary,511,512,V,484.0,V,512.0,,VAL,True,1995,1996,four_layer_exact,high,0.9615384615384616,0.2285714285714285,2.402960687402209,0.0384615384615384,T,A;E;K;Q;R;S;T;V,differs_from_consensus,True,True,scaffold_differs_from_msa_consensus,0.18739058524757324,buried_core,False,False,False,False,19.21361884196714,True,True,unassigned_manual_review,,not_annotated_no_domain_boundaries,,True,False
9M8Q,A,VI-D,ternary,512,513,E,485.0,E,513.0,,GLU,True,2037,2038,four_layer_exact,high,1.0,0.2539682539682539,2.089227697560553,0.0,E,A;D;E;K;P,matches_consensus,True,False,,0.6167105853565545,surface,False,False,False,False,22.641125931433475,True,False,unassigned_manual_review,,not_annotated_no_domain_boundaries,,True,False
9M8Q,A,VI-D,ternary,513,514,E,486.0,E,514.0,,GLU,True,2038,2039,four_layer_exact,high,1.0,0.272108843537415,2.0393084887849886,0.0,E,D;E;G;K;N,matches_consensus,True,False,,0.316961002491604,surface,False,False,False,False,20.726948104097428,True,False,unassigned_manual_review,,not_annotated_no_domain_boundaries,,True,False
9M8Q,A,VI-D,ternary,514,515,Y,487.0,Y,515.0,,TYR,True,2049,2050,four_layer_exact,high,0.9945054945054944,0.773972602739726,0.6761898808828565,0.0054945054945054,Y,F;Y,matches_consensus,True,False,,0.016295954738596508,buried_core,False,False,False,False,16.52354823521818,True,True,unassigned_manual_review,,not_annotated_no_domain_boundaries,,True,False
9M8Q,A,VI-D,ternary,515,516,A,488.0,A,516.0,,ALA,True,2051,2052,four_layer_exact,high,0.9945054945054944,0.2157534246575342,2.177386161055365,0.0054945054945054,K,A;E;K;R;S,differs_from_consensus,True,True,scaffold_differs_from_msa_consensus,0.3784032277984166,surface,False,False,False,False,19.191224852337918,True,False,unassigned_manual_review,,not_annotated_no_domain_boundaries,,True,False
9M8Q,A,VI-D,ternary,516,517,F,489.0,F,517.0,,PHE,True,2052,2053,four_layer_exact,high,0.9945054945054944,0.3698630136986301,1.7387501761397035,0.0054945054945054,F,F;I;L;M;V,matches_consensus,True,False,,0.1677686398839411,buried_core,False,False,False,False,17.09534467435268,True,True,unassigned_manual_review,,not_annotated_no_domain_boundaries,,True,False
9M8Q,A,VI-D,ternary,517,518,F,490.0,F,518.0,,PHE,True,2053,2054,four_layer_exact,high,1.0,0.8979591836734694,0.4030262359021584,0.0,F,F;L,matches_consensus,True,False,,0.04025427386799721,buried_core,False,False,False,False,13.552878195863935,True,True,unassigned_manual_review,,not_annotated_no_domain_boundaries,,True,False
9M8Q,A,VI-D,ternary,518,519,K,491.0,K,519.0,,LYS,True,2077,2078,four_layer_exact,high,0.9725274725274724,0.323943661971831,2.0774301339406964,0.0274725274725274,N,A;D;E;K;N;S,differs_from_consensus,True,True,scaffold_differs_from_msa_consensus,0.6508555709521483,surface,False,False,False,False,15.83349219950771,True,False,unassigned_manual_review,,not_annotated_no_domain_boundaries,,True,False
9M8Q,A,VI-D,ternary,519,520,D,492.0,D,520.0,,ASP,True,2094,2095,four_layer_exact,high,1.0,0.2244897959183673,2.406589494979646,0.0,N,D;E;K;N;Q;R;S,differs_from_consensus,True,True,scaffold_differs_from_msa_consensus,0.45127620910126653,surface,False,False,False,False,16.34076350396521,True,False,unassigned_manual_review,,not_annotated_no_domain_boundaries,,True,False
9M8Q,A,VI-D,ternary,520,521,S,493.0,S,521.0,,SER,True,2095,2096,four_layer_exact,high,1.0,0.6326530612244898,1.2508471240780406,0.0,S,A;C;S,matches_consensus,True,False,,0.03807723798853152,buried_core,False,False,False,False,12.656678774544767,True,True,unassigned_manual_review,,not_annotated_no_domain_boundaries,,True,False
9M8Q,A,VI-D,ternary,521,522,A,494.0,A,522.0,,ALA,True,2096,2097,four_layer_exact,high,1.0,0.2108843537414966,2.222595186472575,0.0,G,A;D;E;G;K;R;S,differs_from_consensus,True,True,scaffold_differs_from_msa_consensus,0.37269030244144213,surface,False,False,False,False,14.39805203724814,True,False,unassigned_manual_review,,not_annotated_no_domain_boundaries,,True,False
9M8Q,A,VI-D,ternary,522,523,K,495.0,K,523.0,,LYS,True,2097,2098,four_layer_exact,high,1.0,0.27437641723356,2.271048763197599,0.0,K,D;E;K;N;Q;R;T,matches_consensus,True,False,,0.3082754350501374,surface,False,False,False,False,16.95733074668474,True,False,unassigned_manual_review,,not_annotated_no_domain_boundaries,,True,False
9M8Q,A,VI-D,ternary,523,524,I,496.0,I,524.0,,ILE,True,2098,2099,four_layer_exact,high,1.0,0.5782312925170068,1.424677957899505,0.0,I,I;V;Y,matches_consensus,True,False,,0.030650462336038485,buried_core,False,False,False,False,14.76009197917091,True,True,unassigned_manual_review,,not_annotated_no_domain_boundaries,,True,False
9M8Q,A,VI-D,ternary,524,525,A,497.0,A,525.0,,ALA,True,2099,2100,four_layer_exact,high,1.0,0.5238095238095238,1.6623759917322187,0.0,A,A;C;S;V,matches_consensus,True,False,,0.028084377117207356,buried_core,False,False,False,False,12.307362813354711,True,True,unassigned_manual_review,,not_annotated_no_domain_boundaries,,True,False
9M8Q,A,VI-D,ternary,525,526,D,498.0,D,526.0,,ASP,True,2104,2105,four_layer_exact,high,0.989010989010989,0.2068965517241379,2.340981317019028,0.0109890109890109,E,A;D;E;K;N;R;S,differs_from_consensus,True,True,scaffold_differs_from_msa_consensus,0.4026301606848679,surface,False,False,False,False,13.025598586970839,True,False,unassigned_manual_review,,not_annotated_no_domain_boundaries,,True,False
9M8Q,A,VI-D,ternary,526,527,E,499.0,E,527.0,,GLU,True,2105,2106,four_layer_exact,high,0.9945054945054944,0.5273972602739726,1.5192846228609018,0.0054945054945054,E,D;E;Q,matches_consensus,True,False,,0.052852238855111776,buried_core,False,False,False,False,13.608017148401746,True,True,unassigned_manual_review,,not_annotated_no_domain_boundaries,,True,False
9M8Q,A,VI-D,ternary,527,528,L,500.0,L,528.0,,LEU,True,2106,2107,four_layer_exact,high,0.9945054945054944,0.821917808219178,0.5918675357263076,0.0054945054945054,L,I;L,matches_consensus,True,False,,0.0,buried_core,False,False,False,False,10.74684499408701,True,True,unassigned_manual_review,,not_annotated_no_domain_boundaries,,True,False
9M8Q,A,VI-D,ternary,528,529,R,501.0,R,529.0,,ARG,True,2107,2108,four_layer_exact,high,0.9945054945054944,0.5958904109589042,1.604710796645177,0.0054945054945054,R,K;N;R;T,matches_consensus,True,False,,0.4334006847279705,surface,False,True,False,False,7.283380208294784,True,False,unassigned_manual_review,,not_annotated_no_domain_boundaries,,True,False
9M8Q,A,VI-D,ternary,529,530,L,502.0,L,530.0,,LEU,True,2108,2109,four_layer_exact,high,1.0,0.2857142857142857,2.142879178549894,0.0,I,A;E;F;I;L;T;V,differs_from_consensus,True,True,scaffold_differs_from_msa_consensus,0.16221871558745146,buried_core,False,False,False,False,10.195719960468164,True,True,unassigned_manual_review,,not_annotated_no_domain_boundaries,,True,False
9M8Q,A,VI-D,ternary,530,531,I,503.0,I,531.0,,ILE,True,2109,2110,four_layer_exact,high,1.0,0.3673469387755102,1.332497444898705,0.0,I,I;L;V,matches_consensus,True,False,,0.006130092467207697,buried_core,False,False,False,False,9.408312954572414,True,True,unassigned_manual_review,,not_annotated_no_domain_boundaries,,True,False
9M8Q,A,VI-D,ternary,531,532,K,504.0,K,532.0,,LYS,True,2110,2111,four_layer_exact,high,1.0,0.3877551020408163,1.5727945757315092,0.0,K,A;K;N,matches_consensus,True,False,,0.30953745009221767,surface,False,True,False,False,5.8283008155148375,True,False,unassigned_manual_review,,not_annotated_no_domain_boundaries,,True,False
9M8Q,A,VI-D,ternary,532,533,S,505.0,S,533.0,,SER,True,2111,2112,four_layer_exact,high,1.0,0.6394557823129252,1.1003041688611606,0.0,S,N;S,matches_consensus,True,False,,0.22321968415721408,surface,False,True,False,False,7.208569774824116,True,False,unassigned_manual_review,,not_annotated_no_domain_boundaries,,True,False
9M8Q,A,VI-D,ternary,533,534,F,506.0,F,534.0,,PHE,True,2112,2113,four_layer_exact,high,1.0,0.3945578231292517,1.3194395583553464,0.0,F,F;I;L;V,matches_consensus,True,False,,0.06200896523606557,buried_core,False,False,False,False,8.66799121752404,True,True,unassigned_manual_review,,not_annotated_no_domain_boundaries,,True,False
9M8Q,A,VI-D,ternary,534,535,A,507.0,A,535.0,,ALA,True,2113,2114,four_layer_exact,high,1.0,0.6530612244897959,1.19525362353663,0.0,A,A;G;S,matches_consensus,True,False,,0.041529419537314746,buried_core,False,True,False,False,6.625524131495315,True,True,unassigned_manual_review,,not_annotated_no_domain_boundaries,,True,False
9M8Q,A,VI-D,ternary,535,536,R,508.0,R,536.0,,ARG,True,2114,2115,four_layer_exact,high,1.0,0.6122448979591837,1.2143778303437045,0.0,R,K;R,matches_consensus,True,False,,0.4105622692523686,surface,True,False,True,False,3.324058025867039,True,False,unassigned_manual_review,,not_annotated_no_domain_boundaries,,True,False
9M8Q,A,VI-D,ternary,536,537,M,509.0,M,537.0,,MET,True,2115,2116,four_layer_exact,high,1.0,0.8571428571428571,0.7113012067054002,0.0,M,M,matches_consensus,True,False,,0.22790055586936436,surface,False,True,False,False,6.734904064674529,True,False,unassigned_manual_review,,not_annotated_no_domain_boundaries,,True,False
9M8Q,A,VI-D,ternary,537,538,G,510.0,G,538.0,,GLY,True,2116,2117,four_layer_exact,high,0.9285714285714286,0.2164179104477611,2.2640765960078166,0.0714285714285714,K,C;D;E;G;K;Q;S;T,differs_from_consensus,True,True,scaffold_differs_from_msa_consensus,0.2268675760387667,surface,False,False,False,False,10.150193826733608,True,False,unassigned_manual_review,,not_annotated_no_domain_boundaries,,True,False
9M8Q,A,VI-D,ternary,538,539,E,511.0,E,539.0,,GLU,True,2122,2123,four_layer_exact,high,0.8516483516483516,0.6166666666666667,1.582507438135677,0.1483516483516483,K,K;R;S,differs_from_consensus,True,True,scaffold_differs_from_msa_consensus,0.282679154535504,surface,False,True,False,False,6.030035439135463,True,False,unassigned_manual_review,,not_annotated_no_domain_boundaries,,True,False
9M8Q,A,VI-D,ternary,539,540,P,512.0,P,540.0,,PRO,True,2123,2124,four_layer_exact,high,0.8516483516483516,0.4166666666666667,2.1032142678567847,0.1483516483516483,P,A;E;K;P,matches_consensus,True,False,,0.12386647804440601,buried_core,False,False,False,False,10.395098635915895,True,True,unassigned_manual_review,,not_annotated_no_domain_boundaries,,True,False
9M8Q,A,VI-D,ternary,540,541,I,513.0,I,541.0,,ILE,True,2130,2131,four_layer_exact,high,0.967032967032967,0.3687943262411347,2.103087712439381,0.0329670329670329,D,A;D;E;N;S,differs_from_consensus,True,True,scaffold_differs_from_msa_consensus,0.10759830450612563,buried_core,False,False,False,False,11.851830421804618,True,True,unassigned_manual_review,,not_annotated_no_domain_boundaries,,True,False
9M8Q,A,VI-D,ternary,541,542,A,514.0,A,542.0,,ALA,True,2131,2132,four_layer_exact,high,0.967032967032967,0.1631205673758865,2.427358468175039,0.0329670329670329,A,A;E;I;K;L;M;P;V,matches_consensus,True,False,,0.4626563591500387,surface,False,False,False,False,11.263376372505913,True,False,unassigned_manual_review,,not_annotated_no_domain_boundaries,,True,False
9M8Q,A,VI-D,ternary,542,543,D,515.0,D,543.0,,ASP,True,2148,2149,four_layer_exact,high,0.9835164835164836,0.201171875,2.26356625908991,0.0164835164835165,N,A;D;K;N;S,differs_from_consensus,True,True,scaffold_differs_from_msa_consensus,0.46924937461622873,surface,False,False,False,False,14.413662098519161,True,False,unassigned_manual_review,,not_annotated_no_domain_boundaries,,True,False
9M8Q,A,VI-D,ternary,543,544,A,516.0,A,544.0,,ALA,True,2149,2150,four_layer_exact,high,0.9835164835164836,0.4375,1.9869221185386,0.0164835164835165,A,A;I;S;T;V,matches_consensus,True,False,,0.04680729519534559,buried_core,False,False,False,False,15.83547723529568,True,True,unassigned_manual_review,,not_annotated_no_domain_boundaries,,True,False
9M8Q,A,VI-D,ternary,544,545,R,517.0,R,545.0,,ARG,True,2150,2151,four_layer_exact,high,0.978021978021978,0.6153846153846154,1.5255126535790835,0.021978021978022,K,K;N;S,differs_from_consensus,True,True,scaffold_differs_from_msa_consensus,0.3277907964022381,surface,False,False,False,False,9.832281490644121,True,False,unassigned_manual_review,,not_annotated_no_domain_boundaries,,True,False
9M8Q,A,VI-D,ternary,545,546,R,518.0,R,546.0,,ARG,True,2151,2152,four_layer_exact,high,0.978021978021978,0.2867132867132867,2.146517873736677,0.021978021978022,R,A;E;K;R,matches_consensus,True,False,,0.48254060562475903,surface,False,False,False,False,16.617051825956754,True,False,unassigned_manual_review,,not_annotated_no_domain_boundaries,,True,False
9M8Q,A,VI-D,ternary,546,547,A,519.0,A,547.0,,ALA,True,2162,2163,four_layer_exact,high,0.9285714285714286,0.1703703703703703,2.5169221974396727,0.0714285714285714,V,A;E;I;P;Q;S;T;V,differs_from_consensus,True,True,scaffold_differs_from_msa_consensus,0.10845829908429447,buried_core,False,False,False,False,16.74752599160589,True,True,unassigned_manual_review,,not_annotated_no_domain_boundaries,,True,False
9M8Q,A,VI-D,ternary,547,548,M,520.0,M,548.0,,MET,True,2163,2164,four_layer_exact,high,0.9285714285714286,0.5259259259259259,1.3665553528949437,0.0714285714285714,M,L;M;V,matches_consensus,True,False,,0.04358196848639967,buried_core,False,False,False,False,11.046358135138709,True,True,unassigned_manual_review,,not_annotated_no_domain_boundaries,,True,False
9M8Q,A,VI-D,ternary,548,549,Y,521.0,Y,549.0,,TYR,True,2173,2174,four_layer_exact,high,0.9945054945054944,0.4383561643835616,1.4631933734396794,0.0054945054945054,Y,F;I;L;Y,matches_consensus,True,False,,0.03873691248849151,buried_core,False,False,False,False,10.900016761318188,True,True,unassigned_manual_review,,not_annotated_no_domain_boundaries,,True,False
9M8Q,A,VI-D,ternary,549,550,I,522.0,I,550.0,,ILE,True,2174,2175,four_layer_exact,high,0.9945054945054944,0.2397260273972602,2.3571543363396743,0.0054945054945054,R,E;I;K;L;R;V;Y,differs_from_consensus,True,True,scaffold_differs_from_msa_consensus,0.26359397608993096,surface,False,False,False,False,16.417091666880943,True,False,unassigned_manual_review,,not_annotated_no_domain_boundaries,,True,False
9M8Q,A,VI-D,ternary,550,551,D,523.0,D,551.0,,ASP,True,2175,2176,four_layer_exact,high,0.9945054945054944,0.7397260273972602,0.9231110752216588,0.0054945054945054,D,A;D;E,matches_consensus,True,False,,0.01806588319244846,buried_core,False,False,False,False,15.475877250315584,True,True,unassigned_manual_review,,not_annotated_no_domain_boundaries,,True,False
9M8Q,A,VI-D,ternary,551,552,A,524.0,A,552.0,,ALA,True,2177,2178,four_layer_exact,high,0.9945054945054944,0.958904109589041,0.2165598939777729,0.0054945054945054,A,A,matches_consensus,True,False,,0.04469614493213326,buried_core,False,False,False,False,12.177790760598137,True,True,unassigned_manual_review,,not_annotated_no_domain_boundaries,,True,False
9M8Q,A,VI-D,ternary,552,553,I,525.0,I,553.0,,ILE,True,2178,2179,four_layer_exact,high,0.9945054945054944,0.3356164383561644,1.774873005308953,0.0054945054945054,L,A;I;L;V,differs_from_consensus,True,True,scaffold_differs_from_msa_consensus,0.07969120207370006,buried_core,False,False,False,False,13.910728468345967,True,True,unassigned_manual_review,,not_annotated_no_domain_boundaries,,True,False
9M8Q,A,VI-D,ternary,553,554,R,526.0,R,554.0,,ARG,True,2179,2180,four_layer_exact,high,0.9945054945054944,0.1506849315068493,2.5423870286418477,0.0054945054945054,R,A;D;E;K;N;Q;R;T;Y,matches_consensus,True,False,,0.13429992141697686,buried_core,False,False,False,False,16.947268026518504,True,True,unassigned_manual_review,,not_annotated_no_domain_boundaries,,True,False
9M8Q,A,VI-D,ternary,554,555,I,527.0,I,555.0,,ILE,True,2180,2181,four_layer_exact,high,0.9945054945054944,0.4178082191780822,1.5684907183055476,0.0054945054945054,I,I;L;M;T;V,matches_consensus,True,False,,0.030650462336038485,buried_core,False,False,False,False,13.894668495562465,True,True,unassigned_manual_review,,not_annotated_no_domain_boundaries,,True,False
9M8Q,A,VI-D,ternary,555,556,L,528.0,L,556.0,,LEU,True,2181,2182,four_layer_exact,high,0.9945054945054944,0.8972602739726028,0.4286223933512616,0.0054945054945054,L,F;L,matches_consensus,True,False,,0.10746835172508107,buried_core,False,False,False,False,10.18622497574007,True,True,unassigned_manual_review,,not_annotated_no_domain_boundaries,,True,False
9M8Q,A,VI-D,ternary,556,557,G,529.0,G,557.0,,GLY,True,2183,2184,four_layer_exact,high,1.0,0.9183673469387756,0.4348760218906276,0.0,G,G,matches_consensus,True,False,,0.06574290115680682,buried_core,False,False,False,False,16.285691703555308,True,True,unassigned_manual_review,,not_annotated_no_domain_boundaries,,True,False
9M8Q,A,VI-D,ternary,557,558,T,530.0,T,558.0,,THR,True,2184,2185,four_layer_exact,high,0.9945054945054944,0.2168949771689497,2.362992330965375,0.0054945054945054,I,F;I;L;M;T;V;Y,differs_from_consensus,True,True,scaffold_differs_from_msa_consensus,0.1767986061028358,buried_core,False,False,False,False,16.994302284666567,True,True,unassigned_manual_review,,not_annotated_no_domain_boundaries,,True,False
9M8Q,A,VI-D,ternary,558,559,N,531.0,N,559.0,,ASN,True,2207,2208,four_layer_exact,high,0.6153846153846154,0.2294372294372294,2.3917285271214634,0.3846153846153846,D,D;E;G;K;N;P;R;S,differs_from_consensus,False,True,scaffold_differs_from_msa_consensus,0.5622716844995999,surface,False,False,False,False,18.60101658409378,True,False,unassigned_manual_review,,not_annotated_no_domain_boundaries,,False,False
9M8Q,A,VI-D,ternary,559,560,L,532.0,L,560.0,,LEU,True,2210,2211,four_layer_exact,high,0.6868131868131868,0.2333333333333333,2.6046820032950757,0.3131868131868132,M,A;I;K;L;M;V;Y,differs_from_consensus,False,True,scaffold_differs_from_msa_consensus,0.2742512231350732,surface,False,False,False,False,16.790919374184195,True,False,unassigned_manual_review,,not_annotated_no_domain_boundaries,,False,False
9M8Q,A,VI-D,ternary,560,561,S,533.0,S,561.0,,SER,True,2211,2212,four_layer_exact,high,0.7637362637362637,0.3272235576923077,2.2898809709004224,0.2362637362637363,S,D;E;Q;S;T;Y,matches_consensus,False,False,,0.3910617241443526,surface,False,False,False,False,21.917879604009602,True,False,unassigned_manual_review,,not_annotated_no_domain_boundaries,,False,False
9M8Q,A,VI-D,ternary,561,562,Y,534.0,Y,562.0,,TYR,True,2212,2213,four_layer_exact,high,0.8076923076923077,0.2767857142857143,2.211486572343379,0.1923076923076923,E,D;E;K;N;P;T,differs_from_consensus,True,True,scaffold_differs_from_msa_consensus,0.5706764453672626,surface,False,False,False,False,24.353776693890342,True,False,unassigned_manual_review,,not_annotated_no_domain_boundaries,,True,False
9M8Q,A,VI-D,ternary,562,563,D,535.0,D,563.0,,ASP,True,2213,2214,four_layer_exact,high,0.9285714285714286,0.3729011194029851,2.0063318134408825,0.0714285714285714,E,D;E;K;N;P;Q;S,differs_from_consensus,True,True,scaffold_differs_from_msa_consensus,0.5823146105562753,surface,False,False,False,False,23.420775502055715,True,False,unassigned_manual_review,,not_annotated_no_domain_boundaries,,True,False
9M8Q,A,VI-D,ternary,563,564,E,536.0,E,564.0,,GLU,True,2214,2215,four_layer_exact,high,0.9395604395604396,0.4068627450980391,1.9177663889166727,0.0604395604395604,E,A;D;E;N;Q,matches_consensus,True,False,,0.4513757488064348,surface,False,False,False,False,19.06778262572128,True,False,unassigned_manual_review,,not_annotated_no_domain_boundaries,,True,False
9M8Q,A,VI-D,ternary,564,565,L,537.0,L,565.0,,LEU,True,2215,2216,four_layer_exact,high,0.9395604395604396,0.2794117647058823,2.3270442032622807,0.0604395604395604,L,F;I;L;V;Y,matches_consensus,True,False,,0.023354943642698855,buried_core,False,False,False,False,18.743981189499124,True,True,unassigned_manual_review,,not_annotated_no_domain_boundaries,,True,False
9M8Q,A,VI-D,ternary,565,566,K,538.0,K,566.0,,LYS,True,2216,2217,four_layer_exact,high,0.9505494505494504,0.2246376811594203,2.2562227947184934,0.0494505494505495,D,D;E;K;N;Q;S,differs_from_consensus,True,True,scaffold_differs_from_msa_consensus,0.5024138803920365,surface,False,False,False,False,21.218674546420637,True,False,unassigned_manual_review,,not_annotated_no_domain_boundaries,,True,False
9M8Q,A,VI-D,ternary,566,567,A,539.0,A,567.0,,ALA,True,2217,2218,four_layer_exact,high,0.934065934065934,0.2222222222222222,2.186511054381146,0.0659340659340659,E,A;D;E;K;N;Q;R;S,differs_from_consensus,True,True,scaffold_differs_from_msa_consensus,0.3059329684654073,surface,False,False,False,False,19.1214099896132,True,False,unassigned_manual_review,,not_annotated_no_domain_boundaries,,True,False
9M8Q,A,VI-D,ternary,567,568,L,540.0,L,568.0,,LEU,True,2218,2219,four_layer_exact,high,0.934065934065934,0.237037037037037,2.3975259230819947,0.0659340659340659,Y,A;E;F;I;K;L;M;Y,differs_from_consensus,True,True,scaffold_differs_from_msa_consensus,0.30505821210985745,surface,False,False,False,False,14.975712364417241,True,False,unassigned_manual_review,,not_annotated_no_domain_boundaries,,True,False
9M8Q,A,VI-D,ternary,568,569,A,541.0,A,569.0,,ALA,True,2231,2232,four_layer_exact,high,0.7362637362637363,0.32,1.7236461551685858,0.2637362637362637,L,A;F;I;L;V,differs_from_consensus,False,True,scaffold_differs_from_msa_consensus,0.10811520794240476,buried_core,False,False,False,False,17.695514170898303,True,True,unassigned_manual_review,,not_annotated_no_domain_boundaries,,False,False
9M8Q,A,VI-D,ternary,569,570,D,542.0,D,570.0,,ASP,True,2233,2234,four_layer_exact,high,0.9175824175824177,0.4552238805970149,1.84318765225062,0.0824175824175824,D,D;E;K;N;S,matches_consensus,True,False,,0.565835931594222,surface,False,False,False,False,18.520048225914856,True,False,unassigned_manual_review,,not_annotated_no_domain_boundaries,,True,False
9M8Q,A,VI-D,ternary,570,571,T,543.0,T,571.0,,THR,True,2234,2235,four_layer_exact,high,0.9065934065934066,0.2045454545454545,2.2742192318380194,0.0934065934065934,E,D;E;K;N;R,differs_from_consensus,True,True,scaffold_differs_from_msa_consensus,0.6329616585393757,surface,False,False,False,False,14.730618717235581,True,False,unassigned_manual_review,,not_annotated_no_domain_boundaries,,True,False
9M8Q,A,VI-D,ternary,571,572,F,544.0,F,572.0,,PHE,True,2235,2236,four_layer_exact,high,0.9065934065934066,0.2575757575757575,2.1789406973992764,0.0934065934065934,I,F;I;L;M;V;W;Y,differs_from_consensus,True,True,scaffold_differs_from_msa_consensus,0.07377464860277981,buried_core,False,False,False,False,11.424637391489917,True,True,unassigned_manual_review,,not_annotated_no_domain_boundaries,,True,False
9M8Q,A,VI-D,ternary,572,573,S,545.0,S,573.0,,SER,True,2236,2237,four_layer_exact,high,0.8131868131868132,0.4221443965517241,1.6736390906316498,0.1868131868131868,L,F;I;L;V;Y,differs_from_consensus,True,True,scaffold_differs_from_msa_consensus,0.6858343225797278,surface,False,False,False,False,12.86071922956155,True,False,unassigned_manual_review,,not_annotated_no_domain_boundaries,,True,True
9M8Q,A,VI-D,ternary,573,574,L,,,,,,False,2237,2238,full_msa_only_unresolved_coordinate,medium,0.7857142857142857,0.2252252252252252,2.5311921718650634,0.2142857142857143,E,A;C;E;G;K;N;Q;S,differs_from_consensus,False,True,unresolved_internal;scaffold_differs_from_msa_consensus,,,,,,,,False,False,unassigned_manual_review,,not_annotated_no_domain_boundaries,,False,False
9M8Q,A,VI-D,ternary,574,575,D,,,,,,False,2278,2279,full_msa_only_unresolved_coordinate,medium,0.7252747252747253,0.5612244897959183,1.5694452231864695,0.2747252747252747,D,D;E;K;N,matches_consensus,False,True,unresolved_internal,,,,,,,,False,False,unassigned_manual_review,,not_annotated_no_domain_boundaries,,False,False
9M8Q,A,VI-D,ternary,575,576,E,,,,,,False,2279,2280,full_msa_only_unresolved_coordinate,medium,0.7032967032967034,0.3052631578947368,2.146703934903305,0.2967032967032966,K,A;E;K;P;R;S;T,differs_from_consensus,False,True,unresolved_internal;scaffold_differs_from_msa_consensus,,,,,,,,False,False,unassigned_manual_review,,not_annotated_no_domain_boundaries,,False,False
9M8Q,A,VI-D,ternary,576,577,N,,,,,,False,2280,2281,full_msa_only_unresolved_coordinate,medium,0.5659340659340659,0.2857142857142857,2.239330999190396,0.4340659340659341,N,A;D;E;G;K;N;S,matches_consensus,False,True,unresolved_internal,,,,,,,,False,False,unassigned_manual_review,,not_annotated_no_domain_boundaries,,False,False
9M8Q,A,VI-D,ternary,577,578,G,,,,,,False,2290,2291,full_msa_only_unresolved_coordinate,medium,0.6978021978021978,0.6344086021505376,1.383610521736433,0.3021978021978022,G,G;K;N;S,matches_consensus,False,True,unresolved_internal,,,,,,,,False,False,unassigned_manual_review,,not_annotated_no_domain_boundaries,,False,False
9M8Q,A,VI-D,ternary,578,579,N,,,,,,False,2291,2292,full_msa_only_unresolved_coordinate,medium,0.7362637362637363,0.4603125,1.7781822332535753,0.2637362637362637,K,D;E;K;N;T,differs_from_consensus,False,True,unresolved_internal;scaffold_differs_from_msa_consensus,,,,,,,,False,False,unassigned_manual_review,,not_annotated_no_domain_boundaries,,False,False
9M8Q,A,VI-D,ternary,579,580,K,,,,,,False,2292,2293,full_msa_only_unresolved_coordinate,medium,0.7692307692307693,0.320754716981132,2.3879128042717594,0.2307692307692307,K,E;K;P;T,matches_consensus,False,True,unresolved_internal,,,,,,,,False,False,unassigned_manual_review,,not_annotated_no_domain_boundaries,,False,False
9M8Q,A,VI-D,ternary,580,581,L,,,,,,False,2293,2294,full_msa_only_unresolved_coordinate,medium,0.412087912087912,0.273972602739726,2.253269814704581,0.5879120879120879,I,I;K;L;R;S;T;V,differs_from_consensus,False,True,unresolved_internal;scaffold_differs_from_msa_consensus,,,,,,,,False,False,unassigned_manual_review,,not_annotated_no_domain_boundaries,,False,False
9M8Q,A,VI-D,ternary,581,582,K,,,,,,False,2298,2299,full_msa_only_unresolved_coordinate,medium,0.510989010989011,0.3765368852459016,2.229159954328877,0.489010989010989,K,E;K;R,matches_consensus,False,True,unresolved_internal,,,,,,,,False,False,unassigned_manual_review,,not_annotated_no_domain_boundaries,,False,False
9M8Q,A,VI-D,ternary,582,583,K,,,,,,False,2299,2300,full_msa_only_unresolved_coordinate,medium,0.4945054945054945,0.4827586206896552,1.7160583804509766,0.5054945054945055,K,A;K;N;R;T,matches_consensus,False,True,unresolved_internal,,,,,,,,False,False,unassigned_manual_review,,not_annotated_no_domain_boundaries,,False,False
9M8Q,A,VI-D,ternary,583,584,G,,,,,,False,2300,2301,full_msa_only_unresolved_coordinate,medium,0.412087912087912,0.2727272727272727,1.9138771772886185,0.5879120879120879,G,D;E;G;K;N,matches_consensus,False,True,unresolved_internal,,,,,,,,False,False,unassigned_manual_review,,not_annotated_no_domain_boundaries,,False,False
9M8Q,A,VI-D,ternary,584,585,K,,,,,,False,2301,2302,full_msa_only_unresolved_coordinate,medium,0.1813186813186813,0.2424242424242424,2.211848332578174,0.8186813186813187,K,A;D;E;G;K;N;P;R,matches_consensus,False,True,unresolved_internal,,,,,,,,False,False,unassigned_manual_review,,not_annotated_no_domain_boundaries,,False,False
9M8Q,A,VI-D,ternary,585,586,H,,,,,,False,2342,2343,full_msa_only_unresolved_coordinate,medium,0.989010989010989,0.2549568965517241,2.044704689199091,0.0109890109890109,N,H;K;N;R;T,differs_from_consensus,False,True,unresolved_internal;scaffold_differs_from_msa_consensus,,,,,,,,False,False,unassigned_manual_review,,not_annotated_no_domain_boundaries,,False,False
9M8Q,A,VI-D,ternary,586,587,G,546.0,G,587.0,,GLY,True,2343,2344,four_layer_exact,high,0.9945054945054944,0.3287671232876712,2.0693192496989004,0.0054945054945054,G,D;G;K;N;P,matches_consensus,True,False,,0.820052105315304,surface,True,False,True,False,4.645167329426644,True,False,unassigned_manual_review,,not_annotated_no_domain_boundaries,,True,True
9M8Q,A,VI-D,ternary,587,588,M,547.0,M,588.0,,MET,True,2344,2345,four_layer_exact,high,0.9945054945054944,0.4726027397260274,1.5759153766818643,0.0054945054945054,F,F;I;L;V,differs_from_consensus,True,True,scaffold_differs_from_msa_consensus,0.20973637204512752,surface,False,True,False,False,5.664337032818501,True,False,unassigned_manual_review,,not_annotated_no_domain_boundaries,,True,False
9M8Q,A,VI-D,ternary,588,589,R,548.0,R,589.0,,ARG,True,2345,2346,four_layer_exact,high,0.9945054945054944,0.8835616438356164,0.506741600035178,0.0054945054945054,R,K;R,matches_consensus,True,False,,0.37884397015639604,surface,False,True,False,False,7.031630344952647,True,False,unassigned_manual_review,,not_annotated_no_domain_boundaries,,True,False
9M8Q,A,VI-D,ternary,589,590,N,549.0,N,590.0,,ASN,True,2352,2353,four_layer_exact,high,1.0,0.9047619047619048,0.4827964867853797,0.0,N,N,matches_consensus,True,False,,0.27317124433295603,surface,True,False,True,False,3.322419263448534,True,False,unassigned_manual_review,,not_annotated_no_domain_boundaries,,True,False
9M8Q,A,VI-D,ternary,590,591,F,550.0,F,591.0,,PHE,True,2353,2354,four_layer_exact,high,1.0,0.9047619047619048,0.3994558080260597,0.0,F,F;Y,matches_consensus,True,False,,0.07547676350249478,buried_core,True,False,True,False,4.412936956380779,True,True,unassigned_manual_review,,not_annotated_no_domain_boundaries,,True,False
9M8Q,A,VI-D,ternary,591,592,I,551.0,I,592.0,,ILE,True,2354,2355,four_layer_exact,high,1.0,0.7755102040816326,0.7402808121349429,0.0,I,I;L,matches_consensus,True,False,,0.04291064727045388,buried_core,False,True,False,False,6.735620639956322,True,True,unassigned_manual_review,,not_annotated_no_domain_boundaries,,True,False
9M8Q,A,VI-D,ternary,592,593,I,552.0,I,593.0,,ILE,True,2355,2356,four_layer_exact,high,1.0,0.3333333333333333,1.8894836396114305,0.0,A,A;I,differs_from_consensus,True,True,scaffold_differs_from_msa_consensus,0.14712221921298474,buried_core,False,True,False,False,7.549005002868724,True,True,unassigned_manual_review,,not_annotated_no_domain_boundaries,,True,False
9M8Q,A,VI-D,ternary,593,594,N,553.0,N,594.0,,ASN,True,2356,2357,four_layer_exact,high,1.0,0.7142857142857143,0.8897169537548101,0.0,N,K;N;S,matches_consensus,True,False,,0.2326263328676728,surface,True,False,True,False,3.3622482087682686,True,False,unassigned_manual_review,,not_annotated_no_domain_boundaries,,True,False
9M8Q,A,VI-D,ternary,594,595,N,554.0,N,595.0,,ASN,True,2357,2358,four_layer_exact,high,1.0,0.91156462585034,0.4243103208457421,0.0,N,N,matches_consensus,True,False,,0.022092130640527015,buried_core,True,False,True,True,2.846958027266552,True,True,unassigned_manual_review,,not_annotated_no_domain_boundaries,,True,False
9M8Q,A,VI-D,ternary,595,596,V,555.0,V,596.0,,VAL,True,2358,2359,four_layer_exact,high,1.0,0.8503401360544217,0.4497918496700321,0.0,V,I;V,matches_consensus,True,False,,0.04858274432344491,buried_core,False,True,False,False,6.039091471551711,True,True,unassigned_manual_review,,not_annotated_no_domain_boundaries,,True,False
9M8Q,A,VI-D,ternary,596,597,I,556.0,I,597.0,,ILE,True,2359,2360,four_layer_exact,high,1.0,0.6802721088435374,0.9582240756813062,0.0,I,I;L;V,matches_consensus,True,False,,0.08374765202348854,buried_core,False,True,False,False,6.8923034745158915,True,True,unassigned_manual_review,,not_annotated_no_domain_boundaries,,True,False
9M8Q,A,VI-D,ternary,597,598,S,557.0,S,598.0,,SER,True,2360,2361,four_layer_exact,high,1.0,0.3333333333333333,1.8971449057834,0.0,E,D;E;K;N;S,differs_from_consensus,True,True,scaffold_differs_from_msa_consensus,0.2993468384123607,surface,True,False,False,True,3.6132615039985043,True,False,unassigned_manual_review,,not_annotated_no_domain_boundaries,,True,False
9M8Q,A,VI-D,ternary,598,599,N,558.0,N,599.0,,ASN,True,2361,2362,four_layer_exact,high,1.0,0.8435374149659864,0.5213503309611086,0.0,S,N;S,differs_from_consensus,True,True,scaffold_differs_from_msa_consensus,0.07911194063879241,buried_core,True,False,False,True,3.4240059865564825,True,True,unassigned_manual_review,,not_annotated_no_domain_boundaries,,True,False
9M8Q,A,VI-D,ternary,599,600,K,559.0,K,600.0,,LYS,True,2362,2363,four_layer_exact,high,1.0,0.3537414965986394,1.8156290973535367,0.0,R,K;N;R;S;T,differs_from_consensus,True,True,scaffold_differs_from_msa_consensus,0.20670215358960264,surface,True,False,True,True,2.4286048389747528,True,False,unassigned_manual_review,,not_annotated_no_domain_boundaries,,True,False
9M8Q,A,VI-D,ternary,600,601,R,560.0,R,601.0,,ARG,True,2363,2364,four_layer_exact,high,1.0,0.7619047619047619,0.9837272783521896,0.0,R,K;R;W,matches_consensus,True,False,,0.12073920233075663,buried_core,True,False,True,False,3.645304705899066,True,True,unassigned_manual_review,,not_annotated_no_domain_boundaries,,True,False
9M8Q,A,VI-D,ternary,601,602,F,561.0,F,602.0,,PHE,True,2364,2365,four_layer_exact,high,1.0,0.9659863945578232,0.1484282892171749,0.0,F,F,matches_consensus,True,False,,0.030190705400997907,buried_core,False,True,False,False,7.56099895707895,True,True,unassigned_manual_review,,not_annotated_no_domain_boundaries,,True,False
9M8Q,A,VI-D,ternary,602,603,H,562.0,H,603.0,,HIS,True,2365,2366,four_layer_exact,high,1.0,0.1766581632653061,2.459084966990156,0.0,K,F;H;I;K;N;Q;R,differs_from_consensus,True,True,scaffold_differs_from_msa_consensus,0.11637233367086228,buried_core,False,True,False,False,7.5607896628848685,True,True,unassigned_manual_review,,not_annotated_no_domain_boundaries,,True,False
9M8Q,A,VI-D,ternary,603,604,Y,563.0,Y,604.0,,TYR,True,2367,2368,four_layer_exact,high,1.0,0.9727891156462584,0.1402106888660079,0.0,Y,Y,matches_consensus,True,False,,0.06014236307506183,buried_core,True,False,True,False,3.4732781329231854,True,True,unassigned_manual_review,,not_annotated_no_domain_boundaries,,True,False
9M8Q,A,VI-D,ternary,604,605,L,564.0,L,605.0,,LEU,True,2368,2369,four_layer_exact,high,1.0,0.5714285714285714,1.0281281059418343,0.0,L,I;L;V,matches_consensus,True,False,,0.0060081005773130166,buried_core,False,False,False,False,10.992216047508522,True,True,unassigned_manual_review,,not_annotated_no_domain_boundaries,,True,False
9M8Q,A,VI-D,ternary,605,606,I,565.0,I,606.0,,ILE,True,2369,2370,four_layer_exact,high,1.0,0.4353741496598639,1.4172898637728435,0.0,V,A;I;V,differs_from_consensus,True,True,scaffold_differs_from_msa_consensus,0.02452036986883079,buried_core,False,False,False,False,13.109792385974247,True,True,unassigned_manual_review,,not_annotated_no_domain_boundaries,,True,False
9M8Q,A,VI-D,ternary,606,607,R,566.0,R,607.0,,ARG,True,2370,2371,four_layer_exact,high,1.0,0.6394557823129252,0.811700257404049,0.0,R,K;R,matches_consensus,True,False,,0.09762441842697187,buried_core,False,False,False,False,11.869079579025211,True,True,unassigned_manual_review,,not_annotated_no_domain_boundaries,,True,False
9M8Q,A,VI-D,ternary,607,608,Y,567.0,Y,608.0,,TYR,True,2371,2372,four_layer_exact,high,1.0,0.8503401360544217,0.5452229666215684,0.0,Y,F;Y,matches_consensus,True,False,,0.04080792681514088,buried_core,False,False,False,False,13.169017366048463,True,True,unassigned_manual_review,,not_annotated_no_domain_boundaries,,True,False
9M8Q,A,VI-D,ternary,608,609,G,568.0,G,609.0,,GLY,True,2372,2373,four_layer_exact,high,1.0,0.1700680272108843,2.198069236424125,0.0,G,A;C;G;I;N;S;T;V,matches_consensus,True,False,,0.010302490615987696,buried_core,False,False,False,False,17.664631845880272,True,True,unassigned_manual_review,,not_annotated_no_domain_boundaries,,True,False
9M8Q,A,VI-D,ternary,609,610,D,569.0,D,610.0,,ASP,True,2373,2374,four_layer_exact,high,1.0,0.5170068027210885,1.4482255672881177,0.0,N,D;K;N;R;S,differs_from_consensus,True,True,scaffold_differs_from_msa_consensus,0.07783707624626929,buried_core,False,False,False,False,19.460123857685442,True,True,unassigned_manual_review,,not_annotated_no_domain_boundaries,,True,False
9M8Q,A,VI-D,ternary,610,611,P,570.0,P,611.0,,PRO,True,2374,2375,four_layer_exact,high,1.0,0.7551020408163265,0.9980762056073184,0.0,P,A;P;T;V,matches_consensus,True,False,,0.1822835043079119,buried_core,False,False,False,False,20.427913090758608,True,True,unassigned_manual_review,,not_annotated_no_domain_boundaries,,True,False
9M8Q,A,VI-D,ternary,611,612,A,571.0,A,612.0,,ALA,True,2375,2376,four_layer_exact,high,1.0,0.3129251700680272,2.195610034589785,0.0,K,A;E;K;R;S;T,differs_from_consensus,True,True,scaffold_differs_from_msa_consensus,0.6937633121540099,surface,False,False,False,False,22.469843008055204,True,False,unassigned_manual_review,,not_annotated_no_domain_boundaries,,True,False
9M8Q,A,VI-D,ternary,612,613,H,572.0,H,613.0,,HIS,True,2376,2377,four_layer_exact,high,1.0,0.3401360544217687,2.29174671988634,0.0,K,D;E;K;N;S;T,differs_from_consensus,True,True,scaffold_differs_from_msa_consensus,0.31664448954744406,surface,False,False,False,False,20.55019255463,True,False,unassigned_manual_review,,not_annotated_no_domain_boundaries,,True,False
9M8Q,A,VI-D,ternary,613,614,L,573.0,L,614.0,,LEU,True,2377,2378,four_layer_exact,high,1.0,0.3537414965986394,1.688112846401972,0.0,V,A;C;I;L;V,differs_from_consensus,True,True,scaffold_differs_from_msa_consensus,0.04092197953049152,buried_core,False,False,False,False,16.44271327540021,True,True,unassigned_manual_review,,not_annotated_no_domain_boundaries,,True,False
9M8Q,A,VI-D,ternary,614,615,H,574.0,H,615.0,,HIS,True,2378,2379,four_layer_exact,high,1.0,0.5578231292517006,1.7049736224519816,0.0,R,H;K;R;S,differs_from_consensus,True,True,scaffold_differs_from_msa_consensus,0.10192364415818347,buried_core,False,False,False,False,16.966134004759244,True,True,unassigned_manual_review,,not_annotated_no_domain_boundaries,,True,False
9M8Q,A,VI-D,ternary,615,616,E,575.0,E,616.0,,GLU,True,2379,2380,four_layer_exact,high,1.0,0.3356009070294784,2.0562657025875595,0.0,K,A;E;K;R,differs_from_consensus,True,True,scaffold_differs_from_msa_consensus,0.38044551791521836,surface,False,False,False,False,20.958876557109107,True,False,unassigned_manual_review,,not_annotated_no_domain_boundaries,,True,False
9M8Q,A,VI-D,ternary,616,617,I,576.0,I,617.0,,ILE,True,2380,2381,four_layer_exact,high,1.0,0.4693877551020408,1.471496016036716,0.0,L,F;I;L;V,differs_from_consensus,True,True,scaffold_differs_from_msa_consensus,0.0,buried_core,False,False,False,False,17.418344672860666,True,True,unassigned_manual_review,,not_annotated_no_domain_boundaries,,True,False
9M8Q,A,VI-D,ternary,617,618,A,577.0,A,618.0,,ALA,True,2381,2382,four_layer_exact,high,1.0,0.4285714285714285,1.5186706172242754,0.0,A,A;I;M;V,matches_consensus,True,False,,0.016783313385870757,buried_core,False,False,False,False,15.840758571288152,True,True,unassigned_manual_review,,not_annotated_no_domain_boundaries,,True,False
9M8Q,A,VI-D,ternary,618,619,K,578.0,K,619.0,,LYS,True,2382,2383,four_layer_exact,high,0.9945054945054944,0.2716894977168949,2.093049613727429,0.0054945054945054,K,E;K;N;Q;R;S,matches_consensus,True,False,,0.35646373904288703,surface,False,False,False,False,19.44925798576982,True,False,unassigned_manual_review,,not_annotated_no_domain_boundaries,,True,False
9M8Q,A,VI-D,ternary,619,620,N,579.0,N,620.0,,ASN,True,2388,2389,four_layer_exact,high,1.0,0.7959183673469388,0.8274555280008078,0.0,N,C;N,matches_consensus,True,False,,0.156923358583388,buried_core,False,False,False,False,20.537115584914503,True,True,unassigned_manual_review,,not_annotated_no_domain_boundaries,,True,False
9M8Q,A,VI-D,ternary,620,621,E,580.0,E,621.0,,GLU,True,2389,2390,four_layer_exact,high,1.0,0.2874149659863945,2.0159987736505576,0.0,E,E;K;P;R;T,matches_consensus,True,False,,0.4492309567348961,surface,False,False,False,False,21.43612347282051,True,False,unassigned_manual_review,,not_annotated_no_domain_boundaries,,True,False
9M8Q,A,VI-D,ternary,621,622,A,581.0,A,622.0,,ALA,True,2390,2391,four_layer_exact,high,1.0,0.238095238095238,2.3303626812105,0.0,K,A;E;K;N;P;S;T,differs_from_consensus,True,True,scaffold_differs_from_msa_consensus,0.32751234922203276,surface,False,False,False,False,20.96707719682981,True,False,unassigned_manual_review,,not_annotated_no_domain_boundaries,,True,False
9M8Q,A,VI-D,ternary,622,623,V,582.0,V,623.0,,VAL,True,2391,2392,four_layer_exact,high,1.0,0.3469387755102041,1.4594640207736869,0.0,V,A;I;L;V,matches_consensus,True,False,,0.03470196023103208,buried_core,False,False,False,False,16.64301387630425,True,True,unassigned_manual_review,,not_annotated_no_domain_boundaries,,True,False
9M8Q,A,VI-D,ternary,623,624,V,583.0,V,624.0,,VAL,True,2392,2393,four_layer_exact,high,1.0,0.6258503401360545,1.143334124932022,0.0,V,I;L;T;V,matches_consensus,True,False,,0.0,buried_core,False,False,False,False,15.066308988334992,True,True,unassigned_manual_review,,not_annotated_no_domain_boundaries,,True,False
9M8Q,A,VI-D,ternary,624,625,K,584.0,K,625.0,,LYS,True,2393,2394,four_layer_exact,high,1.0,0.3265306122448979,1.9751902431035715,0.0,R,A;E;K;R;S,differs_from_consensus,True,True,scaffold_differs_from_msa_consensus,0.2282450128672639,surface,False,False,False,False,15.762297121131855,True,False,unassigned_manual_review,,not_annotated_no_domain_boundaries,,True,False
9M8Q,A,VI-D,ternary,625,626,F,585.0,F,626.0,,PHE,True,2394,2395,four_layer_exact,high,1.0,0.7551020408163265,0.8150132857617806,0.0,F,F;L;Y,matches_consensus,True,False,,0.14544657688263443,buried_core,False,False,False,False,13.338255002985585,True,True,unassigned_manual_review,,not_annotated_no_domain_boundaries,,True,False
9M8Q,A,VI-D,ternary,626,627,V,586.0,V,627.0,,VAL,True,2395,2396,four_layer_exact,high,1.0,0.7278911564625851,0.8883088396536021,0.0,V,A;I;V,matches_consensus,True,False,,0.07243140469283392,buried_core,False,False,False,False,10.99528463116759,True,True,unassigned_manual_review,,not_annotated_no_domain_boundaries,,True,False
9M8Q,A,VI-D,ternary,627,628,L,587.0,L,628.0,,LEU,True,2396,2397,four_layer_exact,high,1.0,0.9455782312925172,0.2832196460072378,0.0,L,L,matches_consensus,True,False,,0.0360486034638781,buried_core,False,False,False,False,11.392139921433499,True,True,unassigned_manual_review,,not_annotated_no_domain_boundaries,,True,False
9M8Q,A,VI-D,ternary,628,629,G,588.0,G,629.0,,GLY,True,2398,2399,four_layer_exact,high,0.9945054945054944,0.2602739726027397,2.153475989484622,0.0054945054945054,K,D;E;G;K;N;R;S,differs_from_consensus,True,True,scaffold_differs_from_msa_consensus,0.2256895996241572,surface,False,False,False,False,13.087550547290489,True,False,unassigned_manual_review,,not_annotated_no_domain_boundaries,,True,False
9M8Q,A,VI-D,ternary,629,630,R,589.0,R,630.0,,ARG,True,2407,2408,four_layer_exact,high,0.978021978021978,0.3076923076923077,2.03431797599515,0.021978021978022,R,D;E;G;K;R;S,matches_consensus,True,False,,0.3734333220789179,surface,False,False,False,False,9.255077901710377,True,False,unassigned_manual_review,,not_annotated_no_domain_boundaries,,True,False
9M8Q,A,VI-D,ternary,630,631,I,590.0,I,631.0,,ILE,True,2409,2410,four_layer_exact,high,0.9945054945054944,0.589041095890411,1.0731959757798548,0.0054945054945054,I,I;L;M,matches_consensus,True,False,,0.14041324444463335,buried_core,False,True,False,False,5.56664636598074,True,True,unassigned_manual_review,,not_annotated_no_domain_boundaries,,True,False
9M8Q,A,VI-D,ternary,631,632,A,591.0,A,632.0,,ALA,True,2410,2411,four_layer_exact,high,0.0604395604395604,0.5454545454545454,1.294545165844896,0.9395604395604396,A,A;D;K;L;Y,matches_consensus,False,False,,0.06961379665452211,buried_core,False,False,False,False,9.877634555114888,True,True,unassigned_manual_review,,not_annotated_no_domain_boundaries,,False,False
9M8Q,A,VI-D,ternary,632,633,D,592.0,D,633.0,,ASP,True,2411,2412,four_layer_exact,high,0.0549450549450549,0.3,1.5047882836811908,0.945054945054945,D,D;E;G;K;N,matches_consensus,False,False,,0.471978816357959,surface,False,False,False,False,9.668663572933703,True,False,unassigned_manual_review,,not_annotated_no_domain_boundaries,,False,False
9M8Q,A,VI-D,ternary,633,634,I,593.0,I,634.0,,ILE,True,2412,2413,four_layer_exact,high,0.0384615384615384,0.4285714285714285,1.078992207877583,0.9615384615384616,I,I;L;N,matches_consensus,False,False,,0.4889341339466196,surface,False,True,False,False,6.191310894713933,True,False,unassigned_manual_review,,not_annotated_no_domain_boundaries,,False,False
9M8Q,A,VI-D,ternary,634,635,Q,594.0,Q,635.0,,GLN,True,2413,2414,four_layer_exact,high,0.0329670329670329,0.8333333333333334,0.4505612088663046,0.967032967032967,Q,N;Q,matches_consensus,False,False,,0.2789070772019298,surface,True,False,True,True,3.729568378719533,True,False,unassigned_manual_review,,not_annotated_no_domain_boundaries,,False,False
9M8Q,A,VI-D,ternary,635,636,K,595.0,K,636.0,,LYS,True,2425,2426,four_layer_exact,high,0.0384615384615384,0.5714285714285714,1.15374194270109,0.9615384615384616,K,H;K;R;S,matches_consensus,False,False,,0.10061040993587601,buried_core,True,False,True,False,2.6843350845299976,True,True,unassigned_manual_review,,not_annotated_no_domain_boundaries,,False,False
9M8Q,A,VI-D,ternary,636,637,K,596.0,K,637.0,,LYS,True,2426,2427,four_layer_exact,high,0.0384615384615384,0.7142857142857143,0.7963116401738131,0.9615384615384616,K,A;K;V,matches_consensus,False,False,,0.5311040226986138,surface,False,True,False,False,6.44918877114064,True,False,unassigned_manual_review,,not_annotated_no_domain_boundaries,,False,False
9M8Q,A,VI-D,ternary,637,638,Q,597.0,Q,638.0,,GLN,True,2427,2428,four_layer_exact,high,0.0439560439560439,0.5,1.3862943611198906,0.956043956043956,Q,D;E;G;N;Q,matches_consensus,False,False,,0.37049028358455494,surface,True,False,False,True,2.516988246894955,True,False,unassigned_manual_review,,not_annotated_no_domain_boundaries,,False,False
9M8Q,A,VI-D,ternary,638,639,G,598.0,G,639.0,,GLY,True,2428,2429,four_layer_exact,high,0.0714285714285714,0.3076923076923077,1.8848713335781608,0.9285714285714286,G,A;G;K;N;Q;T;V;Y,matches_consensus,False,False,,0.177933041392072,buried_core,False,True,False,False,6.43070383758833,True,True,unassigned_manual_review,,not_annotated_no_domain_boundaries,,False,False
9M8Q,A,VI-D,ternary,639,640,Q,599.0,Q,640.0,,GLN,True,2429,2430,four_layer_exact,high,0.0769230769230769,0.3571428571428571,1.668173971997397,0.9230769230769232,K,A;E;K;M;Q;R;V,differs_from_consensus,False,True,scaffold_differs_from_msa_consensus,0.6889535029536842,surface,False,False,False,False,8.357209311463496,True,False,unassigned_manual_review,,not_annotated_no_domain_boundaries,,False,False
9M8Q,A,VI-D,ternary,640,641,N,600.0,N,641.0,,ASN,True,2430,2431,four_layer_exact,high,0.0934065934065934,0.4705882352941176,1.299741799542741,0.9065934065934066,N,G;L;N;S;T,matches_consensus,False,False,,0.6497236997649006,surface,False,True,False,False,6.254323769857129,True,False,unassigned_manual_review,,not_annotated_no_domain_boundaries,,False,False
9M8Q,A,VI-D,ternary,641,642,G,601.0,G,642.0,,GLY,True,2431,2432,four_layer_exact,high,1.0,0.7959183673469388,0.9609288284265856,0.0,P,P,differs_from_consensus,True,True,scaffold_differs_from_msa_consensus,0.4158727982469559,surface,False,True,False,False,5.107947582935395,True,False,unassigned_manual_review,,not_annotated_no_domain_boundaries,,True,False
9M8Q,A,VI-D,ternary,642,643,K,602.0,K,643.0,,LYS,True,2432,2433,four_layer_exact,high,1.0,0.4081632653061224,1.6881584280251571,0.0,D,D;E;K;P,differs_from_consensus,True,True,scaffold_differs_from_msa_consensus,0.35029727188988824,surface,True,False,True,False,3.131653367482094,True,False,unassigned_manual_review,,not_annotated_no_domain_boundaries,,True,False
9M8Q,A,VI-D,ternary,643,644,N,603.0,N,644.0,,ASN,True,2433,2434,four_layer_exact,high,1.0,0.2653061224489796,1.973315842127645,0.0,T,A;E;K;N;S;T,differs_from_consensus,True,True,scaffold_differs_from_msa_consensus,0.08472440396979637,buried_core,True,False,True,False,4.0499096882868555,True,True,unassigned_manual_review,,not_annotated_no_domain_boundaries,,True,False
9M8Q,A,VI-D,ternary,644,645,Q,604.0,Q,645.0,,GLN,True,2434,2435,four_layer_exact,high,1.0,0.8979591836734694,0.4879014008686823,0.0,Q,Q,matches_consensus,True,False,,0.058241441662174556,buried_core,True,False,True,False,3.736656345884515,True,True,unassigned_manual_review,,not_annotated_no_domain_boundaries,,True,False
9M8Q,A,VI-D,ternary,645,646,I,605.0,I,646.0,,ILE,True,2435,2436,four_layer_exact,high,1.0,0.7891156462585034,0.6560502726420293,0.0,I,I;L,matches_consensus,True,False,,0.042331764969310175,buried_core,False,True,False,False,6.555800626674989,True,True,unassigned_manual_review,,not_annotated_no_domain_boundaries,,True,False
9M8Q,A,VI-D,ternary,646,647,D,606.0,D,647.0,,ASP,True,2436,2437,four_layer_exact,high,1.0,0.3605442176870748,2.145366358317453,0.0,D,D;E;K;L;R;T,matches_consensus,True,False,,0.15412647047438668,buried_core,False,True,False,False,7.351678925350139,True,True,unassigned_manual_review,,not_annotated_no_domain_boundaries,,True,False
9M8Q,A,VI-D,ternary,647,648,R,607.0,R,648.0,,ARG,True,2437,2438,four_layer_exact,high,1.0,0.7891156462585034,0.849897306138563,0.0,R,K;R;S,matches_consensus,True,False,,0.07475499978883245,buried_core,True,False,True,True,2.4785130970854077,True,True,unassigned_manual_review,,not_annotated_no_domain_boundaries,,True,False
9M8Q,A,VI-D,ternary,648,649,Y,608.0,Y,649.0,,TYR,True,2438,2439,four_layer_exact,high,1.0,0.9659863945578232,0.1937405014692199,0.0,Y,Y,matches_consensus,True,False,,0.035180677385504726,buried_core,True,False,False,True,3.511608161752348,True,True,unassigned_manual_review,,not_annotated_no_domain_boundaries,,True,False
9M8Q,A,VI-D,ternary,649,650,Y,609.0,Y,650.0,,TYR,True,2439,2440,four_layer_exact,high,0.9945054945054944,0.6917808219178082,1.255111671604974,0.0054945054945054,Y,C;F;Y,matches_consensus,True,False,,0.06628736608636032,buried_core,False,False,False,False,8.751612692618952,True,True,unassigned_manual_review,,not_annotated_no_domain_boundaries,,True,False
9M8Q,A,VI-D,ternary,650,651,E,610.0,E,651.0,,GLU,True,2445,2446,four_layer_exact,high,0.9725274725274724,0.1974031690140845,2.4402951543493234,0.0274725274725274,K,D;E;K;N;R,differs_from_consensus,True,True,scaffold_differs_from_msa_consensus,0.23078844026242273,surface,False,True,False,False,5.48940802850718,True,False,unassigned_manual_review,,not_annotated_no_domain_boundaries,,True,False
9M8Q,A,VI-D,ternary,651,652,T,611.0,T,652.0,,THR,True,2446,2447,four_layer_exact,high,0.9725274725274724,0.4859154929577465,1.7173684276155556,0.0274725274725274,S,A;S;T,differs_from_consensus,True,True,scaffold_differs_from_msa_consensus,0.03895984028099252,buried_core,True,False,False,True,3.984849807911691,True,True,unassigned_manual_review,,not_annotated_no_domain_boundaries,,True,False
9M8Q,A,VI-D,ternary,652,653,C,612.0,C,653.0,,CYS,True,2447,2448,four_layer_exact,high,0.978021978021978,0.4895104895104895,1.4922572554319866,0.021978021978022,C,C;I;L;V,matches_consensus,True,False,,0.11956352331146675,buried_core,False,True,False,False,7.9769842151857775,True,True,unassigned_manual_review,,not_annotated_no_domain_boundaries,,True,False
9M8Q,A,VI-D,ternary,653,654,I,613.0,I,654.0,,ILE,True,2453,2454,four_layer_exact,high,0.8241758241758241,0.2260869565217391,2.5951530840494907,0.1758241758241758,T,F;G;I;K;N;S;T;V,differs_from_consensus,True,True,scaffold_differs_from_msa_consensus,0.35192911885186046,surface,False,False,False,False,10.207002977240085,True,False,unassigned_manual_review,,not_annotated_no_domain_boundaries,,True,False
9M8Q,A,VI-D,ternary,654,655,G,614.0,G,655.0,,GLY,True,2454,2455,four_layer_exact,high,0.8461538461538461,0.4369747899159664,2.046389148472396,0.1538461538461538,G,D;E;G,matches_consensus,True,False,,0.37123378740161184,surface,False,False,False,False,8.875417215731645,True,False,unassigned_manual_review,,not_annotated_no_domain_boundaries,,True,False
9M8Q,A,VI-D,ternary,655,656,K,615.0,K,656.0,,LYS,True,2455,2456,four_layer_exact,high,0.7582417582417582,0.1620145631067961,2.6546072910495537,0.2417582417582418,K,A;E;G;I;K;N;P;S;T,matches_consensus,False,False,,0.38650977143982046,surface,True,False,False,True,4.599651669628732,True,False,unassigned_manual_review,,not_annotated_no_domain_boundaries,,False,False
9M8Q,A,VI-D,ternary,656,657,D,616.0,D,657.0,,ASP,True,2456,2457,four_layer_exact,high,0.8186813186813187,0.175438596491228,2.448897424287677,0.1813186813186813,K,D;E;G;K;N;P;R;S,differs_from_consensus,True,True,scaffold_differs_from_msa_consensus,0.5193065027422357,surface,False,False,False,False,9.692740430888513,True,False,unassigned_manual_review,,not_annotated_no_domain_boundaries,,True,False
9M8Q,A,VI-D,ternary,657,658,K,617.0,K,658.0,,LYS,True,2457,2458,four_layer_exact,high,0.5439560439560439,0.2307692307692307,2.3437011529219887,0.4560439560439561,E,D;E;P;S;T,differs_from_consensus,False,True,scaffold_differs_from_msa_consensus,0.660786784298143,surface,False,False,False,False,13.04848572301529,True,False,unassigned_manual_review,,not_annotated_no_domain_boundaries,,False,False
9M8Q,A,VI-D,ternary,658,659,G,618.0,G,659.0,,GLY,True,2478,2479,four_layer_exact,high,0.5164835164835165,0.2365591397849462,2.4974563091851127,0.4835164835164834,N,D;E;G;L;N;S;T,differs_from_consensus,False,True,scaffold_differs_from_msa_consensus,0.7058320129038729,surface,False,False,False,False,15.612747893863016,True,False,unassigned_manual_review,,not_annotated_no_domain_boundaries,,False,False
9M8Q,A,VI-D,ternary,659,660,K,619.0,K,660.0,,LYS,True,2479,2480,four_layer_exact,high,0.6263736263736264,0.1981981981981982,2.535673647236435,0.3736263736263736,A,A;D;I;K;P;S;T;V,differs_from_consensus,False,True,scaffold_differs_from_msa_consensus,0.49004825222350834,surface,False,False,False,False,17.183244880643738,True,False,unassigned_manual_review,,not_annotated_no_domain_boundaries,,False,False
9M8Q,A,VI-D,ternary,660,661,S,620.0,S,661.0,,SER,True,2480,2481,four_layer_exact,high,0.6758241758241759,0.2416666666666666,2.3078159210303624,0.3241758241758241,S,D;G;K;N;P;S;T,matches_consensus,False,False,,0.3564322928856071,surface,False,False,False,False,16.274331823562395,True,False,unassigned_manual_review,,not_annotated_no_domain_boundaries,,False,False
9M8Q,A,VI-D,ternary,661,662,V,621.0,V,662.0,,VAL,True,2481,2482,four_layer_exact,high,0.7087912087912088,0.1269841269841269,2.698039359974811,0.2912087912087912,K,A;I;K;L;R;T;V;Y,differs_from_consensus,False,True,scaffold_differs_from_msa_consensus,0.4157681215463774,surface,False,False,False,False,14.121148346875197,True,False,unassigned_manual_review,,not_annotated_no_domain_boundaries,,False,False
9M8Q,A,VI-D,ternary,662,663,S,622.0,S,663.0,,SER,True,2482,2483,four_layer_exact,high,0.8846153846153846,0.2887139107611548,2.144128212266124,0.1153846153846154,E,D;E;K;N;S,differs_from_consensus,True,True,scaffold_differs_from_msa_consensus,0.4689069850192379,surface,False,False,False,False,17.195989603435777,True,False,unassigned_manual_review,,not_annotated_no_domain_boundaries,,True,False
9M8Q,A,VI-D,ternary,663,664,E,623.0,E,664.0,,GLU,True,2483,2484,four_layer_exact,high,0.8901098901098901,0.3125,2.275687682037037,0.1098901098901099,E,A;D;E;K;R;T,matches_consensus,True,False,,0.44282701029665567,surface,False,False,False,False,17.48294023416785,True,False,unassigned_manual_review,,not_annotated_no_domain_boundaries,,True,False
9M8Q,A,VI-D,ternary,664,665,K,624.0,K,665.0,,LYS,True,2484,2485,four_layer_exact,high,0.9945054945054944,0.4535530821917808,1.8017100993145243,0.0054945054945054,K,K;M;Q,matches_consensus,True,False,,0.1665336966734705,buried_core,False,False,False,False,12.155528140110393,True,True,unassigned_manual_review,,not_annotated_no_domain_boundaries,,True,False
9M8Q,A,VI-D,ternary,665,666,V,625.0,V,666.0,,VAL,True,2485,2486,four_layer_exact,high,1.0,0.4693877551020408,1.4556105835935438,0.0,I,I;L;R;V,differs_from_consensus,True,True,scaffold_differs_from_msa_consensus,0.11104627273930265,buried_core,False,False,False,False,14.492871623073391,True,True,unassigned_manual_review,,not_annotated_no_domain_boundaries,,True,False
9M8Q,A,VI-D,ternary,666,667,D,626.0,D,667.0,,ASP,True,2486,2487,four_layer_exact,high,1.0,0.3199404761904761,2.0892302674309065,0.0,D,A;D;E;K;N;Q;S,matches_consensus,True,False,,0.3818348357506892,surface,False,False,False,False,17.55926788918761,True,False,unassigned_manual_review,,not_annotated_no_domain_boundaries,,True,False
9M8Q,A,VI-D,ternary,667,668,A,627.0,A,668.0,,ALA,True,2487,2488,four_layer_exact,high,1.0,0.1632653061224489,2.568249472168473,0.0,E,A;E;F;K;T;V;Y,differs_from_consensus,True,True,scaffold_differs_from_msa_consensus,0.2619821359485489,surface,False,False,False,False,15.466078253495184,True,False,unassigned_manual_review,,not_annotated_no_domain_boundaries,,True,False
9M8Q,A,VI-D,ternary,668,669,L,628.0,L,669.0,,LEU,True,2488,2489,four_layer_exact,high,1.0,0.9183673469387756,0.3629909419913447,0.0,L,I;L,matches_consensus,True,False,,0.012016201154626033,buried_core,False,False,False,False,11.086741776720844,True,True,unassigned_manual_review,,not_annotated_no_domain_boundaries,,True,False
9M8Q,A,VI-D,ternary,669,670,T,629.0,T,670.0,,THR,True,2489,2490,four_layer_exact,high,1.0,0.3605442176870748,1.9231872361462825,0.0,A,A;I;S;T;V,differs_from_consensus,True,True,scaffold_differs_from_msa_consensus,0.0,buried_core,False,False,False,False,16.193662879713298,True,True,unassigned_manual_review,,not_annotated_no_domain_boundaries,,True,False
9M8Q,A,VI-D,ternary,670,671,K,630.0,K,671.0,,LYS,True,2490,2491,four_layer_exact,high,1.0,0.2312925170068027,2.0818279240922206,0.0,E,D;E;G;K;N;R,differs_from_consensus,True,True,scaffold_differs_from_msa_consensus,0.5409666534795606,surface,False,False,False,False,16.34875937939173,True,False,unassigned_manual_review,,not_annotated_no_domain_boundaries,,True,False
9M8Q,A,VI-D,ternary,671,672,I,631.0,I,672.0,,ILE,True,2491,2492,four_layer_exact,high,1.0,0.1564625850340136,2.3943393928930647,0.0,I,A;E;I;K;L;M;Q;R,matches_consensus,True,False,,0.11034166440973854,buried_core,False,False,False,False,11.671749581082304,True,True,unassigned_manual_review,,not_annotated_no_domain_boundaries,,True,False
9M8Q,A,VI-D,ternary,672,673,I,632.0,I,673.0,,ILE,True,2492,2493,four_layer_exact,high,1.0,0.5238095238095238,0.9656212078672828,0.0,I,I;L,matches_consensus,True,False,,0.006130092467207697,buried_core,False,False,False,False,11.527316962248348,True,True,unassigned_manual_review,,not_annotated_no_domain_boundaries,,True,False
9M8Q,A,VI-D,ternary,673,674,T,633.0,T,674.0,,THR,True,2493,2494,four_layer_exact,high,1.0,0.2312925170068027,2.377059686067302,0.0,T,A;C;K;R;S;T;V,matches_consensus,True,False,,0.16296449326231174,buried_core,False,False,False,False,16.219613727807296,True,True,unassigned_manual_review,,not_annotated_no_domain_boundaries,,True,False
9M8Q,A,VI-D,ternary,674,675,G,634.0,G,675.0,,GLY,True,2494,2495,four_layer_exact,high,1.0,0.2040816326530612,2.1812981957329782,0.0,G,D;E;G;K;N;Q;S,matches_consensus,True,False,,0.17924236054569886,buried_core,False,False,False,False,16.25975022744117,True,True,unassigned_manual_review,,not_annotated_no_domain_boundaries,,True,False
9M8Q,A,VI-D,ternary,675,676,M,635.0,M,676.0,,MET,True,2495,2496,four_layer_exact,high,1.0,0.272108843537415,1.7179731267051934,0.0,F,F;I;L;M;V,differs_from_consensus,True,True,scaffold_differs_from_msa_consensus,0.042973902008323586,buried_core,False,False,False,False,11.034206029208255,True,True,unassigned_manual_review,,not_annotated_no_domain_boundaries,,True,False
9M8Q,A,VI-D,ternary,676,677,N,636.0,N,677.0,,ASN,True,2496,2497,four_layer_exact,high,1.0,0.4149659863945578,1.6454428118663162,0.0,S,D;K;N;S;T,differs_from_consensus,True,True,scaffold_differs_from_msa_consensus,0.2414294299191257,surface,False,False,False,False,13.05975237043388,True,False,unassigned_manual_review,,not_annotated_no_domain_boundaries,,True,False
9M8Q,A,VI-D,ternary,677,678,Y,637.0,Y,678.0,,TYR,True,2497,2498,four_layer_exact,high,1.0,0.54421768707483,1.4476296345672652,0.0,F,F;I;L;Y,differs_from_consensus,True,True,scaffold_differs_from_msa_consensus,0.19976152548510645,buried_core,False,False,False,False,11.736854154021362,True,True,unassigned_manual_review,,not_annotated_no_domain_boundaries,,True,False
9M8Q,A,VI-D,ternary,678,679,D,638.0,D,679.0,,ASP,True,2498,2499,four_layer_exact,high,1.0,0.2090419501133786,2.268596289705408,0.0,D,D;E;G;K;N;S,matches_consensus,True,False,,0.4200832216999985,surface,False,False,False,False,14.289519684698012,True,False,unassigned_manual_review,,not_annotated_no_domain_boundaries,,True,False
9M8Q,A,VI-D,ternary,679,680,Q,639.0,Q,680.0,,GLN,True,2500,2501,four_layer_exact,high,0.967032967032967,0.2061170212765957,2.411003770316559,0.0329670329670329,D,D;E;K;N;Q;S;T,differs_from_consensus,True,True,scaffold_differs_from_msa_consensus,0.32476086996514936,surface,False,False,False,False,11.852609346328634,True,False,unassigned_manual_review,,not_annotated_no_domain_boundaries,,True,False
9M8Q,A,VI-D,ternary,680,681,F,640.0,F,681.0,,PHE,True,2502,2503,four_layer_exact,high,0.978021978021978,0.6083916083916084,1.3673360658753668,0.021978021978022,F,F;I;L,matches_consensus,True,False,,0.3492389172474937,surface,False,True,False,False,7.537721213364691,True,False,unassigned_manual_review,,not_annotated_no_domain_boundaries,,True,True
9M8Q,A,VI-D,ternary,681,682,D,,,,,,False,2503,2504,full_msa_only_unresolved_coordinate,medium,0.978021978021978,0.2447552447552447,2.345306231783017,0.021978021978022,E,E;I;K;L;R;S;T,differs_from_consensus,False,True,unresolved_internal;scaffold_differs_from_msa_consensus,,,,,,,,False,False,unassigned_manual_review,,not_annotated_no_domain_boundaries,,False,False
9M8Q,A,VI-D,ternary,682,683,K,,,,,,False,2511,2512,full_msa_only_unresolved_coordinate,medium,0.9725274725274724,0.3544600938967135,1.8248594816385624,0.0274725274725274,D,D;G;K;N,differs_from_consensus,False,True,unresolved_internal;scaffold_differs_from_msa_consensus,,,,,,,,False,False,unassigned_manual_review,,not_annotated_no_domain_boundaries,,False,False
9M8Q,A,VI-D,ternary,683,684,K,,,,,,False,2517,2518,full_msa_only_unresolved_coordinate,medium,0.9615384615384616,0.5928571428571429,1.110576939410738,0.0384615384615384,V,A;I;V,differs_from_consensus,False,True,unresolved_internal;scaffold_differs_from_msa_consensus,,,,,,,,False,False,unassigned_manual_review,,not_annotated_no_domain_boundaries,,False,False
9M8Q,A,VI-D,ternary,684,685,R,,,,,,False,2526,2527,full_msa_only_unresolved_coordinate,medium,0.8956043956043956,0.2578125,2.3014362249240654,0.1043956043956043,K,D;E;G;K;N;Q;R,differs_from_consensus,False,True,unresolved_internal;scaffold_differs_from_msa_consensus,,,,,,,,False,False,unassigned_manual_review,,not_annotated_no_domain_boundaries,,False,False
9M8Q,A,VI-D,ternary,685,686,S,,,,,,False,2527,2528,full_msa_only_unresolved_coordinate,medium,0.8846153846153846,0.4047619047619047,1.885689526112464,0.1153846153846154,Q,E;K;N;Q;T,differs_from_consensus,False,True,unresolved_internal;scaffold_differs_from_msa_consensus,,,,,,,,False,False,unassigned_manual_review,,not_annotated_no_domain_boundaries,,False,False
9M8Q,A,VI-D,ternary,686,687,V,,,,,,False,2528,2529,full_msa_only_unresolved_coordinate,medium,0.8846153846153846,0.1904761904761904,2.557731120816462,0.1153846153846154,K,A;K;L;M;N;S;V,differs_from_consensus,False,True,unresolved_internal;scaffold_differs_from_msa_consensus,,,,,,,,False,False,unassigned_manual_review,,not_annotated_no_domain_boundaries,,False,False
9M8Q,A,VI-D,ternary,687,688,I,,,,,,False,2529,2530,full_msa_only_unresolved_coordinate,medium,0.0714285714285714,0.1538461538461538,2.031759218569271,0.9285714285714286,A,A;D;G;I;K;P;T;Y,differs_from_consensus,False,True,unresolved_internal;scaffold_differs_from_msa_consensus,,,,,,,,False,False,unassigned_manual_review,,not_annotated_no_domain_boundaries,,False,False
9M8Q,A,VI-D,ternary,688,689,E,,,,,,False,2532,2533,full_msa_only_unresolved_coordinate,medium,0.7802197802197802,0.1743119266055046,2.408228072180579,0.2197802197802197,A,A;D;E;K;N;Q;S;V,differs_from_consensus,False,True,unresolved_internal;scaffold_differs_from_msa_consensus,,,,,,,,False,False,unassigned_manual_review,,not_annotated_no_domain_boundaries,,False,False
9M8Q,A,VI-D,ternary,689,690,D,,,,,,False,2533,2534,full_msa_only_unresolved_coordinate,medium,0.7582417582417582,0.2857142857142857,2.202028705278716,0.2417582417582418,K,D;E;K;N;R;S,differs_from_consensus,False,True,unresolved_internal;scaffold_differs_from_msa_consensus,,,,,,,,False,False,unassigned_manual_review,,not_annotated_no_domain_boundaries,,False,False
9M8Q,A,VI-D,ternary,690,691,T,,,,,,False,2534,2535,full_msa_only_unresolved_coordinate,medium,0.4010989010989011,0.1830985915492957,2.411969697012581,0.5989010989010989,D,A;D;E;G;K;P;R;S;T,differs_from_consensus,False,True,unresolved_internal;scaffold_differs_from_msa_consensus,,,,,,,,False,False,unassigned_manual_review,,not_annotated_no_domain_boundaries,,False,False
9M8Q,A,VI-D,ternary,691,692,G,,,,,,False,2555,2556,full_msa_only_unresolved_coordinate,medium,0.8131868131868132,0.1739130434782608,2.3780661473668188,0.1868131868131868,S,A;G;K;P;Q;R;S;T,differs_from_consensus,False,True,unresolved_internal;scaffold_differs_from_msa_consensus,,,,,,,,False,False,unassigned_manual_review,,not_annotated_no_domain_boundaries,,False,False
9M8Q,A,VI-D,ternary,692,693,R,,,,,,False,2556,2557,full_msa_only_unresolved_coordinate,medium,0.8461538461538461,0.1652892561983471,2.420833704936432,0.1538461538461538,E,A;D;E;K;N;Q;R,differs_from_consensus,False,True,unresolved_internal;scaffold_differs_from_msa_consensus,,,,,,,,False,False,unassigned_manual_review,,not_annotated_no_domain_boundaries,,False,False
9M8Q,A,VI-D,ternary,693,694,E,641.0,E,694.0,,GLU,True,2558,2559,four_layer_exact,high,0.9505494505494504,0.3405797101449275,2.130455423297098,0.0494505494505495,E,D;E;K;N;Q,matches_consensus,True,False,,0.7923646662385728,surface,False,False,False,False,10.956893981428191,True,False,unassigned_manual_review,,not_annotated_no_domain_boundaries,,True,True
9M8Q,A,VI-D,ternary,694,695,N,642.0,N,695.0,,ASN,True,2559,2560,four_layer_exact,high,0.9725274725274724,0.2957746478873239,2.3409547363578675,0.0274725274725274,N,A;G;I;K;N;Q;S,matches_consensus,True,False,,0.620897669991159,surface,False,True,False,False,7.77131585289624,True,False,unassigned_manual_review,,not_annotated_no_domain_boundaries,,True,False
9M8Q,A,VI-D,ternary,695,696,A,643.0,A,696.0,,ALA,True,2560,2561,four_layer_exact,high,0.978021978021978,0.1958041958041958,2.514145033457609,0.021978021978022,E,A;E;I;K;L;Q;S;V,differs_from_consensus,True,True,scaffold_differs_from_msa_consensus,0.6162926114537425,surface,False,False,False,False,8.761897139972989,True,False,unassigned_manual_review,,not_annotated_no_domain_boundaries,,True,False
9M8Q,A,VI-D,ternary,696,697,E,644.0,E,697.0,,GLU,True,2561,2562,four_layer_exact,high,0.9835164835164836,0.3402777777777778,2.1743241749712787,0.0164835164835165,E,D;E;K;Q;R,matches_consensus,True,False,,0.5368807155527985,surface,False,False,False,False,11.352943688513832,True,False,unassigned_manual_review,,not_annotated_no_domain_boundaries,,True,False
9M8Q,A,VI-D,ternary,697,698,R,645.0,R,698.0,,ARG,True,2562,2563,four_layer_exact,high,0.989010989010989,0.6827586206896552,1.1966129281184084,0.0109890109890109,K,I;K;R,differs_from_consensus,True,True,scaffold_differs_from_msa_consensus,0.31190052903504806,surface,False,False,False,False,9.117967073015429,True,False,unassigned_manual_review,,not_annotated_no_domain_boundaries,,True,False
9M8Q,A,VI-D,ternary,698,699,E,646.0,E,699.0,,GLU,True,2563,2564,four_layer_exact,high,0.989010989010989,0.5655172413793104,1.6154148084290416,0.0109890109890109,E,A;E;Q;R,matches_consensus,True,False,,0.24589355584950887,surface,False,True,False,False,5.0393698900112,True,False,unassigned_manual_review,,not_annotated_no_domain_boundaries,,True,False
9M8Q,A,VI-D,ternary,699,700,K,647.0,K,700.0,,LYS,True,2564,2565,four_layer_exact,high,0.9945054945054944,0.4452054794520548,1.5924278725022518,0.0054945054945054,R,K;Q;R,differs_from_consensus,True,True,scaffold_differs_from_msa_consensus,0.1484815195652793,buried_core,False,False,False,False,8.194142643746728,True,True,unassigned_manual_review,,not_annotated_no_domain_boundaries,,True,False
9M8Q,A,VI-D,ternary,700,701,F,648.0,F,701.0,,PHE,True,2565,2566,four_layer_exact,high,1.0,0.2244897959183673,2.217077410589673,0.0,K,F;K;L;M;N;Y,differs_from_consensus,True,True,scaffold_differs_from_msa_consensus,0.1459217427714899,buried_core,False,False,False,False,8.277363716790024,True,True,unassigned_manual_review,,not_annotated_no_domain_boundaries,,True,False
9M8Q,A,VI-D,ternary,701,702,K,649.0,K,702.0,,LYS,True,2566,2567,four_layer_exact,high,1.0,0.5714285714285714,1.3168066800392395,0.0,K,K;Q,matches_consensus,True,False,,0.1317888001187627,buried_core,True,False,True,True,3.0547719138832248,True,True,unassigned_manual_review,,not_annotated_no_domain_boundaries,,True,False
9M8Q,A,VI-D,ternary,702,703,K,650.0,K,703.0,,LYS,True,2567,2568,four_layer_exact,high,1.0,0.6585884353741497,1.2836432611857385,0.0,A,A;N;S,differs_from_consensus,True,True,scaffold_differs_from_msa_consensus,0.06025084834120595,buried_core,True,False,False,True,3.185576985691675,True,True,unassigned_manual_review,,not_annotated_no_domain_boundaries,,True,False
9M8Q,A,VI-D,ternary,703,704,I,651.0,I,704.0,,ILE,True,2568,2569,four_layer_exact,high,1.0,0.4081632653061224,1.4013609778265448,0.0,I,I;L;V,matches_consensus,True,False,,0.0054388782947346215,buried_core,False,True,False,False,6.340709647896605,True,True,unassigned_manual_review,,not_annotated_no_domain_boundaries,,True,False
9M8Q,A,VI-D,ternary,704,705,I,652.0,I,705.0,,ILE,True,2569,2570,four_layer_exact,high,0.9945054945054944,0.5051194539249146,1.3480713694736552,0.0054945054945054,I,I;L;T;V,matches_consensus,True,False,,0.10363268964138715,buried_core,False,True,False,False,6.118926194555905,True,True,unassigned_manual_review,,not_annotated_no_domain_boundaries,,True,False
9M8Q,A,VI-D,ternary,705,706,S,653.0,S,706.0,,SER,True,2570,2571,four_layer_exact,high,0.9945054945054944,0.3583617747440273,1.628871656479298,0.0054945054945054,G,G;K;N;R;S;T,differs_from_consensus,True,True,scaffold_differs_from_msa_consensus,0.2363092211559246,surface,True,False,False,True,3.2229691100428526,True,False,unassigned_manual_review,,not_annotated_no_domain_boundaries,,True,False
9M8Q,A,VI-D,ternary,706,707,L,654.0,L,707.0,,LEU,True,2571,2572,four_layer_exact,high,0.9945054945054944,0.9726962457337884,0.1405949040578399,0.0054945054945054,L,L,matches_consensus,True,False,,0.01802430173193905,buried_core,False,True,False,False,6.37870926974525,True,True,unassigned_manual_review,,not_annotated_no_domain_boundaries,,True,False
9M8Q,A,VI-D,ternary,707,708,Y,655.0,Y,708.0,,TYR,True,2572,2573,four_layer_exact,high,0.9945054945054944,0.9931740614334472,0.040843717863401,0.0054945054945054,Y,Y,matches_consensus,True,False,,0.013257473217272065,buried_core,False,False,False,False,9.055706949026655,True,True,unassigned_manual_review,,not_annotated_no_domain_boundaries,,True,False
9M8Q,A,VI-D,ternary,708,709,L,656.0,L,709.0,,LEU,True,2573,2574,four_layer_exact,high,0.9945054945054944,0.8703071672354948,0.5659801064147093,0.0054945054945054,L,L,matches_consensus,True,False,,0.0360486034638781,buried_core,False,False,False,False,8.612655024841319,True,True,unassigned_manual_review,,not_annotated_no_domain_boundaries,,True,False
9M8Q,A,VI-D,ternary,709,710,T,657.0,T,710.0,,THR,True,2574,2575,four_layer_exact,high,0.9945054945054944,0.8464163822525598,0.682968501365504,0.0054945054945054,T,N;T,matches_consensus,True,False,,0.039751521629697154,buried_core,False,True,False,False,5.127127995806893,True,True,unassigned_manual_review,,not_annotated_no_domain_boundaries,,True,False
9M8Q,A,VI-D,ternary,710,711,V,658.0,V,711.0,,VAL,True,2575,2576,four_layer_exact,high,0.9945054945054944,0.7815699658703071,0.7252802535594597,0.0054945054945054,V,I;V,matches_consensus,True,False,,0.013880784092412831,buried_core,False,False,False,False,9.233593971524249,True,True,unassigned_manual_review,,not_annotated_no_domain_boundaries,,True,False
9M8Q,A,VI-D,ternary,711,712,I,659.0,I,712.0,,ILE,True,2576,2577,four_layer_exact,high,0.9945054945054944,0.3583617747440273,1.7035115601036432,0.0054945054945054,L,A;I;L;M;V,differs_from_consensus,True,True,scaffold_differs_from_msa_consensus,0.0,buried_core,False,False,False,False,11.500664539235716,True,True,unassigned_manual_review,,not_annotated_no_domain_boundaries,,True,False
9M8Q,A,VI-D,ternary,712,713,Y,660.0,Y,713.0,,TYR,True,2577,2578,four_layer_exact,high,0.9945054945054944,0.9453924914675768,0.2324390042743155,0.0054945054945054,Y,Y,matches_consensus,True,False,,0.14020495596035654,buried_core,False,True,False,False,7.1639480423403015,True,True,unassigned_manual_review,,not_annotated_no_domain_boundaries,,True,False
9M8Q,A,VI-D,ternary,713,714,H,661.0,H,714.0,,HIS,True,2578,2579,four_layer_exact,high,0.9945054945054944,0.5802047781569966,1.3137402061419368,0.0054945054945054,L,I;L;Q,differs_from_consensus,True,True,scaffold_differs_from_msa_consensus,0.26090506239047123,surface,False,True,False,False,6.424011443111181,True,False,unassigned_manual_review,,not_annotated_no_domain_boundaries,,True,False
9M8Q,A,VI-D,ternary,714,715,I,662.0,I,715.0,,ILE,True,2579,2580,four_layer_exact,high,0.9945054945054944,0.3583617747440273,1.6765219583980584,0.0054945054945054,I,A;F;I;L;V,matches_consensus,True,False,,0.023829155696357712,buried_core,False,False,False,False,12.892710489531739,True,True,unassigned_manual_review,,not_annotated_no_domain_boundaries,,True,False
9M8Q,A,VI-D,ternary,715,716,L,663.0,L,716.0,,LEU,True,2580,2581,four_layer_exact,high,0.9945054945054944,0.4163822525597269,1.7118747516697963,0.0054945054945054,V,I;L;T;V,differs_from_consensus,True,True,scaffold_differs_from_msa_consensus,0.041379245374637906,buried_core,False,False,False,False,13.284454656220994,True,True,unassigned_manual_review,,not_annotated_no_domain_boundaries,,True,False
9M8Q,A,VI-D,ternary,716,717,K,664.0,K,717.0,,LYS,True,2581,2582,four_layer_exact,high,0.9945054945054944,1.0,-0.0,0.0054945054945054,K,K,matches_consensus,True,False,,0.12135999044483925,buried_core,False,False,False,False,9.576784760236311,True,True,unassigned_manual_review,,not_annotated_no_domain_boundaries,,True,False
9M8Q,A,VI-D,ternary,717,718,N,665.0,N,718.0,,ASN,True,2582,2583,four_layer_exact,high,0.9945054945054944,0.7747440273037542,0.8187206589520368,0.0054945054945054,N,N;S,matches_consensus,True,False,,0.22024040244675055,surface,False,False,False,False,8.307240099864277,True,False,unassigned_manual_review,,not_annotated_no_domain_boundaries,,True,False
9M8Q,A,VI-D,ternary,718,719,I,666.0,I,719.0,,ILE,True,2583,2584,four_layer_exact,high,0.9945054945054944,0.7610921501706485,0.7497833821657893,0.0054945054945054,L,I;L;M,differs_from_consensus,True,True,scaffold_differs_from_msa_consensus,0.06130092467207697,buried_core,False,False,False,False,11.163518042851232,True,True,unassigned_manual_review,,not_annotated_no_domain_boundaries,,True,False
9M8Q,A,VI-D,ternary,719,720,V,667.0,V,720.0,,VAL,True,2584,2585,four_layer_exact,high,0.9945054945054944,0.8327645051194539,0.7317718664974477,0.0054945054945054,V,I;V,matches_consensus,True,False,,0.019256013012444582,buried_core,False,False,False,False,10.25664109743507,True,True,unassigned_manual_review,,not_annotated_no_domain_boundaries,,True,False
9M8Q,A,VI-D,ternary,720,721,N,668.0,N,721.0,,ASN,True,2585,2586,four_layer_exact,high,0.9945054945054944,0.3651877133105802,1.6138005399096629,0.0054945054945054,N,K;N;R;Y,matches_consensus,True,False,,0.32144924250261087,surface,False,True,False,False,7.1209927281567,True,False,unassigned_manual_review,,not_annotated_no_domain_boundaries,,True,False
9M8Q,A,VI-D,ternary,721,722,I,669.0,I,722.0,,ILE,True,2586,2587,four_layer_exact,high,0.9945054945054944,0.5358361774744027,1.0578935661054298,0.0054945054945054,V,A;I;V,differs_from_consensus,True,True,scaffold_differs_from_msa_consensus,0.05517083220486927,buried_core,False,True,False,False,7.793838747613667,True,True,unassigned_manual_review,,not_annotated_no_domain_boundaries,,True,False
9M8Q,A,VI-D,ternary,722,723,N,670.0,N,723.0,,ASN,True,2587,2588,four_layer_exact,high,0.9945054945054944,1.0,-0.0,0.0054945054945054,N,N,matches_consensus,True,False,,0.005608145654946704,buried_core,False,False,False,False,10.152634950622547,True,True,unassigned_manual_review,,not_annotated_no_domain_boundaries,,True,False
9M8Q,A,VI-D,ternary,723,724,A,671.0,A,724.0,,ALA,True,2588,2589,four_layer_exact,high,0.9945054945054944,0.4436860068259385,1.204293998580746,0.0054945054945054,S,A;S;T,differs_from_consensus,True,True,scaffold_differs_from_msa_consensus,0.009361459039069119,buried_core,False,True,False,False,7.650650310634469,True,True,unassigned_manual_review,,not_annotated_no_domain_boundaries,,True,False
9M8Q,A,VI-D,ternary,724,725,R,672.0,R,725.0,,ARG,True,2589,2590,four_layer_exact,high,0.9945054945054944,0.8293515358361775,0.7967762206574318,0.0054945054945054,R,R,matches_consensus,True,False,,0.055966853977704734,buried_core,True,False,True,False,3.145859232846997,True,True,unassigned_manual_review,,not_annotated_no_domain_boundaries,,True,False
9M8Q,A,VI-D,ternary,725,726,Y,673.0,Y,726.0,,TYR,True,2590,2591,four_layer_exact,high,0.9945054945054944,0.8293515358361775,0.4569129468902394,0.0054945054945054,Y,F;Y,matches_consensus,True,False,,0.004591742266311469,buried_core,False,True,False,False,7.293976793611962,True,True,unassigned_manual_review,,not_annotated_no_domain_boundaries,,True,False
9M8Q,A,VI-D,ternary,726,727,V,674.0,V,727.0,,VAL,True,2591,2592,four_layer_exact,high,0.9945054945054944,0.310580204778157,1.930086470252553,0.0054945054945054,V,F;L;S;T;V,matches_consensus,True,False,,0.138025259361041,buried_core,False,False,False,False,8.221406070469476,True,True,unassigned_manual_review,,not_annotated_no_domain_boundaries,,True,False
9M8Q,A,VI-D,ternary,727,728,I,675.0,I,728.0,,ILE,True,2592,2593,four_layer_exact,high,0.9945054945054944,0.5460750853242321,1.2426740662908782,0.0054945054945054,I,I;L;M,matches_consensus,True,False,,0.0544796180323962,buried_core,True,False,True,False,4.247038951295517,True,True,unassigned_manual_review,,not_annotated_no_domain_boundaries,,True,False
9M8Q,A,VI-D,ternary,728,729,G,676.0,G,729.0,,GLY,True,2593,2594,four_layer_exact,high,0.9945054945054944,0.8430034129692833,0.4810387504522502,0.0054945054945054,A,A;G,differs_from_consensus,True,True,scaffold_differs_from_msa_consensus,0.02060498123197539,buried_core,False,True,False,False,5.577824008562773,True,True,unassigned_manual_review,,not_annotated_no_domain_boundaries,,True,False
9M8Q,A,VI-D,ternary,729,730,F,677.0,F,730.0,,PHE,True,2594,2595,four_layer_exact,high,0.9945054945054944,0.7474402730375427,0.9933917542404176,0.0054945054945054,F,F;I;Y,matches_consensus,True,False,,0.06874286436928018,buried_core,False,False,False,False,8.133326178621738,True,True,unassigned_manual_review,,not_annotated_no_domain_boundaries,,True,False
9M8Q,A,VI-D,ternary,730,731,H,678.0,H,731.0,,HIS,True,2595,2596,four_layer_exact,high,0.9945054945054944,0.4436860068259385,1.8268208765594285,0.0054945054945054,H,A;H;Q;S;Y,matches_consensus,True,False,,0.2677247868429889,surface,False,False,False,False,9.234989644035066,True,False,unassigned_manual_review,,not_annotated_no_domain_boundaries,,True,False
9M8Q,A,VI-D,ternary,731,732,C,679.0,C,732.0,,CYS,True,2596,2597,four_layer_exact,high,0.9945054945054944,0.5187713310580204,1.7740587079985133,0.0054945054945054,C,A;C;S,matches_consensus,True,False,,0.015410734741441673,buried_core,True,False,True,False,4.9724507712901165,True,True,unassigned_manual_review,,not_annotated_no_domain_boundaries,,True,False
9M8Q,A,VI-D,ternary,732,733,V,680.0,V,733.0,,VAL,True,2597,2598,four_layer_exact,high,0.9945054945054944,0.5872440273037542,1.4647097106339533,0.0054945054945054,L,F;L;V;Y,differs_from_consensus,True,True,scaffold_differs_from_msa_consensus,0.03470196023103208,buried_core,False,False,False,False,9.078900744197632,True,True,unassigned_manual_review,,not_annotated_no_domain_boundaries,,True,False
9M8Q,A,VI-D,ternary,733,734,E,681.0,E,734.0,,GLU,True,2598,2599,four_layer_exact,high,0.9945054945054944,0.938566552901024,0.3149912403921044,0.0054945054945054,E,E,matches_consensus,True,False,,0.3276545330729218,surface,False,False,False,False,11.692149174029224,True,False,unassigned_manual_review,,not_annotated_no_domain_boundaries,,True,False
9M8Q,A,VI-D,ternary,734,735,R,682.0,R,735.0,,ARG,True,2599,2600,four_layer_exact,high,0.9945054945054944,0.9110494880546076,0.4445948802520189,0.0054945054945054,R,R,matches_consensus,True,False,,0.19433566530174484,buried_core,False,True,False,False,5.514065785054591,True,True,unassigned_manual_review,,not_annotated_no_domain_boundaries,,True,False
9M8Q,A,VI-D,ternary,735,736,D,683.0,D,736.0,,ASP,True,2600,2601,four_layer_exact,high,0.9945054945054944,0.9726962457337884,0.1630920840305657,0.0054945054945054,D,D,matches_consensus,True,False,,0.04441280928757391,buried_core,False,True,False,False,7.900103440711662,True,True,unassigned_manual_review,,not_annotated_no_domain_boundaries,,True,False
9M8Q,A,VI-D,ternary,736,737,A,684.0,A,737.0,,ALA,True,2602,2603,four_layer_exact,high,0.9835164835164836,0.2320501730103806,2.369872249098753,0.0164835164835165,A,A;R;S;T;Y,matches_consensus,True,False,,0.009361459039069119,buried_core,False,False,False,False,13.325033341755606,True,True,unassigned_manual_review,,not_annotated_no_domain_boundaries,,True,False
9M8Q,A,VI-D,ternary,737,738,Q,685.0,Q,738.0,,GLN,True,2603,2604,four_layer_exact,high,0.989010989010989,0.1580756013745704,2.5890123444313358,0.0109890109890109,A,A;E;K;L;Q;S;V;Y,differs_from_consensus,True,True,scaffold_differs_from_msa_consensus,0.3018358445764977,surface,False,False,False,False,15.315897996046544,True,False,unassigned_manual_review,,not_annotated_no_domain_boundaries,,True,False
9M8Q,A,VI-D,ternary,738,739,L,686.0,L,739.0,,LEU,True,2604,2605,four_layer_exact,high,0.989010989010989,0.7353951890034365,1.0705526406580743,0.0109890109890109,L,F;I;L,matches_consensus,True,False,,0.05407290519581715,buried_core,False,False,False,False,11.088681678477963,True,True,unassigned_manual_review,,not_annotated_no_domain_boundaries,,True,False
9M8Q,A,VI-D,ternary,739,740,Y,687.0,Y,740.0,,TYR,True,2606,2607,four_layer_exact,high,0.912087912087912,0.4015151515151515,1.846238177005216,0.0879120879120879,Y,F;H;I;K;L;Y,matches_consensus,True,False,,0.004591742266311469,buried_core,False,False,False,False,10.46016389854778,True,True,unassigned_manual_review,,not_annotated_no_domain_boundaries,,True,False
9M8Q,A,VI-D,ternary,740,741,K,688.0,K,741.0,,LYS,True,2615,2616,four_layer_exact,high,0.7142857142857143,0.2898316062176165,2.073080346070501,0.2857142857142857,G,D;E;G;K;N;S,differs_from_consensus,False,True,scaffold_differs_from_msa_consensus,0.40599723041203734,surface,False,False,False,False,17.521790611615458,True,False,unassigned_manual_review,,not_annotated_no_domain_boundaries,,False,False
9M8Q,A,VI-D,ternary,741,742,E,689.0,E,742.0,,GLU,True,2617,2618,four_layer_exact,high,0.7472527472527473,0.224390243902439,2.4455305924756554,0.2527472527472527,K,D;E;I;K;L;Q;V,differs_from_consensus,False,True,scaffold_differs_from_msa_consensus,0.4464717649377594,surface,False,False,False,False,17.268668189264222,True,False,unassigned_manual_review,,not_annotated_no_domain_boundaries,,False,False
9M8Q,A,VI-D,ternary,742,743,K,690.0,K,743.0,,LYS,True,2618,2619,four_layer_exact,high,0.7967032967032966,0.2516816143497757,2.32476777145408,0.2032967032967033,K,A;E;K;N;S;T,matches_consensus,False,False,,0.4092389280518771,surface,False,False,False,False,12.40457547890789,True,False,unassigned_manual_review,,not_annotated_no_domain_boundaries,,False,False
9M8Q,A,VI-D,ternary,743,744,G,691.0,G,744.0,,GLY,True,2619,2620,four_layer_exact,high,0.7472527472527473,0.2610837438423645,2.1158077834497107,0.2527472527472527,L,F;G;I;L;V;Y,differs_from_consensus,False,True,scaffold_differs_from_msa_consensus,0.5941326861054879,surface,False,False,False,False,18.56708746137238,True,False,unassigned_manual_review,,not_annotated_no_domain_boundaries,,False,False
9M8Q,A,VI-D,ternary,744,745,Y,692.0,Y,745.0,,TYR,True,2637,2638,four_layer_exact,high,0.1593406593406593,0.1479768786127167,2.4752616068727464,0.8406593406593407,D,D;E;H;K;N;T;V,differs_from_consensus,False,True,scaffold_differs_from_msa_consensus,0.31093080707125675,surface,False,False,False,False,14.922442357616376,True,False,unassigned_manual_review,,not_annotated_no_domain_boundaries,,False,False
9M8Q,A,VI-D,ternary,745,746,D,693.0,D,746.0,,ASP,True,2639,2640,four_layer_exact,high,0.2417582417582417,0.1427509293680297,2.4136118836455243,0.7582417582417582,G,A;D;E;G;K;N;R;S;T,differs_from_consensus,False,True,scaffold_differs_from_msa_consensus,0.724446903498992,surface,False,False,False,False,21.023323785787532,True,False,unassigned_manual_review,,not_annotated_no_domain_boundaries,,False,False
9M8Q,A,VI-D,ternary,746,747,I,694.0,I,747.0,,ILE,True,2640,2641,four_layer_exact,high,0.2472527472527472,0.2703894195444526,2.2811688358745768,0.7527472527472527,K,A;D;I;K;N;R,differs_from_consensus,False,True,scaffold_differs_from_msa_consensus,0.23242912181158693,surface,False,False,False,False,18.225286345127895,True,False,unassigned_manual_review,,not_annotated_no_domain_boundaries,,False,False
9M8Q,A,VI-D,ternary,747,748,N,695.0,N,748.0,,ASN,True,2641,2642,four_layer_exact,high,0.2362637362637362,0.2343870470316114,2.272516074726639,0.7637362637362637,K,E;G;K;N;S;V,differs_from_consensus,False,True,scaffold_differs_from_msa_consensus,0.4150811410643486,surface,False,False,False,False,22.03914097587755,True,False,unassigned_manual_review,,not_annotated_no_domain_boundaries,,False,False
9M8Q,A,VI-D,ternary,748,749,L,696.0,L,749.0,,LEU,True,2642,2643,four_layer_exact,high,0.412087912087912,0.188235294117647,2.454431655078948,0.5879120879120879,D,D;E;G;L;S;T,differs_from_consensus,False,True,scaffold_differs_from_msa_consensus,0.26573241172441664,surface,False,False,False,False,19.364739889132277,True,False,unassigned_manual_review,,not_annotated_no_domain_boundaries,,False,False
9M8Q,A,VI-D,ternary,749,750,K,697.0,K,750.0,,LYS,True,2643,2644,four_layer_exact,high,0.4175824175824176,0.5632183908045977,1.5845661384715548,0.5824175824175823,K,E;K;N,matches_consensus,False,False,,0.7161947344455074,surface,False,False,False,False,23.539177728854444,True,False,unassigned_manual_review,,not_annotated_no_domain_boundaries,,False,False
9M8Q,A,VI-D,ternary,750,751,K,698.0,K,751.0,,LYS,True,2644,2645,four_layer_exact,high,0.3681318681318681,0.1739130434782608,2.3475170550896696,0.6318681318681318,N,A;D;E;F;K;N;Q;S,differs_from_consensus,False,True,scaffold_differs_from_msa_consensus,0.5237548257825382,surface,False,False,False,False,22.936532078448717,True,False,unassigned_manual_review,,not_annotated_no_domain_boundaries,,False,False
9M8Q,A,VI-D,ternary,751,752,L,699.0,L,752.0,,LEU,True,2645,2646,four_layer_exact,high,0.3406593406593406,0.1475409836065573,2.536311353937628,0.6593406593406593,R,A;C;D;E;G;K;L;N;Q;R,differs_from_consensus,False,True,scaffold_differs_from_msa_consensus,0.04806480461850413,buried_core,False,False,False,False,17.157757593988748,True,True,unassigned_manual_review,,not_annotated_no_domain_boundaries,,False,False
9M8Q,A,VI-D,ternary,752,753,E,700.0,E,753.0,,GLU,True,2646,2647,four_layer_exact,high,0.1483516483516483,0.1970624235006119,2.456125093782202,0.8516483516483516,V,D;L;Q;S;V;Y,differs_from_consensus,False,True,scaffold_differs_from_msa_consensus,0.3104658794271123,surface,False,False,False,False,19.42010651988365,True,False,unassigned_manual_review,,not_annotated_no_domain_boundaries,,False,False
9M8Q,A,VI-D,ternary,753,754,E,701.0,E,754.0,,GLU,True,2647,2648,four_layer_exact,high,0.0659340659340659,0.3626062322946176,1.8951765083563776,0.934065934065934,E,C;D;E;K;N;S;T;V,matches_consensus,False,False,,0.5668312229504614,surface,False,False,False,False,22.867962442685755,True,False,unassigned_manual_review,,not_annotated_no_domain_boundaries,,False,False
9M8Q,A,VI-D,ternary,754,755,K,702.0,K,755.0,,LYS,True,2648,2649,four_layer_exact,high,0.0439560439560439,0.25,1.7328679513998633,0.956043956043956,K,D;E;I;K;L;R,matches_consensus,False,False,,0.30247680047427417,surface,False,False,False,False,20.252220488616842,True,False,unassigned_manual_review,,not_annotated_no_domain_boundaries,,False,False
9M8Q,A,VI-D,ternary,755,756,G,703.0,G,756.0,,GLY,True,2649,2650,four_layer_exact,high,0.0384615384615384,0.2857142857142857,1.7478680974667573,0.9615384615384616,G,F;G;K;L;Q;S,matches_consensus,False,False,,0.01161180976961458,buried_core,False,False,False,False,17.408755293625305,True,True,unassigned_manual_review,,not_annotated_no_domain_boundaries,,False,False
9M8Q,A,VI-D,ternary,756,757,F,704.0,F,757.0,,PHE,True,2676,2677,four_layer_exact,high,0.7802197802197802,0.4653487843671893,2.1132506106780404,0.2197802197802197,Y,A;F;L;Y,differs_from_consensus,False,True,scaffold_differs_from_msa_consensus,0.07937380446951779,buried_core,False,False,False,False,15.120260213864277,True,True,unassigned_manual_review,,not_annotated_no_domain_boundaries,,False,False
9M8Q,A,VI-D,ternary,757,758,S,705.0,S,758.0,,SER,True,2677,2678,four_layer_exact,high,0.989010989010989,0.3024054982817869,2.309402011292449,0.0109890109890109,L,A;F;L;R;S;T,differs_from_consensus,True,True,scaffold_differs_from_msa_consensus,0.02161642751074424,buried_core,False,False,False,False,17.183568782816984,True,True,unassigned_manual_review,,not_annotated_no_domain_boundaries,,True,False
9M8Q,A,VI-D,ternary,758,759,S,706.0,S,759.0,,SER,True,2678,2679,four_layer_exact,high,0.989010989010989,0.3230240549828179,2.3644001380882167,0.0109890109890109,A,A;E;G;K;S,differs_from_consensus,True,True,scaffold_differs_from_msa_consensus,0.1539778470450718,buried_core,False,False,False,False,17.550572720241558,True,True,unassigned_manual_review,,not_annotated_no_domain_boundaries,,True,False
9M8Q,A,VI-D,ternary,759,760,V,707.0,V,760.0,,VAL,True,2679,2680,four_layer_exact,high,0.9945054945054944,0.7098976109215017,1.1075423377193525,0.0054945054945054,L,F;I;L,differs_from_consensus,True,True,scaffold_differs_from_msa_consensus,0.027106166958818137,buried_core,False,False,False,False,13.096987428580956,True,True,unassigned_manual_review,,not_annotated_no_domain_boundaries,,True,False
9M8Q,A,VI-D,ternary,760,761,T,708.0,T,761.0,,THR,True,2700,2701,four_layer_exact,high,0.989010989010989,0.5876288659793815,1.3628932113580754,0.0109890109890109,T,A;L;S;T;V,matches_consensus,True,False,,0.006358072108805856,buried_core,False,False,False,False,13.527797805270904,True,True,unassigned_manual_review,,not_annotated_no_domain_boundaries,,True,False
9M8Q,A,VI-D,ternary,761,762,K,709.0,K,762.0,,LYS,True,2701,2702,four_layer_exact,high,0.989010989010989,0.2336769759450171,2.2404601917955667,0.0109890109890109,K,A;D;E;K;N;Q;R,matches_consensus,True,False,,0.26117598577218876,surface,False,False,False,False,17.297112511793724,True,False,unassigned_manual_review,,not_annotated_no_domain_boundaries,,True,False
9M8Q,A,VI-D,ternary,762,763,L,710.0,L,763.0,,LEU,True,2702,2703,four_layer_exact,high,0.9945054945054944,0.1575342465753424,2.5787273039239347,0.0054945054945054,Y,A;D;E;H;K;L;R;Y,differs_from_consensus,True,True,scaffold_differs_from_msa_consensus,0.14952505576627223,buried_core,False,False,False,False,17.245556356283828,True,True,unassigned_manual_review,,not_annotated_no_domain_boundaries,,True,False
9M8Q,A,VI-D,ternary,763,764,C,711.0,C,764.0,,CYS,True,2703,2704,four_layer_exact,high,0.989010989010989,0.4827586206896552,1.609178058533682,0.0109890109890109,F,F;L;Y,differs_from_consensus,True,True,scaffold_differs_from_msa_consensus,0.007705367370720836,buried_core,False,False,False,False,13.160043045044302,True,True,unassigned_manual_review,,not_annotated_no_domain_boundaries,,True,False
9M8Q,A,VI-D,ternary,764,765,A,712.0,A,765.0,,ALA,True,2704,2705,four_layer_exact,high,0.989010989010989,0.3862068965517241,1.8964710809938348,0.0109890109890109,L,I;L;M;V,differs_from_consensus,True,True,scaffold_differs_from_msa_consensus,0.018722918078138237,buried_core,False,False,False,False,13.791659860806277,True,True,unassigned_manual_review,,not_annotated_no_domain_boundaries,,True,False
9M8Q,A,VI-D,ternary,765,766,G,713.0,G,766.0,,GLY,True,2707,2708,four_layer_exact,high,0.9835164835164836,0.2083333333333333,2.3561891361010985,0.0164835164835165,E,A;D;E;G;K;N;S,differs_from_consensus,True,True,scaffold_differs_from_msa_consensus,0.1893727885486592,buried_core,False,False,False,False,16.022049681289204,True,True,unassigned_manual_review,,not_annotated_no_domain_boundaries,,True,False
9M8Q,A,VI-D,ternary,766,767,I,714.0,I,767.0,,ILE,True,2708,2709,four_layer_exact,high,0.956043956043956,0.2078853046594982,2.396700478961797,0.0439560439560439,E,D;E;I;K;N;Q;R,differs_from_consensus,True,True,scaffold_differs_from_msa_consensus,0.36377059486895275,surface,False,False,False,False,14.839991940435427,True,False,unassigned_manual_review,,not_annotated_no_domain_boundaries,,True,False
9M8Q,A,VI-D,ternary,767,768,D,715.0,D,768.0,,ASP,True,2709,2710,four_layer_exact,high,0.7472527472527473,0.2641509433962264,2.2871581576111435,0.2527472527472527,D,D;E;G;K;N,matches_consensus,False,False,,0.34802706660070587,surface,False,False,False,False,17.74237779892042,True,False,unassigned_manual_review,,not_annotated_no_domain_boundaries,,False,False
9M8Q,A,VI-D,ternary,768,769,E,716.0,E,769.0,,GLU,True,2710,2711,four_layer_exact,high,0.7362637362637363,0.160919540229885,2.5745737144408176,0.2637362637362637,K,D;E;K;N;P;R;Y,differs_from_consensus,False,True,scaffold_differs_from_msa_consensus,0.16931527670579644,buried_core,False,False,False,False,15.665148308169531,True,True,unassigned_manual_review,,not_annotated_no_domain_boundaries,,False,False
9M8Q,A,VI-D,ternary,769,770,T,717.0,T,770.0,,THR,True,2711,2712,four_layer_exact,high,0.7307692307692307,0.1698841698841698,2.61160149630466,0.2692307692307693,L,A;E;I;K;L;N;P;Q;S,differs_from_consensus,False,True,scaffold_differs_from_msa_consensus,0.4209535431809909,surface,False,False,False,False,18.798204710531728,True,False,unassigned_manual_review,,not_annotated_no_domain_boundaries,,False,False
9M8Q,A,VI-D,ternary,770,771,A,718.0,A,771.0,,ALA,True,2712,2713,four_layer_exact,high,0.3571428571428571,0.1692307692307692,2.5684283262764454,0.6428571428571428,I,D;F;I;K;L;N;T;V;Y,differs_from_consensus,False,True,scaffold_differs_from_msa_consensus,0.3682964563440726,surface,False,False,False,False,21.420554177919136,True,False,unassigned_manual_review,,not_annotated_no_domain_boundaries,,False,False
9M8Q,A,VI-D,ternary,771,772,P,719.0,P,772.0,,PRO,True,2713,2714,four_layer_exact,high,0.3241758241758242,0.1560693641618497,2.688486155482726,0.6758241758241759,F,D;E;F;K;L;N;R;T;V;Y,differs_from_consensus,False,True,scaffold_differs_from_msa_consensus,0.6671788068193139,surface,False,False,False,False,23.323889120913257,True,False,unassigned_manual_review,,not_annotated_no_domain_boundaries,,False,False
9M8Q,A,VI-D,ternary,772,773,D,720.0,D,773.0,,ASP,True,2714,2715,four_layer_exact,high,0.2747252747252747,0.2123287671232876,2.339855646895054,0.7252747252747253,E,D;E;G;K;N;R,differs_from_consensus,False,True,scaffold_differs_from_msa_consensus,0.7434871687445175,surface,False,False,False,False,24.669398451673235,True,False,unassigned_manual_review,,not_annotated_no_domain_boundaries,,False,False
9M8Q,A,VI-D,ternary,773,774,K,721.0,K,774.0,,LYS,True,2715,2716,four_layer_exact,high,0.2362637362637362,0.432,1.79116378630741,0.7637362637362637,K,A;E;K;R,matches_consensus,False,False,,0.20371630938536456,surface,False,False,False,False,21.32456480356115,True,False,unassigned_manual_review,,not_annotated_no_domain_boundaries,,False,False
9M8Q,A,VI-D,ternary,774,775,R,722.0,R,775.0,,ARG,True,2716,2717,four_layer_exact,high,0.2032967032967033,0.3243243243243243,2.0832051342906723,0.7967032967032968,Y,F;H;K;L;N;V;W;Y,differs_from_consensus,False,True,scaffold_differs_from_msa_consensus,0.44096380533115564,surface,False,False,False,False,18.87342123313982,True,False,unassigned_manual_review,,not_annotated_no_domain_boundaries,,False,False
9M8Q,A,VI-D,ternary,775,776,K,723.0,K,776.0,,LYS,True,2717,2718,four_layer_exact,high,0.0989010989010989,0.2777777777777778,1.952138209415365,0.9010989010989012,K,C;D;G;H;K;L;P;R;S,matches_consensus,False,False,,0.34159942652075964,surface,False,False,False,False,20.140855580716558,True,False,unassigned_manual_review,,not_annotated_no_domain_boundaries,,False,False
9M8Q,A,VI-D,ternary,776,777,D,724.0,D,777.0,,ASP,True,2718,2719,four_layer_exact,high,0.0714285714285714,0.2307692307692307,2.20478541691352,0.9285714285714286,E,C;D;E;F;I;N;P;R;T;Y,differs_from_consensus,False,True,scaffold_differs_from_msa_consensus,0.5183540630046872,surface,False,False,False,False,19.637981743425982,True,False,unassigned_manual_review,,not_annotated_no_domain_boundaries,,False,False
9M8Q,A,VI-D,ternary,777,778,V,725.0,V,778.0,,VAL,True,2719,2720,four_layer_exact,high,0.0494505494505494,0.2222222222222222,1.8891591637540217,0.9505494505494504,I,A;E;I;R;S;V;Y,differs_from_consensus,False,True,scaffold_differs_from_msa_consensus,0.18739058524757324,buried_core,False,False,False,False,16.30114526799133,True,True,unassigned_manual_review,,not_annotated_no_domain_boundaries,,False,False
9M8Q,A,VI-D,ternary,778,779,E,726.0,E,779.0,,GLU,True,2720,2721,four_layer_exact,high,0.0329670329670329,0.5,1.0114042647073516,0.967032967032967,E,E;K;R,matches_consensus,False,False,,0.4351908833209552,surface,False,False,False,False,13.94894299940462,True,False,unassigned_manual_review,,not_annotated_no_domain_boundaries,,False,False
9M8Q,A,VI-D,ternary,779,780,K,727.0,K,780.0,,LYS,True,2721,2722,four_layer_exact,high,0.0219780219780219,0.5,1.039720770839918,0.978021978021978,I,F;I;V,differs_from_consensus,False,True,scaffold_differs_from_msa_consensus,0.2372278379632062,surface,False,False,False,False,16.98982957702147,True,False,unassigned_manual_review,,not_annotated_no_domain_boundaries,,False,False
9M8Q,A,VI-D,ternary,780,781,E,728.0,E,781.0,,GLU,True,2722,2723,four_layer_exact,high,0.0164835164835164,0.6666666666666666,0.6365141682948128,0.9835164835164836,C,C;E,differs_from_consensus,False,True,scaffold_differs_from_msa_consensus,0.3101259112032719,surface,False,False,False,False,15.198779246746597,True,False,unassigned_manual_review,,not_annotated_no_domain_boundaries,,False,False
9M8Q,A,VI-D,ternary,781,782,M,729.0,M,782.0,,MET,True,2723,2724,four_layer_exact,high,0.0109890109890109,1.0,-0.0,0.989010989010989,L,L,differs_from_consensus,False,True,scaffold_differs_from_msa_consensus,0.021564789572141363,buried_core,False,False,False,False,12.405362864771613,True,True,unassigned_manual_review,,not_annotated_no_domain_boundaries,,False,False
9M8Q,A,VI-D,ternary,782,783,A,730.0,A,783.0,,ALA,True,2724,2725,four_layer_exact,high,0.0109890109890109,1.0,-0.0,0.989010989010989,K,K,differs_from_consensus,False,True,scaffold_differs_from_msa_consensus,0.31635000263608254,surface,False,False,False,False,12.33960700100442,True,False,unassigned_manual_review,,not_annotated_no_domain_boundaries,,False,False
9M8Q,A,VI-D,ternary,783,784,E,731.0,E,784.0,,GLU,True,2725,2726,four_layer_exact,high,0.0109890109890109,0.5,0.6931471805599453,0.989010989010989,A,A;E,differs_from_consensus,False,True,scaffold_differs_from_msa_consensus,0.43337800121766135,surface,False,False,False,False,12.850547437507263,True,False,unassigned_manual_review,,not_annotated_no_domain_boundaries,,False,False
9M8Q,A,VI-D,ternary,784,785,R,732.0,R,785.0,,ARG,True,2726,2727,four_layer_exact,high,0.0109890109890109,0.5,0.6931471805599453,0.989010989010989,L,L;R,differs_from_consensus,False,True,scaffold_differs_from_msa_consensus,0.31490402919987925,surface,False,False,False,False,10.18635039380089,True,False,unassigned_manual_review,,not_annotated_no_domain_boundaries,,False,False
9M8Q,A,VI-D,ternary,785,786,A,733.0,A,786.0,,ALA,True,2727,2728,four_layer_exact,high,0.0164835164835164,0.6666666666666666,0.6365141682948128,0.9835164835164836,A,A;K,matches_consensus,False,False,,0.0,buried_core,False,True,False,False,7.852468560307134,True,True,unassigned_manual_review,,not_annotated_no_domain_boundaries,,False,False
9M8Q,A,VI-D,ternary,786,787,K,734.0,K,787.0,,LYS,True,2728,2729,four_layer_exact,high,0.1043956043956044,0.2105263157894736,2.187270992063101,0.8956043956043956,N,C;D;E;I;K;L;N;R;T;Y,differs_from_consensus,False,True,scaffold_differs_from_msa_consensus,0.4696920630115744,surface,False,False,False,False,9.166989523393596,True,False,unassigned_manual_review,,not_annotated_no_domain_boundaries,,False,False
9M8Q,A,VI-D,ternary,787,788,E,735.0,E,788.0,,GLU,True,2729,2730,four_layer_exact,high,0.1098901098901098,0.45,1.868351777640703,0.8901098901098901,A,A;G;I;K;L;N;Q;R;S;T,differs_from_consensus,False,True,scaffold_differs_from_msa_consensus,0.503266463079516,surface,False,False,False,False,9.628320273515103,True,False,unassigned_manual_review,,not_annotated_no_domain_boundaries,,False,False
9M8Q,A,VI-D,ternary,788,789,S,736.0,S,789.0,,SER,True,2730,2731,four_layer_exact,high,0.1098901098901098,0.35,1.6385064445042257,0.8901098901098901,R,A;E;I;L;P;R;S,differs_from_consensus,False,True,scaffold_differs_from_msa_consensus,0.24557185239908932,surface,False,True,False,False,6.608345828211405,True,False,unassigned_manual_review,,not_annotated_no_domain_boundaries,,False,False
9M8Q,A,VI-D,ternary,789,790,I,737.0,I,790.0,,ILE,True,2731,2732,four_layer_exact,high,0.1098901098901098,0.35,1.9419277239164316,0.8901098901098901,R,E;F;G;K;L;R;S;T;W,differs_from_consensus,False,True,scaffold_differs_from_msa_consensus,0.12527587094899625,buried_core,True,False,True,False,3.598153359237893,True,True,unassigned_manual_review,,not_annotated_no_domain_boundaries,,False,False
9M8Q,A,VI-D,ternary,790,791,D,738.0,D,791.0,,ASP,True,2732,2733,four_layer_exact,high,0.1263736263736263,0.2608695652173913,1.982318436300816,0.8736263736263736,K,A;D;E;K;S,differs_from_consensus,False,True,scaffold_differs_from_msa_consensus,0.5505922078209899,surface,False,True,False,False,7.608455771474529,True,False,unassigned_manual_review,,not_annotated_no_domain_boundaries,,False,False
9M8Q,A,VI-D,ternary,791,792,S,739.0,S,792.0,,SER,True,2733,2734,four_layer_exact,high,0.1373626373626373,0.52,1.4760098121240506,0.8626373626373627,E,E;Q;S;T,differs_from_consensus,False,True,scaffold_differs_from_msa_consensus,0.3908527170253601,surface,False,False,False,False,8.534035963892665,True,False,unassigned_manual_review,,not_annotated_no_domain_boundaries,,False,False
9M8Q,A,VI-D,ternary,792,793,L,740.0,L,793.0,,LEU,True,2734,2735,four_layer_exact,high,0.1373626373626373,0.56,1.4637448480596778,0.8626373626373627,I,I;K;L,differs_from_consensus,False,True,scaffold_differs_from_msa_consensus,0.0720972069277562,buried_core,True,False,True,False,3.4153127156436014,True,True,unassigned_manual_review,,not_annotated_no_domain_boundaries,,False,False
9M8Q,A,VI-D,ternary,793,794,E,741.0,E,794.0,,GLU,True,2735,2736,four_layer_exact,high,0.1318681318681318,0.2083333333333333,2.0046367956901427,0.8681318681318682,A,A;E;G;K;N;R;S,differs_from_consensus,False,True,scaffold_differs_from_msa_consensus,0.49339724132935,surface,False,False,False,False,8.426202294155106,True,False,unassigned_manual_review,,not_annotated_no_domain_boundaries,,False,False
9M8Q,A,VI-D,ternary,794,795,S,742.0,S,795.0,,SER,True,2736,2737,four_layer_exact,high,0.1373626373626373,0.24,2.0470505587205428,0.8626373626373627,K,A;D;G;K;N;R;T,differs_from_consensus,False,True,scaffold_differs_from_msa_consensus,0.6955525860993614,surface,False,False,False,False,10.678405315131736,True,False,unassigned_manual_review,,not_annotated_no_domain_boundaries,,False,False
9M8Q,A,VI-D,ternary,795,796,A,743.0,A,796.0,,ALA,True,2737,2738,four_layer_exact,high,0.1318681318681318,0.2916666666666667,2.206160848213511,0.8681318681318682,L,E;I;L;S;T,differs_from_consensus,False,True,scaffold_differs_from_msa_consensus,0.6197556694021181,surface,False,True,False,False,7.694245957472285,True,False,unassigned_manual_review,,not_annotated_no_domain_boundaries,,False,False
9M8Q,A,VI-D,ternary,796,797,N,744.0,N,797.0,,ASN,True,2738,2739,four_layer_exact,high,0.1373626373626373,0.24,2.247927730749143,0.8626373626373627,P,I;N;P;S;T,differs_from_consensus,False,True,scaffold_differs_from_msa_consensus,0.21270348000981534,surface,True,False,True,False,2.7032985656512074,True,False,unassigned_manual_review,,not_annotated_no_domain_boundaries,,False,False
9M8Q,A,VI-D,ternary,797,798,P,745.0,P,798.0,,PRO,True,2739,2740,four_layer_exact,high,0.0769230769230769,0.2142857142857142,2.106577333232116,0.9230769230769232,P,A;C;E;K;N;P;Q;R;S,matches_consensus,False,False,,0.5180702047982003,surface,False,True,False,False,6.469489820809303,True,False,unassigned_manual_review,,not_annotated_no_domain_boundaries,,False,False
9M8Q,A,VI-D,ternary,798,799,K,746.0,K,799.0,,LYS,True,2740,2741,four_layer_exact,high,0.0714285714285714,0.3846153846153846,1.7326587201992076,0.9285714285714286,E,A;D;E;G;K;M;V,differs_from_consensus,False,True,scaffold_differs_from_msa_consensus,0.6083432729271057,surface,True,False,True,False,4.475961796209459,True,False,unassigned_manual_review,,not_annotated_no_domain_boundaries,,False,False
9M8Q,A,VI-D,ternary,799,800,L,747.0,L,800.0,,LEU,True,2741,2742,four_layer_exact,high,0.1208791208791208,0.1818181818181818,2.059044366009098,0.8791208791208791,D,D;E;K;L;Q;Y,differs_from_consensus,False,True,scaffold_differs_from_msa_consensus,0.01802430173193905,buried_core,True,False,True,False,3.3671149905924427,True,True,unassigned_manual_review,,not_annotated_no_domain_boundaries,,False,False
9M8Q,A,VI-D,ternary,800,801,Y,748.0,Y,801.0,,TYR,True,2742,2743,four_layer_exact,high,0.1318681318681318,0.4166666666666667,1.8720697846537877,0.8681318681318682,Y,E;F;W;Y,matches_consensus,False,False,,0.2731613617774404,surface,False,True,False,False,6.0995633002303995,True,False,unassigned_manual_review,,not_annotated_no_domain_boundaries,,False,False
9M8Q,A,VI-D,ternary,801,802,A,749.0,A,802.0,,ALA,True,2743,2744,four_layer_exact,high,0.0164835164835164,0.3333333333333333,1.0986122886681096,0.9835164835164836,D,D;E;K,differs_from_consensus,False,True,scaffold_differs_from_msa_consensus,0.4940790072330094,surface,False,True,False,False,7.531698202354223,True,False,unassigned_manual_review,,not_annotated_no_domain_boundaries,,False,False
9M8Q,A,VI-D,ternary,802,803,N,750.0,N,803.0,,ASN,True,2744,2745,four_layer_exact,high,0.0219780219780219,0.25,1.3862943611198906,0.978021978021978,A,A;K;N;S,differs_from_consensus,False,True,scaffold_differs_from_msa_consensus,0.2577038465086142,surface,True,False,True,False,3.966195630076037,True,False,unassigned_manual_review,,not_annotated_no_domain_boundaries,,False,False
9M8Q,A,VI-D,ternary,803,804,Y,751.0,Y,804.0,,TYR,True,2745,2746,four_layer_exact,high,0.0164835164835164,0.6666666666666666,0.6365141682948128,0.9835164835164836,Y,L;Y,matches_consensus,False,False,,0.07443534345565858,buried_core,True,False,True,False,3.5574068291840772,True,True,unassigned_manual_review,,not_annotated_no_domain_boundaries,,False,False
9M8Q,A,VI-D,ternary,804,805,I,752.0,I,805.0,,ILE,True,2746,2747,four_layer_exact,high,0.0164835164835164,0.3333333333333333,1.0986122886681096,0.9835164835164836,C,C;I;N,differs_from_consensus,False,True,scaffold_differs_from_msa_consensus,0.5529090802235389,surface,False,False,False,False,8.25239630225766,True,False,unassigned_manual_review,,not_annotated_no_domain_boundaries,,False,False
9M8Q,A,VI-D,ternary,805,806,K,753.0,K,806.0,,LYS,True,2747,2748,four_layer_exact,high,0.0219780219780219,0.5,1.039720770839918,0.978021978021978,N,L;M;N,differs_from_consensus,False,True,scaffold_differs_from_msa_consensus,0.6793617437228247,surface,False,False,False,False,8.098293921228668,True,False,unassigned_manual_review,,not_annotated_no_domain_boundaries,,False,False
9M8Q,A,VI-D,ternary,806,807,Y,754.0,Y,807.0,,TYR,True,2748,2749,four_layer_exact,high,0.1978021978021978,0.2112676056338028,2.426199758509833,0.8021978021978022,K,E;F;H;I;K;L;P;V;Y,differs_from_consensus,False,True,scaffold_differs_from_msa_consensus,0.19012832733947077,buried_core,True,False,True,False,2.5560529568509756,True,True,unassigned_manual_review,,not_annotated_no_domain_boundaries,,False,False
9M8Q,A,VI-D,ternary,807,808,S,755.0,S,808.0,,SER,True,2749,2750,four_layer_exact,high,0.2362637362637362,0.1647058823529411,2.3228603392362914,0.7637362637362637,D,A;D;E;N;P;S,differs_from_consensus,False,True,scaffold_differs_from_msa_consensus,0.41298558183167516,surface,False,False,False,False,9.662508444326287,True,False,unassigned_manual_review,,not_annotated_no_domain_boundaries,,False,False
9M8Q,A,VI-D,ternary,808,809,D,756.0,D,809.0,,ASP,True,2750,2751,four_layer_exact,high,0.456043956043956,0.233009708737864,2.282827539938437,0.543956043956044,K,A;D;E;K;N;R;S;T,differs_from_consensus,False,True,scaffold_differs_from_msa_consensus,0.695392477977665,surface,False,False,False,False,11.005266152072855,True,False,unassigned_manual_review,,not_annotated_no_domain_boundaries,,False,False
9M8Q,A,VI-D,ternary,809,810,E,757.0,E,810.0,,GLU,True,2751,2752,four_layer_exact,high,0.4615384615384615,0.1904761904761904,2.3429864624014907,0.5384615384615384,E,A;D;E;K;L;N;P;T,matches_consensus,False,False,,0.490863567986019,surface,False,False,False,False,10.30958704502672,True,False,unassigned_manual_review,,not_annotated_no_domain_boundaries,,False,False
9M8Q,A,VI-D,ternary,810,811,K,758.0,K,811.0,,LYS,True,2752,2753,four_layer_exact,high,0.467032967032967,0.3271028037383177,2.205568371318245,0.532967032967033,E,D;E;G;N;P;Q,differs_from_consensus,False,True,scaffold_differs_from_msa_consensus,0.35421723405890476,surface,False,True,False,False,6.793751130729354,True,False,unassigned_manual_review,,not_annotated_no_domain_boundaries,,False,False
9M8Q,A,VI-D,ternary,811,812,K,759.0,K,812.0,,LYS,True,2753,2754,four_layer_exact,high,0.478021978021978,0.2882882882882883,1.9605735622880087,0.5219780219780219,R,K;N;Q;R;S,differs_from_consensus,False,True,scaffold_differs_from_msa_consensus,0.313969385369103,surface,False,True,False,False,7.271808479748167,True,False,unassigned_manual_review,,not_annotated_no_domain_boundaries,,False,False
9M8Q,A,VI-D,ternary,812,813,A,760.0,A,813.0,,ALA,True,2754,2755,four_layer_exact,high,0.3021978021978022,0.375,2.021679276633173,0.6978021978021978,G,A;G;I;T,differs_from_consensus,False,True,scaffold_differs_from_msa_consensus,0.3610461475682158,surface,False,False,False,False,9.240693463502375,True,False,unassigned_manual_review,,not_annotated_no_domain_boundaries,,False,False
9M8Q,A,VI-D,ternary,813,814,E,761.0,E,814.0,,GLU,True,2755,2756,four_layer_exact,high,0.2582417582417582,0.375,1.927331081045034,0.7417582417582418,E,A;E;F;I;P;R;S;T;V,matches_consensus,False,False,,0.3782247641056162,surface,False,True,False,False,6.963674246823785,True,False,unassigned_manual_review,,not_annotated_no_domain_boundaries,,False,False
9M8Q,A,VI-D,ternary,814,815,E,762.0,E,815.0,,GLU,True,2756,2757,four_layer_exact,high,0.2582417582417582,0.3125,1.977006172908861,0.7417582417582418,I,A;E;I;K;L;R;T;V;Y,differs_from_consensus,False,True,scaffold_differs_from_msa_consensus,0.052852238855111776,buried_core,True,False,True,False,2.985904613129245,True,True,unassigned_manual_review,,not_annotated_no_domain_boundaries,,False,False
9M8Q,A,VI-D,ternary,815,816,F,763.0,F,816.0,,PHE,True,2757,2758,four_layer_exact,high,0.2582417582417582,0.25,2.0467385326945515,0.7417582417582418,K,A;E;F;K;L;M;P;Q;V,differs_from_consensus,False,True,scaffold_differs_from_msa_consensus,0.30693883824347873,surface,False,True,False,False,6.637627771333352,True,False,unassigned_manual_review,,not_annotated_no_domain_boundaries,,False,False
9M8Q,A,VI-D,ternary,816,817,T,764.0,T,817.0,,THR,True,2758,2759,four_layer_exact,high,0.2582417582417582,0.3125,1.8364223867541591,0.7417582417582418,E,A;D;E;G;K;N;T;Y,differs_from_consensus,False,True,scaffold_differs_from_msa_consensus,0.5246865946731093,surface,False,True,False,False,5.647002077438328,True,False,unassigned_manual_review,,not_annotated_no_domain_boundaries,,False,False
9M8Q,A,VI-D,ternary,817,818,R,765.0,R,818.0,,ARG,True,2759,2760,four_layer_exact,high,0.2582417582417582,0.375,1.6674619334292948,0.7417582417582418,D,D;E;K;R;S;T;V,differs_from_consensus,False,True,scaffold_differs_from_msa_consensus,0.2916991710191361,surface,True,False,True,False,3.179084340334089,True,False,unassigned_manual_review,,not_annotated_no_domain_boundaries,,False,False
9M8Q,A,VI-D,ternary,818,819,Q,766.0,Q,819.0,,GLN,True,2763,2764,four_layer_exact,high,0.0659340659340659,0.3333333333333333,1.5171063970610277,0.934065934065934,N,E;I;N;Q;R,differs_from_consensus,False,True,scaffold_differs_from_msa_consensus,0.06755373664331141,buried_core,True,False,True,False,3.7361347978090116,True,True,unassigned_manual_review,,not_annotated_no_domain_boundaries,,False,False
9M8Q,A,VI-D,ternary,819,820,I,767.0,I,820.0,,ILE,True,2764,2765,four_layer_exact,high,0.3021978021978022,0.2916666666666667,2.278081366326456,0.6978021978021978,C,C;I;L;T,differs_from_consensus,False,True,scaffold_differs_from_msa_consensus,0.2513337911555156,surface,False,True,False,False,7.433586981158149,True,False,unassigned_manual_review,,not_annotated_no_domain_boundaries,,False,False
9M8Q,A,VI-D,ternary,820,821,N,768.0,N,821.0,,ASN,True,2765,2766,four_layer_exact,high,0.3186813186813186,0.2962962962962963,2.0542170065194,0.6813186813186813,D,A;D;E;G;N;P;V,differs_from_consensus,False,True,scaffold_differs_from_msa_consensus,0.2337437732084574,surface,True,False,True,False,3.609412626848569,True,False,unassigned_manual_review,,not_annotated_no_domain_boundaries,,False,False
9M8Q,A,VI-D,ternary,821,822,R,769.0,R,822.0,,ARG,True,2766,2767,four_layer_exact,high,0.4285714285714285,0.2765957446808511,2.382890784089819,0.5714285714285714,K,K;N;P;Q;R;S,differs_from_consensus,False,True,scaffold_differs_from_msa_consensus,0.08274670701023364,buried_core,True,False,True,False,2.623043278791458,True,True,unassigned_manual_review,,not_annotated_no_domain_boundaries,,False,False
9M8Q,A,VI-D,ternary,822,823,E,770.0,E,823.0,,GLU,True,2767,2768,four_layer_exact,high,0.4725274725274725,0.1272727272727272,2.515219789085249,0.5274725274725275,E,A;D;E;G;I;K;P;S;V,matches_consensus,False,False,,0.09609497973656686,buried_core,False,False,False,False,8.492851137928914,True,True,unassigned_manual_review,,not_annotated_no_domain_boundaries,,False,False
9M8Q,A,VI-D,ternary,823,824,K,771.0,K,824.0,,LYS,True,2768,2769,four_layer_exact,high,0.478021978021978,0.1785714285714285,2.576563939914319,0.5219780219780219,K,A;D;E;F;K;L;R;S;T,matches_consensus,False,False,,0.1743517363575946,buried_core,False,False,False,False,9.80828495263068,True,True,unassigned_manual_review,,not_annotated_no_domain_boundaries,,False,False
9M8Q,A,VI-D,ternary,824,825,A,772.0,A,825.0,,ALA,True,2769,2770,four_layer_exact,high,0.478021978021978,0.2321428571428571,2.410439512304235,0.5219780219780219,A,A;D;L;R;V;Y,matches_consensus,False,False,,0.009361459039069119,buried_core,False,True,False,False,7.3271451336558195,True,True,unassigned_manual_review,,not_annotated_no_domain_boundaries,,False,False
9M8Q,A,VI-D,ternary,825,826,K,773.0,K,826.0,,LYS,True,2770,2771,four_layer_exact,high,0.489010989010989,0.396551724137931,1.753979294799344,0.510989010989011,K,A;D;E;K;R,matches_consensus,False,False,,0.6640899293603936,surface,False,True,False,False,6.878632587904314,True,False,unassigned_manual_review,,not_annotated_no_domain_boundaries,,False,False
9M8Q,A,VI-D,ternary,826,827,T,774.0,T,827.0,,THR,True,2771,2772,four_layer_exact,high,0.4835164835164835,0.2807017543859649,2.107607824357211,0.5164835164835164,E,A;E;K;N;Q;S;T,differs_from_consensus,False,True,scaffold_differs_from_msa_consensus,0.19727828331011632,buried_core,False,False,False,False,11.590408706200995,True,True,unassigned_manual_review,,not_annotated_no_domain_boundaries,,False,False
9M8Q,A,VI-D,ternary,827,828,A,775.0,A,828.0,,ALA,True,2772,2773,four_layer_exact,high,0.4725274725274725,0.3773584905660377,2.041816216533003,0.5274725274725275,A,A;L;S;T;V,matches_consensus,False,False,,0.13289414251940718,buried_core,False,False,False,False,12.401094596782094,True,True,unassigned_manual_review,,not_annotated_no_domain_boundaries,,False,False
9M8Q,A,VI-D,ternary,828,829,L,776.0,L,829.0,,LEU,True,2773,2774,four_layer_exact,high,0.6318681318681318,0.147239263803681,2.588783200271536,0.3681318681318681,K,K;L;N;R;T,differs_from_consensus,False,True,scaffold_differs_from_msa_consensus,0.23549278500498225,surface,False,False,False,False,11.795192243677644,True,False,unassigned_manual_review,,not_annotated_no_domain_boundaries,,False,False
9M8Q,A,VI-D,ternary,829,830,N,777.0,N,830.0,,ASN,True,2774,2775,four_layer_exact,high,0.6373626373626373,0.2909090909090909,2.0103418791286254,0.3626373626373627,N,D;K;N;R;S,matches_consensus,False,False,,0.006192965210461109,buried_core,False,False,False,False,8.662413369568931,True,True,unassigned_manual_review,,not_annotated_no_domain_boundaries,,False,False
9M8Q,A,VI-D,ternary,830,831,A,778.0,A,831.0,,ALA,True,2775,2776,four_layer_exact,high,0.6373626373626373,0.2181818181818181,2.301561125909051,0.3626373626373627,R,A;E;G;K;R,differs_from_consensus,False,True,scaffold_differs_from_msa_consensus,0.34446720817884835,surface,False,True,False,False,5.405825577791058,True,False,unassigned_manual_review,,not_annotated_no_domain_boundaries,,False,False
9M8Q,A,VI-D,ternary,831,832,Y,779.0,Y,832.0,,TYR,True,2776,2777,four_layer_exact,high,0.6648351648351648,0.3085714285714285,2.1124356890593097,0.3351648351648352,Y,F;H;L;Y,matches_consensus,False,False,,0.04947365776610148,buried_core,True,False,True,False,2.3522559357219985,True,True,unassigned_manual_review,,not_annotated_no_domain_boundaries,,False,False
9M8Q,A,VI-D,ternary,832,833,L,780.0,L,833.0,,LEU,True,2777,2778,four_layer_exact,high,0.6648351648351648,0.5828571428571429,1.5659919020608035,0.3351648351648352,L,F;I;K;L;R,matches_consensus,False,False,,0.0,buried_core,False,True,False,False,7.835375687084986,True,True,unassigned_manual_review,,not_annotated_no_domain_boundaries,,False,False
9M8Q,A,VI-D,ternary,833,834,R,781.0,R,834.0,,ARG,True,2778,2779,four_layer_exact,high,0.6593406593406593,0.3930635838150289,1.8599215232801665,0.3406593406593406,K,A;D;K;R,differs_from_consensus,False,True,scaffold_differs_from_msa_consensus,0.44580593979500027,surface,False,True,False,False,6.788762729791505,True,False,unassigned_manual_review,,not_annotated_no_domain_boundaries,,False,False
9M8Q,A,VI-D,ternary,834,835,N,782.0,N,835.0,,ASN,True,2779,2780,four_layer_exact,high,0.3571428571428571,0.28,1.990826886209467,0.6428571428571428,K,E;K;N;R;S,differs_from_consensus,False,True,scaffold_differs_from_msa_consensus,0.17164856722636787,buried_core,True,False,True,False,2.4587904893184986,True,True,unassigned_manual_review,,not_annotated_no_domain_boundaries,,False,False
9M8Q,A,VI-D,ternary,835,836,T,783.0,T,836.0,,THR,True,2792,2793,four_layer_exact,high,0.9835164835164836,0.405997693194925,2.0801532475047324,0.0164835164835165,K,K;M;R;T,differs_from_consensus,True,True,scaffold_differs_from_msa_consensus,0.028084377117207356,buried_core,True,False,True,False,2.810549845165396,True,True,unassigned_manual_review,,not_annotated_no_domain_boundaries,,True,False
9M8Q,A,VI-D,ternary,836,837,K,784.0,K,837.0,,LYS,True,2793,2794,four_layer_exact,high,0.9835164835164836,0.3598615916955017,1.445138951463459,0.0164835164835165,H,H;K;R;S,differs_from_consensus,True,True,scaffold_differs_from_msa_consensus,0.2008097504601298,surface,True,False,True,False,3.2640940476900986,True,False,unassigned_manual_review,,not_annotated_no_domain_boundaries,,True,False
9M8Q,A,VI-D,ternary,837,838,W,785.0,W,838.0,,TRP,True,2794,2795,four_layer_exact,high,0.9835164835164836,0.1799307958477508,2.322548022835267,0.0164835164835165,F,A;F;L;V;W;Y,differs_from_consensus,True,True,scaffold_differs_from_msa_consensus,0.07963062140159965,buried_core,True,False,True,False,3.4894776761475503,True,True,unassigned_manual_review,,not_annotated_no_domain_boundaries,,True,False
9M8Q,A,VI-D,ternary,838,839,N,786.0,N,839.0,,ASN,True,2795,2796,four_layer_exact,high,0.9835164835164836,0.1453287197231834,2.612648747591606,0.0164835164835165,S,A;C;G;K;N;R;S;T;Y,differs_from_consensus,True,True,scaffold_differs_from_msa_consensus,0.011801110865407811,buried_core,False,True,False,False,7.797184505622245,True,True,unassigned_manual_review,,not_annotated_no_domain_boundaries,,True,False
9M8Q,A,VI-D,ternary,839,840,V,787.0,V,840.0,,VAL,True,2796,2797,four_layer_exact,high,0.978021978021978,0.1672473867595819,2.5902126977516384,0.021978021978022,E,D;E;G;K;Q;R;S,differs_from_consensus,True,True,scaffold_differs_from_msa_consensus,0.25209901633111337,surface,True,False,True,False,4.745113322654261,True,False,unassigned_manual_review,,not_annotated_no_domain_boundaries,,True,False
9M8Q,A,VI-D,ternary,840,841,I,788.0,I,841.0,,ILE,True,2820,2821,four_layer_exact,high,0.967032967032967,0.4770318021201413,1.7914208502171265,0.0329670329670329,Y,C;I;L;Y,differs_from_consensus,True,True,scaffold_differs_from_msa_consensus,0.27585416102434634,surface,False,True,False,False,7.034802697688,True,False,unassigned_manual_review,,not_annotated_no_domain_boundaries,,True,False
9M8Q,A,VI-D,ternary,841,842,I,789.0,I,842.0,,ILE,True,2821,2822,four_layer_exact,high,0.9615384615384616,0.3914590747330961,1.5504590116416832,0.0384615384615384,L,F;I;L;M;V,differs_from_consensus,True,True,scaffold_differs_from_msa_consensus,0.012260184934415394,buried_core,False,False,False,False,10.14933896915592,True,True,unassigned_manual_review,,not_annotated_no_domain_boundaries,,True,False
9M8Q,A,VI-D,ternary,842,843,R,790.0,R,843.0,,ARG,True,2822,2823,four_layer_exact,high,0.956043956043956,0.2795698924731182,2.501059938905497,0.0439560439560439,K,A;E;K;R;S;T;V,differs_from_consensus,True,True,scaffold_differs_from_msa_consensus,0.13329984011180632,buried_core,False,False,False,False,10.716200534609293,True,True,unassigned_manual_review,,not_annotated_no_domain_boundaries,,True,False
9M8Q,A,VI-D,ternary,843,844,E,791.0,E,844.0,,GLU,True,2824,2825,four_layer_exact,high,0.9505494505494504,0.2202166064981949,2.3007268366601537,0.0494505494505495,K,D;E;H;K;N;Q;S;T,differs_from_consensus,True,True,scaffold_differs_from_msa_consensus,0.45748199059913414,surface,False,False,False,False,10.988055272938842,True,False,unassigned_manual_review,,not_annotated_no_domain_boundaries,,True,False
9M8Q,A,VI-D,ternary,844,845,D,792.0,D,845.0,,ASP,True,2860,2861,four_layer_exact,high,0.978021978021978,0.6794425087108014,1.0070103004882645,0.021978021978022,N,D;N,differs_from_consensus,True,True,scaffold_differs_from_msa_consensus,0.056221551464271505,buried_core,False,False,False,False,13.351608939488369,True,True,unassigned_manual_review,,not_annotated_no_domain_boundaries,,True,False
9M8Q,A,VI-D,ternary,845,846,L,793.0,L,846.0,,LEU,True,2867,2868,four_layer_exact,high,0.945054945054945,0.3709090909090909,1.7519562069429615,0.0549450549450549,L,F;I;L;M;V,matches_consensus,True,False,,0.1507909456777127,buried_core,False,False,False,False,15.540313890003842,True,True,unassigned_manual_review,,not_annotated_no_domain_boundaries,,True,False
9M8Q,A,VI-D,ternary,846,847,L,794.0,L,847.0,,LEU,True,2886,2887,four_layer_exact,high,0.967032967032967,0.2367491166077738,2.1489935970760325,0.0329670329670329,E,A;D;E;K;N;S,differs_from_consensus,True,True,scaffold_differs_from_msa_consensus,0.5897926642231185,surface,False,False,False,False,15.025038061760654,True,False,unassigned_manual_review,,not_annotated_no_domain_boundaries,,True,False
9M8Q,A,VI-D,ternary,847,848,R,795.0,R,848.0,,ARG,True,2887,2888,four_layer_exact,high,0.967032967032967,0.4169611307420495,2.00488469845492,0.0329670329670329,N,E;H;N;S,differs_from_consensus,True,True,scaffold_differs_from_msa_consensus,0.4082980294084602,surface,False,False,False,False,15.429119098559068,True,False,unassigned_manual_review,,not_annotated_no_domain_boundaries,,True,False
9M8Q,A,VI-D,ternary,848,849,I,796.0,I,849.0,,ILE,True,2901,2902,four_layer_exact,high,0.945054945054945,0.2909090909090909,2.1035600283597664,0.0549450549450549,A,A;I;L;S;V;Y,differs_from_consensus,True,True,scaffold_differs_from_msa_consensus,0.18302988967365785,buried_core,False,False,False,False,19.669591664585436,True,True,unassigned_manual_review,,not_annotated_no_domain_boundaries,,True,False
9M8Q,A,VI-D,ternary,849,850,D,797.0,D,850.0,,ASP,True,2902,2903,four_layer_exact,high,0.9395604395604396,0.358974358974359,2.0819152050835474,0.0604395604395604,D,D;E;K;N;R;S,matches_consensus,True,False,,0.3365842467185819,surface,False,False,False,False,21.45415971245109,True,False,unassigned_manual_review,,not_annotated_no_domain_boundaries,,True,False
9M8Q,A,VI-D,ternary,850,851,N,798.0,N,851.0,,ASN,True,2903,2904,four_layer_exact,high,0.934065934065934,0.1845018450184501,2.3924975417138663,0.0659340659340659,K,D;E;K;N;Q;S,differs_from_consensus,True,True,scaffold_differs_from_msa_consensus,0.2778541184531286,surface,False,False,False,False,21.30233597150631,True,False,unassigned_manual_review,,not_annotated_no_domain_boundaries,,True,False
9M8Q,A,VI-D,ternary,851,852,K,799.0,K,852.0,,LYS,True,2904,2905,four_layer_exact,high,0.912087912087912,0.1444866920152091,2.714515138638037,0.0879120879120879,I,A;G;I;L;N;S;T;W;Y,differs_from_consensus,True,True,scaffold_differs_from_msa_consensus,0.49671982357840466,surface,False,False,False,False,21.979440630685026,True,False,unassigned_manual_review,,not_annotated_no_domain_boundaries,,True,False
9M8Q,A,VI-D,ternary,852,853,T,800.0,T,853.0,,THR,True,2905,2906,four_layer_exact,high,0.3626373626373626,0.1666666666666666,2.467098960328351,0.6373626373626373,S,A;D;E;G;H;K;N;Q;S,differs_from_consensus,False,True,scaffold_differs_from_msa_consensus,0.060814804467602665,buried_core,False,False,False,False,19.214199216856635,True,True,unassigned_manual_review,,not_annotated_no_domain_boundaries,,False,False
9M8Q,A,VI-D,ternary,853,854,C,801.0,C,854.0,,CYS,True,2928,2929,four_layer_exact,high,0.967032967032967,0.3028169014084507,1.9963040312387688,0.0329670329670329,I,F;I;L;V;Y,differs_from_consensus,True,True,scaffold_differs_from_msa_consensus,0.015410734741441673,buried_core,False,False,False,False,17.11570755140984,True,True,unassigned_manual_review,,not_annotated_no_domain_boundaries,,True,False
9M8Q,A,VI-D,ternary,854,855,T,802.0,T,855.0,,THR,True,2940,2941,four_layer_exact,high,0.9945054945054944,0.2491467576791808,2.291636948478845,0.0054945054945054,R,K;N;R;S;T;V,differs_from_consensus,True,True,scaffold_differs_from_msa_consensus,0.10452473284082295,buried_core,False,False,False,False,18.911266925116088,True,True,unassigned_manual_review,,not_annotated_no_domain_boundaries,,True,False
9M8Q,A,VI-D,ternary,855,856,L,803.0,L,856.0,,LEU,True,2941,2942,four_layer_exact,high,0.9945054945054944,0.1228668941979522,2.709728539248469,0.0054945054945054,A,A;D;E;K;L;N;Q;S;T;V,differs_from_consensus,True,True,scaffold_differs_from_msa_consensus,0.15621061501013841,buried_core,False,False,False,False,18.648727964587295,True,True,unassigned_manual_review,,not_annotated_no_domain_boundaries,,True,False
9M8Q,A,VI-D,ternary,856,857,F,804.0,F,857.0,,PHE,True,2942,2943,four_layer_exact,high,0.9945054945054944,0.4778156996587031,1.264865563050892,0.0054945054945054,Y,A;F;Y,differs_from_consensus,True,True,scaffold_differs_from_msa_consensus,0.030190705400997907,buried_core,False,False,False,False,13.084886017472153,True,True,unassigned_manual_review,,not_annotated_no_domain_boundaries,,True,False
9M8Q,A,VI-D,ternary,857,858,R,805.0,A,858.0,,ALA,True,2943,2944,four_layer_literature_restored_substitution,high,0.9945054945054944,0.9863481228668942,0.0721777615461715,0.0054945054945054,R,R,matches_consensus,True,True,literature_confirmed_construct_substitution,0.018722918078138237,buried_core,False,False,False,False,15.24058089679066,True,True,HEPN2,,not_annotated_no_domain_boundaries,HEPN2_R,True,False
9M8Q,A,VI-D,ternary,858,859,N,806.0,N,859.0,,ASN,True,2944,2945,four_layer_exact,high,0.9945054945054944,0.9658703071672357,0.1942834193895058,0.0054945054945054,N,N,matches_consensus,True,False,,0.409119461516118,surface,False,False,False,False,17.297324000558287,True,False,unassigned_manual_review,,not_annotated_no_domain_boundaries,,True,False
9M8Q,A,VI-D,ternary,859,860,K,807.0,K,860.0,,LYS,True,2945,2946,four_layer_exact,high,0.9945054945054944,0.1979522184300341,2.486413414557738,0.0054945054945054,N,A;C;I;K;N;Q;S;T,differs_from_consensus,True,True,scaffold_differs_from_msa_consensus,0.09876049108890966,buried_core,False,False,False,False,16.696842804459845,True,True,unassigned_manual_review,,not_annotated_no_domain_boundaries,,True,False
9M8Q,A,VI-D,ternary,860,861,A,808.0,A,861.0,,ALA,True,2946,2947,four_layer_exact,high,0.9945054945054944,0.5358361774744027,1.1687021341462314,0.0054945054945054,V,A;I;T;V,differs_from_consensus,True,True,scaffold_differs_from_msa_consensus,0.009361459039069119,buried_core,False,False,False,False,13.132328386859264,True,True,unassigned_manual_review,,not_annotated_no_domain_boundaries,,True,False
9M8Q,A,VI-D,ternary,861,862,V,809.0,V,862.0,,VAL,True,2947,2948,four_layer_exact,high,0.9945054945054944,0.5426621160409556,1.5575289013707645,0.0054945054945054,A,A;D;E;M,differs_from_consensus,True,True,scaffold_differs_from_msa_consensus,0.3083018922422725,surface,False,False,False,False,14.448903052348838,True,False,unassigned_manual_review,,not_annotated_no_domain_boundaries,,True,False
9M8Q,A,VI-D,ternary,862,863,H,810.0,A,863.0,,ALA,True,2948,2949,four_layer_literature_restored_substitution,high,0.9945054945054944,0.9931740614334472,0.040843717863401,0.0054945054945054,H,H,matches_consensus,True,True,literature_confirmed_construct_substitution,0.3690417687593475,surface,False,False,False,False,17.282155829603795,True,False,HEPN2,,not_annotated_no_domain_boundaries,HEPN2_H,True,False
9M8Q,A,VI-D,ternary,863,864,L,811.0,L,864.0,,LEU,True,2949,2950,four_layer_exact,high,0.9945054945054944,0.7747440273037542,0.9264919163679826,0.0054945054945054,L,I;L;M,matches_consensus,True,False,,0.10679089305852787,buried_core,False,False,False,False,15.424874637443038,True,True,unassigned_manual_review,,not_annotated_no_domain_boundaries,,True,False
9M8Q,A,VI-D,ternary,864,865,E,812.0,E,865.0,,GLU,True,2950,2951,four_layer_exact,high,0.9945054945054944,0.5460750853242321,1.51553409871928,0.0054945054945054,N,A;N;S;T,differs_from_consensus,True,True,scaffold_differs_from_msa_consensus,0.2379554415189997,surface,False,False,False,False,19.135625509106884,True,False,unassigned_manual_review,,not_annotated_no_domain_boundaries,,True,False
9M8Q,A,VI-D,ternary,865,866,V,813.0,V,866.0,,VAL,True,2951,2952,four_layer_exact,high,0.9945054945054944,0.4129692832764505,1.4208257338511148,0.0054945054945054,A,A;I;V,differs_from_consensus,True,True,scaffold_differs_from_msa_consensus,0.0,buried_core,False,False,False,False,16.707666923289935,True,True,unassigned_manual_review,,not_annotated_no_domain_boundaries,,True,False
9M8Q,A,VI-D,ternary,866,867,A,814.0,A,867.0,,ALA,True,2952,2953,four_layer_exact,high,0.9945054945054944,0.4197952218430034,1.2712606531607642,0.0054945054945054,V,I;L;V,differs_from_consensus,True,True,scaffold_differs_from_msa_consensus,0.09044786499587266,buried_core,False,False,False,False,17.160853552057517,True,True,unassigned_manual_review,,not_annotated_no_domain_boundaries,,True,False
9M8Q,A,VI-D,ternary,867,868,R,815.0,R,868.0,,ARG,True,2970,2971,four_layer_exact,high,0.9835164835164836,0.5190311418685121,1.805813755696792,0.0164835164835165,R,A;N;R;S,matches_consensus,True,False,,0.33270754942443875,surface,False,False,False,False,20.383934045661043,True,False,unassigned_manual_review,,not_annotated_no_domain_boundaries,,True,False
9M8Q,A,VI-D,ternary,868,869,Y,816.0,Y,869.0,,TYR,True,2971,2972,four_layer_exact,high,0.9835164835164836,0.3806228373702422,2.102410568039889,0.0164835164835165,N,A;D;E;K;N;R;S,differs_from_consensus,True,True,scaffold_differs_from_msa_consensus,0.2626287364057792,surface,False,False,False,False,22.117796051092856,True,False,unassigned_manual_review,,not_annotated_no_domain_boundaries,,True,False
9M8Q,A,VI-D,ternary,869,870,V,817.0,V,870.0,,VAL,True,2972,2973,four_layer_exact,high,0.978021978021978,0.3310104529616725,1.93143586602138,0.021978021978022,A,A;C;F;I;L;M;V,differs_from_consensus,True,True,scaffold_differs_from_msa_consensus,0.09022509660068341,buried_core,False,False,False,False,19.199053136640252,True,True,unassigned_manual_review,,not_annotated_no_domain_boundaries,,True,False
9M8Q,A,VI-D,ternary,870,871,H,818.0,H,871.0,,HIS,True,2973,2974,four_layer_exact,high,0.978021978021978,0.2578397212543554,2.355268453829789,0.021978021978022,D,A;D;G;H;N;P;S,differs_from_consensus,True,True,scaffold_differs_from_msa_consensus,0.22236119872279098,surface,False,False,False,False,23.003470227248613,True,False,unassigned_manual_review,,not_annotated_no_domain_boundaries,,True,False
9M8Q,A,VI-D,ternary,871,872,A,819.0,A,872.0,,ALA,True,2974,2975,four_layer_exact,high,0.9835164835164836,0.3206459054209919,2.181501697909065,0.0164835164835165,K,D;E;K;L;N;R,differs_from_consensus,True,True,scaffold_differs_from_msa_consensus,0.27739961148648223,surface,False,False,False,False,24.967740105973835,True,False,unassigned_manual_review,,not_annotated_no_domain_boundaries,,True,False
9M8Q,A,VI-D,ternary,872,873,Y,820.0,Y,873.0,,TYR,True,2975,2976,four_layer_exact,high,0.9615384615384616,0.7217258662017869,1.0803433260661472,0.0384615384615384,Y,F;Y,matches_consensus,True,False,,0.2242054575930012,surface,False,False,False,False,21.855306132977635,True,False,unassigned_manual_review,,not_annotated_no_domain_boundaries,,True,False
9M8Q,A,VI-D,ternary,873,874,I,821.0,I,874.0,,ILE,True,2976,2977,four_layer_exact,high,0.967032967032967,0.4875568058861718,1.6375594256322548,0.0329670329670329,I,A;I;L;V,matches_consensus,True,False,,0.012260184934415394,buried_core,False,False,False,False,19.710253212867528,True,True,unassigned_manual_review,,not_annotated_no_domain_boundaries,,True,False
9M8Q,A,VI-D,ternary,874,875,N,822.0,N,875.0,,ASN,True,2984,2985,four_layer_exact,high,0.9835164835164836,0.2745098039215686,2.1201385496305694,0.0164835164835165,G,A;D;E;G;K;N;S,differs_from_consensus,True,True,scaffold_differs_from_msa_consensus,0.40435790258302173,surface,False,False,False,False,24.569324232636575,True,False,unassigned_manual_review,,not_annotated_no_domain_boundaries,,True,False
9M8Q,A,VI-D,ternary,875,876,D,823.0,D,876.0,,ASP,True,2985,2986,four_layer_exact,high,0.9835164835164836,0.4636678200692041,1.6664074302277303,0.0164835164835165,D,D;E;G;K;N,matches_consensus,True,False,,0.34984359081713073,surface,False,False,False,False,24.84627289948898,True,False,unassigned_manual_review,,not_annotated_no_domain_boundaries,,True,False
9M8Q,A,VI-D,ternary,876,877,I,824.0,I,877.0,,ILE,True,2992,2993,four_layer_exact,high,0.9835164835164836,0.5397923875432526,1.5186884667253122,0.0164835164835165,I,F;I;L;V,matches_consensus,True,False,,0.07010503874412699,buried_core,False,False,False,False,19.314941712342158,True,True,unassigned_manual_review,,not_annotated_no_domain_boundaries,,True,False
9M8Q,A,VI-D,ternary,877,878,A,825.0,A,878.0,,ALA,True,2993,2994,four_layer_exact,high,0.9505494505494504,0.3032490974729241,2.110489159128578,0.0494505494505495,K,A;E;G;K;R;S;T,differs_from_consensus,True,True,scaffold_differs_from_msa_consensus,0.5280478552781361,surface,False,False,False,False,23.65186868148864,True,False,unassigned_manual_review,,not_annotated_no_domain_boundaries,,True,False
9M8Q,A,VI-D,ternary,878,879,E,826.0,E,879.0,,GLU,True,3006,3007,four_layer_exact,high,0.9615384615384616,0.192170818505338,2.4255818223282586,0.0384615384615384,E,D;E;K;N;R;S;Y,matches_consensus,True,False,,0.3500068943639161,surface,False,False,False,False,19.75275600235535,True,False,unassigned_manual_review,,not_annotated_no_domain_boundaries,,True,False
9M8Q,A,VI-D,ternary,879,880,V,827.0,V,880.0,,VAL,True,3007,3008,four_layer_exact,high,0.989010989010989,0.3539518900343643,1.6060298236467747,0.0109890109890109,I,F;I;M;V,differs_from_consensus,True,True,scaffold_differs_from_msa_consensus,0.13426387019818437,buried_core,False,False,False,False,17.37807729583485,True,True,unassigned_manual_review,,not_annotated_no_domain_boundaries,,True,False
9M8Q,A,VI-D,ternary,880,881,N,828.0,N,881.0,,ASN,True,3008,3009,four_layer_exact,high,0.989010989010989,0.2623138602520045,2.1231691141312816,0.0109890109890109,D,D;E;K;N;S;T,differs_from_consensus,True,True,scaffold_differs_from_msa_consensus,0.5834037444251899,surface,False,False,False,False,13.852667636815859,True,False,unassigned_manual_review,,not_annotated_no_domain_boundaries,,True,False
9M8Q,A,VI-D,ternary,881,882,S,829.0,S,882.0,,SER,True,3035,3036,four_layer_exact,high,0.989010989010989,0.8625429553264605,0.6452752271356559,0.0109890109890109,S,S,matches_consensus,True,False,,0.1090760969326376,buried_core,False,False,False,False,11.646701015577484,True,True,unassigned_manual_review,,not_annotated_no_domain_boundaries,,True,False
9M8Q,A,VI-D,ternary,882,883,Y,830.0,Y,883.0,,TYR,True,3044,3045,four_layer_exact,high,0.9945054945054944,0.8771331058020477,0.5003688822901302,0.0054945054945054,Y,W;Y,matches_consensus,True,False,,0.14712013892577236,buried_core,False,False,False,False,9.411543489190652,True,True,unassigned_manual_review,,not_annotated_no_domain_boundaries,,True,False
9M8Q,A,VI-D,ternary,883,884,F,831.0,F,884.0,,PHE,True,3045,3046,four_layer_exact,high,0.9945054945054944,0.7303754266211604,0.646373754231609,0.0054945054945054,F,F;Y,matches_consensus,True,False,,0.048417178779574695,buried_core,False,False,False,False,9.549256991050749,True,True,unassigned_manual_review,,not_annotated_no_domain_boundaries,,True,False
9M8Q,A,VI-D,ternary,884,885,Q,832.0,Q,885.0,,GLN,True,3046,3047,four_layer_exact,high,0.9945054945054944,0.3412969283276451,1.7842046366484416,0.0054945054945054,E,A;D;E;G;Q;S,differs_from_consensus,True,True,scaffold_differs_from_msa_consensus,0.05822636201743733,buried_core,False,False,False,False,13.037456452771657,True,True,unassigned_manual_review,,not_annotated_no_domain_boundaries,,True,False
9M8Q,A,VI-D,ternary,885,886,L,833.0,L,886.0,,LEU,True,3047,3048,four_layer_exact,high,0.9945054945054944,0.6655290102389079,1.0945551553873465,0.0054945054945054,L,F;I;L;V,matches_consensus,True,False,,0.030040502886565082,buried_core,False,False,False,False,14.714018228795213,True,True,unassigned_manual_review,,not_annotated_no_domain_boundaries,,True,False
9M8Q,A,VI-D,ternary,886,887,Y,834.0,Y,887.0,,TYR,True,3048,3049,four_layer_exact,high,0.9945054945054944,0.9112627986348124,0.3236709773367355,0.0054945054945054,Y,F;Y,matches_consensus,True,False,,0.004073988684649127,buried_core,False,False,False,False,12.566939446369423,True,True,unassigned_manual_review,,not_annotated_no_domain_boundaries,,True,False
9M8Q,A,VI-D,ternary,887,888,H,835.0,H,888.0,,HIS,True,3049,3050,four_layer_exact,high,0.9945054945054944,0.7406143344709898,1.0243926616835215,0.0054945054945054,H,C;H,matches_consensus,True,False,,0.024919561727224756,buried_core,False,False,False,False,12.295511783479656,True,True,unassigned_manual_review,,not_annotated_no_domain_boundaries,,True,False
9M8Q,A,VI-D,ternary,888,889,Y,836.0,Y,889.0,,TYR,True,3050,3051,four_layer_exact,high,0.9945054945054944,0.78839590443686,0.8194246612011497,0.0054945054945054,Y,F;Y,matches_consensus,True,False,,0.004591742266311469,buried_core,False,False,False,False,17.40996259476274,True,True,unassigned_manual_review,,not_annotated_no_domain_boundaries,,True,False
9M8Q,A,VI-D,ternary,889,890,I,837.0,I,890.0,,ILE,True,3051,3052,four_layer_exact,high,0.9945054945054944,0.3686006825938566,1.602683868186286,0.0054945054945054,I,A;C;I;L;V,matches_consensus,True,False,,0.023829155696357712,buried_core,False,False,False,False,17.395543007506397,True,True,unassigned_manual_review,,not_annotated_no_domain_boundaries,,True,False
9M8Q,A,VI-D,ternary,890,891,M,838.0,M,891.0,,MET,True,3061,3062,four_layer_exact,high,0.9945054945054944,0.3651877133105802,1.635936536196335,0.0054945054945054,M,I;L;M;V,matches_consensus,True,False,,0.027309416138705557,buried_core,False,False,False,False,16.27609887815752,True,True,unassigned_manual_review,,not_annotated_no_domain_boundaries,,True,False
9M8Q,A,VI-D,ternary,891,892,Q,839.0,Q,892.0,,GLN,True,3062,3063,four_layer_exact,high,0.9945054945054944,0.931740614334471,0.3684350711820774,0.0054945054945054,Q,Q,matches_consensus,True,False,,0.03554328115101412,buried_core,False,False,False,False,18.730533603737673,True,True,unassigned_manual_review,,not_annotated_no_domain_boundaries,,True,False
9M8Q,A,VI-D,ternary,892,893,R,840.0,R,893.0,,ARG,True,3063,3064,four_layer_exact,high,0.9945054945054944,0.5870307167235495,1.465201573163282,0.0054945054945054,R,K;R;S,matches_consensus,True,False,,0.12771835360170594,buried_core,False,False,False,False,22.52943183950891,True,True,unassigned_manual_review,,not_annotated_no_domain_boundaries,,True,False
9M8Q,A,VI-D,ternary,893,894,I,841.0,I,894.0,,ILE,True,3080,3081,four_layer_exact,high,0.9615384615384616,0.1067615658362989,2.7734581905670805,0.0384615384615384,H,A;H;I;L;M;Q;S;Y,differs_from_consensus,True,True,scaffold_differs_from_msa_consensus,0.09739026530285008,buried_core,False,False,False,False,21.421651473568605,True,True,unassigned_manual_review,,not_annotated_no_domain_boundaries,,True,False
9M8Q,A,VI-D,ternary,894,895,I,842.0,I,895.0,,ILE,True,3081,3082,four_layer_exact,high,0.989010989010989,0.5773195876288659,1.2142087209349026,0.0109890109890109,L,I;L;M;V,differs_from_consensus,True,True,scaffold_differs_from_msa_consensus,0.012260184934415394,buried_core,False,False,False,False,20.518224034958152,True,True,unassigned_manual_review,,not_annotated_no_domain_boundaries,,True,False
9M8Q,A,VI-D,ternary,895,896,M,843.0,M,896.0,,MET,True,3091,3092,four_layer_exact,high,0.8131868131868132,0.1746724890829694,2.4703232462616773,0.1868131868131868,L,A;F;I;L;M;Q;V;Y,differs_from_consensus,True,True,scaffold_differs_from_msa_consensus,0.021918218745670216,buried_core,False,False,False,False,24.879675503467244,True,True,unassigned_manual_review,,not_annotated_no_domain_boundaries,,True,False
9M8Q,A,VI-D,ternary,896,897,N,844.0,N,897.0,,ASN,True,3092,3093,four_layer_exact,high,0.7967032967032966,0.2690582959641255,2.1311032502971,0.2032967032967033,D,D;E;G;K;N;S,differs_from_consensus,False,True,scaffold_differs_from_msa_consensus,0.4420304639404935,surface,False,False,False,False,26.948601095324104,True,False,unassigned_manual_review,,not_annotated_no_domain_boundaries,,False,False
9M8Q,A,VI-D,ternary,897,898,E,845.0,E,898.0,,GLU,True,3093,3094,four_layer_exact,high,0.7307692307692307,0.2512562814070351,2.329051546329626,0.2692307692307693,K,E;K;N;Q;R;S,differs_from_consensus,False,True,scaffold_differs_from_msa_consensus,0.40689276913192396,surface,False,False,False,False,24.57739785185748,True,False,unassigned_manual_review,,not_annotated_no_domain_boundaries,,False,False
9M8Q,A,VI-D,ternary,898,899,R,846.0,R,899.0,,ARG,True,3094,3095,four_layer_exact,high,0.6538461538461539,0.1871345029239766,2.4048458984399383,0.3461538461538461,F,F;I;L;V;Y,differs_from_consensus,False,True,scaffold_differs_from_msa_consensus,0.2226156402920295,surface,False,False,False,False,25.619798655839936,True,False,unassigned_manual_review,,not_annotated_no_domain_boundaries,,False,False
9M8Q,A,VI-D,ternary,899,900,Y,847.0,Y,900.0,,TYR,True,3110,3111,four_layer_exact,high,0.5604395604395604,0.2028985507246377,2.321079322969002,0.4395604395604395,K,A;K;N;S;T,differs_from_consensus,False,True,scaffold_differs_from_msa_consensus,0.5460090898791671,surface,False,False,False,False,30.159395318384806,True,False,unassigned_manual_review,,not_annotated_no_domain_boundaries,,False,False
9M8Q,A,VI-D,ternary,900,901,E,848.0,E,901.0,,GLU,True,3111,3112,four_layer_exact,high,0.6483516483516484,0.4078431372549019,1.7946383577714922,0.3516483516483516,D,D;E;N;S,differs_from_consensus,False,True,scaffold_differs_from_msa_consensus,0.4592146282550969,surface,False,False,False,False,31.176344176698514,True,False,unassigned_manual_review,,not_annotated_no_domain_boundaries,,False,False
9M8Q,A,VI-D,ternary,901,902,K,849.0,K,902.0,,LYS,True,3112,3113,four_layer_exact,high,0.6538461538461539,0.1962209302325581,2.5776045604077606,0.3461538461538461,K,E;H;K;N;P;R;S;Y,matches_consensus,False,False,,0.770282683205033,surface,False,False,False,False,30.674371877722056,True,False,unassigned_manual_review,,not_annotated_no_domain_boundaries,,False,False
9M8Q,A,VI-D,ternary,902,903,S,850.0,S,903.0,,SER,True,3113,3114,four_layer_exact,high,0.6538461538461539,0.1511627906976744,2.5844502358479784,0.3461538461538461,S,A;E;G;K;S;T,matches_consensus,False,False,,0.20316829676478976,surface,False,False,False,False,28.777999539941757,True,False,unassigned_manual_review,,not_annotated_no_domain_boundaries,,False,False
9M8Q,A,VI-D,ternary,903,904,S,851.0,S,904.0,,SER,True,3114,3115,four_layer_exact,high,0.6428571428571429,0.2731152204836415,2.4580433833576945,0.3571428571428571,K,E;K;N;S;Y,differs_from_consensus,False,True,scaffold_differs_from_msa_consensus,0.7726128947143228,surface,False,False,False,False,28.00892339055623,True,False,unassigned_manual_review,,not_annotated_no_domain_boundaries,,False,False
9M8Q,A,VI-D,ternary,904,905,G,852.0,G,905.0,,GLY,True,3115,3116,four_layer_exact,high,0.6208791208791209,0.1630276564774381,2.346655743484709,0.3791208791208791,D,D;E;G;K;N;P;S,differs_from_consensus,False,True,scaffold_differs_from_msa_consensus,0.40620865509208026,surface,False,False,False,False,26.310394212849815,True,False,unassigned_manual_review,,not_annotated_no_domain_boundaries,,False,False
9M8Q,A,VI-D,ternary,905,906,K,853.0,K,906.0,,LYS,True,3116,3117,four_layer_exact,high,0.6373626373626373,0.1176470588235294,2.7959902884656938,0.3626373626373627,E,A;D;E;G;K;L;S;T,differs_from_consensus,False,True,scaffold_differs_from_msa_consensus,0.3734341965789142,surface,False,False,False,False,20.20804394322316,True,False,unassigned_manual_review,,not_annotated_no_domain_boundaries,,False,False
9M8Q,A,VI-D,ternary,906,907,V,854.0,V,907.0,,VAL,True,3165,3166,four_layer_exact,high,0.5989010989010989,0.1958925750394944,2.473618564339416,0.4010989010989011,E,A;D;E;G;K;N;P;S,differs_from_consensus,False,True,scaffold_differs_from_msa_consensus,0.08197390210246194,buried_core,False,False,False,False,24.68797051165854,True,True,unassigned_manual_review,,not_annotated_no_domain_boundaries,,False,False
9M8Q,A,VI-D,ternary,907,908,S,855.0,S,908.0,,SER,True,3166,3167,four_layer_exact,high,0.6593406593406593,0.296137339055794,2.3562313700238597,0.3406593406593406,K,A;F;I;K;L;R;V,differs_from_consensus,False,True,scaffold_differs_from_msa_consensus,0.2973589196545279,surface,False,False,False,False,27.77581319352724,True,False,unassigned_manual_review,,not_annotated_no_domain_boundaries,,False,False
9M8Q,A,VI-D,ternary,908,909,E,856.0,E,909.0,,GLU,True,3169,3170,four_layer_exact,high,0.9505494505494504,0.2888086642599278,2.253735962896384,0.0494505494505495,E,D;E;G;K;P;Q;R,matches_consensus,True,False,,0.349415260619162,surface,False,False,False,False,23.666091580655486,True,False,unassigned_manual_review,,not_annotated_no_domain_boundaries,,True,False
9M8Q,A,VI-D,ternary,909,910,Y,857.0,Y,910.0,,TYR,True,3170,3171,four_layer_exact,high,0.9615384615384616,0.69105871886121,1.358622346108025,0.0384615384615384,Y,F;Y,matches_consensus,True,False,,0.05555062080875036,buried_core,False,False,False,False,19.859215633170876,True,True,unassigned_manual_review,,not_annotated_no_domain_boundaries,,True,False
9M8Q,A,VI-D,ternary,910,911,F,858.0,F,911.0,,PHE,True,3171,3172,four_layer_exact,high,0.9725274725274724,0.2736842105263158,2.3840711075667165,0.0274725274725274,F,A;F;K;L;R;S;Y,matches_consensus,True,False,,0.08050854773599442,buried_core,False,False,False,False,23.331134135339056,True,True,unassigned_manual_review,,not_annotated_no_domain_boundaries,,True,False
9M8Q,A,VI-D,ternary,911,912,D,859.0,D,912.0,,ASP,True,3185,3186,four_layer_exact,high,0.9725274725274724,0.2280701754385964,2.121004101676971,0.0274725274725274,E,A;D;E;K;N;S,differs_from_consensus,True,True,scaffold_differs_from_msa_consensus,0.45409836852048296,surface,False,False,False,False,28.92442759262136,True,False,unassigned_manual_review,,not_annotated_no_domain_boundaries,,True,False
9M8Q,A,VI-D,ternary,912,913,A,860.0,A,913.0,,ALA,True,3186,3187,four_layer_exact,high,0.9725274725274724,0.175438596491228,2.509953448043905,0.0274725274725274,K,A;D;E;K;L;N;Q;S,differs_from_consensus,True,True,scaffold_differs_from_msa_consensus,0.1957066102597902,buried_core,False,False,False,False,25.774167521903077,True,True,unassigned_manual_review,,not_annotated_no_domain_boundaries,,True,False
9M8Q,A,VI-D,ternary,913,914,V,861.0,V,914.0,,VAL,True,3192,3193,four_layer_exact,high,0.967032967032967,0.4522968197879858,1.411107694756027,0.0329670329670329,L,I;L;V,differs_from_consensus,True,True,scaffold_differs_from_msa_consensus,0.006157810483119083,buried_core,False,False,False,False,23.53622625946803,True,True,unassigned_manual_review,,not_annotated_no_domain_boundaries,,True,False
9M8Q,A,VI-D,ternary,914,915,N,862.0,N,915.0,,ASN,True,3193,3194,four_layer_exact,high,0.9615384615384616,0.1708185053380783,2.4935338041618795,0.0384615384615384,E,D;E;K;L;N;R;S,differs_from_consensus,True,True,scaffold_differs_from_msa_consensus,0.41778258853180467,surface,False,False,False,False,27.75893666564077,True,False,unassigned_manual_review,,not_annotated_no_domain_boundaries,,True,False
9M8Q,A,VI-D,ternary,915,916,D,863.0,D,916.0,,ASP,True,3205,3206,four_layer_exact,high,0.934065934065934,0.4534313725490196,1.743901500804819,0.0659340659340659,K,E;K;N;Q;R;S;T,differs_from_consensus,True,True,scaffold_differs_from_msa_consensus,0.612480020439223,surface,False,False,False,False,29.137119943972298,True,False,unassigned_manual_review,,not_annotated_no_domain_boundaries,,True,False
9M8Q,A,VI-D,ternary,916,917,E,864.0,E,917.0,,GLU,True,3206,3207,four_layer_exact,high,0.912087912087912,0.4924242424242424,1.7660496347280823,0.0879120879120879,Y,F;H;N;Y,differs_from_consensus,True,True,scaffold_differs_from_msa_consensus,0.4836885084738463,surface,False,False,False,False,23.89268353238788,True,False,unassigned_manual_review,,not_annotated_no_domain_boundaries,,True,False
9M8Q,A,VI-D,ternary,917,918,K,865.0,K,918.0,,LYS,True,3213,3214,four_layer_exact,high,0.978021978021978,0.3484320557491289,1.8051593138252695,0.021978021978022,G,G;H;K;N;R,differs_from_consensus,True,True,scaffold_differs_from_msa_consensus,0.3390679418099637,surface,False,False,False,False,23.346574912780746,True,False,unassigned_manual_review,,not_annotated_no_domain_boundaries,,True,False
9M8Q,A,VI-D,ternary,918,919,K,866.0,K,919.0,,LYS,True,3214,3215,four_layer_exact,high,0.978021978021978,0.5470383275261324,1.7377392265940013,0.021978021978022,T,S;T,differs_from_consensus,True,True,scaffold_differs_from_msa_consensus,0.2177043837938059,surface,False,False,False,False,19.122782928044227,True,False,unassigned_manual_review,,not_annotated_no_domain_boundaries,,True,False
9M8Q,A,VI-D,ternary,919,920,Y,867.0,Y,920.0,,TYR,True,3215,3216,four_layer_exact,high,0.989010989010989,0.7800687285223368,0.9399261397042378,0.0109890109890109,Y,P;Y,matches_consensus,True,False,,0.07852543429580977,buried_core,False,False,False,False,14.969313870955338,True,True,unassigned_manual_review,,not_annotated_no_domain_boundaries,,True,False
9M8Q,A,VI-D,ternary,920,921,N,868.0,N,921.0,,ASN,True,3216,3217,four_layer_exact,high,0.989010989010989,0.3608247422680412,1.6287875860541623,0.0109890109890109,S,C;D;N;S;V,differs_from_consensus,True,True,scaffold_differs_from_msa_consensus,0.12694463818821541,buried_core,False,False,False,False,18.491854557481226,True,True,unassigned_manual_review,,not_annotated_no_domain_boundaries,,True,False
9M8Q,A,VI-D,ternary,921,922,D,869.0,D,922.0,,ASP,True,3217,3218,four_layer_exact,high,0.989010989010989,0.7250859106529209,1.145474998418898,0.0109890109890109,K,K;R,differs_from_consensus,True,True,scaffold_differs_from_msa_consensus,0.4217236213956366,surface,False,False,False,False,13.512841156770513,True,False,unassigned_manual_review,,not_annotated_no_domain_boundaries,,True,False
9M8Q,A,VI-D,ternary,922,923,R,870.0,R,923.0,,ARG,True,3218,3219,four_layer_exact,high,0.9945054945054944,0.7337883959044369,1.124333275233936,0.0054945054945054,D,D;N,differs_from_consensus,True,True,scaffold_differs_from_msa_consensus,0.4185851172243069,surface,False,False,False,False,14.269080354134243,True,False,unassigned_manual_review,,not_annotated_no_domain_boundaries,,True,False
9M8Q,A,VI-D,ternary,923,924,L,871.0,L,924.0,,LEU,True,3219,3220,four_layer_exact,high,0.9945054945054944,0.4163822525597269,1.4008498795579936,0.0054945054945054,F,A;F;L;M,differs_from_consensus,True,True,scaffold_differs_from_msa_consensus,0.01802430173193905,buried_core,False,False,False,False,17.61173550276571,True,True,unassigned_manual_review,,not_annotated_no_domain_boundaries,,True,False
9M8Q,A,VI-D,ternary,924,925,L,872.0,L,925.0,,LEU,True,3220,3221,four_layer_exact,high,0.9945054945054944,0.4607508532423208,1.434370393272457,0.0054945054945054,V,I;L;M;V,differs_from_consensus,True,True,scaffold_differs_from_msa_consensus,0.01802430173193905,buried_core,False,False,False,False,13.314127094749338,True,True,unassigned_manual_review,,not_annotated_no_domain_boundaries,,True,False
9M8Q,A,VI-D,ternary,925,926,K,873.0,K,926.0,,LYS,True,3221,3222,four_layer_exact,high,0.9945054945054944,0.6245733788395904,1.2722698224800089,0.0054945054945054,K,H;K;W,matches_consensus,True,False,,0.19618314293338798,buried_core,False,False,False,False,12.620192195887421,True,True,unassigned_manual_review,,not_annotated_no_domain_boundaries,,True,False
9M8Q,A,VI-D,ternary,926,927,L,874.0,L,927.0,,LEU,True,3222,3223,four_layer_exact,high,0.9945054945054944,0.4914675767918088,1.6026506977934307,0.0054945054945054,A,A;I;L;V,differs_from_consensus,True,True,scaffold_differs_from_msa_consensus,0.07141974826120298,buried_core,False,False,False,False,16.588523245982888,True,True,unassigned_manual_review,,not_annotated_no_domain_boundaries,,True,False
9M8Q,A,VI-D,ternary,927,928,L,875.0,L,928.0,,LEU,True,3223,3224,four_layer_exact,high,0.9945054945054944,0.7133105802047781,1.0995162720432474,0.0054945054945054,L,I;L;Y,matches_consensus,True,False,,0.09477469190390184,buried_core,False,False,False,False,13.622543796817862,True,True,unassigned_manual_review,,not_annotated_no_domain_boundaries,,True,False
9M8Q,A,VI-D,ternary,928,929,C,876.0,C,929.0,,CYS,True,3224,3225,four_layer_exact,high,0.9945054945054944,0.5938566552901023,1.162126883169962,0.0054945054945054,N,C;F;N;Y,differs_from_consensus,True,True,scaffold_differs_from_msa_consensus,0.007705367370720836,buried_core,False,False,False,False,11.120895447347314,True,True,unassigned_manual_review,,not_annotated_no_domain_boundaries,,True,False
9M8Q,A,VI-D,ternary,929,930,V,877.0,V,930.0,,VAL,True,3225,3226,four_layer_exact,high,0.9945054945054944,0.2798634812286689,1.9470579621542503,0.0054945054945054,V,A;I;L;S;T;V,matches_consensus,True,False,,0.020038594575531917,buried_core,False,False,False,False,13.386408204476824,True,True,unassigned_manual_review,,not_annotated_no_domain_boundaries,,True,False
9M8Q,A,VI-D,ternary,930,931,P,878.0,P,931.0,,PRO,True,3243,3244,four_layer_exact,high,0.9945054945054944,0.9112627986348124,0.4798990182367803,0.0054945054945054,P,P,matches_consensus,True,False,,0.007595146012829662,buried_core,False,False,False,False,11.531094518358096,True,True,unassigned_manual_review,,not_annotated_no_domain_boundaries,,True,False
9M8Q,A,VI-D,ternary,931,932,F,879.0,F,932.0,,PHE,True,3244,3245,four_layer_exact,high,0.9945054945054944,0.8225255972696246,0.6470827085570559,0.0054945054945054,F,F;L,matches_consensus,True,False,,0.01955976530076029,buried_core,False,False,False,False,8.054274224524384,True,True,unassigned_manual_review,,not_annotated_no_domain_boundaries,,True,False
9M8Q,A,VI-D,ternary,932,933,G,880.0,G,933.0,,GLY,True,3271,3272,four_layer_exact,high,0.9945054945054944,0.5426621160409556,0.8563680260277136,0.0054945054945054,A,A;G,differs_from_consensus,True,True,scaffold_differs_from_msa_consensus,0.0,buried_core,False,False,False,False,10.571692015938835,True,True,unassigned_manual_review,,not_annotated_no_domain_boundaries,,True,False
9M8Q,A,VI-D,ternary,933,934,Y,881.0,Y,934.0,,TYR,True,3272,3273,four_layer_exact,high,0.9945054945054944,1.0,-0.0,0.0054945054945054,Y,Y,matches_consensus,True,False,,0.022440957749895005,buried_core,False,True,False,False,7.944715911064151,True,True,unassigned_manual_review,,not_annotated_no_domain_boundaries,,True,False
9M8Q,A,VI-D,ternary,934,935,C,882.0,C,935.0,,CYS,True,3273,3274,four_layer_exact,high,0.9945054945054944,0.8703071672354948,0.5843109063318744,0.0054945054945054,N,C;N,differs_from_consensus,True,True,scaffold_differs_from_msa_consensus,0.037104654790062926,buried_core,True,False,True,False,3.799198218750187,True,True,unassigned_manual_review,,not_annotated_no_domain_boundaries,,True,False
9M8Q,A,VI-D,ternary,935,936,I,883.0,I,936.0,,ILE,True,3274,3275,four_layer_exact,high,0.9945054945054944,0.6484641638225256,1.366584549574924,0.0054945054945054,L,I;L;V,differs_from_consensus,True,True,scaffold_differs_from_msa_consensus,0.012260184934415394,buried_core,True,False,True,False,4.804965080528451,True,True,unassigned_manual_review,,not_annotated_no_domain_boundaries,,True,False
9M8Q,A,VI-D,ternary,936,937,P,884.0,P,937.0,,PRO,True,3275,3276,four_layer_exact,high,0.9945054945054944,0.5733788395904437,1.029467248822873,0.0054945054945054,P,A;P,matches_consensus,True,False,,0.015190292025659325,buried_core,True,False,True,False,3.3793918953130038,True,True,unassigned_manual_review,,not_annotated_no_domain_boundaries,,True,False
9M8Q,A,VI-D,ternary,937,938,R,885.0,R,938.0,,ARG,True,3281,3282,four_layer_exact,high,0.9945054945054944,1.0,-0.0,0.0054945054945054,R,R,matches_consensus,True,False,,0.03234579209869404,buried_core,True,False,True,False,3.270388962629922,True,True,unassigned_manual_review,,not_annotated_no_domain_boundaries,,True,False
9M8Q,A,VI-D,ternary,938,939,F,886.0,F,939.0,,PHE,True,3282,3283,four_layer_exact,high,0.9945054945054944,0.7337883959044369,0.6111992156029766,0.0054945054945054,Y,F;Y,differs_from_consensus,True,True,scaffold_differs_from_msa_consensus,0.03522248963449756,buried_core,False,True,False,False,5.608737826892926,True,True,unassigned_manual_review,,not_annotated_no_domain_boundaries,,True,False
9M8Q,A,VI-D,ternary,939,940,K,887.0,K,940.0,,LYS,True,3283,3284,four_layer_exact,high,0.9945054945054944,0.9112627986348124,0.4533576770844879,0.0054945054945054,K,K,matches_consensus,True,False,,0.09480820778869435,buried_core,True,False,True,False,3.4829201901046787,True,True,unassigned_manual_review,,not_annotated_no_domain_boundaries,,True,False
9M8Q,A,VI-D,ternary,940,941,N,888.0,N,941.0,,ASN,True,3284,3285,four_layer_exact,high,0.9945054945054944,0.8805460750853242,0.5454137059640182,0.0054945054945054,N,N,matches_consensus,True,False,,0.04709095946854465,buried_core,True,False,True,False,2.764210029378541,True,True,unassigned_manual_review,,not_annotated_no_domain_boundaries,,True,False
9M8Q,A,VI-D,ternary,941,942,L,889.0,L,942.0,,LEU,True,3285,3286,four_layer_exact,high,0.9945054945054944,0.9795221843003412,0.1223900868110231,0.0054945054945054,L,L,matches_consensus,True,False,,0.012016201154626033,buried_core,False,True,False,False,5.525780534020331,True,True,unassigned_manual_review,,not_annotated_no_domain_boundaries,,True,False
9M8Q,A,VI-D,ternary,942,943,S,890.0,S,943.0,,SER,True,3286,3287,four_layer_exact,high,0.9945054945054944,0.6075085324232082,0.7385756362529033,0.0054945054945054,S,S;T,matches_consensus,True,False,,0.08383017729503123,buried_core,False,False,False,False,8.725435152255946,True,True,unassigned_manual_review,,not_annotated_no_domain_boundaries,,True,False
9M8Q,A,VI-D,ternary,943,944,I,891.0,I,944.0,,ILE,True,3291,3292,four_layer_exact,high,0.9945054945054944,0.676905574516496,1.2826502550317684,0.0054945054945054,I,I;N;V,matches_consensus,True,False,,0.34941527063083877,surface,False,True,False,False,7.197545141562942,True,False,unassigned_manual_review,,not_annotated_no_domain_boundaries,,True,False
9M8Q,A,VI-D,ternary,944,945,E,892.0,E,945.0,,GLU,True,3292,3293,four_layer_exact,high,0.9945054945054944,0.4914675767918088,1.6634119131836618,0.0054945054945054,E,A;D;E;K;N,matches_consensus,True,False,,0.25481596074289253,surface,False,False,False,False,8.886015371439246,True,False,unassigned_manual_review,,not_annotated_no_domain_boundaries,,True,False
9M8Q,A,VI-D,ternary,945,946,A,893.0,A,946.0,,ALA,True,3293,3294,four_layer_exact,high,0.9945054945054944,0.2116040955631399,2.1916698208890306,0.0054945054945054,E,A;D;E;G;K;Q,differs_from_consensus,True,True,scaffold_differs_from_msa_consensus,0.2819321747292382,surface,False,True,False,False,6.278858894417656,True,False,unassigned_manual_review,,not_annotated_no_domain_boundaries,,True,False
9M8Q,A,VI-D,ternary,946,947,L,894.0,L,947.0,,LEU,True,3294,3295,four_layer_exact,high,0.9945054945054944,0.78839590443686,0.920485964506321,0.0054945054945054,L,I;L,matches_consensus,True,False,,0.14283949652240596,buried_core,True,False,True,False,3.434043934170197,True,True,unassigned_manual_review,,not_annotated_no_domain_boundaries,,True,False
9M8Q,A,VI-D,ternary,947,948,F,895.0,F,948.0,,PHE,True,3295,3296,four_layer_exact,high,0.9945054945054944,0.9522184300341296,0.2299796848520801,0.0054945054945054,F,F,matches_consensus,True,False,,0.11516366573725367,buried_core,True,False,True,False,2.9869752618020486,True,True,unassigned_manual_review,,not_annotated_no_domain_boundaries,,True,False
9M8Q,A,VI-D,ternary,948,949,D,896.0,D,949.0,,ASP,True,3303,3304,four_layer_exact,high,0.9725274725274724,0.7590643274853801,0.9431207284312612,0.0274725274725274,D,D;Y,matches_consensus,True,False,,0.22497892353457227,surface,True,False,True,False,2.9660547583491677,True,False,unassigned_manual_review,,not_annotated_no_domain_boundaries,,True,False
9M8Q,A,VI-D,ternary,949,950,R,897.0,R,950.0,,ARG,True,3304,3305,four_layer_exact,high,0.9835164835164836,0.4152249134948096,1.800919381742992,0.0164835164835165,R,D;E;K;M;R,matches_consensus,True,False,,0.40116656822214497,surface,True,False,True,False,3.291525320526134,True,False,unassigned_manual_review,,not_annotated_no_domain_boundaries,,True,False
9M8Q,A,VI-D,ternary,950,951,N,898.0,N,951.0,,ASN,True,3316,3317,four_layer_exact,high,0.945054945054945,0.6836363636363636,1.2332013883339008,0.0549450549450549,N,D;E;N,matches_consensus,True,False,,0.6518055284966796,surface,True,False,True,False,4.985830088892509,True,False,unassigned_manual_review,,not_annotated_no_domain_boundaries,,True,False
9M8Q,A,VI-D,ternary,951,952,E,899.0,E,952.0,,GLU,True,3317,3318,four_layer_exact,high,0.8956043956043956,0.2996108949416342,2.244778911930258,0.1043956043956043,E,A;D;E;K;N;R;S,matches_consensus,True,False,,0.22484268736438567,surface,False,True,False,False,7.056493566782503,True,False,unassigned_manual_review,,not_annotated_no_domain_boundaries,,True,False
9M8Q,A,VI-D,ternary,952,953,A,900.0,A,953.0,,ALA,True,3411,3412,four_layer_exact,high,0.7912087912087912,0.4106735159817352,2.0263891856972456,0.2087912087912088,P,A;E;K;P;T,differs_from_consensus,False,True,scaffold_differs_from_msa_consensus,0.5052413538189596,surface,False,True,False,False,6.032991373033777,True,False,unassigned_manual_review,,not_annotated_no_domain_boundaries,,False,False
9M8Q,A,VI-D,ternary,953,954,A,901.0,A,954.0,,ALA,True,3412,3413,four_layer_exact,high,0.7967032967032966,0.2986425339366516,2.22573897823122,0.2032967032967033,E,D;E;G;K;R,differs_from_consensus,False,True,scaffold_differs_from_msa_consensus,0.8290460392274023,surface,False,False,False,False,8.90274795941202,True,False,unassigned_manual_review,,not_annotated_no_domain_boundaries,,False,False
9M8Q,A,VI-D,ternary,954,955,K,902.0,K,955.0,,LYS,True,3413,3414,four_layer_exact,high,0.7912087912087912,0.1963470319634703,2.3631954098400354,0.2087912087912088,K,A;D;E;K;P;Q;T;V,matches_consensus,False,False,,0.5795518541929497,surface,False,False,False,False,10.444625482139287,True,False,unassigned_manual_review,,not_annotated_no_domain_boundaries,,False,False
9M8Q,A,VI-D,ternary,955,956,F,903.0,F,956.0,,PHE,True,3414,3415,four_layer_exact,high,0.7582417582417582,0.3561208267090619,2.2090170498338395,0.2417582417582418,K,A;D;E;G;K;N;S,differs_from_consensus,False,True,scaffold_differs_from_msa_consensus,0.5369679278554054,surface,False,True,False,False,7.3280722028193,True,False,unassigned_manual_review,,not_annotated_no_domain_boundaries,,False,False
9M8Q,A,VI-D,ternary,956,957,D,,,,,,False,3423,3424,full_msa_only_unresolved_coordinate,medium,0.7417582417582418,0.309328968903437,2.1549634450683137,0.2582417582417582,E,D;E;G;K;R,differs_from_consensus,False,True,unresolved_terminal;scaffold_differs_from_msa_consensus,,,,,,,,False,False,unassigned_manual_review,,not_annotated_no_domain_boundaries,,False,False
9M8Q,A,VI-D,ternary,957,958,K,,,,,,False,3424,3425,full_msa_only_unresolved_coordinate,medium,0.7252747252747253,0.4328859060402684,1.9501339966491875,0.2747252747252747,K,A;D;E;G;K;N;R;S,matches_consensus,False,True,unresolved_terminal,,,,,,,,False,False,unassigned_manual_review,,not_annotated_no_domain_boundaries,,False,False
9M8Q,A,VI-D,ternary,958,959,E,,,,,,False,3425,3426,full_msa_only_unresolved_coordinate,medium,0.6978021978021978,0.1696113074204946,2.485611810474002,0.3021978021978022,K,A;D;E;G;I;K;N;T,differs_from_consensus,False,True,unresolved_terminal;scaffold_differs_from_msa_consensus,,,,,,,,False,False,unassigned_manual_review,,not_annotated_no_domain_boundaries,,False,False
9M8Q,A,VI-D,ternary,959,960,K,,,,,,False,3426,3427,full_msa_only_unresolved_coordinate,medium,0.6043956043956044,0.2469414893617021,2.33853640986709,0.3956043956043956,E,D;E;G;K;Q;S;T,differs_from_consensus,False,True,unresolved_terminal;scaffold_differs_from_msa_consensus,,,,,,,,False,False,unassigned_manual_review,,not_annotated_no_domain_boundaries,,False,False
9M8Q,A,VI-D,ternary,960,961,K,,,,,,False,3427,3428,full_msa_only_unresolved_coordinate,medium,0.5879120879120879,0.1194690265486725,2.6192127815445048,0.412087912087912,K,A;E;I;K;L;N;S;T;V,matches_consensus,False,True,unresolved_terminal,,,,,,,,False,False,unassigned_manual_review,,not_annotated_no_domain_boundaries,,False,False
9M8Q,A,VI-D,ternary,961,962,K,,,,,,False,3428,3429,full_msa_only_unresolved_coordinate,medium,0.5439560439560439,0.3267326732673267,2.061272798513255,0.4560439560439561,K,A;D;E;K;N;R,matches_consensus,False,True,unresolved_terminal,,,,,,,,False,False,unassigned_manual_review,,not_annotated_no_domain_boundaries,,False,False
9M8Q,A,VI-D,ternary,962,963,V,,,,,,False,3429,3430,full_msa_only_unresolved_coordinate,medium,0.2802197802197802,0.1390728476821192,2.5243953087267244,0.7197802197802198,K,A;D;E;G;K;N;Q;R;S,differs_from_consensus,False,True,unresolved_terminal;scaffold_differs_from_msa_consensus,,,,,,,,False,False,unassigned_manual_review,,not_annotated_no_domain_boundaries,,False,False
9M8Q,A,VI-D,ternary,963,964,S,,,,,,False,3430,3431,full_msa_only_unresolved_coordinate,medium,0.1923076923076923,0.1747572815533981,2.511418547642499,0.8076923076923077,K,A;D;E;K;L;Q;R;S;V,differs_from_consensus,False,True,unresolved_terminal;scaffold_differs_from_msa_consensus,,,,,,,,False,False,unassigned_manual_review,,not_annotated_no_domain_boundaries,,False,False
9M8Q,A,VI-D,ternary,964,965,G,,,,,,False,3431,3432,full_msa_only_unresolved_coordinate,medium,0.1593406593406593,0.2470588235294117,2.409394389349198,0.8406593406593407,E,A;D;E;G;I;K;S,differs_from_consensus,False,True,unresolved_terminal;scaffold_differs_from_msa_consensus,,,,,,,,False,False,unassigned_manual_review,,not_annotated_no_domain_boundaries,,False,False
9M8Q,A,VI-D,ternary,965,966,N,,,,,,False,3432,3433,full_msa_only_unresolved_coordinate,medium,0.1483516483516483,0.189873417721519,2.20406752884953,0.8516483516483516,D,D;E;G;N;P;S;V,differs_from_consensus,False,True,unresolved_terminal;scaffold_differs_from_msa_consensus,,,,,,,,False,False,unassigned_manual_review,,not_annotated_no_domain_boundaries,,False,False
9M8Q,A,VI-D,ternary,966,967,S,,,,,,False,3433,3434,full_msa_only_unresolved_coordinate,medium,0.1318681318681318,0.1857142857142857,2.4022622882213645,0.8681318681318682,D,D;E;N;R;S;T,differs_from_consensus,False,True,unresolved_terminal;scaffold_differs_from_msa_consensus,,,,,,,,False,False,unassigned_manual_review,,not_annotated_no_domain_boundaries,,False,False
