pdb_id,chain_id,subtype,state,full_scaffold_index_0,biological_index_1,full_scaffold_amino_acid,coordinate_index_0,coordinate_amino_acid,pdb_residue_number,pdb_insertion_code,pdb_residue_name,backbone_complete,msa_column_0,msa_column_1,mapping_status,mapping_confidence,msa_coverage,conservation,entropy,gap_fraction,msa_consensus,allowed_residues,scaffold_consensus_status,conservation_constraint_eligible,manual_review_required,decision_reasons
6E9E,A,VI-D,binary,0,1,M,,,,,,False,43,44,full_msa_only_unresolved_coordinate,medium,0.9065934065934066,0.9545920378399684,0.2411828238299522,0.09340659340659341,M,M,matches_consensus,False,True,unresolved_terminal
6E9E,A,VI-D,binary,1,2,G,,,,,,False,44,45,full_msa_only_unresolved_coordinate,medium,0.9065934065934066,0.257311785573512,2.090300057390328,0.09340659340659341,K,A;E;G;K;N;S;T,differs_from_consensus,False,True,unresolved_terminal;scaffold_differs_from_msa_consensus
6E9E,A,VI-D,binary,2,3,K,,,,,,False,46,47,full_msa_only_unresolved_coordinate,medium,0.8571428571428571,0.6467303950596396,1.3013013479555542,0.1428571428571429,K,E;K;N,matches_consensus,False,True,unresolved_terminal
6E9E,A,VI-D,binary,3,4,K,,,,,,False,48,49,full_msa_only_unresolved_coordinate,medium,0.8461538461538461,0.6326425316020294,1.3574115577290657,0.15384615384615385,K,K;N,matches_consensus,False,True,unresolved_terminal
6E9E,A,VI-D,binary,4,5,I,,,,,,False,85,86,full_msa_only_unresolved_coordinate,medium,0.6868131868131868,0.20291467348982087,2.252092333101242,0.3131868131868132,K,E;I;K;L;M;Q;V,differs_from_consensus,False,True,unresolved_terminal;scaffold_differs_from_msa_consensus
6E9E,A,VI-D,binary,5,6,H,,,,,,False,86,87,full_msa_only_unresolved_coordinate,medium,0.6923076923076923,0.31700605393505776,2.042154349993927,0.3076923076923077,N,K;N;S;T,differs_from_consensus,False,True,unresolved_terminal;scaffold_differs_from_msa_consensus
6E9E,A,VI-D,binary,6,7,A,,,,,,False,87,88,full_msa_only_unresolved_coordinate,medium,0.6868131868131868,0.4054956057403493,2.0095076001874896,0.3131868131868132,A,A;I;L;P;V,matches_consensus,False,True,unresolved_terminal
6E9E,A,VI-D,binary,7,8,R,,,,,,False,88,89,full_msa_only_unresolved_coordinate,medium,0.6868131868131868,0.4912671042385137,1.4871320618732518,0.3131868131868132,K,E;K;R,differs_from_consensus,False,True,unresolved_terminal;scaffold_differs_from_msa_consensus
6E9E,A,VI-D,binary,8,9,D,,,,,,False,89,90,full_msa_only_unresolved_coordinate,medium,0.6923076923076923,0.3346175013758943,1.8714192882978082,0.3076923076923077,E,D;E;K;N;Q,differs_from_consensus,False,True,unresolved_terminal;scaffold_differs_from_msa_consensus
6E9E,A,VI-D,binary,9,10,L,,,,,,False,90,91,full_msa_only_unresolved_coordinate,medium,0.6978021978021978,0.20912754601895217,2.2528156864655444,0.30219780219780223,R,I;K;L;N;Q;R,differs_from_consensus,False,True,unresolved_terminal;scaffold_differs_from_msa_consensus
6E9E,A,VI-D,binary,10,11,R,,,,,,False,91,92,full_msa_only_unresolved_coordinate,medium,0.6923076923076923,0.6195927352779307,1.327908461318374,0.3076923076923077,R,E;K;R,matches_consensus,False,True,unresolved_terminal
6E9E,A,VI-D,binary,11,12,E,,,,,,False,92,93,full_msa_only_unresolved_coordinate,medium,0.6703296703296703,0.6248707045167222,1.492874827116403,0.3296703296703297,E,A;E;L;Q,matches_consensus,False,True,unresolved_terminal
6E9E,A,VI-D,binary,12,13,Q,,,,,,False,93,94,full_msa_only_unresolved_coordinate,medium,0.6703296703296703,0.2059533386967015,2.307683563829647,0.3296703296703297,A,A;E;K;L;Q,differs_from_consensus,False,True,unresolved_terminal;scaffold_differs_from_msa_consensus
6E9E,A,VI-D,binary,13,14,R,,,,,,False,94,95,full_msa_only_unresolved_coordinate,medium,0.6648351648351648,0.2789076118535735,2.2748008919849525,0.3351648351648352,K,E;K;N;Q;R,differs_from_consensus,False,True,unresolved_terminal;scaffold_differs_from_msa_consensus
6E9E,A,VI-D,binary,14,15,K,,,,,,False,95,96,full_msa_only_unresolved_coordinate,medium,0.6593406593406593,0.46973792455047597,1.826161900367876,0.34065934065934067,K,A;E;K;N;Q;R,matches_consensus,False,True,unresolved_terminal
6E9E,A,VI-D,binary,15,16,T,,,,,,False,96,97,full_msa_only_unresolved_coordinate,medium,0.6648351648351648,0.26775130737943054,2.2671905430073798,0.3351648351648352,A,A;E;K;L;N;Q;T,differs_from_consensus,False,True,unresolved_terminal;scaffold_differs_from_msa_consensus
6E9E,A,VI-D,binary,16,17,D,,,,,,False,114,115,full_msa_only_unresolved_coordinate,medium,0.6428571428571429,0.3308307692307692,2.037259182880884,0.3571428571428571,K,A;D;E;K;Q;R,differs_from_consensus,False,True,unresolved_terminal;scaffold_differs_from_msa_consensus
6E9E,A,VI-D,binary,17,18,R,,,,,,False,115,116,full_msa_only_unresolved_coordinate,medium,0.6483516483516484,0.3269675221992458,1.7602401767973868,0.3516483516483516,K,K;N;Q;R,differs_from_consensus,False,True,unresolved_terminal;scaffold_differs_from_msa_consensus
6E9E,A,VI-D,binary,18,19,T,,,,,,False,134,135,full_msa_only_unresolved_coordinate,medium,0.5989010989010989,0.37989711119905023,1.9890892013302428,0.4010989010989011,K,K;L;M;N;Q;R,differs_from_consensus,False,True,unresolved_terminal;scaffold_differs_from_msa_consensus
6E9E,A,VI-D,binary,19,20,E,,,,,,False,135,136,full_msa_only_unresolved_coordinate,medium,0.5934065934065934,0.26452905811623245,1.9900688544637355,0.4065934065934066,E,A;D;E;K;N;Q,matches_consensus,False,True,unresolved_terminal
6E9E,A,VI-D,binary,20,21,K,,,,,,False,136,137,full_msa_only_unresolved_coordinate,medium,0.5879120879120879,0.5322777101096224,1.547119004196714,0.41208791208791207,K,A;I;K;Q;R,matches_consensus,False,True,unresolved_terminal
6E9E,A,VI-D,binary,21,22,F,,,,,,False,137,138,full_msa_only_unresolved_coordinate,medium,0.532967032967033,0.1941203919738684,2.4661170037383084,0.46703296703296704,Y,A;F;I;V;W;Y,differs_from_consensus,False,True,unresolved_terminal;scaffold_differs_from_msa_consensus
6E9E,A,VI-D,binary,22,23,A,,,,,,False,138,139,full_msa_only_unresolved_coordinate,medium,0.5659340659340659,0.2740899357601713,2.143495720632917,0.4340659340659341,E,A;D;E;Q;S,differs_from_consensus,False,True,unresolved_terminal;scaffold_differs_from_msa_consensus
6E9E,A,VI-D,binary,23,24,D,,,,,,False,139,140,full_msa_only_unresolved_coordinate,medium,0.554945054945055,0.23954205195948922,1.9931866631548372,0.44505494505494503,A,A;E;K;Q;R;S,differs_from_consensus,False,True,unresolved_terminal;scaffold_differs_from_msa_consensus
6E9E,A,VI-D,binary,24,25,Q,,,,,,False,140,141,full_msa_only_unresolved_coordinate,medium,0.5439560439560439,0.15949252378794743,2.373455206672549,0.4560439560439561,E,A;E;K;N;Q;V,differs_from_consensus,False,True,unresolved_terminal;scaffold_differs_from_msa_consensus
6E9E,A,VI-D,binary,25,26,N,,,,,,False,141,142,full_msa_only_unresolved_coordinate,medium,0.5439560439560439,0.1739918441323063,2.403399988467088,0.4560439560439561,A,A;K;N;Q;R;T;V,differs_from_consensus,False,True,unresolved_terminal;scaffold_differs_from_msa_consensus
6E9E,A,VI-D,binary,26,27,K,,,,,,False,142,143,full_msa_only_unresolved_coordinate,medium,0.5164835164835165,0.37469467513434296,2.0599033831188676,0.48351648351648346,K,A;E;I;K;Q,matches_consensus,False,True,unresolved_terminal
6E9E,A,VI-D,binary,27,28,K,,,,,,False,143,144,full_msa_only_unresolved_coordinate,medium,0.510989010989011,0.33349875930521095,1.989178016047435,0.48901098901098905,A,A;E;K;N,differs_from_consensus,False,True,unresolved_terminal;scaffold_differs_from_msa_consensus
6E9E,A,VI-D,binary,28,29,R,,,,,,False,144,145,full_msa_only_unresolved_coordinate,medium,0.510989010989011,0.19057071960297767,2.212779635081481,0.48901098901098905,E,A;E;I;K;R;T;V,differs_from_consensus,False,True,unresolved_terminal;scaffold_differs_from_msa_consensus
6E9E,A,VI-D,binary,29,30,E,,,,,,False,145,146,full_msa_only_unresolved_coordinate,medium,0.46153846153846156,0.3514765489287782,2.146305822046063,0.5384615384615384,E,A;E;K;Q;T,matches_consensus,False,True,unresolved_terminal
6E9E,A,VI-D,binary,30,31,A,,,,,,False,146,147,full_msa_only_unresolved_coordinate,medium,0.45054945054945056,0.3271196632591702,2.1630455643954396,0.5494505494505495,E,A;E;K;L;N;Q;R,differs_from_consensus,False,True,unresolved_terminal;scaffold_differs_from_msa_consensus
6E9E,A,VI-D,binary,31,32,E,,,,,,False,147,148,full_msa_only_unresolved_coordinate,medium,0.3956043956043956,0.2859270290394639,2.1731240435922814,0.6043956043956045,K,A;E;K;N;Q;R,differs_from_consensus,False,True,unresolved_terminal;scaffold_differs_from_msa_consensus
6E9E,A,VI-D,binary,32,33,R,,,,,,False,163,164,full_msa_only_unresolved_coordinate,medium,0.5,0.48069868995633186,1.812223923705824,0.5,K,E;K;Q;R;S,differs_from_consensus,False,True,unresolved_terminal;scaffold_differs_from_msa_consensus
6E9E,A,VI-D,binary,33,34,A,,,,,,False,164,165,full_msa_only_unresolved_coordinate,medium,0.5,0.2850655021834061,2.0084124506774783,0.5,K,A;K;P;Q;R,differs_from_consensus,False,True,unresolved_terminal;scaffold_differs_from_msa_consensus
6E9E,A,VI-D,binary,34,35,V,,,,,,False,165,166,full_msa_only_unresolved_coordinate,medium,0.5274725274725275,0.34037066881547134,2.195545818080973,0.4725274725274725,E,A;E;K;Q;V,differs_from_consensus,False,True,unresolved_terminal;scaffold_differs_from_msa_consensus
6E9E,A,VI-D,binary,35,36,P,,,,,,False,166,167,full_msa_only_unresolved_coordinate,medium,0.532967032967033,0.3758133629582605,1.9919113494227125,0.46703296703296704,E,A;E;K;Q;T,differs_from_consensus,False,True,unresolved_terminal;scaffold_differs_from_msa_consensus
6E9E,A,VI-D,binary,36,37,K,,,,,,False,167,168,full_msa_only_unresolved_coordinate,medium,0.521978021978022,0.42429202815518086,1.8930849445483797,0.478021978021978,E,A;E;F;K;T,differs_from_consensus,False,True,unresolved_terminal;scaffold_differs_from_msa_consensus
6E9E,A,VI-D,binary,37,38,K,,,,,,False,168,169,full_msa_only_unresolved_coordinate,medium,0.532967032967033,0.18235200761783843,2.4991407924856284,0.46703296703296704,K,A;D;E;K;N;Q;R,matches_consensus,False,True,unresolved_terminal
6E9E,A,VI-D,binary,38,39,D,,,,,,False,169,170,full_msa_only_unresolved_coordinate,medium,0.532967032967033,0.2742421837803523,2.3717483272195796,0.46703296703296704,A,A;E;K;Q;R;T,differs_from_consensus,False,True,unresolved_terminal;scaffold_differs_from_msa_consensus
6E9E,A,VI-D,binary,39,40,A,,,,,,False,170,171,full_msa_only_unresolved_coordinate,medium,0.5054945054945055,0.21388077649888335,2.3220700819939433,0.4945054945054945,A,A;E;K;Q;R;V,matches_consensus,False,True,unresolved_terminal
6E9E,A,VI-D,binary,40,41,A,,,,,,False,171,172,full_msa_only_unresolved_coordinate,medium,0.4835164835164835,0.25786279198087175,2.385896562819295,0.5164835164835164,A,A;E;I;K;N;P;R;S,matches_consensus,False,True,unresolved_terminal
6E9E,A,VI-D,binary,41,42,V,,,,,,False,172,173,full_msa_only_unresolved_coordinate,medium,0.45054945054945056,0.28903517794692446,2.0461419203906415,0.5494505494505495,V,A;E;K;L;T;V,matches_consensus,False,True,unresolved_terminal
6E9E,A,VI-D,binary,42,43,S,,,,,,False,173,174,full_msa_only_unresolved_coordinate,medium,0.42857142857142855,0.171543444270717,2.345762628633072,0.5714285714285714,E,A;D;E;L;N;P;Q;T;V,differs_from_consensus,False,True,unresolved_terminal;scaffold_differs_from_msa_consensus
6E9E,A,VI-D,binary,43,44,V,,,,,,False,174,175,full_msa_only_unresolved_coordinate,medium,0.44505494505494503,0.2216159496327387,2.4488767851240616,0.554945054945055,K,A;E;K;P;Q;T;V,differs_from_consensus,False,True,unresolved_terminal;scaffold_differs_from_msa_consensus
6E9E,A,VI-D,binary,44,45,K,,,,,,False,202,203,full_msa_only_unresolved_coordinate,medium,0.24725274725274726,0.2651356993736952,2.0626503752120544,0.7527472527472527,K,A;D;E;H;I;K;L;N;T,matches_consensus,False,True,unresolved_terminal
6E9E,A,VI-D,binary,45,46,S,,,,,,False,203,204,full_msa_only_unresolved_coordinate,medium,0.24725274725274726,0.1336116910229645,2.5227942781938166,0.7527472527472527,T,D;E;H;K;M;N;P;Q;R;S;T;V;Y,differs_from_consensus,False,True,unresolved_terminal;scaffold_differs_from_msa_consensus
6E9E,A,VI-D,binary,46,47,V,,,,,,False,204,205,full_msa_only_unresolved_coordinate,medium,0.24725274725274726,0.20041753653444677,2.047475906534647,0.7527472527472527,E,A;E;G;H;K;M;P;Q;V,differs_from_consensus,False,True,unresolved_terminal;scaffold_differs_from_msa_consensus
6E9E,A,VI-D,binary,47,48,S,,,,,,False,205,206,full_msa_only_unresolved_coordinate,medium,0.2857142857142857,0.27311522048364156,2.0507821981669148,0.7142857142857143,E,D;E;L;N;P;R;S,differs_from_consensus,False,True,unresolved_terminal;scaffold_differs_from_msa_consensus
6E9E,A,VI-D,binary,48,49,S,,,,,,False,206,207,full_msa_only_unresolved_coordinate,medium,0.2967032967032967,0.20860495436766624,2.3155516046151385,0.7032967032967032,K,A;I;K;M;S;T,differs_from_consensus,False,True,unresolved_terminal;scaffold_differs_from_msa_consensus
6E9E,A,VI-D,binary,49,50,V,,,,,,False,207,208,full_msa_only_unresolved_coordinate,medium,0.3131868131868132,0.1853997682502897,2.3434011475400687,0.6868131868131868,T,I;R;S;T;V,differs_from_consensus,False,True,unresolved_terminal;scaffold_differs_from_msa_consensus
6E9E,A,VI-D,binary,50,51,S,,,,,,False,208,209,full_msa_only_unresolved_coordinate,medium,0.489010989010989,0.16958134605193428,2.3723055645212225,0.510989010989011,K,A;E;G;K;N;Q;R;S;T,differs_from_consensus,False,True,unresolved_terminal;scaffold_differs_from_msa_consensus
6E9E,A,VI-D,binary,51,52,S,,,,,,False,209,210,full_msa_only_unresolved_coordinate,medium,0.510989010989011,0.14292803970223325,2.495483588447493,0.48901098901098905,K,D;E;I;K;N;P;R,differs_from_consensus,False,True,unresolved_terminal;scaffold_differs_from_msa_consensus
6E9E,A,VI-D,binary,52,53,K,,,,,,False,210,211,full_msa_only_unresolved_coordinate,medium,0.554945054945055,0.18189977561705312,2.4667057457826633,0.44505494505494503,P,E;K;P;R;S;T;V,differs_from_consensus,False,True,unresolved_terminal;scaffold_differs_from_msa_consensus
6E9E,A,VI-D,binary,53,54,K,,,,,,False,211,212,full_msa_only_unresolved_coordinate,medium,0.5659340659340659,0.22291696960884108,2.3949013648213855,0.4340659340659341,K,D;E;K;L;N;S;V,matches_consensus,False,True,unresolved_terminal
6E9E,A,VI-D,binary,54,55,D,,,,,,False,212,213,full_msa_only_unresolved_coordinate,medium,0.5769230769230769,0.21728674494270764,2.4714785036181066,0.42307692307692313,K,A;E;K;P;Q;S;T,differs_from_consensus,False,True,unresolved_terminal;scaffold_differs_from_msa_consensus
6E9E,A,VI-D,binary,55,56,N,,,,,,False,213,214,full_msa_only_unresolved_coordinate,medium,0.5769230769230769,0.13580421558919226,2.538586018114439,0.42307692307692313,S,E;G;K;N;Q;R;S;T;V,differs_from_consensus,False,True,unresolved_terminal;scaffold_differs_from_msa_consensus
6E9E,A,VI-D,binary,56,57,V,,,,,,False,214,215,full_msa_only_unresolved_coordinate,medium,0.7747252747252747,0.1587515653597919,2.5628205194091347,0.22527472527472525,K,E;G;K;N;R;S;T;V,differs_from_consensus,False,True,unresolved_terminal;scaffold_differs_from_msa_consensus
6E9E,A,VI-D,binary,57,58,T,0.0,T,58.0,,THR,True,215,216,four_layer_exact,high,0.8681318681318682,0.5127778240239741,1.9045604964317486,0.13186813186813184,K,K;R,differs_from_consensus,True,True,scaffold_differs_from_msa_consensus
6E9E,A,VI-D,binary,60,61,M,3.0,M,61.0,,MET,True,249,250,four_layer_exact,high,0.9505494505494505,0.20694268936296734,2.5093949816418735,0.0494505494505495,K,A;K;L;N;R;S;T,differs_from_consensus,True,True,scaffold_differs_from_msa_consensus
6E9E,A,VI-D,binary,66,67,V,9.0,V,67.0,,VAL,True,255,256,four_layer_exact,high,0.967032967032967,0.5763772651189869,1.08187629296816,0.03296703296703296,L,I;L;V,differs_from_consensus,True,True,scaffold_differs_from_msa_consensus
6E9E,A,VI-D,binary,69,70,V,12.0,V,70.0,,VAL,True,258,259,four_layer_exact,high,0.967032967032967,0.3947310967178516,1.6992246664650792,0.03296703296703296,T,A;I;T;V,differs_from_consensus,True,True,scaffold_differs_from_msa_consensus
6E9E,A,VI-D,binary,71,72,A,14.0,A,72.0,,ALA,True,260,261,four_layer_exact,high,0.9725274725274725,0.3272385632723856,2.1121187202881275,0.027472527472527486,V,A;I;S;V,differs_from_consensus,True,True,scaffold_differs_from_msa_consensus
6E9E,A,VI-D,binary,74,75,N,17.0,N,75.0,,ASN,True,267,268,four_layer_exact,high,0.9395604395604396,0.4560742025488273,1.6173802814414795,0.06043956043956045,D,D;E;G;K;N,differs_from_consensus,True,True,scaffold_differs_from_msa_consensus
6E9E,A,VI-D,binary,75,76,T,18.0,T,76.0,,THR,True,274,275,four_layer_exact,high,0.9560439560439561,0.3200236179791866,2.0036331809104624,0.04395604395604391,K,D;E;K;N;R;S;T,differs_from_consensus,True,True,scaffold_differs_from_msa_consensus
6E9E,A,VI-D,binary,76,77,V,19.0,V,77.0,,VAL,True,280,281,four_layer_exact,high,0.9725274725274725,0.39893040398930396,1.648984130767411,0.027472527472527486,L,I;L;V,differs_from_consensus,True,True,scaffold_differs_from_msa_consensus
6E9E,A,VI-D,binary,77,78,Y,20.0,Y,78.0,,TYR,True,281,282,four_layer_exact,high,0.9725274725274725,0.2671099226710992,1.7819001293843486,0.027472527472527486,L,A;I;L;V;Y,differs_from_consensus,True,True,scaffold_differs_from_msa_consensus
6E9E,A,VI-D,binary,83,84,R,26.0,R,84.0,,ARG,True,313,314,four_layer_exact,high,0.9560439560439561,0.4865303712451103,1.5400904170215637,0.04395604395604391,K,K;N;R,differs_from_consensus,True,True,scaffold_differs_from_msa_consensus
6E9E,A,VI-D,binary,91,92,Q,34.0,Q,92.0,,GLN,True,321,322,four_layer_exact,high,0.978021978021978,0.5133137156391301,1.8214920525862972,0.02197802197802201,K,E;K;Q,differs_from_consensus,True,True,scaffold_differs_from_msa_consensus
6E9E,A,VI-D,binary,94,95,V,37.0,V,95.0,,VAL,True,326,327,four_layer_exact,high,0.9560439560439561,0.15532838126057216,2.5513462977121204,0.04395604395604391,T,A;D;E;I;K;S;T;V,differs_from_consensus,True,True,scaffold_differs_from_msa_consensus
6E9E,A,VI-D,binary,96,97,T,39.0,T,97.0,,THR,True,328,329,four_layer_exact,high,0.9340659340659341,0.1598425792779838,2.5857038994526658,0.06593406593406592,D,A;D;E;G;L;N;R;S,differs_from_consensus,True,True,scaffold_differs_from_msa_consensus
6E9E,A,VI-D,binary,97,98,S,40.0,S,98.0,,SER,True,329,330,four_layer_exact,high,0.9285714285714286,0.17564991995120832,2.452276521386664,0.0714285714285714,E,D;E;G;K;N;S,differs_from_consensus,True,True,scaffold_differs_from_msa_consensus
6E9E,A,VI-D,binary,98,99,H,41.0,H,99.0,,HIS,True,338,339,four_layer_exact,high,0.8791208791208791,0.37755018435067594,1.7146131749936964,0.1208791208791209,I,I;L;V,differs_from_consensus,True,True,scaffold_differs_from_msa_consensus
6E9E,A,VI-D,binary,100,101,P,43.0,P,101.0,,PRO,True,340,341,four_layer_exact,high,0.8736263736263736,0.19027169873647698,2.263293370502574,0.12637362637362637,D,D;E;K;N;P;S;T,differs_from_consensus,True,True,scaffold_differs_from_msa_consensus
6E9E,A,VI-D,binary,101,102,L,44.0,L,102.0,,LEU,True,341,342,four_layer_exact,high,0.8241758241758241,0.29453090262338816,2.073156075079693,0.17582417582417587,I,I;K;L;M;V,differs_from_consensus,True,True,scaffold_differs_from_msa_consensus
6E9E,A,VI-D,binary,103,104,I,46.0,I,104.0,,ILE,True,345,346,four_layer_exact,high,0.6153846153846154,0.19842397623046118,2.3389348701933486,0.3846153846153846,E,D;E;K;N;T,differs_from_consensus,False,True,scaffold_differs_from_msa_consensus
6E9E,A,VI-D,binary,105,106,D,48.0,D,106.0,,ASP,True,354,355,four_layer_exact,high,0.6868131868131868,0.2749576031656303,2.267626693227431,0.3131868131868132,N,D;K;N;Q;S;T,differs_from_consensus,False,True,scaffold_differs_from_msa_consensus
6E9E,A,VI-D,binary,108,109,Y,51.0,Y,109.0,,TYR,True,368,369,four_layer_exact,high,0.967032967032967,0.6322683938577978,1.1105960048903276,0.03296703296703296,F,F;I;L;Y,differs_from_consensus,True,True,scaffold_differs_from_msa_consensus
6E9E,A,VI-D,binary,109,110,Q,52.0,Q,110.0,,GLN,True,378,379,four_layer_exact,high,0.9560439560439561,0.19484832828991067,2.2062077956123254,0.04395604395604391,S,D;E;K;N;R;S;T,differs_from_consensus,True,True,scaffold_differs_from_msa_consensus
6E9E,A,VI-D,binary,110,111,L,53.0,L,111.0,,LEU,True,379,380,four_layer_exact,high,0.9505494505494505,0.3746376272950271,1.7433444770914472,0.0494505494505495,V,A;I;L;V,differs_from_consensus,True,True,scaffold_differs_from_msa_consensus
6E9E,A,VI-D,binary,111,112,N,54.0,N,112.0,,ASN,True,380,381,four_layer_exact,high,0.8736263736263736,0.16252374267074077,2.475165409379496,0.12637362637362637,T,A;D;E;K;N;S;T;V,differs_from_consensus,True,True,scaffold_differs_from_msa_consensus
6E9E,A,VI-D,binary,112,113,V,55.0,V,113.0,,VAL,True,381,382,four_layer_exact,high,0.8626373626373627,0.11278006209616513,2.6742483123405223,0.13736263736263732,K,A;D;E;I;K;L;N;P;S,differs_from_consensus,True,True,scaffold_differs_from_msa_consensus
6E9E,A,VI-D,binary,114,115,T,57.0,T,115.0,,THR,True,436,437,four_layer_exact,high,0.6758241758241759,0.29828350574059337,1.9894706485431206,0.32417582417582413,D,D;E;G;N;S;T,differs_from_consensus,False,True,scaffold_differs_from_msa_consensus
6E9E,A,VI-D,binary,115,116,M,58.0,M,116.0,,MET,True,437,438,four_layer_exact,high,0.6703296703296703,0.22066429146075162,2.1459339161154576,0.3296703296703297,E,A;D;E;K;N;P;R;S;T,differs_from_consensus,False,True,scaffold_differs_from_msa_consensus
6E9E,A,VI-D,binary,116,117,N,59.0,N,117.0,,ASN,True,439,440,four_layer_exact,high,0.945054945054945,0.3126450550273265,2.3974674163023746,0.05494505494505497,K,D;E;K;N;S;T,differs_from_consensus,True,True,scaffold_differs_from_msa_consensus
6E9E,A,VI-D,binary,117,118,G,60.0,G,118.0,,GLY,True,442,443,four_layer_exact,high,0.8901098901098901,0.28264902799064284,2.294952448916504,0.10989010989010994,K,D;E;G;K;N;Q;R;S;T,differs_from_consensus,True,True,scaffold_differs_from_msa_consensus
6E9E,A,VI-D,binary,118,119,Y,61.0,Y,119.0,,TYR,True,447,448,four_layer_exact,high,0.967032967032967,0.3330179754020813,1.6210769632639537,0.03296703296703296,I,F;I;L;V;Y,differs_from_consensus,True,True,scaffold_differs_from_msa_consensus
6E9E,A,VI-D,binary,120,121,V,63.0,V,121.0,,VAL,True,450,451,four_layer_exact,high,0.9505494505494505,0.3139820114472608,1.5433007962640164,0.0494505494505495,I,F;I;L;V,differs_from_consensus,True,True,scaffold_differs_from_msa_consensus
6E9E,A,VI-D,binary,121,122,T,64.0,T,122.0,,THR,True,455,456,four_layer_exact,high,0.9120879120879121,0.2311097305272967,2.379220273785973,0.08791208791208793,K,E;K;Q;R;S;T,differs_from_consensus,True,True,scaffold_differs_from_msa_consensus
6E9E,A,VI-D,binary,123,124,H,66.0,H,124.0,,HIS,True,470,471,four_layer_exact,high,0.6758241758241759,0.29054131708998965,2.1025075571387273,0.32417582417582413,K,G;K;N;R;S;T,differs_from_consensus,False,True,scaffold_differs_from_msa_consensus
6E9E,A,VI-D,binary,125,126,G,68.0,G,126.0,,GLY,True,472,473,four_layer_exact,high,0.5989010989010989,0.18268315889628925,2.6497855246336,0.4010989010989011,I,A;D;G;I;N;P;S;T;V,differs_from_consensus,False,True,scaffold_differs_from_msa_consensus
6E9E,A,VI-D,binary,126,127,E,69.0,E,127.0,,GLU,True,473,474,four_layer_exact,high,0.6263736263736264,0.12249585300497638,2.621959926688242,0.37362637362637363,K,A;E;F;I;K;N;R;S,differs_from_consensus,False,True,scaffold_differs_from_msa_consensus
6E9E,A,VI-D,binary,127,128,T,70.0,T,128.0,,THR,True,474,475,four_layer_exact,high,0.6098901098901099,0.19075374221751223,2.4125412516406386,0.39010989010989006,N,A;D;E;G;K;N;S;V,differs_from_consensus,False,True,scaffold_differs_from_msa_consensus
6E9E,A,VI-D,binary,128,129,V,71.0,V,129.0,,VAL,True,486,487,four_layer_exact,high,0.45054945054945056,0.21372191863995144,2.4081697528469217,0.5494505494505495,I,I;K;L;M;N;R;T,differs_from_consensus,False,True,scaffold_differs_from_msa_consensus
6E9E,A,VI-D,binary,129,130,S,72.0,S,130.0,,SER,True,487,488,four_layer_exact,high,0.7307692307692307,0.16753926701570682,2.4884698344207945,0.2692307692307693,E,D;E;K;N;S;T,differs_from_consensus,False,True,scaffold_differs_from_msa_consensus
6E9E,A,VI-D,binary,131,132,V,74.0,V,132.0,,VAL,True,489,490,four_layer_exact,high,0.9395604395604396,0.23889601085890955,2.380030213672298,0.06043956043956045,T,E;I;L;N;S;T;V,differs_from_consensus,True,True,scaffold_differs_from_msa_consensus
6E9E,A,VI-D,binary,132,133,T,75.0,T,133.0,,THR,True,490,491,four_layer_exact,high,0.9395604395604396,0.23165673780257895,2.2249362352972106,0.06043956043956045,A,A;I;L;P;S;T;V,differs_from_consensus,True,True,scaffold_differs_from_msa_consensus
6E9E,A,VI-D,binary,137,138,R,80.0,R,138.0,,ARG,True,496,497,four_layer_exact,high,0.532967032967033,0.5281701317251231,1.3384381343531648,0.46703296703296704,H,H;Y,differs_from_consensus,False,True,scaffold_differs_from_msa_consensus
6E9E,A,VI-D,binary,138,139,R,81.0,R,139.0,,ARG,True,497,498,four_layer_exact,high,0.5164835164835165,0.23948112423083318,2.444638560920194,0.48351648351648346,S,A;G;H;I;N;R;S;V,differs_from_consensus,False,True,scaffold_differs_from_msa_consensus
6E9E,A,VI-D,binary,139,140,F,82.0,F,140.0,,PHE,True,498,499,four_layer_exact,high,0.42857142857142855,0.23587223587223588,2.3180795406466093,0.5714285714285714,G,G;K;R;S;T,differs_from_consensus,False,True,scaffold_differs_from_msa_consensus
6E9E,A,VI-D,binary,140,141,N,83.0,N,141.0,,ASN,True,516,517,four_layer_exact,high,0.26373626373626374,0.16695652173913045,2.292053949399303,0.7362637362637363,R,A;D;F;G;H;K;N;Q;R;S;V,differs_from_consensus,False,True,scaffold_differs_from_msa_consensus
6E9E,A,VI-D,binary,141,142,G,84.0,G,142.0,,GLY,True,517,518,four_layer_exact,high,0.2802197802197802,0.23845007451564829,1.8989068488106589,0.7197802197802198,K,A;E;G;K;N,differs_from_consensus,False,True,scaffold_differs_from_msa_consensus
6E9E,A,VI-D,binary,142,143,R,85.0,R,143.0,,ARG,True,518,519,four_layer_exact,high,0.34615384615384615,0.2805474095796676,2.087849035073622,0.6538461538461539,G,A;D;E;G;K;N;Q;S,differs_from_consensus,False,True,scaffold_differs_from_msa_consensus
6E9E,A,VI-D,binary,144,145,K,,,,,,False,520,521,full_msa_only_unresolved_coordinate,medium,0.3626373626373626,0.4575513851653262,1.955868259546823,0.6373626373626373,P,E;F;K;M;P,differs_from_consensus,False,True,unresolved_internal;scaffold_differs_from_msa_consensus
6E9E,A,VI-D,binary,145,146,D,,,,,,False,521,522,full_msa_only_unresolved_coordinate,medium,0.31868131868131866,0.22247972190034762,2.106422259035158,0.6813186813186813,K,D;E;K;N;R;T,differs_from_consensus,False,True,unresolved_internal;scaffold_differs_from_msa_consensus
6E9E,A,VI-D,binary,146,147,E,,,,,,False,522,523,full_msa_only_unresolved_coordinate,medium,0.27472527472527475,0.26359143327841844,1.9524524192169557,0.7252747252747253,R,A;D;E;G;H;K;N;R;S,differs_from_consensus,False,True,unresolved_internal;scaffold_differs_from_msa_consensus
6E9E,A,VI-D,binary,147,148,P,87.0,P,148.0,,PRO,True,523,524,four_layer_exact,high,0.24725274725274726,0.21476510067114093,2.124512640153343,0.7527472527472527,A,A;D;E;G;I;P;Q;R;S,differs_from_consensus,False,True,scaffold_differs_from_msa_consensus
6E9E,A,VI-D,binary,148,149,E,88.0,E,149.0,,GLU,True,532,533,four_layer_exact,high,0.6043956043956044,0.21027479091995221,2.3748205072861825,0.39560439560439564,S,A;E;I;K;S;V;Y,differs_from_consensus,False,True,scaffold_differs_from_msa_consensus
6E9E,A,VI-D,binary,149,150,Q,89.0,Q,150.0,,GLN,True,533,534,four_layer_exact,high,0.8076923076923077,0.24094186364880896,2.4729087309970152,0.1923076923076923,K,D;E;G;K;N;Q;R;S,differs_from_consensus,True,True,scaffold_differs_from_msa_consensus
6E9E,A,VI-D,binary,150,151,S,90.0,S,151.0,,SER,True,534,535,four_layer_exact,high,0.8131868131868132,0.1780512078168823,2.5265393926374644,0.18681318681318682,K,A;E;K;N;P;Q;R;S;T,differs_from_consensus,True,True,scaffold_differs_from_msa_consensus
6E9E,A,VI-D,binary,152,153,P,92.0,P,153.0,,PRO,True,537,538,four_layer_exact,high,0.8791208791208791,0.6017206063088898,1.5229936692232289,0.1208791208791209,G,G;N;P;R,differs_from_consensus,True,True,scaffold_differs_from_msa_consensus
6E9E,A,VI-D,binary,153,154,T,93.0,T,154.0,,THR,True,538,539,four_layer_exact,high,0.8846153846153846,0.1482806275912527,2.433867761775832,0.11538461538461542,Q,A;D;E;K;M;Q;R;S;T,differs_from_consensus,True,True,scaffold_differs_from_msa_consensus
6E9E,A,VI-D,binary,155,156,M,95.0,M,156.0,,MET,True,555,556,four_layer_exact,high,0.9725274725274725,0.26364096263640957,2.1080298549867944,0.027472527472527486,Y,I;K;L;M;Q;Y,differs_from_consensus,True,True,scaffold_differs_from_msa_consensus
6E9E,A,VI-D,binary,157,158,C,97.0,C,158.0,,CYS,True,557,558,four_layer_exact,high,0.9725274725274725,0.4833417648334176,1.8605782609423995,0.027472527472527486,G,C;G;H;K;R,differs_from_consensus,True,True,scaffold_differs_from_msa_consensus
6E9E,A,VI-D,binary,160,161,P,100.0,P,161.0,,PRO,True,560,561,four_layer_exact,high,0.978021978021978,0.26182444556089857,2.1311095792334753,0.02197802197802201,D,A;D;E;G;N;P;S,differs_from_consensus,True,True,scaffold_differs_from_msa_consensus
6E9E,A,VI-D,binary,161,162,T,101.0,T,162.0,,THR,True,561,562,four_layer_exact,high,0.978021978021978,0.22048374363023035,2.3047630718212755,0.02197802197802201,K,A;E;K;T;V,differs_from_consensus,True,True,scaffold_differs_from_msa_consensus
6E9E,A,VI-D,binary,165,166,K,105.0,K,166.0,,LYS,True,565,566,four_layer_exact,high,0.9725274725274725,0.2960179229601792,2.2327720619293143,0.027472527472527486,R,E;K;L;Q;R,differs_from_consensus,True,True,scaffold_differs_from_msa_consensus
6E9E,A,VI-D,binary,170,171,E,110.0,E,171.0,,GLU,True,578,579,four_layer_exact,high,0.9560439560439561,0.4310281201564691,1.8581568467619405,0.04395604395604391,T,E;K;N;S;T,differs_from_consensus,True,True,scaffold_differs_from_msa_consensus
6E9E,A,VI-D,binary,179,180,L,119.0,L,180.0,,LEU,True,598,599,four_layer_exact,high,0.9725274725274725,0.5064681650646816,1.0732635696041648,0.027472527472527486,I,I;L,differs_from_consensus,True,True,scaffold_differs_from_msa_consensus
6E9E,A,VI-D,binary,194,195,S,134.0,S,195.0,,SER,True,613,614,four_layer_exact,high,0.978021978021978,0.4083928185161151,1.5821683639735213,0.02197802197802201,I,A;I;S;V,differs_from_consensus,True,True,scaffold_differs_from_msa_consensus
6E9E,A,VI-D,binary,195,196,T,135.0,T,196.0,,THR,True,614,615,four_layer_exact,high,0.9725274725274725,0.6029187540840776,1.3564394589399267,0.027472527472527486,N,N;T,differs_from_consensus,True,True,scaffold_differs_from_msa_consensus
6E9E,A,VI-D,binary,197,198,A,137.0,A,198.0,,ALA,True,616,617,four_layer_exact,high,0.978021978021978,0.6748864373783258,0.987056587698443,0.02197802197802201,I,A;I;V,differs_from_consensus,True,True,scaffold_differs_from_msa_consensus
6E9E,A,VI-D,binary,198,199,I,138.0,I,199.0,,ILE,True,617,618,four_layer_exact,high,0.978021978021978,0.46052346960847934,1.4637418878752475,0.02197802197802201,V,I;L;T;V,differs_from_consensus,True,True,scaffold_differs_from_msa_consensus
6E9E,A,VI-D,binary,204,205,M,144.0,M,205.0,,MET,True,629,630,four_layer_exact,high,0.9835164835164835,0.6228373702422145,1.1990834743759282,0.016483516483516536,L,I;L;M;V,differs_from_consensus,True,True,scaffold_differs_from_msa_consensus
6E9E,A,VI-D,binary,205,206,S,,,,,,False,630,631,full_msa_only_unresolved_coordinate,medium,0.9835164835164835,0.1695501730103806,2.6246834244920807,0.016483516483516536,L,A;D;F;L;N;Q;R;S,differs_from_consensus,False,True,unresolved_internal;scaffold_differs_from_msa_consensus
6E9E,A,VI-D,binary,206,207,A,,,,,,False,631,632,full_msa_only_unresolved_coordinate,medium,0.9615384615384616,0.5195729537366548,1.7704840240886426,0.038461538461538436,R,D;G;N;R,differs_from_consensus,False,True,unresolved_internal;scaffold_differs_from_msa_consensus
6E9E,A,VI-D,binary,207,208,D,,,,,,False,633,634,full_msa_only_unresolved_coordinate,medium,0.8956043956043956,0.1625806451612903,2.560474128027858,0.10439560439560436,D,A;D;E;G;K;N;R;S;T,matches_consensus,False,True,unresolved_internal
6E9E,A,VI-D,binary,208,209,E,,,,,,False,634,635,full_msa_only_unresolved_coordinate,medium,0.8956043956043956,0.2474870298313878,2.3402382182330475,0.10439560439560436,E,D;E;G;K;N;S,matches_consensus,False,True,unresolved_internal
6E9E,A,VI-D,binary,209,210,N,,,,,,False,635,636,full_msa_only_unresolved_coordinate,medium,0.6703296703296703,0.15065913370998116,2.524932108101712,0.3296703296703297,D,A;D;E;G;I;N;R;S;T,differs_from_consensus,False,True,unresolved_internal;scaffold_differs_from_msa_consensus
6E9E,A,VI-D,binary,210,211,I,,,,,,False,636,637,full_msa_only_unresolved_coordinate,medium,0.6538461538461539,0.2962962962962963,2.4002029059513537,0.34615384615384615,D,D;E;K;N;S,differs_from_consensus,False,True,unresolved_internal;scaffold_differs_from_msa_consensus
6E9E,A,VI-D,binary,211,212,E,,,,,,False,637,638,full_msa_only_unresolved_coordinate,medium,0.6208791208791209,0.4591194968553459,1.914095276075878,0.3791208791208791,E,D;E;I;K;T;V,matches_consensus,False,True,unresolved_internal
6E9E,A,VI-D,binary,212,213,N,,,,,,False,666,667,full_msa_only_unresolved_coordinate,medium,0.7967032967032966,0.14096916299559473,2.6129206461232837,0.20329670329670335,D,D;E;G;K;N;P;S;T;Y,differs_from_consensus,False,True,unresolved_internal;scaffold_differs_from_msa_consensus
6E9E,A,VI-D,binary,213,214,S,,,,,,False,667,668,full_msa_only_unresolved_coordinate,medium,0.9615384615384616,0.19217081850533807,2.5580005415999194,0.038461538461538436,E,D;E;G;K;N;S;T,differs_from_consensus,False,True,unresolved_internal;scaffold_differs_from_msa_consensus
6E9E,A,VI-D,binary,216,217,F,147.0,F,217.0,,PHE,True,670,671,four_layer_exact,high,0.9835164835164835,0.5247981545559401,1.3844867958828906,0.016483516483516536,I,F;I;L;V,differs_from_consensus,True,True,scaffold_differs_from_msa_consensus
6E9E,A,VI-D,binary,217,218,M,148.0,M,218.0,,MET,True,675,676,four_layer_exact,high,0.9560439560439561,0.8924731182795699,0.5329649423499991,0.04395604395604391,G,G,differs_from_consensus,True,True,scaffold_differs_from_msa_consensus
6E9E,A,VI-D,binary,218,219,K,149.0,K,219.0,,LYS,True,677,678,four_layer_exact,high,0.945054945054945,0.23826714801444043,2.31862657470561,0.05494505494505497,Y,G;M;N;S;T;Y,differs_from_consensus,True,True,scaffold_differs_from_msa_consensus
6E9E,A,VI-D,binary,219,220,R,150.0,R,220.0,,ARG,True,678,679,four_layer_exact,high,0.9505494505494505,0.4838709677419355,1.5113316420864789,0.0494505494505495,L,F;I;L;M,differs_from_consensus,True,True,scaffold_differs_from_msa_consensus
6E9E,A,VI-D,binary,220,221,T,151.0,T,221.0,,THR,True,679,680,four_layer_exact,high,0.8406593406593407,0.30151673640167365,2.168871405821139,0.15934065934065933,S,G;K;N;P;R;S;T;Y,differs_from_consensus,True,True,scaffold_differs_from_msa_consensus
6E9E,A,VI-D,binary,223,224,E,154.0,E,224.0,,GLU,True,689,690,four_layer_exact,high,0.7362637362637363,0.3922738693467337,2.1847113390248687,0.2637362637362637,N,D;I;K;N;V;Y,differs_from_consensus,False,True,scaffold_differs_from_msa_consensus
6E9E,A,VI-D,binary,225,226,F,156.0,F,226.0,,PHE,True,692,693,four_layer_exact,high,0.8516483516483516,0.8068415637860082,0.6570525118176964,0.14835164835164838,Y,F;Y,differs_from_consensus,True,True,scaffold_differs_from_msa_consensus
6E9E,A,VI-D,binary,226,227,D,157.0,D,227.0,,ASP,True,705,706,four_layer_exact,high,0.9175824175824175,0.2679245283018868,2.1500797832958343,0.08241758241758246,E,A;D;E;K;Q;S,differs_from_consensus,True,True,scaffold_differs_from_msa_consensus
6E9E,A,VI-D,binary,227,228,D,158.0,D,228.0,,ASP,True,706,707,four_layer_exact,high,0.9230769230769231,0.14232209737827714,2.474100316647014,0.07692307692307687,K,A;D;E;K;N;Q;S;T;V,differs_from_consensus,True,True,scaffold_differs_from_msa_consensus
6E9E,A,VI-D,binary,230,231,K,161.0,K,231.0,,LYS,True,744,745,four_layer_exact,high,0.3791208791208791,0.21296296296296294,2.343535210906453,0.6208791208791209,D,A;D;E;K;N;P;R;S;V,differs_from_consensus,False,True,scaffold_differs_from_msa_consensus
6E9E,A,VI-D,binary,231,232,K,162.0,K,232.0,,LYS,True,745,746,four_layer_exact,high,0.3901098901098901,0.17543859649122806,2.3080875510354337,0.6098901098901099,D,D;G;I;K;L;N;R,differs_from_consensus,False,True,scaffold_differs_from_msa_consensus
6E9E,A,VI-D,binary,232,233,K,163.0,K,233.0,,LYS,True,746,747,four_layer_exact,high,0.3626373626373626,0.17475728155339804,2.49492349552644,0.6373626373626373,E,A;D;E;G;K;N;Q;S;T;V,differs_from_consensus,False,True,scaffold_differs_from_msa_consensus
6E9E,A,VI-D,binary,233,234,E,164.0,E,234.0,,GLU,True,747,748,four_layer_exact,high,0.37362637362637363,0.5045871559633027,1.4819618708788802,0.6263736263736264,K,A;E;I;K;R;V,differs_from_consensus,False,True,scaffold_differs_from_msa_consensus
6E9E,A,VI-D,binary,234,235,S,165.0,S,235.0,,SER,True,757,758,four_layer_exact,high,0.6483516483516484,0.2745098039215686,2.2140650838006617,0.3516483516483516,K,A;D;K;N;R;S,differs_from_consensus,False,True,scaffold_differs_from_msa_consensus
6E9E,A,VI-D,binary,235,236,T,166.0,T,236.0,,THR,True,758,759,four_layer_exact,high,0.7032967032967034,0.3263157894736842,2.0183308491572056,0.29670329670329665,N,A;D;K;N;R;S;T,differs_from_consensus,False,True,scaffold_differs_from_msa_consensus
6E9E,A,VI-D,binary,236,237,N,167.0,N,237.0,,ASN,True,759,760,four_layer_exact,high,0.7142857142857143,0.2268041237113402,2.4667628755816913,0.2857142857142857,I,A;F;I;L;N;R;V,differs_from_consensus,False,True,scaffold_differs_from_msa_consensus
6E9E,A,VI-D,binary,237,238,S,168.0,S,238.0,,SER,True,760,761,four_layer_exact,high,0.7252747252747253,0.16161616161616163,2.4705730625141404,0.27472527472527475,N,A;D;E;G;K;N;R;S;T,differs_from_consensus,False,True,scaffold_differs_from_msa_consensus
6E9E,A,VI-D,binary,238,239,R,169.0,R,239.0,,ARG,True,761,762,four_layer_exact,high,0.7252747252747253,0.3163265306122449,2.216312346365829,0.27472527472527475,K,D;E;K;N;R;S,differs_from_consensus,False,True,scaffold_differs_from_msa_consensus
6E9E,A,VI-D,binary,239,240,E,170.0,E,240.0,,GLU,True,762,763,four_layer_exact,high,0.7802197802197802,0.21395348837209302,2.484878606258631,0.21978021978021978,S,A;I;K;L;N;Q;S;V,differs_from_consensus,False,True,scaffold_differs_from_msa_consensus
6E9E,A,VI-D,binary,241,242,A,172.0,A,242.0,,ALA,True,764,765,four_layer_exact,high,0.8131868131868132,0.19383259911894274,2.164355216127221,0.18681318681318682,E,A;D;E;K;N;R;S,differs_from_consensus,True,True,scaffold_differs_from_msa_consensus
6E9E,A,VI-D,binary,242,243,D,173.0,D,243.0,,ASP,True,765,766,four_layer_exact,high,0.7307692307692307,0.20812182741116753,2.5933707260581027,0.2692307692307693,K,A;D;E;F;K;L;N;S;T,differs_from_consensus,False,True,scaffold_differs_from_msa_consensus
6E9E,A,VI-D,binary,243,244,F,174.0,F,244.0,,PHE,True,766,767,four_layer_exact,high,0.27472527472527475,0.21052631578947367,2.287721822767132,0.7252747252747253,E,A;D;E;F;H;I;K;L;M;R;S;V,differs_from_consensus,False,True,scaffold_differs_from_msa_consensus
6E9E,A,VI-D,binary,244,245,D,175.0,D,245.0,,ASP,True,806,807,four_layer_exact,high,0.25824175824175827,0.25,1.9600951351245584,0.7417582417582418,E,A;D;E;I;K;N;P;R,differs_from_consensus,False,True,scaffold_differs_from_msa_consensus
6E9E,A,VI-D,binary,245,246,A,176.0,A,246.0,,ALA,True,807,808,four_layer_exact,high,0.27472527472527475,0.3004694835680751,1.8209748275094753,0.7252747252747253,K,A;C;D;I;K;N;R;S,differs_from_consensus,False,True,scaffold_differs_from_msa_consensus
6E9E,A,VI-D,binary,248,249,K,179.0,K,249.0,,LYS,True,848,849,four_layer_exact,high,0.8901098901098901,0.2125984251968504,2.259972308387499,0.10989010989010994,E,A;D;E;K;N;Q,differs_from_consensus,True,True,scaffold_differs_from_msa_consensus
6E9E,A,VI-D,binary,249,250,F,180.0,F,250.0,,PHE,True,853,854,four_layer_exact,high,0.989010989010989,0.3931034482758621,1.7026153784520743,0.01098901098901095,L,F;I;L;V;Y,differs_from_consensus,True,True,scaffold_differs_from_msa_consensus
6E9E,A,VI-D,binary,250,251,I,181.0,I,251.0,,ILE,True,854,855,four_layer_exact,high,0.9835164835164835,0.3819444444444444,1.902525130550066,0.016483516483516536,L,I;L;M;V;Y,differs_from_consensus,True,True,scaffold_differs_from_msa_consensus
6E9E,A,VI-D,binary,251,252,G,182.0,G,252.0,,GLY,True,855,856,four_layer_exact,high,0.9725274725274725,0.3218968531468531,2.266836153858927,0.027472527472527486,K,D;E;K;N;R;S,differs_from_consensus,True,True,scaffold_differs_from_msa_consensus
6E9E,A,VI-D,binary,253,254,Y,184.0,Y,254.0,,TYR,True,866,867,four_layer_exact,high,0.9560439560439561,0.17985611510791366,2.5536442431912896,0.04395604395604391,P,A;I;K;N;P;S;T,differs_from_consensus,True,True,scaffold_differs_from_msa_consensus
6E9E,A,VI-D,binary,256,257,A,187.0,A,257.0,,ALA,True,877,878,four_layer_exact,high,0.9340659340659341,0.38235294117647056,2.1978079174136638,0.06593406593406592,G,A;G;K;R;S;V,differs_from_consensus,True,True,scaffold_differs_from_msa_consensus
6E9E,A,VI-D,binary,259,260,A,190.0,A,260.0,,ALA,True,889,890,four_layer_exact,high,0.9725274725274725,0.676056338028169,1.231170526549714,0.027472527472527486,G,D;G;N;S,differs_from_consensus,True,True,scaffold_differs_from_msa_consensus
6E9E,A,VI-D,binary,264,265,V,195.0,V,265.0,,VAL,True,922,923,four_layer_exact,high,0.2967032967032967,0.391304347826087,1.6232034941668427,0.7032967032967032,E,D;E;K,differs_from_consensus,False,True,scaffold_differs_from_msa_consensus
6E9E,A,VI-D,binary,265,266,N,196.0,N,266.0,,ASN,True,923,924,four_layer_exact,high,0.3131868131868132,0.46153846153846156,1.6215897184730756,0.6868131868131868,K,E;G;K;P,differs_from_consensus,False,True,scaffold_differs_from_msa_consensus
6E9E,A,VI-D,binary,266,267,K,197.0,K,267.0,,LYS,True,924,925,four_layer_exact,high,0.3076923076923077,0.16,2.310717508000889,0.6923076923076923,D,A;D;E;K;L;T,differs_from_consensus,False,True,scaffold_differs_from_msa_consensus
6E9E,A,VI-D,binary,267,268,K,,,,,,False,925,926,full_msa_only_unresolved_coordinate,medium,0.2967032967032967,0.34782608695652173,1.8596715651221942,0.7032967032967032,G,A;E;G;K,differs_from_consensus,False,True,unresolved_internal;scaffold_differs_from_msa_consensus
6E9E,A,VI-D,binary,268,269,N,,,,,,False,937,938,full_msa_only_unresolved_coordinate,medium,0.6098901098901099,0.2568108974358974,2.2904374821144593,0.39010989010989006,K,D;E;K;N;R;S,differs_from_consensus,False,True,unresolved_internal;scaffold_differs_from_msa_consensus
6E9E,A,VI-D,binary,269,270,P,,,,,,False,946,947,full_msa_only_unresolved_coordinate,medium,0.7857142857142857,0.35185185185185186,2.211937438426997,0.2142857142857143,K,A;E;G;K;N;R,differs_from_consensus,False,True,unresolved_internal;scaffold_differs_from_msa_consensus
6E9E,A,VI-D,binary,270,271,K,,,,,,False,947,948,full_msa_only_unresolved_coordinate,medium,0.8241758241758241,0.7043478260869566,1.1626233707530862,0.17582417582417587,K,E;K,matches_consensus,False,True,unresolved_internal
6E9E,A,VI-D,binary,271,272,G,,,,,,False,948,949,full_msa_only_unresolved_coordinate,medium,0.7802197802197802,0.23393691588785046,2.3817694049600524,0.21978021978021978,D,D;E;G;K;N;P;S,differs_from_consensus,False,True,unresolved_internal;scaffold_differs_from_msa_consensus
6E9E,A,VI-D,binary,273,274,A,199.0,A,274.0,,ALA,True,980,981,four_layer_exact,high,0.7912087912087912,0.2782874617737003,2.34506098958044,0.20879120879120883,K,E;K;P;Q;R;S,differs_from_consensus,False,True,scaffold_differs_from_msa_consensus
6E9E,A,VI-D,binary,275,276,N,201.0,N,276.0,,ASN,True,982,983,four_layer_exact,high,0.34065934065934067,0.1935483870967742,2.3607045857511078,0.6593406593406593,E,A;D;E;K;N;V;Y,differs_from_consensus,False,True,scaffold_differs_from_msa_consensus
6E9E,A,VI-D,binary,276,277,V,202.0,V,277.0,,VAL,True,994,995,four_layer_exact,high,0.7252747252747253,0.15306122448979592,2.5439263886462906,0.27472527472527475,K,D;E;I;K;N;Q;T;V,differs_from_consensus,False,True,scaffold_differs_from_msa_consensus
6E9E,A,VI-D,binary,277,278,L,203.0,L,278.0,,LEU,True,995,996,four_layer_exact,high,0.8296703296703297,0.21839080459770113,2.5145360363436486,0.17032967032967028,E,D;E;K;L;N;P;Q;R,differs_from_consensus,True,True,scaffold_differs_from_msa_consensus
6E9E,A,VI-D,binary,278,279,R,204.0,R,279.0,,ARG,True,996,997,four_layer_exact,high,0.9725274725274725,0.38028169014084506,2.0447219024364927,0.027472527472527486,K,A;E;K;N;R,differs_from_consensus,True,True,scaffold_differs_from_msa_consensus
6E9E,A,VI-D,binary,279,280,E,205.0,E,280.0,,GLU,True,997,998,four_layer_exact,high,0.967032967032967,0.2624113475177305,2.556186469552014,0.03296703296703296,S,D;E;N;S;T,differs_from_consensus,True,True,scaffold_differs_from_msa_consensus
6E9E,A,VI-D,binary,280,281,D,206.0,D,281.0,,ASP,True,998,999,four_layer_exact,high,0.967032967032967,0.3191489361702128,2.001474815983524,0.03296703296703296,E,D;E;K;Q;R,differs_from_consensus,True,True,scaffold_differs_from_msa_consensus
6E9E,A,VI-D,binary,283,284,L,209.0,L,284.0,,LEU,True,1030,1031,four_layer_exact,high,0.9945054945054945,0.3084332191780822,1.9334741628997252,0.005494505494505475,I,A;C;I;L;N;V,differs_from_consensus,True,True,scaffold_differs_from_msa_consensus
6E9E,A,VI-D,binary,285,286,S,211.0,S,286.0,,SER,True,1032,1033,four_layer_exact,high,0.9945054945054945,0.2054794520547945,2.289840835448434,0.005494505494505475,N,D;H;K;N;S;Y,differs_from_consensus,True,True,scaffold_differs_from_msa_consensus
6E9E,A,VI-D,binary,286,287,V,212.0,V,287.0,,VAL,True,1033,1034,four_layer_exact,high,0.9945054945054945,0.4111729452054795,1.6950957478591993,0.005494505494505475,I,I;L;V,differs_from_consensus,True,True,scaffold_differs_from_msa_consensus
6E9E,A,VI-D,binary,288,289,T,214.0,T,289.0,,THR,True,1035,1036,four_layer_exact,high,0.9945054945054945,0.3424657534246575,1.8198097162278748,0.005494505494505475,R,A;C;R;S,differs_from_consensus,True,True,scaffold_differs_from_msa_consensus
6E9E,A,VI-D,binary,290,291,I,216.0,I,291.0,,ILE,True,1037,1038,four_layer_exact,high,1.0,0.6326530612244898,1.1752685407534762,0.0,L,A;I;L;V,differs_from_consensus,True,True,scaffold_differs_from_msa_consensus
6E9E,A,VI-D,binary,292,293,K,218.0,K,293.0,,LYS,True,1039,1040,four_layer_exact,high,1.0,0.14285714285714285,2.660033185241378,0.0,S,A;F;I;K;L;M;Q;S;T;Y,differs_from_consensus,True,True,scaffold_differs_from_msa_consensus
6E9E,A,VI-D,binary,295,296,H,221.0,H,296.0,,HIS,True,1042,1043,four_layer_exact,high,1.0,0.7142857142857143,0.9316783758070812,0.0,Q,H;N;Q,differs_from_consensus,True,True,scaffold_differs_from_msa_consensus
6E9E,A,VI-D,binary,296,297,W,222.0,W,297.0,,TRP,True,1043,1044,four_layer_exact,high,1.0,0.2108843537414966,2.323815639312074,0.0,F,A;F;L;M;S;W,differs_from_consensus,True,True,scaffold_differs_from_msa_consensus
6E9E,A,VI-D,binary,298,299,V,224.0,V,299.0,,VAL,True,1045,1046,four_layer_exact,high,1.0,0.2653061224489796,1.9638985671056766,0.0,F,A;F;M;T;V,differs_from_consensus,True,True,scaffold_differs_from_msa_consensus
6E9E,A,VI-D,binary,300,301,S,226.0,S,301.0,,SER,True,1047,1048,four_layer_exact,high,1.0,0.3197278911564626,2.187913418055878,0.0,G,D;E;F;G;S;Y,differs_from_consensus,True,True,scaffold_differs_from_msa_consensus
6E9E,A,VI-D,binary,301,302,E,227.0,E,302.0,,GLU,True,1049,1050,four_layer_exact,high,0.9285714285714286,0.18382352941176472,2.43337981865906,0.0714285714285714,K,D;E;G;K;N;S;T;Y,differs_from_consensus,True,True,scaffold_differs_from_msa_consensus
6E9E,A,VI-D,binary,303,304,G,229.0,G,304.0,,GLY,True,1051,1052,four_layer_exact,high,0.9340659340659341,0.17530864197530863,2.555000334921787,0.06593406593406592,S,A;D;E;G;K;N;R;S;T,differs_from_consensus,True,True,scaffold_differs_from_msa_consensus
6E9E,A,VI-D,binary,304,305,R,230.0,R,305.0,,ARG,True,1055,1056,four_layer_exact,high,0.8626373626373627,0.22540983606557377,2.519479610737625,0.13736263736263732,N,D;E;G;K;N;R;S;T,differs_from_consensus,True,True,scaffold_differs_from_msa_consensus
6E9E,A,VI-D,binary,305,306,A,231.0,A,306.0,,ALA,True,1056,1057,four_layer_exact,high,0.8131868131868132,0.168141592920354,2.4508894946563955,0.18681318681318682,R,A;D;K;N;R;S;T,differs_from_consensus,True,True,scaffold_differs_from_msa_consensus
6E9E,A,VI-D,binary,306,307,E,232.0,E,307.0,,GLU,True,1057,1058,four_layer_exact,high,0.521978021978022,0.12698412698412698,2.421662682717796,0.478021978021978,A,A;D;E;K;L;N;P;Q;S;T,differs_from_consensus,False,True,scaffold_differs_from_msa_consensus
6E9E,A,VI-D,binary,307,308,F,233.0,F,308.0,,PHE,True,1075,1076,four_layer_exact,high,0.6538461538461539,0.21428571428571427,2.3573451971064188,0.34615384615384615,T,A;F;N;S;T;Y,differs_from_consensus,False,True,scaffold_differs_from_msa_consensus
6E9E,A,VI-D,binary,311,312,K,237.0,K,312.0,,LYS,True,1081,1082,four_layer_exact,high,0.945054945054945,0.39416058394160586,2.045662002332108,0.05494505494505497,N,D;K;N;Q;R;S,differs_from_consensus,True,True,scaffold_differs_from_msa_consensus
6E9E,A,VI-D,binary,314,315,E,240.0,E,315.0,,GLU,True,1093,1094,four_layer_exact,high,0.9065934065934066,0.2366412213740458,2.340740778692264,0.09340659340659341,K,D;E;K;N;Q;S,differs_from_consensus,True,True,scaffold_differs_from_msa_consensus
6E9E,A,VI-D,binary,316,317,K,242.0,K,317.0,,LYS,True,1113,1114,four_layer_exact,high,0.8846153846153846,0.164021164021164,2.6217096580117674,0.11538461538461542,D,A;D;K;N;P;R;S,differs_from_consensus,True,True,scaffold_differs_from_msa_consensus
6E9E,A,VI-D,binary,317,318,D,243.0,D,318.0,,ASP,True,1114,1115,four_layer_exact,high,0.9560439560439561,0.18944844124700239,2.3583923331809755,0.04395604395604391,P,A;D;E;G;K;N;P;Q;S,differs_from_consensus,True,True,scaffold_differs_from_msa_consensus
6E9E,A,VI-D,binary,318,319,D,244.0,D,319.0,,ASP,True,1115,1116,four_layer_exact,high,0.9725274725274725,0.5070422535211268,1.5166328558532232,0.027472527472527486,E,D;E;N,differs_from_consensus,True,True,scaffold_differs_from_msa_consensus
6E9E,A,VI-D,binary,319,320,F,245.0,F,320.0,,PHE,True,1124,1125,four_layer_exact,high,0.9230769230769231,0.2781954887218045,1.8854669823053436,0.07692307692307687,L,A;F;I;L;V;Y,differs_from_consensus,True,True,scaffold_differs_from_msa_consensus
6E9E,A,VI-D,binary,321,322,N,247.0,N,322.0,,ASN,True,1146,1147,four_layer_exact,high,0.9945054945054945,0.19863013698630136,2.326101214931983,0.005494505494505475,D,A;D;E;K;N;Q;S,differs_from_consensus,True,True,scaffold_differs_from_msa_consensus
6E9E,A,VI-D,binary,322,323,V,248.0,V,323.0,,VAL,True,1147,1148,four_layer_exact,high,1.0,0.2857142857142857,2.118341611796008,0.0,T,F;I;L;T;V,differs_from_consensus,True,True,scaffold_differs_from_msa_consensus
6E9E,A,VI-D,binary,325,326,V,251.0,V,326.0,,VAL,True,1150,1151,four_layer_exact,high,1.0,0.14285714285714285,2.5588674590066685,0.0,K,A;D;E;K;N;R;S;T;Y,differs_from_consensus,True,True,scaffold_differs_from_msa_consensus
6E9E,A,VI-D,binary,326,327,V,252.0,V,327.0,,VAL,True,1151,1152,four_layer_exact,high,1.0,0.29931972789115646,2.2837401168457734,0.0,L,F;I;K;L;T;V;Y,differs_from_consensus,True,True,scaffold_differs_from_msa_consensus
6E9E,A,VI-D,binary,328,329,N,254.0,N,329.0,,ASN,True,1153,1154,four_layer_exact,high,1.0,0.1950113378684807,2.297177350744636,0.0,D,A;D;E;K;N;R;S,differs_from_consensus,True,True,scaffold_differs_from_msa_consensus
6E9E,A,VI-D,binary,329,330,R,255.0,R,330.0,,ARG,True,1154,1155,four_layer_exact,high,1.0,0.2789115646258503,2.3094382548538204,0.0,E,A;D;E;K;N;Q;R;S,differs_from_consensus,True,True,scaffold_differs_from_msa_consensus
6E9E,A,VI-D,binary,330,331,P,256.0,P,331.0,,PRO,True,1155,1156,four_layer_exact,high,1.0,0.2789115646258503,2.155414520474483,0.0,R,A;G;K;R,differs_from_consensus,True,True,scaffold_differs_from_msa_consensus
6E9E,A,VI-D,binary,331,332,V,257.0,V,332.0,,VAL,True,1156,1157,four_layer_exact,high,1.0,0.35374149659863946,1.7471194004335109,0.0,I,F;I;L;V,differs_from_consensus,True,True,scaffold_differs_from_msa_consensus
6E9E,A,VI-D,binary,332,333,E,258.0,E,333.0,,GLU,True,1157,1158,four_layer_exact,high,1.0,0.2018140589569161,2.2584787038230623,0.0,D,D;E;K;N;T,differs_from_consensus,True,True,scaffold_differs_from_msa_consensus
6E9E,A,VI-D,binary,336,337,N,262.0,N,337.0,,ASN,True,1161,1162,four_layer_exact,high,0.9835164835164835,0.2638888888888889,2.2512048529561555,0.016483516483516536,K,A;D;E;K;N;R;S,differs_from_consensus,True,True,scaffold_differs_from_msa_consensus
6E9E,A,VI-D,binary,337,338,R,263.0,R,338.0,,ARG,True,1162,1163,four_layer_exact,high,0.9835164835164835,0.25231481481481477,1.8953336900202957,0.016483516483516536,D,D;E;G;N;S,differs_from_consensus,True,True,scaffold_differs_from_msa_consensus
6E9E,A,VI-D,binary,340,341,E,266.0,E,341.0,,GLU,True,1166,1167,four_layer_exact,high,0.9945054945054945,0.3698630136986301,1.9018254981732938,0.005494505494505475,K,D;E;K;N;S;T,differs_from_consensus,True,True,scaffold_differs_from_msa_consensus
6E9E,A,VI-D,binary,346,347,I,272.0,I,347.0,,ILE,True,1209,1210,four_layer_exact,high,1.0,0.6122448979591837,1.1209026347865876,0.0,L,F;I;L;V,differs_from_consensus,True,True,scaffold_differs_from_msa_consensus
6E9E,A,VI-D,binary,347,348,Q,273.0,Q,348.0,,GLN,True,1210,1211,four_layer_exact,high,1.0,0.19727891156462585,2.6782287151563526,0.0,Y,A;K;L;N;Q;S;Y,differs_from_consensus,True,True,scaffold_differs_from_msa_consensus
6E9E,A,VI-D,binary,350,351,G,276.0,G,351.0,,GLY,True,1213,1214,four_layer_exact,high,1.0,0.2789115646258503,2.4016508680885007,0.0,F,A;C;E;F;K;S,differs_from_consensus,True,True,scaffold_differs_from_msa_consensus
6E9E,A,VI-D,binary,351,352,S,277.0,S,352.0,,SER,True,1214,1215,four_layer_exact,high,1.0,0.22675736961451243,2.253763267631969,0.0,E,D;E;K;N;Q;R;S,differs_from_consensus,True,True,scaffold_differs_from_msa_consensus
6E9E,A,VI-D,binary,352,353,V,278.0,V,353.0,,VAL,True,1219,1220,four_layer_exact,high,0.989010989010989,0.28505747126436776,1.7954617694267447,0.01098901098901095,I,A;I;L;V;Y,differs_from_consensus,True,True,scaffold_differs_from_msa_consensus
6E9E,A,VI-D,binary,354,355,K,280.0,K,355.0,,LYS,True,1238,1239,four_layer_exact,high,0.8076923076923077,0.16176470588235292,2.468053632903694,0.1923076923076923,D,D;E;G;K;N;P;R;S;T,differs_from_consensus,True,True,scaffold_differs_from_msa_consensus
6E9E,A,VI-D,binary,355,356,N,281.0,N,356.0,,ASN,True,1239,1240,four_layer_exact,high,0.8406593406593407,0.21288515406162464,2.2749309544108747,0.15934065934065933,D,D;E;K;L;N;P;S,differs_from_consensus,True,True,scaffold_differs_from_msa_consensus
6E9E,A,VI-D,binary,356,357,T,282.0,T,357.0,,THR,True,1244,1245,four_layer_exact,high,0.8956043956043956,0.3515625,2.327869116409754,0.10439560439560436,E,A;D;E;K;S,differs_from_consensus,True,True,scaffold_differs_from_msa_consensus
6E9E,A,VI-D,binary,357,358,D,283.0,D,358.0,,ASP,True,1245,1246,four_layer_exact,high,0.9010989010989011,0.2248062015503876,2.230511985753227,0.09890109890109888,E,D;E;K;N;Q;S,differs_from_consensus,True,True,scaffold_differs_from_msa_consensus
6E9E,A,VI-D,binary,358,359,I,284.0,I,359.0,,ILE,True,1246,1247,four_layer_exact,high,0.9010989010989011,0.3798449612403101,2.2984176260791895,0.09890109890109888,K,F;K;L;Q;R,differs_from_consensus,True,True,scaffold_differs_from_msa_consensus
6E9E,A,VI-D,binary,359,360,A,285.0,A,360.0,,ALA,True,1247,1248,four_layer_exact,high,0.967032967032967,0.2907801418439716,2.2156108668266676,0.03296703296703296,K,A;D;E;K;N,differs_from_consensus,True,True,scaffold_differs_from_msa_consensus
6E9E,A,VI-D,binary,362,363,V,288.0,V,363.0,,VAL,True,1256,1257,four_layer_exact,high,1.0,0.29931972789115646,1.9395287444864753,0.0,A,A;I;L;T;V,differs_from_consensus,True,True,scaffold_differs_from_msa_consensus
6E9E,A,VI-D,binary,364,365,S,290.0,S,365.0,,SER,True,1258,1259,four_layer_exact,high,1.0,0.32653061224489793,2.0622700135974417,0.0,E,A;D;E;K;L;Q,differs_from_consensus,True,True,scaffold_differs_from_msa_consensus
6E9E,A,VI-D,binary,367,368,E,293.0,E,368.0,,GLU,True,1261,1262,four_layer_exact,high,1.0,0.3877551020408163,1.9020060843287694,0.0,D,D;E;K;N;R,differs_from_consensus,True,True,scaffold_differs_from_msa_consensus
6E9E,A,VI-D,binary,369,370,L,295.0,L,370.0,,LEU,True,1263,1264,four_layer_exact,high,1.0,0.23809523809523808,1.9716622477744783,0.0,I,A;I;L;S;T;V,differs_from_consensus,True,True,scaffold_differs_from_msa_consensus
6E9E,A,VI-D,binary,370,371,I,296.0,I,371.0,,ILE,True,1264,1265,four_layer_exact,high,1.0,0.5238095238095238,1.256953151755419,0.0,V,I;V,differs_from_consensus,True,True,scaffold_differs_from_msa_consensus
6E9E,A,VI-D,binary,371,372,T,297.0,T,372.0,,THR,True,1265,1266,four_layer_exact,high,1.0,0.23129251700680273,2.29246263815805,0.0,L,K;L;R;T;V,differs_from_consensus,True,True,scaffold_differs_from_msa_consensus
6E9E,A,VI-D,binary,373,374,K,299.0,K,374.0,,LYS,True,1267,1268,four_layer_exact,high,1.0,0.35374149659863946,2.046123816334197,0.0,E,D;E;K;N;Q;S;T,differs_from_consensus,True,True,scaffold_differs_from_msa_consensus
6E9E,A,VI-D,binary,377,378,M,303.0,M,378.0,,MET,True,1272,1273,four_layer_exact,high,1.0,0.47619047619047616,1.4215496408747055,0.0,L,I;L;M,differs_from_consensus,True,True,scaffold_differs_from_msa_consensus
6E9E,A,VI-D,binary,387,388,S,313.0,S,388.0,,SER,True,1282,1283,four_layer_exact,high,0.9835164835164835,0.15299479166666666,2.6583769167918456,0.016483516483516536,I,A;C;E;I;K;L;N;Q;S;T,differs_from_consensus,True,True,scaffold_differs_from_msa_consensus
6E9E,A,VI-D,binary,391,392,G,317.0,G,392.0,,GLY,True,1286,1287,four_layer_exact,high,0.9505494505494505,0.18571428571428572,2.6199475077964154,0.0494505494505495,L,D;E;I;K;L;N;Q;R;S,differs_from_consensus,True,True,scaffold_differs_from_msa_consensus
6E9E,A,VI-D,binary,392,393,K,318.0,K,393.0,,LYS,True,1294,1295,four_layer_exact,high,0.6648351648351648,0.21839080459770116,2.2766275839962753,0.3351648351648352,P,D;E;K;P;S;T,differs_from_consensus,False,True,scaffold_differs_from_msa_consensus
6E9E,A,VI-D,binary,393,394,G,319.0,G,394.0,,GLY,True,1295,1296,four_layer_exact,high,0.7527472527472527,0.27214805825242716,2.300478646670668,0.24725274725274726,E,D;E;G;N;Q;Y,differs_from_consensus,False,True,scaffold_differs_from_msa_consensus
6E9E,A,VI-D,binary,394,395,Y,320.0,Y,395.0,,TYR,True,1296,1297,four_layer_exact,high,0.7527472527472527,0.36893203883495146,2.0793457834291,0.24725274725274726,A,A;F;G;L;Y,differs_from_consensus,False,True,scaffold_differs_from_msa_consensus
6E9E,A,VI-D,binary,395,396,A,321.0,A,396.0,,ALA,True,1297,1298,four_layer_exact,high,0.7637362637362637,0.2,2.495497538984417,0.2362637362637363,S,A;E;K;N;P;Q;S;T,differs_from_consensus,False,True,scaffold_differs_from_msa_consensus
6E9E,A,VI-D,binary,398,399,E,324.0,E,399.0,,GLU,True,1320,1321,four_layer_exact,high,0.945054945054945,0.29008152173913043,2.26751313735381,0.05494505494505497,K,D;E;K;Q;S,differs_from_consensus,True,True,scaffold_differs_from_msa_consensus
6E9E,A,VI-D,binary,404,405,N,330.0,N,405.0,,ASN,True,1342,1343,four_layer_exact,high,1.0,0.42857142857142855,1.8646521770095155,0.0,S,G;H;N;Q;S,differs_from_consensus,True,True,scaffold_differs_from_msa_consensus
6E9E,A,VI-D,binary,408,409,Q,334.0,Q,409.0,,GLN,True,1346,1347,four_layer_exact,high,1.0,0.2789115646258503,2.131463212267474,0.0,K,K;Q;R;S;T,differs_from_consensus,True,True,scaffold_differs_from_msa_consensus
6E9E,A,VI-D,binary,409,410,M,335.0,M,410.0,,MET,True,1347,1348,four_layer_exact,high,1.0,0.4421768707482993,1.7099606389579318,0.0,L,F;I;L;M;V,differs_from_consensus,True,True,scaffold_differs_from_msa_consensus
6E9E,A,VI-D,binary,410,411,T,336.0,T,411.0,,THR,True,1348,1349,four_layer_exact,high,1.0,0.272108843537415,1.916129955052642,0.0,I,F;I;L;M;T,differs_from_consensus,True,True,scaffold_differs_from_msa_consensus
6E9E,A,VI-D,binary,414,415,L,340.0,L,415.0,,LEU,True,1352,1353,four_layer_exact,high,1.0,0.5850340136054422,0.8941066555717766,0.0,I,I;L,differs_from_consensus,True,True,scaffold_differs_from_msa_consensus
6E9E,A,VI-D,binary,416,417,T,342.0,T,417.0,,THR,True,1354,1355,four_layer_exact,high,0.9945054945054945,0.23309075342465754,2.197380744921965,0.005494505494505475,R,D;H;K;R;Y,differs_from_consensus,True,True,scaffold_differs_from_msa_consensus
6E9E,A,VI-D,binary,417,418,G,343.0,G,418.0,,GLY,True,1355,1356,four_layer_exact,high,0.989010989010989,0.3586206896551724,2.3468570009870247,0.01098901098901095,Y,E;G;H;Y,differs_from_consensus,True,True,scaffold_differs_from_msa_consensus
6E9E,A,VI-D,binary,419,420,I,345.0,I,420.0,,ILE,True,1357,1358,four_layer_exact,high,0.9725274725274725,0.15492957746478872,2.6150961546718117,0.027472527472527486,K,E;I;K;L;N;R;S;T;V,differs_from_consensus,True,True,scaffold_differs_from_msa_consensus
6E9E,A,VI-D,binary,420,421,N,346.0,N,421.0,,ASN,True,1363,1364,four_layer_exact,high,0.3516483516483517,0.15151515151515152,2.2629354538632005,0.6483516483516483,T,H;K;N;R;S;T;V;Y,differs_from_consensus,False,True,scaffold_differs_from_msa_consensus
6E9E,A,VI-D,binary,422,423,D,348.0,D,423.0,,ASP,True,1378,1379,four_layer_exact,high,0.9560439560439561,0.2568195443645084,2.1486389561885093,0.04395604395604391,N,D;E;H;K;N;R;S,differs_from_consensus,True,True,scaffold_differs_from_msa_consensus
6E9E,A,VI-D,binary,423,424,S,349.0,S,424.0,,SER,True,1379,1380,four_layer_exact,high,0.9340659340659341,0.2,2.290201628033181,0.06593406593406592,P,A;D;E;K;N;P;Q;S,differs_from_consensus,True,True,scaffold_differs_from_msa_consensus
6E9E,A,VI-D,binary,424,425,D,350.0,D,425.0,,ASP,True,1380,1381,four_layer_exact,high,0.8241758241758241,0.3046195652173913,2.126673938915689,0.17582417582417587,E,A;D;E;G;K;N;S,differs_from_consensus,True,True,scaffold_differs_from_msa_consensus
6E9E,A,VI-D,binary,425,426,R,351.0,R,426.0,,ARG,True,1382,1383,four_layer_exact,high,0.8186813186813187,0.2807017543859649,2.2104926532452183,0.18131868131868134,K,E;K;Q;R,differs_from_consensus,True,True,scaffold_differs_from_msa_consensus
6E9E,A,VI-D,binary,428,429,D,354.0,D,429.0,,ASP,True,1444,1445,four_layer_exact,high,1.0,0.25170068027210885,2.3454829593119575,0.0,E,A;D;E;K;N;Q;R;S,differs_from_consensus,True,True,scaffold_differs_from_msa_consensus
6E9E,A,VI-D,binary,431,432,N,357.0,N,432.0,,ASN,True,1447,1448,four_layer_exact,high,1.0,0.23129251700680273,2.2179089351191426,0.0,E,A;D;E;N;S,differs_from_consensus,True,True,scaffold_differs_from_msa_consensus
6E9E,A,VI-D,binary,432,433,T,358.0,T,433.0,,THR,True,1448,1449,four_layer_exact,high,1.0,0.23809523809523808,2.461115116554963,0.0,K,A;D;E;K;Q;R;S,differs_from_consensus,True,True,scaffold_differs_from_msa_consensus
6E9E,A,VI-D,binary,435,436,S,361.0,S,436.0,,SER,True,1451,1452,four_layer_exact,high,1.0,0.3469387755102041,2.235741102985488,0.0,A,A;G;L;S,differs_from_consensus,True,True,scaffold_differs_from_msa_consensus
6E9E,A,VI-D,binary,438,439,K,364.0,K,439.0,,LYS,True,1463,1464,four_layer_exact,high,0.989010989010989,0.23448275862068965,2.1566729463705903,0.01098901098901095,S,D;G;N;S;T,differs_from_consensus,True,True,scaffold_differs_from_msa_consensus
6E9E,A,VI-D,binary,440,441,D,366.0,D,441.0,,ASP,True,1465,1466,four_layer_exact,high,0.978021978021978,0.5128205128205128,1.7173787131873783,0.02197802197802201,E,A;D;E,differs_from_consensus,True,True,scaffold_differs_from_msa_consensus
6E9E,A,VI-D,binary,441,442,D,367.0,D,442.0,,ASP,True,1481,1482,four_layer_exact,high,0.9615384615384616,0.39285714285714285,1.8100121644774785,0.038461538461538436,E,A;D;E;G;Q,differs_from_consensus,True,True,scaffold_differs_from_msa_consensus
6E9E,A,VI-D,binary,443,444,T,369.0,T,444.0,,THR,True,1484,1485,four_layer_exact,high,1.0,0.4557823129251701,1.7742692619317308,0.0,E,D;E;K,differs_from_consensus,True,True,scaffold_differs_from_msa_consensus
6E9E,A,VI-D,binary,444,445,T,370.0,T,445.0,,THR,True,1493,1494,four_layer_exact,high,1.0,0.16326530612244897,2.5690933420424202,0.0,A,A;D;E;K;N;Q;R;S,differs_from_consensus,True,True,scaffold_differs_from_msa_consensus
6E9E,A,VI-D,binary,445,446,V,371.0,V,446.0,,VAL,True,1494,1495,four_layer_exact,high,1.0,0.42857142857142855,1.7428869139002894,0.0,I,A;F;I;L;V,differs_from_consensus,True,True,scaffold_differs_from_msa_consensus
6E9E,A,VI-D,binary,447,448,C,373.0,C,448.0,,CYS,True,1496,1497,four_layer_exact,high,1.0,0.14285714285714285,2.5809512589923322,0.0,R,A;D;E;I;K;L;N;Q;R;S,differs_from_consensus,True,True,scaffold_differs_from_msa_consensus
6E9E,A,VI-D,binary,448,449,K,374.0,K,449.0,,LYS,True,1497,1498,four_layer_exact,high,1.0,0.14965986394557823,2.369323817968326,0.0,E,A;D;E;K;N;Q;R;S,differs_from_consensus,True,True,scaffold_differs_from_msa_consensus
6E9E,A,VI-D,binary,451,452,D,377.0,D,452.0,,ASP,True,1504,1505,four_layer_exact,high,1.0,0.21315192743764172,2.3213737058840342,0.0,E,A;D;E;K;N;R;S,differs_from_consensus,True,True,scaffold_differs_from_msa_consensus
6E9E,A,VI-D,binary,452,453,Y,378.0,Y,453.0,,TYR,True,1505,1506,four_layer_exact,high,1.0,0.19727891156462585,2.6254323338770935,0.0,R,A;D;E;I;K;R;S,differs_from_consensus,True,True,scaffold_differs_from_msa_consensus
6E9E,A,VI-D,binary,455,456,K,381.0,K,456.0,,LYS,True,1513,1514,four_layer_exact,high,0.9340659340659341,0.17777777777777778,2.491302523823853,0.06593406593406592,N,A;D;E;K;N;P;S,differs_from_consensus,True,True,scaffold_differs_from_msa_consensus
6E9E,A,VI-D,binary,457,458,Y,383.0,Y,458.0,,TYR,True,1558,1559,four_layer_exact,high,0.978021978021978,0.2727272727272727,2.1448269525385713,0.02197802197802201,L,F;I;L;N;V;Y,differs_from_consensus,True,True,scaffold_differs_from_msa_consensus
6E9E,A,VI-D,binary,458,459,R,384.0,R,459.0,,ARG,True,1559,1560,four_layer_exact,high,0.978021978021978,0.25874125874125875,2.078267806016698,0.02197802197802201,K,E;G;K;R;S,differs_from_consensus,True,True,scaffold_differs_from_msa_consensus
6E9E,A,VI-D,binary,459,460,E,385.0,E,460.0,,GLU,True,1560,1561,four_layer_exact,high,0.9725274725274725,0.24647887323943662,2.3370759136951706,0.027472527472527486,D,D;E;G;K;N;S,differs_from_consensus,True,True,scaffold_differs_from_msa_consensus
6E9E,A,VI-D,binary,460,461,S,386.0,S,461.0,,SER,True,1612,1613,four_layer_exact,high,0.9615384615384616,0.15,2.6274251197114253,0.038461538461538436,K,A;D;I;K;L;P;Q;R;S;T;V,differs_from_consensus,True,True,scaffold_differs_from_msa_consensus
6E9E,A,VI-D,binary,462,463,R,388.0,R,463.0,,ARG,True,1615,1616,four_layer_exact,high,0.945054945054945,0.18115942028985507,2.493729977501687,0.05494505494505497,N,A;D;E;K;L;N;Q;R,differs_from_consensus,True,True,scaffold_differs_from_msa_consensus
6E9E,A,VI-D,binary,463,464,E,389.0,E,464.0,,GLU,True,1616,1617,four_layer_exact,high,0.9340659340659341,0.21346507352941177,2.6291662866310275,0.06593406593406592,K,D;E;K;N;R;S;T;Y,differs_from_consensus,True,True,scaffold_differs_from_msa_consensus
6E9E,A,VI-D,binary,464,465,V,390.0,V,465.0,,VAL,True,1617,1618,four_layer_exact,high,0.945054945054945,0.2608695652173913,2.1771218718041907,0.05494505494505497,I,A;F;I;L;M;V,differs_from_consensus,True,True,scaffold_differs_from_msa_consensus
6E9E,A,VI-D,binary,465,466,A,391.0,A,466.0,,ALA,True,1618,1619,four_layer_exact,high,0.8846153846153846,0.2047244094488189,2.4295383116632627,0.11538461538461542,L,A;C;I;K;L;V,differs_from_consensus,True,True,scaffold_differs_from_msa_consensus
6E9E,A,VI-D,binary,466,467,D,392.0,D,467.0,,ASP,True,1619,1620,four_layer_exact,high,0.8736263736263736,0.24,2.2729373170800193,0.12637362637362637,P,D;E;K;N;P;S,differs_from_consensus,True,True,scaffold_differs_from_msa_consensus
6E9E,A,VI-D,binary,469,470,D,395.0,D,470.0,,ASP,True,1642,1643,four_layer_exact,high,0.8131868131868132,0.3274336283185841,2.0235842718943307,0.18681318681318682,N,D;E;K;N;S,differs_from_consensus,True,True,scaffold_differs_from_msa_consensus
6E9E,A,VI-D,binary,471,472,D,397.0,D,472.0,,ASP,True,1649,1650,four_layer_exact,high,0.6703296703296703,0.29920977011494254,2.234683528872811,0.3296703296703297,K,A;D;K;N;S,differs_from_consensus,False,True,scaffold_differs_from_msa_consensus
6E9E,A,VI-D,binary,475,476,K,401.0,K,476.0,,LYS,True,1715,1716,four_layer_exact,high,0.9395604395604396,0.19852941176470587,2.2649299702020453,0.06043956043956045,E,D;E;G;K;N;Q,differs_from_consensus,True,True,scaffold_differs_from_msa_consensus
6E9E,A,VI-D,binary,477,478,S,403.0,S,478.0,,SER,True,1717,1718,four_layer_exact,high,0.9340659340659341,0.2298611111111111,2.4768306474043302,0.06593406593406592,K,D;E;K;N;Q;R;S;T,differs_from_consensus,True,True,scaffold_differs_from_msa_consensus
6E9E,A,VI-D,binary,479,480,S,405.0,S,480.0,,SER,True,1719,1720,four_layer_exact,high,0.7197802197802198,0.23469387755102042,2.2606185232570297,0.2802197802197802,D,D;E;K;N;R;S,differs_from_consensus,False,True,scaffold_differs_from_msa_consensus
6E9E,A,VI-D,binary,480,481,N,406.0,N,481.0,,ASN,True,1720,1721,four_layer_exact,high,0.6868131868131868,0.22826086956521738,2.501347899829055,0.3131868131868132,K,D;E;G;H;K;N;P;S,differs_from_consensus,False,True,scaffold_differs_from_msa_consensus
6E9E,A,VI-D,binary,481,482,I,407.0,I,482.0,,ILE,True,1721,1722,four_layer_exact,high,0.6263736263736264,0.14814814814814814,2.7165792703980234,0.37362637362637363,D,D;E;I;K;L;S;T;V,differs_from_consensus,False,True,scaffold_differs_from_msa_consensus
6E9E,A,VI-D,binary,482,483,E,408.0,E,483.0,,GLU,True,1722,1723,four_layer_exact,high,0.4230769230769231,0.2391304347826087,2.403212749310924,0.5769230769230769,S,D;E;I;K;S;V,differs_from_consensus,False,True,scaffold_differs_from_msa_consensus
6E9E,A,VI-D,binary,483,484,I,409.0,I,484.0,,ILE,True,1779,1780,four_layer_exact,high,0.9120879120879121,0.3435114503816794,1.9320333962666139,0.08791208791208793,F,F;I;L;V;Y,differs_from_consensus,True,True,scaffold_differs_from_msa_consensus
6E9E,A,VI-D,binary,484,485,Q,410.0,Q,485.0,,GLN,True,1780,1781,four_layer_exact,high,0.9340659340659341,0.2518518518518518,2.1702756729707864,0.06593406593406592,K,A;D;K;N;P;R;S;T,differs_from_consensus,True,True,scaffold_differs_from_msa_consensus
6E9E,A,VI-D,binary,486,487,D,412.0,D,487.0,,ASP,True,1799,1800,four_layer_exact,high,0.4725274725274725,0.23270440251572327,2.5025146555781848,0.5274725274725275,I,F;G;I;K;L;N;S;V,differs_from_consensus,False,True,scaffold_differs_from_msa_consensus
6E9E,A,VI-D,binary,489,490,R,415.0,R,490.0,,ARG,True,1818,1819,four_layer_exact,high,0.9010989010989011,0.3023255813953488,2.0708367394739287,0.09890109890109888,E,D;E;N;P;S,differs_from_consensus,True,True,scaffold_differs_from_msa_consensus
6E9E,A,VI-D,binary,490,491,K,416.0,K,491.0,,LYS,True,1819,1820,four_layer_exact,high,0.9010989010989011,0.1937984496124031,2.2989603811603,0.09890109890109888,E,A;D;E;G;K;N;S,differs_from_consensus,True,True,scaffold_differs_from_msa_consensus
6E9E,A,VI-D,binary,491,492,C,417.0,C,492.0,,CYS,True,1820,1821,four_layer_exact,high,0.8791208791208791,0.25661375661375657,2.348692044329717,0.1208791208791209,I,I;L;V;Y,differs_from_consensus,True,True,scaffold_differs_from_msa_consensus
6E9E,A,VI-D,binary,492,493,F,418.0,F,493.0,,PHE,True,1851,1852,four_layer_exact,high,0.5494505494505495,0.16417910447761194,2.7773561777617393,0.4505494505494505,V,A;C;G;L;T;V,differs_from_consensus,False,True,scaffold_differs_from_msa_consensus
6E9E,A,VI-D,binary,493,494,I,419.0,I,494.0,,ILE,True,1852,1853,four_layer_exact,high,0.6318681318681318,0.19166666666666665,2.477836666832085,0.36813186813186816,K,A;F;I;K;L;M;R;S;V,differs_from_consensus,False,True,scaffold_differs_from_msa_consensus
6E9E,A,VI-D,binary,494,495,S,420.0,S,495.0,,SER,True,1853,1854,four_layer_exact,high,0.8461538461538461,0.21666666666666667,2.318497798458601,0.15384615384615385,I,I;K;L;Q;R;S;V,differs_from_consensus,True,True,scaffold_differs_from_msa_consensus
6E9E,A,VI-D,binary,495,496,Y,421.0,Y,496.0,,TYR,True,1854,1855,four_layer_exact,high,0.8846153846153846,0.20209973753280838,2.424667976800019,0.11538461538461542,S,E;G;I;K;L;N;S;T,differs_from_consensus,True,True,scaffold_differs_from_msa_consensus
6E9E,A,VI-D,binary,496,497,A,422.0,A,497.0,,ALA,True,1855,1856,four_layer_exact,high,0.9065934065934066,0.21212121212121213,2.4640271150506643,0.09340659340659341,S,A;D;E;G;K;N;P;R;S;T,differs_from_consensus,True,True,scaffold_differs_from_msa_consensus
6E9E,A,VI-D,binary,497,498,D,423.0,D,498.0,,ASP,True,1856,1857,four_layer_exact,high,0.945054945054945,0.2302158273381295,2.310045202045129,0.05494505494505497,E,A;D;E;K;N;S,differs_from_consensus,True,True,scaffold_differs_from_msa_consensus
6E9E,A,VI-D,binary,498,499,S,424.0,S,499.0,,SER,True,1857,1858,four_layer_exact,high,0.967032967032967,0.3617021276595745,1.9119688492247582,0.03296703296703296,N,D;E;K;N;S,differs_from_consensus,True,True,scaffold_differs_from_msa_consensus
6E9E,A,VI-D,binary,499,500,V,425.0,V,500.0,,VAL,True,1859,1860,four_layer_exact,high,0.978021978021978,0.34265734265734266,1.9582044525873454,0.02197802197802201,A,A;I;T;V,differs_from_consensus,True,True,scaffold_differs_from_msa_consensus
6E9E,A,VI-D,binary,501,502,E,427.0,E,502.0,,GLU,True,1867,1868,four_layer_exact,high,1.0,0.36054421768707484,2.272974925393071,0.0,Y,D;L;P;S;T;Y,differs_from_consensus,True,True,scaffold_differs_from_msa_consensus
6E9E,A,VI-D,binary,503,504,T,429.0,T,504.0,,THR,True,1869,1870,four_layer_exact,high,1.0,0.3469387755102041,1.6809986183902323,0.0,S,A;C;S;T;V,differs_from_consensus,True,True,scaffold_differs_from_msa_consensus
6E9E,A,VI-D,binary,508,509,L,434.0,L,509.0,,LEU,True,1874,1875,four_layer_exact,high,1.0,0.35374149659863946,1.6924165180236204,0.0,F,A;F;L;M;V,differs_from_consensus,True,True,scaffold_differs_from_msa_consensus
6E9E,A,VI-D,binary,511,512,R,437.0,R,512.0,,ARG,True,1877,1878,four_layer_exact,high,1.0,0.3129251700680272,2.220253024889425,0.0,L,F;K;L;M;N;R,differs_from_consensus,True,True,scaffold_differs_from_msa_consensus
6E9E,A,VI-D,binary,514,515,S,440.0,S,515.0,,SER,True,1880,1881,four_layer_exact,high,1.0,0.7959183673469388,0.7786317192627682,0.0,D,D;E;N,differs_from_consensus,True,True,scaffold_differs_from_msa_consensus
6E9E,A,VI-D,binary,522,523,V,448.0,V,523.0,,VAL,True,1888,1889,four_layer_exact,high,1.0,0.7074829931972789,1.094446455166942,0.0,L,F;I;L;V,differs_from_consensus,True,True,scaffold_differs_from_msa_consensus
6E9E,A,VI-D,binary,533,534,R,459.0,R,534.0,,ARG,True,1899,1900,four_layer_exact,high,1.0,0.3469387755102041,2.0446377815591643,0.0,A,A;D;N;Q;R;S,differs_from_consensus,True,True,scaffold_differs_from_msa_consensus
6E9E,A,VI-D,binary,536,537,L,462.0,L,537.0,,LEU,True,1902,1903,four_layer_exact,high,1.0,0.3741496598639456,1.8950098821150316,0.0,I,I;L;M;N;V,differs_from_consensus,True,True,scaffold_differs_from_msa_consensus
6E9E,A,VI-D,binary,537,538,E,463.0,E,538.0,,GLU,True,1903,1904,four_layer_exact,high,1.0,0.3469387755102041,2.0107811541491083,0.0,D,D;E;K;N;Q;S,differs_from_consensus,True,True,scaffold_differs_from_msa_consensus
6E9E,A,VI-D,binary,538,539,I,464.0,I,539.0,,ILE,True,1904,1905,four_layer_exact,high,1.0,0.3741496598639456,1.562613437700859,0.0,V,I;L;T;V,differs_from_consensus,True,True,scaffold_differs_from_msa_consensus
6E9E,A,VI-D,binary,539,540,M,465.0,M,540.0,,MET,True,1913,1914,four_layer_exact,high,1.0,0.30718537414965985,1.8058501554481994,0.0,L,A;I;L;M,differs_from_consensus,True,True,scaffold_differs_from_msa_consensus
6E9E,A,VI-D,binary,540,541,D,466.0,D,541.0,,ASP,True,1914,1915,four_layer_exact,high,0.9945054945054945,0.3219178082191781,2.0026462262962146,0.005494505494505475,K,D;E;K;N;R,differs_from_consensus,True,True,scaffold_differs_from_msa_consensus
6E9E,A,VI-D,binary,545,546,D,471.0,D,546.0,,ASP,True,1953,1954,four_layer_exact,high,0.967032967032967,0.24135638297872342,2.1898049691173327,0.03296703296703296,E,D;E;K;N;P;S,differs_from_consensus,True,True,scaffold_differs_from_msa_consensus
6E9E,A,VI-D,binary,546,547,R,472.0,R,547.0,,ARG,True,1954,1955,four_layer_exact,high,0.9560439560439561,0.17266187050359713,2.4325451488115584,0.04395604395604391,V,A;C;I;L;R;S;T;V,differs_from_consensus,True,True,scaffold_differs_from_msa_consensus
6E9E,A,VI-D,binary,547,548,T,473.0,T,548.0,,THR,True,1981,1982,four_layer_exact,high,0.9725274725274725,0.23943661971830985,2.4260502226502383,0.027472527472527486,E,D;E;K;N;S;T,differs_from_consensus,True,True,scaffold_differs_from_msa_consensus
6E9E,A,VI-D,binary,550,551,A,476.0,A,551.0,,ALA,True,2037,2038,four_layer_exact,high,1.0,0.25396825396825395,2.0892276975605535,0.0,E,A;D;E;K;P,differs_from_consensus,True,True,scaffold_differs_from_msa_consensus
6E9E,A,VI-D,binary,553,554,S,479.0,S,554.0,,SER,True,2051,2052,four_layer_exact,high,0.9945054945054945,0.21575342465753425,2.177386161055365,0.005494505494505475,K,A;E;K;R;S,differs_from_consensus,True,True,scaffold_differs_from_msa_consensus
6E9E,A,VI-D,binary,556,557,E,482.0,E,557.0,,GLU,True,2077,2078,four_layer_exact,high,0.9725274725274725,0.323943661971831,2.0774301339406964,0.027472527472527486,N,A;D;E;K;N;S,differs_from_consensus,True,True,scaffold_differs_from_msa_consensus
6E9E,A,VI-D,binary,557,558,G,483.0,G,558.0,,GLY,True,2094,2095,four_layer_exact,high,1.0,0.22448979591836735,2.406589494979646,0.0,N,D;E;K;N;Q;R;S,differs_from_consensus,True,True,scaffold_differs_from_msa_consensus
6E9E,A,VI-D,binary,559,560,T,485.0,T,560.0,,THR,True,2096,2097,four_layer_exact,high,1.0,0.2108843537414966,2.222595186472575,0.0,G,A;D;E;G;K;R;S,differs_from_consensus,True,True,scaffold_differs_from_msa_consensus
6E9E,A,VI-D,binary,561,562,Y,487.0,Y,562.0,,TYR,True,2098,2099,four_layer_exact,high,1.0,0.5782312925170068,1.424677957899505,0.0,I,I;V;Y,differs_from_consensus,True,True,scaffold_differs_from_msa_consensus
6E9E,A,VI-D,binary,562,563,L,488.0,L,563.0,,LEU,True,2099,2100,four_layer_exact,high,1.0,0.5238095238095238,1.6623759917322187,0.0,A,A;C;S;V,differs_from_consensus,True,True,scaffold_differs_from_msa_consensus
6E9E,A,VI-D,binary,563,564,A,489.0,A,564.0,,ALA,True,2104,2105,four_layer_exact,high,0.989010989010989,0.20689655172413793,2.3409813170190277,0.01098901098901095,E,A;D;E;K;N;R;S,differs_from_consensus,True,True,scaffold_differs_from_msa_consensus
6E9E,A,VI-D,binary,566,567,V,492.0,V,567.0,,VAL,True,2107,2108,four_layer_exact,high,0.9945054945054945,0.5958904109589042,1.604710796645177,0.005494505494505475,R,K;N;R;T,differs_from_consensus,True,True,scaffold_differs_from_msa_consensus
6E9E,A,VI-D,binary,567,568,E,493.0,E,568.0,,GLU,True,2108,2109,four_layer_exact,high,1.0,0.2857142857142857,2.1428791785498946,0.0,I,A;E;F;I;L;T;V,differs_from_consensus,True,True,scaffold_differs_from_msa_consensus
6E9E,A,VI-D,binary,568,569,L,494.0,L,569.0,,LEU,True,2109,2110,four_layer_exact,high,1.0,0.3673469387755102,1.332497444898705,0.0,I,I;L;V,differs_from_consensus,True,True,scaffold_differs_from_msa_consensus
6E9E,A,VI-D,binary,569,570,N,495.0,N,570.0,,ASN,True,2110,2111,four_layer_exact,high,1.0,0.3877551020408163,1.5727945757315092,0.0,K,A;K;N,differs_from_consensus,True,True,scaffold_differs_from_msa_consensus
6E9E,A,VI-D,binary,572,573,V,498.0,V,573.0,,VAL,True,2113,2114,four_layer_exact,high,1.0,0.6530612244897959,1.19525362353663,0.0,A,A;G;S,differs_from_consensus,True,True,scaffold_differs_from_msa_consensus
6E9E,A,VI-D,binary,573,574,K,499.0,K,574.0,,LYS,True,2114,2115,four_layer_exact,high,1.0,0.6122448979591837,1.2143778303437045,0.0,R,K;R,differs_from_consensus,True,True,scaffold_differs_from_msa_consensus
6E9E,A,VI-D,binary,574,575,S,500.0,S,575.0,,SER,True,2115,2116,four_layer_exact,high,1.0,0.8571428571428571,0.7113012067054002,0.0,M,M,differs_from_consensus,True,True,scaffold_differs_from_msa_consensus
6E9E,A,VI-D,binary,575,576,C,501.0,C,576.0,,CYS,True,2116,2117,four_layer_exact,high,0.9285714285714286,0.21641791044776118,2.2640765960078166,0.0714285714285714,K,C;D;E;G;K;Q;S;T,differs_from_consensus,True,True,scaffold_differs_from_msa_consensus
6E9E,A,VI-D,binary,576,577,S,502.0,S,577.0,,SER,True,2122,2123,four_layer_exact,high,0.8516483516483516,0.6166666666666667,1.582507438135677,0.14835164835164838,K,K;R;S,differs_from_consensus,True,True,scaffold_differs_from_msa_consensus
6E9E,A,VI-D,binary,577,578,F,503.0,F,578.0,,PHE,True,2123,2124,four_layer_exact,high,0.8516483516483516,0.4166666666666667,2.1032142678567847,0.14835164835164838,P,A;E;K;P,differs_from_consensus,True,True,scaffold_differs_from_msa_consensus
6E9E,A,VI-D,binary,579,580,I,505.0,I,580.0,,ILE,True,2131,2132,four_layer_exact,high,0.967032967032967,0.16312056737588654,2.427358468175039,0.03296703296703296,A,A;E;I;K;L;M;P;V,differs_from_consensus,True,True,scaffold_differs_from_msa_consensus
6E9E,A,VI-D,binary,584,585,T,510.0,T,585.0,,THR,True,2162,2163,four_layer_exact,high,0.9285714285714286,0.17037037037037037,2.5169221974396727,0.0714285714285714,V,A;E;I;P;Q;S;T;V,differs_from_consensus,True,True,scaffold_differs_from_msa_consensus
6E9E,A,VI-D,binary,591,592,D,517.0,D,592.0,,ASP,True,2179,2180,four_layer_exact,high,0.9945054945054945,0.1506849315068493,2.5423870286418473,0.005494505494505475,R,A;D;E;K;N;Q;R;T;Y,differs_from_consensus,True,True,scaffold_differs_from_msa_consensus
6E9E,A,VI-D,binary,596,597,E,522.0,E,597.0,,GLU,True,2207,2208,four_layer_exact,high,0.6153846153846154,0.2294372294372294,2.3917285271214634,0.3846153846153846,D,D;E;G;K;N;P;R;S,differs_from_consensus,False,True,scaffold_differs_from_msa_consensus
6E9E,A,VI-D,binary,597,598,S,523.0,S,598.0,,SER,True,2208,2209,four_layer_exact,high,0.4835164835164835,0.14814814814814814,2.4353644381839836,0.5164835164835164,K,D;E;G;H;K;N;S;T;V,differs_from_consensus,False,True,scaffold_differs_from_msa_consensus
6E9E,A,VI-D,binary,599,600,K,525.0,K,600.0,,LYS,True,2210,2211,four_layer_exact,high,0.6868131868131868,0.23333333333333334,2.6046820032950753,0.3131868131868132,M,A;I;K;L;M;V;Y,differs_from_consensus,False,True,scaffold_differs_from_msa_consensus
6E9E,A,VI-D,binary,600,601,T,526.0,T,601.0,,THR,True,2211,2212,four_layer_exact,high,0.7637362637362637,0.3272235576923077,2.2898809709004224,0.2362637362637363,S,D;E;Q;S;T;Y,differs_from_consensus,False,True,scaffold_differs_from_msa_consensus
6E9E,A,VI-D,binary,603,604,D,529.0,D,604.0,,ASP,True,2214,2215,four_layer_exact,high,0.9395604395604396,0.40686274509803916,1.9177663889166732,0.06043956043956045,E,A;D;E;N;Q,differs_from_consensus,True,True,scaffold_differs_from_msa_consensus
6E9E,A,VI-D,binary,604,605,I,530.0,I,605.0,,ILE,True,2215,2216,four_layer_exact,high,0.9395604395604396,0.27941176470588236,2.3270442032622807,0.06043956043956045,L,F;I;L;V;Y,differs_from_consensus,True,True,scaffold_differs_from_msa_consensus
6E9E,A,VI-D,binary,605,606,E,531.0,E,606.0,,GLU,True,2216,2217,four_layer_exact,high,0.9505494505494505,0.2246376811594203,2.2562227947184934,0.0494505494505495,D,D;E;K;N;Q;S,differs_from_consensus,True,True,scaffold_differs_from_msa_consensus
6E9E,A,VI-D,binary,606,607,K,532.0,K,607.0,,LYS,True,2217,2218,four_layer_exact,high,0.9340659340659341,0.2222222222222222,2.186511054381146,0.06593406593406592,E,A;D;E;K;N;Q;R;S,differs_from_consensus,True,True,scaffold_differs_from_msa_consensus
6E9E,A,VI-D,binary,607,608,M,533.0,M,608.0,,MET,True,2218,2219,four_layer_exact,high,0.9340659340659341,0.23703703703703705,2.3975259230819947,0.06593406593406592,Y,A;E;F;I;K;L;M;Y,differs_from_consensus,True,True,scaffold_differs_from_msa_consensus
6E9E,A,VI-D,binary,608,609,I,534.0,I,609.0,,ILE,True,2231,2232,four_layer_exact,high,0.7362637362637363,0.32,1.7236461551685858,0.2637362637362637,L,A;F;I;L;V,differs_from_consensus,False,True,scaffold_differs_from_msa_consensus
6E9E,A,VI-D,binary,610,611,N,536.0,N,611.0,,ASN,True,2234,2235,four_layer_exact,high,0.9065934065934066,0.20454545454545456,2.2742192318380194,0.09340659340659341,E,D;E;K;N;R,differs_from_consensus,True,True,scaffold_differs_from_msa_consensus
6E9E,A,VI-D,binary,613,614,Q,539.0,Q,614.0,,GLN,True,2237,2238,four_layer_exact,high,0.7857142857142857,0.22522522522522523,2.5311921718650634,0.2142857142857143,E,A;C;E;G;K;N;Q;S,differs_from_consensus,False,True,scaffold_differs_from_msa_consensus
6E9E,A,VI-D,binary,614,615,I,540.0,I,615.0,,ILE,True,2277,2278,four_layer_exact,high,0.6648351648351648,0.25287356321839083,2.3446029804260986,0.3351648351648352,L,F;G;I;K;L;V;Y,differs_from_consensus,False,True,scaffold_differs_from_msa_consensus
6E9E,A,VI-D,binary,615,616,D,,,,,,False,2278,2279,full_msa_only_unresolved_coordinate,medium,0.7252747252747253,0.5612244897959183,1.5694452231864695,0.27472527472527475,D,D;E;K;N,matches_consensus,False,True,unresolved_internal
6E9E,A,VI-D,binary,616,617,A,,,,,,False,2279,2280,full_msa_only_unresolved_coordinate,medium,0.7032967032967034,0.30526315789473685,2.1467039349033055,0.29670329670329665,K,A;E;K;P;R;S;T,differs_from_consensus,False,True,unresolved_internal;scaffold_differs_from_msa_consensus
6E9E,A,VI-D,binary,617,618,N,,,,,,False,2280,2281,full_msa_only_unresolved_coordinate,medium,0.5659340659340659,0.2857142857142857,2.2393309991903956,0.4340659340659341,N,A;D;E;G;K;N;S,matches_consensus,False,True,unresolved_internal
6E9E,A,VI-D,binary,618,619,G,,,,,,False,2290,2291,full_msa_only_unresolved_coordinate,medium,0.6978021978021978,0.6344086021505376,1.383610521736433,0.30219780219780223,G,G;K;N;S,matches_consensus,False,True,unresolved_internal
6E9E,A,VI-D,binary,619,620,D,,,,,,False,2291,2292,full_msa_only_unresolved_coordinate,medium,0.7362637362637363,0.4603125,1.7781822332535753,0.2637362637362637,K,D;E;K;N;T,differs_from_consensus,False,True,unresolved_internal;scaffold_differs_from_msa_consensus
6E9E,A,VI-D,binary,620,621,K,,,,,,False,2292,2293,full_msa_only_unresolved_coordinate,medium,0.7692307692307693,0.32075471698113206,2.3879128042717594,0.23076923076923073,K,E;K;P;T,matches_consensus,False,True,unresolved_internal
6E9E,A,VI-D,binary,621,622,K,,,,,,False,2296,2297,full_msa_only_unresolved_coordinate,medium,0.4835164835164835,0.35658482142857145,2.229665617075063,0.5164835164835164,K,A;E;G;K;N;P,matches_consensus,False,True,unresolved_internal
6E9E,A,VI-D,binary,622,623,L,,,,,,False,2297,2298,full_msa_only_unresolved_coordinate,medium,0.4835164835164835,0.17857142857142858,2.369497347081102,0.5164835164835164,G,A;D;E;G;K;L;P;S;T,differs_from_consensus,False,True,unresolved_internal;scaffold_differs_from_msa_consensus
6E9E,A,VI-D,binary,625,626,N,543.0,N,626.0,,ASN,True,2300,2301,four_layer_exact,high,0.41208791208791207,0.2727272727272727,1.9138771772886183,0.5879120879120879,G,D;E;G;K;N,differs_from_consensus,False,True,scaffold_differs_from_msa_consensus
6E9E,A,VI-D,binary,628,629,L,546.0,L,629.0,,LEU,True,2344,2345,four_layer_exact,high,0.9945054945054945,0.4726027397260274,1.5759153766818645,0.005494505494505475,F,F;I;L;V,differs_from_consensus,True,True,scaffold_differs_from_msa_consensus
6E9E,A,VI-D,binary,634,635,S,552.0,S,635.0,,SER,True,2356,2357,four_layer_exact,high,1.0,0.7142857142857143,0.8897169537548101,0.0,N,K;N;S,differs_from_consensus,True,True,scaffold_differs_from_msa_consensus
6E9E,A,VI-D,binary,638,639,D,556.0,D,639.0,,ASP,True,2360,2361,four_layer_exact,high,1.0,0.3333333333333333,1.8971449057834,0.0,E,D;E;K;N;S,differs_from_consensus,True,True,scaffold_differs_from_msa_consensus
6E9E,A,VI-D,binary,640,641,N,558.0,N,641.0,,ASN,True,2362,2363,four_layer_exact,high,1.0,0.35374149659863946,1.8156290973535367,0.0,R,K;N;R;S;T,differs_from_consensus,True,True,scaffold_differs_from_msa_consensus
6E9E,A,VI-D,binary,654,655,I,572.0,I,655.0,,ILE,True,2377,2378,four_layer_exact,high,1.0,0.35374149659863946,1.688112846401972,0.0,V,A;C;I;L;V,differs_from_consensus,True,True,scaffold_differs_from_msa_consensus
6E9E,A,VI-D,binary,656,657,E,574.0,E,657.0,,GLU,True,2379,2380,four_layer_exact,high,1.0,0.3356009070294784,2.0562657025875595,0.0,K,A;E;K;R,differs_from_consensus,True,True,scaffold_differs_from_msa_consensus
6E9E,A,VI-D,binary,657,658,T,575.0,T,658.0,,THR,True,2380,2381,four_layer_exact,high,1.0,0.46938775510204084,1.4714960160367159,0.0,L,F;I;L;V,differs_from_consensus,True,True,scaffold_differs_from_msa_consensus
6E9E,A,VI-D,binary,660,661,C,578.0,C,661.0,,CYS,True,2388,2389,four_layer_exact,high,1.0,0.7959183673469388,0.8274555280008078,0.0,N,C;N,differs_from_consensus,True,True,scaffold_differs_from_msa_consensus
6E9E,A,VI-D,binary,661,662,K,579.0,K,662.0,,LYS,True,2389,2390,four_layer_exact,high,1.0,0.28741496598639454,2.0159987736505576,0.0,E,E;K;P;R;T,differs_from_consensus,True,True,scaffold_differs_from_msa_consensus
6E9E,A,VI-D,binary,662,663,P,580.0,P,663.0,,PRO,True,2390,2391,four_layer_exact,high,1.0,0.23809523809523808,2.3303626812105,0.0,K,A;E;K;N;P;S;T,differs_from_consensus,True,True,scaffold_differs_from_msa_consensus
6E9E,A,VI-D,binary,663,664,A,581.0,A,664.0,,ALA,True,2391,2392,four_layer_exact,high,1.0,0.3469387755102041,1.4594640207736869,0.0,V,A;I;L;V,differs_from_consensus,True,True,scaffold_differs_from_msa_consensus
6E9E,A,VI-D,binary,669,670,N,587.0,N,670.0,,ASN,True,2398,2399,four_layer_exact,high,0.9945054945054945,0.2602739726027397,2.153475989484622,0.005494505494505475,K,D;E;G;K;N;R;S,differs_from_consensus,True,True,scaffold_differs_from_msa_consensus
6E9E,A,VI-D,binary,670,671,E,588.0,E,671.0,,GLU,True,2407,2408,four_layer_exact,high,0.978021978021978,0.3076923076923077,2.03431797599515,0.02197802197802201,R,D;E;G;K;R;S,differs_from_consensus,True,True,scaffold_differs_from_msa_consensus
6E9E,A,VI-D,binary,674,675,A,592.0,A,675.0,,ALA,True,2433,2434,four_layer_exact,high,1.0,0.2653061224489796,1.9733158421276453,0.0,T,A;E;K;N;S;T,differs_from_consensus,True,True,scaffold_differs_from_msa_consensus
6E9E,A,VI-D,binary,677,678,E,595.0,E,678.0,,GLU,True,2436,2437,four_layer_exact,high,1.0,0.36054421768707484,2.145366358317453,0.0,D,D;E;K;L;R;T,differs_from_consensus,True,True,scaffold_differs_from_msa_consensus
6E9E,A,VI-D,binary,681,682,E,599.0,E,682.0,,GLU,True,2445,2446,four_layer_exact,high,0.9725274725274725,0.1974031690140845,2.4402951543493234,0.027472527472527486,K,D;E;K;N;R,differs_from_consensus,True,True,scaffold_differs_from_msa_consensus
6E9E,A,VI-D,binary,682,683,A,600.0,A,683.0,,ALA,True,2446,2447,four_layer_exact,high,0.9725274725274725,0.4859154929577465,1.7173684276155556,0.027472527472527486,S,A;S;T,differs_from_consensus,True,True,scaffold_differs_from_msa_consensus
6E9E,A,VI-D,binary,684,685,C,602.0,C,685.0,,CYS,True,2453,2454,four_layer_exact,high,0.8241758241758241,0.22608695652173913,2.5951530840494907,0.17582417582417587,T,F;G;I;K;N;S;T;V,differs_from_consensus,True,True,scaffold_differs_from_msa_consensus
6E9E,A,VI-D,binary,685,686,P,603.0,P,686.0,,PRO,True,2454,2455,four_layer_exact,high,0.8461538461538461,0.4369747899159664,2.0463891484723957,0.15384615384615385,G,D;E;G,differs_from_consensus,True,True,scaffold_differs_from_msa_consensus
6E9E,A,VI-D,binary,686,687,K,,,,,,False,2455,2456,full_msa_only_unresolved_coordinate,medium,0.7582417582417582,0.16201456310679613,2.6546072910495537,0.2417582417582418,K,A;E;G;I;K;N;P;S;T,matches_consensus,False,True,unresolved_internal
6E9E,A,VI-D,binary,687,688,N,,,,,,False,2456,2457,full_msa_only_unresolved_coordinate,medium,0.8186813186813187,0.17543859649122806,2.448897424287677,0.18131868131868134,K,D;E;G;K;N;P;R;S,differs_from_consensus,False,True,unresolved_internal;scaffold_differs_from_msa_consensus
6E9E,A,VI-D,binary,688,689,T,,,,,,False,2457,2458,full_msa_only_unresolved_coordinate,medium,0.5439560439560439,0.23076923076923078,2.3437011529219887,0.4560439560439561,E,D;E;P;S;T,differs_from_consensus,False,True,unresolved_internal;scaffold_differs_from_msa_consensus
6E9E,A,VI-D,binary,689,690,A,,,,,,False,2458,2459,full_msa_only_unresolved_coordinate,medium,0.4835164835164835,0.12962962962962962,2.6984803688903556,0.5164835164835164,E,A;E;I;L;N;P;S;T;V,differs_from_consensus,False,True,unresolved_internal;scaffold_differs_from_msa_consensus
6E9E,A,VI-D,binary,690,691,L,,,,,,False,2459,2460,full_msa_only_unresolved_coordinate,medium,0.4065934065934066,0.19047619047619047,2.5036877497927854,0.5934065934065934,Y,F;I;L;P;Y,differs_from_consensus,False,True,unresolved_internal;scaffold_differs_from_msa_consensus
6E9E,A,VI-D,binary,691,692,C,604.0,C,692.0,,CYS,True,2460,2461,four_layer_exact,high,0.3626373626373626,0.20588235294117646,2.462566966920486,0.6373626373626373,D,A;C;D;E;N;P;S;T;Y,differs_from_consensus,False,True,scaffold_differs_from_msa_consensus
6E9E,A,VI-D,binary,692,693,S,605.0,S,693.0,,SER,True,2461,2462,four_layer_exact,high,0.3076923076923077,0.16666666666666666,2.469811713553478,0.6923076923076923,N,D;K;N;Q;R;S;T;V,differs_from_consensus,False,True,scaffold_differs_from_msa_consensus
6E9E,A,VI-D,binary,693,694,A,606.0,A,694.0,,ALA,True,2462,2463,four_layer_exact,high,0.4065934065934066,0.2,2.3080871436024677,0.5934065934065934,P,A;E;G;K;N;P;Q;S;T,differs_from_consensus,False,True,scaffold_differs_from_msa_consensus
6E9E,A,VI-D,binary,694,695,N,607.0,N,695.0,,ASN,True,2482,2483,four_layer_exact,high,0.8846153846153846,0.2887139107611548,2.1441282122661236,0.11538461538461542,E,D;E;K;N;S,differs_from_consensus,True,True,scaffold_differs_from_msa_consensus
6E9E,A,VI-D,binary,695,696,K,608.0,K,696.0,,LYS,True,2483,2484,four_layer_exact,high,0.8901098901098901,0.3125,2.275687682037037,0.10989010989010994,E,A;D;E;K;R;T,differs_from_consensus,True,True,scaffold_differs_from_msa_consensus
6E9E,A,VI-D,binary,696,697,R,609.0,R,697.0,,ARG,True,2484,2485,four_layer_exact,high,0.9945054945054945,0.4535530821917808,1.8017100993145243,0.005494505494505475,K,K;M;Q,differs_from_consensus,True,True,scaffold_differs_from_msa_consensus
6E9E,A,VI-D,binary,697,698,R,610.0,R,698.0,,ARG,True,2485,2486,four_layer_exact,high,1.0,0.46938775510204084,1.4556105835935438,0.0,I,I;L;R;V,differs_from_consensus,True,True,scaffold_differs_from_msa_consensus
6E9E,A,VI-D,binary,698,699,E,611.0,E,699.0,,GLU,True,2486,2487,four_layer_exact,high,1.0,0.31994047619047616,2.0892302674309065,0.0,D,A;D;E;K;N;Q;S,differs_from_consensus,True,True,scaffold_differs_from_msa_consensus
6E9E,A,VI-D,binary,699,700,K,612.0,K,700.0,,LYS,True,2487,2488,four_layer_exact,high,1.0,0.16326530612244897,2.5682494721684734,0.0,E,A;E;F;K;T;V;Y,differs_from_consensus,True,True,scaffold_differs_from_msa_consensus
6E9E,A,VI-D,binary,702,703,D,615.0,D,703.0,,ASP,True,2490,2491,four_layer_exact,high,1.0,0.23129251700680273,2.0818279240922206,0.0,E,D;E;G;K;N;R,differs_from_consensus,True,True,scaffold_differs_from_msa_consensus
6E9E,A,VI-D,binary,703,704,M,616.0,M,704.0,,MET,True,2491,2492,four_layer_exact,high,1.0,0.1564625850340136,2.3943393928930647,0.0,I,A;E;I;K;L;M;Q;R,differs_from_consensus,True,True,scaffold_differs_from_msa_consensus
6E9E,A,VI-D,binary,705,706,A,618.0,A,706.0,,ALA,True,2493,2494,four_layer_exact,high,1.0,0.23129251700680273,2.377059686067302,0.0,T,A;C;K;R;S;T;V,differs_from_consensus,True,True,scaffold_differs_from_msa_consensus
6E9E,A,VI-D,binary,706,707,E,619.0,E,707.0,,GLU,True,2494,2495,four_layer_exact,high,1.0,0.20408163265306123,2.1812981957329782,0.0,G,D;E;G;K;N;Q;S,differs_from_consensus,True,True,scaffold_differs_from_msa_consensus
6E9E,A,VI-D,binary,707,708,I,620.0,I,708.0,,ILE,True,2495,2496,four_layer_exact,high,1.0,0.272108843537415,1.7179731267051934,0.0,F,F;I;L;M;V,differs_from_consensus,True,True,scaffold_differs_from_msa_consensus
6E9E,A,VI-D,binary,708,709,K,621.0,K,709.0,,LYS,True,2496,2497,four_layer_exact,high,1.0,0.41496598639455784,1.6454428118663162,0.0,S,D;K;N;S;T,differs_from_consensus,True,True,scaffold_differs_from_msa_consensus
6E9E,A,VI-D,binary,710,711,E,623.0,E,711.0,,GLU,True,2498,2499,four_layer_exact,high,1.0,0.20904195011337867,2.2685962897054077,0.0,D,D;E;G;K;N;S,differs_from_consensus,True,True,scaffold_differs_from_msa_consensus
6E9E,A,VI-D,binary,711,712,N,624.0,N,712.0,,ASN,True,2500,2501,four_layer_exact,high,0.967032967032967,0.20611702127659576,2.411003770316559,0.03296703296703296,D,D;E;K;N;Q;S;T,differs_from_consensus,True,True,scaffold_differs_from_msa_consensus
6E9E,A,VI-D,binary,713,714,S,626.0,S,714.0,,SER,True,2503,2504,four_layer_exact,high,0.978021978021978,0.24475524475524477,2.345306231783017,0.02197802197802201,E,E;I;K;L;R;S;T,differs_from_consensus,True,True,scaffold_differs_from_msa_consensus
6E9E,A,VI-D,binary,715,716,A,628.0,A,716.0,,ALA,True,2517,2518,four_layer_exact,high,0.9615384615384616,0.5928571428571429,1.110576939410738,0.038461538461538436,V,A;I;V,differs_from_consensus,True,True,scaffold_differs_from_msa_consensus
6E9E,A,VI-D,binary,716,717,G,629.0,G,717.0,,GLY,True,2526,2527,four_layer_exact,high,0.8956043956043956,0.2578125,2.3014362249240654,0.10439560439560436,K,D;E;G;K;N;Q;R,differs_from_consensus,True,True,scaffold_differs_from_msa_consensus
6E9E,A,VI-D,binary,717,718,N,630.0,N,718.0,,ASN,True,2527,2528,four_layer_exact,high,0.8846153846153846,0.40476190476190477,1.885689526112464,0.11538461538461542,Q,E;K;N;Q;T,differs_from_consensus,True,True,scaffold_differs_from_msa_consensus
6E9E,A,VI-D,binary,718,719,Y,631.0,Y,719.0,,TYR,True,2528,2529,four_layer_exact,high,0.8846153846153846,0.19047619047619047,2.557731120816462,0.11538461538461542,K,A;K;L;M;N;S;V,differs_from_consensus,True,True,scaffold_differs_from_msa_consensus
6E9E,A,VI-D,binary,719,720,Q,632.0,Q,720.0,,GLN,True,2532,2533,four_layer_exact,high,0.7802197802197802,0.1743119266055046,2.408228072180579,0.21978021978021978,A,A;D;E;K;N;Q;S;V,differs_from_consensus,False,True,scaffold_differs_from_msa_consensus
6E9E,A,VI-D,binary,723,724,V,636.0,V,724.0,,VAL,True,2543,2544,four_layer_exact,high,0.521978021978022,0.284375,2.1764025004460144,0.478021978021978,A,A;D;E;G;K;S;V,differs_from_consensus,False,True,scaffold_differs_from_msa_consensus
6E9E,A,VI-D,binary,724,725,T,637.0,T,725.0,,THR,True,2544,2545,four_layer_exact,high,0.521978021978022,0.25,2.1819940971853127,0.478021978021978,D,D;E;K;N;Q;R;S;T,differs_from_consensus,False,True,scaffold_differs_from_msa_consensus
6E9E,A,VI-D,binary,725,726,S,638.0,S,726.0,,SER,True,2551,2552,four_layer_exact,high,0.24175824175824176,0.3076923076923077,1.3516811946858949,0.7582417582417582,G,A;D;G;S,differs_from_consensus,False,True,scaffold_differs_from_msa_consensus
6E9E,A,VI-D,binary,726,727,R,639.0,R,727.0,,ARG,True,2552,2553,four_layer_exact,high,0.24175824175824176,0.23557692307692307,1.8905691715061717,0.7582417582417582,T,D;K;L;S;T;V;Y,differs_from_consensus,False,True,scaffold_differs_from_msa_consensus
6E9E,A,VI-D,binary,727,728,T,640.0,T,728.0,,THR,True,2555,2556,four_layer_exact,high,0.8131868131868132,0.17391304347826086,2.3780661473668188,0.18681318681318682,S,A;G;K;P;Q;R;S;T,differs_from_consensus,True,True,scaffold_differs_from_msa_consensus
6E9E,A,VI-D,binary,728,729,S,641.0,S,729.0,,SER,True,2556,2557,four_layer_exact,high,0.8461538461538461,0.1652892561983471,2.420833704936432,0.15384615384615385,E,A;D;E;K;N;Q;R,differs_from_consensus,True,True,scaffold_differs_from_msa_consensus
6E9E,A,VI-D,binary,730,731,A,643.0,A,731.0,,ALA,True,2559,2560,four_layer_exact,high,0.9725274725274725,0.29577464788732394,2.3409547363578675,0.027472527472527486,N,A;G;I;K;N;Q;S,differs_from_consensus,True,True,scaffold_differs_from_msa_consensus
6E9E,A,VI-D,binary,732,733,I,645.0,I,733.0,,ILE,True,2561,2562,four_layer_exact,high,0.9835164835164835,0.3402777777777778,2.1743241749712787,0.016483516483516536,E,D;E;K;Q;R,differs_from_consensus,True,True,scaffold_differs_from_msa_consensus
6E9E,A,VI-D,binary,734,735,R,647.0,R,735.0,,ARG,True,2563,2564,four_layer_exact,high,0.989010989010989,0.5655172413793104,1.6154148084290416,0.01098901098901095,E,A;E;Q;R,differs_from_consensus,True,True,scaffold_differs_from_msa_consensus
6E9E,A,VI-D,binary,735,736,K,648.0,K,736.0,,LYS,True,2564,2565,four_layer_exact,high,0.9945054945054945,0.4452054794520548,1.5924278725022518,0.005494505494505475,R,K;Q;R,differs_from_consensus,True,True,scaffold_differs_from_msa_consensus
6E9E,A,VI-D,binary,736,737,N,649.0,N,737.0,,ASN,True,2565,2566,four_layer_exact,high,1.0,0.22448979591836735,2.217077410589673,0.0,K,F;K;L;M;N;Y,differs_from_consensus,True,True,scaffold_differs_from_msa_consensus
6E9E,A,VI-D,binary,737,738,Q,650.0,Q,738.0,,GLN,True,2566,2567,four_layer_exact,high,1.0,0.5714285714285714,1.3168066800392397,0.0,K,K;Q,differs_from_consensus,True,True,scaffold_differs_from_msa_consensus
6E9E,A,VI-D,binary,741,742,R,654.0,R,742.0,,ARG,True,2570,2571,four_layer_exact,high,0.9945054945054945,0.3583617747440273,1.628871656479298,0.005494505494505475,G,G;K;N;R;S;T,differs_from_consensus,True,True,scaffold_differs_from_msa_consensus
6E9E,A,VI-D,binary,747,748,M,660.0,M,748.0,,MET,True,2576,2577,four_layer_exact,high,0.9945054945054945,0.3583617747440273,1.7035115601036432,0.005494505494505475,L,A;I;L;M;V,differs_from_consensus,True,True,scaffold_differs_from_msa_consensus
6E9E,A,VI-D,binary,749,750,I,662.0,I,750.0,,ILE,True,2578,2579,four_layer_exact,high,0.9945054945054945,0.5802047781569966,1.3137402061419368,0.005494505494505475,L,I;L;Q,differs_from_consensus,True,True,scaffold_differs_from_msa_consensus
6E9E,A,VI-D,binary,750,751,M,663.0,M,751.0,,MET,True,2579,2580,four_layer_exact,high,0.9945054945054945,0.3583617747440273,1.6765219583980584,0.005494505494505475,I,A;F;I;L;V,differs_from_consensus,True,True,scaffold_differs_from_msa_consensus
6E9E,A,VI-D,binary,751,752,L,664.0,L,752.0,,LEU,True,2580,2581,four_layer_exact,high,0.9945054945054945,0.41638225255972694,1.7118747516697965,0.005494505494505475,V,I;L;T;V,differs_from_consensus,True,True,scaffold_differs_from_msa_consensus
6E9E,A,VI-D,binary,759,760,A,672.0,A,760.0,,ALA,True,2588,2589,four_layer_exact,high,0.9945054945054945,0.44368600682593856,1.204293998580746,0.005494505494505475,S,A;S;T,differs_from_consensus,True,True,scaffold_differs_from_msa_consensus
6E9E,A,VI-D,binary,768,769,V,681.0,V,769.0,,VAL,True,2597,2598,four_layer_exact,high,0.9945054945054945,0.5872440273037542,1.4647097106339533,0.005494505494505475,L,F;L;V;Y,differs_from_consensus,True,True,scaffold_differs_from_msa_consensus
6E9E,A,VI-D,binary,772,773,T,685.0,T,773.0,,THR,True,2602,2603,four_layer_exact,high,0.9835164835164835,0.2320501730103806,2.369872249098753,0.016483516483516536,A,A;R;S;T;Y,differs_from_consensus,True,True,scaffold_differs_from_msa_consensus
6E9E,A,VI-D,binary,773,774,K,686.0,K,774.0,,LYS,True,2603,2604,four_layer_exact,high,0.989010989010989,0.15807560137457044,2.5890123444313353,0.01098901098901095,A,A;E;K;L;Q;S;V;Y,differs_from_consensus,True,True,scaffold_differs_from_msa_consensus
6E9E,A,VI-D,binary,776,777,A,689.0,A,777.0,,ALA,True,2607,2608,four_layer_exact,high,0.7967032967032966,0.2072072072072072,2.4239874098099996,0.20329670329670335,G,D;E;G;K;L;N,differs_from_consensus,False,True,scaffold_differs_from_msa_consensus
6E9E,A,VI-D,binary,777,778,E,690.0,E,778.0,,GLU,True,2608,2609,four_layer_exact,high,0.6483516483516484,0.10588235294117647,2.708149798870757,0.3516483516483516,Q,D;E;I;K;L;N;Q;R;V,differs_from_consensus,False,True,scaffold_differs_from_msa_consensus
6E9E,A,VI-D,binary,778,779,S,691.0,S,779.0,,SER,True,2609,2610,four_layer_exact,high,0.5274725274725275,0.25396825396825395,2.3626466250137828,0.4725274725274725,K,E;K;Q;S,differs_from_consensus,False,True,scaffold_differs_from_msa_consensus
6E9E,A,VI-D,binary,780,781,L,693.0,L,781.0,,LEU,True,2617,2618,four_layer_exact,high,0.7472527472527473,0.22439024390243903,2.4455305924756554,0.25274725274725274,K,D;E;I;K;L;Q;V,differs_from_consensus,False,True,scaffold_differs_from_msa_consensus
6E9E,A,VI-D,binary,781,782,E,694.0,E,782.0,,GLU,True,2618,2619,four_layer_exact,high,0.7967032967032966,0.25168161434977576,2.32476777145408,0.20329670329670335,K,A;E;K;N;S;T,differs_from_consensus,False,True,scaffold_differs_from_msa_consensus
6E9E,A,VI-D,binary,782,783,V,695.0,V,783.0,,VAL,True,2619,2620,four_layer_exact,high,0.7472527472527473,0.26108374384236455,2.1158077834497107,0.25274725274725274,L,F;G;I;L;V;Y,differs_from_consensus,False,True,scaffold_differs_from_msa_consensus
6E9E,A,VI-D,binary,783,784,G,696.0,G,784.0,,GLY,True,2621,2622,four_layer_exact,high,0.6208791208791209,0.17834394904458598,2.4032502966240665,0.3791208791208791,K,D;E;G;K;N;S,differs_from_consensus,False,True,scaffold_differs_from_msa_consensus
6E9E,A,VI-D,binary,785,786,I,698.0,I,786.0,,ILE,True,2623,2624,four_layer_exact,high,0.34615384615384615,0.12698412698412698,2.487636534927092,0.6538461538461539,G,G;H;I;L;N;S;T;V;Y,differs_from_consensus,False,True,scaffold_differs_from_msa_consensus
6E9E,A,VI-D,binary,786,787,E,699.0,E,787.0,,GLU,True,2642,2643,four_layer_exact,high,0.41208791208791207,0.18823529411764706,2.454431655078948,0.5879120879120879,D,D;E;G;L;S;T,differs_from_consensus,False,True,scaffold_differs_from_msa_consensus
6E9E,A,VI-D,binary,789,790,K,702.0,K,790.0,,LYS,True,2645,2646,four_layer_exact,high,0.34065934065934067,0.14754098360655737,2.5363113539376276,0.6593406593406593,R,A;C;D;E;G;K;L;N;Q;R,differs_from_consensus,False,True,scaffold_differs_from_msa_consensus
6E9E,A,VI-D,binary,790,791,T,703.0,T,791.0,,THR,True,2677,2678,four_layer_exact,high,0.989010989010989,0.3024054982817869,2.309402011292449,0.01098901098901095,L,A;F;L;R;S;T,differs_from_consensus,True,True,scaffold_differs_from_msa_consensus
6E9E,A,VI-D,binary,791,792,N,704.0,N,792.0,,ASN,True,2678,2679,four_layer_exact,high,0.989010989010989,0.3230240549828179,2.3644001380882167,0.01098901098901095,A,A;E;G;K;S,differs_from_consensus,True,True,scaffold_differs_from_msa_consensus
6E9E,A,VI-D,binary,794,795,M,707.0,M,795.0,,MET,True,2701,2702,four_layer_exact,high,0.989010989010989,0.23367697594501718,2.2404601917955667,0.01098901098901095,K,A;D;E;K;N;Q;R,differs_from_consensus,True,True,scaffold_differs_from_msa_consensus
6E9E,A,VI-D,binary,795,796,A,708.0,A,796.0,,ALA,True,2702,2703,four_layer_exact,high,0.9945054945054945,0.15753424657534246,2.5787273039239347,0.005494505494505475,Y,A;D;E;H;K;L;R;Y,differs_from_consensus,True,True,scaffold_differs_from_msa_consensus
6E9E,A,VI-D,binary,796,797,V,709.0,V,797.0,,VAL,True,2703,2704,four_layer_exact,high,0.989010989010989,0.4827586206896552,1.609178058533682,0.01098901098901095,F,F;L;Y,differs_from_consensus,True,True,scaffold_differs_from_msa_consensus
6E9E,A,VI-D,binary,797,798,M,710.0,M,798.0,,MET,True,2704,2705,four_layer_exact,high,0.989010989010989,0.38620689655172413,1.8964710809938348,0.01098901098901095,L,I;L;M;V,differs_from_consensus,True,True,scaffold_differs_from_msa_consensus
6E9E,A,VI-D,binary,798,799,G,711.0,G,799.0,,GLY,True,2707,2708,four_layer_exact,high,0.9835164835164835,0.20833333333333334,2.3561891361010985,0.016483516483516536,E,A;D;E;G;K;N;S,differs_from_consensus,True,True,scaffold_differs_from_msa_consensus
6E9E,A,VI-D,binary,799,800,V,712.0,V,800.0,,VAL,True,2708,2709,four_layer_exact,high,0.9560439560439561,0.2078853046594982,2.396700478961797,0.04395604395604391,E,D;E;I;K;N;Q;R,differs_from_consensus,True,True,scaffold_differs_from_msa_consensus
6E9E,A,VI-D,binary,801,802,L,714.0,L,802.0,,LEU,True,2751,2752,four_layer_exact,high,0.46153846153846156,0.19047619047619047,2.3429864624014907,0.5384615384615384,E,A;D;E;K;L;N;P;T,differs_from_consensus,False,True,scaffold_differs_from_msa_consensus
6E9E,A,VI-D,binary,803,804,N,716.0,N,804.0,,ASN,True,2753,2754,four_layer_exact,high,0.47802197802197804,0.2882882882882883,1.9605735622880087,0.5219780219780219,R,K;N;Q;R;S,differs_from_consensus,False,True,scaffold_differs_from_msa_consensus
6E9E,A,VI-D,binary,805,806,I,718.0,I,806.0,,ILE,True,2755,2756,four_layer_exact,high,0.25824175824175827,0.375,1.9273310810450341,0.7417582417582418,E,A;E;F;I;P;R;S;T;V,differs_from_consensus,False,True,scaffold_differs_from_msa_consensus
6E9E,A,VI-D,binary,808,809,T,721.0,T,809.0,,THR,True,2758,2759,four_layer_exact,high,0.25824175824175827,0.3125,1.8364223867541591,0.7417582417582418,E,A;D;E;G;K;N;T;Y,differs_from_consensus,False,True,scaffold_differs_from_msa_consensus
6E9E,A,VI-D,binary,809,810,E,722.0,E,810.0,,GLU,True,2759,2760,four_layer_exact,high,0.25824175824175827,0.375,1.6674619334292948,0.7417582417582418,D,D;E;K;R;S;T;V,differs_from_consensus,False,True,scaffold_differs_from_msa_consensus
6E9E,A,VI-D,binary,810,811,F,723.0,F,811.0,,PHE,True,2764,2765,four_layer_exact,high,0.3021978021978022,0.2916666666666667,2.278081366326456,0.6978021978021978,C,C;I;L;T,differs_from_consensus,False,True,scaffold_differs_from_msa_consensus
6E9E,A,VI-D,binary,813,814,S,726.0,S,814.0,,SER,True,2767,2768,four_layer_exact,high,0.4725274725274725,0.12727272727272726,2.515219789085249,0.5274725274725275,E,A;D;E;G;I;K;P;S;V,differs_from_consensus,False,True,scaffold_differs_from_msa_consensus
6E9E,A,VI-D,binary,814,815,F,727.0,F,815.0,,PHE,True,2768,2769,four_layer_exact,high,0.47802197802197804,0.17857142857142858,2.576563939914319,0.5219780219780219,K,A;D;E;F;K;L;R;S;T,differs_from_consensus,False,True,scaffold_differs_from_msa_consensus
6E9E,A,VI-D,binary,816,817,E,729.0,E,817.0,,GLU,True,2770,2771,four_layer_exact,high,0.489010989010989,0.39655172413793105,1.753979294799344,0.510989010989011,K,A;D;E;K;R,differs_from_consensus,False,True,scaffold_differs_from_msa_consensus
6E9E,A,VI-D,binary,817,818,N,730.0,N,818.0,,ASN,True,2771,2772,four_layer_exact,high,0.4835164835164835,0.2807017543859649,2.107607824357211,0.5164835164835164,E,A;E;K;N;Q;S;T,differs_from_consensus,False,True,scaffold_differs_from_msa_consensus
6E9E,A,VI-D,binary,819,820,A,732.0,A,820.0,,ALA,True,2773,2774,four_layer_exact,high,0.6318681318681318,0.147239263803681,2.588783200271536,0.36813186813186816,K,K;L;N;R;T,differs_from_consensus,False,True,scaffold_differs_from_msa_consensus
6E9E,A,VI-D,binary,824,825,R,737.0,R,825.0,,ARG,True,2778,2779,four_layer_exact,high,0.6593406593406593,0.3930635838150289,1.8599215232801662,0.34065934065934067,K,A;D;K;R,differs_from_consensus,False,True,scaffold_differs_from_msa_consensus
6E9E,A,VI-D,binary,826,827,A,739.0,A,827.0,,ALA,True,2792,2793,four_layer_exact,high,0.9835164835164835,0.40599769319492507,2.0801532475047324,0.016483516483516536,K,K;M;R;T,differs_from_consensus,True,True,scaffold_differs_from_msa_consensus
6E9E,A,VI-D,binary,827,828,R,740.0,R,828.0,,ARG,True,2793,2794,four_layer_exact,high,0.9835164835164835,0.35986159169550175,1.445138951463459,0.016483516483516536,H,H;K;R;S,differs_from_consensus,True,True,scaffold_differs_from_msa_consensus
6E9E,A,VI-D,binary,828,829,W,741.0,W,829.0,,TRP,True,2794,2795,four_layer_exact,high,0.9835164835164835,0.17993079584775087,2.322548022835267,0.016483516483516536,F,A;F;L;V;W;Y,differs_from_consensus,True,True,scaffold_differs_from_msa_consensus
6E9E,A,VI-D,binary,829,830,Y,742.0,Y,830.0,,TYR,True,2795,2796,four_layer_exact,high,0.9835164835164835,0.1453287197231834,2.612648747591606,0.016483516483516536,S,A;C;G;K;N;R;S;T;Y,differs_from_consensus,True,True,scaffold_differs_from_msa_consensus
6E9E,A,VI-D,binary,830,831,K,743.0,K,831.0,,LYS,True,2796,2797,four_layer_exact,high,0.978021978021978,0.1672473867595819,2.5902126977516384,0.02197802197802201,E,D;E;G;K;Q;R;S,differs_from_consensus,True,True,scaffold_differs_from_msa_consensus
6E9E,A,VI-D,binary,831,832,L,744.0,L,832.0,,LEU,True,2820,2821,four_layer_exact,high,0.967032967032967,0.47703180212014135,1.7914208502171265,0.03296703296703296,Y,C;I;L;Y,differs_from_consensus,True,True,scaffold_differs_from_msa_consensus
6E9E,A,VI-D,binary,832,833,I,745.0,I,833.0,,ILE,True,2821,2822,four_layer_exact,high,0.9615384615384616,0.3914590747330961,1.5504590116416832,0.038461538461538436,L,F;I;L;M;V,differs_from_consensus,True,True,scaffold_differs_from_msa_consensus
6E9E,A,VI-D,binary,833,834,L,746.0,L,834.0,,LEU,True,2822,2823,four_layer_exact,high,0.9560439560439561,0.27956989247311825,2.5010599389054975,0.04395604395604391,K,A;E;K;R;S;T;V,differs_from_consensus,True,True,scaffold_differs_from_msa_consensus
6E9E,A,VI-D,binary,834,835,D,747.0,D,835.0,,ASP,True,2824,2825,four_layer_exact,high,0.9505494505494505,0.22021660649819494,2.3007268366601537,0.0494505494505495,K,D;E;H;K;N;Q;S;T,differs_from_consensus,True,True,scaffold_differs_from_msa_consensus
6E9E,A,VI-D,binary,837,838,K,750.0,K,838.0,,LYS,True,2886,2887,four_layer_exact,high,0.967032967032967,0.23674911660777384,2.1489935970760325,0.03296703296703296,E,A;D;E;K;N;S,differs_from_consensus,True,True,scaffold_differs_from_msa_consensus
6E9E,A,VI-D,binary,838,839,K,751.0,K,839.0,,LYS,True,2887,2888,four_layer_exact,high,0.967032967032967,0.4169611307420495,2.0048846984549202,0.03296703296703296,N,E;H;N;S,differs_from_consensus,True,True,scaffold_differs_from_msa_consensus
6E9E,A,VI-D,binary,839,840,S,752.0,S,840.0,,SER,True,2901,2902,four_layer_exact,high,0.945054945054945,0.2909090909090909,2.1035600283597664,0.05494505494505497,A,A;I;L;S;V;Y,differs_from_consensus,True,True,scaffold_differs_from_msa_consensus
6E9E,A,VI-D,binary,840,841,E,753.0,E,841.0,,GLU,True,2902,2903,four_layer_exact,high,0.9395604395604396,0.358974358974359,2.0819152050835474,0.06043956043956045,D,D;E;K;N;R;S,differs_from_consensus,True,True,scaffold_differs_from_msa_consensus
6E9E,A,VI-D,binary,841,842,R,754.0,R,842.0,,ARG,True,2903,2904,four_layer_exact,high,0.9340659340659341,0.18450184501845018,2.3924975417138663,0.06593406593406592,K,D;E;K;N;Q;S,differs_from_consensus,True,True,scaffold_differs_from_msa_consensus
6E9E,A,VI-D,binary,842,843,A,755.0,A,843.0,,ALA,True,2904,2905,four_layer_exact,high,0.9120879120879121,0.1444866920152091,2.714515138638037,0.08791208791208793,I,A;G;I;L;N;S;T;W;Y,differs_from_consensus,True,True,scaffold_differs_from_msa_consensus
6E9E,A,VI-D,binary,843,844,V,756.0,V,844.0,,VAL,True,2927,2928,four_layer_exact,high,0.945054945054945,0.2608695652173913,2.1653032680391404,0.05494505494505497,L,A;F;I;L;M;S;T;V,differs_from_consensus,True,True,scaffold_differs_from_msa_consensus
6E9E,A,VI-D,binary,844,845,V,757.0,V,845.0,,VAL,True,2928,2929,four_layer_exact,high,0.967032967032967,0.3028169014084507,1.9963040312387688,0.03296703296703296,I,F;I;L;V;Y,differs_from_consensus,True,True,scaffold_differs_from_msa_consensus
6E9E,A,VI-D,binary,845,846,N,758.0,N,846.0,,ASN,True,2940,2941,four_layer_exact,high,0.9945054945054945,0.24914675767918087,2.2916369484788452,0.005494505494505475,R,K;N;R;S;T;V,differs_from_consensus,True,True,scaffold_differs_from_msa_consensus
6E9E,A,VI-D,binary,846,847,E,759.0,E,847.0,,GLU,True,2941,2942,four_layer_exact,high,0.9945054945054945,0.12286689419795221,2.709728539248469,0.005494505494505475,A,A;D;E;K;L;N;Q;S;T;V,differs_from_consensus,True,True,scaffold_differs_from_msa_consensus
6E9E,A,VI-D,binary,847,848,F,760.0,F,848.0,,PHE,True,2942,2943,four_layer_exact,high,0.9945054945054945,0.4778156996587031,1.264865563050892,0.005494505494505475,Y,A;F;Y,differs_from_consensus,True,True,scaffold_differs_from_msa_consensus
6E9E,A,VI-D,binary,850,851,T,763.0,T,851.0,,THR,True,2945,2946,four_layer_exact,high,0.9945054945054945,0.19795221843003413,2.486413414557738,0.005494505494505475,N,A;C;I;K;N;Q;S;T,differs_from_consensus,True,True,scaffold_differs_from_msa_consensus
6E9E,A,VI-D,binary,852,853,C,765.0,C,853.0,,CYS,True,2947,2948,four_layer_exact,high,0.9945054945054945,0.5426621160409556,1.5575289013707645,0.005494505494505475,A,A;D;E;M,differs_from_consensus,True,True,scaffold_differs_from_msa_consensus
6E9E,A,VI-D,binary,857,858,I,770.0,I,858.0,,ILE,True,2952,2953,four_layer_exact,high,0.9945054945054945,0.4197952218430034,1.2712606531607642,0.005494505494505475,V,I;L;V,differs_from_consensus,True,True,scaffold_differs_from_msa_consensus
6E9E,A,VI-D,binary,860,861,I,773.0,I,861.0,,ILE,True,2972,2973,four_layer_exact,high,0.978021978021978,0.3310104529616725,1.93143586602138,0.02197802197802201,A,A;C;F;I;L;M;V,differs_from_consensus,True,True,scaffold_differs_from_msa_consensus
6E9E,A,VI-D,binary,861,862,N,774.0,N,862.0,,ASN,True,2973,2974,four_layer_exact,high,0.978021978021978,0.2578397212543554,2.3552684538297886,0.02197802197802201,D,A;D;G;H;N;P;S,differs_from_consensus,True,True,scaffold_differs_from_msa_consensus
6E9E,A,VI-D,binary,862,863,I,775.0,I,863.0,,ILE,True,2974,2975,four_layer_exact,high,0.9835164835164835,0.3206459054209919,2.181501697909065,0.016483516483516536,K,D;E;K;L;N;R,differs_from_consensus,True,True,scaffold_differs_from_msa_consensus
6E9E,A,VI-D,binary,863,864,N,776.0,N,864.0,,ASN,True,2975,2976,four_layer_exact,high,0.9615384615384616,0.7217258662017869,1.0803433260661472,0.038461538461538436,Y,F;Y,differs_from_consensus,True,True,scaffold_differs_from_msa_consensus
6E9E,A,VI-D,binary,865,866,K,778.0,K,866.0,,LYS,True,2984,2985,four_layer_exact,high,0.9835164835164835,0.2745098039215686,2.1201385496305694,0.016483516483516536,G,A;D;E;G;K;N;S,differs_from_consensus,True,True,scaffold_differs_from_msa_consensus
6E9E,A,VI-D,binary,866,867,E,779.0,E,867.0,,GLU,True,2985,2986,four_layer_exact,high,0.9835164835164835,0.46366782006920415,1.6664074302277303,0.016483516483516536,D,D;E;G;K;N,differs_from_consensus,True,True,scaffold_differs_from_msa_consensus
6E9E,A,VI-D,binary,870,871,V,783.0,V,871.0,,VAL,True,3007,3008,four_layer_exact,high,0.989010989010989,0.3539518900343643,1.6060298236467747,0.01098901098901095,I,F;I;M;V,differs_from_consensus,True,True,scaffold_differs_from_msa_consensus
6E9E,A,VI-D,binary,871,872,E,784.0,E,872.0,,GLU,True,3008,3009,four_layer_exact,high,0.989010989010989,0.26231386025200454,2.1231691141312816,0.01098901098901095,D,D;E;K;N;S;T,differs_from_consensus,True,True,scaffold_differs_from_msa_consensus
6E9E,A,VI-D,binary,872,873,N,785.0,N,873.0,,ASN,True,3035,3036,four_layer_exact,high,0.989010989010989,0.8625429553264605,0.6452752271356559,0.01098901098901095,S,S,differs_from_consensus,True,True,scaffold_differs_from_msa_consensus
6E9E,A,VI-D,binary,875,876,A,788.0,A,876.0,,ALA,True,3046,3047,four_layer_exact,high,0.9945054945054945,0.3412969283276451,1.7842046366484416,0.005494505494505475,E,A;D;E;G;Q;S,differs_from_consensus,True,True,scaffold_differs_from_msa_consensus
6E9E,A,VI-D,binary,880,881,L,793.0,L,881.0,,LEU,True,3051,3052,four_layer_exact,high,0.9945054945054945,0.36860068259385664,1.602683868186286,0.005494505494505475,I,A;C;I;L;V,differs_from_consensus,True,True,scaffold_differs_from_msa_consensus
6E9E,A,VI-D,binary,881,882,I,794.0,I,882.0,,ILE,True,3061,3062,four_layer_exact,high,0.9945054945054945,0.3651877133105802,1.635936536196335,0.005494505494505475,M,I;L;M;V,differs_from_consensus,True,True,scaffold_differs_from_msa_consensus
6E9E,A,VI-D,binary,883,884,K,796.0,K,884.0,,LYS,True,3063,3064,four_layer_exact,high,0.9945054945054945,0.5870307167235495,1.4652015731632821,0.005494505494505475,R,K;R;S,differs_from_consensus,True,True,scaffold_differs_from_msa_consensus
6E9E,A,VI-D,binary,886,887,E,799.0,E,887.0,,GLU,True,3091,3092,four_layer_exact,high,0.8131868131868132,0.17467248908296942,2.4703232462616773,0.18681318681318682,L,A;F;I;L;M;Q;V;Y,differs_from_consensus,True,True,scaffold_differs_from_msa_consensus
6E9E,A,VI-D,binary,887,888,N,800.0,N,888.0,,ASN,True,3092,3093,four_layer_exact,high,0.7967032967032966,0.26905829596412556,2.1311032502971,0.20329670329670335,D,D;E;G;K;N;S,differs_from_consensus,False,True,scaffold_differs_from_msa_consensus
6E9E,A,VI-D,binary,888,889,R,801.0,R,889.0,,ARG,True,3093,3094,four_layer_exact,high,0.7307692307692307,0.25125628140703515,2.329051546329626,0.2692307692307693,K,E;K;N;Q;R;S,differs_from_consensus,False,True,scaffold_differs_from_msa_consensus
6E9E,A,VI-D,binary,890,891,A,803.0,A,891.0,,ALA,True,3110,3111,four_layer_exact,high,0.5604395604395604,0.2028985507246377,2.321079322969002,0.43956043956043955,K,A;K;N;S;T,differs_from_consensus,False,True,scaffold_differs_from_msa_consensus
6E9E,A,VI-D,binary,893,894,K,806.0,K,894.0,,LYS,True,3113,3114,four_layer_exact,high,0.6538461538461539,0.1511627906976744,2.5844502358479784,0.34615384615384615,S,A;E;G;K;S;T,differs_from_consensus,False,True,scaffold_differs_from_msa_consensus
6E9E,A,VI-D,binary,894,895,V,807.0,V,895.0,,VAL,True,3114,3115,four_layer_exact,high,0.6428571428571429,0.27311522048364156,2.4580433833576945,0.3571428571428571,K,E;K;N;S;Y,differs_from_consensus,False,True,scaffold_differs_from_msa_consensus
6E9E,A,VI-D,binary,895,896,E,808.0,E,896.0,,GLU,True,3115,3116,four_layer_exact,high,0.6208791208791209,0.16302765647743814,2.3466557434847095,0.3791208791208791,D,D;E;G;K;N;P;S,differs_from_consensus,False,True,scaffold_differs_from_msa_consensus
6E9E,A,VI-D,binary,896,897,R,809.0,R,897.0,,ARG,True,3116,3117,four_layer_exact,high,0.6373626373626373,0.11764705882352941,2.7959902884656938,0.3626373626373627,E,A;D;E;G;K;L;S;T,differs_from_consensus,False,True,scaffold_differs_from_msa_consensus
6E9E,A,VI-D,binary,897,898,D,810.0,D,898.0,,ASP,True,3117,3118,four_layer_exact,high,0.6098901098901099,0.1875,2.6075595058323313,0.39010989010989006,N,A;D;F;K;N;Q;S;V;Y,differs_from_consensus,False,True,scaffold_differs_from_msa_consensus
6E9E,A,VI-D,binary,898,899,T,811.0,T,899.0,,THR,True,3167,3168,four_layer_exact,high,0.8186813186813187,0.24017467248908297,2.3015612297799546,0.18131868131868134,L,I;K;L;S;T;V,differs_from_consensus,True,True,scaffold_differs_from_msa_consensus
6E9E,A,VI-D,binary,899,900,G,812.0,G,900.0,,GLY,True,3168,3169,four_layer_exact,high,0.9340659340659341,0.15867158671586715,2.5794093569111802,0.06593406593406592,K,A;D;E;K;L;N;Q,differs_from_consensus,True,True,scaffold_differs_from_msa_consensus
6E9E,A,VI-D,binary,900,901,D,813.0,D,901.0,,ASP,True,3169,3170,four_layer_exact,high,0.9505494505494505,0.2888086642599278,2.2537359628963842,0.0494505494505495,E,D;E;G;K;P;Q;R,differs_from_consensus,True,True,scaffold_differs_from_msa_consensus
6E9E,A,VI-D,binary,901,902,F,814.0,F,902.0,,PHE,True,3170,3171,four_layer_exact,high,0.9615384615384616,0.69105871886121,1.358622346108025,0.038461538461538436,Y,F;Y,differs_from_consensus,True,True,scaffold_differs_from_msa_consensus
6E9E,A,VI-D,binary,902,903,I,815.0,I,903.0,,ILE,True,3171,3172,four_layer_exact,high,0.9725274725274725,0.2736842105263158,2.3840711075667165,0.027472527472527486,F,A;F;K;L;R;S;Y,differs_from_consensus,True,True,scaffold_differs_from_msa_consensus
6E9E,A,VI-D,binary,903,904,S,816.0,S,904.0,,SER,True,3185,3186,four_layer_exact,high,0.9725274725274725,0.22807017543859648,2.121004101676971,0.027472527472527486,E,A;D;E;K;N;S,differs_from_consensus,True,True,scaffold_differs_from_msa_consensus
6E9E,A,VI-D,binary,907,908,E,820.0,E,908.0,,GLU,True,3205,3206,four_layer_exact,high,0.9340659340659341,0.45343137254901966,1.743901500804819,0.06593406593406592,K,E;K;N;Q;R;S;T,differs_from_consensus,True,True,scaffold_differs_from_msa_consensus
6E9E,A,VI-D,binary,908,909,H,821.0,H,909.0,,HIS,True,3206,3207,four_layer_exact,high,0.9120879120879121,0.49242424242424243,1.7660496347280825,0.08791208791208793,Y,F;H;N;Y,differs_from_consensus,True,True,scaffold_differs_from_msa_consensus
6E9E,A,VI-D,binary,909,910,K,822.0,K,910.0,,LYS,True,3213,3214,four_layer_exact,high,0.978021978021978,0.34843205574912894,1.8051593138252697,0.02197802197802201,G,G;H;K;N;R,differs_from_consensus,True,True,scaffold_differs_from_msa_consensus
6E9E,A,VI-D,binary,912,913,C,825.0,C,913.0,,CYS,True,3216,3217,four_layer_exact,high,0.989010989010989,0.36082474226804123,1.6287875860541623,0.01098901098901095,S,C;D;N;S;V,differs_from_consensus,True,True,scaffold_differs_from_msa_consensus
6E9E,A,VI-D,binary,919,920,Y,832.0,Y,920.0,,TYR,True,3223,3224,four_layer_exact,high,0.9945054945054945,0.7133105802047781,1.0995162720432474,0.005494505494505475,L,I;L;Y,differs_from_consensus,True,True,scaffold_differs_from_msa_consensus
6E9E,A,VI-D,binary,920,921,C,833.0,C,921.0,,CYS,True,3224,3225,four_layer_exact,high,0.9945054945054945,0.5938566552901023,1.162126883169962,0.005494505494505475,N,C;F;N;Y,differs_from_consensus,True,True,scaffold_differs_from_msa_consensus
6E9E,A,VI-D,binary,921,922,T,834.0,T,922.0,,THR,True,3225,3226,four_layer_exact,high,0.9945054945054945,0.27986348122866894,1.9470579621542505,0.005494505494505475,V,A;I;L;S;T;V,differs_from_consensus,True,True,scaffold_differs_from_msa_consensus
6E9E,A,VI-D,binary,924,925,G,837.0,G,925.0,,GLY,True,3271,3272,four_layer_exact,high,0.9945054945054945,0.5426621160409556,0.8563680260277136,0.005494505494505475,A,A;G,differs_from_consensus,True,True,scaffold_differs_from_msa_consensus
6E9E,A,VI-D,binary,928,929,V,841.0,V,929.0,,VAL,True,3275,3276,four_layer_exact,high,0.9945054945054945,0.5733788395904437,1.0294672488228733,0.005494505494505475,P,A;P,differs_from_consensus,True,True,scaffold_differs_from_msa_consensus
6E9E,A,VI-D,binary,934,935,T,847.0,T,935.0,,THR,True,3286,3287,four_layer_exact,high,0.9945054945054945,0.6075085324232082,0.7385756362529033,0.005494505494505475,S,S;T,differs_from_consensus,True,True,scaffold_differs_from_msa_consensus
6E9E,A,VI-D,binary,936,937,D,849.0,D,937.0,,ASP,True,3292,3293,four_layer_exact,high,0.9945054945054945,0.49146757679180886,1.6634119131836618,0.005494505494505475,E,A;D;E;K;N,differs_from_consensus,True,True,scaffold_differs_from_msa_consensus
6E9E,A,VI-D,binary,937,938,G,850.0,G,938.0,,GLY,True,3293,3294,four_layer_exact,high,0.9945054945054945,0.21160409556313994,2.1916698208890306,0.005494505494505475,E,A;D;E;G;K;Q,differs_from_consensus,True,True,scaffold_differs_from_msa_consensus
6E9E,A,VI-D,binary,941,942,K,854.0,K,942.0,,LYS,True,3304,3305,four_layer_exact,high,0.9835164835164835,0.41522491349480967,1.800919381742992,0.016483516483516536,R,D;E;K;M;R,differs_from_consensus,True,True,scaffold_differs_from_msa_consensus
6E9E,A,VI-D,binary,943,944,Y,856.0,Y,944.0,,TYR,True,3317,3318,four_layer_exact,high,0.8956043956043956,0.29961089494163423,2.244778911930258,0.10439560439560436,E,A;D;E;K;N;R;S,differs_from_consensus,True,True,scaffold_differs_from_msa_consensus
6E9E,A,VI-D,binary,945,946,G,858.0,G,946.0,,GLY,True,3412,3413,four_layer_exact,high,0.7967032967032966,0.2986425339366516,2.2257389782312202,0.20329670329670335,E,D;E;G;K;R,differs_from_consensus,False,True,scaffold_differs_from_msa_consensus
6E9E,A,VI-D,binary,947,948,D,860.0,D,948.0,,ASP,True,3414,3415,four_layer_exact,high,0.7582417582417582,0.3561208267090619,2.2090170498338395,0.2417582417582418,K,A;D;E;G;K;N;S,differs_from_consensus,False,True,scaffold_differs_from_msa_consensus
6E9E,A,VI-D,binary,948,949,D,861.0,D,949.0,,ASP,True,3423,3424,four_layer_exact,high,0.7417582417582418,0.309328968903437,2.1549634450683137,0.2582417582417582,E,D;E;G;K;R,differs_from_consensus,False,True,scaffold_differs_from_msa_consensus
6E9E,A,VI-D,binary,949,950,S,862.0,S,950.0,,SER,True,3424,3425,four_layer_exact,high,0.7252747252747253,0.43288590604026844,1.9501339966491873,0.27472527472527475,K,A;D;E;G;K;N;R;S,differs_from_consensus,False,True,scaffold_differs_from_msa_consensus
6E9E,A,VI-D,binary,950,951,D,,,,,,False,3425,3426,full_msa_only_unresolved_coordinate,medium,0.6978021978021978,0.16961130742049468,2.485611810474002,0.30219780219780223,K,A;D;E;G;I;K;N;T,differs_from_consensus,False,True,unresolved_terminal;scaffold_differs_from_msa_consensus
6E9E,A,VI-D,binary,951,952,E,,,,,,False,3426,3427,full_msa_only_unresolved_coordinate,medium,0.6043956043956044,0.24694148936170215,2.33853640986709,0.39560439560439564,E,D;E;G;K;Q;S;T,matches_consensus,False,True,unresolved_terminal
6E9E,A,VI-D,binary,952,953,Q,,,,,,False,3427,3428,full_msa_only_unresolved_coordinate,medium,0.5879120879120879,0.11946902654867257,2.6192127815445048,0.41208791208791207,K,A;E;I;K;L;N;S;T;V,differs_from_consensus,False,True,unresolved_terminal;scaffold_differs_from_msa_consensus
6E9E,A,VI-D,binary,953,954,K,,,,,,False,3428,3429,full_msa_only_unresolved_coordinate,medium,0.5439560439560439,0.32673267326732675,2.061272798513255,0.4560439560439561,K,A;D;E;K;N;R,matches_consensus,False,True,unresolved_terminal
