pdb_id,chain_id,subtype,state,full_scaffold_index_0,biological_index_1,full_scaffold_amino_acid,coordinate_index_0,coordinate_amino_acid,pdb_residue_number,pdb_insertion_code,pdb_residue_name,backbone_complete,msa_column_0,msa_column_1,mapping_status,mapping_confidence,msa_coverage,conservation,entropy,gap_fraction,msa_consensus,allowed_residues,scaffold_consensus_status,conservation_constraint_eligible,manual_review_required,decision_reasons,relative_sasa,structural_burial,RNA_contact,RNA_second_shell,crrna_interface,target_rna_interface,minimum_rna_distance,coordinate_available,protein_core,domain,domain_interface,domain_interface_status,HEPN_annotation,mapping_gate_passed,chain_break_adjacent
6E9E,A,VI-D,binary,0,1,M,,,,,,False,43,44,full_msa_only_unresolved_coordinate,medium,0.9065934065934066,0.9545920378399684,0.2411828238299522,0.0934065934065934,M,M,matches_consensus,False,True,unresolved_terminal,,,,,,,,False,False,unassigned_manual_review,,not_annotated_no_domain_boundaries,,False,False
6E9E,A,VI-D,binary,1,2,G,,,,,,False,44,45,full_msa_only_unresolved_coordinate,medium,0.9065934065934066,0.257311785573512,2.090300057390328,0.0934065934065934,K,A;E;G;K;N;S;T,differs_from_consensus,False,True,unresolved_terminal;scaffold_differs_from_msa_consensus,,,,,,,,False,False,unassigned_manual_review,,not_annotated_no_domain_boundaries,,False,False
6E9E,A,VI-D,binary,2,3,K,,,,,,False,46,47,full_msa_only_unresolved_coordinate,medium,0.8571428571428571,0.6467303950596396,1.3013013479555542,0.1428571428571429,K,E;K;N,matches_consensus,False,True,unresolved_terminal,,,,,,,,False,False,unassigned_manual_review,,not_annotated_no_domain_boundaries,,False,False
6E9E,A,VI-D,binary,3,4,K,,,,,,False,48,49,full_msa_only_unresolved_coordinate,medium,0.8461538461538461,0.6326425316020294,1.3574115577290655,0.1538461538461538,K,K;N,matches_consensus,False,True,unresolved_terminal,,,,,,,,False,False,unassigned_manual_review,,not_annotated_no_domain_boundaries,,False,False
6E9E,A,VI-D,binary,4,5,I,,,,,,False,85,86,full_msa_only_unresolved_coordinate,medium,0.6868131868131868,0.2029146734898208,2.252092333101242,0.3131868131868132,K,E;I;K;L;M;Q;V,differs_from_consensus,False,True,unresolved_terminal;scaffold_differs_from_msa_consensus,,,,,,,,False,False,unassigned_manual_review,,not_annotated_no_domain_boundaries,,False,False
6E9E,A,VI-D,binary,5,6,H,,,,,,False,86,87,full_msa_only_unresolved_coordinate,medium,0.6923076923076923,0.3170060539350577,2.042154349993927,0.3076923076923077,N,K;N;S;T,differs_from_consensus,False,True,unresolved_terminal;scaffold_differs_from_msa_consensus,,,,,,,,False,False,unassigned_manual_review,,not_annotated_no_domain_boundaries,,False,False
6E9E,A,VI-D,binary,6,7,A,,,,,,False,87,88,full_msa_only_unresolved_coordinate,medium,0.6868131868131868,0.4054956057403493,2.0095076001874896,0.3131868131868132,A,A;I;L;P;V,matches_consensus,False,True,unresolved_terminal,,,,,,,,False,False,unassigned_manual_review,,not_annotated_no_domain_boundaries,,False,False
6E9E,A,VI-D,binary,7,8,R,,,,,,False,88,89,full_msa_only_unresolved_coordinate,medium,0.6868131868131868,0.4912671042385137,1.4871320618732518,0.3131868131868132,K,E;K;R,differs_from_consensus,False,True,unresolved_terminal;scaffold_differs_from_msa_consensus,,,,,,,,False,False,unassigned_manual_review,,not_annotated_no_domain_boundaries,,False,False
6E9E,A,VI-D,binary,8,9,D,,,,,,False,89,90,full_msa_only_unresolved_coordinate,medium,0.6923076923076923,0.3346175013758943,1.871419288297808,0.3076923076923077,E,D;E;K;N;Q,differs_from_consensus,False,True,unresolved_terminal;scaffold_differs_from_msa_consensus,,,,,,,,False,False,unassigned_manual_review,,not_annotated_no_domain_boundaries,,False,False
6E9E,A,VI-D,binary,9,10,L,,,,,,False,90,91,full_msa_only_unresolved_coordinate,medium,0.6978021978021978,0.2091275460189521,2.2528156864655444,0.3021978021978022,R,I;K;L;N;Q;R,differs_from_consensus,False,True,unresolved_terminal;scaffold_differs_from_msa_consensus,,,,,,,,False,False,unassigned_manual_review,,not_annotated_no_domain_boundaries,,False,False
6E9E,A,VI-D,binary,10,11,R,,,,,,False,91,92,full_msa_only_unresolved_coordinate,medium,0.6923076923076923,0.6195927352779307,1.327908461318374,0.3076923076923077,R,E;K;R,matches_consensus,False,True,unresolved_terminal,,,,,,,,False,False,unassigned_manual_review,,not_annotated_no_domain_boundaries,,False,False
6E9E,A,VI-D,binary,11,12,E,,,,,,False,92,93,full_msa_only_unresolved_coordinate,medium,0.6703296703296703,0.6248707045167222,1.492874827116403,0.3296703296703297,E,A;E;L;Q,matches_consensus,False,True,unresolved_terminal,,,,,,,,False,False,unassigned_manual_review,,not_annotated_no_domain_boundaries,,False,False
6E9E,A,VI-D,binary,12,13,Q,,,,,,False,93,94,full_msa_only_unresolved_coordinate,medium,0.6703296703296703,0.2059533386967015,2.307683563829647,0.3296703296703297,A,A;E;K;L;Q,differs_from_consensus,False,True,unresolved_terminal;scaffold_differs_from_msa_consensus,,,,,,,,False,False,unassigned_manual_review,,not_annotated_no_domain_boundaries,,False,False
6E9E,A,VI-D,binary,13,14,R,,,,,,False,94,95,full_msa_only_unresolved_coordinate,medium,0.6648351648351648,0.2789076118535735,2.2748008919849525,0.3351648351648352,K,E;K;N;Q;R,differs_from_consensus,False,True,unresolved_terminal;scaffold_differs_from_msa_consensus,,,,,,,,False,False,unassigned_manual_review,,not_annotated_no_domain_boundaries,,False,False
6E9E,A,VI-D,binary,14,15,K,,,,,,False,95,96,full_msa_only_unresolved_coordinate,medium,0.6593406593406593,0.4697379245504759,1.826161900367876,0.3406593406593406,K,A;E;K;N;Q;R,matches_consensus,False,True,unresolved_terminal,,,,,,,,False,False,unassigned_manual_review,,not_annotated_no_domain_boundaries,,False,False
6E9E,A,VI-D,binary,15,16,T,,,,,,False,96,97,full_msa_only_unresolved_coordinate,medium,0.6648351648351648,0.2677513073794305,2.26719054300738,0.3351648351648352,A,A;E;K;L;N;Q;T,differs_from_consensus,False,True,unresolved_terminal;scaffold_differs_from_msa_consensus,,,,,,,,False,False,unassigned_manual_review,,not_annotated_no_domain_boundaries,,False,False
6E9E,A,VI-D,binary,16,17,D,,,,,,False,114,115,full_msa_only_unresolved_coordinate,medium,0.6428571428571429,0.3308307692307692,2.037259182880884,0.3571428571428571,K,A;D;E;K;Q;R,differs_from_consensus,False,True,unresolved_terminal;scaffold_differs_from_msa_consensus,,,,,,,,False,False,unassigned_manual_review,,not_annotated_no_domain_boundaries,,False,False
6E9E,A,VI-D,binary,17,18,R,,,,,,False,115,116,full_msa_only_unresolved_coordinate,medium,0.6483516483516484,0.3269675221992458,1.7602401767973868,0.3516483516483516,K,K;N;Q;R,differs_from_consensus,False,True,unresolved_terminal;scaffold_differs_from_msa_consensus,,,,,,,,False,False,unassigned_manual_review,,not_annotated_no_domain_boundaries,,False,False
6E9E,A,VI-D,binary,18,19,T,,,,,,False,134,135,full_msa_only_unresolved_coordinate,medium,0.5989010989010989,0.3798971111990502,1.9890892013302428,0.4010989010989011,K,K;L;M;N;Q;R,differs_from_consensus,False,True,unresolved_terminal;scaffold_differs_from_msa_consensus,,,,,,,,False,False,unassigned_manual_review,,not_annotated_no_domain_boundaries,,False,False
6E9E,A,VI-D,binary,19,20,E,,,,,,False,135,136,full_msa_only_unresolved_coordinate,medium,0.5934065934065934,0.2645290581162324,1.9900688544637355,0.4065934065934066,E,A;D;E;K;N;Q,matches_consensus,False,True,unresolved_terminal,,,,,,,,False,False,unassigned_manual_review,,not_annotated_no_domain_boundaries,,False,False
6E9E,A,VI-D,binary,20,21,K,,,,,,False,136,137,full_msa_only_unresolved_coordinate,medium,0.5879120879120879,0.5322777101096224,1.547119004196714,0.412087912087912,K,A;I;K;Q;R,matches_consensus,False,True,unresolved_terminal,,,,,,,,False,False,unassigned_manual_review,,not_annotated_no_domain_boundaries,,False,False
6E9E,A,VI-D,binary,21,22,F,,,,,,False,137,138,full_msa_only_unresolved_coordinate,medium,0.532967032967033,0.1941203919738684,2.4661170037383084,0.467032967032967,Y,A;F;I;V;W;Y,differs_from_consensus,False,True,unresolved_terminal;scaffold_differs_from_msa_consensus,,,,,,,,False,False,unassigned_manual_review,,not_annotated_no_domain_boundaries,,False,False
6E9E,A,VI-D,binary,22,23,A,,,,,,False,138,139,full_msa_only_unresolved_coordinate,medium,0.5659340659340659,0.2740899357601713,2.143495720632917,0.4340659340659341,E,A;D;E;Q;S,differs_from_consensus,False,True,unresolved_terminal;scaffold_differs_from_msa_consensus,,,,,,,,False,False,unassigned_manual_review,,not_annotated_no_domain_boundaries,,False,False
6E9E,A,VI-D,binary,23,24,D,,,,,,False,139,140,full_msa_only_unresolved_coordinate,medium,0.554945054945055,0.2395420519594892,1.9931866631548367,0.445054945054945,A,A;E;K;Q;R;S,differs_from_consensus,False,True,unresolved_terminal;scaffold_differs_from_msa_consensus,,,,,,,,False,False,unassigned_manual_review,,not_annotated_no_domain_boundaries,,False,False
6E9E,A,VI-D,binary,24,25,Q,,,,,,False,140,141,full_msa_only_unresolved_coordinate,medium,0.5439560439560439,0.1594925237879474,2.373455206672549,0.4560439560439561,E,A;E;K;N;Q;V,differs_from_consensus,False,True,unresolved_terminal;scaffold_differs_from_msa_consensus,,,,,,,,False,False,unassigned_manual_review,,not_annotated_no_domain_boundaries,,False,False
6E9E,A,VI-D,binary,25,26,N,,,,,,False,141,142,full_msa_only_unresolved_coordinate,medium,0.5439560439560439,0.1739918441323063,2.403399988467088,0.4560439560439561,A,A;K;N;Q;R;T;V,differs_from_consensus,False,True,unresolved_terminal;scaffold_differs_from_msa_consensus,,,,,,,,False,False,unassigned_manual_review,,not_annotated_no_domain_boundaries,,False,False
6E9E,A,VI-D,binary,26,27,K,,,,,,False,142,143,full_msa_only_unresolved_coordinate,medium,0.5164835164835165,0.3746946751343429,2.059903383118868,0.4835164835164834,K,A;E;I;K;Q,matches_consensus,False,True,unresolved_terminal,,,,,,,,False,False,unassigned_manual_review,,not_annotated_no_domain_boundaries,,False,False
6E9E,A,VI-D,binary,27,28,K,,,,,,False,143,144,full_msa_only_unresolved_coordinate,medium,0.510989010989011,0.3334987593052109,1.989178016047435,0.489010989010989,A,A;E;K;N,differs_from_consensus,False,True,unresolved_terminal;scaffold_differs_from_msa_consensus,,,,,,,,False,False,unassigned_manual_review,,not_annotated_no_domain_boundaries,,False,False
6E9E,A,VI-D,binary,28,29,R,,,,,,False,144,145,full_msa_only_unresolved_coordinate,medium,0.510989010989011,0.1905707196029776,2.212779635081481,0.489010989010989,E,A;E;I;K;R;T;V,differs_from_consensus,False,True,unresolved_terminal;scaffold_differs_from_msa_consensus,,,,,,,,False,False,unassigned_manual_review,,not_annotated_no_domain_boundaries,,False,False
6E9E,A,VI-D,binary,29,30,E,,,,,,False,145,146,full_msa_only_unresolved_coordinate,medium,0.4615384615384615,0.3514765489287782,2.146305822046063,0.5384615384615384,E,A;E;K;Q;T,matches_consensus,False,True,unresolved_terminal,,,,,,,,False,False,unassigned_manual_review,,not_annotated_no_domain_boundaries,,False,False
6E9E,A,VI-D,binary,30,31,A,,,,,,False,146,147,full_msa_only_unresolved_coordinate,medium,0.4505494505494505,0.3271196632591702,2.16304556439544,0.5494505494505495,E,A;E;K;L;N;Q;R,differs_from_consensus,False,True,unresolved_terminal;scaffold_differs_from_msa_consensus,,,,,,,,False,False,unassigned_manual_review,,not_annotated_no_domain_boundaries,,False,False
6E9E,A,VI-D,binary,31,32,E,,,,,,False,147,148,full_msa_only_unresolved_coordinate,medium,0.3956043956043956,0.2859270290394639,2.1731240435922814,0.6043956043956045,K,A;E;K;N;Q;R,differs_from_consensus,False,True,unresolved_terminal;scaffold_differs_from_msa_consensus,,,,,,,,False,False,unassigned_manual_review,,not_annotated_no_domain_boundaries,,False,False
6E9E,A,VI-D,binary,32,33,R,,,,,,False,163,164,full_msa_only_unresolved_coordinate,medium,0.5,0.4806986899563318,1.812223923705824,0.5,K,E;K;Q;R;S,differs_from_consensus,False,True,unresolved_terminal;scaffold_differs_from_msa_consensus,,,,,,,,False,False,unassigned_manual_review,,not_annotated_no_domain_boundaries,,False,False
6E9E,A,VI-D,binary,33,34,A,,,,,,False,164,165,full_msa_only_unresolved_coordinate,medium,0.5,0.2850655021834061,2.0084124506774783,0.5,K,A;K;P;Q;R,differs_from_consensus,False,True,unresolved_terminal;scaffold_differs_from_msa_consensus,,,,,,,,False,False,unassigned_manual_review,,not_annotated_no_domain_boundaries,,False,False
6E9E,A,VI-D,binary,34,35,V,,,,,,False,165,166,full_msa_only_unresolved_coordinate,medium,0.5274725274725275,0.3403706688154713,2.195545818080973,0.4725274725274725,E,A;E;K;Q;V,differs_from_consensus,False,True,unresolved_terminal;scaffold_differs_from_msa_consensus,,,,,,,,False,False,unassigned_manual_review,,not_annotated_no_domain_boundaries,,False,False
6E9E,A,VI-D,binary,35,36,P,,,,,,False,166,167,full_msa_only_unresolved_coordinate,medium,0.532967032967033,0.3758133629582605,1.9919113494227123,0.467032967032967,E,A;E;K;Q;T,differs_from_consensus,False,True,unresolved_terminal;scaffold_differs_from_msa_consensus,,,,,,,,False,False,unassigned_manual_review,,not_annotated_no_domain_boundaries,,False,False
6E9E,A,VI-D,binary,36,37,K,,,,,,False,167,168,full_msa_only_unresolved_coordinate,medium,0.521978021978022,0.4242920281551808,1.89308494454838,0.478021978021978,E,A;E;F;K;T,differs_from_consensus,False,True,unresolved_terminal;scaffold_differs_from_msa_consensus,,,,,,,,False,False,unassigned_manual_review,,not_annotated_no_domain_boundaries,,False,False
6E9E,A,VI-D,binary,37,38,K,,,,,,False,168,169,full_msa_only_unresolved_coordinate,medium,0.532967032967033,0.1823520076178384,2.4991407924856284,0.467032967032967,K,A;D;E;K;N;Q;R,matches_consensus,False,True,unresolved_terminal,,,,,,,,False,False,unassigned_manual_review,,not_annotated_no_domain_boundaries,,False,False
6E9E,A,VI-D,binary,38,39,D,,,,,,False,169,170,full_msa_only_unresolved_coordinate,medium,0.532967032967033,0.2742421837803523,2.37174832721958,0.467032967032967,A,A;E;K;Q;R;T,differs_from_consensus,False,True,unresolved_terminal;scaffold_differs_from_msa_consensus,,,,,,,,False,False,unassigned_manual_review,,not_annotated_no_domain_boundaries,,False,False
6E9E,A,VI-D,binary,39,40,A,,,,,,False,170,171,full_msa_only_unresolved_coordinate,medium,0.5054945054945055,0.2138807764988833,2.3220700819939437,0.4945054945054945,A,A;E;K;Q;R;V,matches_consensus,False,True,unresolved_terminal,,,,,,,,False,False,unassigned_manual_review,,not_annotated_no_domain_boundaries,,False,False
6E9E,A,VI-D,binary,40,41,A,,,,,,False,171,172,full_msa_only_unresolved_coordinate,medium,0.4835164835164835,0.2578627919808717,2.385896562819295,0.5164835164835164,A,A;E;I;K;N;P;R;S,matches_consensus,False,True,unresolved_terminal,,,,,,,,False,False,unassigned_manual_review,,not_annotated_no_domain_boundaries,,False,False
6E9E,A,VI-D,binary,41,42,V,,,,,,False,172,173,full_msa_only_unresolved_coordinate,medium,0.4505494505494505,0.2890351779469244,2.046141920390641,0.5494505494505495,V,A;E;K;L;T;V,matches_consensus,False,True,unresolved_terminal,,,,,,,,False,False,unassigned_manual_review,,not_annotated_no_domain_boundaries,,False,False
6E9E,A,VI-D,binary,42,43,S,,,,,,False,173,174,full_msa_only_unresolved_coordinate,medium,0.4285714285714285,0.171543444270717,2.345762628633072,0.5714285714285714,E,A;D;E;L;N;P;Q;T;V,differs_from_consensus,False,True,unresolved_terminal;scaffold_differs_from_msa_consensus,,,,,,,,False,False,unassigned_manual_review,,not_annotated_no_domain_boundaries,,False,False
6E9E,A,VI-D,binary,43,44,V,,,,,,False,174,175,full_msa_only_unresolved_coordinate,medium,0.445054945054945,0.2216159496327387,2.4488767851240616,0.554945054945055,K,A;E;K;P;Q;T;V,differs_from_consensus,False,True,unresolved_terminal;scaffold_differs_from_msa_consensus,,,,,,,,False,False,unassigned_manual_review,,not_annotated_no_domain_boundaries,,False,False
6E9E,A,VI-D,binary,44,45,K,,,,,,False,202,203,full_msa_only_unresolved_coordinate,medium,0.2472527472527472,0.2651356993736952,2.0626503752120544,0.7527472527472527,K,A;D;E;H;I;K;L;N;T,matches_consensus,False,True,unresolved_terminal,,,,,,,,False,False,unassigned_manual_review,,not_annotated_no_domain_boundaries,,False,False
6E9E,A,VI-D,binary,45,46,S,,,,,,False,203,204,full_msa_only_unresolved_coordinate,medium,0.2472527472527472,0.1336116910229645,2.5227942781938166,0.7527472527472527,T,D;E;H;K;M;N;P;Q;R;S;T;V;Y,differs_from_consensus,False,True,unresolved_terminal;scaffold_differs_from_msa_consensus,,,,,,,,False,False,unassigned_manual_review,,not_annotated_no_domain_boundaries,,False,False
6E9E,A,VI-D,binary,46,47,V,,,,,,False,204,205,full_msa_only_unresolved_coordinate,medium,0.2472527472527472,0.2004175365344467,2.047475906534647,0.7527472527472527,E,A;E;G;H;K;M;P;Q;V,differs_from_consensus,False,True,unresolved_terminal;scaffold_differs_from_msa_consensus,,,,,,,,False,False,unassigned_manual_review,,not_annotated_no_domain_boundaries,,False,False
6E9E,A,VI-D,binary,47,48,S,,,,,,False,205,206,full_msa_only_unresolved_coordinate,medium,0.2857142857142857,0.2731152204836415,2.0507821981669148,0.7142857142857143,E,D;E;L;N;P;R;S,differs_from_consensus,False,True,unresolved_terminal;scaffold_differs_from_msa_consensus,,,,,,,,False,False,unassigned_manual_review,,not_annotated_no_domain_boundaries,,False,False
6E9E,A,VI-D,binary,48,49,S,,,,,,False,206,207,full_msa_only_unresolved_coordinate,medium,0.2967032967032967,0.2086049543676662,2.3155516046151385,0.7032967032967032,K,A;I;K;M;S;T,differs_from_consensus,False,True,unresolved_terminal;scaffold_differs_from_msa_consensus,,,,,,,,False,False,unassigned_manual_review,,not_annotated_no_domain_boundaries,,False,False
6E9E,A,VI-D,binary,49,50,V,,,,,,False,207,208,full_msa_only_unresolved_coordinate,medium,0.3131868131868132,0.1853997682502897,2.3434011475400687,0.6868131868131868,T,I;R;S;T;V,differs_from_consensus,False,True,unresolved_terminal;scaffold_differs_from_msa_consensus,,,,,,,,False,False,unassigned_manual_review,,not_annotated_no_domain_boundaries,,False,False
6E9E,A,VI-D,binary,50,51,S,,,,,,False,208,209,full_msa_only_unresolved_coordinate,medium,0.489010989010989,0.1695813460519342,2.3723055645212225,0.510989010989011,K,A;E;G;K;N;Q;R;S;T,differs_from_consensus,False,True,unresolved_terminal;scaffold_differs_from_msa_consensus,,,,,,,,False,False,unassigned_manual_review,,not_annotated_no_domain_boundaries,,False,False
6E9E,A,VI-D,binary,51,52,S,,,,,,False,209,210,full_msa_only_unresolved_coordinate,medium,0.510989010989011,0.1429280397022332,2.495483588447493,0.489010989010989,K,D;E;I;K;N;P;R,differs_from_consensus,False,True,unresolved_terminal;scaffold_differs_from_msa_consensus,,,,,,,,False,False,unassigned_manual_review,,not_annotated_no_domain_boundaries,,False,False
6E9E,A,VI-D,binary,52,53,K,,,,,,False,210,211,full_msa_only_unresolved_coordinate,medium,0.554945054945055,0.1818997756170531,2.4667057457826638,0.445054945054945,P,E;K;P;R;S;T;V,differs_from_consensus,False,True,unresolved_terminal;scaffold_differs_from_msa_consensus,,,,,,,,False,False,unassigned_manual_review,,not_annotated_no_domain_boundaries,,False,False
6E9E,A,VI-D,binary,53,54,K,,,,,,False,211,212,full_msa_only_unresolved_coordinate,medium,0.5659340659340659,0.222916969608841,2.394901364821385,0.4340659340659341,K,D;E;K;L;N;S;V,matches_consensus,False,True,unresolved_terminal,,,,,,,,False,False,unassigned_manual_review,,not_annotated_no_domain_boundaries,,False,False
6E9E,A,VI-D,binary,54,55,D,,,,,,False,212,213,full_msa_only_unresolved_coordinate,medium,0.5769230769230769,0.2172867449427076,2.4714785036181066,0.4230769230769231,K,A;E;K;P;Q;S;T,differs_from_consensus,False,True,unresolved_terminal;scaffold_differs_from_msa_consensus,,,,,,,,False,False,unassigned_manual_review,,not_annotated_no_domain_boundaries,,False,False
6E9E,A,VI-D,binary,55,56,N,,,,,,False,213,214,full_msa_only_unresolved_coordinate,medium,0.5769230769230769,0.1358042155891922,2.538586018114439,0.4230769230769231,S,E;G;K;N;Q;R;S;T;V,differs_from_consensus,False,True,unresolved_terminal;scaffold_differs_from_msa_consensus,,,,,,,,False,False,unassigned_manual_review,,not_annotated_no_domain_boundaries,,False,False
6E9E,A,VI-D,binary,56,57,V,,,,,,False,214,215,full_msa_only_unresolved_coordinate,medium,0.7747252747252747,0.1587515653597919,2.5628205194091347,0.2252747252747252,K,E;G;K;N;R;S;T;V,differs_from_consensus,False,True,unresolved_terminal;scaffold_differs_from_msa_consensus,,,,,,,,False,False,unassigned_manual_review,,not_annotated_no_domain_boundaries,,False,False
6E9E,A,VI-D,binary,57,58,T,0.0,T,58.0,,THR,True,215,216,four_layer_exact,high,0.8681318681318682,0.5127778240239741,1.9045604964317489,0.1318681318681318,K,K;R,differs_from_consensus,True,True,scaffold_differs_from_msa_consensus,0.9473422235296974,surface,False,True,False,False,6.192779040320727,True,False,unassigned_manual_review,,not_annotated_no_domain_boundaries,,True,False
6E9E,A,VI-D,binary,58,59,K,1.0,K,59.0,,LYS,True,216,217,four_layer_exact,high,0.8901098901098901,0.95353714608373,0.2497454434196022,0.1098901098901099,K,K,matches_consensus,True,False,,0.14387285638979616,buried_core,True,False,True,False,3.7088521056503785,True,True,unassigned_manual_review,,not_annotated_no_domain_boundaries,,True,False
6E9E,A,VI-D,binary,59,60,S,2.0,S,60.0,,SER,True,248,249,four_layer_exact,high,0.945054945054945,0.7125102942277457,0.9071193515018484,0.0549450549450549,S,S;T,matches_consensus,True,False,,0.1436174014503649,buried_core,True,False,True,False,2.4875132627637555,True,True,unassigned_manual_review,,not_annotated_no_domain_boundaries,,True,False
6E9E,A,VI-D,binary,60,61,M,3.0,M,61.0,,MET,True,249,250,four_layer_exact,high,0.9505494505494504,0.2069426893629673,2.509394981641873,0.0494505494505495,K,A;K;L;N;R;S;T,differs_from_consensus,True,True,scaffold_differs_from_msa_consensus,0.30252415256693427,surface,True,False,True,False,2.6240839329550116,True,False,unassigned_manual_review,,not_annotated_no_domain_boundaries,,True,False
6E9E,A,VI-D,binary,61,62,A,4.0,A,62.0,,ALA,True,250,251,four_layer_exact,high,0.956043956043956,0.6693482913868182,1.2504246457891033,0.0439560439560439,A,A;S;V,matches_consensus,True,False,,0.0,buried_core,True,False,True,False,3.656269292702194,True,True,unassigned_manual_review,,not_annotated_no_domain_boundaries,,True,False
6E9E,A,VI-D,binary,62,63,K,5.0,K,63.0,,LYS,True,251,252,four_layer_exact,high,0.956043956043956,0.9929146062440032,0.0421309468454774,0.0439560439560439,K,K,matches_consensus,True,False,,0.019501835752156978,buried_core,True,False,True,False,3.167271663406471,True,True,unassigned_manual_review,,not_annotated_no_domain_boundaries,,True,False
6E9E,A,VI-D,binary,63,64,A,6.0,A,64.0,,ALA,True,252,253,four_layer_exact,high,0.9615384615384616,0.6552583363869549,1.3528717150717957,0.0384615384615384,A,A;R,matches_consensus,True,False,,0.04983530344477769,buried_core,False,True,False,False,5.6922573999497885,True,True,unassigned_manual_review,,not_annotated_no_domain_boundaries,,True,False
6E9E,A,VI-D,binary,64,65,A,7.0,A,65.0,,ALA,True,253,254,four_layer_exact,high,0.967032967032967,0.4271159304271887,1.7182799322688695,0.0329670329670329,A,A;I;L;M;S;V,matches_consensus,True,False,,0.06130791274705915,buried_core,False,True,False,False,7.855612643101181,True,True,unassigned_manual_review,,not_annotated_no_domain_boundaries,,True,False
6E9E,A,VI-D,binary,65,66,G,8.0,G,66.0,,GLY,True,254,255,four_layer_exact,high,0.967032967032967,0.9860272178152972,0.0832326775644997,0.0329670329670329,G,G,matches_consensus,True,False,,0.12772990746576038,buried_core,False,True,False,False,7.932942969224922,True,True,unassigned_manual_review,,not_annotated_no_domain_boundaries,,True,False
6E9E,A,VI-D,binary,66,67,V,9.0,V,67.0,,VAL,True,255,256,four_layer_exact,high,0.967032967032967,0.5763772651189869,1.08187629296816,0.0329670329670329,L,I;L;V,differs_from_consensus,True,True,scaffold_differs_from_msa_consensus,0.027761568184825662,buried_core,False,True,False,False,5.54336391658856,True,True,unassigned_manual_review,,not_annotated_no_domain_boundaries,,True,False
6E9E,A,VI-D,binary,67,68,K,10.0,K,68.0,,LYS,True,256,257,four_layer_exact,high,0.967032967032967,0.979040826722946,0.1247749378664701,0.0329670329670329,K,K,matches_consensus,True,False,,0.005117068712033544,buried_core,True,False,True,False,3.1259305717596337,True,True,unassigned_manual_review,,not_annotated_no_domain_boundaries,,True,False
6E9E,A,VI-D,binary,68,69,S,11.0,S,69.0,,SER,True,257,258,four_layer_exact,high,0.967032967032967,0.9091769157994324,0.4581478074836201,0.0329670329670329,S,S,matches_consensus,True,False,,0.02249493842672615,buried_core,True,False,True,False,3.8987055625393023,True,True,unassigned_manual_review,,not_annotated_no_domain_boundaries,,True,False
6E9E,A,VI-D,binary,69,70,V,12.0,V,70.0,,VAL,True,258,259,four_layer_exact,high,0.967032967032967,0.3947310967178516,1.6992246664650792,0.0329670329670329,T,A;I;T;V,differs_from_consensus,True,True,scaffold_differs_from_msa_consensus,0.1268980992846298,buried_core,True,False,True,False,4.683871155609023,True,True,unassigned_manual_review,,not_annotated_no_domain_boundaries,,True,False
6E9E,A,VI-D,binary,70,71,F,13.0,F,71.0,,PHE,True,259,260,four_layer_exact,high,0.967032967032967,0.5062950294738373,1.2498110704586254,0.0329670329670329,F,F;I;L,matches_consensus,True,False,,0.010063568466999302,buried_core,False,True,False,False,5.212875345804829,True,True,unassigned_manual_review,,not_annotated_no_domain_boundaries,,True,False
6E9E,A,VI-D,binary,71,72,A,14.0,A,72.0,,ALA,True,260,261,four_layer_exact,high,0.9725274725274724,0.3272385632723856,2.1121187202881275,0.0274725274725274,V,A;I;S;V,differs_from_consensus,True,True,scaffold_differs_from_msa_consensus,0.0,buried_core,False,True,False,False,7.435431968142503,True,True,unassigned_manual_review,,not_annotated_no_domain_boundaries,,True,False
6E9E,A,VI-D,binary,72,73,V,15.0,V,73.0,,VAL,True,261,262,four_layer_exact,high,0.9725274725274724,0.2009828720098287,2.366567536764244,0.0274725274725274,V,F;H;I;L;V;Y,matches_consensus,True,False,,0.17194463802898574,buried_core,False,False,False,False,10.12104100187696,True,True,unassigned_manual_review,,not_annotated_no_domain_boundaries,,True,False
6E9E,A,VI-D,binary,73,74,G,16.0,G,74.0,,GLY,True,262,263,four_layer_exact,high,0.9725274725274724,0.3304184433041844,1.801106335966163,0.0274725274725274,G,D;G;N;S,matches_consensus,True,False,,0.3369959856798702,surface,False,False,False,False,12.23713086491105,True,False,unassigned_manual_review,,not_annotated_no_domain_boundaries,,True,False
6E9E,A,VI-D,binary,74,75,N,17.0,N,75.0,,ASN,True,267,268,four_layer_exact,high,0.9395604395604396,0.4560742025488273,1.6173802814414795,0.0604395604395604,D,D;E;G;K;N,differs_from_consensus,True,True,scaffold_differs_from_msa_consensus,0.5363611171513158,surface,False,False,False,False,14.031107161744755,True,False,unassigned_manual_review,,not_annotated_no_domain_boundaries,,True,False
6E9E,A,VI-D,binary,75,76,T,18.0,T,76.0,,THR,True,274,275,four_layer_exact,high,0.956043956043956,0.3200236179791866,2.0036331809104624,0.0439560439560439,K,D;E;K;N;R;S;T,differs_from_consensus,True,True,scaffold_differs_from_msa_consensus,0.14506793581922472,buried_core,False,False,False,False,11.928529189393474,True,True,unassigned_manual_review,,not_annotated_no_domain_boundaries,,True,False
6E9E,A,VI-D,binary,76,77,V,19.0,V,77.0,,VAL,True,280,281,four_layer_exact,high,0.9725274725274724,0.3989304039893039,1.648984130767411,0.0274725274725274,L,I;L;V,differs_from_consensus,True,True,scaffold_differs_from_msa_consensus,0.027761568184825662,buried_core,False,False,False,False,10.186462388829625,True,True,unassigned_manual_review,,not_annotated_no_domain_boundaries,,True,False
6E9E,A,VI-D,binary,77,78,Y,20.0,Y,78.0,,TYR,True,281,282,four_layer_exact,high,0.9725274725274724,0.2671099226710992,1.7819001293843486,0.0274725274725274,L,A;I;L;V;Y,differs_from_consensus,True,True,scaffold_differs_from_msa_consensus,0.12991792429575932,buried_core,False,False,False,False,9.809005469287905,True,True,unassigned_manual_review,,not_annotated_no_domain_boundaries,,True,False
6E9E,A,VI-D,binary,78,79,M,21.0,M,79.0,,MET,True,282,283,four_layer_exact,high,0.967032967032967,0.4294447274579724,1.4811518958896204,0.0329670329670329,M,I;L;M;V,matches_consensus,True,False,,0.005391197393035341,buried_core,False,False,False,False,8.960521358707247,True,True,unassigned_manual_review,,not_annotated_no_domain_boundaries,,True,False
6E9E,A,VI-D,binary,79,80,T,22.0,T,80.0,,THR,True,284,285,four_layer_exact,high,0.978021978021978,0.8621976602311059,0.6059760468456942,0.021978021978022,T,S;T,matches_consensus,True,False,,0.007021094279301839,buried_core,False,True,False,False,5.029397400978637,True,True,unassigned_manual_review,,not_annotated_no_domain_boundaries,,True,False
6E9E,A,VI-D,binary,80,81,S,23.0,S,81.0,,SER,True,292,293,four_layer_exact,high,0.978021978021978,0.7381755544391013,0.9947325851226966,0.021978021978022,S,A;S;T,matches_consensus,True,False,,0.013825277729841554,buried_core,False,True,False,False,6.757117268094932,True,True,unassigned_manual_review,,not_annotated_no_domain_boundaries,,True,False
6E9E,A,VI-D,binary,81,82,F,24.0,F,82.0,,PHE,True,293,294,four_layer_exact,high,0.978021978021978,0.8966482451733295,0.5286431443832109,0.021978021978022,F,F,matches_consensus,True,False,,0.05308014003554289,buried_core,True,False,True,False,3.969346455218504,True,True,unassigned_manual_review,,not_annotated_no_domain_boundaries,,True,False
6E9E,A,VI-D,binary,82,83,G,25.0,G,83.0,,GLY,True,312,313,four_layer_exact,high,0.9505494505494504,0.7930573106370326,0.922177043381254,0.0494505494505495,G,G,matches_consensus,True,False,,0.26166228547360043,surface,False,True,False,False,6.8423896050703945,True,False,unassigned_manual_review,,not_annotated_no_domain_boundaries,,True,False
6E9E,A,VI-D,binary,83,84,R,26.0,R,84.0,,ARG,True,313,314,four_layer_exact,high,0.956043956043956,0.4865303712451103,1.5400904170215637,0.0439560439560439,K,K;N;R,differs_from_consensus,True,True,scaffold_differs_from_msa_consensus,0.5388552820650159,surface,False,True,False,False,6.910439005718418,True,False,unassigned_manual_review,,not_annotated_no_domain_boundaries,,True,False
6E9E,A,VI-D,binary,84,85,G,27.0,G,85.0,,GLY,True,314,315,four_layer_exact,high,0.9615384615384616,0.7467204104067423,1.0872364902092786,0.0384615384615384,G,G;K,matches_consensus,True,False,,0.21843131228949803,surface,True,False,True,False,3.6937392750892357,True,False,unassigned_manual_review,,not_annotated_no_domain_boundaries,,True,False
6E9E,A,VI-D,binary,85,86,N,28.0,N,86.0,,ASN,True,315,316,four_layer_exact,high,0.967032967032967,0.6646532275671349,1.440195898959805,0.0329670329670329,N,N;S,matches_consensus,True,False,,0.06846738697038926,buried_core,True,False,True,False,3.5945562923994347,True,True,unassigned_manual_review,,not_annotated_no_domain_boundaries,,True,False
6E9E,A,VI-D,binary,86,87,D,29.0,D,87.0,,ASP,True,316,317,four_layer_exact,high,0.9725274725274724,0.2356724723567247,2.099879356735846,0.0274725274725274,D,A;D;E;K;N;S;T,matches_consensus,True,False,,0.25969961020986093,surface,False,True,False,False,6.772509447294823,True,False,unassigned_manual_review,,not_annotated_no_domain_boundaries,,True,False
6E9E,A,VI-D,binary,87,88,A,30.0,A,88.0,,ALA,True,317,318,four_layer_exact,high,0.9725274725274724,0.7294211172942111,1.10516738090373,0.0274725274725274,A,A;S,matches_consensus,True,False,,0.13817201817743804,buried_core,False,True,False,False,5.745929496118412,True,True,unassigned_manual_review,,not_annotated_no_domain_boundaries,,True,False
6E9E,A,VI-D,binary,88,89,V,31.0,V,89.0,,VAL,True,318,319,four_layer_exact,high,0.9725274725274724,0.3270217532702175,2.237269038976929,0.0274725274725274,V,A;E;I;K;L;N;V,matches_consensus,True,False,,0.2637348977558438,surface,False,True,False,False,7.954847688569169,True,False,unassigned_manual_review,,not_annotated_no_domain_boundaries,,True,False
6E9E,A,VI-D,binary,89,90,L,32.0,L,90.0,,LEU,True,319,320,four_layer_exact,high,0.978021978021978,0.3557740615804205,1.9760526724519545,0.021978021978022,L,I;L;N;P;V,matches_consensus,True,False,,0.1754839264541853,buried_core,False,False,False,False,10.144649345361481,True,True,unassigned_manual_review,,not_annotated_no_domain_boundaries,,True,False
6E9E,A,VI-D,binary,90,91,E,33.0,E,91.0,,GLU,True,320,321,four_layer_exact,high,0.978021978021978,0.655494150577765,1.3890713160628303,0.021978021978022,E,A;E;I;V,matches_consensus,True,False,,0.009609497973656685,buried_core,False,False,False,False,11.409315783073655,True,True,unassigned_manual_review,,not_annotated_no_domain_boundaries,,True,False
6E9E,A,VI-D,binary,91,92,Q,34.0,Q,92.0,,GLN,True,321,322,four_layer_exact,high,0.978021978021978,0.5133137156391301,1.8214920525862968,0.021978021978022,K,E;K;Q,differs_from_consensus,True,True,scaffold_differs_from_msa_consensus,0.05835487410092017,buried_core,False,False,False,False,13.260129929690539,True,True,unassigned_manual_review,,not_annotated_no_domain_boundaries,,True,False
6E9E,A,VI-D,binary,92,93,K,35.0,K,93.0,,LYS,True,322,323,four_layer_exact,high,0.967032967032967,0.3421148388035804,2.1951504323846187,0.0329670329670329,K,E;I;K;R,matches_consensus,True,False,,0.20263805088985287,surface,False,False,False,False,15.205740583744175,True,False,unassigned_manual_review,,not_annotated_no_domain_boundaries,,True,False
6E9E,A,VI-D,binary,93,94,I,36.0,I,94.0,,ILE,True,323,324,four_layer_exact,high,0.967032967032967,0.5551997671202968,1.5401403075624502,0.0329670329670329,I,I;V,matches_consensus,True,False,,0.036089340630773105,buried_core,False,False,False,False,13.78453015851839,True,True,unassigned_manual_review,,not_annotated_no_domain_boundaries,,True,False
6E9E,A,VI-D,binary,94,95,V,37.0,V,95.0,,VAL,True,326,327,four_layer_exact,high,0.956043956043956,0.1553283812605721,2.5513462977121204,0.0439560439560439,T,A;D;E;I;K;S;T;V,differs_from_consensus,True,True,scaffold_differs_from_msa_consensus,0.28220832920520106,surface,False,False,False,False,16.036742222616425,True,False,unassigned_manual_review,,not_annotated_no_domain_boundaries,,True,False
6E9E,A,VI-D,binary,95,96,D,38.0,D,96.0,,ASP,True,327,328,four_layer_exact,high,0.934065934065934,0.2322712480133202,2.352801991003843,0.0659340659340659,D,A;D;G;K;N;S;T,matches_consensus,True,False,,0.4676841127013624,surface,False,False,False,False,13.617696912795289,True,False,unassigned_manual_review,,not_annotated_no_domain_boundaries,,True,False
6E9E,A,VI-D,binary,96,97,T,39.0,T,97.0,,THR,True,328,329,four_layer_exact,high,0.934065934065934,0.1598425792779838,2.5857038994526658,0.0659340659340659,D,A;D;E;G;L;N;R;S,differs_from_consensus,True,True,scaffold_differs_from_msa_consensus,0.4543962353402199,surface,False,False,False,False,13.334053066214272,True,False,unassigned_manual_review,,not_annotated_no_domain_boundaries,,True,False
6E9E,A,VI-D,binary,97,98,S,40.0,S,98.0,,SER,True,329,330,four_layer_exact,high,0.9285714285714286,0.1756499199512083,2.452276521386664,0.0714285714285714,E,D;E;G;K;N;S,differs_from_consensus,True,True,scaffold_differs_from_msa_consensus,0.37374429255745995,surface,False,False,False,False,16.71600350173931,True,False,unassigned_manual_review,,not_annotated_no_domain_boundaries,,True,False
6E9E,A,VI-D,binary,98,99,H,41.0,H,99.0,,HIS,True,338,339,four_layer_exact,high,0.8791208791208791,0.3775501843506759,1.7146131749936964,0.1208791208791209,I,I;L;V,differs_from_consensus,True,True,scaffold_differs_from_msa_consensus,0.3727294918963118,surface,False,False,False,False,17.57062820164278,True,False,unassigned_manual_review,,not_annotated_no_domain_boundaries,,True,False
6E9E,A,VI-D,binary,99,100,E,42.0,E,100.0,,GLU,True,339,340,four_layer_exact,high,0.8791208791208791,0.2593199508398197,2.3614232965510986,0.1208791208791209,E,D;E;K;S;T,matches_consensus,True,False,,0.49398887507410405,surface,False,False,False,False,17.87617438414828,True,False,unassigned_manual_review,,not_annotated_no_domain_boundaries,,True,False
6E9E,A,VI-D,binary,100,101,P,43.0,P,101.0,,PRO,True,340,341,four_layer_exact,high,0.8736263736263736,0.1902716987364769,2.263293370502574,0.1263736263736263,D,D;E;K;N;P;S;T,differs_from_consensus,True,True,scaffold_differs_from_msa_consensus,0.4783816547091816,surface,False,False,False,False,18.22335086709535,True,False,unassigned_manual_review,,not_annotated_no_domain_boundaries,,True,False
6E9E,A,VI-D,binary,101,102,L,44.0,L,102.0,,LEU,True,341,342,four_layer_exact,high,0.8241758241758241,0.2945309026233881,2.073156075079693,0.1758241758241758,I,I;K;L;M;V,differs_from_consensus,True,True,scaffold_differs_from_msa_consensus,0.31707441326448343,surface,False,False,False,False,15.265666904238362,True,False,unassigned_manual_review,,not_annotated_no_domain_boundaries,,True,False
6E9E,A,VI-D,binary,102,103,N,45.0,N,103.0,,ASN,True,344,345,four_layer_exact,high,0.6538461538461539,0.4446689646974919,1.8699781879628343,0.3461538461538461,N,A;D;N;Q;S,matches_consensus,False,False,,0.3212570736966005,surface,False,False,False,False,14.465909484218122,True,False,unassigned_manual_review,,not_annotated_no_domain_boundaries,,False,False
6E9E,A,VI-D,binary,103,104,I,46.0,I,104.0,,ILE,True,345,346,four_layer_exact,high,0.6153846153846154,0.1984239762304611,2.338934870193349,0.3846153846153846,E,D;E;K;N;T,differs_from_consensus,False,True,scaffold_differs_from_msa_consensus,0.6825568999500323,surface,False,False,False,False,18.840861233138842,True,False,unassigned_manual_review,,not_annotated_no_domain_boundaries,,False,False
6E9E,A,VI-D,binary,104,105,D,47.0,D,105.0,,ASP,True,346,347,four_layer_exact,high,0.6043956043956044,0.2073122267850046,2.2895738690462952,0.3956043956043956,D,A;D;E;G;K;N;P;S;T,matches_consensus,False,False,,0.64199308593261,surface,False,False,False,False,18.245218784585152,True,False,unassigned_manual_review,,not_annotated_no_domain_boundaries,,False,False
6E9E,A,VI-D,binary,105,106,D,48.0,D,106.0,,ASP,True,354,355,four_layer_exact,high,0.6868131868131868,0.2749576031656303,2.267626693227431,0.3131868131868132,N,D;K;N;Q;S;T,differs_from_consensus,False,True,scaffold_differs_from_msa_consensus,0.49685319821570434,surface,False,False,False,False,15.82067687796223,True,False,unassigned_manual_review,,not_annotated_no_domain_boundaries,,False,False
6E9E,A,VI-D,binary,106,107,P,49.0,P,107.0,,PRO,True,355,356,four_layer_exact,high,0.8296703296703297,0.7319460365047173,1.1028045382233551,0.1703296703296702,P,E;P;S,matches_consensus,True,False,,0.2995237904510105,surface,False,False,False,False,15.450461722091786,True,False,unassigned_manual_review,,not_annotated_no_domain_boundaries,,True,False
6E9E,A,VI-D,binary,107,108,A,50.0,A,108.0,,ALA,True,367,368,four_layer_exact,high,0.967032967032967,0.216359799141256,2.4837791654927117,0.0329670329670329,A,A;K;M;N;Q;S;T,matches_consensus,True,False,,0.009361459039069119,buried_core,False,False,False,False,11.95454384235086,True,True,unassigned_manual_review,,not_annotated_no_domain_boundaries,,True,False
6E9E,A,VI-D,binary,108,109,Y,51.0,Y,109.0,,TYR,True,368,369,four_layer_exact,high,0.967032967032967,0.6322683938577978,1.1105960048903276,0.0329670329670329,F,F;I;L;Y,differs_from_consensus,True,True,scaffold_differs_from_msa_consensus,0.008147977369298254,buried_core,False,False,False,False,10.18183680040168,True,True,unassigned_manual_review,,not_annotated_no_domain_boundaries,,True,False
6E9E,A,VI-D,binary,109,110,Q,52.0,Q,110.0,,GLN,True,378,379,four_layer_exact,high,0.956043956043956,0.1948483282899106,2.2062077956123254,0.0439560439560439,S,D;E;K;N;R;S;T,differs_from_consensus,True,True,scaffold_differs_from_msa_consensus,0.41709699742445083,surface,False,False,False,False,14.1472099600878,True,False,unassigned_manual_review,,not_annotated_no_domain_boundaries,,True,False
6E9E,A,VI-D,binary,110,111,L,53.0,L,111.0,,LEU,True,379,380,four_layer_exact,high,0.9505494505494504,0.3746376272950271,1.7433444770914472,0.0494505494505495,V,A;I;L;V,differs_from_consensus,True,True,scaffold_differs_from_msa_consensus,0.12009405311413193,buried_core,False,False,False,False,13.90208349332399,True,True,unassigned_manual_review,,not_annotated_no_domain_boundaries,,True,False
6E9E,A,VI-D,binary,111,112,N,54.0,N,112.0,,ASN,True,380,381,four_layer_exact,high,0.8736263736263736,0.1625237426707407,2.475165409379496,0.1263736263736263,T,A;D;E;K;N;S;T;V,differs_from_consensus,True,True,scaffold_differs_from_msa_consensus,0.450296622530619,surface,False,False,False,False,12.891513668378908,True,False,unassigned_manual_review,,not_annotated_no_domain_boundaries,,True,False
6E9E,A,VI-D,binary,112,113,V,55.0,V,113.0,,VAL,True,381,382,four_layer_exact,high,0.8626373626373627,0.1127800620961651,2.6742483123405223,0.1373626373626373,K,A;D;E;I;K;L;N;P;S,differs_from_consensus,True,True,scaffold_differs_from_msa_consensus,0.5120238482931001,surface,False,False,False,False,11.582460449649819,True,False,unassigned_manual_review,,not_annotated_no_domain_boundaries,,True,False
6E9E,A,VI-D,binary,113,114,V,56.0,V,114.0,,VAL,True,435,436,four_layer_exact,high,0.6703296703296703,0.4262728422020457,1.69204780475337,0.3296703296703297,V,A;I;T;V,matches_consensus,False,False,,0.23432966273876413,surface,False,False,False,False,11.939457210328882,True,False,unassigned_manual_review,,not_annotated_no_domain_boundaries,,False,False
6E9E,A,VI-D,binary,114,115,T,57.0,T,115.0,,THR,True,436,437,four_layer_exact,high,0.6758241758241759,0.2982835057405933,1.9894706485431208,0.3241758241758241,D,D;E;G;N;S;T,differs_from_consensus,False,True,scaffold_differs_from_msa_consensus,0.30703267201475226,surface,False,False,False,False,8.395936356812703,True,False,unassigned_manual_review,,not_annotated_no_domain_boundaries,,False,False
6E9E,A,VI-D,binary,115,116,M,58.0,M,116.0,,MET,True,437,438,four_layer_exact,high,0.6703296703296703,0.2206642914607516,2.1459339161154576,0.3296703296703297,E,A;D;E;K;N;P;R;S;T,differs_from_consensus,False,True,scaffold_differs_from_msa_consensus,0.3195933230517886,surface,False,True,False,False,6.960238675159809,True,False,unassigned_manual_review,,not_annotated_no_domain_boundaries,,False,False
6E9E,A,VI-D,binary,116,117,N,59.0,N,117.0,,ASN,True,439,440,four_layer_exact,high,0.945054945054945,0.3126450550273265,2.3974674163023746,0.0549450549450549,K,D;E;K;N;S;T,differs_from_consensus,True,True,scaffold_differs_from_msa_consensus,0.2859715427695209,surface,True,False,True,False,3.8516718400631724,True,False,unassigned_manual_review,,not_annotated_no_domain_boundaries,,True,False
6E9E,A,VI-D,binary,117,118,G,60.0,G,118.0,,GLY,True,442,443,four_layer_exact,high,0.8901098901098901,0.2826490279906428,2.294952448916504,0.1098901098901099,K,D;E;G;K;N;Q;R;S;T,differs_from_consensus,True,True,scaffold_differs_from_msa_consensus,0.11480877854251892,buried_core,False,True,False,False,6.240773525125667,True,True,unassigned_manual_review,,not_annotated_no_domain_boundaries,,True,False
6E9E,A,VI-D,binary,118,119,Y,61.0,Y,119.0,,TYR,True,447,448,four_layer_exact,high,0.967032967032967,0.3330179754020813,1.6210769632639537,0.0329670329670329,I,F;I;L;V;Y,differs_from_consensus,True,True,scaffold_differs_from_msa_consensus,0.037701405325166824,buried_core,False,False,False,False,8.121335736228133,True,True,unassigned_manual_review,,not_annotated_no_domain_boundaries,,True,False
6E9E,A,VI-D,binary,119,120,S,62.0,S,120.0,,SER,True,448,449,four_layer_exact,high,0.956043956043956,0.1485718503210568,2.639177815806229,0.0439560439560439,S,D;E;K;N;R;S;T,matches_consensus,True,False,,0.18879926001746106,buried_core,False,False,False,False,9.53966988016345,True,True,unassigned_manual_review,,not_annotated_no_domain_boundaries,,True,False
6E9E,A,VI-D,binary,120,121,V,63.0,V,121.0,,VAL,True,450,451,four_layer_exact,high,0.9505494505494504,0.3139820114472608,1.5433007962640164,0.0494505494505495,I,F;I;L;V,differs_from_consensus,True,True,scaffold_differs_from_msa_consensus,0.0069403920462064155,buried_core,False,False,False,False,8.801391858965015,True,True,unassigned_manual_review,,not_annotated_no_domain_boundaries,,True,False
6E9E,A,VI-D,binary,121,122,T,64.0,T,122.0,,THR,True,455,456,four_layer_exact,high,0.912087912087912,0.2311097305272967,2.379220273785973,0.0879120879120879,K,E;K;Q;R;S;T,differs_from_consensus,True,True,scaffold_differs_from_msa_consensus,0.19886164600752557,buried_core,False,False,False,False,11.7020819541869,True,True,unassigned_manual_review,,not_annotated_no_domain_boundaries,,True,False
6E9E,A,VI-D,binary,122,123,G,65.0,G,123.0,,GLY,True,456,457,four_layer_exact,high,0.8956043956043956,0.430614028119787,1.5459415884889187,0.1043956043956043,G,G;K;N;S,matches_consensus,True,False,,0.05413109138719225,buried_core,False,False,False,False,12.263838480474263,True,True,unassigned_manual_review,,not_annotated_no_domain_boundaries,,True,False
6E9E,A,VI-D,binary,123,124,H,66.0,H,124.0,,HIS,True,470,471,four_layer_exact,high,0.6758241758241759,0.2905413170899896,2.1025075571387277,0.3241758241758241,K,G;K;N;R;S;T,differs_from_consensus,False,True,scaffold_differs_from_msa_consensus,0.4191491039470664,surface,False,False,False,False,13.859039046120184,True,False,unassigned_manual_review,,not_annotated_no_domain_boundaries,,False,False
6E9E,A,VI-D,binary,124,125,R,67.0,R,125.0,,ARG,True,471,472,four_layer_exact,high,0.6318681318681318,0.6369595361149628,1.2623893288411203,0.3681318681318681,R,K;N;R,matches_consensus,False,False,,0.2534643832316216,surface,False,False,False,False,10.637140869431622,True,False,unassigned_manual_review,,not_annotated_no_domain_boundaries,,False,False
6E9E,A,VI-D,binary,125,126,G,68.0,G,126.0,,GLY,True,472,473,four_layer_exact,high,0.5989010989010989,0.1826831588962892,2.6497855246336,0.4010989010989011,I,A;D;G;I;N;P;S;T;V,differs_from_consensus,False,True,scaffold_differs_from_msa_consensus,0.4855924723812607,surface,False,False,False,False,12.087833853551668,True,False,unassigned_manual_review,,not_annotated_no_domain_boundaries,,False,False
6E9E,A,VI-D,binary,126,127,E,69.0,E,127.0,,GLU,True,473,474,four_layer_exact,high,0.6263736263736264,0.1224958530049763,2.621959926688242,0.3736263736263736,K,A;E;F;I;K;N;R;S,differs_from_consensus,False,True,scaffold_differs_from_msa_consensus,0.34382040812388553,surface,False,False,False,False,11.017759359948275,True,False,unassigned_manual_review,,not_annotated_no_domain_boundaries,,False,False
6E9E,A,VI-D,binary,127,128,T,70.0,T,128.0,,THR,True,474,475,four_layer_exact,high,0.6098901098901099,0.1907537422175122,2.4125412516406386,0.39010989010989,N,A;D;E;G;K;N;S;V,differs_from_consensus,False,True,scaffold_differs_from_msa_consensus,0.6128679588667212,surface,False,False,False,False,12.569021642187135,True,False,unassigned_manual_review,,not_annotated_no_domain_boundaries,,False,False
6E9E,A,VI-D,binary,128,129,V,71.0,V,129.0,,VAL,True,486,487,four_layer_exact,high,0.4505494505494505,0.2137219186399514,2.4081697528469217,0.5494505494505495,I,I;K;L;M;N;R;T,differs_from_consensus,False,True,scaffold_differs_from_msa_consensus,0.1027950782410812,buried_core,False,True,False,False,7.79058081207095,True,True,unassigned_manual_review,,not_annotated_no_domain_boundaries,,False,False
6E9E,A,VI-D,binary,129,130,S,72.0,S,130.0,,SER,True,487,488,four_layer_exact,high,0.7307692307692307,0.1675392670157068,2.4884698344207945,0.2692307692307693,E,D;E;K;N;S;T,differs_from_consensus,False,True,scaffold_differs_from_msa_consensus,0.5254267906681205,surface,False,True,False,False,7.709195603873398,True,False,unassigned_manual_review,,not_annotated_no_domain_boundaries,,False,False
6E9E,A,VI-D,binary,130,131,A,73.0,A,131.0,,ALA,True,488,489,four_layer_exact,high,0.934065934065934,0.3862514242309152,1.913103214710852,0.0659340659340659,A,A;G;I;L;T;V,matches_consensus,True,False,,0.09575856907946197,buried_core,False,True,False,False,5.4789565435125045,True,True,unassigned_manual_review,,not_annotated_no_domain_boundaries,,True,False
6E9E,A,VI-D,binary,131,132,V,74.0,V,132.0,,VAL,True,489,490,four_layer_exact,high,0.9395604395604396,0.2388960108589095,2.380030213672298,0.0604395604395604,T,E;I;L;N;S;T;V,differs_from_consensus,True,True,scaffold_differs_from_msa_consensus,0.3387684078120993,surface,True,False,True,False,3.1139793619346574,True,False,unassigned_manual_review,,not_annotated_no_domain_boundaries,,True,False
6E9E,A,VI-D,binary,132,133,T,75.0,T,133.0,,THR,True,490,491,four_layer_exact,high,0.9395604395604396,0.2316567378025789,2.22493623529721,0.0604395604395604,A,A;I;L;P;S;T;V,differs_from_consensus,True,True,scaffold_differs_from_msa_consensus,0.062398167165011925,buried_core,True,False,True,False,4.903617343048756,True,True,unassigned_manual_review,,not_annotated_no_domain_boundaries,,True,False
6E9E,A,VI-D,binary,133,134,D,76.0,D,134.0,,ASP,True,491,492,four_layer_exact,high,0.945054945054945,0.4274163360035936,2.0799929411783484,0.0549450549450549,D,A;D;E;N;S,matches_consensus,True,False,,0.2138757212126788,surface,True,False,True,False,3.4728677187708548,True,False,unassigned_manual_review,,not_annotated_no_domain_boundaries,,True,False
6E9E,A,VI-D,binary,134,135,N,77.0,N,135.0,,ASN,True,492,493,four_layer_exact,high,0.956043956043956,0.7520112185401135,0.9764390571959576,0.0439560439560439,N,D;K;N,matches_consensus,True,False,,0.09537327531425678,buried_core,False,True,False,False,6.115213178163788,True,True,unassigned_manual_review,,not_annotated_no_domain_boundaries,,True,False
6E9E,A,VI-D,binary,135,136,P,78.0,P,136.0,,PRO,True,493,494,four_layer_exact,high,0.9615384615384616,0.9085379259802124,0.4819831182000113,0.0384615384615384,P,P,matches_consensus,True,False,,0.015190292025659325,buried_core,False,True,False,False,5.734250021543471,True,True,unassigned_manual_review,,not_annotated_no_domain_boundaries,,True,False
6E9E,A,VI-D,binary,136,137,L,79.0,L,137.0,,LEU,True,494,495,four_layer_exact,high,0.8681318681318682,0.363356363939066,2.2344235712832656,0.1318681318681318,L,A;I;L;S;T;V,matches_consensus,True,False,,0.024032402309252066,buried_core,False,True,False,False,7.964899981832628,True,True,unassigned_manual_review,,not_annotated_no_domain_boundaries,,True,False
6E9E,A,VI-D,binary,137,138,R,80.0,R,138.0,,ARG,True,496,497,four_layer_exact,high,0.532967032967033,0.5281701317251231,1.3384381343531648,0.467032967032967,H,H;Y,differs_from_consensus,False,True,scaffold_differs_from_msa_consensus,0.14094056034666852,buried_core,True,False,True,False,2.428046433703291,True,True,unassigned_manual_review,,not_annotated_no_domain_boundaries,,False,False
6E9E,A,VI-D,binary,138,139,R,81.0,R,139.0,,ARG,True,497,498,four_layer_exact,high,0.5164835164835165,0.2394811242308331,2.444638560920194,0.4835164835164834,S,A;G;H;I;N;R;S;V,differs_from_consensus,False,True,scaffold_differs_from_msa_consensus,0.18036488811456483,buried_core,True,False,True,False,3.369083584159203,True,True,unassigned_manual_review,,not_annotated_no_domain_boundaries,,False,False
6E9E,A,VI-D,binary,139,140,F,82.0,F,140.0,,PHE,True,498,499,four_layer_exact,high,0.4285714285714285,0.2358722358722358,2.3180795406466093,0.5714285714285714,G,G;K;R;S;T,differs_from_consensus,False,True,scaffold_differs_from_msa_consensus,0.18383196964088863,buried_core,True,False,True,False,3.3438275971576514,True,True,unassigned_manual_review,,not_annotated_no_domain_boundaries,,False,False
6E9E,A,VI-D,binary,140,141,N,83.0,N,141.0,,ASN,True,516,517,four_layer_exact,high,0.2637362637362637,0.1669565217391304,2.292053949399303,0.7362637362637363,R,A;D;F;G;H;K;N;Q;R;S;V,differs_from_consensus,False,True,scaffold_differs_from_msa_consensus,0.06650335990775426,buried_core,True,False,True,False,3.449240672500118,True,True,unassigned_manual_review,,not_annotated_no_domain_boundaries,,False,False
6E9E,A,VI-D,binary,141,142,G,84.0,G,142.0,,GLY,True,517,518,four_layer_exact,high,0.2802197802197802,0.2384500745156482,1.8989068488106589,0.7197802197802198,K,A;E;G;K;N,differs_from_consensus,False,True,scaffold_differs_from_msa_consensus,0.15453735923981546,buried_core,True,False,True,False,3.0614973268372716,True,True,unassigned_manual_review,,not_annotated_no_domain_boundaries,,False,False
6E9E,A,VI-D,binary,142,143,R,85.0,R,143.0,,ARG,True,518,519,four_layer_exact,high,0.3461538461538461,0.2805474095796676,2.087849035073622,0.6538461538461539,G,A;D;E;G;K;N;Q;S,differs_from_consensus,False,True,scaffold_differs_from_msa_consensus,0.5093016091013663,surface,True,False,True,False,3.0731800372391467,True,False,unassigned_manual_review,,not_annotated_no_domain_boundaries,,False,False
6E9E,A,VI-D,binary,143,144,K,86.0,K,144.0,,LYS,True,519,520,four_layer_exact,high,0.3681318681318681,0.4439617723718506,1.5507433177462775,0.6318681318681318,K,K;N;Q;R;S;T,matches_consensus,False,False,,0.7604882622578023,surface,False,True,False,False,6.122531449699422,True,False,unassigned_manual_review,,not_annotated_no_domain_boundaries,,False,True
6E9E,A,VI-D,binary,144,145,K,,,,,,False,520,521,full_msa_only_unresolved_coordinate,medium,0.3626373626373626,0.4575513851653262,1.955868259546823,0.6373626373626373,P,E;F;K;M;P,differs_from_consensus,False,True,unresolved_internal;scaffold_differs_from_msa_consensus,,,,,,,,False,False,unassigned_manual_review,,not_annotated_no_domain_boundaries,,False,False
6E9E,A,VI-D,binary,145,146,D,,,,,,False,521,522,full_msa_only_unresolved_coordinate,medium,0.3186813186813186,0.2224797219003476,2.106422259035158,0.6813186813186813,K,D;E;K;N;R;T,differs_from_consensus,False,True,unresolved_internal;scaffold_differs_from_msa_consensus,,,,,,,,False,False,unassigned_manual_review,,not_annotated_no_domain_boundaries,,False,False
6E9E,A,VI-D,binary,146,147,E,,,,,,False,522,523,full_msa_only_unresolved_coordinate,medium,0.2747252747252747,0.2635914332784184,1.952452419216956,0.7252747252747253,R,A;D;E;G;H;K;N;R;S,differs_from_consensus,False,True,unresolved_internal;scaffold_differs_from_msa_consensus,,,,,,,,False,False,unassigned_manual_review,,not_annotated_no_domain_boundaries,,False,False
6E9E,A,VI-D,binary,147,148,P,87.0,P,148.0,,PRO,True,523,524,four_layer_exact,high,0.2472527472527472,0.2147651006711409,2.124512640153343,0.7527472527472527,A,A;D;E;G;I;P;Q;R;S,differs_from_consensus,False,True,scaffold_differs_from_msa_consensus,0.8459407240716621,surface,False,False,False,False,9.629134675094456,True,False,unassigned_manual_review,,not_annotated_no_domain_boundaries,,False,True
6E9E,A,VI-D,binary,148,149,E,88.0,E,149.0,,GLU,True,532,533,four_layer_exact,high,0.6043956043956044,0.2102747909199522,2.3748205072861825,0.3956043956043956,S,A;E;I;K;S;V;Y,differs_from_consensus,False,True,scaffold_differs_from_msa_consensus,0.36024600695135855,surface,False,True,False,False,6.721629017117319,True,False,unassigned_manual_review,,not_annotated_no_domain_boundaries,,False,False
6E9E,A,VI-D,binary,149,150,Q,89.0,Q,150.0,,GLN,True,533,534,four_layer_exact,high,0.8076923076923077,0.2409418636488089,2.4729087309970152,0.1923076923076923,K,D;E;G;K;N;Q;R;S,differs_from_consensus,True,True,scaffold_differs_from_msa_consensus,0.30306131703881,surface,False,False,False,False,8.736868481766532,True,False,unassigned_manual_review,,not_annotated_no_domain_boundaries,,True,False
6E9E,A,VI-D,binary,150,151,S,90.0,S,151.0,,SER,True,534,535,four_layer_exact,high,0.8131868131868132,0.1780512078168823,2.5265393926374644,0.1868131868131868,K,A;E;K;N;P;Q;R;S;T,differs_from_consensus,True,True,scaffold_differs_from_msa_consensus,0.3527754790368286,surface,False,False,False,False,9.405081213192709,True,False,unassigned_manual_review,,not_annotated_no_domain_boundaries,,True,False
6E9E,A,VI-D,binary,151,152,V,91.0,V,152.0,,VAL,True,536,537,four_layer_exact,high,0.8901098901098901,0.2759538598047914,2.354539732809702,0.1098901098901099,V,A;I;L;P;S;T;V,matches_consensus,True,False,,0.20263084842300155,surface,False,True,False,False,7.46213656565788,True,False,unassigned_manual_review,,not_annotated_no_domain_boundaries,,True,False
6E9E,A,VI-D,binary,152,153,P,92.0,P,153.0,,PRO,True,537,538,four_layer_exact,high,0.8791208791208791,0.6017206063088898,1.5229936692232289,0.1208791208791209,G,G;N;P;R,differs_from_consensus,True,True,scaffold_differs_from_msa_consensus,0.06664349409059657,buried_core,True,False,True,False,4.297462891958965,True,True,unassigned_manual_review,,not_annotated_no_domain_boundaries,,True,False
6E9E,A,VI-D,binary,153,154,T,93.0,T,154.0,,THR,True,538,539,four_layer_exact,high,0.8846153846153846,0.1482806275912527,2.433867761775832,0.1153846153846154,Q,A;D;E;K;M;Q;R;S;T,differs_from_consensus,True,True,scaffold_differs_from_msa_consensus,0.2979732685856248,surface,True,False,True,False,4.197430132377772,True,False,unassigned_manual_review,,not_annotated_no_domain_boundaries,,True,False
6E9E,A,VI-D,binary,154,155,D,94.0,D,155.0,,ASP,True,554,555,four_layer_exact,high,0.9725274725274724,0.9028691190286912,0.4903819545334799,0.0274725274725274,D,D,matches_consensus,True,False,,0.0,buried_core,True,False,True,False,3.40149866281137,True,True,unassigned_manual_review,,not_annotated_no_domain_boundaries,,True,False
6E9E,A,VI-D,binary,155,156,M,95.0,M,156.0,,MET,True,555,556,four_layer_exact,high,0.9725274725274724,0.2636409626364095,2.1080298549867944,0.0274725274725274,Y,I;K;L;M;Q;Y,differs_from_consensus,True,True,scaffold_differs_from_msa_consensus,0.07795076771719676,buried_core,True,False,True,False,2.8537625967345894,True,True,unassigned_manual_review,,not_annotated_no_domain_boundaries,,True,False
6E9E,A,VI-D,binary,156,157,L,96.0,L,157.0,,LEU,True,556,557,four_layer_exact,high,0.9725274725274724,0.5247524752475247,1.1047228506401456,0.0274725274725274,L,I;L,matches_consensus,True,False,,0.07810530750506922,buried_core,True,False,True,False,4.6280255541448145,True,True,unassigned_manual_review,,not_annotated_no_domain_boundaries,,True,False
6E9E,A,VI-D,binary,157,158,C,97.0,C,158.0,,CYS,True,557,558,four_layer_exact,high,0.9725274725274724,0.4833417648334176,1.8605782609423995,0.0274725274725274,G,C;G;H;K;R,differs_from_consensus,True,True,scaffold_differs_from_msa_consensus,0.30158536997179713,surface,False,True,False,False,6.655620053268265,True,False,unassigned_manual_review,,not_annotated_no_domain_boundaries,,True,False
6E9E,A,VI-D,binary,158,159,L,98.0,L,159.0,,LEU,True,558,559,four_layer_exact,high,0.9725274725274724,0.3790561537905615,1.857486521669793,0.0274725274725274,L,A;C;I;L;R,matches_consensus,True,False,,0.0360486034638781,buried_core,False,True,False,False,7.771147515101485,True,True,unassigned_manual_review,,not_annotated_no_domain_boundaries,,True,False
6E9E,A,VI-D,binary,159,160,K,99.0,K,160.0,,LYS,True,559,560,four_layer_exact,high,0.9725274725274724,0.8161451181614511,0.5991945906047905,0.0274725274725274,K,K;R,matches_consensus,True,False,,0.06922286422852662,buried_core,False,True,False,False,5.581268719274108,True,True,unassigned_manual_review,,not_annotated_no_domain_boundaries,,True,False
6E9E,A,VI-D,binary,160,161,P,100.0,P,161.0,,PRO,True,560,561,four_layer_exact,high,0.978021978021978,0.2618244455608985,2.1311095792334758,0.021978021978022,D,A;D;E;G;N;P;S,differs_from_consensus,True,True,scaffold_differs_from_msa_consensus,0.32659127855167547,surface,False,False,False,False,9.319862313697229,True,False,unassigned_manual_review,,not_annotated_no_domain_boundaries,,True,False
6E9E,A,VI-D,binary,161,162,T,101.0,T,162.0,,THR,True,561,562,four_layer_exact,high,0.978021978021978,0.2204837436302303,2.3047630718212755,0.021978021978022,K,A;E;K;T;V,differs_from_consensus,True,True,scaffold_differs_from_msa_consensus,0.16908986833386916,buried_core,False,False,False,False,11.481637456000795,True,True,unassigned_manual_review,,not_annotated_no_domain_boundaries,,True,False
6E9E,A,VI-D,binary,162,163,L,102.0,L,163.0,,LEU,True,562,563,four_layer_exact,high,0.978021978021978,0.7864063733582143,0.847668083666137,0.021978021978022,L,I;L,matches_consensus,True,False,,0.012016201154626033,buried_core,False,False,False,False,8.114866799212228,True,True,unassigned_manual_review,,not_annotated_no_domain_boundaries,,True,False
6E9E,A,VI-D,binary,163,164,E,103.0,E,164.0,,GLU,True,563,564,four_layer_exact,high,0.978021978021978,0.9379889471039976,0.3591659995215883,0.021978021978022,E,E,matches_consensus,True,False,,0.009609497973656685,buried_core,False,False,False,False,8.200845472124895,True,True,unassigned_manual_review,,not_annotated_no_domain_boundaries,,True,False
6E9E,A,VI-D,binary,164,165,K,104.0,K,165.0,,LYS,True,564,565,four_layer_exact,high,0.978021978021978,0.3764444125457546,1.8978953842065425,0.021978021978022,K,E;K;N;Q;R,matches_consensus,True,False,,0.45514127078680866,surface,False,False,False,False,13.123114469345138,True,False,unassigned_manual_review,,not_annotated_no_domain_boundaries,,True,False
6E9E,A,VI-D,binary,165,166,K,105.0,K,166.0,,LYS,True,565,566,four_layer_exact,high,0.9725274725274724,0.2960179229601792,2.2327720619293143,0.0274725274725274,R,E;K;L;Q;R,differs_from_consensus,True,True,scaffold_differs_from_msa_consensus,0.33841156193469585,surface,False,False,False,False,14.668921311275959,True,False,unassigned_manual_review,,not_annotated_no_domain_boundaries,,True,False
6E9E,A,VI-D,binary,166,167,F,106.0,F,167.0,,PHE,True,566,567,four_layer_exact,high,0.9725274725274724,0.3964009539640095,1.3154595161030895,0.0274725274725274,F,F;I;V;Y,matches_consensus,True,False,,0.025158921167498256,buried_core,False,False,False,False,12.453932258195238,True,True,unassigned_manual_review,,not_annotated_no_domain_boundaries,,True,False
6E9E,A,VI-D,binary,167,168,F,107.0,F,168.0,,PHE,True,567,568,four_layer_exact,high,0.9725274725274724,0.9028691190286912,0.3824482483275325,0.0274725274725274,F,F;Y,matches_consensus,True,False,,0.014527981067260639,buried_core,False,False,False,False,12.92016373654033,True,True,unassigned_manual_review,,not_annotated_no_domain_boundaries,,True,False
6E9E,A,VI-D,binary,168,169,G,108.0,G,169.0,,GLY,True,572,573,four_layer_exact,high,0.967032967032967,0.8509569900298377,0.6669910387731421,0.0329670329670329,G,D;G,matches_consensus,True,False,,0.4796761284316311,surface,False,False,False,False,17.158073229406945,True,False,unassigned_manual_review,,not_annotated_no_domain_boundaries,,True,False
6E9E,A,VI-D,binary,169,170,K,109.0,K,170.0,,LYS,True,577,578,four_layer_exact,high,0.956043956043956,0.4437965901542549,1.8169639891654,0.0439560439560439,K,E;K;Q;R,matches_consensus,True,False,,0.5059947635437978,surface,False,False,False,False,14.143211161668471,True,False,unassigned_manual_review,,not_annotated_no_domain_boundaries,,True,False
6E9E,A,VI-D,binary,170,171,E,110.0,E,171.0,,GLU,True,578,579,four_layer_exact,high,0.956043956043956,0.4310281201564691,1.8581568467619405,0.0439560439560439,T,E;K;N;S;T,differs_from_consensus,True,True,scaffold_differs_from_msa_consensus,0.5086395726673149,surface,False,False,False,False,13.661747099066666,True,False,unassigned_manual_review,,not_annotated_no_domain_boundaries,,True,False
6E9E,A,VI-D,binary,171,172,F,111.0,F,172.0,,PHE,True,579,580,four_layer_exact,high,0.956043956043956,0.7874381873200974,0.7486458359144552,0.0439560439560439,F,F;Y,matches_consensus,True,False,,0.2084235191751486,surface,False,False,False,False,10.936251627944753,True,False,unassigned_manual_review,,not_annotated_no_domain_boundaries,,True,False
6E9E,A,VI-D,binary,172,173,D,112.0,D,173.0,,ASP,True,589,590,four_layer_exact,high,0.9505494505494504,0.2982234445848509,1.8617780241960429,0.0494505494505495,D,D;E;K;N;Q;S,matches_consensus,True,False,,0.4417738842627682,surface,False,False,False,False,10.181143075736637,True,False,unassigned_manual_review,,not_annotated_no_domain_boundaries,,True,False
6E9E,A,VI-D,binary,173,174,D,113.0,D,174.0,,ASP,True,592,593,four_layer_exact,high,0.9725274725274724,0.9028691190286912,0.4422919571830753,0.0274725274725274,D,D,matches_consensus,True,False,,0.0721708150923076,buried_core,False,True,False,False,7.037982201422091,True,True,unassigned_manual_review,,not_annotated_no_domain_boundaries,,True,False
6E9E,A,VI-D,binary,174,175,N,114.0,N,175.0,,ASN,True,593,594,four_layer_exact,high,0.9725274725274724,0.8818385488183854,0.4780332910855459,0.0274725274725274,N,N;S,matches_consensus,True,False,,0.01799407607586892,buried_core,True,False,True,False,3.7842725591645787,True,True,unassigned_manual_review,,not_annotated_no_domain_boundaries,,True,False
6E9E,A,VI-D,binary,175,176,I,115.0,I,176.0,,ILE,True,594,595,four_layer_exact,high,0.9725274725274724,0.6461660764616607,1.0064735926327066,0.0274725274725274,I,I;L;V,matches_consensus,True,False,,0.006130092467207697,buried_core,False,True,False,False,6.618878164263742,True,True,unassigned_manual_review,,not_annotated_no_domain_boundaries,,True,False
6E9E,A,VI-D,binary,176,177,H,116.0,H,177.0,,HIS,True,595,596,four_layer_exact,high,0.9725274725274724,0.7641107176411072,0.7909641595037971,0.0274725274725274,H,H;R,matches_consensus,True,False,,0.0,buried_core,False,True,False,False,7.583184414642166,True,True,unassigned_manual_review,,not_annotated_no_domain_boundaries,,True,False
6E9E,A,VI-D,binary,177,178,I,117.0,I,178.0,,ILE,True,596,597,four_layer_exact,high,0.9725274725274724,0.7294211172942111,0.7432855236723085,0.0274725274725274,I,I;V,matches_consensus,True,False,,0.006130092467207697,buried_core,True,False,True,False,3.5943003061859318,True,True,unassigned_manual_review,,not_annotated_no_domain_boundaries,,True,False
6E9E,A,VI-D,binary,178,179,Q,118.0,Q,179.0,,GLN,True,597,598,four_layer_exact,high,0.9725274725274724,0.9791862397918624,0.1011894487526793,0.0274725274725274,Q,Q,matches_consensus,True,False,,0.004762040106945424,buried_core,True,False,True,False,3.459494530210548,True,True,unassigned_manual_review,,not_annotated_no_domain_boundaries,,True,False
6E9E,A,VI-D,binary,179,180,L,119.0,L,180.0,,LEU,True,598,599,four_layer_exact,high,0.9725274725274724,0.5064681650646816,1.0732635696041648,0.0274725274725274,I,I;L,differs_from_consensus,True,True,scaffold_differs_from_msa_consensus,0.0,buried_core,False,True,False,False,5.856627809547264,True,True,unassigned_manual_review,,not_annotated_no_domain_boundaries,,True,False
6E9E,A,VI-D,binary,180,181,I,120.0,I,181.0,,ILE,True,599,600,four_layer_exact,high,0.9725274725274724,0.549035195490352,0.9937481707190128,0.0274725274725274,I,A;I,matches_consensus,True,False,,0.006130092467207697,buried_core,False,True,False,False,7.498725943280088,True,True,unassigned_manual_review,,not_annotated_no_domain_boundaries,,True,False
6E9E,A,VI-D,binary,181,182,Y,121.0,Y,182.0,,TYR,True,600,601,four_layer_exact,high,0.9725274725274724,0.7918623979186239,0.7195081984231031,0.0274725274725274,Y,H;Y,matches_consensus,True,False,,0.09435557326589147,buried_core,True,False,True,False,4.106445756345503,True,True,unassigned_manual_review,,not_annotated_no_domain_boundaries,,True,False
6E9E,A,VI-D,binary,182,183,N,122.0,N,183.0,,ASN,True,601,602,four_layer_exact,high,0.9725274725274724,0.7710486377104863,0.9327503258970568,0.0274725274725274,N,N;Q,matches_consensus,True,False,,0.07165756959035456,buried_core,True,False,True,False,4.6336055328479695,True,True,unassigned_manual_review,,not_annotated_no_domain_boundaries,,True,False
6E9E,A,VI-D,binary,183,184,I,123.0,I,184.0,,ILE,True,602,603,four_layer_exact,high,0.9725274725274724,0.8473657584736575,0.5720383016931849,0.0274725274725274,I,I;V,matches_consensus,True,False,,0.006130092467207697,buried_core,False,False,False,False,9.32818662853431,True,True,unassigned_manual_review,,not_annotated_no_domain_boundaries,,True,False
6E9E,A,VI-D,binary,184,185,L,124.0,L,185.0,,LEU,True,603,604,four_layer_exact,high,0.9725274725274724,0.7224831972248319,1.1142788584799177,0.0274725274725274,L,F;L;M,matches_consensus,True,False,,0.10679089305852787,buried_core,False,True,False,False,7.554826869248133,True,True,unassigned_manual_review,,not_annotated_no_domain_boundaries,,True,False
6E9E,A,VI-D,binary,185,186,D,125.0,D,186.0,,ASP,True,604,605,four_layer_exact,high,0.9725274725274724,0.9859073498590736,0.0838238025531242,0.0274725274725274,D,D,matches_consensus,True,False,,0.07913349596286258,buried_core,True,False,True,False,4.0774238027021505,True,True,unassigned_manual_review,,not_annotated_no_domain_boundaries,,True,False
6E9E,A,VI-D,binary,186,187,I,126.0,I,187.0,,ILE,True,605,606,four_layer_exact,high,0.9725274725274724,0.8612415986124159,0.59589947731441,0.0274725274725274,I,I;V,matches_consensus,True,False,,0.012260184934415394,buried_core,False,True,False,False,7.760148229446818,True,True,unassigned_manual_review,,not_annotated_no_domain_boundaries,,True,False
6E9E,A,VI-D,binary,187,188,E,127.0,E,188.0,,GLU,True,606,607,four_layer_exact,high,0.9725274725274724,0.4241526342415263,1.824311774719388,0.0274725274725274,E,E;K;N;Q,matches_consensus,True,False,,0.17121933543534168,buried_core,False,False,False,False,9.749104383689733,True,True,unassigned_manual_review,,not_annotated_no_domain_boundaries,,True,False
6E9E,A,VI-D,binary,188,189,K,128.0,K,189.0,,LYS,True,607,608,four_layer_exact,high,0.9725274725274724,0.9861241598612416,0.0731345002932976,0.0274725274725274,K,K,matches_consensus,True,False,,0.09384176869271715,buried_core,True,False,True,False,3.668763876845439,True,True,unassigned_manual_review,,not_annotated_no_domain_boundaries,,True,False
6E9E,A,VI-D,binary,189,190,I,129.0,I,190.0,,ILE,True,608,609,four_layer_exact,high,0.9725274725274724,0.7710486377104863,0.9794433374117556,0.0274725274725274,I,I;V,matches_consensus,True,False,,0.14041324444463332,buried_core,False,True,False,False,7.319359947798075,True,True,unassigned_manual_review,,not_annotated_no_domain_boundaries,,True,False
6E9E,A,VI-D,binary,190,191,L,130.0,L,191.0,,LEU,True,609,610,four_layer_exact,high,0.9725274725274724,0.7014526270145263,0.961400111587987,0.0274725274725274,L,F;I;L,matches_consensus,True,False,,0.024032402309252066,buried_core,False,False,False,False,10.346134665682218,True,True,unassigned_manual_review,,not_annotated_no_domain_boundaries,,True,False
6E9E,A,VI-D,binary,191,192,A,131.0,A,192.0,,ALA,True,610,611,four_layer_exact,high,0.9725274725274724,0.4276215942762159,1.6201183849636598,0.0274725274725274,A,A;G;S;T,matches_consensus,True,False,,0.01766734294653207,buried_core,False,False,False,False,11.165667909632564,True,True,unassigned_manual_review,,not_annotated_no_domain_boundaries,,True,False
6E9E,A,VI-D,binary,192,193,V,132.0,V,193.0,,VAL,True,611,612,four_layer_exact,high,0.978021978021978,0.3401110390078593,2.1266266094351343,0.021978021978022,V,E;I;L;P;T;V,matches_consensus,True,False,,0.06168094685277041,buried_core,False,True,False,False,7.445978307653507,True,True,unassigned_manual_review,,not_annotated_no_domain_boundaries,,True,False
6E9E,A,VI-D,binary,193,194,Y,133.0,Y,194.0,,TYR,True,612,613,four_layer_exact,high,0.978021978021978,0.63638330088687,1.1764477779997191,0.021978021978022,Y,H;Y,matches_consensus,True,False,,0.06673707969937305,buried_core,False,True,False,False,7.317473135157115,True,True,unassigned_manual_review,,not_annotated_no_domain_boundaries,,True,False
6E9E,A,VI-D,binary,194,195,S,134.0,S,195.0,,SER,True,613,614,four_layer_exact,high,0.978021978021978,0.4083928185161151,1.5821683639735211,0.021978021978022,I,A;I;S;V,differs_from_consensus,True,True,scaffold_differs_from_msa_consensus,0.006912638864920777,buried_core,False,False,False,False,14.074241003282653,True,True,unassigned_manual_review,,not_annotated_no_domain_boundaries,,True,False
6E9E,A,VI-D,binary,195,196,T,135.0,T,196.0,,THR,True,614,615,four_layer_exact,high,0.9725274725274724,0.6029187540840776,1.356439458939927,0.0274725274725274,N,N;T,differs_from_consensus,True,True,scaffold_differs_from_msa_consensus,0.039751521629697154,buried_core,False,False,False,False,14.071946868667391,True,True,unassigned_manual_review,,not_annotated_no_domain_boundaries,,True,False
6E9E,A,VI-D,binary,196,197,N,136.0,N,197.0,,ASN,True,615,616,four_layer_exact,high,0.978021978021978,0.6227557862859615,1.220235102878004,0.021978021978022,N,D;N,matches_consensus,True,False,,0.04429774527414064,buried_core,False,False,False,False,11.264672635239084,True,True,unassigned_manual_review,,not_annotated_no_domain_boundaries,,True,False
6E9E,A,VI-D,binary,197,198,A,137.0,A,198.0,,ALA,True,616,617,four_layer_exact,high,0.978021978021978,0.6748864373783258,0.987056587698443,0.021978021978022,I,A;I;V,differs_from_consensus,True,True,scaffold_differs_from_msa_consensus,0.009361459039069119,buried_core,False,False,False,False,16.330041290063253,True,True,unassigned_manual_review,,not_annotated_no_domain_boundaries,,True,False
6E9E,A,VI-D,binary,198,199,I,138.0,I,199.0,,ILE,True,617,618,four_layer_exact,high,0.978021978021978,0.4605234696084793,1.4637418878752475,0.021978021978022,V,I;L;T;V,differs_from_consensus,True,True,scaffold_differs_from_msa_consensus,0.04291064727045388,buried_core,False,False,False,False,18.948690620056396,True,True,unassigned_manual_review,,not_annotated_no_domain_boundaries,,True,False
6E9E,A,VI-D,binary,199,200,Y,139.0,Y,200.0,,TYR,True,618,619,four_layer_exact,high,0.978021978021978,0.6400605667315596,1.2786003477419858,0.021978021978022,Y,F;Y,matches_consensus,True,False,,0.017849215483583536,buried_core,False,False,False,False,16.91692556301004,True,True,unassigned_manual_review,,not_annotated_no_domain_boundaries,,True,False
6E9E,A,VI-D,binary,200,201,A,140.0,A,201.0,,ALA,True,619,620,four_layer_exact,high,0.978021978021978,0.3874107722258273,1.8668297053550893,0.021978021978022,A,A;I;M;S;T,matches_consensus,True,False,,0.016611767814925897,buried_core,False,False,False,False,17.579039284098616,True,True,unassigned_manual_review,,not_annotated_no_domain_boundaries,,True,False
6E9E,A,VI-D,binary,201,202,L,141.0,L,202.0,,LEU,True,626,627,four_layer_exact,high,0.978021978021978,0.4150984209387843,1.4610470414168355,0.021978021978022,L,F;I;L;V,matches_consensus,True,False,,0.05398387777415124,buried_core,False,False,False,False,18.336926655377564,True,True,unassigned_manual_review,,not_annotated_no_domain_boundaries,,True,False
6E9E,A,VI-D,binary,202,203,N,142.0,N,203.0,,ASN,True,627,628,four_layer_exact,high,0.978021978021978,0.5293099718797317,1.5383120879550498,0.021978021978022,N,D;N;Y,matches_consensus,True,False,,0.19998141528569055,buried_core,False,False,False,False,20.448401599698908,True,True,unassigned_manual_review,,not_annotated_no_domain_boundaries,,True,False
6E9E,A,VI-D,binary,203,204,N,143.0,N,204.0,,ASN,True,628,629,four_layer_exact,high,0.978021978021978,0.8061864590093013,0.8667451873659544,0.021978021978022,N,H;N,matches_consensus,True,False,,0.09352273224470839,buried_core,False,False,False,False,19.409460182125965,True,True,unassigned_manual_review,,not_annotated_no_domain_boundaries,,True,False
6E9E,A,VI-D,binary,204,205,M,144.0,M,205.0,,MET,True,629,630,four_layer_exact,high,0.9835164835164836,0.6228373702422145,1.1990834743759282,0.0164835164835165,L,I;L;M;V,differs_from_consensus,True,True,scaffold_differs_from_msa_consensus,0.5078566849101546,surface,False,False,False,False,17.112339436822957,True,False,unassigned_manual_review,,not_annotated_no_domain_boundaries,,True,True
6E9E,A,VI-D,binary,205,206,S,,,,,,False,630,631,full_msa_only_unresolved_coordinate,medium,0.9835164835164836,0.1695501730103806,2.6246834244920807,0.0164835164835165,L,A;D;F;L;N;Q;R;S,differs_from_consensus,False,True,unresolved_internal;scaffold_differs_from_msa_consensus,,,,,,,,False,False,unassigned_manual_review,,not_annotated_no_domain_boundaries,,False,False
6E9E,A,VI-D,binary,206,207,A,,,,,,False,631,632,full_msa_only_unresolved_coordinate,medium,0.9615384615384616,0.5195729537366548,1.7704840240886426,0.0384615384615384,R,D;G;N;R,differs_from_consensus,False,True,unresolved_internal;scaffold_differs_from_msa_consensus,,,,,,,,False,False,unassigned_manual_review,,not_annotated_no_domain_boundaries,,False,False
6E9E,A,VI-D,binary,207,208,D,,,,,,False,633,634,full_msa_only_unresolved_coordinate,medium,0.8956043956043956,0.1625806451612903,2.560474128027858,0.1043956043956043,D,A;D;E;G;K;N;R;S;T,matches_consensus,False,True,unresolved_internal,,,,,,,,False,False,unassigned_manual_review,,not_annotated_no_domain_boundaries,,False,False
6E9E,A,VI-D,binary,208,209,E,,,,,,False,634,635,full_msa_only_unresolved_coordinate,medium,0.8956043956043956,0.2474870298313878,2.3402382182330475,0.1043956043956043,E,D;E;G;K;N;S,matches_consensus,False,True,unresolved_internal,,,,,,,,False,False,unassigned_manual_review,,not_annotated_no_domain_boundaries,,False,False
6E9E,A,VI-D,binary,209,210,N,,,,,,False,635,636,full_msa_only_unresolved_coordinate,medium,0.6703296703296703,0.1506591337099811,2.524932108101712,0.3296703296703297,D,A;D;E;G;I;N;R;S;T,differs_from_consensus,False,True,unresolved_internal;scaffold_differs_from_msa_consensus,,,,,,,,False,False,unassigned_manual_review,,not_annotated_no_domain_boundaries,,False,False
6E9E,A,VI-D,binary,210,211,I,,,,,,False,636,637,full_msa_only_unresolved_coordinate,medium,0.6538461538461539,0.2962962962962963,2.4002029059513537,0.3461538461538461,D,D;E;K;N;S,differs_from_consensus,False,True,unresolved_internal;scaffold_differs_from_msa_consensus,,,,,,,,False,False,unassigned_manual_review,,not_annotated_no_domain_boundaries,,False,False
6E9E,A,VI-D,binary,211,212,E,,,,,,False,637,638,full_msa_only_unresolved_coordinate,medium,0.6208791208791209,0.4591194968553459,1.914095276075878,0.3791208791208791,E,D;E;I;K;T;V,matches_consensus,False,True,unresolved_internal,,,,,,,,False,False,unassigned_manual_review,,not_annotated_no_domain_boundaries,,False,False
6E9E,A,VI-D,binary,212,213,N,,,,,,False,666,667,full_msa_only_unresolved_coordinate,medium,0.7967032967032966,0.1409691629955947,2.612920646123284,0.2032967032967033,D,D;E;G;K;N;P;S;T;Y,differs_from_consensus,False,True,unresolved_internal;scaffold_differs_from_msa_consensus,,,,,,,,False,False,unassigned_manual_review,,not_annotated_no_domain_boundaries,,False,False
6E9E,A,VI-D,binary,213,214,S,,,,,,False,667,668,full_msa_only_unresolved_coordinate,medium,0.9615384615384616,0.192170818505338,2.5580005415999194,0.0384615384615384,E,D;E;G;K;N;S;T,differs_from_consensus,False,True,unresolved_internal;scaffold_differs_from_msa_consensus,,,,,,,,False,False,unassigned_manual_review,,not_annotated_no_domain_boundaries,,False,False
6E9E,A,VI-D,binary,214,215,D,145.0,D,215.0,,ASP,True,668,669,four_layer_exact,high,0.9835164835164836,0.944636678200692,0.2547406375754432,0.0164835164835165,D,D,matches_consensus,True,False,,0.6830108916109926,surface,False,False,False,False,26.67004629830465,True,False,unassigned_manual_review,,not_annotated_no_domain_boundaries,,True,True
6E9E,A,VI-D,binary,215,216,F,146.0,F,216.0,,PHE,True,669,670,four_layer_exact,high,0.9835164835164836,0.3181228373702422,1.8410987589276655,0.0164835164835165,F,F;I;L;V;Y,matches_consensus,True,False,,0.1228514047599757,buried_core,False,False,False,False,21.429127749590982,True,True,unassigned_manual_review,,not_annotated_no_domain_boundaries,,True,False
6E9E,A,VI-D,binary,216,217,F,147.0,F,217.0,,PHE,True,670,671,four_layer_exact,high,0.9835164835164836,0.5247981545559401,1.3844867958828906,0.0164835164835165,I,F;I;L;V,differs_from_consensus,True,True,scaffold_differs_from_msa_consensus,0.09446915717001673,buried_core,False,False,False,False,20.49897733474618,True,True,unassigned_manual_review,,not_annotated_no_domain_boundaries,,True,False
6E9E,A,VI-D,binary,217,218,M,148.0,M,218.0,,MET,True,675,676,four_layer_exact,high,0.956043956043956,0.8924731182795699,0.5329649423499991,0.0439560439560439,G,G,differs_from_consensus,True,True,scaffold_differs_from_msa_consensus,0.17704714678675584,buried_core,False,False,False,False,21.581334347328713,True,True,unassigned_manual_review,,not_annotated_no_domain_boundaries,,True,False
6E9E,A,VI-D,binary,218,219,K,149.0,K,219.0,,LYS,True,677,678,four_layer_exact,high,0.945054945054945,0.2382671480144404,2.31862657470561,0.0549450549450549,Y,G;M;N;S;T;Y,differs_from_consensus,True,True,scaffold_differs_from_msa_consensus,0.4994532221763602,surface,False,False,False,False,25.822003760574702,True,False,unassigned_manual_review,,not_annotated_no_domain_boundaries,,True,False
6E9E,A,VI-D,binary,219,220,R,150.0,R,220.0,,ARG,True,678,679,four_layer_exact,high,0.9505494505494504,0.4838709677419355,1.5113316420864789,0.0494505494505495,L,F;I;L;M,differs_from_consensus,True,True,scaffold_differs_from_msa_consensus,0.0886511584176564,buried_core,False,False,False,False,25.014542903275895,True,True,unassigned_manual_review,,not_annotated_no_domain_boundaries,,True,False
6E9E,A,VI-D,binary,220,221,T,151.0,T,221.0,,THR,True,679,680,four_layer_exact,high,0.8406593406593407,0.3015167364016736,2.168871405821139,0.1593406593406593,S,G;K;N;P;R;S;T;Y,differs_from_consensus,True,True,scaffold_differs_from_msa_consensus,0.26524284123522945,surface,False,False,False,False,28.00631978970285,True,False,unassigned_manual_review,,not_annotated_no_domain_boundaries,,True,False
6E9E,A,VI-D,binary,221,222,T,152.0,T,222.0,,THR,True,680,681,four_layer_exact,high,0.7802197802197802,0.3745199692780338,2.120855394358002,0.2197802197802197,T,A;F;L;S;T;V;Y,matches_consensus,False,False,,0.08177404944646838,buried_core,False,False,False,False,27.416675730051484,True,True,unassigned_manual_review,,not_annotated_no_domain_boundaries,,False,False
6E9E,A,VI-D,binary,222,223,D,153.0,D,223.0,,ASP,True,688,689,four_layer_exact,high,0.7252747252747253,0.123076923076923,2.685364474835372,0.2747252747252747,D,D;G;K;L;N;Q;R;S;T,matches_consensus,False,False,,0.5352557663702717,surface,False,False,False,False,31.340353889597747,True,False,unassigned_manual_review,,not_annotated_no_domain_boundaries,,False,False
6E9E,A,VI-D,binary,223,224,E,154.0,E,224.0,,GLU,True,689,690,four_layer_exact,high,0.7362637362637363,0.3922738693467337,2.1847113390248687,0.2637362637362637,N,D;I;K;N;V;Y,differs_from_consensus,False,True,scaffold_differs_from_msa_consensus,0.32810466835752944,surface,False,False,False,False,28.11320037725896,True,False,unassigned_manual_review,,not_annotated_no_domain_boundaries,,False,False
6E9E,A,VI-D,binary,224,225,T,155.0,T,225.0,,THR,True,690,691,four_layer_exact,high,0.7692307692307693,0.3679245283018867,1.9994576928039347,0.2307692307692307,T,D;K;P;S;T,matches_consensus,False,False,,0.1115458271201248,buried_core,False,False,False,False,27.654391776766168,True,True,unassigned_manual_review,,not_annotated_no_domain_boundaries,,False,False
6E9E,A,VI-D,binary,225,226,F,156.0,F,226.0,,PHE,True,692,693,four_layer_exact,high,0.8516483516483516,0.8068415637860082,0.6570525118176964,0.1483516483516483,Y,F;Y,differs_from_consensus,True,True,scaffold_differs_from_msa_consensus,0.06996981338013966,buried_core,False,False,False,False,21.278050511024198,True,True,unassigned_manual_review,,not_annotated_no_domain_boundaries,,True,False
6E9E,A,VI-D,binary,226,227,D,157.0,D,227.0,,ASP,True,705,706,four_layer_exact,high,0.9175824175824177,0.2679245283018868,2.1500797832958343,0.0824175824175824,E,A;D;E;K;Q;S,differs_from_consensus,True,True,scaffold_differs_from_msa_consensus,0.48599689577655514,surface,False,False,False,False,27.071757708322885,True,False,unassigned_manual_review,,not_annotated_no_domain_boundaries,,True,False
6E9E,A,VI-D,binary,227,228,D,158.0,D,228.0,,ASP,True,706,707,four_layer_exact,high,0.9230769230769232,0.1423220973782771,2.474100316647014,0.0769230769230768,K,A;D;E;K;N;Q;S;T;V,differs_from_consensus,True,True,scaffold_differs_from_msa_consensus,0.3838587376376153,surface,False,False,False,False,28.92460303165711,True,False,unassigned_manual_review,,not_annotated_no_domain_boundaries,,True,False
6E9E,A,VI-D,binary,228,229,F,159.0,F,229.0,,PHE,True,707,708,four_layer_exact,high,0.9230769230769232,0.4342228464419476,1.7561895836793948,0.0769230769230768,F,F;I;L;V;Y,matches_consensus,True,False,,0.0,buried_core,False,False,False,False,23.08356600746035,True,True,unassigned_manual_review,,not_annotated_no_domain_boundaries,,True,False
6E9E,A,VI-D,binary,229,230,E,160.0,E,230.0,,GLU,True,743,744,four_layer_exact,high,0.5604395604395604,0.2530413625304136,2.231738306569456,0.4395604395604395,E,D;E;K;N;Q;S;T,matches_consensus,False,False,,0.4055110318787218,surface,False,False,False,False,22.835759985152826,True,False,unassigned_manual_review,,not_annotated_no_domain_boundaries,,False,False
6E9E,A,VI-D,binary,230,231,K,161.0,K,231.0,,LYS,True,744,745,four_layer_exact,high,0.3791208791208791,0.2129629629629629,2.343535210906453,0.6208791208791209,D,A;D;E;K;N;P;R;S;V,differs_from_consensus,False,True,scaffold_differs_from_msa_consensus,0.49915029809828787,surface,False,False,False,False,27.539562963177623,True,False,unassigned_manual_review,,not_annotated_no_domain_boundaries,,False,False
6E9E,A,VI-D,binary,231,232,K,162.0,K,232.0,,LYS,True,745,746,four_layer_exact,high,0.3901098901098901,0.175438596491228,2.3080875510354337,0.6098901098901099,D,D;G;I;K;L;N;R,differs_from_consensus,False,True,scaffold_differs_from_msa_consensus,0.17503330222142421,buried_core,False,False,False,False,26.865890064977325,True,True,unassigned_manual_review,,not_annotated_no_domain_boundaries,,False,False
6E9E,A,VI-D,binary,232,233,K,163.0,K,233.0,,LYS,True,746,747,four_layer_exact,high,0.3626373626373626,0.174757281553398,2.49492349552644,0.6373626373626373,E,A;D;E;G;K;N;Q;S;T;V,differs_from_consensus,False,True,scaffold_differs_from_msa_consensus,0.44554913645806926,surface,False,False,False,False,22.211354191754094,True,False,unassigned_manual_review,,not_annotated_no_domain_boundaries,,False,False
6E9E,A,VI-D,binary,233,234,E,164.0,E,234.0,,GLU,True,747,748,four_layer_exact,high,0.3736263736263736,0.5045871559633027,1.4819618708788802,0.6263736263736264,K,A;E;I;K;R;V,differs_from_consensus,False,True,scaffold_differs_from_msa_consensus,0.6808437058284706,surface,False,False,False,False,27.583258692638417,True,False,unassigned_manual_review,,not_annotated_no_domain_boundaries,,False,False
6E9E,A,VI-D,binary,234,235,S,165.0,S,235.0,,SER,True,757,758,four_layer_exact,high,0.6483516483516484,0.2745098039215686,2.2140650838006617,0.3516483516483516,K,A;D;K;N;R;S,differs_from_consensus,False,True,scaffold_differs_from_msa_consensus,0.20069742400857155,surface,False,False,False,False,29.634575694236943,True,False,unassigned_manual_review,,not_annotated_no_domain_boundaries,,False,False
6E9E,A,VI-D,binary,235,236,T,166.0,T,236.0,,THR,True,758,759,four_layer_exact,high,0.7032967032967034,0.3263157894736842,2.0183308491572056,0.2967032967032966,N,A;D;K;N;R;S;T,differs_from_consensus,False,True,scaffold_differs_from_msa_consensus,0.8327928877121522,surface,False,False,False,False,32.53574160507614,True,False,unassigned_manual_review,,not_annotated_no_domain_boundaries,,False,False
6E9E,A,VI-D,binary,236,237,N,167.0,N,237.0,,ASN,True,759,760,four_layer_exact,high,0.7142857142857143,0.2268041237113402,2.4667628755816917,0.2857142857142857,I,A;F;I;L;N;R;V,differs_from_consensus,False,True,scaffold_differs_from_msa_consensus,0.36415821187353914,surface,False,False,False,False,31.04849363692764,True,False,unassigned_manual_review,,not_annotated_no_domain_boundaries,,False,False
6E9E,A,VI-D,binary,237,238,S,168.0,S,238.0,,SER,True,760,761,four_layer_exact,high,0.7252747252747253,0.1616161616161616,2.4705730625141404,0.2747252747252747,N,A;D;E;G;K;N;R;S;T,differs_from_consensus,False,True,scaffold_differs_from_msa_consensus,0.6220063211483278,surface,False,False,False,False,29.597346624085386,True,False,unassigned_manual_review,,not_annotated_no_domain_boundaries,,False,False
6E9E,A,VI-D,binary,238,239,R,169.0,R,239.0,,ARG,True,761,762,four_layer_exact,high,0.7252747252747253,0.3163265306122449,2.216312346365829,0.2747252747252747,K,D;E;K;N;R;S,differs_from_consensus,False,True,scaffold_differs_from_msa_consensus,0.652171199062672,surface,False,False,False,False,28.47772117200464,True,False,unassigned_manual_review,,not_annotated_no_domain_boundaries,,False,False
6E9E,A,VI-D,binary,239,240,E,170.0,E,240.0,,GLU,True,762,763,four_layer_exact,high,0.7802197802197802,0.213953488372093,2.484878606258631,0.2197802197802197,S,A;I;K;L;N;Q;S;V,differs_from_consensus,False,True,scaffold_differs_from_msa_consensus,0.2638110589909512,surface,False,False,False,False,27.138402919349822,True,False,unassigned_manual_review,,not_annotated_no_domain_boundaries,,False,False
6E9E,A,VI-D,binary,240,241,K,171.0,K,241.0,,LYS,True,763,764,four_layer_exact,high,0.7857142857142857,0.4128440366972477,1.8907203716128045,0.2142857142857143,K,K;R;Y,matches_consensus,False,False,,0.3349137446225888,surface,False,False,False,False,25.003640589529958,True,False,unassigned_manual_review,,not_annotated_no_domain_boundaries,,False,False
6E9E,A,VI-D,binary,241,242,A,172.0,A,242.0,,ALA,True,764,765,four_layer_exact,high,0.8131868131868132,0.1938325991189427,2.164355216127221,0.1868131868131868,E,A;D;E;K;N;R;S,differs_from_consensus,True,True,scaffold_differs_from_msa_consensus,0.4264048152707548,surface,False,False,False,False,23.905521014656944,True,False,unassigned_manual_review,,not_annotated_no_domain_boundaries,,True,False
6E9E,A,VI-D,binary,242,243,D,173.0,D,243.0,,ASP,True,765,766,four_layer_exact,high,0.7307692307692307,0.2081218274111675,2.5933707260581027,0.2692307692307693,K,A;D;E;F;K;L;N;S;T,differs_from_consensus,False,True,scaffold_differs_from_msa_consensus,0.17360343337644338,buried_core,False,False,False,False,23.17000776967221,True,True,unassigned_manual_review,,not_annotated_no_domain_boundaries,,False,False
6E9E,A,VI-D,binary,243,244,F,174.0,F,244.0,,PHE,True,766,767,four_layer_exact,high,0.2747252747252747,0.2105263157894736,2.287721822767132,0.7252747252747253,E,A;D;E;F;H;I;K;L;M;R;S;V,differs_from_consensus,False,True,scaffold_differs_from_msa_consensus,0.055349626568496166,buried_core,False,False,False,False,20.77415101960149,True,True,unassigned_manual_review,,not_annotated_no_domain_boundaries,,False,False
6E9E,A,VI-D,binary,244,245,D,175.0,D,245.0,,ASP,True,806,807,four_layer_exact,high,0.2582417582417582,0.25,1.9600951351245584,0.7417582417582418,E,A;D;E;I;K;N;P;R,differs_from_consensus,False,True,scaffold_differs_from_msa_consensus,0.33055206327004655,surface,False,False,False,False,19.37896303378168,True,False,unassigned_manual_review,,not_annotated_no_domain_boundaries,,False,False
6E9E,A,VI-D,binary,245,246,A,176.0,A,246.0,,ALA,True,807,808,four_layer_exact,high,0.2747252747252747,0.3004694835680751,1.8209748275094757,0.7252747252747253,K,A;C;D;I;K;N;R;S,differs_from_consensus,False,True,scaffold_differs_from_msa_consensus,0.2632092566510999,surface,False,False,False,False,18.41196521203331,True,False,unassigned_manual_review,,not_annotated_no_domain_boundaries,,False,False
6E9E,A,VI-D,binary,246,247,F,177.0,F,247.0,,PHE,True,808,809,four_layer_exact,high,0.7967032967032966,0.6947869955156951,1.085834884972082,0.2032967032967033,F,F;L;Y,matches_consensus,False,False,,0.020127136933998604,buried_core,False,False,False,False,16.50637765464009,True,True,unassigned_manual_review,,not_annotated_no_domain_boundaries,,False,False
6E9E,A,VI-D,binary,247,248,E,178.0,E,248.0,,GLU,True,847,848,four_layer_exact,high,0.8791208791208791,0.272,2.3570440080535624,0.1208791208791209,E,D;E;K;L;Q,matches_consensus,True,False,,0.3773734065843528,surface,False,False,False,False,14.264308723029258,True,False,unassigned_manual_review,,not_annotated_no_domain_boundaries,,True,False
6E9E,A,VI-D,binary,248,249,K,179.0,K,249.0,,LYS,True,848,849,four_layer_exact,high,0.8901098901098901,0.2125984251968504,2.259972308387499,0.1098901098901099,E,A;D;E;K;N;Q,differs_from_consensus,True,True,scaffold_differs_from_msa_consensus,0.4838063335994903,surface,False,False,False,False,14.204251948726304,True,False,unassigned_manual_review,,not_annotated_no_domain_boundaries,,True,False
6E9E,A,VI-D,binary,249,250,F,180.0,F,250.0,,PHE,True,853,854,four_layer_exact,high,0.989010989010989,0.3931034482758621,1.7026153784520743,0.0109890109890109,L,F;I;L;V;Y,differs_from_consensus,True,True,scaffold_differs_from_msa_consensus,0.10063568466999302,buried_core,False,False,False,False,12.899606642085866,True,True,unassigned_manual_review,,not_annotated_no_domain_boundaries,,True,False
6E9E,A,VI-D,binary,250,251,I,181.0,I,251.0,,ILE,True,854,855,four_layer_exact,high,0.9835164835164836,0.3819444444444444,1.902525130550066,0.0164835164835165,L,I;L;M;V;Y,differs_from_consensus,True,True,scaffold_differs_from_msa_consensus,0.26755959095466947,surface,False,False,False,False,10.293161969493674,True,False,unassigned_manual_review,,not_annotated_no_domain_boundaries,,True,False
6E9E,A,VI-D,binary,251,252,G,182.0,G,252.0,,GLY,True,855,856,four_layer_exact,high,0.9725274725274724,0.3218968531468531,2.266836153858927,0.0274725274725274,K,D;E;K;N;R;S,differs_from_consensus,True,True,scaffold_differs_from_msa_consensus,0.6469544583390532,surface,False,False,False,False,10.08356262713802,True,False,unassigned_manual_review,,not_annotated_no_domain_boundaries,,True,False
6E9E,A,VI-D,binary,252,253,N,183.0,N,253.0,,ASN,True,859,860,four_layer_exact,high,0.9725274725274724,0.2867132867132867,2.1543887797951977,0.0274725274725274,N,A;D;K;N;R;S;T,matches_consensus,True,False,,0.2375931425208036,surface,False,False,False,False,8.542566465775966,True,False,unassigned_manual_review,,not_annotated_no_domain_boundaries,,True,False
6E9E,A,VI-D,binary,253,254,Y,184.0,Y,254.0,,TYR,True,866,867,four_layer_exact,high,0.956043956043956,0.1798561151079136,2.5536442431912896,0.0439560439560439,P,A;I;K;N;P;S;T,differs_from_consensus,True,True,scaffold_differs_from_msa_consensus,0.43716324899212117,surface,False,True,False,False,7.089329100047841,True,False,unassigned_manual_review,,not_annotated_no_domain_boundaries,,True,False
6E9E,A,VI-D,binary,254,255,R,185.0,R,255.0,,ARG,True,867,868,four_layer_exact,high,0.9615384615384616,0.4357142857142857,1.832936178223712,0.0384615384615384,R,E;K;Q;R;S,matches_consensus,True,False,,0.10236726021789645,buried_core,False,False,False,False,9.68320877978963,True,True,unassigned_manual_review,,not_annotated_no_domain_boundaries,,True,False
6E9E,A,VI-D,binary,255,256,L,186.0,L,256.0,,LEU,True,876,877,four_layer_exact,high,0.934065934065934,0.5073529411764706,1.6645494685568731,0.0659340659340659,L,F;I;L;M;Y,matches_consensus,True,False,,0.04806480461850413,buried_core,False,False,False,False,10.61125066307275,True,True,unassigned_manual_review,,not_annotated_no_domain_boundaries,,True,False
6E9E,A,VI-D,binary,256,257,A,187.0,A,257.0,,ALA,True,877,878,four_layer_exact,high,0.934065934065934,0.3823529411764705,2.197807917413664,0.0659340659340659,G,A;G;K;R;S;V,differs_from_consensus,True,True,scaffold_differs_from_msa_consensus,0.07475295516716654,buried_core,False,False,False,False,8.510747180914413,True,True,unassigned_manual_review,,not_annotated_no_domain_boundaries,,True,False
6E9E,A,VI-D,binary,257,258,Y,188.0,Y,258.0,,TYR,True,883,884,four_layer_exact,high,0.989010989010989,0.8896551724137931,0.4561349249235004,0.0109890109890109,Y,F;Y,matches_consensus,True,False,,0.13509546011238274,buried_core,False,False,False,False,10.580025935492147,True,True,unassigned_manual_review,,not_annotated_no_domain_boundaries,,True,False
6E9E,A,VI-D,binary,258,259,F,189.0,F,259.0,,PHE,True,884,885,four_layer_exact,high,0.989010989010989,0.7448275862068966,0.9081011234715318,0.0109890109890109,F,F;L;Y,matches_consensus,True,False,,0.03522248963449756,buried_core,False,False,False,False,13.468662084994781,True,True,unassigned_manual_review,,not_annotated_no_domain_boundaries,,True,False
6E9E,A,VI-D,binary,259,260,A,190.0,A,260.0,,ALA,True,889,890,four_layer_exact,high,0.9725274725274724,0.676056338028169,1.231170526549714,0.0274725274725274,G,D;G;N;S,differs_from_consensus,True,True,scaffold_differs_from_msa_consensus,0.08885135144549491,buried_core,False,False,False,False,11.269183250369329,True,True,unassigned_manual_review,,not_annotated_no_domain_boundaries,,True,False
6E9E,A,VI-D,binary,260,261,D,191.0,D,261.0,,ASP,True,901,902,four_layer_exact,high,0.9835164835164836,0.2083333333333333,2.408580112882473,0.0164835164835165,D,D;E;F;G;K;N;S;T,matches_consensus,True,False,,0.11537992234077446,buried_core,False,False,False,False,9.536670111384021,True,True,unassigned_manual_review,,not_annotated_no_domain_boundaries,,True,False
6E9E,A,VI-D,binary,261,262,A,192.0,A,262.0,,ALA,True,902,903,four_layer_exact,high,0.9835164835164836,0.3611111111111111,2.0000778562397588,0.0164835164835165,A,A;E;I;L;T;V,matches_consensus,True,False,,0.07278052204934062,buried_core,False,False,False,False,14.55503559573122,True,True,unassigned_manual_review,,not_annotated_no_domain_boundaries,,True,False
6E9E,A,VI-D,binary,262,263,F,193.0,F,263.0,,PHE,True,903,904,four_layer_exact,high,0.978021978021978,0.7482517482517482,0.9158307687118252,0.021978021978022,F,F;L;Y,matches_consensus,True,False,,0.010063568466999302,buried_core,False,False,False,False,12.929630328579446,True,True,unassigned_manual_review,,not_annotated_no_domain_boundaries,,True,False
6E9E,A,VI-D,binary,263,264,Y,194.0,Y,264.0,,TYR,True,904,905,four_layer_exact,high,0.9725274725274724,0.2887323943661972,2.4549672026777847,0.0274725274725274,Y,F;I;K;Y,matches_consensus,True,False,,0.02599719285288179,buried_core,False,True,False,False,7.43994808704869,True,True,unassigned_manual_review,,not_annotated_no_domain_boundaries,,True,False
6E9E,A,VI-D,binary,264,265,V,195.0,V,265.0,,VAL,True,922,923,four_layer_exact,high,0.2967032967032967,0.391304347826087,1.6232034941668427,0.7032967032967032,E,D;E;K,differs_from_consensus,False,True,scaffold_differs_from_msa_consensus,0.333138818217908,surface,False,False,False,False,12.1600975636311,True,False,unassigned_manual_review,,not_annotated_no_domain_boundaries,,False,False
6E9E,A,VI-D,binary,265,266,N,196.0,N,266.0,,ASN,True,923,924,four_layer_exact,high,0.3131868131868132,0.4615384615384615,1.6215897184730756,0.6868131868131868,K,E;G;K;P,differs_from_consensus,False,True,scaffold_differs_from_msa_consensus,0.5561356868359238,surface,False,False,False,False,11.773019948759698,True,False,unassigned_manual_review,,not_annotated_no_domain_boundaries,,False,False
6E9E,A,VI-D,binary,266,267,K,197.0,K,267.0,,LYS,True,924,925,four_layer_exact,high,0.3076923076923077,0.16,2.310717508000889,0.6923076923076923,D,A;D;E;K;L;T,differs_from_consensus,False,True,scaffold_differs_from_msa_consensus,0.5962014432996459,surface,False,False,False,False,12.272729113207003,True,False,unassigned_manual_review,,not_annotated_no_domain_boundaries,,False,True
6E9E,A,VI-D,binary,267,268,K,,,,,,False,925,926,full_msa_only_unresolved_coordinate,medium,0.2967032967032967,0.3478260869565217,1.8596715651221944,0.7032967032967032,G,A;E;G;K,differs_from_consensus,False,True,unresolved_internal;scaffold_differs_from_msa_consensus,,,,,,,,False,False,unassigned_manual_review,,not_annotated_no_domain_boundaries,,False,False
6E9E,A,VI-D,binary,268,269,N,,,,,,False,937,938,full_msa_only_unresolved_coordinate,medium,0.6098901098901099,0.2568108974358974,2.2904374821144597,0.39010989010989,K,D;E;K;N;R;S,differs_from_consensus,False,True,unresolved_internal;scaffold_differs_from_msa_consensus,,,,,,,,False,False,unassigned_manual_review,,not_annotated_no_domain_boundaries,,False,False
6E9E,A,VI-D,binary,269,270,P,,,,,,False,946,947,full_msa_only_unresolved_coordinate,medium,0.7857142857142857,0.3518518518518518,2.211937438426997,0.2142857142857143,K,A;E;G;K;N;R,differs_from_consensus,False,True,unresolved_internal;scaffold_differs_from_msa_consensus,,,,,,,,False,False,unassigned_manual_review,,not_annotated_no_domain_boundaries,,False,False
6E9E,A,VI-D,binary,270,271,K,,,,,,False,947,948,full_msa_only_unresolved_coordinate,medium,0.8241758241758241,0.7043478260869566,1.1626233707530862,0.1758241758241758,K,E;K,matches_consensus,False,True,unresolved_internal,,,,,,,,False,False,unassigned_manual_review,,not_annotated_no_domain_boundaries,,False,False
6E9E,A,VI-D,binary,271,272,G,,,,,,False,948,949,full_msa_only_unresolved_coordinate,medium,0.7802197802197802,0.2339369158878504,2.3817694049600524,0.2197802197802197,D,D;E;G;K;N;P;S,differs_from_consensus,False,True,unresolved_internal;scaffold_differs_from_msa_consensus,,,,,,,,False,False,unassigned_manual_review,,not_annotated_no_domain_boundaries,,False,False
6E9E,A,VI-D,binary,272,273,K,198.0,K,273.0,,LYS,True,979,980,four_layer_exact,high,0.7802197802197802,0.2429906542056074,2.240258343890273,0.2197802197802197,K,D;E;G;K;N;S;T,matches_consensus,False,False,,0.8988477300352147,surface,False,False,False,False,12.599338008366313,True,False,unassigned_manual_review,,not_annotated_no_domain_boundaries,,False,True
6E9E,A,VI-D,binary,273,274,A,199.0,A,274.0,,ALA,True,980,981,four_layer_exact,high,0.7912087912087912,0.2782874617737003,2.34506098958044,0.2087912087912088,K,E;K;P;Q;R;S,differs_from_consensus,False,True,scaffold_differs_from_msa_consensus,0.6388216786221462,surface,False,False,False,False,10.181831356910546,True,False,unassigned_manual_review,,not_annotated_no_domain_boundaries,,False,False
6E9E,A,VI-D,binary,274,275,K,200.0,K,275.0,,LYS,True,981,982,four_layer_exact,high,0.7307692307692307,0.3563762626262626,2.099450546137691,0.2692307692307693,K,D;E;K;Q;R,matches_consensus,False,False,,0.4674743115874724,surface,False,True,False,False,7.884628305336865,True,False,unassigned_manual_review,,not_annotated_no_domain_boundaries,,False,False
6E9E,A,VI-D,binary,275,276,N,201.0,N,276.0,,ASN,True,982,983,four_layer_exact,high,0.3406593406593406,0.1935483870967742,2.360704585751108,0.6593406593406593,E,A;D;E;K;N;V;Y,differs_from_consensus,False,True,scaffold_differs_from_msa_consensus,0.22614988322473703,surface,False,True,False,False,6.937886555569626,True,False,unassigned_manual_review,,not_annotated_no_domain_boundaries,,False,False
6E9E,A,VI-D,binary,276,277,V,202.0,V,277.0,,VAL,True,994,995,four_layer_exact,high,0.7252747252747253,0.1530612244897959,2.5439263886462906,0.2747252747252747,K,D;E;I;K;N;Q;T;V,differs_from_consensus,False,True,scaffold_differs_from_msa_consensus,0.29843685798687586,surface,False,False,False,False,8.073289257385806,True,False,unassigned_manual_review,,not_annotated_no_domain_boundaries,,False,False
6E9E,A,VI-D,binary,277,278,L,203.0,L,278.0,,LEU,True,995,996,four_layer_exact,high,0.8296703296703297,0.2183908045977011,2.5145360363436486,0.1703296703296702,E,D;E;K;L;N;P;Q;R,differs_from_consensus,True,True,scaffold_differs_from_msa_consensus,0.33387496306405695,surface,False,False,False,False,8.112109199137452,True,False,unassigned_manual_review,,not_annotated_no_domain_boundaries,,True,False
6E9E,A,VI-D,binary,278,279,R,204.0,R,279.0,,ARG,True,996,997,four_layer_exact,high,0.9725274725274724,0.380281690140845,2.0447219024364927,0.0274725274725274,K,A;E;K;N;R,differs_from_consensus,True,True,scaffold_differs_from_msa_consensus,0.10239509885644725,buried_core,False,False,False,False,13.137055372969984,True,True,unassigned_manual_review,,not_annotated_no_domain_boundaries,,True,False
6E9E,A,VI-D,binary,279,280,E,205.0,E,280.0,,GLU,True,997,998,four_layer_exact,high,0.967032967032967,0.2624113475177305,2.556186469552014,0.0329670329670329,S,D;E;N;S;T,differs_from_consensus,True,True,scaffold_differs_from_msa_consensus,0.5300493998107944,surface,False,False,False,False,15.84950741652017,True,False,unassigned_manual_review,,not_annotated_no_domain_boundaries,,True,False
6E9E,A,VI-D,binary,280,281,D,206.0,D,281.0,,ASP,True,998,999,four_layer_exact,high,0.967032967032967,0.3191489361702128,2.001474815983524,0.0329670329670329,E,D;E;K;Q;R,differs_from_consensus,True,True,scaffold_differs_from_msa_consensus,0.36493313238510466,surface,False,False,False,False,16.706830899880075,True,False,unassigned_manual_review,,not_annotated_no_domain_boundaries,,True,False
6E9E,A,VI-D,binary,281,282,K,207.0,K,282.0,,LYS,True,999,1000,four_layer_exact,high,0.912087912087912,0.3435114503816794,1.9206601311885951,0.0879120879120879,K,D;E;K;N;R,matches_consensus,True,False,,0.31694809443070415,surface,False,False,False,False,19.20025813278247,True,False,unassigned_manual_review,,not_annotated_no_domain_boundaries,,True,False
6E9E,A,VI-D,binary,282,283,E,208.0,E,283.0,,GLU,True,1021,1022,four_layer_exact,high,0.9725274725274724,0.4223151408450704,2.004366578420314,0.0274725274725274,E,D;E;H;K;R;Y,matches_consensus,True,False,,0.19707495290729318,buried_core,False,False,False,False,18.558814597353255,True,True,unassigned_manual_review,,not_annotated_no_domain_boundaries,,True,False
6E9E,A,VI-D,binary,283,284,L,209.0,L,284.0,,LEU,True,1030,1031,four_layer_exact,high,0.9945054945054944,0.3084332191780822,1.9334741628997247,0.0054945054945054,I,A;C;I;L;N;V,differs_from_consensus,True,True,scaffold_differs_from_msa_consensus,0.04205670404119111,buried_core,False,False,False,False,14.301214055767163,True,True,unassigned_manual_review,,not_annotated_no_domain_boundaries,,True,False
6E9E,A,VI-D,binary,284,285,Y,210.0,Y,285.0,,TYR,True,1031,1032,four_layer_exact,high,0.9945054945054944,0.6643835616438356,1.2277374201348163,0.0054945054945054,Y,F;Y,matches_consensus,True,False,,0.0,buried_core,False,False,False,False,19.591412675443532,True,True,unassigned_manual_review,,not_annotated_no_domain_boundaries,,True,False
6E9E,A,VI-D,binary,285,286,S,211.0,S,286.0,,SER,True,1032,1033,four_layer_exact,high,0.9945054945054944,0.2054794520547945,2.289840835448434,0.0054945054945054,N,D;H;K;N;S;Y,differs_from_consensus,True,True,scaffold_differs_from_msa_consensus,0.027650555459683108,buried_core,False,False,False,False,22.129371986261994,True,True,unassigned_manual_review,,not_annotated_no_domain_boundaries,,True,False
6E9E,A,VI-D,binary,286,287,V,212.0,V,287.0,,VAL,True,1033,1034,four_layer_exact,high,0.9945054945054944,0.4111729452054795,1.6950957478591993,0.0054945054945054,I,I;L;V,differs_from_consensus,True,True,scaffold_differs_from_msa_consensus,0.0416423522772385,buried_core,False,False,False,False,20.296173932654796,True,True,unassigned_manual_review,,not_annotated_no_domain_boundaries,,True,False
6E9E,A,VI-D,binary,287,288,L,213.0,L,288.0,,LEU,True,1034,1035,four_layer_exact,high,0.9945054945054944,0.6712328767123288,1.184271988274514,0.0054945054945054,L,F;I;L,matches_consensus,True,False,,0.02936304422001187,buried_core,False,False,False,False,19.10065101394235,True,True,unassigned_manual_review,,not_annotated_no_domain_boundaries,,True,False
6E9E,A,VI-D,binary,288,289,T,214.0,T,289.0,,THR,True,1035,1036,four_layer_exact,high,0.9945054945054944,0.3424657534246575,1.8198097162278748,0.0054945054945054,R,A;C;R;S,differs_from_consensus,True,True,scaffold_differs_from_msa_consensus,0.0,buried_core,False,False,False,False,23.63091655950705,True,True,unassigned_manual_review,,not_annotated_no_domain_boundaries,,True,False
6E9E,A,VI-D,binary,289,290,L,215.0,L,290.0,,LEU,True,1036,1037,four_layer_exact,high,0.9945054945054944,0.4246575342465753,1.7449120721819953,0.0054945054945054,L,F;I;L;M;V,matches_consensus,True,False,,0.0060081005773130166,buried_core,False,False,False,False,23.13550439273623,True,True,unassigned_manual_review,,not_annotated_no_domain_boundaries,,True,False
6E9E,A,VI-D,binary,290,291,I,216.0,I,291.0,,ILE,True,1037,1038,four_layer_exact,high,1.0,0.6326530612244898,1.1752685407534762,0.0,L,A;I;L;V,differs_from_consensus,True,True,scaffold_differs_from_msa_consensus,0.012260184934415394,buried_core,False,False,False,False,20.792104865910886,True,True,unassigned_manual_review,,not_annotated_no_domain_boundaries,,True,False
6E9E,A,VI-D,binary,291,292,G,217.0,G,292.0,,GLY,True,1038,1039,four_layer_exact,high,1.0,0.4419642857142857,1.2867105197612856,0.0,G,A;G;S,matches_consensus,True,False,,0.04251928161757767,buried_core,False,False,False,False,22.376185808283527,True,True,unassigned_manual_review,,not_annotated_no_domain_boundaries,,True,False
6E9E,A,VI-D,binary,292,293,K,218.0,K,293.0,,LYS,True,1039,1040,four_layer_exact,high,1.0,0.1428571428571428,2.660033185241378,0.0,S,A;F;I;K;L;M;Q;S;T;Y,differs_from_consensus,True,True,scaffold_differs_from_msa_consensus,0.08582538269275201,buried_core,False,False,False,False,20.83824679706974,True,True,unassigned_manual_review,,not_annotated_no_domain_boundaries,,True,False
6E9E,A,VI-D,binary,293,294,L,219.0,L,294.0,,LEU,True,1040,1041,four_layer_exact,high,1.0,0.4693877551020408,1.5713257017154096,0.0,L,A;I;L;M;V,matches_consensus,True,False,,0.030040502886565082,buried_core,False,False,False,False,17.66742561976338,True,True,unassigned_manual_review,,not_annotated_no_domain_boundaries,,True,False
6E9E,A,VI-D,binary,294,295,R,220.0,R,295.0,,ARG,True,1041,1042,four_layer_exact,high,1.0,1.0,-0.0,0.0,R,R,matches_consensus,True,False,,0.04515179514538908,buried_core,False,False,False,False,17.04997479708708,True,True,HEPN1,,not_annotated_no_domain_boundaries,HEPN1_R,True,False
6E9E,A,VI-D,binary,295,296,H,221.0,H,296.0,,HIS,True,1042,1043,four_layer_exact,high,1.0,0.7142857142857143,0.9316783758070812,0.0,Q,H;N;Q,differs_from_consensus,True,True,scaffold_differs_from_msa_consensus,0.3205083680120155,surface,False,False,False,False,19.059910052852036,True,False,unassigned_manual_review,,not_annotated_no_domain_boundaries,,True,False
6E9E,A,VI-D,binary,296,297,W,222.0,W,297.0,,TRP,True,1043,1044,four_layer_exact,high,1.0,0.2108843537414966,2.323815639312074,0.0,F,A;F;L;M;S;W,differs_from_consensus,True,True,scaffold_differs_from_msa_consensus,0.06084795384575209,buried_core,False,False,False,False,16.18197404614384,True,True,unassigned_manual_review,,not_annotated_no_domain_boundaries,,True,False
6E9E,A,VI-D,binary,297,298,C,223.0,C,298.0,,CYS,True,1044,1045,four_layer_exact,high,1.0,0.3197278911564626,1.9871025701383875,0.0,C,A;C;I;L;S;T;V,matches_consensus,True,False,,0.033710380265077805,buried_core,False,False,False,False,13.393063678402267,True,True,unassigned_manual_review,,not_annotated_no_domain_boundaries,,True,False
6E9E,A,VI-D,binary,298,299,V,224.0,V,299.0,,VAL,True,1045,1046,four_layer_exact,high,1.0,0.2653061224489796,1.9638985671056768,0.0,F,A;F;M;T;V,differs_from_consensus,True,True,scaffold_differs_from_msa_consensus,0.06940392046206416,buried_core,False,False,False,False,13.749738981633035,True,True,unassigned_manual_review,,not_annotated_no_domain_boundaries,,True,False
6E9E,A,VI-D,binary,299,300,H,225.0,H,300.0,,HIS,True,1046,1047,four_layer_exact,high,1.0,0.9931972789115646,0.0407280509323613,0.0,H,H,matches_consensus,True,False,,0.27660360088045943,surface,False,False,False,False,15.27547404472489,True,False,HEPN1,,not_annotated_no_domain_boundaries,HEPN1_H,True,False
6E9E,A,VI-D,binary,300,301,S,226.0,S,301.0,,SER,True,1047,1048,four_layer_exact,high,1.0,0.3197278911564626,2.187913418055878,0.0,G,D;E;F;G;S;Y,differs_from_consensus,True,True,scaffold_differs_from_msa_consensus,0.29560189782256413,surface,False,False,False,False,16.800084669225075,True,False,unassigned_manual_review,,not_annotated_no_domain_boundaries,,True,False
6E9E,A,VI-D,binary,301,302,E,227.0,E,302.0,,GLU,True,1049,1050,four_layer_exact,high,0.9285714285714286,0.1838235294117647,2.43337981865906,0.0714285714285714,K,D;E;G;K;N;S;T;Y,differs_from_consensus,True,True,scaffold_differs_from_msa_consensus,0.15852251124263161,buried_core,False,False,False,False,19.412494099226464,True,True,unassigned_manual_review,,not_annotated_no_domain_boundaries,,True,False
6E9E,A,VI-D,binary,302,303,E,228.0,E,303.0,,GLU,True,1050,1051,four_layer_exact,high,0.912087912087912,0.1753339694656488,2.61739589031574,0.0879120879120879,E,D;E;G;K;N;T;V,matches_consensus,True,False,,0.7035317526340377,surface,False,False,False,False,21.759015438000354,True,False,unassigned_manual_review,,not_annotated_no_domain_boundaries,,True,False
6E9E,A,VI-D,binary,303,304,G,229.0,G,304.0,,GLY,True,1051,1052,four_layer_exact,high,0.934065934065934,0.1753086419753086,2.555000334921787,0.0659340659340659,S,A;D;E;G;K;N;R;S;T,differs_from_consensus,True,True,scaffold_differs_from_msa_consensus,0.3681162400148707,surface,False,False,False,False,23.898136776932382,True,False,unassigned_manual_review,,not_annotated_no_domain_boundaries,,True,False
6E9E,A,VI-D,binary,304,305,R,230.0,R,305.0,,ARG,True,1055,1056,four_layer_exact,high,0.8626373626373627,0.2254098360655737,2.519479610737625,0.1373626373626373,N,D;E;G;K;N;R;S;T,differs_from_consensus,True,True,scaffold_differs_from_msa_consensus,0.7844241779495025,surface,False,False,False,False,25.914123576892433,True,False,unassigned_manual_review,,not_annotated_no_domain_boundaries,,True,False
6E9E,A,VI-D,binary,305,306,A,231.0,A,306.0,,ALA,True,1056,1057,four_layer_exact,high,0.8131868131868132,0.168141592920354,2.4508894946563955,0.1868131868131868,R,A;D;K;N;R;S;T,differs_from_consensus,True,True,scaffold_differs_from_msa_consensus,0.28084377117207354,surface,False,False,False,False,22.91786500388834,True,False,unassigned_manual_review,,not_annotated_no_domain_boundaries,,True,False
6E9E,A,VI-D,binary,306,307,E,232.0,E,307.0,,GLU,True,1057,1058,four_layer_exact,high,0.521978021978022,0.1269841269841269,2.421662682717796,0.478021978021978,A,A;D;E;K;L;N;P;Q;S;T,differs_from_consensus,False,True,scaffold_differs_from_msa_consensus,0.20004782935631174,surface,False,False,False,False,19.738127038032378,True,False,unassigned_manual_review,,not_annotated_no_domain_boundaries,,False,False
6E9E,A,VI-D,binary,307,308,F,233.0,F,308.0,,PHE,True,1075,1076,four_layer_exact,high,0.6538461538461539,0.2142857142857142,2.3573451971064188,0.3461538461538461,T,A;F;N;S;T;Y,differs_from_consensus,False,True,scaffold_differs_from_msa_consensus,0.10006831303675472,buried_core,False,False,False,False,21.20373008813073,True,True,unassigned_manual_review,,not_annotated_no_domain_boundaries,,False,False
6E9E,A,VI-D,binary,308,309,W,234.0,W,309.0,,TRP,True,1078,1079,four_layer_exact,high,0.8516483516483516,0.3916666666666666,2.1616914042489888,0.1483516483516483,W,A;S;V;W;Y,matches_consensus,True,False,,0.0677966717776795,buried_core,False,False,False,False,21.219915341679656,True,True,unassigned_manual_review,,not_annotated_no_domain_boundaries,,True,False
6E9E,A,VI-D,binary,309,310,L,235.0,L,310.0,,LEU,True,1079,1080,four_layer_exact,high,0.978021978021978,0.6153846153846154,1.3618227655954975,0.021978021978022,L,I;L,matches_consensus,True,False,,0.012016201154626033,buried_core,False,False,False,False,16.179280423126364,True,True,unassigned_manual_review,,not_annotated_no_domain_boundaries,,True,False
6E9E,A,VI-D,binary,310,311,Y,236.0,Y,311.0,,TYR,True,1080,1081,four_layer_exact,high,0.9835164835164836,0.6319444444444444,0.7720129761978174,0.0164835164835165,Y,F;Y,matches_consensus,True,False,,0.06214533743306158,buried_core,False,False,False,False,14.511567975483326,True,True,unassigned_manual_review,,not_annotated_no_domain_boundaries,,True,False
6E9E,A,VI-D,binary,311,312,K,237.0,K,312.0,,LYS,True,1081,1082,four_layer_exact,high,0.945054945054945,0.3941605839416058,2.045662002332108,0.0549450549450549,N,D;K;N;Q;R;S,differs_from_consensus,True,True,scaffold_differs_from_msa_consensus,0.2743851581918723,surface,False,False,False,False,22.91911552075473,True,False,unassigned_manual_review,,not_annotated_no_domain_boundaries,,True,False
6E9E,A,VI-D,binary,312,313,L,238.0,L,313.0,,LEU,True,1082,1083,four_layer_exact,high,0.9835164835164836,0.5277777777777778,1.7186172629535157,0.0164835164835165,L,A;I;L;S,matches_consensus,True,False,,0.05237081842976776,buried_core,False,False,False,False,22.08878262107368,True,True,unassigned_manual_review,,not_annotated_no_domain_boundaries,,True,False
6E9E,A,VI-D,binary,313,314,D,239.0,D,314.0,,ASP,True,1092,1093,four_layer_exact,high,0.9395604395604396,0.406934306569343,1.7487052880905518,0.0604395604395604,D,D;E;K;N;S,matches_consensus,True,False,,0.5674763312898601,surface,False,False,False,False,26.4440096456072,True,False,unassigned_manual_review,,not_annotated_no_domain_boundaries,,True,False
6E9E,A,VI-D,binary,314,315,E,240.0,E,315.0,,GLU,True,1093,1094,four_layer_exact,high,0.9065934065934066,0.2366412213740458,2.340740778692264,0.0934065934065934,K,D;E;K;N;Q;S,differs_from_consensus,True,True,scaffold_differs_from_msa_consensus,0.6237170977184693,surface,False,False,False,False,28.87758944134344,True,False,unassigned_manual_review,,not_annotated_no_domain_boundaries,,True,False
6E9E,A,VI-D,binary,315,316,L,241.0,L,316.0,,LEU,True,1100,1101,four_layer_exact,high,0.7142857142857143,0.6185567010309279,1.313524370036907,0.2857142857142857,L,F;I;L,matches_consensus,False,False,,0.12937935061300762,buried_core,False,False,False,False,26.93567805600883,True,True,unassigned_manual_review,,not_annotated_no_domain_boundaries,,False,False
6E9E,A,VI-D,binary,316,317,K,242.0,K,317.0,,LYS,True,1113,1114,four_layer_exact,high,0.8846153846153846,0.164021164021164,2.621709658011768,0.1153846153846154,D,A;D;K;N;P;R;S,differs_from_consensus,True,True,scaffold_differs_from_msa_consensus,0.37218288425078944,surface,False,False,False,False,29.449540963671275,True,False,unassigned_manual_review,,not_annotated_no_domain_boundaries,,True,False
6E9E,A,VI-D,binary,317,318,D,243.0,D,318.0,,ASP,True,1114,1115,four_layer_exact,high,0.956043956043956,0.1894484412470023,2.3583923331809755,0.0439560439560439,P,A;D;E;G;K;N;P;Q;S,differs_from_consensus,True,True,scaffold_differs_from_msa_consensus,0.5705497530106352,surface,False,False,False,False,27.478014335579463,True,False,unassigned_manual_review,,not_annotated_no_domain_boundaries,,True,False
6E9E,A,VI-D,binary,318,319,D,244.0,D,319.0,,ASP,True,1115,1116,four_layer_exact,high,0.9725274725274724,0.5070422535211268,1.5166328558532232,0.0274725274725274,E,D;E;N,differs_from_consensus,True,True,scaffold_differs_from_msa_consensus,0.30968596297391027,surface,False,False,False,False,25.956306729376326,True,False,unassigned_manual_review,,not_annotated_no_domain_boundaries,,True,False
6E9E,A,VI-D,binary,319,320,F,245.0,F,320.0,,PHE,True,1124,1125,four_layer_exact,high,0.9230769230769232,0.2781954887218045,1.885466982305344,0.0769230769230768,L,A;F;I;L;V;Y,differs_from_consensus,True,True,scaffold_differs_from_msa_consensus,0.010063568466999302,buried_core,False,False,False,False,24.23545983068729,True,True,unassigned_manual_review,,not_annotated_no_domain_boundaries,,True,False
6E9E,A,VI-D,binary,320,321,K,246.0,K,321.0,,LYS,True,1145,1146,four_layer_exact,high,0.978021978021978,0.2657342657342657,2.2510283909761952,0.021978021978022,K,I;K;L;R;W,matches_consensus,True,False,,0.20283639720569388,surface,False,False,False,False,23.127551762975376,True,False,unassigned_manual_review,,not_annotated_no_domain_boundaries,,True,False
6E9E,A,VI-D,binary,321,322,N,247.0,N,322.0,,ASN,True,1146,1147,four_layer_exact,high,0.9945054945054944,0.1986301369863013,2.326101214931983,0.0054945054945054,D,A;D;E;K;N;Q;S,differs_from_consensus,True,True,scaffold_differs_from_msa_consensus,0.433131733586519,surface,False,False,False,False,21.27637716883944,True,False,unassigned_manual_review,,not_annotated_no_domain_boundaries,,True,False
6E9E,A,VI-D,binary,322,323,V,248.0,V,323.0,,VAL,True,1147,1148,four_layer_exact,high,1.0,0.2857142857142857,2.118341611796008,0.0,T,F;I;L;T;V,differs_from_consensus,True,True,scaffold_differs_from_msa_consensus,0.040331549825223446,buried_core,False,False,False,False,19.0276314459988,True,True,unassigned_manual_review,,not_annotated_no_domain_boundaries,,True,False
6E9E,A,VI-D,binary,323,324,L,249.0,L,324.0,,LEU,True,1148,1149,four_layer_exact,high,1.0,0.6462585034013606,1.051052160330606,0.0,L,I;L;V,matches_consensus,True,False,,0.023354943642698855,buried_core,False,False,False,False,18.111716750347295,True,True,unassigned_manual_review,,not_annotated_no_domain_boundaries,,True,False
6E9E,A,VI-D,binary,324,325,D,250.0,D,325.0,,ASP,True,1149,1150,four_layer_exact,high,1.0,0.54421768707483,1.492785903870701,0.0,D,D;E;N,matches_consensus,True,False,,0.20761858019692792,surface,False,False,False,False,17.192682322841744,True,False,unassigned_manual_review,,not_annotated_no_domain_boundaries,,True,False
6E9E,A,VI-D,binary,325,326,V,251.0,V,326.0,,VAL,True,1150,1151,four_layer_exact,high,1.0,0.1428571428571428,2.5588674590066685,0.0,K,A;D;E;K;N;R;S;T;Y,differs_from_consensus,True,True,scaffold_differs_from_msa_consensus,0.4171032623138927,surface,False,False,False,False,15.142610922035873,True,False,unassigned_manual_review,,not_annotated_no_domain_boundaries,,True,False
6E9E,A,VI-D,binary,326,327,V,252.0,V,327.0,,VAL,True,1151,1152,four_layer_exact,high,1.0,0.2993197278911564,2.2837401168457734,0.0,L,F;I;K;L;T;V;Y,differs_from_consensus,True,True,scaffold_differs_from_msa_consensus,0.0416423522772385,buried_core,False,False,False,False,13.11964621695453,True,True,unassigned_manual_review,,not_annotated_no_domain_boundaries,,True,False
6E9E,A,VI-D,binary,327,328,Y,253.0,Y,328.0,,TYR,True,1152,1153,four_layer_exact,high,1.0,0.6530612244897959,1.1214409686467792,0.0,Y,F;Y,matches_consensus,True,False,,0.0,buried_core,False,False,False,False,13.225148219934347,True,True,unassigned_manual_review,,not_annotated_no_domain_boundaries,,True,False
6E9E,A,VI-D,binary,328,329,N,254.0,N,329.0,,ASN,True,1153,1154,four_layer_exact,high,1.0,0.1950113378684807,2.297177350744636,0.0,D,A;D;E;K;N;R;S,differs_from_consensus,True,True,scaffold_differs_from_msa_consensus,0.16170663478262295,buried_core,False,False,False,False,11.747526964171561,True,True,unassigned_manual_review,,not_annotated_no_domain_boundaries,,True,False
6E9E,A,VI-D,binary,329,330,R,255.0,R,330.0,,ARG,True,1154,1155,four_layer_exact,high,1.0,0.2789115646258503,2.3094382548538204,0.0,E,A;D;E;K;N;Q;R;S,differs_from_consensus,True,True,scaffold_differs_from_msa_consensus,0.22087629866593617,surface,False,False,False,False,8.752911037746719,True,False,unassigned_manual_review,,not_annotated_no_domain_boundaries,,True,False
6E9E,A,VI-D,binary,330,331,P,256.0,P,331.0,,PRO,True,1155,1156,four_layer_exact,high,1.0,0.2789115646258503,2.155414520474483,0.0,R,A;G;K;R,differs_from_consensus,True,True,scaffold_differs_from_msa_consensus,0.0,buried_core,False,True,False,False,6.786587988814705,True,True,unassigned_manual_review,,not_annotated_no_domain_boundaries,,True,False
6E9E,A,VI-D,binary,331,332,V,257.0,V,332.0,,VAL,True,1156,1157,four_layer_exact,high,1.0,0.3537414965986394,1.7471194004335109,0.0,I,F;I;L;V,differs_from_consensus,True,True,scaffold_differs_from_msa_consensus,0.013880784092412831,buried_core,False,True,False,False,7.8382271756833655,True,True,unassigned_manual_review,,not_annotated_no_domain_boundaries,,True,False
6E9E,A,VI-D,binary,332,333,E,258.0,E,333.0,,GLU,True,1157,1158,four_layer_exact,high,1.0,0.2018140589569161,2.2584787038230623,0.0,D,D;E;K;N;T,differs_from_consensus,True,True,scaffold_differs_from_msa_consensus,0.4511962694772566,surface,False,True,False,False,7.8815306251234825,True,False,unassigned_manual_review,,not_annotated_no_domain_boundaries,,True,False
6E9E,A,VI-D,binary,333,334,E,259.0,E,334.0,,GLU,True,1158,1159,four_layer_exact,high,1.0,0.2176870748299319,2.312275293531052,0.0,E,A;D;E;K;Q;R;S;T,matches_consensus,True,False,,0.2548924296438956,surface,True,False,True,False,2.7775070936537887,True,False,unassigned_manual_review,,not_annotated_no_domain_boundaries,,True,False
6E9E,A,VI-D,binary,334,335,I,260.0,I,335.0,,ILE,True,1159,1160,four_layer_exact,high,0.989010989010989,0.3931034482758621,1.3740939813341857,0.0109890109890109,I,I;L;V,matches_consensus,True,False,,0.02452036986883079,buried_core,True,False,True,False,4.568199530244182,True,True,unassigned_manual_review,,not_annotated_no_domain_boundaries,,True,False
6E9E,A,VI-D,binary,335,336,N,261.0,N,336.0,,ASN,True,1160,1161,four_layer_exact,high,0.989010989010989,0.7517241379310344,1.1115490089747386,0.0109890109890109,N,D;N,matches_consensus,True,False,,0.03846263163302073,buried_core,False,True,False,False,6.842149067577653,True,True,unassigned_manual_review,,not_annotated_no_domain_boundaries,,True,False
6E9E,A,VI-D,binary,336,337,N,262.0,N,337.0,,ASN,True,1161,1162,four_layer_exact,high,0.9835164835164836,0.2638888888888889,2.2512048529561555,0.0164835164835165,K,A;D;E;K;N;R;S,differs_from_consensus,True,True,scaffold_differs_from_msa_consensus,0.5849312351055599,surface,False,False,False,False,8.385906755874672,True,False,unassigned_manual_review,,not_annotated_no_domain_boundaries,,True,False
6E9E,A,VI-D,binary,337,338,R,263.0,R,338.0,,ARG,True,1162,1163,four_layer_exact,high,0.9835164835164836,0.2523148148148147,1.895333690020296,0.0164835164835165,D,D;E;G;N;S,differs_from_consensus,True,True,scaffold_differs_from_msa_consensus,0.5327613719823818,surface,False,True,False,False,5.858213290893025,True,False,unassigned_manual_review,,not_annotated_no_domain_boundaries,,True,False
6E9E,A,VI-D,binary,338,339,F,264.0,F,339.0,,PHE,True,1164,1165,four_layer_exact,high,0.9945054945054944,0.9657534246575342,0.1722554178011724,0.0054945054945054,F,F,matches_consensus,True,False,,0.0146201868116435,buried_core,True,False,True,False,4.42878166573877,True,True,unassigned_manual_review,,not_annotated_no_domain_boundaries,,True,False
6E9E,A,VI-D,binary,339,340,I,265.0,I,340.0,,ILE,True,1165,1166,four_layer_exact,high,0.9945054945054944,0.2671232876712329,2.2388035855694746,0.0054945054945054,I,A;F;I;L;V,matches_consensus,True,False,,0.10305380734024346,buried_core,False,True,False,False,7.659733106421367,True,True,unassigned_manual_review,,not_annotated_no_domain_boundaries,,True,False
6E9E,A,VI-D,binary,340,341,E,266.0,E,341.0,,GLU,True,1166,1167,four_layer_exact,high,0.9945054945054944,0.3698630136986301,1.9018254981732936,0.0054945054945054,K,D;E;K;N;S;T,differs_from_consensus,True,True,scaffold_differs_from_msa_consensus,0.42908464152825576,surface,False,True,False,False,6.52368833712232,True,False,unassigned_manual_review,,not_annotated_no_domain_boundaries,,True,False
6E9E,A,VI-D,binary,341,342,N,267.0,N,342.0,,ASN,True,1185,1186,four_layer_exact,high,1.0,0.4217687074829932,1.7103184593830911,0.0,N,H;K;N;Q;T,matches_consensus,True,False,,0.14735235962300847,buried_core,True,False,True,False,3.2109948671906565,True,True,unassigned_manual_review,,not_annotated_no_domain_boundaries,,True,False
6E9E,A,VI-D,binary,342,343,N,268.0,N,343.0,,ASN,True,1186,1187,four_layer_exact,high,1.0,0.3809523809523809,1.5139112730778306,0.0,N,A;N;S,matches_consensus,True,False,,0.0,buried_core,True,False,True,False,2.6647124337877344,True,True,unassigned_manual_review,,not_annotated_no_domain_boundaries,,True,False
6E9E,A,VI-D,binary,343,344,K,269.0,K,344.0,,LYS,True,1205,1206,four_layer_exact,high,0.989010989010989,0.4758620689655172,1.9274362618765344,0.0109890109890109,K,A;K;R;S,matches_consensus,True,False,,0.08467140648955544,buried_core,False,True,False,False,5.452069144324246,True,True,unassigned_manual_review,,not_annotated_no_domain_boundaries,,True,False
6E9E,A,VI-D,binary,344,345,V,270.0,V,345.0,,VAL,True,1206,1207,four_layer_exact,high,0.9835164835164836,0.2777777777777778,1.9833296245501533,0.0164835164835165,V,K;N;R;T;V,matches_consensus,True,False,,0.027761568184825662,buried_core,True,False,True,False,4.1036205426283265,True,True,unassigned_manual_review,,not_annotated_no_domain_boundaries,,True,False
6E9E,A,VI-D,binary,345,346,N,271.0,N,346.0,,ASN,True,1208,1209,four_layer_exact,high,1.0,0.8299319727891157,0.5496289992148657,0.0,N,D;N,matches_consensus,True,False,,0.0,buried_core,True,False,True,False,3.8767909590949308,True,True,unassigned_manual_review,,not_annotated_no_domain_boundaries,,True,False
6E9E,A,VI-D,binary,346,347,I,272.0,I,347.0,,ILE,True,1209,1210,four_layer_exact,high,1.0,0.6122448979591837,1.1209026347865876,0.0,L,F;I;L;V,differs_from_consensus,True,True,scaffold_differs_from_msa_consensus,0.06130092467207697,buried_core,False,False,False,False,8.051747237884467,True,True,unassigned_manual_review,,not_annotated_no_domain_boundaries,,True,False
6E9E,A,VI-D,binary,347,348,Q,273.0,Q,348.0,,GLN,True,1210,1211,four_layer_exact,high,1.0,0.1972789115646258,2.6782287151563526,0.0,Y,A;K;L;N;Q;S;Y,differs_from_consensus,True,True,scaffold_differs_from_msa_consensus,0.1997374343669933,buried_core,False,False,False,False,9.598261636515304,True,True,unassigned_manual_review,,not_annotated_no_domain_boundaries,,True,False
6E9E,A,VI-D,binary,348,349,I,274.0,I,349.0,,ILE,True,1211,1212,four_layer_exact,high,1.0,0.6122448979591837,1.3254426319926962,0.0,I,I;L;V,matches_consensus,True,False,,0.06397494627691928,buried_core,False,False,False,False,9.763763850119751,True,True,unassigned_manual_review,,not_annotated_no_domain_boundaries,,True,False
6E9E,A,VI-D,binary,349,350,L,275.0,L,350.0,,LEU,True,1212,1213,four_layer_exact,high,1.0,0.782312925170068,0.6506324030379541,0.0,L,I;L,matches_consensus,True,False,,0.012016201154626033,buried_core,False,False,False,False,10.281135046834747,True,True,unassigned_manual_review,,not_annotated_no_domain_boundaries,,True,False
6E9E,A,VI-D,binary,350,351,G,276.0,G,351.0,,GLY,True,1213,1214,four_layer_exact,high,1.0,0.2789115646258503,2.4016508680885007,0.0,F,A;C;E;F;K;S,differs_from_consensus,True,True,scaffold_differs_from_msa_consensus,0.2500504757039858,surface,False,False,False,False,13.800612650125549,True,False,unassigned_manual_review,,not_annotated_no_domain_boundaries,,True,False
6E9E,A,VI-D,binary,351,352,S,277.0,S,352.0,,SER,True,1214,1215,four_layer_exact,high,1.0,0.2267573696145124,2.253763267631969,0.0,E,D;E;K;N;Q;R;S,differs_from_consensus,True,True,scaffold_differs_from_msa_consensus,0.30025267105025905,surface,False,False,False,False,15.34898767336723,True,False,unassigned_manual_review,,not_annotated_no_domain_boundaries,,True,False
6E9E,A,VI-D,binary,352,353,V,278.0,V,353.0,,VAL,True,1219,1220,four_layer_exact,high,0.989010989010989,0.2850574712643677,1.7954617694267447,0.0109890109890109,I,A;I;L;V;Y,differs_from_consensus,True,True,scaffold_differs_from_msa_consensus,0.16704346460730257,buried_core,False,False,False,False,16.216159955472367,True,True,unassigned_manual_review,,not_annotated_no_domain_boundaries,,True,False
6E9E,A,VI-D,binary,353,354,Y,279.0,Y,354.0,,TYR,True,1220,1221,four_layer_exact,high,0.9835164835164836,0.4025607638888889,1.4280767284554827,0.0164835164835165,Y,F;L;Y,matches_consensus,True,False,,0.19433839596141908,buried_core,False,False,False,False,16.339049194479283,True,True,unassigned_manual_review,,not_annotated_no_domain_boundaries,,True,False
6E9E,A,VI-D,binary,354,355,K,280.0,K,355.0,,LYS,True,1238,1239,four_layer_exact,high,0.8076923076923077,0.1617647058823529,2.468053632903694,0.1923076923076923,D,D;E;G;K;N;P;R;S;T,differs_from_consensus,True,True,scaffold_differs_from_msa_consensus,0.5904423714922846,surface,False,False,False,False,19.930574839097684,True,False,unassigned_manual_review,,not_annotated_no_domain_boundaries,,True,False
6E9E,A,VI-D,binary,355,356,N,281.0,N,356.0,,ASN,True,1239,1240,four_layer_exact,high,0.8406593406593407,0.2128851540616246,2.2749309544108747,0.1593406593406593,D,D;E;K;L;N;P;S,differs_from_consensus,True,True,scaffold_differs_from_msa_consensus,0.8137956477117771,surface,False,False,False,False,22.458131261338295,True,False,unassigned_manual_review,,not_annotated_no_domain_boundaries,,True,False
6E9E,A,VI-D,binary,356,357,T,282.0,T,357.0,,THR,True,1244,1245,four_layer_exact,high,0.8956043956043956,0.3515625,2.327869116409754,0.1043956043956043,E,A;D;E;K;S,differs_from_consensus,True,True,scaffold_differs_from_msa_consensus,0.41530773588101866,surface,False,False,False,False,19.385214546175295,True,False,unassigned_manual_review,,not_annotated_no_domain_boundaries,,True,False
6E9E,A,VI-D,binary,357,358,D,283.0,D,358.0,,ASP,True,1245,1246,four_layer_exact,high,0.9010989010989012,0.2248062015503876,2.230511985753227,0.0989010989010988,E,D;E;K;N;Q;S,differs_from_consensus,True,True,scaffold_differs_from_msa_consensus,0.47426329138062945,surface,False,False,False,False,18.428330932240954,True,False,unassigned_manual_review,,not_annotated_no_domain_boundaries,,True,False
6E9E,A,VI-D,binary,358,359,I,284.0,I,359.0,,ILE,True,1246,1247,four_layer_exact,high,0.9010989010989012,0.3798449612403101,2.298417626079189,0.0989010989010988,K,F;K;L;Q;R,differs_from_consensus,True,True,scaffold_differs_from_msa_consensus,0.34767862372740765,surface,False,False,False,False,15.122510635358376,True,False,unassigned_manual_review,,not_annotated_no_domain_boundaries,,True,False
6E9E,A,VI-D,binary,359,360,A,285.0,A,360.0,,ALA,True,1247,1248,four_layer_exact,high,0.967032967032967,0.2907801418439716,2.215610866826668,0.0329670329670329,K,A;D;E;K;N,differs_from_consensus,True,True,scaffold_differs_from_msa_consensus,0.12894927628375533,buried_core,False,False,False,False,15.181469934285145,True,True,unassigned_manual_review,,not_annotated_no_domain_boundaries,,True,False
6E9E,A,VI-D,binary,360,361,E,286.0,E,361.0,,GLU,True,1248,1249,four_layer_exact,high,0.978021978021978,0.2657342657342657,2.210779940638721,0.021978021978022,E,A;D;E;K;N;Q;T,matches_consensus,True,False,,0.26336092370634356,surface,False,False,False,False,15.408518351930613,True,False,unassigned_manual_review,,not_annotated_no_domain_boundaries,,True,False
6E9E,A,VI-D,binary,361,362,L,287.0,L,362.0,,LEU,True,1255,1256,four_layer_exact,high,1.0,0.5034013605442177,1.4518623197294174,0.0,L,I;L;V,matches_consensus,True,False,,0.05350554294046735,buried_core,False,False,False,False,12.751435986978201,True,True,unassigned_manual_review,,not_annotated_no_domain_boundaries,,True,False
6E9E,A,VI-D,binary,362,363,V,288.0,V,363.0,,VAL,True,1256,1257,four_layer_exact,high,1.0,0.2993197278911564,1.9395287444864755,0.0,A,A;I;L;T;V,differs_from_consensus,True,True,scaffold_differs_from_msa_consensus,0.013880784092412831,buried_core,False,False,False,False,10.667533204155825,True,True,unassigned_manual_review,,not_annotated_no_domain_boundaries,,True,False
6E9E,A,VI-D,binary,363,364,R,289.0,R,364.0,,ARG,True,1257,1258,four_layer_exact,high,1.0,0.2585034013605442,2.084442976404572,0.0,R,E;K;N;Q;R,matches_consensus,True,False,,0.28795333773472814,surface,False,False,False,False,12.378240974979928,True,False,unassigned_manual_review,,not_annotated_no_domain_boundaries,,True,False
6E9E,A,VI-D,binary,364,365,S,290.0,S,365.0,,SER,True,1258,1259,four_layer_exact,high,1.0,0.3265306122448979,2.0622700135974417,0.0,E,A;D;E;K;L;Q,differs_from_consensus,True,True,scaffold_differs_from_msa_consensus,0.16010010173502875,buried_core,False,False,False,False,11.873910747648827,True,True,unassigned_manual_review,,not_annotated_no_domain_boundaries,,True,False
6E9E,A,VI-D,binary,365,366,Y,291.0,Y,366.0,,TYR,True,1259,1260,four_layer_exact,high,1.0,0.8299319727891157,0.5763658118470587,0.0,Y,F;Y,matches_consensus,True,False,,0.009183484532622938,buried_core,True,False,True,False,4.468786199293768,True,True,unassigned_manual_review,,not_annotated_no_domain_boundaries,,True,False
6E9E,A,VI-D,binary,366,367,Y,292.0,Y,367.0,,TYR,True,1260,1261,four_layer_exact,high,1.0,0.8639455782312925,0.5195563462488444,0.0,Y,F;Y,matches_consensus,True,False,,0.0,buried_core,False,True,False,False,7.709631604547619,True,True,unassigned_manual_review,,not_annotated_no_domain_boundaries,,True,False
6E9E,A,VI-D,binary,367,368,E,293.0,E,368.0,,GLU,True,1261,1262,four_layer_exact,high,1.0,0.3877551020408163,1.9020060843287692,0.0,D,D;E;K;N;R,differs_from_consensus,True,True,scaffold_differs_from_msa_consensus,0.15977796492387517,buried_core,False,False,False,False,10.537654981345211,True,True,unassigned_manual_review,,not_annotated_no_domain_boundaries,,True,False
6E9E,A,VI-D,binary,368,369,F,294.0,F,369.0,,PHE,True,1262,1263,four_layer_exact,high,1.0,0.8231292517006803,0.6533785638727668,0.0,F,F;L;Y,matches_consensus,True,False,,0.015095352700498953,buried_core,False,True,False,False,7.736537363745484,True,True,unassigned_manual_review,,not_annotated_no_domain_boundaries,,True,False
6E9E,A,VI-D,binary,369,370,L,295.0,L,370.0,,LEU,True,1263,1264,four_layer_exact,high,1.0,0.238095238095238,1.9716622477744783,0.0,I,A;I;L;S;T;V,differs_from_consensus,True,True,scaffold_differs_from_msa_consensus,0.030040502886565082,buried_core,True,False,True,False,4.226342816008281,True,True,unassigned_manual_review,,not_annotated_no_domain_boundaries,,True,False
6E9E,A,VI-D,binary,370,371,I,296.0,I,371.0,,ILE,True,1264,1265,four_layer_exact,high,1.0,0.5238095238095238,1.256953151755419,0.0,V,I;V,differs_from_consensus,True,True,scaffold_differs_from_msa_consensus,0.030650462336038485,buried_core,True,False,True,False,4.427415656277306,True,True,unassigned_manual_review,,not_annotated_no_domain_boundaries,,True,False
6E9E,A,VI-D,binary,371,372,T,297.0,T,372.0,,THR,True,1265,1266,four_layer_exact,high,1.0,0.2312925170068027,2.29246263815805,0.0,L,K;L;R;T;V,differs_from_consensus,True,True,scaffold_differs_from_msa_consensus,0.1996533273562302,buried_core,False,False,False,False,8.134906702786756,True,True,unassigned_manual_review,,not_annotated_no_domain_boundaries,,True,False
6E9E,A,VI-D,binary,372,373,K,298.0,K,373.0,,LYS,True,1266,1267,four_layer_exact,high,1.0,0.8979591836734694,0.5457328038407442,0.0,K,K,matches_consensus,True,False,,0.13923900722575122,buried_core,True,False,True,False,3.6419080039305065,True,True,unassigned_manual_review,,not_annotated_no_domain_boundaries,,True,False
6E9E,A,VI-D,binary,373,374,K,299.0,K,374.0,,LYS,True,1267,1268,four_layer_exact,high,1.0,0.3537414965986394,2.046123816334197,0.0,E,D;E;K;N;Q;S;T,differs_from_consensus,True,True,scaffold_differs_from_msa_consensus,0.41968248723707247,surface,False,False,False,False,8.634779929000732,True,False,unassigned_manual_review,,not_annotated_no_domain_boundaries,,True,False
6E9E,A,VI-D,binary,374,375,Y,300.0,Y,375.0,,TYR,True,1268,1269,four_layer_exact,high,1.0,0.3333333333333333,2.0479296015683297,0.0,Y,D;G;H;N;Q;Y,matches_consensus,True,False,,0.14776713977934286,buried_core,False,True,False,False,5.8551748783864435,True,True,unassigned_manual_review,,not_annotated_no_domain_boundaries,,True,False
6E9E,A,VI-D,binary,375,376,K,301.0,K,376.0,,LYS,True,1270,1271,four_layer_exact,high,1.0,0.8299319727891157,0.7833546044022643,0.0,K,K,matches_consensus,True,False,,0.2562571568813301,surface,True,False,True,False,3.573812807110617,True,False,unassigned_manual_review,,not_annotated_no_domain_boundaries,,True,False
6E9E,A,VI-D,binary,376,377,N,302.0,N,377.0,,ASN,True,1271,1272,four_layer_exact,high,1.0,0.8979591836734694,0.5098511654738686,0.0,N,N,matches_consensus,True,False,,0.5696912563678749,surface,False,True,False,False,5.1431656358670415,True,False,unassigned_manual_review,,not_annotated_no_domain_boundaries,,True,False
6E9E,A,VI-D,binary,377,378,M,303.0,M,378.0,,MET,True,1272,1273,four_layer_exact,high,1.0,0.4761904761904761,1.4215496408747057,0.0,L,I;L;M,differs_from_consensus,True,True,scaffold_differs_from_msa_consensus,0.16144397807375163,buried_core,False,True,False,False,5.263231514234053,True,True,unassigned_manual_review,,not_annotated_no_domain_boundaries,,True,False
6E9E,A,VI-D,binary,378,379,G,304.0,G,379.0,,GLY,True,1273,1274,four_layer_exact,high,1.0,0.9931972789115646,0.0407280509323613,0.0,G,G,matches_consensus,True,False,,0.08128266838730205,buried_core,True,False,True,False,2.895248385150668,True,True,unassigned_manual_review,,not_annotated_no_domain_boundaries,,True,False
6E9E,A,VI-D,binary,379,380,F,305.0,F,380.0,,PHE,True,1274,1275,four_layer_exact,high,1.0,0.673469387755102,1.024525939789765,0.0,F,F;I;L;V,matches_consensus,True,False,,0.018992393667521975,buried_core,True,False,True,False,3.6498400574651395,True,True,unassigned_manual_review,,not_annotated_no_domain_boundaries,,True,False
6E9E,A,VI-D,binary,380,381,S,306.0,S,381.0,,SER,True,1275,1276,four_layer_exact,high,1.0,0.6802721088435374,0.8701824883160747,0.0,S,N;S,matches_consensus,True,False,,0.0,buried_core,True,False,True,False,2.788861521361251,True,True,unassigned_manual_review,,not_annotated_no_domain_boundaries,,True,False
6E9E,A,VI-D,binary,381,382,I,307.0,I,382.0,,ILE,True,1276,1277,four_layer_exact,high,1.0,0.4897959183673469,1.4029766224170417,0.0,I,I;L;V,matches_consensus,True,False,,0.04059511806587907,buried_core,True,False,True,False,4.804985441158223,True,True,unassigned_manual_review,,not_annotated_no_domain_boundaries,,True,False
6E9E,A,VI-D,binary,382,383,K,308.0,K,383.0,,LYS,True,1277,1278,four_layer_exact,high,1.0,0.6326530612244898,1.231637905784032,0.0,K,K;R;T,matches_consensus,True,False,,0.2980412976260703,surface,True,False,True,False,3.7547423546356753,True,False,unassigned_manual_review,,not_annotated_no_domain_boundaries,,True,False
6E9E,A,VI-D,binary,383,384,K,309.0,K,384.0,,LYS,True,1278,1279,four_layer_exact,high,1.0,0.5374149659863946,1.6664890810719153,0.0,K,K;L;R;T,matches_consensus,True,False,,0.3520102918434245,surface,True,False,True,False,3.5147311000219843,True,False,unassigned_manual_review,,not_annotated_no_domain_boundaries,,True,False
6E9E,A,VI-D,binary,384,385,L,310.0,L,385.0,,LEU,True,1279,1280,four_layer_exact,high,1.0,0.7074829931972789,0.9403957543104906,0.0,L,I;L;V,matches_consensus,True,False,,0.0,buried_core,False,False,False,False,8.201780711923607,True,True,unassigned_manual_review,,not_annotated_no_domain_boundaries,,True,False
6E9E,A,VI-D,binary,385,386,R,311.0,R,386.0,,ARG,True,1280,1281,four_layer_exact,high,1.0,0.9183673469387756,0.3724215158765141,0.0,R,K;R,matches_consensus,True,False,,0.09179756665122615,buried_core,False,False,False,False,9.737343341274528,True,True,unassigned_manual_review,,not_annotated_no_domain_boundaries,,True,False
6E9E,A,VI-D,binary,386,387,E,312.0,E,387.0,,GLU,True,1281,1282,four_layer_exact,high,1.0,0.9387755102040816,0.3329962617527603,0.0,E,E,matches_consensus,True,False,,0.42061614746580783,surface,False,False,False,False,8.137846757913312,True,False,unassigned_manual_review,,not_annotated_no_domain_boundaries,,True,False
6E9E,A,VI-D,binary,387,388,S,313.0,S,388.0,,SER,True,1282,1283,four_layer_exact,high,0.9835164835164836,0.1529947916666666,2.6583769167918456,0.0164835164835165,I,A;C;E;I;K;L;N;Q;S;T,differs_from_consensus,True,True,scaffold_differs_from_msa_consensus,0.25752465983403255,surface,False,False,False,False,11.52365028691273,True,False,unassigned_manual_review,,not_annotated_no_domain_boundaries,,True,False
6E9E,A,VI-D,binary,388,389,M,314.0,M,389.0,,MET,True,1283,1284,four_layer_exact,high,0.9835164835164836,0.388671875,1.4537946797931418,0.0164835164835165,M,I;L;M,matches_consensus,True,False,,0.03052348982280317,buried_core,False,False,False,False,14.040971889107615,True,True,unassigned_manual_review,,not_annotated_no_domain_boundaries,,True,False
6E9E,A,VI-D,binary,389,390,L,315.0,L,390.0,,LEU,True,1284,1285,four_layer_exact,high,0.989010989010989,0.4896551724137931,1.4849654532787977,0.0109890109890109,L,F;I;L;V,matches_consensus,True,False,,0.09341977457079542,buried_core,False,False,False,False,14.65308766051855,True,True,unassigned_manual_review,,not_annotated_no_domain_boundaries,,True,False
6E9E,A,VI-D,binary,390,391,E,316.0,E,391.0,,GLU,True,1285,1286,four_layer_exact,high,0.967032967032967,0.3215130023640661,2.0545554518651894,0.0329670329670329,E,A;D;E;K;T,matches_consensus,True,False,,0.5883322267201923,surface,False,False,False,False,12.353340294532808,True,False,unassigned_manual_review,,not_annotated_no_domain_boundaries,,True,False
6E9E,A,VI-D,binary,391,392,G,317.0,G,392.0,,GLY,True,1286,1287,four_layer_exact,high,0.9505494505494504,0.1857142857142857,2.6199475077964154,0.0494505494505495,L,D;E;I;K;L;N;Q;R;S,differs_from_consensus,True,True,scaffold_differs_from_msa_consensus,0.6603011522363695,surface,False,False,False,False,17.26676545334159,True,False,unassigned_manual_review,,not_annotated_no_domain_boundaries,,True,False
6E9E,A,VI-D,binary,392,393,K,318.0,K,393.0,,LYS,True,1294,1295,four_layer_exact,high,0.6648351648351648,0.2183908045977011,2.2766275839962757,0.3351648351648352,P,D;E;K;P;S;T,differs_from_consensus,False,True,scaffold_differs_from_msa_consensus,0.33504340187871573,surface,False,False,False,False,18.27682178810733,True,False,unassigned_manual_review,,not_annotated_no_domain_boundaries,,False,False
6E9E,A,VI-D,binary,393,394,G,319.0,G,394.0,,GLY,True,1295,1296,four_layer_exact,high,0.7527472527472527,0.2721480582524271,2.300478646670668,0.2472527472527472,E,D;E;G;N;Q;Y,differs_from_consensus,False,True,scaffold_differs_from_msa_consensus,0.3900305404004729,surface,False,False,False,False,15.075295180490937,True,False,unassigned_manual_review,,not_annotated_no_domain_boundaries,,False,False
6E9E,A,VI-D,binary,394,395,Y,320.0,Y,395.0,,TYR,True,1296,1297,four_layer_exact,high,0.7527472527472527,0.3689320388349514,2.0793457834291,0.2472527472527472,A,A;F;G;L;Y,differs_from_consensus,False,True,scaffold_differs_from_msa_consensus,0.04436416191812766,buried_core,False,False,False,False,12.740926574500309,True,True,unassigned_manual_review,,not_annotated_no_domain_boundaries,,False,False
6E9E,A,VI-D,binary,395,396,A,321.0,A,396.0,,ALA,True,1297,1298,four_layer_exact,high,0.7637362637362637,0.2,2.495497538984417,0.2362637362637363,S,A;E;K;N;P;Q;S;T,differs_from_consensus,False,True,scaffold_differs_from_msa_consensus,0.633339428967612,surface,False,False,False,False,13.806829490618513,True,False,unassigned_manual_review,,not_annotated_no_domain_boundaries,,False,False
6E9E,A,VI-D,binary,396,397,D,322.0,D,397.0,,ASP,True,1318,1319,four_layer_exact,high,0.9505494505494504,0.4364508393285372,1.726737219707108,0.0494505494505495,D,D;E;G;N;S,matches_consensus,True,False,,0.45188903127858443,surface,False,False,False,False,11.92947170222759,True,False,unassigned_manual_review,,not_annotated_no_domain_boundaries,,True,False
6E9E,A,VI-D,binary,397,398,K,323.0,K,398.0,,LYS,True,1319,1320,four_layer_exact,high,0.9505494505494504,0.4170413669064748,1.9166068960674485,0.0494505494505495,K,D;E;K;N;Q;T,matches_consensus,True,False,,0.7034507307278877,surface,False,False,False,False,8.986701712472984,True,False,unassigned_manual_review,,not_annotated_no_domain_boundaries,,True,False
6E9E,A,VI-D,binary,398,399,E,324.0,E,399.0,,GLU,True,1320,1321,four_layer_exact,high,0.945054945054945,0.2900815217391304,2.26751313735381,0.0549450549450549,K,D;E;K;Q;S,differs_from_consensus,True,True,scaffold_differs_from_msa_consensus,0.4335194996778077,surface,False,True,False,False,7.458357383313036,True,False,unassigned_manual_review,,not_annotated_no_domain_boundaries,,True,False
6E9E,A,VI-D,binary,399,400,Y,325.0,Y,400.0,,TYR,True,1328,1329,four_layer_exact,high,0.9835164835164836,0.5763888888888888,1.5655954542862445,0.0164835164835165,Y,F;H;L;M;Y,matches_consensus,True,False,,0.18650405226783437,buried_core,False,False,False,False,8.25669064006923,True,True,unassigned_manual_review,,not_annotated_no_domain_boundaries,,True,False
6E9E,A,VI-D,binary,400,401,D,326.0,D,401.0,,ASP,True,1329,1330,four_layer_exact,high,0.989010989010989,0.7034482758620689,0.9771299884301744,0.0109890109890109,D,D;N;S,matches_consensus,True,False,,0.4652015708423764,surface,False,True,False,False,6.38934713416387,True,False,unassigned_manual_review,,not_annotated_no_domain_boundaries,,True,False
6E9E,A,VI-D,binary,401,402,S,327.0,S,402.0,,SER,True,1339,1340,four_layer_exact,high,1.0,0.5644132653061225,1.3492588774272718,0.0,S,N;S;T,matches_consensus,True,False,,0.22939658229100385,surface,True,False,True,False,2.696797904489712,True,False,unassigned_manual_review,,not_annotated_no_domain_boundaries,,True,False
6E9E,A,VI-D,binary,402,403,V,328.0,V,403.0,,VAL,True,1340,1341,four_layer_exact,high,1.0,0.4217687074829932,1.925199117995484,0.0,V,C;F;I;V;Y,matches_consensus,True,False,,0.09022509660068341,buried_core,True,False,True,False,4.125458190212591,True,True,unassigned_manual_review,,not_annotated_no_domain_boundaries,,True,False
6E9E,A,VI-D,binary,403,404,R,329.0,R,404.0,,ARG,True,1341,1342,four_layer_exact,high,1.0,0.891156462585034,0.447573497919058,0.0,R,K;R,matches_consensus,True,False,,0.22443583779911958,surface,False,True,False,False,6.637210160666319,True,False,unassigned_manual_review,,not_annotated_no_domain_boundaries,,True,False
6E9E,A,VI-D,binary,404,405,N,330.0,N,405.0,,ASN,True,1342,1343,four_layer_exact,high,1.0,0.4285714285714285,1.8646521770095157,0.0,S,G;H;N;Q;S,differs_from_consensus,True,True,scaffold_differs_from_msa_consensus,0.2475176753744671,surface,True,False,True,False,3.2792137420985847,True,False,unassigned_manual_review,,not_annotated_no_domain_boundaries,,True,False
6E9E,A,VI-D,binary,405,406,K,331.0,K,406.0,,LYS,True,1343,1344,four_layer_exact,high,1.0,0.8843537414965986,0.5502227380803095,0.0,K,K;R,matches_consensus,True,False,,0.06603867370844747,buried_core,True,False,True,False,3.316210669054767,True,True,unassigned_manual_review,,not_annotated_no_domain_boundaries,,True,False
6E9E,A,VI-D,binary,406,407,L,332.0,L,407.0,,LEU,True,1344,1345,four_layer_exact,high,1.0,0.6326530612244898,1.2602980918772664,0.0,L,F;I;L;M,matches_consensus,True,False,,0.060081005773130164,buried_core,False,False,False,False,8.83069692428692,True,True,unassigned_manual_review,,not_annotated_no_domain_boundaries,,True,False
6E9E,A,VI-D,binary,407,408,Y,333.0,Y,408.0,,TYR,True,1345,1346,four_layer_exact,high,1.0,0.7414965986394558,0.8412463775084362,0.0,Y,N;Y,matches_consensus,True,False,,0.19323484882944483,buried_core,False,False,False,False,9.386135816989857,True,True,unassigned_manual_review,,not_annotated_no_domain_boundaries,,True,False
6E9E,A,VI-D,binary,408,409,Q,334.0,Q,409.0,,GLN,True,1346,1347,four_layer_exact,high,1.0,0.2789115646258503,2.131463212267474,0.0,K,K;Q;R;S;T,differs_from_consensus,True,True,scaffold_differs_from_msa_consensus,0.11484143606943346,buried_core,True,False,True,False,3.463998907966855,True,True,unassigned_manual_review,,not_annotated_no_domain_boundaries,,True,False
6E9E,A,VI-D,binary,409,410,M,335.0,M,410.0,,MET,True,1347,1348,four_layer_exact,high,1.0,0.4421768707482993,1.7099606389579318,0.0,L,F;I;L;M;V,differs_from_consensus,True,True,scaffold_differs_from_msa_consensus,0.010782394786070681,buried_core,False,False,False,False,8.391638709221308,True,True,unassigned_manual_review,,not_annotated_no_domain_boundaries,,True,False
6E9E,A,VI-D,binary,410,411,T,336.0,T,411.0,,THR,True,1348,1349,four_layer_exact,high,1.0,0.272108843537415,1.916129955052642,0.0,I,F;I;L;M;T,differs_from_consensus,True,True,scaffold_differs_from_msa_consensus,0.012458825861194423,buried_core,False,False,False,False,11.753735794658454,True,True,unassigned_manual_review,,not_annotated_no_domain_boundaries,,True,False
6E9E,A,VI-D,binary,411,412,D,337.0,D,412.0,,ASP,True,1349,1350,four_layer_exact,high,1.0,0.8299319727891157,0.7323686358194832,0.0,D,D;N,matches_consensus,True,False,,0.09508275959089868,buried_core,False,False,False,False,9.677880967288328,True,True,unassigned_manual_review,,not_annotated_no_domain_boundaries,,True,False
6E9E,A,VI-D,binary,412,413,F,338.0,F,413.0,,PHE,True,1350,1351,four_layer_exact,high,1.0,0.8775510204081632,0.4144903141283139,0.0,F,F;Y,matches_consensus,True,False,,0.015095352700498953,buried_core,False,False,False,False,11.314911047359091,True,True,unassigned_manual_review,,not_annotated_no_domain_boundaries,,True,False
6E9E,A,VI-D,binary,413,414,I,339.0,I,414.0,,ILE,True,1351,1352,four_layer_exact,high,1.0,0.2993197278911564,1.8451094753767685,0.0,I,A;C;I;L;M;V,matches_consensus,True,False,,0.012260184934415394,buried_core,False,False,False,False,14.0476617166654,True,True,unassigned_manual_review,,not_annotated_no_domain_boundaries,,True,False
6E9E,A,VI-D,binary,414,415,L,340.0,L,415.0,,LEU,True,1352,1353,four_layer_exact,high,1.0,0.5850340136054422,0.8941066555717766,0.0,I,I;L,differs_from_consensus,True,True,scaffold_differs_from_msa_consensus,0.0060081005773130166,buried_core,False,False,False,False,11.455987533286317,True,True,unassigned_manual_review,,not_annotated_no_domain_boundaries,,True,False
6E9E,A,VI-D,binary,415,416,Y,341.0,Y,416.0,,TYR,True,1353,1354,four_layer_exact,high,1.0,0.4897959183673469,1.630093046751539,0.0,Y,F;V;W;Y,matches_consensus,True,False,,0.06576961250469798,buried_core,False,False,False,False,11.148052878598273,True,True,unassigned_manual_review,,not_annotated_no_domain_boundaries,,True,False
6E9E,A,VI-D,binary,416,417,T,342.0,T,417.0,,THR,True,1354,1355,four_layer_exact,high,0.9945054945054944,0.2330907534246575,2.197380744921965,0.0054945054945054,R,D;H;K;R;Y,differs_from_consensus,True,True,scaffold_differs_from_msa_consensus,0.22515458470924402,surface,False,False,False,False,15.149711259674444,True,False,unassigned_manual_review,,not_annotated_no_domain_boundaries,,True,False
6E9E,A,VI-D,binary,417,418,G,343.0,G,418.0,,GLY,True,1355,1356,four_layer_exact,high,0.989010989010989,0.3586206896551724,2.3468570009870247,0.0109890109890109,Y,E;G;H;Y,differs_from_consensus,True,True,scaffold_differs_from_msa_consensus,0.01161180976961458,buried_core,False,False,False,False,16.19996449029138,True,True,unassigned_manual_review,,not_annotated_no_domain_boundaries,,True,False
6E9E,A,VI-D,binary,418,419,Y,344.0,Y,419.0,,TYR,True,1356,1357,four_layer_exact,high,0.989010989010989,0.5103448275862069,1.398364346465243,0.0109890109890109,Y,F;I;L;Y,matches_consensus,True,False,,0.04229314759147829,buried_core,False,False,False,False,12.333166306096228,True,True,unassigned_manual_review,,not_annotated_no_domain_boundaries,,True,False
6E9E,A,VI-D,binary,419,420,I,345.0,I,420.0,,ILE,True,1357,1358,four_layer_exact,high,0.9725274725274724,0.1549295774647887,2.615096154671812,0.0274725274725274,K,E;I;K;L;N;R;S;T;V,differs_from_consensus,True,True,scaffold_differs_from_msa_consensus,0.4846960138267312,surface,False,False,False,False,13.593676269045005,True,False,unassigned_manual_review,,not_annotated_no_domain_boundaries,,True,False
6E9E,A,VI-D,binary,420,421,N,346.0,N,421.0,,ASN,True,1363,1364,four_layer_exact,high,0.3516483516483517,0.1515151515151515,2.2629354538632005,0.6483516483516483,T,H;K;N;R;S;T;V;Y,differs_from_consensus,False,True,scaffold_differs_from_msa_consensus,0.5466869361065979,surface,False,False,False,False,17.20823850667382,True,False,unassigned_manual_review,,not_annotated_no_domain_boundaries,,False,False
6E9E,A,VI-D,binary,421,422,E,347.0,E,422.0,,GLU,True,1364,1365,four_layer_exact,high,0.8406593406593407,0.2370233050847457,2.2794906108007345,0.1593406593406593,E,D;E;K;N;Q;S,matches_consensus,True,False,,0.5041287527796995,surface,False,False,False,False,18.62913967965671,True,False,unassigned_manual_review,,not_annotated_no_domain_boundaries,,True,False
6E9E,A,VI-D,binary,422,423,D,348.0,D,423.0,,ASP,True,1378,1379,four_layer_exact,high,0.956043956043956,0.2568195443645084,2.1486389561885093,0.0439560439560439,N,D;E;H;K;N;R;S,differs_from_consensus,True,True,scaffold_differs_from_msa_consensus,0.1283923665565791,buried_core,False,False,False,False,14.189134134613443,True,True,unassigned_manual_review,,not_annotated_no_domain_boundaries,,True,False
6E9E,A,VI-D,binary,423,424,S,349.0,S,424.0,,SER,True,1379,1380,four_layer_exact,high,0.934065934065934,0.2,2.290201628033181,0.0659340659340659,P,A;D;E;K;N;P;Q;S,differs_from_consensus,True,True,scaffold_differs_from_msa_consensus,0.3061713505362634,surface,False,False,False,False,12.93294559654686,True,False,unassigned_manual_review,,not_annotated_no_domain_boundaries,,True,False
6E9E,A,VI-D,binary,424,425,D,350.0,D,425.0,,ASP,True,1380,1381,four_layer_exact,high,0.8241758241758241,0.3046195652173913,2.126673938915689,0.1758241758241758,E,A;D;E;G;K;N;S,differs_from_consensus,True,True,scaffold_differs_from_msa_consensus,0.5762335940613112,surface,False,False,False,False,13.068069890242377,True,False,unassigned_manual_review,,not_annotated_no_domain_boundaries,,True,False
6E9E,A,VI-D,binary,425,426,R,351.0,R,426.0,,ARG,True,1382,1383,four_layer_exact,high,0.8186813186813187,0.2807017543859649,2.2104926532452183,0.1813186813186813,K,E;K;Q;R,differs_from_consensus,True,True,scaffold_differs_from_msa_consensus,0.33893505745451685,surface,False,False,False,False,11.13319855842803,True,False,unassigned_manual_review,,not_annotated_no_domain_boundaries,,True,False
6E9E,A,VI-D,binary,426,427,A,352.0,A,427.0,,ALA,True,1441,1442,four_layer_exact,high,0.9010989010989012,0.2692307692307692,2.2293803660384617,0.0989010989010988,A,A;I;L;S;V,matches_consensus,True,False,,0.09361459039069119,buried_core,False,False,False,False,8.190487554202365,True,True,unassigned_manual_review,,not_annotated_no_domain_boundaries,,True,False
6E9E,A,VI-D,binary,427,428,D,353.0,D,428.0,,ASP,True,1443,1444,four_layer_exact,high,1.0,0.3013747165532879,2.0156646799666533,0.0,D,D;E;N;Q;S,matches_consensus,True,False,,0.42281266344172874,surface,False,False,False,False,8.935104522025355,True,False,unassigned_manual_review,,not_annotated_no_domain_boundaries,,True,False
6E9E,A,VI-D,binary,428,429,D,354.0,D,429.0,,ASP,True,1444,1445,four_layer_exact,high,1.0,0.2517006802721088,2.345482959311957,0.0,E,A;D;E;K;N;Q;R;S,differs_from_consensus,True,True,scaffold_differs_from_msa_consensus,0.5151659812908972,surface,False,False,False,False,8.853072985852098,True,False,unassigned_manual_review,,not_annotated_no_domain_boundaries,,True,False
6E9E,A,VI-D,binary,429,430,L,355.0,L,430.0,,LEU,True,1445,1446,four_layer_exact,high,1.0,0.2925170068027211,2.0303833825336195,0.0,L,F;I;L;M;N;T;Y,matches_consensus,True,False,,0.0354812412085283,buried_core,False,True,False,False,5.743925189775549,True,True,unassigned_manual_review,,not_annotated_no_domain_boundaries,,True,False
6E9E,A,VI-D,binary,430,431,V,356.0,V,431.0,,VAL,True,1446,1447,four_layer_exact,high,1.0,0.7346938775510204,1.013560840988167,0.0,V,I;V,matches_consensus,True,False,,0.1318674488779219,buried_core,True,False,True,False,4.568736946017327,True,True,unassigned_manual_review,,not_annotated_no_domain_boundaries,,True,False
6E9E,A,VI-D,binary,431,432,N,357.0,N,432.0,,ASN,True,1447,1448,four_layer_exact,high,1.0,0.2312925170068027,2.2179089351191426,0.0,E,A;D;E;N;S,differs_from_consensus,True,True,scaffold_differs_from_msa_consensus,0.27018586133254163,surface,False,True,False,False,6.524117325050547,True,False,unassigned_manual_review,,not_annotated_no_domain_boundaries,,True,False
6E9E,A,VI-D,binary,432,433,T,358.0,T,433.0,,THR,True,1448,1449,four_layer_exact,high,1.0,0.238095238095238,2.461115116554963,0.0,K,A;D;E;K;Q;R;S,differs_from_consensus,True,True,scaffold_differs_from_msa_consensus,0.18936146982307006,buried_core,False,True,False,False,6.972113234899337,True,True,unassigned_manual_review,,not_annotated_no_domain_boundaries,,True,False
6E9E,A,VI-D,binary,433,434,L,359.0,L,434.0,,LEU,True,1449,1450,four_layer_exact,high,1.0,1.0,-0.0,0.0,L,L,matches_consensus,True,False,,0.0,buried_core,True,False,True,False,3.9097865094178443,True,True,unassigned_manual_review,,not_annotated_no_domain_boundaries,,True,False
6E9E,A,VI-D,binary,434,435,R,360.0,R,435.0,,ARG,True,1450,1451,four_layer_exact,high,1.0,0.9319727891156464,0.3638624342161701,0.0,R,R,matches_consensus,True,False,,0.06003881668342186,buried_core,True,False,True,False,3.2201131881274407,True,True,unassigned_manual_review,,not_annotated_no_domain_boundaries,,True,False
6E9E,A,VI-D,binary,435,436,S,361.0,S,436.0,,SER,True,1451,1452,four_layer_exact,high,1.0,0.3469387755102041,2.235741102985488,0.0,A,A;G;L;S,differs_from_consensus,True,True,scaffold_differs_from_msa_consensus,0.015582299561805372,buried_core,False,True,False,False,5.724494247064225,True,True,unassigned_manual_review,,not_annotated_no_domain_boundaries,,True,False
6E9E,A,VI-D,binary,436,437,S,362.0,S,437.0,,SER,True,1452,1453,four_layer_exact,high,0.9945054945054944,0.2646261415525114,1.911215964175884,0.0054945054945054,S,A;C;N;S;T,matches_consensus,True,False,,0.027650555459683108,buried_core,False,True,False,False,5.996227571505772,True,True,unassigned_manual_review,,not_annotated_no_domain_boundaries,,True,False
6E9E,A,VI-D,binary,437,438,L,363.0,L,438.0,,LEU,True,1453,1454,four_layer_exact,high,1.0,0.1972789115646258,2.573365905557752,0.0,L,A;E;I;L;M;Q;T;V,matches_consensus,True,False,,0.2222997213605816,surface,False,True,False,False,6.553060854630818,True,False,unassigned_manual_review,,not_annotated_no_domain_boundaries,,True,False
6E9E,A,VI-D,binary,438,439,K,364.0,K,439.0,,LYS,True,1463,1464,four_layer_exact,high,0.989010989010989,0.2344827586206896,2.1566729463705903,0.0109890109890109,S,D;G;N;S;T,differs_from_consensus,True,True,scaffold_differs_from_msa_consensus,0.5151686933182779,surface,False,True,False,False,7.612892726564094,True,False,unassigned_manual_review,,not_annotated_no_domain_boundaries,,True,False
6E9E,A,VI-D,binary,439,440,E,365.0,E,440.0,,GLU,True,1464,1465,four_layer_exact,high,0.989010989010989,0.4758620689655172,1.2142240834917557,0.0109890109890109,E,D;E,matches_consensus,True,False,,0.5351138725741321,surface,True,False,True,False,4.469024266062252,True,False,unassigned_manual_review,,not_annotated_no_domain_boundaries,,True,False
6E9E,A,VI-D,binary,440,441,D,366.0,D,441.0,,ASP,True,1465,1466,four_layer_exact,high,0.978021978021978,0.5128205128205128,1.7173787131873783,0.021978021978022,E,A;D;E,differs_from_consensus,True,True,scaffold_differs_from_msa_consensus,0.6199408634940811,surface,False,False,False,False,10.086628589608344,True,False,unassigned_manual_review,,not_annotated_no_domain_boundaries,,True,False
6E9E,A,VI-D,binary,441,442,D,367.0,D,442.0,,ASP,True,1481,1482,four_layer_exact,high,0.9615384615384616,0.3928571428571428,1.8100121644774785,0.0384615384615384,E,A;D;E;G;Q,differs_from_consensus,True,True,scaffold_differs_from_msa_consensus,0.38244765792800706,surface,False,False,False,False,9.237861790286761,True,False,unassigned_manual_review,,not_annotated_no_domain_boundaries,,True,False
6E9E,A,VI-D,binary,442,443,K,368.0,K,443.0,,LYS,True,1483,1484,four_layer_exact,high,1.0,0.9251700680272108,0.3108673782336407,0.0,K,K;R,matches_consensus,True,False,,0.04923780892838104,buried_core,True,False,True,False,2.8942519924984946,True,True,unassigned_manual_review,,not_annotated_no_domain_boundaries,,True,False
6E9E,A,VI-D,binary,443,444,T,369.0,T,444.0,,THR,True,1484,1485,four_layer_exact,high,1.0,0.4557823129251701,1.7742692619317308,0.0,E,D;E;K,differs_from_consensus,True,True,scaffold_differs_from_msa_consensus,0.476330616066701,surface,False,True,False,False,7.785333985380691,True,False,unassigned_manual_review,,not_annotated_no_domain_boundaries,,True,False
6E9E,A,VI-D,binary,444,445,T,370.0,T,445.0,,THR,True,1493,1494,four_layer_exact,high,1.0,0.1632653061224489,2.56909334204242,0.0,A,A;D;E;K;N;Q;R;S,differs_from_consensus,True,True,scaffold_differs_from_msa_consensus,0.4084947173197965,surface,False,False,False,False,9.922502083179705,True,False,unassigned_manual_review,,not_annotated_no_domain_boundaries,,True,False
6E9E,A,VI-D,binary,445,446,V,371.0,V,446.0,,VAL,True,1494,1495,four_layer_exact,high,1.0,0.4285714285714285,1.7428869139002894,0.0,I,A;F;I;L;V,differs_from_consensus,True,True,scaffold_differs_from_msa_consensus,0.15268862501654115,buried_core,False,True,False,False,7.811864126483259,True,True,unassigned_manual_review,,not_annotated_no_domain_boundaries,,True,False
6E9E,A,VI-D,binary,446,447,Y,372.0,Y,447.0,,TYR,True,1495,1496,four_layer_exact,high,1.0,1.0,-0.0,0.0,Y,Y,matches_consensus,True,False,,0.059692649462049094,buried_core,True,False,True,False,2.653780463772794,True,True,unassigned_manual_review,,not_annotated_no_domain_boundaries,,True,False
6E9E,A,VI-D,binary,447,448,C,373.0,C,448.0,,CYS,True,1496,1497,four_layer_exact,high,1.0,0.1428571428571428,2.580951258992332,0.0,R,A;D;E;I;K;L;N;Q;R;S,differs_from_consensus,True,True,scaffold_differs_from_msa_consensus,0.417405770290206,surface,False,False,False,False,10.788456390482084,True,False,unassigned_manual_review,,not_annotated_no_domain_boundaries,,True,False
6E9E,A,VI-D,binary,448,449,K,374.0,K,449.0,,LYS,True,1497,1498,four_layer_exact,high,1.0,0.1496598639455782,2.369323817968326,0.0,E,A;D;E;K;N;Q;R;S,differs_from_consensus,True,True,scaffold_differs_from_msa_consensus,0.5528344190834944,surface,False,False,False,False,12.762079058624199,True,False,unassigned_manual_review,,not_annotated_no_domain_boundaries,,True,False
6E9E,A,VI-D,binary,449,450,E,375.0,E,450.0,,GLU,True,1498,1499,four_layer_exact,high,1.0,0.4217687074829932,1.9739928392220103,0.0,E,A;E;F;I;L;Y,matches_consensus,True,False,,0.06917860280073776,buried_core,False,False,False,False,10.65309992661958,True,True,unassigned_manual_review,,not_annotated_no_domain_boundaries,,True,False
6E9E,A,VI-D,binary,450,451,A,376.0,A,451.0,,ALA,True,1503,1504,four_layer_exact,high,1.0,0.8435374149659864,0.704003828144631,0.0,A,A;S,matches_consensus,True,False,,0.018722918078138237,buried_core,False,False,False,False,13.483234859941602,True,True,unassigned_manual_review,,not_annotated_no_domain_boundaries,,True,False
6E9E,A,VI-D,binary,451,452,D,377.0,D,452.0,,ASP,True,1504,1505,four_layer_exact,high,1.0,0.2131519274376417,2.3213737058840342,0.0,E,A;D;E;K;N;R;S,differs_from_consensus,True,True,scaffold_differs_from_msa_consensus,0.5140769392448051,surface,False,False,False,False,16.20356888925371,True,False,unassigned_manual_review,,not_annotated_no_domain_boundaries,,True,False
6E9E,A,VI-D,binary,452,453,Y,378.0,Y,453.0,,TYR,True,1505,1506,four_layer_exact,high,1.0,0.1972789115646258,2.625432333877093,0.0,R,A;D;E;I;K;R;S,differs_from_consensus,True,True,scaffold_differs_from_msa_consensus,0.2355279964209231,surface,False,False,False,False,17.614760925794954,True,False,unassigned_manual_review,,not_annotated_no_domain_boundaries,,True,False
6E9E,A,VI-D,binary,453,454,L,379.0,L,454.0,,LEU,True,1506,1507,four_layer_exact,high,0.9945054945054944,0.4246575342465753,1.732594913941025,0.0054945054945054,L,F;I;L;V,matches_consensus,True,False,,0.01802430173193905,buried_core,False,False,False,False,13.506643418997042,True,True,unassigned_manual_review,,not_annotated_no_domain_boundaries,,True,False
6E9E,A,VI-D,binary,454,455,W,380.0,W,455.0,,TRP,True,1512,1513,four_layer_exact,high,0.945054945054945,0.561815693430657,1.6265565502127437,0.0549450549450549,W,A;F;K;W;Y,matches_consensus,True,False,,0.101294867970641,buried_core,False,False,False,False,18.253542767590442,True,True,unassigned_manual_review,,not_annotated_no_domain_boundaries,,True,False
6E9E,A,VI-D,binary,455,456,K,381.0,K,456.0,,LYS,True,1513,1514,four_layer_exact,high,0.934065934065934,0.1777777777777777,2.491302523823853,0.0659340659340659,N,A;D;E;K;N;P;S,differs_from_consensus,True,True,scaffold_differs_from_msa_consensus,0.5654232068250935,surface,False,False,False,False,21.063321774897574,True,False,unassigned_manual_review,,not_annotated_no_domain_boundaries,,True,False
6E9E,A,VI-D,binary,456,457,K,382.0,K,457.0,,LYS,True,1514,1515,four_layer_exact,high,0.9505494505494504,0.2028985507246377,2.4104156145397626,0.0494505494505495,K,A;D;E;K;R;S,matches_consensus,True,False,,0.3790739411127721,surface,False,False,False,False,20.519197218250753,True,False,unassigned_manual_review,,not_annotated_no_domain_boundaries,,True,False
6E9E,A,VI-D,binary,457,458,Y,383.0,Y,458.0,,TYR,True,1558,1559,four_layer_exact,high,0.978021978021978,0.2727272727272727,2.1448269525385717,0.021978021978022,L,F;I;L;N;V;Y,differs_from_consensus,True,True,scaffold_differs_from_msa_consensus,0.09079933816290468,buried_core,False,False,False,False,17.472472358212734,True,True,unassigned_manual_review,,not_annotated_no_domain_boundaries,,True,False
6E9E,A,VI-D,binary,458,459,R,384.0,R,459.0,,ARG,True,1559,1560,four_layer_exact,high,0.978021978021978,0.2587412587412587,2.078267806016698,0.021978021978022,K,E;G;K;R;S,differs_from_consensus,True,True,scaffold_differs_from_msa_consensus,0.49425636136399226,surface,False,False,False,False,19.624159789640938,True,False,unassigned_manual_review,,not_annotated_no_domain_boundaries,,True,False
6E9E,A,VI-D,binary,459,460,E,385.0,E,460.0,,GLU,True,1560,1561,four_layer_exact,high,0.9725274725274724,0.2464788732394366,2.33707591369517,0.0274725274725274,D,D;E;G;K;N;S,differs_from_consensus,True,True,scaffold_differs_from_msa_consensus,0.5867410875243758,surface,False,False,False,False,19.020633700418138,True,False,unassigned_manual_review,,not_annotated_no_domain_boundaries,,True,False
6E9E,A,VI-D,binary,460,461,S,386.0,S,461.0,,SER,True,1612,1613,four_layer_exact,high,0.9615384615384616,0.15,2.6274251197114253,0.0384615384615384,K,A;D;I;K;L;P;Q;R;S;T;V,differs_from_consensus,True,True,scaffold_differs_from_msa_consensus,0.2508975613388135,surface,False,False,False,False,16.911418259940955,True,False,unassigned_manual_review,,not_annotated_no_domain_boundaries,,True,False
6E9E,A,VI-D,binary,461,462,I,387.0,I,462.0,,ILE,True,1613,1614,four_layer_exact,high,0.9835164835164836,0.3125,1.6765038569311987,0.0164835164835165,I,F;I;L;V,matches_consensus,True,False,,0.030650462336038485,buried_core,False,False,False,False,14.7866742333673,True,True,unassigned_manual_review,,not_annotated_no_domain_boundaries,,True,False
6E9E,A,VI-D,binary,462,463,R,388.0,R,463.0,,ARG,True,1615,1616,four_layer_exact,high,0.945054945054945,0.181159420289855,2.493729977501687,0.0549450549450549,N,A;D;E;K;L;N;Q;R,differs_from_consensus,True,True,scaffold_differs_from_msa_consensus,0.4964243813336344,surface,False,False,False,False,15.027788040422678,True,False,unassigned_manual_review,,not_annotated_no_domain_boundaries,,True,False
6E9E,A,VI-D,binary,463,464,E,389.0,E,464.0,,GLU,True,1616,1617,four_layer_exact,high,0.934065934065934,0.2134650735294117,2.6291662866310275,0.0659340659340659,K,D;E;K;N;R;S;T;Y,differs_from_consensus,True,True,scaffold_differs_from_msa_consensus,0.30110804697436927,surface,False,False,False,False,14.54784254617537,True,False,unassigned_manual_review,,not_annotated_no_domain_boundaries,,True,False
6E9E,A,VI-D,binary,464,465,V,390.0,V,465.0,,VAL,True,1617,1618,four_layer_exact,high,0.945054945054945,0.2608695652173913,2.1771218718041907,0.0549450549450549,I,A;F;I;L;M;V,differs_from_consensus,True,True,scaffold_differs_from_msa_consensus,0.013880784092412831,buried_core,False,False,False,False,11.077876368629449,True,True,unassigned_manual_review,,not_annotated_no_domain_boundaries,,True,False
6E9E,A,VI-D,binary,465,466,A,391.0,A,466.0,,ALA,True,1618,1619,four_layer_exact,high,0.8846153846153846,0.2047244094488189,2.4295383116632627,0.1153846153846154,L,A;C;I;K;L;V,differs_from_consensus,True,True,scaffold_differs_from_msa_consensus,0.07686410543037887,buried_core,False,False,False,False,9.937344849960299,True,True,unassigned_manual_review,,not_annotated_no_domain_boundaries,,True,False
6E9E,A,VI-D,binary,466,467,D,392.0,D,467.0,,ASP,True,1619,1620,four_layer_exact,high,0.8736263736263736,0.24,2.27293731708002,0.1263736263736263,P,D;E;K;N;P;S,differs_from_consensus,True,True,scaffold_differs_from_msa_consensus,0.5438369046209361,surface,False,False,False,False,11.79966217632407,True,False,unassigned_manual_review,,not_annotated_no_domain_boundaries,,True,False
6E9E,A,VI-D,binary,467,468,A,393.0,A,468.0,,ALA,True,1620,1621,four_layer_exact,high,0.8571428571428571,0.1226946721311475,2.6848771729341925,0.1428571428571429,A,A;K;L;M;Q;R;S,matches_consensus,True,False,,0.13106042654696767,buried_core,False,False,False,False,9.233560604941962,True,True,unassigned_manual_review,,not_annotated_no_domain_boundaries,,True,False
6E9E,A,VI-D,binary,468,469,L,394.0,L,469.0,,LEU,True,1621,1622,four_layer_exact,high,0.8571428571428571,0.221311475409836,1.9900906288311284,0.1428571428571429,L,F;I;L;M;V,matches_consensus,True,False,,0.016669384398832622,buried_core,False,True,False,False,5.65060862267632,True,True,unassigned_manual_review,,not_annotated_no_domain_boundaries,,True,False
6E9E,A,VI-D,binary,469,470,D,395.0,D,470.0,,ASP,True,1642,1643,four_layer_exact,high,0.8131868131868132,0.3274336283185841,2.0235842718943307,0.1868131868131868,N,D;E;K;N;S,differs_from_consensus,True,True,scaffold_differs_from_msa_consensus,0.500535079694983,surface,False,True,False,False,6.362321199040165,True,False,unassigned_manual_review,,not_annotated_no_domain_boundaries,,True,False
6E9E,A,VI-D,binary,470,471,G,396.0,G,471.0,,GLY,True,1643,1644,four_layer_exact,high,0.6868131868131868,0.5420138888888889,1.5542509616949942,0.3131868131868132,G,A;E;G;K,matches_consensus,False,False,,0.18249934631406475,buried_core,True,False,True,False,4.036969814886687,True,True,unassigned_manual_review,,not_annotated_no_domain_boundaries,,False,False
6E9E,A,VI-D,binary,471,472,D,397.0,D,472.0,,ASP,True,1649,1650,four_layer_exact,high,0.6703296703296703,0.2992097701149425,2.234683528872811,0.3296703296703297,K,A;D;K;N;S,differs_from_consensus,False,True,scaffold_differs_from_msa_consensus,0.6042209198520749,surface,False,True,False,False,5.302279946544263,True,False,unassigned_manual_review,,not_annotated_no_domain_boundaries,,False,False
6E9E,A,VI-D,binary,472,473,N,398.0,N,473.0,,ASN,True,1650,1651,four_layer_exact,high,0.6703296703296703,0.2640086206896552,2.3083275238481704,0.3296703296703297,N,A;E;K;N;S;T;Y,matches_consensus,False,False,,0.19947096286704272,buried_core,False,True,False,False,7.2346568358343095,True,True,unassigned_manual_review,,not_annotated_no_domain_boundaries,,False,False
6E9E,A,VI-D,binary,473,474,I,399.0,I,474.0,,ILE,True,1698,1699,four_layer_exact,high,0.7637362637362637,0.73046875,0.906308675562731,0.2362637362637363,I,I;L;V,matches_consensus,False,False,,0.05517083220486927,buried_core,True,False,True,False,4.237886722536408,True,True,unassigned_manual_review,,not_annotated_no_domain_boundaries,,False,False
6E9E,A,VI-D,binary,474,475,K,400.0,K,475.0,,LYS,True,1713,1714,four_layer_exact,high,0.9505494505494504,0.5434782608695652,1.6373027553552315,0.0494505494505495,K,E;K;Q;R;S,matches_consensus,True,False,,0.38291105043146684,surface,True,False,True,False,2.2272295412907326,True,False,unassigned_manual_review,,not_annotated_no_domain_boundaries,,True,False
6E9E,A,VI-D,binary,475,476,K,401.0,K,476.0,,LYS,True,1715,1716,four_layer_exact,high,0.9395604395604396,0.1985294117647058,2.2649299702020453,0.0604395604395604,E,D;E;G;K;N;Q,differs_from_consensus,True,True,scaffold_differs_from_msa_consensus,0.4977980820739164,surface,False,False,False,False,8.908821835182017,True,False,unassigned_manual_review,,not_annotated_no_domain_boundaries,,True,False
6E9E,A,VI-D,binary,476,477,L,402.0,L,477.0,,LEU,True,1716,1717,four_layer_exact,high,0.9395604395604396,0.2867647058823529,2.259406732441456,0.0604395604395604,L,A;F;I;K;L;M;V;Y,matches_consensus,True,False,,0.19225921847401653,buried_core,False,True,False,False,7.652855585096003,True,True,unassigned_manual_review,,not_annotated_no_domain_boundaries,,True,False
6E9E,A,VI-D,binary,477,478,S,403.0,S,478.0,,SER,True,1717,1718,four_layer_exact,high,0.934065934065934,0.2298611111111111,2.4768306474043302,0.0659340659340659,K,D;E;K;N;Q;R;S;T,differs_from_consensus,True,True,scaffold_differs_from_msa_consensus,0.28089810917674063,surface,True,False,True,False,4.9803782544726625,True,False,unassigned_manual_review,,not_annotated_no_domain_boundaries,,True,False
6E9E,A,VI-D,binary,478,479,K,404.0,K,479.0,,LYS,True,1718,1719,four_layer_exact,high,0.9175824175824177,0.3169981060606061,2.321887168082493,0.0824175824175824,K,A;D;G;K;N;P;R;S,matches_consensus,True,False,,0.6915000057789658,surface,False,False,False,False,8.497028627135718,True,False,unassigned_manual_review,,not_annotated_no_domain_boundaries,,True,False
6E9E,A,VI-D,binary,479,480,S,405.0,S,480.0,,SER,True,1719,1720,four_layer_exact,high,0.7197802197802198,0.2346938775510204,2.2606185232570297,0.2802197802197802,D,D;E;K;N;R;S,differs_from_consensus,False,True,scaffold_differs_from_msa_consensus,0.30997093456989283,surface,False,False,False,False,10.774351920975166,True,False,unassigned_manual_review,,not_annotated_no_domain_boundaries,,False,False
6E9E,A,VI-D,binary,480,481,N,406.0,N,481.0,,ASN,True,1720,1721,four_layer_exact,high,0.6868131868131868,0.2282608695652173,2.501347899829055,0.3131868131868132,K,D;E;G;H;K;N;P;S,differs_from_consensus,False,True,scaffold_differs_from_msa_consensus,0.7248992731409398,surface,False,False,False,False,13.409523332556107,True,False,unassigned_manual_review,,not_annotated_no_domain_boundaries,,False,False
6E9E,A,VI-D,binary,481,482,I,407.0,I,482.0,,ILE,True,1721,1722,four_layer_exact,high,0.6263736263736264,0.1481481481481481,2.7165792703980234,0.3736263736263736,D,D;E;I;K;L;S;T;V,differs_from_consensus,False,True,scaffold_differs_from_msa_consensus,0.2813145361053604,surface,False,False,False,False,12.274497828437994,True,False,unassigned_manual_review,,not_annotated_no_domain_boundaries,,False,False
6E9E,A,VI-D,binary,482,483,E,408.0,E,483.0,,GLU,True,1722,1723,four_layer_exact,high,0.4230769230769231,0.2391304347826087,2.403212749310924,0.5769230769230769,S,D;E;I;K;S;V,differs_from_consensus,False,True,scaffold_differs_from_msa_consensus,0.7704853189159057,surface,False,False,False,False,16.25320400608451,True,False,unassigned_manual_review,,not_annotated_no_domain_boundaries,,False,False
6E9E,A,VI-D,binary,483,484,I,409.0,I,484.0,,ILE,True,1779,1780,four_layer_exact,high,0.912087912087912,0.3435114503816794,1.9320333962666136,0.0879120879120879,F,F;I;L;V;Y,differs_from_consensus,True,True,scaffold_differs_from_msa_consensus,0.20777492328514738,surface,False,False,False,False,13.876942760169955,True,False,unassigned_manual_review,,not_annotated_no_domain_boundaries,,True,False
6E9E,A,VI-D,binary,484,485,Q,410.0,Q,485.0,,GLN,True,1780,1781,four_layer_exact,high,0.934065934065934,0.2518518518518518,2.1702756729707864,0.0659340659340659,K,A;D;K;N;P;R;S;T,differs_from_consensus,True,True,scaffold_differs_from_msa_consensus,0.4991260760047827,surface,False,False,False,False,15.93174583876496,True,False,unassigned_manual_review,,not_annotated_no_domain_boundaries,,True,False
6E9E,A,VI-D,binary,485,486,E,411.0,E,486.0,,GLU,True,1792,1793,four_layer_exact,high,0.6813186813186813,0.3642361111111111,1.915310982998874,0.3186813186813186,E,D;E;G;K;N;S,matches_consensus,False,False,,0.24020324401871346,surface,False,False,False,False,12.307758934450773,True,False,unassigned_manual_review,,not_annotated_no_domain_boundaries,,False,False
6E9E,A,VI-D,binary,486,487,D,412.0,D,487.0,,ASP,True,1799,1800,four_layer_exact,high,0.4725274725274725,0.2327044025157232,2.5025146555781848,0.5274725274725275,I,F;G;I;K;L;N;S;V,differs_from_consensus,False,True,scaffold_differs_from_msa_consensus,0.48115083447041257,surface,False,False,False,False,17.378776810536035,True,False,unassigned_manual_review,,not_annotated_no_domain_boundaries,,False,False
6E9E,A,VI-D,binary,487,488,K,413.0,K,488.0,,LYS,True,1800,1801,four_layer_exact,high,0.9065934065934066,0.1444711538461538,2.631169441935095,0.0934065934065934,K,A;D;E;K;M;Q;S;V,matches_consensus,True,False,,0.3479534307809778,surface,False,False,False,False,16.233882001839557,True,False,unassigned_manual_review,,not_annotated_no_domain_boundaries,,True,False
6E9E,A,VI-D,binary,488,489,L,414.0,L,489.0,,LEU,True,1801,1802,four_layer_exact,high,0.9285714285714286,0.3507462686567164,1.6554692045209036,0.0714285714285714,L,F;I;L;V,matches_consensus,True,False,,0.023465040053902268,buried_core,False,False,False,False,10.49362123223984,True,True,unassigned_manual_review,,not_annotated_no_domain_boundaries,,True,False
6E9E,A,VI-D,binary,489,490,R,415.0,R,490.0,,ARG,True,1818,1819,four_layer_exact,high,0.9010989010989012,0.3023255813953488,2.0708367394739287,0.0989010989010988,E,D;E;N;P;S,differs_from_consensus,True,True,scaffold_differs_from_msa_consensus,0.45139049910375456,surface,False,False,False,False,14.847454657494053,True,False,unassigned_manual_review,,not_annotated_no_domain_boundaries,,True,False
6E9E,A,VI-D,binary,490,491,K,416.0,K,491.0,,LYS,True,1819,1820,four_layer_exact,high,0.9010989010989012,0.1937984496124031,2.2989603811603,0.0989010989010988,E,A;D;E;G;K;N;S,differs_from_consensus,True,True,scaffold_differs_from_msa_consensus,0.6594740245476073,surface,False,False,False,False,16.411198939843455,True,False,unassigned_manual_review,,not_annotated_no_domain_boundaries,,True,False
6E9E,A,VI-D,binary,491,492,C,417.0,C,492.0,,CYS,True,1820,1821,four_layer_exact,high,0.8791208791208791,0.2566137566137565,2.348692044329717,0.1208791208791209,I,I;L;V;Y,differs_from_consensus,True,True,scaffold_differs_from_msa_consensus,0.23806424770941734,surface,False,False,False,False,12.935157795759718,True,False,unassigned_manual_review,,not_annotated_no_domain_boundaries,,True,False
6E9E,A,VI-D,binary,492,493,F,418.0,F,493.0,,PHE,True,1851,1852,four_layer_exact,high,0.5494505494505495,0.1641791044776119,2.7773561777617397,0.4505494505494505,V,A;C;G;L;T;V,differs_from_consensus,False,True,scaffold_differs_from_msa_consensus,0.1966578358084343,buried_core,False,False,False,False,10.57229661181606,True,True,unassigned_manual_review,,not_annotated_no_domain_boundaries,,False,False
6E9E,A,VI-D,binary,493,494,I,419.0,I,494.0,,ILE,True,1852,1853,four_layer_exact,high,0.6318681318681318,0.1916666666666666,2.477836666832085,0.3681318681318681,K,A;F;I;K;L;M;R;S;V,differs_from_consensus,False,True,scaffold_differs_from_msa_consensus,0.07960036698865008,buried_core,False,False,False,False,9.327555640158488,True,True,unassigned_manual_review,,not_annotated_no_domain_boundaries,,False,False
6E9E,A,VI-D,binary,494,495,S,420.0,S,495.0,,SER,True,1853,1854,four_layer_exact,high,0.8461538461538461,0.2166666666666666,2.318497798458601,0.1538461538461538,I,I;K;L;Q;R;S;V,differs_from_consensus,True,True,scaffold_differs_from_msa_consensus,0.25124390672761704,surface,False,False,False,False,14.898232609863404,True,False,unassigned_manual_review,,not_annotated_no_domain_boundaries,,True,False
6E9E,A,VI-D,binary,495,496,Y,421.0,Y,496.0,,TYR,True,1854,1855,four_layer_exact,high,0.8846153846153846,0.2020997375328083,2.424667976800019,0.1153846153846154,S,E;G;I;K;L;N;S;T,differs_from_consensus,True,True,scaffold_differs_from_msa_consensus,0.3919157620034701,surface,False,False,False,False,13.119085667399167,True,False,unassigned_manual_review,,not_annotated_no_domain_boundaries,,True,False
6E9E,A,VI-D,binary,496,497,A,422.0,A,497.0,,ALA,True,1855,1856,four_layer_exact,high,0.9065934065934066,0.2121212121212121,2.4640271150506643,0.0934065934065934,S,A;D;E;G;K;N;P;R;S;T,differs_from_consensus,True,True,scaffold_differs_from_msa_consensus,0.025973226853995016,buried_core,False,False,False,False,17.381554051266555,True,True,unassigned_manual_review,,not_annotated_no_domain_boundaries,,True,False
6E9E,A,VI-D,binary,497,498,D,423.0,D,498.0,,ASP,True,1856,1857,four_layer_exact,high,0.945054945054945,0.2302158273381295,2.310045202045129,0.0549450549450549,E,A;D;E;K;N;S,differs_from_consensus,True,True,scaffold_differs_from_msa_consensus,0.6841526733472278,surface,False,False,False,False,20.059551070657086,True,False,unassigned_manual_review,,not_annotated_no_domain_boundaries,,True,False
6E9E,A,VI-D,binary,498,499,S,424.0,S,499.0,,SER,True,1857,1858,four_layer_exact,high,0.967032967032967,0.3617021276595745,1.9119688492247584,0.0329670329670329,N,D;E;K;N;S,differs_from_consensus,True,True,scaffold_differs_from_msa_consensus,0.5083675777290134,surface,False,False,False,False,20.86535939082627,True,False,unassigned_manual_review,,not_annotated_no_domain_boundaries,,True,False
6E9E,A,VI-D,binary,499,500,V,425.0,V,500.0,,VAL,True,1859,1860,four_layer_exact,high,0.978021978021978,0.3426573426573426,1.9582044525873452,0.021978021978022,A,A;I;T;V,differs_from_consensus,True,True,scaffold_differs_from_msa_consensus,0.09090483614219115,buried_core,False,False,False,False,17.92153545812077,True,True,unassigned_manual_review,,not_annotated_no_domain_boundaries,,True,False
6E9E,A,VI-D,binary,500,501,S,426.0,S,501.0,,SER,True,1866,1867,four_layer_exact,high,0.9945054945054944,0.3789954337899544,2.033045624361181,0.0054945054945054,S,D;H;N;S;T,matches_consensus,True,False,,0.08570264758992954,buried_core,False,False,False,False,20.320711298345795,True,True,unassigned_manual_review,,not_annotated_no_domain_boundaries,,True,False
6E9E,A,VI-D,binary,501,502,E,427.0,E,502.0,,GLU,True,1867,1868,four_layer_exact,high,1.0,0.3605442176870748,2.272974925393071,0.0,Y,D;L;P;S;T;Y,differs_from_consensus,True,True,scaffold_differs_from_msa_consensus,0.20302070580533027,surface,False,False,False,False,21.61402021505029,True,False,unassigned_manual_review,,not_annotated_no_domain_boundaries,,True,False
6E9E,A,VI-D,binary,502,503,F,428.0,F,503.0,,PHE,True,1868,1869,four_layer_exact,high,1.0,0.8979591836734694,0.4738477239414613,0.0,F,F;L,matches_consensus,True,False,,0.0146201868116435,buried_core,False,False,False,False,15.98513220804608,True,True,unassigned_manual_review,,not_annotated_no_domain_boundaries,,True,False
6E9E,A,VI-D,binary,503,504,T,429.0,T,504.0,,THR,True,1869,1870,four_layer_exact,high,1.0,0.3469387755102041,1.6809986183902323,0.0,S,A;C;S;T;V,differs_from_consensus,True,True,scaffold_differs_from_msa_consensus,0.0,buried_core,False,False,False,False,15.869852055173109,True,True,unassigned_manual_review,,not_annotated_no_domain_boundaries,,True,False
6E9E,A,VI-D,binary,504,505,K,430.0,K,505.0,,LYS,True,1870,1871,four_layer_exact,high,1.0,0.7278911564625851,1.172430109044073,0.0,K,E;K;Q,matches_consensus,True,False,,0.03697702475874988,buried_core,False,False,False,False,18.19859173031918,True,True,unassigned_manual_review,,not_annotated_no_domain_boundaries,,True,False
6E9E,A,VI-D,binary,505,506,L,431.0,L,506.0,,LEU,True,1871,1872,four_layer_exact,high,1.0,0.564625850340136,1.480645417410278,0.0,L,I;L;M;V,matches_consensus,True,False,,0.030040502886565082,buried_core,False,False,False,False,18.728366657517746,True,True,unassigned_manual_review,,not_annotated_no_domain_boundaries,,True,False
6E9E,A,VI-D,binary,506,507,I,432.0,I,507.0,,ILE,True,1872,1873,four_layer_exact,high,1.0,0.4149659863945578,1.4337109365189795,0.0,I,I;L;M;V,matches_consensus,True,False,,0.02452036986883079,buried_core,False,False,False,False,14.063497747579044,True,True,unassigned_manual_review,,not_annotated_no_domain_boundaries,,True,False
6E9E,A,VI-D,binary,507,508,Y,433.0,Y,508.0,,TYR,True,1873,1874,four_layer_exact,high,1.0,0.782312925170068,0.8904468001169228,0.0,Y,A;F;Y,matches_consensus,True,False,,0.01222196605394738,buried_core,False,False,False,False,10.795849602883537,True,True,unassigned_manual_review,,not_annotated_no_domain_boundaries,,True,False
6E9E,A,VI-D,binary,508,509,L,434.0,L,509.0,,LEU,True,1874,1875,four_layer_exact,high,1.0,0.3537414965986394,1.6924165180236204,0.0,F,A;F;L;M;V,differs_from_consensus,True,True,scaffold_differs_from_msa_consensus,0.012016201154626033,buried_core,False,False,False,False,16.7472399431337,True,True,unassigned_manual_review,,not_annotated_no_domain_boundaries,,True,False
6E9E,A,VI-D,binary,509,510,L,435.0,L,510.0,,LEU,True,1875,1876,four_layer_exact,high,1.0,0.5510204081632653,1.3299700895444704,0.0,L,I;L;M;V,matches_consensus,True,False,,0.0060081005773130166,buried_core,False,False,False,False,15.6554211099006,True,True,unassigned_manual_review,,not_annotated_no_domain_boundaries,,True,False
6E9E,A,VI-D,binary,510,511,T,436.0,T,511.0,,THR,True,1876,1877,four_layer_exact,high,1.0,0.564625850340136,1.100496697203287,0.0,T,C;S;T,matches_consensus,True,False,,0.025709333071093472,buried_core,False,False,False,False,12.405382308084896,True,True,unassigned_manual_review,,not_annotated_no_domain_boundaries,,True,False
6E9E,A,VI-D,binary,511,512,R,437.0,R,512.0,,ARG,True,1877,1878,four_layer_exact,high,1.0,0.3129251700680272,2.220253024889425,0.0,L,F;K;L;M;N;R,differs_from_consensus,True,True,scaffold_differs_from_msa_consensus,0.10171183685129134,buried_core,False,False,False,False,9.293278440530274,True,True,unassigned_manual_review,,not_annotated_no_domain_boundaries,,True,False
6E9E,A,VI-D,binary,512,513,F,438.0,F,513.0,,PHE,True,1878,1879,four_layer_exact,high,1.0,0.9183673469387756,0.3416338748989142,0.0,F,F;L,matches_consensus,True,False,,0.0,buried_core,False,False,False,False,14.69194657777555,True,True,unassigned_manual_review,,not_annotated_no_domain_boundaries,,True,False
6E9E,A,VI-D,binary,513,514,L,439.0,L,514.0,,LEU,True,1879,1880,four_layer_exact,high,1.0,0.8231292517006803,0.6978446422888986,0.0,L,I;L,matches_consensus,True,False,,0.06396770292911763,buried_core,False,False,False,False,10.987757571051116,True,True,unassigned_manual_review,,not_annotated_no_domain_boundaries,,True,False
6E9E,A,VI-D,binary,514,515,S,440.0,S,515.0,,SER,True,1880,1881,four_layer_exact,high,1.0,0.7959183673469388,0.7786317192627682,0.0,D,D;E;N,differs_from_consensus,True,True,scaffold_differs_from_msa_consensus,0.12114435283051535,buried_core,False,False,False,False,8.152104435048868,True,True,unassigned_manual_review,,not_annotated_no_domain_boundaries,,True,False
6E9E,A,VI-D,binary,515,516,G,441.0,G,516.0,,GLY,True,1881,1882,four_layer_exact,high,1.0,0.8435374149659864,0.7604654682901153,0.0,G,G;K,matches_consensus,True,False,,0.17482358964793815,buried_core,False,True,False,False,5.66720938591417,True,True,unassigned_manual_review,,not_annotated_no_domain_boundaries,,True,False
6E9E,A,VI-D,binary,516,517,K,442.0,K,517.0,,LYS,True,1882,1883,four_layer_exact,high,1.0,0.9931972789115646,0.0407280509323613,0.0,K,K,matches_consensus,True,False,,0.18257003624471924,buried_core,True,False,True,False,3.107759842783055,True,True,unassigned_manual_review,,not_annotated_no_domain_boundaries,,True,False
6E9E,A,VI-D,binary,517,518,E,443.0,E,518.0,,GLU,True,1883,1884,four_layer_exact,high,1.0,0.9727891156462584,0.1402106888660079,0.0,E,E,matches_consensus,True,False,,0.0469064859570747,buried_core,False,True,False,False,6.309601838130612,True,True,unassigned_manual_review,,not_annotated_no_domain_boundaries,,True,False
6E9E,A,VI-D,binary,518,519,I,444.0,I,519.0,,ILE,True,1884,1885,four_layer_exact,high,1.0,0.8775510204081632,0.5693343986134891,0.0,I,I,matches_consensus,True,False,,0.06743101713928466,buried_core,False,True,False,False,6.967951262121466,True,True,unassigned_manual_review,,not_annotated_no_domain_boundaries,,True,False
6E9E,A,VI-D,binary,519,520,N,445.0,N,520.0,,ASN,True,1885,1886,four_layer_exact,high,1.0,1.0,-0.0,0.0,N,N,matches_consensus,True,False,,0.11674970281610139,buried_core,True,False,True,False,3.4124925093844385,True,True,unassigned_manual_review,,not_annotated_no_domain_boundaries,,True,False
6E9E,A,VI-D,binary,520,521,D,446.0,D,521.0,,ASP,True,1886,1887,four_layer_exact,high,1.0,0.4897959183673469,1.3634847226218587,0.0,D,D;E;I,matches_consensus,True,False,,0.23457832846937127,surface,True,False,True,False,4.27414983232859,True,False,unassigned_manual_review,,not_annotated_no_domain_boundaries,,True,False
6E9E,A,VI-D,binary,521,522,L,447.0,L,522.0,,LEU,True,1887,1888,four_layer_exact,high,1.0,0.8503401360544217,0.5510940293246659,0.0,L,F;L,matches_consensus,True,False,,0.0,buried_core,False,True,False,False,6.629166243571295,True,True,unassigned_manual_review,,not_annotated_no_domain_boundaries,,True,False
6E9E,A,VI-D,binary,522,523,V,448.0,V,523.0,,VAL,True,1888,1889,four_layer_exact,high,1.0,0.7074829931972789,1.094446455166942,0.0,L,F;I;L;V,differs_from_consensus,True,True,scaffold_differs_from_msa_consensus,0.0,buried_core,False,True,False,False,7.779438199378132,True,True,unassigned_manual_review,,not_annotated_no_domain_boundaries,,True,False
6E9E,A,VI-D,binary,523,524,T,449.0,T,524.0,,THR,True,1889,1890,four_layer_exact,high,1.0,0.7006802721088435,0.9855207153732972,0.0,T,C;S;T,matches_consensus,True,False,,0.03510547139650919,buried_core,True,False,True,False,3.256024766590966,True,True,unassigned_manual_review,,not_annotated_no_domain_boundaries,,True,False
6E9E,A,VI-D,binary,524,525,T,450.0,T,525.0,,THR,True,1890,1891,four_layer_exact,high,1.0,0.4421768707482993,1.7109871039484106,0.0,T,A;G;S;T,matches_consensus,True,False,,0.17146491237998304,buried_core,False,True,False,False,6.070281826783544,True,True,unassigned_manual_review,,not_annotated_no_domain_boundaries,,True,False
6E9E,A,VI-D,binary,525,526,L,451.0,L,526.0,,LEU,True,1891,1892,four_layer_exact,high,1.0,0.782312925170068,0.862810340609705,0.0,L,I;L;M;Y,matches_consensus,True,False,,0.0,buried_core,False,False,False,False,8.211260153317369,True,True,unassigned_manual_review,,not_annotated_no_domain_boundaries,,True,False
6E9E,A,VI-D,binary,526,527,I,452.0,I,527.0,,ILE,True,1892,1893,four_layer_exact,high,1.0,0.7891156462585034,0.876635168330833,0.0,I,I;V,matches_consensus,True,False,,0.1396096984008309,buried_core,False,True,False,False,5.4303927798033,True,True,unassigned_manual_review,,not_annotated_no_domain_boundaries,,True,False
6E9E,A,VI-D,binary,527,528,N,453.0,N,528.0,,ASN,True,1893,1894,four_layer_exact,high,1.0,0.6938775510204082,1.0712944490502216,0.0,N,H;N;S,matches_consensus,True,False,,0.17694229584425067,buried_core,True,False,True,False,2.9278472817643166,True,True,unassigned_manual_review,,not_annotated_no_domain_boundaries,,True,False
6E9E,A,VI-D,binary,528,529,K,454.0,K,529.0,,LYS,True,1894,1895,four_layer_exact,high,1.0,0.8571428571428571,0.6733816047923615,0.0,K,K,matches_consensus,True,False,,0.09827727154092106,buried_core,True,False,True,False,4.862494305936173,True,True,unassigned_manual_review,,not_annotated_no_domain_boundaries,,True,False
6E9E,A,VI-D,binary,529,530,F,455.0,F,530.0,,PHE,True,1895,1896,four_layer_exact,high,1.0,0.8163265306122449,0.6652628659212857,0.0,F,F;L,matches_consensus,True,False,,0.010063568466999302,buried_core,False,True,False,False,7.575851960336617,True,True,unassigned_manual_review,,not_annotated_no_domain_boundaries,,True,False
6E9E,A,VI-D,binary,530,531,D,456.0,D,531.0,,ASP,True,1896,1897,four_layer_exact,high,1.0,0.4897959183673469,1.2275483767033433,0.0,D,D;E,matches_consensus,True,False,,0.14989323134556193,buried_core,False,True,False,False,5.401628752820418,True,True,unassigned_manual_review,,not_annotated_no_domain_boundaries,,True,False
6E9E,A,VI-D,binary,531,532,N,457.0,N,532.0,,ASN,True,1897,1898,four_layer_exact,high,1.0,0.7755102040816326,0.9738557928909876,0.0,N,N;S,matches_consensus,True,False,,0.08400870083111395,buried_core,True,False,True,False,2.6519063865194523,True,True,unassigned_manual_review,,not_annotated_no_domain_boundaries,,True,False
6E9E,A,VI-D,binary,532,533,I,458.0,I,533.0,,ILE,True,1898,1899,four_layer_exact,high,1.0,0.9727891156462584,0.153200773933249,0.0,I,I,matches_consensus,True,False,,0.006130092467207697,buried_core,False,True,False,False,5.12349270749001,True,True,unassigned_manual_review,,not_annotated_no_domain_boundaries,,True,False
6E9E,A,VI-D,binary,533,534,R,459.0,R,534.0,,ARG,True,1899,1900,four_layer_exact,high,1.0,0.3469387755102041,2.0446377815591643,0.0,A,A;D;N;Q;R;S,differs_from_consensus,True,True,scaffold_differs_from_msa_consensus,0.1790324400654445,buried_core,False,True,False,False,6.811443882626312,True,True,unassigned_manual_review,,not_annotated_no_domain_boundaries,,True,False
6E9E,A,VI-D,binary,534,535,S,460.0,S,535.0,,SER,True,1900,1901,four_layer_exact,high,1.0,0.6054421768707483,1.353568709219572,0.0,S,A;D;G;S,matches_consensus,True,False,,0.027650555459683108,buried_core,True,False,True,False,3.7785359060316766,True,True,unassigned_manual_review,,not_annotated_no_domain_boundaries,,True,False
6E9E,A,VI-D,binary,535,536,F,461.0,F,536.0,,PHE,True,1901,1902,four_layer_exact,high,1.0,0.6190476190476191,0.9068532215822056,0.0,F,F;L,matches_consensus,True,False,,0.010063568466999302,buried_core,True,False,True,False,3.140246152796776,True,True,unassigned_manual_review,,not_annotated_no_domain_boundaries,,True,False
6E9E,A,VI-D,binary,536,537,L,462.0,L,537.0,,LEU,True,1902,1903,four_layer_exact,high,1.0,0.3741496598639456,1.895009882115032,0.0,I,I;L;M;N;V,differs_from_consensus,True,True,scaffold_differs_from_msa_consensus,0.07810530750506922,buried_core,False,False,False,False,8.401856204238792,True,True,unassigned_manual_review,,not_annotated_no_domain_boundaries,,True,False
6E9E,A,VI-D,binary,537,538,E,463.0,E,538.0,,GLU,True,1903,1904,four_layer_exact,high,1.0,0.3469387755102041,2.0107811541491083,0.0,D,D;E;K;N;Q;S,differs_from_consensus,True,True,scaffold_differs_from_msa_consensus,0.2670626496509949,surface,False,False,False,False,9.10860331402341,True,False,unassigned_manual_review,,not_annotated_no_domain_boundaries,,True,False
6E9E,A,VI-D,binary,538,539,I,464.0,I,539.0,,ILE,True,1904,1905,four_layer_exact,high,1.0,0.3741496598639456,1.562613437700859,0.0,V,I;L;T;V,differs_from_consensus,True,True,scaffold_differs_from_msa_consensus,0.0,buried_core,False,True,False,False,7.690748718429824,True,True,unassigned_manual_review,,not_annotated_no_domain_boundaries,,True,False
6E9E,A,VI-D,binary,539,540,M,465.0,M,540.0,,MET,True,1913,1914,four_layer_exact,high,1.0,0.3071853741496598,1.8058501554481996,0.0,L,A;I;L;M,differs_from_consensus,True,True,scaffold_differs_from_msa_consensus,0.0,buried_core,False,False,False,False,10.389368896723244,True,True,unassigned_manual_review,,not_annotated_no_domain_boundaries,,True,False
6E9E,A,VI-D,binary,540,541,D,466.0,D,541.0,,ASP,True,1914,1915,four_layer_exact,high,0.9945054945054944,0.3219178082191781,2.0026462262962146,0.0054945054945054,K,D;E;K;N;R,differs_from_consensus,True,True,scaffold_differs_from_msa_consensus,0.4526872888108748,surface,False,False,False,False,13.797235261744346,True,False,unassigned_manual_review,,not_annotated_no_domain_boundaries,,True,False
6E9E,A,VI-D,binary,541,542,E,467.0,E,542.0,,GLU,True,1924,1925,four_layer_exact,high,0.978021978021978,0.2307692307692307,2.266336114137132,0.021978021978022,E,D;E;K;Q;S,matches_consensus,True,False,,0.516180747470436,surface,False,False,False,False,12.09008874503404,True,False,unassigned_manual_review,,not_annotated_no_domain_boundaries,,True,False
6E9E,A,VI-D,binary,542,543,L,468.0,L,543.0,,LEU,True,1925,1926,four_layer_exact,high,0.967032967032967,0.4113475177304964,2.09769891143406,0.0329670329670329,L,C;E;I;L;Q,matches_consensus,True,False,,0.22871819833945012,surface,False,False,False,False,12.158576146595223,True,False,unassigned_manual_review,,not_annotated_no_domain_boundaries,,True,False
6E9E,A,VI-D,binary,543,544,G,469.0,G,544.0,,GLY,True,1951,1952,four_layer_exact,high,0.956043956043956,0.4964028776978417,1.6967490771387137,0.0439560439560439,G,D;G;K;N;S,matches_consensus,True,False,,0.6392706060303193,surface,False,False,False,False,17.02714909223601,True,False,unassigned_manual_review,,not_annotated_no_domain_boundaries,,True,False
6E9E,A,VI-D,binary,544,545,L,470.0,L,545.0,,LEU,True,1952,1953,four_layer_exact,high,0.934065934065934,0.2962962962962963,2.233178555701175,0.0659340659340659,L,E;I;K;L;M;V,matches_consensus,True,False,,0.19876672287455094,buried_core,False,False,False,False,13.11618117933144,True,True,unassigned_manual_review,,not_annotated_no_domain_boundaries,,True,False
6E9E,A,VI-D,binary,545,546,D,471.0,D,546.0,,ASP,True,1953,1954,four_layer_exact,high,0.967032967032967,0.2413563829787234,2.1898049691173327,0.0329670329670329,E,D;E;K;N;P;S,differs_from_consensus,True,True,scaffold_differs_from_msa_consensus,0.27915899321520327,surface,False,False,False,False,16.061229943064255,True,False,unassigned_manual_review,,not_annotated_no_domain_boundaries,,True,False
6E9E,A,VI-D,binary,546,547,R,472.0,R,547.0,,ARG,True,1954,1955,four_layer_exact,high,0.956043956043956,0.1726618705035971,2.4325451488115584,0.0439560439560439,V,A;C;I;L;R;S;T;V,differs_from_consensus,True,True,scaffold_differs_from_msa_consensus,0.2858723192433904,surface,False,False,False,False,13.876954536128359,True,False,unassigned_manual_review,,not_annotated_no_domain_boundaries,,True,False
6E9E,A,VI-D,binary,547,548,T,473.0,T,548.0,,THR,True,1981,1982,four_layer_exact,high,0.9725274725274724,0.2394366197183098,2.4260502226502383,0.0274725274725274,E,D;E;K;N;S;T,differs_from_consensus,True,True,scaffold_differs_from_msa_consensus,0.46545515290291584,surface,False,False,False,False,17.25210958548773,True,False,unassigned_manual_review,,not_annotated_no_domain_boundaries,,True,False
6E9E,A,VI-D,binary,548,549,F,474.0,F,549.0,,PHE,True,1982,1983,four_layer_exact,high,0.989010989010989,0.7931034482758621,0.7019234381787381,0.0109890109890109,F,F;L;Y,matches_consensus,True,False,,0.08149417007118066,buried_core,False,False,False,False,12.761100685554565,True,True,unassigned_manual_review,,not_annotated_no_domain_boundaries,,True,False
6E9E,A,VI-D,binary,549,550,T,475.0,T,550.0,,THR,True,1995,1996,four_layer_exact,high,0.9615384615384616,0.2285714285714285,2.402960687402209,0.0384615384615384,T,A;E;K;Q;R;S;T;V,matches_consensus,True,False,,0.2438428235010357,surface,False,False,False,False,19.433902803918638,True,False,unassigned_manual_review,,not_annotated_no_domain_boundaries,,True,False
6E9E,A,VI-D,binary,550,551,A,476.0,A,551.0,,ALA,True,2037,2038,four_layer_exact,high,1.0,0.2539682539682539,2.089227697560553,0.0,E,A;D;E;K;P,differs_from_consensus,True,True,scaffold_differs_from_msa_consensus,0.624459778215819,surface,False,False,False,False,22.647125623080758,True,False,unassigned_manual_review,,not_annotated_no_domain_boundaries,,True,False
6E9E,A,VI-D,binary,551,552,E,477.0,E,552.0,,GLU,True,2038,2039,four_layer_exact,high,1.0,0.272108843537415,2.0393084887849886,0.0,E,D;E;G;K;N,matches_consensus,True,False,,0.2757025647870254,surface,False,False,False,False,21.244844088838057,True,False,unassigned_manual_review,,not_annotated_no_domain_boundaries,,True,False
6E9E,A,VI-D,binary,552,553,Y,478.0,Y,553.0,,TYR,True,2049,2050,four_layer_exact,high,0.9945054945054944,0.773972602739726,0.6761898808828565,0.0054945054945054,Y,F;Y,matches_consensus,True,False,,0.06214533743306158,buried_core,False,False,False,False,17.154369014291184,True,True,unassigned_manual_review,,not_annotated_no_domain_boundaries,,True,False
6E9E,A,VI-D,binary,553,554,S,479.0,S,554.0,,SER,True,2051,2052,four_layer_exact,high,0.9945054945054944,0.2157534246575342,2.177386161055365,0.0054945054945054,K,A;E;K;R;S,differs_from_consensus,True,True,scaffold_differs_from_msa_consensus,0.349261435372901,surface,False,False,False,False,18.304058860675365,True,False,unassigned_manual_review,,not_annotated_no_domain_boundaries,,True,False
6E9E,A,VI-D,binary,554,555,F,480.0,F,555.0,,PHE,True,2052,2053,four_layer_exact,high,0.9945054945054944,0.3698630136986301,1.7387501761397035,0.0054945054945054,F,F;I;L;M;V,matches_consensus,True,False,,0.08943737293651709,buried_core,False,False,False,False,16.492063657180807,True,True,unassigned_manual_review,,not_annotated_no_domain_boundaries,,True,False
6E9E,A,VI-D,binary,555,556,F,481.0,F,556.0,,PHE,True,2053,2054,four_layer_exact,high,1.0,0.8979591836734694,0.4030262359021584,0.0,F,F;L,matches_consensus,True,False,,0.0,buried_core,False,False,False,False,12.671026946072596,True,True,unassigned_manual_review,,not_annotated_no_domain_boundaries,,True,False
6E9E,A,VI-D,binary,556,557,E,482.0,E,557.0,,GLU,True,2077,2078,four_layer_exact,high,0.9725274725274724,0.323943661971831,2.0774301339406964,0.0274725274725274,N,A;D;E;K;N;S,differs_from_consensus,True,True,scaffold_differs_from_msa_consensus,0.4307560251714034,surface,False,False,False,False,15.35875902879465,True,False,unassigned_manual_review,,not_annotated_no_domain_boundaries,,True,False
6E9E,A,VI-D,binary,557,558,G,483.0,G,558.0,,GLY,True,2094,2095,four_layer_exact,high,1.0,0.2244897959183673,2.406589494979646,0.0,N,D;E;K;N;Q;R;S,differs_from_consensus,True,True,scaffold_differs_from_msa_consensus,0.2626854780347773,surface,False,False,False,False,15.315438506465096,True,False,unassigned_manual_review,,not_annotated_no_domain_boundaries,,True,False
6E9E,A,VI-D,binary,558,559,S,484.0,S,559.0,,SER,True,2095,2096,four_layer_exact,high,1.0,0.6326530612244898,1.2508471240780406,0.0,S,A;C;S,matches_consensus,True,False,,0.014703788645823465,buried_core,False,False,False,False,11.716667134260295,True,True,unassigned_manual_review,,not_annotated_no_domain_boundaries,,True,False
6E9E,A,VI-D,binary,559,560,T,485.0,T,560.0,,THR,True,2096,2097,four_layer_exact,high,1.0,0.2108843537414966,2.222595186472575,0.0,G,A;D;E;G;K;R;S,differs_from_consensus,True,True,scaffold_differs_from_msa_consensus,0.5541462587696463,surface,False,False,False,False,13.267048935032399,True,False,unassigned_manual_review,,not_annotated_no_domain_boundaries,,True,False
6E9E,A,VI-D,binary,560,561,K,486.0,K,561.0,,LYS,True,2097,2098,four_layer_exact,high,1.0,0.27437641723356,2.271048763197599,0.0,K,D;E;K;N;Q;R;T,matches_consensus,True,False,,0.41091249173157746,surface,False,False,False,False,15.664302692541627,True,False,unassigned_manual_review,,not_annotated_no_domain_boundaries,,True,False
6E9E,A,VI-D,binary,561,562,Y,487.0,Y,562.0,,TYR,True,2098,2099,four_layer_exact,high,1.0,0.5782312925170068,1.424677957899505,0.0,I,I;V;Y,differs_from_consensus,True,True,scaffold_differs_from_msa_consensus,0.14466061828936883,buried_core,False,False,False,False,13.738931544546492,True,True,unassigned_manual_review,,not_annotated_no_domain_boundaries,,True,False
6E9E,A,VI-D,binary,562,563,L,488.0,L,563.0,,LEU,True,2099,2100,four_layer_exact,high,1.0,0.5238095238095238,1.6623759917322187,0.0,A,A;C;S;V,differs_from_consensus,True,True,scaffold_differs_from_msa_consensus,0.13818631327819939,buried_core,False,False,False,False,9.136577061515961,True,True,unassigned_manual_review,,not_annotated_no_domain_boundaries,,True,False
6E9E,A,VI-D,binary,563,564,A,489.0,A,564.0,,ALA,True,2104,2105,four_layer_exact,high,0.989010989010989,0.2068965517241379,2.340981317019028,0.0109890109890109,E,A;D;E;K;N;R;S,differs_from_consensus,True,True,scaffold_differs_from_msa_consensus,0.47321211046610034,surface,False,False,False,False,12.983113517993806,True,False,unassigned_manual_review,,not_annotated_no_domain_boundaries,,True,False
6E9E,A,VI-D,binary,564,565,E,490.0,E,565.0,,GLU,True,2105,2106,four_layer_exact,high,0.9945054945054944,0.5273972602739726,1.5192846228609018,0.0054945054945054,E,D;E;Q,matches_consensus,True,False,,0.06325184033721656,buried_core,False,False,False,False,13.298408325664425,True,True,unassigned_manual_review,,not_annotated_no_domain_boundaries,,True,False
6E9E,A,VI-D,binary,565,566,L,491.0,L,566.0,,LEU,True,2106,2107,four_layer_exact,high,0.9945054945054944,0.821917808219178,0.5918675357263076,0.0054945054945054,L,I;L,matches_consensus,True,False,,0.0,buried_core,False,False,False,False,9.673551299059888,True,True,unassigned_manual_review,,not_annotated_no_domain_boundaries,,True,False
6E9E,A,VI-D,binary,566,567,V,492.0,V,567.0,,VAL,True,2107,2108,four_layer_exact,high,0.9945054945054944,0.5958904109589042,1.604710796645177,0.0054945054945054,R,K;N;R;T,differs_from_consensus,True,True,scaffold_differs_from_msa_consensus,0.39481976507067834,surface,False,False,False,False,9.014631641417182,True,False,unassigned_manual_review,,not_annotated_no_domain_boundaries,,True,False
6E9E,A,VI-D,binary,567,568,E,493.0,E,568.0,,GLU,True,2108,2109,four_layer_exact,high,1.0,0.2857142857142857,2.142879178549894,0.0,I,A;E;F;I;L;T;V,differs_from_consensus,True,True,scaffold_differs_from_msa_consensus,0.26022755836266276,surface,False,False,False,False,9.398821999570902,True,False,unassigned_manual_review,,not_annotated_no_domain_boundaries,,True,False
6E9E,A,VI-D,binary,568,569,L,494.0,L,569.0,,LEU,True,2109,2110,four_layer_exact,high,1.0,0.3673469387755102,1.332497444898705,0.0,I,I;L;V,differs_from_consensus,True,True,scaffold_differs_from_msa_consensus,0.0060081005773130166,buried_core,False,False,False,False,8.86005935957193,True,True,unassigned_manual_review,,not_annotated_no_domain_boundaries,,True,False
6E9E,A,VI-D,binary,569,570,N,495.0,N,570.0,,ASN,True,2110,2111,four_layer_exact,high,1.0,0.3877551020408163,1.5727945757315092,0.0,K,A;K;N,differs_from_consensus,True,True,scaffold_differs_from_msa_consensus,0.24284343660640909,surface,True,False,True,False,4.6666686216675615,True,False,unassigned_manual_review,,not_annotated_no_domain_boundaries,,True,False
6E9E,A,VI-D,binary,570,571,S,496.0,S,571.0,,SER,True,2111,2112,four_layer_exact,high,1.0,0.6394557823129252,1.1003041688611606,0.0,S,N;S,matches_consensus,True,False,,0.027650555459683108,buried_core,True,False,True,False,3.921978943223448,True,True,unassigned_manual_review,,not_annotated_no_domain_boundaries,,True,False
6E9E,A,VI-D,binary,571,572,F,497.0,F,572.0,,PHE,True,2112,2113,four_layer_exact,high,1.0,0.3945578231292517,1.3194395583553464,0.0,F,F;I;L;V,matches_consensus,True,False,,0.0,buried_core,False,True,False,False,5.761858875871052,True,True,unassigned_manual_review,,not_annotated_no_domain_boundaries,,True,False
6E9E,A,VI-D,binary,572,573,V,498.0,V,573.0,,VAL,True,2113,2114,four_layer_exact,high,1.0,0.6530612244897959,1.19525362353663,0.0,A,A;G;S,differs_from_consensus,True,True,scaffold_differs_from_msa_consensus,0.03157163397868275,buried_core,False,True,False,False,7.039847750033104,True,True,unassigned_manual_review,,not_annotated_no_domain_boundaries,,True,False
6E9E,A,VI-D,binary,573,574,K,499.0,K,574.0,,LYS,True,2114,2115,four_layer_exact,high,1.0,0.6122448979591837,1.2143778303437045,0.0,R,K;R,differs_from_consensus,True,True,scaffold_differs_from_msa_consensus,0.2465026714339331,surface,True,False,True,False,3.7178369335572667,True,False,unassigned_manual_review,,not_annotated_no_domain_boundaries,,True,False
6E9E,A,VI-D,binary,574,575,S,500.0,S,575.0,,SER,True,2115,2116,four_layer_exact,high,1.0,0.8571428571428571,0.7113012067054002,0.0,M,M,differs_from_consensus,True,True,scaffold_differs_from_msa_consensus,0.11751486070365322,buried_core,True,False,True,False,2.036842686976887,True,True,unassigned_manual_review,,not_annotated_no_domain_boundaries,,True,False
6E9E,A,VI-D,binary,575,576,C,501.0,C,576.0,,CYS,True,2116,2117,four_layer_exact,high,0.9285714285714286,0.2164179104477611,2.2640765960078166,0.0714285714285714,K,C;D;E;G;K;Q;S;T,differs_from_consensus,True,True,scaffold_differs_from_msa_consensus,0.012831844599553537,buried_core,True,False,True,False,4.099814884186593,True,True,unassigned_manual_review,,not_annotated_no_domain_boundaries,,True,False
6E9E,A,VI-D,binary,576,577,S,502.0,S,577.0,,SER,True,2122,2123,four_layer_exact,high,0.8516483516483516,0.6166666666666667,1.582507438135677,0.1483516483516483,K,K;R;S,differs_from_consensus,True,True,scaffold_differs_from_msa_consensus,0.42142434560269076,surface,False,True,False,False,5.091979685622689,True,False,unassigned_manual_review,,not_annotated_no_domain_boundaries,,True,False
6E9E,A,VI-D,binary,577,578,F,503.0,F,578.0,,PHE,True,2123,2124,four_layer_exact,high,0.8516483516483516,0.4166666666666667,2.1032142678567847,0.1483516483516483,P,A;E;K;P,differs_from_consensus,True,True,scaffold_differs_from_msa_consensus,0.25378413774229064,surface,False,True,False,False,5.303051456577011,True,False,unassigned_manual_review,,not_annotated_no_domain_boundaries,,True,False
6E9E,A,VI-D,binary,578,579,D,504.0,D,579.0,,ASP,True,2130,2131,four_layer_exact,high,0.967032967032967,0.3687943262411347,2.103087712439381,0.0329670329670329,D,A;D;E;N;S,matches_consensus,True,False,,0.5190596028594914,surface,False,True,False,False,6.879477376287243,True,False,unassigned_manual_review,,not_annotated_no_domain_boundaries,,True,False
6E9E,A,VI-D,binary,579,580,I,505.0,I,580.0,,ILE,True,2131,2132,four_layer_exact,high,0.967032967032967,0.1631205673758865,2.427358468175039,0.0329670329670329,A,A;E;I;K;L;M;P;V,differs_from_consensus,True,True,scaffold_differs_from_msa_consensus,0.17202257826836242,buried_core,True,False,True,False,3.6906726276651,True,True,unassigned_manual_review,,not_annotated_no_domain_boundaries,,True,False
6E9E,A,VI-D,binary,580,581,N,506.0,N,581.0,,ASN,True,2148,2149,four_layer_exact,high,0.9835164835164836,0.201171875,2.26356625908991,0.0164835164835165,N,A;D;K;N;S,matches_consensus,True,False,,0.30906331208168863,surface,True,False,True,False,3.3741160730340343,True,False,unassigned_manual_review,,not_annotated_no_domain_boundaries,,True,False
6E9E,A,VI-D,binary,581,582,A,507.0,A,582.0,,ALA,True,2149,2150,four_layer_exact,high,0.9835164835164836,0.4375,1.9869221185386,0.0164835164835165,A,A;I;S;T;V,matches_consensus,True,False,,0.018722918078138237,buried_core,True,False,True,False,2.585438150723499,True,True,unassigned_manual_review,,not_annotated_no_domain_boundaries,,True,False
6E9E,A,VI-D,binary,582,583,K,508.0,K,583.0,,LYS,True,2150,2151,four_layer_exact,high,0.978021978021978,0.6153846153846154,1.5255126535790835,0.021978021978022,K,K;N;S,matches_consensus,True,False,,0.2196372619857603,surface,True,False,True,False,3.9379621446336937,True,False,unassigned_manual_review,,not_annotated_no_domain_boundaries,,True,False
6E9E,A,VI-D,binary,583,584,R,509.0,R,584.0,,ARG,True,2151,2152,four_layer_exact,high,0.978021978021978,0.2867132867132867,2.146517873736677,0.021978021978022,R,A;E;K;R,matches_consensus,True,False,,0.3137361822607404,surface,True,False,True,False,3.6406499805678694,True,False,unassigned_manual_review,,not_annotated_no_domain_boundaries,,True,False
6E9E,A,VI-D,binary,584,585,T,510.0,T,585.0,,THR,True,2162,2163,four_layer_exact,high,0.9285714285714286,0.1703703703703703,2.5169221974396727,0.0714285714285714,V,A;E;I;P;Q;S;T;V,differs_from_consensus,True,True,scaffold_differs_from_msa_consensus,0.3327420050858457,surface,False,True,False,False,5.450237154725257,True,False,unassigned_manual_review,,not_annotated_no_domain_boundaries,,True,False
6E9E,A,VI-D,binary,585,586,M,511.0,M,586.0,,MET,True,2163,2164,four_layer_exact,high,0.9285714285714286,0.5259259259259259,1.3665553528949437,0.0714285714285714,M,L;M;V,matches_consensus,True,False,,0.08228167758964552,buried_core,False,True,False,False,6.509799078888254,True,True,unassigned_manual_review,,not_annotated_no_domain_boundaries,,True,False
6E9E,A,VI-D,binary,586,587,Y,512.0,Y,587.0,,TYR,True,2173,2174,four_layer_exact,high,0.9945054945054944,0.4383561643835616,1.4631933734396794,0.0054945054945054,Y,F;I;L;Y,matches_consensus,True,False,,0.012739719635609723,buried_core,True,False,True,False,3.2493215795471255,True,True,unassigned_manual_review,,not_annotated_no_domain_boundaries,,True,False
6E9E,A,VI-D,binary,587,588,R,513.0,R,588.0,,ARG,True,2174,2175,four_layer_exact,high,0.9945054945054944,0.2397260273972602,2.3571543363396743,0.0054945054945054,R,E;I;K;L;R;V;Y,matches_consensus,True,False,,0.31415238595900796,surface,False,False,False,False,10.152397423763336,True,False,unassigned_manual_review,,not_annotated_no_domain_boundaries,,True,False
6E9E,A,VI-D,binary,588,589,D,514.0,D,589.0,,ASP,True,2175,2176,four_layer_exact,high,0.9945054945054944,0.7397260273972602,0.9231110752216588,0.0054945054945054,D,A;D;E,matches_consensus,True,False,,0.08327401741420105,buried_core,False,False,False,False,11.797402408559323,True,True,unassigned_manual_review,,not_annotated_no_domain_boundaries,,True,False
6E9E,A,VI-D,binary,589,590,A,515.0,A,590.0,,ALA,True,2177,2178,four_layer_exact,high,0.9945054945054944,0.958904109589041,0.2165598939777729,0.0054945054945054,A,A,matches_consensus,True,False,,0.008305883907462949,buried_core,False,False,False,False,10.920709248141739,True,True,unassigned_manual_review,,not_annotated_no_domain_boundaries,,True,False
6E9E,A,VI-D,binary,590,591,L,516.0,L,591.0,,LEU,True,2178,2179,four_layer_exact,high,0.9945054945054944,0.3356164383561644,1.774873005308953,0.0054945054945054,L,A;I;L;V,matches_consensus,True,False,,0.024032402309252066,buried_core,False,False,False,False,13.559011168506645,True,True,unassigned_manual_review,,not_annotated_no_domain_boundaries,,True,False
6E9E,A,VI-D,binary,591,592,D,517.0,D,592.0,,ASP,True,2179,2180,four_layer_exact,high,0.9945054945054944,0.1506849315068493,2.5423870286418477,0.0054945054945054,R,A;D;E;K;N;Q;R;T;Y,differs_from_consensus,True,True,scaffold_differs_from_msa_consensus,0.1520098509099743,buried_core,False,False,False,False,14.779582185068941,True,True,unassigned_manual_review,,not_annotated_no_domain_boundaries,,True,False
6E9E,A,VI-D,binary,592,593,I,518.0,I,593.0,,ILE,True,2180,2181,four_layer_exact,high,0.9945054945054944,0.4178082191780822,1.5684907183055476,0.0054945054945054,I,I;L;M;T;V,matches_consensus,True,False,,0.012260184934415394,buried_core,False,False,False,False,15.303365655893941,True,True,unassigned_manual_review,,not_annotated_no_domain_boundaries,,True,False
6E9E,A,VI-D,binary,593,594,L,519.0,L,594.0,,LEU,True,2181,2182,four_layer_exact,high,0.9945054945054944,0.8972602739726028,0.4286223933512616,0.0054945054945054,L,F;L,matches_consensus,True,False,,0.024032402309252066,buried_core,False,False,False,False,14.458141528738434,True,True,unassigned_manual_review,,not_annotated_no_domain_boundaries,,True,False
6E9E,A,VI-D,binary,594,595,G,520.0,G,595.0,,GLY,True,2183,2184,four_layer_exact,high,1.0,0.9183673469387756,0.4348760218906276,0.0,G,G,matches_consensus,True,False,,0.01161180976961458,buried_core,False,False,False,False,18.817022686434434,True,True,unassigned_manual_review,,not_annotated_no_domain_boundaries,,True,False
6E9E,A,VI-D,binary,595,596,I,521.0,I,596.0,,ILE,True,2184,2185,four_layer_exact,high,0.9945054945054944,0.2168949771689497,2.362992330965375,0.0054945054945054,I,F;I;L;M;T;V;Y,matches_consensus,True,False,,0.31396930266004747,surface,False,False,False,False,18.337248818331037,True,False,unassigned_manual_review,,not_annotated_no_domain_boundaries,,True,False
6E9E,A,VI-D,binary,596,597,E,522.0,E,597.0,,GLU,True,2207,2208,four_layer_exact,high,0.6153846153846154,0.2294372294372294,2.3917285271214634,0.3846153846153846,D,D;E;G;K;N;P;R;S,differs_from_consensus,False,True,scaffold_differs_from_msa_consensus,0.3256621716404497,surface,False,False,False,False,22.117071385074436,True,False,unassigned_manual_review,,not_annotated_no_domain_boundaries,,False,False
6E9E,A,VI-D,binary,597,598,S,523.0,S,598.0,,SER,True,2208,2209,four_layer_exact,high,0.4835164835164835,0.1481481481481481,2.435364438183984,0.5164835164835164,K,D;E;G;H;K;N;S;T;V,differs_from_consensus,False,True,scaffold_differs_from_msa_consensus,0.7636303719258201,surface,False,False,False,False,24.364454674411142,True,False,unassigned_manual_review,,not_annotated_no_domain_boundaries,,False,False
6E9E,A,VI-D,binary,598,599,D,524.0,D,599.0,,ASP,True,2209,2210,four_layer_exact,high,0.5,0.1600877192982456,2.5013726448460205,0.5,D,D;E;G;K;N;P;R;T;V,matches_consensus,False,False,,0.6021750756496201,surface,False,False,False,False,23.69880580553141,True,False,unassigned_manual_review,,not_annotated_no_domain_boundaries,,False,False
6E9E,A,VI-D,binary,599,600,K,525.0,K,600.0,,LYS,True,2210,2211,four_layer_exact,high,0.6868131868131868,0.2333333333333333,2.6046820032950757,0.3131868131868132,M,A;I;K;L;M;V;Y,differs_from_consensus,False,True,scaffold_differs_from_msa_consensus,0.2876590793686196,surface,False,False,False,False,20.207386285021208,True,False,unassigned_manual_review,,not_annotated_no_domain_boundaries,,False,False
6E9E,A,VI-D,binary,600,601,T,526.0,T,601.0,,THR,True,2211,2212,four_layer_exact,high,0.7637362637362637,0.3272235576923077,2.2898809709004224,0.2362637362637363,S,D;E;Q;S;T;Y,differs_from_consensus,False,True,scaffold_differs_from_msa_consensus,0.4397704411509912,surface,False,False,False,False,17.660092221852032,True,False,unassigned_manual_review,,not_annotated_no_domain_boundaries,,False,False
6E9E,A,VI-D,binary,601,602,E,527.0,E,602.0,,GLU,True,2212,2213,four_layer_exact,high,0.8076923076923077,0.2767857142857143,2.211486572343379,0.1923076923076923,E,D;E;K;N;P;T,matches_consensus,True,False,,0.34254596400812615,surface,False,False,False,False,13.111774342567866,True,False,unassigned_manual_review,,not_annotated_no_domain_boundaries,,True,False
6E9E,A,VI-D,binary,602,603,E,528.0,E,603.0,,GLU,True,2213,2214,four_layer_exact,high,0.9285714285714286,0.3729011194029851,2.0063318134408825,0.0714285714285714,E,D;E;K;N;P;Q;S,matches_consensus,True,False,,0.641795089754574,surface,False,False,False,False,15.029464121102778,True,False,unassigned_manual_review,,not_annotated_no_domain_boundaries,,True,False
6E9E,A,VI-D,binary,603,604,D,529.0,D,604.0,,ASP,True,2214,2215,four_layer_exact,high,0.9395604395604396,0.4068627450980391,1.9177663889166727,0.0604395604395604,E,A;D;E;N;Q,differs_from_consensus,True,True,scaffold_differs_from_msa_consensus,0.306136321384361,surface,False,False,False,False,14.536565048211935,True,False,unassigned_manual_review,,not_annotated_no_domain_boundaries,,True,False
6E9E,A,VI-D,binary,604,605,I,530.0,I,605.0,,ILE,True,2215,2216,four_layer_exact,high,0.9395604395604396,0.2794117647058823,2.3270442032622807,0.0604395604395604,L,F;I;L;V;Y,differs_from_consensus,True,True,scaffold_differs_from_msa_consensus,0.10965045023726547,buried_core,False,False,False,False,12.383289680075594,True,True,unassigned_manual_review,,not_annotated_no_domain_boundaries,,True,False
6E9E,A,VI-D,binary,605,606,E,531.0,E,606.0,,GLU,True,2216,2217,four_layer_exact,high,0.9505494505494504,0.2246376811594203,2.2562227947184934,0.0494505494505495,D,D;E;K;N;Q;S,differs_from_consensus,True,True,scaffold_differs_from_msa_consensus,0.40131690707116335,surface,False,False,False,False,9.789817793134059,True,False,unassigned_manual_review,,not_annotated_no_domain_boundaries,,True,False
6E9E,A,VI-D,binary,606,607,K,532.0,K,607.0,,LYS,True,2217,2218,four_layer_exact,high,0.934065934065934,0.2222222222222222,2.186511054381146,0.0659340659340659,E,A;D;E;K;N;Q;R;S,differs_from_consensus,True,True,scaffold_differs_from_msa_consensus,0.5550521705075964,surface,False,False,False,False,11.123331730901032,True,False,unassigned_manual_review,,not_annotated_no_domain_boundaries,,True,False
6E9E,A,VI-D,binary,607,608,M,533.0,M,608.0,,MET,True,2218,2219,four_layer_exact,high,0.934065934065934,0.237037037037037,2.3975259230819947,0.0659340659340659,Y,A;E;F;I;K;L;M;Y,differs_from_consensus,True,True,scaffold_differs_from_msa_consensus,0.13773953950504036,buried_core,False,False,False,False,11.323905764977294,True,True,unassigned_manual_review,,not_annotated_no_domain_boundaries,,True,False
6E9E,A,VI-D,binary,608,609,I,534.0,I,609.0,,ILE,True,2231,2232,four_layer_exact,high,0.7362637362637363,0.32,1.7236461551685858,0.2637362637362637,L,A;F;I;L;V,differs_from_consensus,False,True,scaffold_differs_from_msa_consensus,0.05517083220486927,buried_core,False,True,False,False,7.46394715356536,True,True,unassigned_manual_review,,not_annotated_no_domain_boundaries,,False,False
6E9E,A,VI-D,binary,609,610,D,535.0,D,610.0,,ASP,True,2233,2234,four_layer_exact,high,0.9175824175824177,0.4552238805970149,1.84318765225062,0.0824175824175824,D,D;E;K;N;S,matches_consensus,True,False,,0.24991476992008946,surface,False,True,False,False,6.825612240869559,True,False,unassigned_manual_review,,not_annotated_no_domain_boundaries,,True,False
6E9E,A,VI-D,binary,610,611,N,536.0,N,611.0,,ASN,True,2234,2235,four_layer_exact,high,0.9065934065934066,0.2045454545454545,2.2742192318380194,0.0934065934065934,E,D;E;K;N;R,differs_from_consensus,True,True,scaffold_differs_from_msa_consensus,0.5699182243540482,surface,False,False,False,False,9.294496907003392,True,False,unassigned_manual_review,,not_annotated_no_domain_boundaries,,True,False
6E9E,A,VI-D,binary,611,612,I,537.0,I,612.0,,ILE,True,2235,2236,four_layer_exact,high,0.9065934065934066,0.2575757575757575,2.1789406973992764,0.0934065934065934,I,F;I;L;M;V;W;Y,matches_consensus,True,False,,0.017699063229150016,buried_core,False,False,False,False,8.103603478782034,True,True,unassigned_manual_review,,not_annotated_no_domain_boundaries,,True,False
6E9E,A,VI-D,binary,612,613,L,538.0,L,613.0,,LEU,True,2236,2237,four_layer_exact,high,0.8131868131868132,0.4221443965517241,1.6736390906316498,0.1868131868131868,L,F;I;L;V;Y,matches_consensus,True,False,,0.09468566448223593,buried_core,True,False,True,False,4.194370427284056,True,True,unassigned_manual_review,,not_annotated_no_domain_boundaries,,True,False
6E9E,A,VI-D,binary,613,614,Q,539.0,Q,614.0,,GLN,True,2237,2238,four_layer_exact,high,0.7857142857142857,0.2252252252252252,2.5311921718650634,0.2142857142857143,E,A;C;E;G;K;N;Q;S,differs_from_consensus,False,True,scaffold_differs_from_msa_consensus,0.21573319544727915,surface,False,True,False,False,5.625581917872488,True,False,unassigned_manual_review,,not_annotated_no_domain_boundaries,,False,False
6E9E,A,VI-D,binary,614,615,I,540.0,I,615.0,,ILE,True,2277,2278,four_layer_exact,high,0.6648351648351648,0.2528735632183908,2.3446029804260986,0.3351648351648352,L,F;G;I;K;L;V;Y,differs_from_consensus,False,True,scaffold_differs_from_msa_consensus,0.7245516693053544,surface,True,False,True,False,3.0453213857597086,True,False,unassigned_manual_review,,not_annotated_no_domain_boundaries,,False,True
6E9E,A,VI-D,binary,615,616,D,,,,,,False,2278,2279,full_msa_only_unresolved_coordinate,medium,0.7252747252747253,0.5612244897959183,1.5694452231864695,0.2747252747252747,D,D;E;K;N,matches_consensus,False,True,unresolved_internal,,,,,,,,False,False,unassigned_manual_review,,not_annotated_no_domain_boundaries,,False,False
6E9E,A,VI-D,binary,616,617,A,,,,,,False,2279,2280,full_msa_only_unresolved_coordinate,medium,0.7032967032967034,0.3052631578947368,2.146703934903305,0.2967032967032966,K,A;E;K;P;R;S;T,differs_from_consensus,False,True,unresolved_internal;scaffold_differs_from_msa_consensus,,,,,,,,False,False,unassigned_manual_review,,not_annotated_no_domain_boundaries,,False,False
6E9E,A,VI-D,binary,617,618,N,,,,,,False,2280,2281,full_msa_only_unresolved_coordinate,medium,0.5659340659340659,0.2857142857142857,2.239330999190396,0.4340659340659341,N,A;D;E;G;K;N;S,matches_consensus,False,True,unresolved_internal,,,,,,,,False,False,unassigned_manual_review,,not_annotated_no_domain_boundaries,,False,False
6E9E,A,VI-D,binary,618,619,G,,,,,,False,2290,2291,full_msa_only_unresolved_coordinate,medium,0.6978021978021978,0.6344086021505376,1.383610521736433,0.3021978021978022,G,G;K;N;S,matches_consensus,False,True,unresolved_internal,,,,,,,,False,False,unassigned_manual_review,,not_annotated_no_domain_boundaries,,False,False
6E9E,A,VI-D,binary,619,620,D,,,,,,False,2291,2292,full_msa_only_unresolved_coordinate,medium,0.7362637362637363,0.4603125,1.7781822332535753,0.2637362637362637,K,D;E;K;N;T,differs_from_consensus,False,True,unresolved_internal;scaffold_differs_from_msa_consensus,,,,,,,,False,False,unassigned_manual_review,,not_annotated_no_domain_boundaries,,False,False
6E9E,A,VI-D,binary,620,621,K,,,,,,False,2292,2293,full_msa_only_unresolved_coordinate,medium,0.7692307692307693,0.320754716981132,2.3879128042717594,0.2307692307692307,K,E;K;P;T,matches_consensus,False,True,unresolved_internal,,,,,,,,False,False,unassigned_manual_review,,not_annotated_no_domain_boundaries,,False,False
6E9E,A,VI-D,binary,621,622,K,,,,,,False,2296,2297,full_msa_only_unresolved_coordinate,medium,0.4835164835164835,0.3565848214285714,2.229665617075063,0.5164835164835164,K,A;E;G;K;N;P,matches_consensus,False,True,unresolved_internal,,,,,,,,False,False,unassigned_manual_review,,not_annotated_no_domain_boundaries,,False,False
6E9E,A,VI-D,binary,622,623,L,,,,,,False,2297,2298,full_msa_only_unresolved_coordinate,medium,0.4835164835164835,0.1785714285714285,2.369497347081102,0.5164835164835164,G,A;D;E;G;K;L;P;S;T,differs_from_consensus,False,True,unresolved_internal;scaffold_differs_from_msa_consensus,,,,,,,,False,False,unassigned_manual_review,,not_annotated_no_domain_boundaries,,False,False
6E9E,A,VI-D,binary,623,624,K,541.0,K,624.0,,LYS,True,2298,2299,four_layer_exact,high,0.510989010989011,0.3765368852459016,2.229159954328877,0.489010989010989,K,E;K;R,matches_consensus,False,False,,0.9545584977659854,surface,False,False,False,False,9.575162124837671,True,False,unassigned_manual_review,,not_annotated_no_domain_boundaries,,False,True
6E9E,A,VI-D,binary,624,625,K,542.0,K,625.0,,LYS,True,2299,2300,four_layer_exact,high,0.4945054945054945,0.4827586206896552,1.7160583804509766,0.5054945054945055,K,A;K;N;R;T,matches_consensus,False,False,,0.6139000581159754,surface,False,True,False,False,5.699831809238764,True,False,unassigned_manual_review,,not_annotated_no_domain_boundaries,,False,False
6E9E,A,VI-D,binary,625,626,N,543.0,N,626.0,,ASN,True,2300,2301,four_layer_exact,high,0.412087912087912,0.2727272727272727,1.9138771772886185,0.5879120879120879,G,D;E;G;K;N,differs_from_consensus,False,True,scaffold_differs_from_msa_consensus,0.513361114566096,surface,False,True,False,False,6.062372705839751,True,False,unassigned_manual_review,,not_annotated_no_domain_boundaries,,False,False
6E9E,A,VI-D,binary,626,627,N,544.0,N,627.0,,ASN,True,2342,2343,four_layer_exact,high,0.989010989010989,0.2549568965517241,2.044704689199091,0.0109890109890109,N,H;K;N;R;T,matches_consensus,True,False,,0.140221040963749,buried_core,True,False,True,False,3.5252258388825224,True,True,unassigned_manual_review,,not_annotated_no_domain_boundaries,,True,False
6E9E,A,VI-D,binary,627,628,G,545.0,G,628.0,,GLY,True,2343,2344,four_layer_exact,high,0.9945054945054944,0.3287671232876712,2.0693192496989004,0.0054945054945054,G,D;G;K;N;P,matches_consensus,True,False,,0.044254165745279295,buried_core,True,False,True,False,4.350266592343208,True,True,unassigned_manual_review,,not_annotated_no_domain_boundaries,,True,False
6E9E,A,VI-D,binary,628,629,L,546.0,L,629.0,,LEU,True,2344,2345,four_layer_exact,high,0.9945054945054944,0.4726027397260274,1.5759153766818643,0.0054945054945054,F,F;I;L;V,differs_from_consensus,True,True,scaffold_differs_from_msa_consensus,0.1370515887674998,buried_core,False,True,False,False,6.5812359219618415,True,True,unassigned_manual_review,,not_annotated_no_domain_boundaries,,True,False
6E9E,A,VI-D,binary,629,630,R,547.0,R,630.0,,ARG,True,2345,2346,four_layer_exact,high,0.9945054945054944,0.8835616438356164,0.506741600035178,0.0054945054945054,R,K;R,matches_consensus,True,False,,0.029603204643443386,buried_core,True,False,True,False,2.6386236302351977,True,True,unassigned_manual_review,,not_annotated_no_domain_boundaries,,True,False
6E9E,A,VI-D,binary,630,631,N,548.0,N,631.0,,ASN,True,2352,2353,four_layer_exact,high,1.0,0.9047619047619048,0.4827964867853797,0.0,N,N,matches_consensus,True,False,,0.029568218955103538,buried_core,True,False,True,False,2.5928445018195307,True,True,unassigned_manual_review,,not_annotated_no_domain_boundaries,,True,False
6E9E,A,VI-D,binary,631,632,F,549.0,F,632.0,,PHE,True,2353,2354,four_layer_exact,high,1.0,0.9047619047619048,0.3994558080260597,0.0,F,F;Y,matches_consensus,True,False,,0.0,buried_core,False,True,False,False,6.246326488386993,True,True,unassigned_manual_review,,not_annotated_no_domain_boundaries,,True,False
6E9E,A,VI-D,binary,632,633,I,550.0,I,633.0,,ILE,True,2354,2355,four_layer_exact,high,1.0,0.7755102040816326,0.7402808121349429,0.0,I,I;L,matches_consensus,True,False,,0.030650462336038485,buried_core,False,True,False,False,6.611944594394055,True,True,unassigned_manual_review,,not_annotated_no_domain_boundaries,,True,False
6E9E,A,VI-D,binary,633,634,A,551.0,A,634.0,,ALA,True,2355,2356,four_layer_exact,high,1.0,0.3333333333333333,1.8894836396114305,0.0,A,A;I,matches_consensus,True,False,,0.009361459039069119,buried_core,True,False,True,False,3.2995909598868596,True,True,unassigned_manual_review,,not_annotated_no_domain_boundaries,,True,False
6E9E,A,VI-D,binary,634,635,S,552.0,S,635.0,,SER,True,2356,2357,four_layer_exact,high,1.0,0.7142857142857143,0.8897169537548101,0.0,N,K;N;S,differs_from_consensus,True,True,scaffold_differs_from_msa_consensus,0.3751549690006203,surface,True,False,True,False,4.253612932689599,True,False,unassigned_manual_review,,not_annotated_no_domain_boundaries,,True,False
6E9E,A,VI-D,binary,635,636,N,553.0,N,636.0,,ASN,True,2357,2358,four_layer_exact,high,1.0,0.91156462585034,0.4243103208457421,0.0,N,N,matches_consensus,True,False,,0.17390471407359204,buried_core,False,True,False,False,6.705734796458511,True,True,unassigned_manual_review,,not_annotated_no_domain_boundaries,,True,False
6E9E,A,VI-D,binary,636,637,V,554.0,V,637.0,,VAL,True,2358,2359,four_layer_exact,high,1.0,0.8503401360544217,0.4497918496700321,0.0,V,I;V,matches_consensus,True,False,,0.027761568184825662,buried_core,False,False,False,False,8.275440969241155,True,True,unassigned_manual_review,,not_annotated_no_domain_boundaries,,True,False
6E9E,A,VI-D,binary,637,638,I,555.0,I,638.0,,ILE,True,2359,2360,four_layer_exact,high,1.0,0.6802721088435374,0.9582240756813062,0.0,I,I;L;V,matches_consensus,True,False,,0.09126017283564238,buried_core,False,True,False,False,6.160081263286207,True,True,unassigned_manual_review,,not_annotated_no_domain_boundaries,,True,False
6E9E,A,VI-D,binary,638,639,D,556.0,D,639.0,,ASP,True,2360,2361,four_layer_exact,high,1.0,0.3333333333333333,1.8971449057834,0.0,E,D;E;K;N;S,differs_from_consensus,True,True,scaffold_differs_from_msa_consensus,0.4151444427163696,surface,True,False,True,False,3.4634457976456186,True,False,unassigned_manual_review,,not_annotated_no_domain_boundaries,,True,False
6E9E,A,VI-D,binary,639,640,S,557.0,S,640.0,,SER,True,2361,2362,four_layer_exact,high,1.0,0.8435374149659864,0.5213503309611086,0.0,S,N;S,matches_consensus,True,False,,0.12969856506446542,buried_core,False,False,False,False,8.741740229296209,True,True,unassigned_manual_review,,not_annotated_no_domain_boundaries,,True,False
6E9E,A,VI-D,binary,640,641,N,558.0,N,641.0,,ASN,True,2362,2363,four_layer_exact,high,1.0,0.3537414965986394,1.8156290973535367,0.0,R,K;N;R;S;T,differs_from_consensus,True,True,scaffold_differs_from_msa_consensus,0.41442195437196766,surface,True,False,True,False,4.060959595504976,True,False,unassigned_manual_review,,not_annotated_no_domain_boundaries,,True,False
6E9E,A,VI-D,binary,641,642,R,559.0,R,642.0,,ARG,True,2363,2364,four_layer_exact,high,1.0,0.7619047619047619,0.9837272783521896,0.0,R,K;R;W,matches_consensus,True,False,,0.1150831889876331,buried_core,True,False,True,False,3.7243348406020678,True,True,unassigned_manual_review,,not_annotated_no_domain_boundaries,,True,False
6E9E,A,VI-D,binary,642,643,F,560.0,F,643.0,,PHE,True,2364,2365,four_layer_exact,high,1.0,0.9659863945578232,0.1484282892171749,0.0,F,F,matches_consensus,True,False,,0.0,buried_core,False,False,False,False,10.930755223613884,True,True,unassigned_manual_review,,not_annotated_no_domain_boundaries,,True,False
6E9E,A,VI-D,binary,643,644,K,561.0,K,644.0,,LYS,True,2365,2366,four_layer_exact,high,1.0,0.1766581632653061,2.459084966990156,0.0,K,F;H;I;K;N;Q;R,matches_consensus,True,False,,0.2235030183696691,surface,False,False,False,False,8.551432665309353,True,False,unassigned_manual_review,,not_annotated_no_domain_boundaries,,True,False
6E9E,A,VI-D,binary,644,645,Y,562.0,Y,645.0,,TYR,True,2367,2368,four_layer_exact,high,1.0,0.9727891156462584,0.1402106888660079,0.0,Y,Y,matches_consensus,True,False,,0.03526481950965639,buried_core,False,False,False,False,8.910561003138817,True,True,unassigned_manual_review,,not_annotated_no_domain_boundaries,,True,False
6E9E,A,VI-D,binary,645,646,L,563.0,L,646.0,,LEU,True,2368,2369,four_layer_exact,high,1.0,0.5714285714285714,1.0281281059418343,0.0,L,I;L;V,matches_consensus,True,False,,0.017346843065385836,buried_core,False,False,False,False,11.312100268264693,True,True,unassigned_manual_review,,not_annotated_no_domain_boundaries,,True,False
6E9E,A,VI-D,binary,646,647,V,564.0,V,647.0,,VAL,True,2369,2370,four_layer_exact,high,1.0,0.4353741496598639,1.4172898637728435,0.0,V,A;I;V,matches_consensus,True,False,,0.047017581197270245,buried_core,False,False,False,False,13.88242604911647,True,True,unassigned_manual_review,,not_annotated_no_domain_boundaries,,True,False
6E9E,A,VI-D,binary,647,648,R,565.0,R,648.0,,ARG,True,2370,2371,four_layer_exact,high,1.0,0.6394557823129252,0.811700257404049,0.0,R,K;R,matches_consensus,True,False,,0.12497576614645531,buried_core,False,False,False,False,11.937223645224435,True,True,unassigned_manual_review,,not_annotated_no_domain_boundaries,,True,False
6E9E,A,VI-D,binary,648,649,Y,566.0,Y,649.0,,TYR,True,2371,2372,four_layer_exact,high,1.0,0.8503401360544217,0.5452229666215684,0.0,Y,F;Y,matches_consensus,True,False,,0.0,buried_core,False,False,False,False,12.214612988926445,True,True,unassigned_manual_review,,not_annotated_no_domain_boundaries,,True,False
6E9E,A,VI-D,binary,649,650,G,567.0,G,650.0,,GLY,True,2372,2373,four_layer_exact,high,1.0,0.1700680272108843,2.198069236424125,0.0,G,A;C;G;I;N;S;T;V,matches_consensus,True,False,,0.07997334923367518,buried_core,False,False,False,False,15.816945532865672,True,True,unassigned_manual_review,,not_annotated_no_domain_boundaries,,True,False
6E9E,A,VI-D,binary,650,651,N,568.0,N,651.0,,ASN,True,2373,2374,four_layer_exact,high,1.0,0.5170068027210885,1.4482255672881177,0.0,N,D;K;N;R;S,matches_consensus,True,False,,0.28013642912840103,surface,False,False,False,False,17.89380760951439,True,False,unassigned_manual_review,,not_annotated_no_domain_boundaries,,True,False
6E9E,A,VI-D,binary,651,652,P,569.0,P,652.0,,PRO,True,2374,2375,four_layer_exact,high,1.0,0.7551020408163265,0.9980762056073184,0.0,P,A;P;T;V,matches_consensus,True,False,,0.09114175215395595,buried_core,False,False,False,False,16.57375892846751,True,True,unassigned_manual_review,,not_annotated_no_domain_boundaries,,True,False
6E9E,A,VI-D,binary,652,653,K,570.0,K,653.0,,LYS,True,2375,2376,four_layer_exact,high,1.0,0.3129251700680272,2.195610034589785,0.0,K,A;E;K;R;S;T,matches_consensus,True,False,,0.5243318138841364,surface,False,False,False,False,18.9513864256356,True,False,unassigned_manual_review,,not_annotated_no_domain_boundaries,,True,False
6E9E,A,VI-D,binary,653,654,K,571.0,K,654.0,,LYS,True,2376,2377,four_layer_exact,high,1.0,0.3401360544217687,2.29174671988634,0.0,K,D;E;K;N;S;T,matches_consensus,True,False,,0.2057357144936255,surface,False,False,False,False,19.557813765341876,True,False,unassigned_manual_review,,not_annotated_no_domain_boundaries,,True,False
6E9E,A,VI-D,binary,654,655,I,572.0,I,655.0,,ILE,True,2377,2378,four_layer_exact,high,1.0,0.3537414965986394,1.688112846401972,0.0,V,A;C;I;L;V,differs_from_consensus,True,True,scaffold_differs_from_msa_consensus,0.06130092467207697,buried_core,False,False,False,False,15.581943318754275,True,True,unassigned_manual_review,,not_annotated_no_domain_boundaries,,True,False
6E9E,A,VI-D,binary,655,656,R,573.0,R,656.0,,ARG,True,2378,2379,four_layer_exact,high,1.0,0.5578231292517006,1.7049736224519816,0.0,R,H;K;R;S,matches_consensus,True,False,,0.09720821472870432,buried_core,False,False,False,False,18.273314239915123,True,True,unassigned_manual_review,,not_annotated_no_domain_boundaries,,True,False
6E9E,A,VI-D,binary,656,657,E,574.0,E,657.0,,GLU,True,2379,2380,four_layer_exact,high,1.0,0.3356009070294784,2.0562657025875595,0.0,K,A;E;K;R,differs_from_consensus,True,True,scaffold_differs_from_msa_consensus,0.37327851665864137,surface,False,False,False,False,20.292652127344237,True,False,unassigned_manual_review,,not_annotated_no_domain_boundaries,,True,False
6E9E,A,VI-D,binary,657,658,T,575.0,T,658.0,,THR,True,2380,2381,four_layer_exact,high,1.0,0.4693877551020408,1.471496016036716,0.0,L,F;I;L;V,differs_from_consensus,True,True,scaffold_differs_from_msa_consensus,0.02106328283790552,buried_core,False,False,False,False,16.047230148067865,True,True,unassigned_manual_review,,not_annotated_no_domain_boundaries,,True,False
6E9E,A,VI-D,binary,658,659,A,576.0,A,659.0,,ALA,True,2381,2382,four_layer_exact,high,1.0,0.4285714285714285,1.5186706172242754,0.0,A,A;I;M;V,matches_consensus,True,False,,0.016611767814925897,buried_core,False,False,False,False,15.671706151037462,True,True,unassigned_manual_review,,not_annotated_no_domain_boundaries,,True,False
6E9E,A,VI-D,binary,659,660,K,577.0,K,660.0,,LYS,True,2382,2383,four_layer_exact,high,0.9945054945054944,0.2716894977168949,2.093049613727429,0.0054945054945054,K,E;K;N;Q;R;S,matches_consensus,True,False,,0.6089740940824798,surface,False,False,False,False,18.44748098880411,True,False,unassigned_manual_review,,not_annotated_no_domain_boundaries,,True,False
6E9E,A,VI-D,binary,660,661,C,578.0,C,661.0,,CYS,True,2388,2389,four_layer_exact,high,1.0,0.7959183673469388,0.8274555280008078,0.0,N,C;N,differs_from_consensus,True,True,scaffold_differs_from_msa_consensus,0.12091557449229796,buried_core,False,False,False,False,16.07205045662469,True,True,unassigned_manual_review,,not_annotated_no_domain_boundaries,,True,False
6E9E,A,VI-D,binary,661,662,K,579.0,K,662.0,,LYS,True,2389,2390,four_layer_exact,high,1.0,0.2874149659863945,2.0159987736505576,0.0,E,E;K;P;R;T,differs_from_consensus,True,True,scaffold_differs_from_msa_consensus,0.5825524479084597,surface,False,False,False,False,16.07393880595058,True,False,unassigned_manual_review,,not_annotated_no_domain_boundaries,,True,False
6E9E,A,VI-D,binary,662,663,P,580.0,P,663.0,,PRO,True,2390,2391,four_layer_exact,high,1.0,0.238095238095238,2.3303626812105,0.0,K,A;E;K;N;P;S;T,differs_from_consensus,True,True,scaffold_differs_from_msa_consensus,0.24550135834876768,surface,False,False,False,False,13.906855929369597,True,False,unassigned_manual_review,,not_annotated_no_domain_boundaries,,True,False
6E9E,A,VI-D,binary,663,664,A,581.0,A,664.0,,ALA,True,2391,2392,four_layer_exact,high,1.0,0.3469387755102041,1.4594640207736869,0.0,V,A;I;L;V,differs_from_consensus,True,True,scaffold_differs_from_msa_consensus,0.03533468589306414,buried_core,False,False,False,False,11.234986641605964,True,True,unassigned_manual_review,,not_annotated_no_domain_boundaries,,True,False
6E9E,A,VI-D,binary,664,665,V,582.0,V,665.0,,VAL,True,2392,2393,four_layer_exact,high,1.0,0.6258503401360545,1.143334124932022,0.0,V,I;L;T;V,matches_consensus,True,False,,0.027761568184825662,buried_core,False,False,False,False,11.474859864798116,True,True,unassigned_manual_review,,not_annotated_no_domain_boundaries,,True,False
6E9E,A,VI-D,binary,665,666,R,583.0,R,666.0,,ARG,True,2393,2394,four_layer_exact,high,1.0,0.3265306122448979,1.9751902431035715,0.0,R,A;E;K;R;S,matches_consensus,True,False,,0.21187520001806986,surface,False,False,False,False,11.336847530410648,True,False,unassigned_manual_review,,not_annotated_no_domain_boundaries,,True,False
6E9E,A,VI-D,binary,666,667,F,584.0,F,667.0,,PHE,True,2394,2395,four_layer_exact,high,1.0,0.7551020408163265,0.8150132857617806,0.0,F,F;L;Y,matches_consensus,True,False,,0.10566746890349267,buried_core,False,False,False,False,8.269541688144207,True,True,unassigned_manual_review,,not_annotated_no_domain_boundaries,,True,False
6E9E,A,VI-D,binary,667,668,V,585.0,V,668.0,,VAL,True,2395,2396,four_layer_exact,high,1.0,0.7278911564625851,0.8883088396536021,0.0,V,A;I;V,matches_consensus,True,False,,0.03235421554177008,buried_core,False,True,False,False,6.418892747539785,True,True,unassigned_manual_review,,not_annotated_no_domain_boundaries,,True,False
6E9E,A,VI-D,binary,668,669,L,586.0,L,669.0,,LEU,True,2396,2397,four_layer_exact,high,1.0,0.9455782312925172,0.2832196460072378,0.0,L,L,matches_consensus,True,False,,0.0,buried_core,False,True,False,False,7.814797524061254,True,True,unassigned_manual_review,,not_annotated_no_domain_boundaries,,True,False
6E9E,A,VI-D,binary,669,670,N,587.0,N,670.0,,ASN,True,2398,2399,four_layer_exact,high,0.9945054945054944,0.2602739726027397,2.153475989484622,0.0054945054945054,K,D;E;G;K;N;R;S,differs_from_consensus,True,True,scaffold_differs_from_msa_consensus,0.3731487089544615,surface,False,False,False,False,8.058011823551798,True,False,unassigned_manual_review,,not_annotated_no_domain_boundaries,,True,False
6E9E,A,VI-D,binary,670,671,E,588.0,E,671.0,,GLU,True,2407,2408,four_layer_exact,high,0.978021978021978,0.3076923076923077,2.03431797599515,0.021978021978022,R,D;E;G;K;R;S,differs_from_consensus,True,True,scaffold_differs_from_msa_consensus,0.36410016353507646,surface,True,False,True,False,3.967580533776597,True,False,unassigned_manual_review,,not_annotated_no_domain_boundaries,,True,False
6E9E,A,VI-D,binary,671,672,I,589.0,I,672.0,,ILE,True,2409,2410,four_layer_exact,high,0.9945054945054944,0.589041095890411,1.0731959757798548,0.0054945054945054,I,I;L;M,matches_consensus,True,False,,0.08167400950606929,buried_core,True,False,True,False,4.266520615391217,True,True,unassigned_manual_review,,not_annotated_no_domain_boundaries,,True,False
6E9E,A,VI-D,binary,672,673,P,590.0,P,673.0,,PRO,True,2431,2432,four_layer_exact,high,1.0,0.7959183673469388,0.9609288284265856,0.0,P,P,matches_consensus,True,False,,0.33418642456450515,surface,True,False,True,False,3.6565036109657894,True,False,unassigned_manual_review,,not_annotated_no_domain_boundaries,,True,False
6E9E,A,VI-D,binary,673,674,D,591.0,D,674.0,,ASP,True,2432,2433,four_layer_exact,high,1.0,0.4081632653061224,1.6881584280251571,0.0,D,D;E;K;P,matches_consensus,True,False,,0.41451404064233743,surface,False,False,False,False,8.14210215346351,True,False,unassigned_manual_review,,not_annotated_no_domain_boundaries,,True,False
6E9E,A,VI-D,binary,674,675,A,592.0,A,675.0,,ALA,True,2433,2434,four_layer_exact,high,1.0,0.2653061224489796,1.973315842127645,0.0,T,A;E;K;N;S;T,differs_from_consensus,True,True,scaffold_differs_from_msa_consensus,0.5320394801021205,surface,False,False,False,False,8.00388332545427,True,False,unassigned_manual_review,,not_annotated_no_domain_boundaries,,True,False
6E9E,A,VI-D,binary,675,676,Q,593.0,Q,676.0,,GLN,True,2434,2435,four_layer_exact,high,1.0,0.8979591836734694,0.4879014008686823,0.0,Q,Q,matches_consensus,True,False,,0.11715627323767058,buried_core,True,False,True,False,2.926270412469681,True,True,unassigned_manual_review,,not_annotated_no_domain_boundaries,,True,False
6E9E,A,VI-D,binary,676,677,I,594.0,I,677.0,,ILE,True,2435,2436,four_layer_exact,high,1.0,0.7891156462585034,0.6560502726420293,0.0,I,I;L,matches_consensus,True,False,,0.018390277401623092,buried_core,False,False,False,False,8.332851195957767,True,True,unassigned_manual_review,,not_annotated_no_domain_boundaries,,True,False
6E9E,A,VI-D,binary,677,678,E,595.0,E,678.0,,GLU,True,2436,2437,four_layer_exact,high,1.0,0.3605442176870748,2.145366358317453,0.0,D,D;E;K;L;R;T,differs_from_consensus,True,True,scaffold_differs_from_msa_consensus,0.3377141663311861,surface,False,False,False,False,10.77213424314087,True,False,unassigned_manual_review,,not_annotated_no_domain_boundaries,,True,False
6E9E,A,VI-D,binary,678,679,R,596.0,R,679.0,,ARG,True,2437,2438,four_layer_exact,high,1.0,0.7891156462585034,0.849897306138563,0.0,R,K;R;S,matches_consensus,True,False,,0.3610714530943741,surface,True,False,True,False,3.8199164829591314,True,False,unassigned_manual_review,,not_annotated_no_domain_boundaries,,True,False
6E9E,A,VI-D,binary,679,680,Y,597.0,Y,680.0,,TYR,True,2438,2439,four_layer_exact,high,1.0,0.9659863945578232,0.1937405014692199,0.0,Y,Y,matches_consensus,True,False,,0.04132568039680322,buried_core,True,False,True,False,3.4363398932726037,True,True,unassigned_manual_review,,not_annotated_no_domain_boundaries,,True,False
6E9E,A,VI-D,binary,680,681,Y,598.0,Y,681.0,,TYR,True,2439,2440,four_layer_exact,high,0.9945054945054944,0.6917808219178082,1.255111671604974,0.0054945054945054,Y,C;F;Y,matches_consensus,True,False,,0.1620601201599396,buried_core,False,False,False,False,11.370049862930362,True,True,unassigned_manual_review,,not_annotated_no_domain_boundaries,,True,False
6E9E,A,VI-D,binary,681,682,E,599.0,E,682.0,,GLU,True,2445,2446,four_layer_exact,high,0.9725274725274724,0.1974031690140845,2.4402951543493234,0.0274725274725274,K,D;E;K;N;R,differs_from_consensus,True,True,scaffold_differs_from_msa_consensus,0.49215700253629424,surface,False,False,False,False,12.535578826149656,True,False,unassigned_manual_review,,not_annotated_no_domain_boundaries,,True,False
6E9E,A,VI-D,binary,682,683,A,600.0,A,683.0,,ALA,True,2446,2447,four_layer_exact,high,0.9725274725274724,0.4859154929577465,1.7173684276155556,0.0274725274725274,S,A;S;T,differs_from_consensus,True,True,scaffold_differs_from_msa_consensus,0.22256386667444653,surface,False,False,False,False,12.154336940313193,True,False,unassigned_manual_review,,not_annotated_no_domain_boundaries,,True,False
6E9E,A,VI-D,binary,683,684,C,601.0,C,684.0,,CYS,True,2447,2448,four_layer_exact,high,0.978021978021978,0.4895104895104895,1.4922572554319866,0.021978021978022,C,C;I;L;V,matches_consensus,True,False,,0.025663689199107075,buried_core,False,False,False,False,12.124657112546101,True,True,unassigned_manual_review,,not_annotated_no_domain_boundaries,,True,False
6E9E,A,VI-D,binary,684,685,C,602.0,C,685.0,,CYS,True,2453,2454,four_layer_exact,high,0.8241758241758241,0.2260869565217391,2.5951530840494907,0.1758241758241758,T,F;G;I;K;N;S;T;V,differs_from_consensus,True,True,scaffold_differs_from_msa_consensus,0.44523117622589575,surface,False,False,False,False,16.10799428779035,True,False,unassigned_manual_review,,not_annotated_no_domain_boundaries,,True,False
6E9E,A,VI-D,binary,685,686,P,603.0,P,686.0,,PRO,True,2454,2455,four_layer_exact,high,0.8461538461538461,0.4369747899159664,2.046389148472396,0.1538461538461538,G,D;E;G,differs_from_consensus,True,True,scaffold_differs_from_msa_consensus,0.5012796368467576,surface,False,False,False,False,17.836653773291314,True,False,unassigned_manual_review,,not_annotated_no_domain_boundaries,,True,True
6E9E,A,VI-D,binary,686,687,K,,,,,,False,2455,2456,full_msa_only_unresolved_coordinate,medium,0.7582417582417582,0.1620145631067961,2.6546072910495537,0.2417582417582418,K,A;E;G;I;K;N;P;S;T,matches_consensus,False,True,unresolved_internal,,,,,,,,False,False,unassigned_manual_review,,not_annotated_no_domain_boundaries,,False,False
6E9E,A,VI-D,binary,687,688,N,,,,,,False,2456,2457,full_msa_only_unresolved_coordinate,medium,0.8186813186813187,0.175438596491228,2.448897424287677,0.1813186813186813,K,D;E;G;K;N;P;R;S,differs_from_consensus,False,True,unresolved_internal;scaffold_differs_from_msa_consensus,,,,,,,,False,False,unassigned_manual_review,,not_annotated_no_domain_boundaries,,False,False
6E9E,A,VI-D,binary,688,689,T,,,,,,False,2457,2458,full_msa_only_unresolved_coordinate,medium,0.5439560439560439,0.2307692307692307,2.3437011529219887,0.4560439560439561,E,D;E;P;S;T,differs_from_consensus,False,True,unresolved_internal;scaffold_differs_from_msa_consensus,,,,,,,,False,False,unassigned_manual_review,,not_annotated_no_domain_boundaries,,False,False
6E9E,A,VI-D,binary,689,690,A,,,,,,False,2458,2459,full_msa_only_unresolved_coordinate,medium,0.4835164835164835,0.1296296296296296,2.698480368890356,0.5164835164835164,E,A;E;I;L;N;P;S;T;V,differs_from_consensus,False,True,unresolved_internal;scaffold_differs_from_msa_consensus,,,,,,,,False,False,unassigned_manual_review,,not_annotated_no_domain_boundaries,,False,False
6E9E,A,VI-D,binary,690,691,L,,,,,,False,2459,2460,full_msa_only_unresolved_coordinate,medium,0.4065934065934066,0.1904761904761904,2.5036877497927854,0.5934065934065934,Y,F;I;L;P;Y,differs_from_consensus,False,True,unresolved_internal;scaffold_differs_from_msa_consensus,,,,,,,,False,False,unassigned_manual_review,,not_annotated_no_domain_boundaries,,False,False
6E9E,A,VI-D,binary,691,692,C,604.0,C,692.0,,CYS,True,2460,2461,four_layer_exact,high,0.3626373626373626,0.2058823529411764,2.462566966920486,0.6373626373626373,D,A;C;D;E;N;P;S;T;Y,differs_from_consensus,False,True,scaffold_differs_from_msa_consensus,0.8270207670381504,surface,False,False,False,False,19.16787648545011,True,False,unassigned_manual_review,,not_annotated_no_domain_boundaries,,False,True
6E9E,A,VI-D,binary,692,693,S,605.0,S,693.0,,SER,True,2461,2462,four_layer_exact,high,0.3076923076923077,0.1666666666666666,2.469811713553478,0.6923076923076923,N,D;K;N;Q;R;S;T;V,differs_from_consensus,False,True,scaffold_differs_from_msa_consensus,0.3540276570635304,surface,False,False,False,False,17.256941412391345,True,False,unassigned_manual_review,,not_annotated_no_domain_boundaries,,False,False
6E9E,A,VI-D,binary,693,694,A,606.0,A,694.0,,ALA,True,2462,2463,four_layer_exact,high,0.4065934065934066,0.2,2.308087143602468,0.5934065934065934,P,A;E;G;K;N;P;Q;S;T,differs_from_consensus,False,True,scaffold_differs_from_msa_consensus,0.20153195105621408,surface,False,False,False,False,14.052576657029245,True,False,unassigned_manual_review,,not_annotated_no_domain_boundaries,,False,False
6E9E,A,VI-D,binary,694,695,N,607.0,N,695.0,,ASN,True,2482,2483,four_layer_exact,high,0.8846153846153846,0.2887139107611548,2.144128212266124,0.1153846153846154,E,D;E;K;N;S,differs_from_consensus,True,True,scaffold_differs_from_msa_consensus,0.46459438124393193,surface,False,False,False,False,14.38645851458859,True,False,unassigned_manual_review,,not_annotated_no_domain_boundaries,,True,False
6E9E,A,VI-D,binary,695,696,K,608.0,K,696.0,,LYS,True,2483,2484,four_layer_exact,high,0.8901098901098901,0.3125,2.275687682037037,0.1098901098901099,E,A;D;E;K;R;T,differs_from_consensus,True,True,scaffold_differs_from_msa_consensus,0.545972009286726,surface,False,False,False,False,17.4248348627036,True,False,unassigned_manual_review,,not_annotated_no_domain_boundaries,,True,False
6E9E,A,VI-D,binary,696,697,R,609.0,R,697.0,,ARG,True,2484,2485,four_layer_exact,high,0.9945054945054944,0.4535530821917808,1.8017100993145243,0.0054945054945054,K,K;M;Q,differs_from_consensus,True,True,scaffold_differs_from_msa_consensus,0.22999553954264404,surface,False,False,False,False,14.231541689849427,True,False,unassigned_manual_review,,not_annotated_no_domain_boundaries,,True,False
6E9E,A,VI-D,binary,697,698,R,610.0,R,698.0,,ARG,True,2485,2486,four_layer_exact,high,1.0,0.4693877551020408,1.4556105835935438,0.0,I,I;L;R;V,differs_from_consensus,True,True,scaffold_differs_from_msa_consensus,0.03991198550053311,buried_core,False,False,False,False,10.58411752390217,True,True,unassigned_manual_review,,not_annotated_no_domain_boundaries,,True,False
6E9E,A,VI-D,binary,698,699,E,611.0,E,699.0,,GLU,True,2486,2487,four_layer_exact,high,1.0,0.3199404761904761,2.0892302674309065,0.0,D,A;D;E;K;N;Q;S,differs_from_consensus,True,True,scaffold_differs_from_msa_consensus,0.49390863062677287,surface,False,False,False,False,15.638587567151554,True,False,unassigned_manual_review,,not_annotated_no_domain_boundaries,,True,False
6E9E,A,VI-D,binary,699,700,K,612.0,K,700.0,,LYS,True,2487,2488,four_layer_exact,high,1.0,0.1632653061224489,2.568249472168473,0.0,E,A;E;F;K;T;V;Y,differs_from_consensus,True,True,scaffold_differs_from_msa_consensus,0.40626059172160767,surface,False,False,False,False,15.448195224970823,True,False,unassigned_manual_review,,not_annotated_no_domain_boundaries,,True,False
6E9E,A,VI-D,binary,700,701,L,613.0,L,701.0,,LEU,True,2488,2489,four_layer_exact,high,1.0,0.9183673469387756,0.3629909419913447,0.0,L,I;L,matches_consensus,True,False,,0.0,buried_core,False,False,False,False,10.52048770108355,True,True,unassigned_manual_review,,not_annotated_no_domain_boundaries,,True,False
6E9E,A,VI-D,binary,701,702,A,614.0,A,702.0,,ALA,True,2489,2490,four_layer_exact,high,1.0,0.3605442176870748,1.9231872361462825,0.0,A,A;I;S;T;V,matches_consensus,True,False,,0.07066937178612828,buried_core,False,False,False,False,13.912370566243602,True,True,unassigned_manual_review,,not_annotated_no_domain_boundaries,,True,False
6E9E,A,VI-D,binary,702,703,D,615.0,D,703.0,,ASP,True,2490,2491,four_layer_exact,high,1.0,0.2312925170068027,2.0818279240922206,0.0,E,D;E;G;K;N;R,differs_from_consensus,True,True,scaffold_differs_from_msa_consensus,0.4850005714079494,surface,False,False,False,False,16.492533650620718,True,False,unassigned_manual_review,,not_annotated_no_domain_boundaries,,True,False
6E9E,A,VI-D,binary,703,704,M,616.0,M,704.0,,MET,True,2491,2492,four_layer_exact,high,1.0,0.1564625850340136,2.3943393928930647,0.0,I,A;E;I;K;L;M;Q;R,differs_from_consensus,True,True,scaffold_differs_from_msa_consensus,0.18339967153178968,buried_core,False,False,False,False,14.683889405878235,True,True,unassigned_manual_review,,not_annotated_no_domain_boundaries,,True,False
6E9E,A,VI-D,binary,704,705,I,617.0,I,705.0,,ILE,True,2492,2493,four_layer_exact,high,1.0,0.5238095238095238,0.9656212078672828,0.0,I,I;L,matches_consensus,True,False,,0.04291064727045388,buried_core,False,False,False,False,10.934487980962817,True,True,unassigned_manual_review,,not_annotated_no_domain_boundaries,,True,False
6E9E,A,VI-D,binary,705,706,A,618.0,A,706.0,,ALA,True,2493,2494,four_layer_exact,high,1.0,0.2312925170068027,2.377059686067302,0.0,T,A;C;K;R;S;T;V,differs_from_consensus,True,True,scaffold_differs_from_msa_consensus,0.3950149956133425,surface,False,False,False,False,16.57763504240066,True,False,unassigned_manual_review,,not_annotated_no_domain_boundaries,,True,False
6E9E,A,VI-D,binary,706,707,E,619.0,E,707.0,,GLU,True,2494,2495,four_layer_exact,high,1.0,0.2040816326530612,2.1812981957329782,0.0,G,D;E;G;K;N;Q;S,differs_from_consensus,True,True,scaffold_differs_from_msa_consensus,0.45021575446071016,surface,False,False,False,False,18.28868867954879,True,False,unassigned_manual_review,,not_annotated_no_domain_boundaries,,True,False
6E9E,A,VI-D,binary,707,708,I,620.0,I,708.0,,ILE,True,2495,2496,four_layer_exact,high,1.0,0.272108843537415,1.7179731267051934,0.0,F,F;I;L;M;V,differs_from_consensus,True,True,scaffold_differs_from_msa_consensus,0.018390277401623092,buried_core,False,False,False,False,14.925169267309728,True,True,unassigned_manual_review,,not_annotated_no_domain_boundaries,,True,False
6E9E,A,VI-D,binary,708,709,K,621.0,K,709.0,,LYS,True,2496,2497,four_layer_exact,high,1.0,0.4149659863945578,1.6454428118663162,0.0,S,D;K;N;S;T,differs_from_consensus,True,True,scaffold_differs_from_msa_consensus,0.3190793189384996,surface,False,False,False,False,18.129365402493367,True,False,unassigned_manual_review,,not_annotated_no_domain_boundaries,,True,False
6E9E,A,VI-D,binary,709,710,F,622.0,F,710.0,,PHE,True,2497,2498,four_layer_exact,high,1.0,0.54421768707483,1.4476296345672652,0.0,F,F;I;L;Y,matches_consensus,True,False,,0.030190705400997907,buried_core,False,False,False,False,13.735182983795115,True,True,unassigned_manual_review,,not_annotated_no_domain_boundaries,,True,False
6E9E,A,VI-D,binary,710,711,E,623.0,E,711.0,,GLU,True,2498,2499,four_layer_exact,high,1.0,0.2090419501133786,2.268596289705408,0.0,D,D;E;G;K;N;S,differs_from_consensus,True,True,scaffold_differs_from_msa_consensus,0.23567343369658225,surface,False,False,False,False,18.236613186167,True,False,unassigned_manual_review,,not_annotated_no_domain_boundaries,,True,False
6E9E,A,VI-D,binary,711,712,N,624.0,N,712.0,,ASN,True,2500,2501,four_layer_exact,high,0.967032967032967,0.2061170212765957,2.411003770316559,0.0329670329670329,D,D;E;K;N;Q;S;T,differs_from_consensus,True,True,scaffold_differs_from_msa_consensus,0.40150340316577526,surface,False,False,False,False,16.08214840397931,True,False,unassigned_manual_review,,not_annotated_no_domain_boundaries,,True,False
6E9E,A,VI-D,binary,712,713,F,625.0,F,713.0,,PHE,True,2502,2503,four_layer_exact,high,0.978021978021978,0.6083916083916084,1.3673360658753668,0.021978021978022,F,F;I;L,matches_consensus,True,False,,0.025158921167498256,buried_core,False,False,False,False,12.643792588058426,True,True,unassigned_manual_review,,not_annotated_no_domain_boundaries,,True,False
6E9E,A,VI-D,binary,713,714,S,626.0,S,714.0,,SER,True,2503,2504,four_layer_exact,high,0.978021978021978,0.2447552447552447,2.345306231783017,0.021978021978022,E,E;I;K;L;R;S;T,differs_from_consensus,True,True,scaffold_differs_from_msa_consensus,0.4313345908359685,surface,False,False,False,False,12.768864868847595,True,False,unassigned_manual_review,,not_annotated_no_domain_boundaries,,True,False
6E9E,A,VI-D,binary,714,715,D,627.0,D,715.0,,ASP,True,2511,2512,four_layer_exact,high,0.9725274725274724,0.3544600938967135,1.8248594816385624,0.0274725274725274,D,D;G;K;N,matches_consensus,True,False,,0.3869809924048192,surface,False,False,False,False,11.059549210511953,True,False,unassigned_manual_review,,not_annotated_no_domain_boundaries,,True,False
6E9E,A,VI-D,binary,715,716,A,628.0,A,716.0,,ALA,True,2517,2518,four_layer_exact,high,0.9615384615384616,0.5928571428571429,1.110576939410738,0.0384615384615384,V,A;I;V,differs_from_consensus,True,True,scaffold_differs_from_msa_consensus,0.0,buried_core,False,True,False,False,7.327392399011184,True,True,unassigned_manual_review,,not_annotated_no_domain_boundaries,,True,False
6E9E,A,VI-D,binary,716,717,G,629.0,G,717.0,,GLY,True,2526,2527,four_layer_exact,high,0.8956043956043956,0.2578125,2.3014362249240654,0.1043956043956043,K,D;E;G;K;N;Q;R,differs_from_consensus,True,True,scaffold_differs_from_msa_consensus,0.2633971696013021,surface,False,True,False,False,7.053321803804985,True,False,unassigned_manual_review,,not_annotated_no_domain_boundaries,,True,False
6E9E,A,VI-D,binary,717,718,N,630.0,N,718.0,,ASN,True,2527,2528,four_layer_exact,high,0.8846153846153846,0.4047619047619047,1.885689526112464,0.1153846153846154,Q,E;K;N;Q;T,differs_from_consensus,True,True,scaffold_differs_from_msa_consensus,0.5324547802921845,surface,False,False,False,False,8.609090134186664,True,False,unassigned_manual_review,,not_annotated_no_domain_boundaries,,True,False
6E9E,A,VI-D,binary,718,719,Y,631.0,Y,719.0,,TYR,True,2528,2529,four_layer_exact,high,0.8846153846153846,0.1904761904761904,2.557731120816462,0.1153846153846154,K,A;K;L;M;N;S;V,differs_from_consensus,True,True,scaffold_differs_from_msa_consensus,0.03214219586418028,buried_core,False,True,False,False,6.930829891022724,True,True,unassigned_manual_review,,not_annotated_no_domain_boundaries,,True,False
6E9E,A,VI-D,binary,719,720,Q,632.0,Q,720.0,,GLN,True,2532,2533,four_layer_exact,high,0.7802197802197802,0.1743119266055046,2.408228072180579,0.2197802197802197,A,A;D;E;K;N;Q;S;V,differs_from_consensus,False,True,scaffold_differs_from_msa_consensus,0.03454467356619304,buried_core,True,False,True,False,3.147359223082279,True,True,unassigned_manual_review,,not_annotated_no_domain_boundaries,,False,False
6E9E,A,VI-D,binary,720,721,K,633.0,K,721.0,,LYS,True,2533,2534,four_layer_exact,high,0.7582417582417582,0.2857142857142857,2.202028705278716,0.2417582417582418,K,D;E;K;N;R;S,matches_consensus,False,False,,0.5303754926869796,surface,True,False,True,False,3.743891666948436,True,False,unassigned_manual_review,,not_annotated_no_domain_boundaries,,False,False
6E9E,A,VI-D,binary,721,722,A,634.0,A,722.0,,ALA,True,2541,2542,four_layer_exact,high,0.3571428571428571,0.2666666666666666,2.268605285634966,0.6428571428571428,A,A;I;S;V,matches_consensus,False,False,,0.09361459039069119,buried_core,True,False,True,False,4.270185727944089,True,True,unassigned_manual_review,,not_annotated_no_domain_boundaries,,False,False
6E9E,A,VI-D,binary,722,723,N,635.0,N,723.0,,ASN,True,2542,2543,four_layer_exact,high,0.510989010989011,0.3275862068965517,2.0233165659635355,0.489010989010989,N,E;F;G;K;N;Y,matches_consensus,False,False,,0.29877229230656943,surface,True,False,True,False,2.990277767158547,True,False,unassigned_manual_review,,not_annotated_no_domain_boundaries,,False,False
6E9E,A,VI-D,binary,723,724,V,636.0,V,724.0,,VAL,True,2543,2544,four_layer_exact,high,0.521978021978022,0.284375,2.1764025004460144,0.478021978021978,A,A;D;E;G;K;S;V,differs_from_consensus,False,True,scaffold_differs_from_msa_consensus,0.21436957186931158,surface,True,False,True,False,4.473726925071286,True,False,unassigned_manual_review,,not_annotated_no_domain_boundaries,,False,False
6E9E,A,VI-D,binary,724,725,T,637.0,T,725.0,,THR,True,2544,2545,four_layer_exact,high,0.521978021978022,0.25,2.1819940971853127,0.478021978021978,D,D;E;K;N;Q;R;S;T,differs_from_consensus,False,True,scaffold_differs_from_msa_consensus,0.7116730204500654,surface,False,True,False,False,6.324145221334306,True,False,unassigned_manual_review,,not_annotated_no_domain_boundaries,,False,False
6E9E,A,VI-D,binary,725,726,S,638.0,S,726.0,,SER,True,2551,2552,four_layer_exact,high,0.2417582417582417,0.3076923076923077,1.3516811946858949,0.7582417582417582,G,A;D;G;S,differs_from_consensus,False,True,scaffold_differs_from_msa_consensus,0.3166861598061299,surface,False,True,False,False,7.7479297980058215,True,False,unassigned_manual_review,,not_annotated_no_domain_boundaries,,False,False
6E9E,A,VI-D,binary,726,727,R,639.0,R,727.0,,ARG,True,2552,2553,four_layer_exact,high,0.2417582417582417,0.235576923076923,1.890569171506172,0.7582417582417582,T,D;K;L;S;T;V;Y,differs_from_consensus,False,True,scaffold_differs_from_msa_consensus,0.8404872518014734,surface,False,False,False,False,10.853562086882047,True,False,unassigned_manual_review,,not_annotated_no_domain_boundaries,,False,False
6E9E,A,VI-D,binary,727,728,T,640.0,T,728.0,,THR,True,2555,2556,four_layer_exact,high,0.8131868131868132,0.1739130434782608,2.3780661473668188,0.1868131868131868,S,A;G;K;P;Q;R;S;T,differs_from_consensus,True,True,scaffold_differs_from_msa_consensus,0.450853980032856,surface,False,False,False,False,10.522899827295392,True,False,unassigned_manual_review,,not_annotated_no_domain_boundaries,,True,False
6E9E,A,VI-D,binary,728,729,S,641.0,S,729.0,,SER,True,2556,2557,four_layer_exact,high,0.8461538461538461,0.1652892561983471,2.420833704936432,0.1538461538461538,E,A;D;E;K;N;Q;R,differs_from_consensus,True,True,scaffold_differs_from_msa_consensus,0.4753694235227294,surface,False,False,False,False,13.262537219028301,True,False,unassigned_manual_review,,not_annotated_no_domain_boundaries,,True,False
6E9E,A,VI-D,binary,729,730,E,642.0,E,730.0,,GLU,True,2558,2559,four_layer_exact,high,0.9505494505494504,0.3405797101449275,2.130455423297098,0.0494505494505495,E,D;E;K;N;Q,matches_consensus,True,False,,0.2896666764629028,surface,False,False,False,False,9.88581496278409,True,False,unassigned_manual_review,,not_annotated_no_domain_boundaries,,True,False
6E9E,A,VI-D,binary,730,731,A,643.0,A,731.0,,ALA,True,2559,2560,four_layer_exact,high,0.9725274725274724,0.2957746478873239,2.3409547363578675,0.0274725274725274,N,A;G;I;K;N;Q;S,differs_from_consensus,True,True,scaffold_differs_from_msa_consensus,0.009361459039069119,buried_core,False,False,False,False,8.815942910394694,True,True,unassigned_manual_review,,not_annotated_no_domain_boundaries,,True,False
6E9E,A,VI-D,binary,731,732,E,644.0,E,732.0,,GLU,True,2560,2561,four_layer_exact,high,0.978021978021978,0.1958041958041958,2.514145033457609,0.021978021978022,E,A;E;I;K;L;Q;S;V,matches_consensus,True,False,,0.33858451428696545,surface,False,False,False,False,11.48754033248194,True,False,unassigned_manual_review,,not_annotated_no_domain_boundaries,,True,False
6E9E,A,VI-D,binary,732,733,I,645.0,I,733.0,,ILE,True,2561,2562,four_layer_exact,high,0.9835164835164836,0.3402777777777778,2.1743241749712787,0.0164835164835165,E,D;E;K;Q;R,differs_from_consensus,True,True,scaffold_differs_from_msa_consensus,0.34941527063083877,surface,False,False,False,False,11.421160724541528,True,False,unassigned_manual_review,,not_annotated_no_domain_boundaries,,True,False
6E9E,A,VI-D,binary,733,734,K,646.0,K,734.0,,LYS,True,2562,2563,four_layer_exact,high,0.989010989010989,0.6827586206896552,1.1966129281184084,0.0109890109890109,K,I;K;R,matches_consensus,True,False,,0.005117068712033544,buried_core,True,False,True,False,3.1077077282104226,True,True,unassigned_manual_review,,not_annotated_no_domain_boundaries,,True,False
6E9E,A,VI-D,binary,734,735,R,647.0,R,735.0,,ARG,True,2563,2564,four_layer_exact,high,0.989010989010989,0.5655172413793104,1.6154148084290416,0.0109890109890109,E,A;E;Q;R,differs_from_consensus,True,True,scaffold_differs_from_msa_consensus,0.3346984936388182,surface,False,False,False,False,9.483451159613587,True,False,unassigned_manual_review,,not_annotated_no_domain_boundaries,,True,False
6E9E,A,VI-D,binary,735,736,K,648.0,K,736.0,,LYS,True,2564,2565,four_layer_exact,high,0.9945054945054944,0.4452054794520548,1.5924278725022518,0.0054945054945054,R,K;Q;R,differs_from_consensus,True,True,scaffold_differs_from_msa_consensus,0.2542919575581769,surface,False,False,False,False,11.974595973591498,True,False,unassigned_manual_review,,not_annotated_no_domain_boundaries,,True,False
6E9E,A,VI-D,binary,736,737,N,649.0,N,737.0,,ASN,True,2565,2566,four_layer_exact,high,1.0,0.2244897959183673,2.217077410589673,0.0,K,F;K;L;M;N;Y,differs_from_consensus,True,True,scaffold_differs_from_msa_consensus,0.07851403916925385,buried_core,False,False,False,False,11.323538916728225,True,True,unassigned_manual_review,,not_annotated_no_domain_boundaries,,True,False
6E9E,A,VI-D,binary,737,738,Q,650.0,Q,738.0,,GLN,True,2566,2567,four_layer_exact,high,1.0,0.5714285714285714,1.3168066800392395,0.0,K,K;Q,differs_from_consensus,True,True,scaffold_differs_from_msa_consensus,0.14444992755723415,buried_core,False,True,False,False,5.299117988355335,True,True,unassigned_manual_review,,not_annotated_no_domain_boundaries,,True,False
6E9E,A,VI-D,binary,738,739,A,651.0,A,739.0,,ALA,True,2567,2568,four_layer_exact,high,1.0,0.6585884353741497,1.2836432611857385,0.0,A,A;N;S,matches_consensus,True,False,,0.102092019869099,buried_core,False,False,False,False,9.23631147764971,True,True,unassigned_manual_review,,not_annotated_no_domain_boundaries,,True,False
6E9E,A,VI-D,binary,739,740,I,652.0,I,740.0,,ILE,True,2568,2569,four_layer_exact,high,1.0,0.4081632653061224,1.4013609778265448,0.0,I,I;L;V,matches_consensus,True,False,,0.12804072763888857,buried_core,False,False,False,False,11.033603961144335,True,True,unassigned_manual_review,,not_annotated_no_domain_boundaries,,True,False
6E9E,A,VI-D,binary,740,741,I,653.0,I,741.0,,ILE,True,2569,2570,four_layer_exact,high,0.9945054945054944,0.5051194539249146,1.3480713694736552,0.0054945054945054,I,I;L;T;V,matches_consensus,True,False,,0.012260184934415394,buried_core,False,False,False,False,10.005107029061818,True,True,unassigned_manual_review,,not_annotated_no_domain_boundaries,,True,False
6E9E,A,VI-D,binary,741,742,R,654.0,R,742.0,,ARG,True,2570,2571,four_layer_exact,high,0.9945054945054944,0.3583617747440273,1.628871656479298,0.0054945054945054,G,G;K;N;R;S;T,differs_from_consensus,True,True,scaffold_differs_from_msa_consensus,0.45426053890914136,surface,True,False,True,False,4.987649523491246,True,False,unassigned_manual_review,,not_annotated_no_domain_boundaries,,True,False
6E9E,A,VI-D,binary,742,743,L,655.0,L,743.0,,LEU,True,2571,2572,four_layer_exact,high,0.9945054945054944,0.9726962457337884,0.1405949040578399,0.0054945054945054,L,L,matches_consensus,True,False,,0.05407290519581715,buried_core,False,True,False,False,6.676327329850095,True,True,unassigned_manual_review,,not_annotated_no_domain_boundaries,,True,False
6E9E,A,VI-D,binary,743,744,Y,656.0,Y,744.0,,TYR,True,2572,2573,four_layer_exact,high,0.9945054945054944,0.9931740614334472,0.040843717863401,0.0054945054945054,Y,Y,matches_consensus,True,False,,0.012739719635609723,buried_core,False,False,False,False,9.204338483980111,True,True,unassigned_manual_review,,not_annotated_no_domain_boundaries,,True,False
6E9E,A,VI-D,binary,744,745,L,657.0,L,745.0,,LEU,True,2573,2574,four_layer_exact,high,0.9945054945054944,0.8703071672354948,0.5659801064147093,0.0054945054945054,L,L,matches_consensus,True,False,,0.030040502886565082,buried_core,False,False,False,False,8.114595409761058,True,True,unassigned_manual_review,,not_annotated_no_domain_boundaries,,True,False
6E9E,A,VI-D,binary,745,746,T,658.0,T,746.0,,THR,True,2574,2575,four_layer_exact,high,0.9945054945054944,0.8464163822525598,0.682968501365504,0.0054945054945054,T,N;T,matches_consensus,True,False,,0.04598093456029437,buried_core,True,False,True,False,3.244670854741142,True,True,unassigned_manual_review,,not_annotated_no_domain_boundaries,,True,False
6E9E,A,VI-D,binary,746,747,V,659.0,V,747.0,,VAL,True,2575,2576,four_layer_exact,high,0.9945054945054944,0.7815699658703071,0.7252802535594597,0.0054945054945054,V,I;V,matches_consensus,True,False,,0.03470196023103208,buried_core,False,True,False,False,6.347183862866434,True,True,unassigned_manual_review,,not_annotated_no_domain_boundaries,,True,False
6E9E,A,VI-D,binary,747,748,M,660.0,M,748.0,,MET,True,2576,2577,four_layer_exact,high,0.9945054945054944,0.3583617747440273,1.7035115601036432,0.0054945054945054,L,A;I;L;M;V,differs_from_consensus,True,True,scaffold_differs_from_msa_consensus,0.055679119797997674,buried_core,False,False,False,False,8.90801220118098,True,True,unassigned_manual_review,,not_annotated_no_domain_boundaries,,True,False
6E9E,A,VI-D,binary,748,749,Y,661.0,Y,749.0,,TYR,True,2577,2578,four_layer_exact,high,0.9945054945054944,0.9453924914675768,0.2324390042743155,0.0054945054945054,Y,Y,matches_consensus,True,False,,0.06266309101472392,buried_core,True,False,True,False,3.9106740829411213,True,True,unassigned_manual_review,,not_annotated_no_domain_boundaries,,True,False
6E9E,A,VI-D,binary,749,750,I,662.0,I,750.0,,ILE,True,2578,2579,four_layer_exact,high,0.9945054945054944,0.5802047781569966,1.3137402061419368,0.0054945054945054,L,I;L;Q,differs_from_consensus,True,True,scaffold_differs_from_msa_consensus,0.030650462336038485,buried_core,True,False,True,False,4.082859800556973,True,True,unassigned_manual_review,,not_annotated_no_domain_boundaries,,True,False
6E9E,A,VI-D,binary,750,751,M,663.0,M,751.0,,MET,True,2579,2580,four_layer_exact,high,0.9945054945054944,0.3583617747440273,1.6765219583980584,0.0054945054945054,I,A;F;I;L;V,differs_from_consensus,True,True,scaffold_differs_from_msa_consensus,0.022625077092727926,buried_core,False,True,False,False,7.4322336632496455,True,True,unassigned_manual_review,,not_annotated_no_domain_boundaries,,True,False
6E9E,A,VI-D,binary,751,752,L,664.0,L,752.0,,LEU,True,2580,2581,four_layer_exact,high,0.9945054945054944,0.4163822525597269,1.7118747516697963,0.0054945054945054,V,I;L;T;V,differs_from_consensus,True,True,scaffold_differs_from_msa_consensus,0.06608910635044318,buried_core,False,False,False,False,9.057825537008192,True,True,unassigned_manual_review,,not_annotated_no_domain_boundaries,,True,False
6E9E,A,VI-D,binary,752,753,K,665.0,K,753.0,,LYS,True,2581,2582,four_layer_exact,high,0.9945054945054944,1.0,-0.0,0.0054945054945054,K,K,matches_consensus,True,False,,0.04093654969626835,buried_core,True,False,True,False,2.2255697074805108,True,True,unassigned_manual_review,,not_annotated_no_domain_boundaries,,True,False
6E9E,A,VI-D,binary,753,754,N,666.0,N,754.0,,ASN,True,2582,2583,four_layer_exact,high,0.9945054945054944,0.7747440273037542,0.8187206589520368,0.0054945054945054,N,N;S,matches_consensus,True,False,,0.1125207646682753,buried_core,True,False,True,False,3.7251387794698982,True,True,unassigned_manual_review,,not_annotated_no_domain_boundaries,,True,False
6E9E,A,VI-D,binary,754,755,L,667.0,L,755.0,,LEU,True,2583,2584,four_layer_exact,high,0.9945054945054944,0.7610921501706485,0.7497833821657893,0.0054945054945054,L,I;L;M,matches_consensus,True,False,,0.0,buried_core,False,False,False,False,8.689722330077974,True,True,unassigned_manual_review,,not_annotated_no_domain_boundaries,,True,False
6E9E,A,VI-D,binary,755,756,V,668.0,V,756.0,,VAL,True,2584,2585,four_layer_exact,high,0.9945054945054944,0.8327645051194539,0.7317718664974477,0.0054945054945054,V,I;V,matches_consensus,True,False,,0.0069403920462064155,buried_core,False,False,False,False,9.836245064511523,True,True,unassigned_manual_review,,not_annotated_no_domain_boundaries,,True,False
6E9E,A,VI-D,binary,756,757,N,669.0,N,757.0,,ASN,True,2585,2586,four_layer_exact,high,0.9945054945054944,0.3651877133105802,1.6138005399096629,0.0054945054945054,N,K;N;R;Y,matches_consensus,True,False,,0.35471377882027033,surface,False,True,False,False,5.603588535242572,True,False,unassigned_manual_review,,not_annotated_no_domain_boundaries,,True,False
6E9E,A,VI-D,binary,757,758,V,670.0,V,758.0,,VAL,True,2586,2587,four_layer_exact,high,0.9945054945054944,0.5358361774744027,1.0578935661054298,0.0054945054945054,V,A;I;V,matches_consensus,True,False,,0.06940392046206416,buried_core,False,True,False,False,7.783684193228392,True,True,unassigned_manual_review,,not_annotated_no_domain_boundaries,,True,False
6E9E,A,VI-D,binary,758,759,N,671.0,N,759.0,,ASN,True,2587,2588,four_layer_exact,high,0.9945054945054944,1.0,-0.0,0.0054945054945054,N,N,matches_consensus,True,False,,0.029681702948190135,buried_core,False,False,False,False,9.75595227653476,True,True,unassigned_manual_review,,not_annotated_no_domain_boundaries,,True,False
6E9E,A,VI-D,binary,759,760,A,672.0,A,760.0,,ALA,True,2588,2589,four_layer_exact,high,0.9945054945054944,0.4436860068259385,1.204293998580746,0.0054945054945054,S,A;S;T,differs_from_consensus,True,True,scaffold_differs_from_msa_consensus,0.10297604942976031,buried_core,False,True,False,False,6.547054829766865,True,True,unassigned_manual_review,,not_annotated_no_domain_boundaries,,True,False
6E9E,A,VI-D,binary,760,761,R,673.0,R,761.0,,ARG,True,2589,2590,four_layer_exact,high,0.9945054945054944,0.8293515358361775,0.7967762206574318,0.0054945054945054,R,R,matches_consensus,True,False,,0.0352592179865669,buried_core,True,False,True,False,3.0514731484208366,True,True,unassigned_manual_review,,not_annotated_no_domain_boundaries,,True,False
6E9E,A,VI-D,binary,761,762,Y,674.0,Y,762.0,,TYR,True,2590,2591,four_layer_exact,high,0.9945054945054944,0.8293515358361775,0.4569129468902394,0.0054945054945054,Y,F;Y,matches_consensus,True,False,,0.009183484532622938,buried_core,False,True,False,False,6.868982717092406,True,True,unassigned_manual_review,,not_annotated_no_domain_boundaries,,True,False
6E9E,A,VI-D,binary,762,763,V,675.0,V,763.0,,VAL,True,2591,2592,four_layer_exact,high,0.9945054945054944,0.310580204778157,1.930086470252553,0.0054945054945054,V,F;L;S;T;V,matches_consensus,True,False,,0.10019297287765956,buried_core,False,False,False,False,8.363887376558866,True,True,unassigned_manual_review,,not_annotated_no_domain_boundaries,,True,False
6E9E,A,VI-D,binary,763,764,I,676.0,I,764.0,,ILE,True,2592,2593,four_layer_exact,high,0.9945054945054944,0.5460750853242321,1.2426740662908782,0.0054945054945054,I,I;L;M,matches_consensus,True,False,,0.07356110960649237,buried_core,True,False,True,False,4.090181664979406,True,True,unassigned_manual_review,,not_annotated_no_domain_boundaries,,True,False
6E9E,A,VI-D,binary,764,765,A,677.0,A,765.0,,ALA,True,2593,2594,four_layer_exact,high,0.9945054945054944,0.8430034129692833,0.4810387504522502,0.0054945054945054,A,A;G,matches_consensus,True,False,,0.018722918078138237,buried_core,False,True,False,False,5.861553954624504,True,True,unassigned_manual_review,,not_annotated_no_domain_boundaries,,True,False
6E9E,A,VI-D,binary,765,766,F,678.0,F,766.0,,PHE,True,2594,2595,four_layer_exact,high,0.9945054945054944,0.7474402730375427,0.9933917542404176,0.0054945054945054,F,F;I;Y,matches_consensus,True,False,,0.03855215896828226,buried_core,False,False,False,False,8.203678715405148,True,True,unassigned_manual_review,,not_annotated_no_domain_boundaries,,True,False
6E9E,A,VI-D,binary,766,767,H,679.0,H,767.0,,HIS,True,2595,2596,four_layer_exact,high,0.9945054945054944,0.4436860068259385,1.8268208765594285,0.0054945054945054,H,A;H;Q;S;Y,matches_consensus,True,False,,0.030819865429748083,buried_core,False,False,False,False,8.894539405905032,True,True,unassigned_manual_review,,not_annotated_no_domain_boundaries,,True,False
6E9E,A,VI-D,binary,767,768,C,680.0,C,768.0,,CYS,True,2596,2597,four_layer_exact,high,0.9945054945054944,0.5187713310580204,1.7740587079985133,0.0054945054945054,C,A;C;S,matches_consensus,True,False,,0.007705367370720836,buried_core,False,True,False,False,5.28067177870308,True,True,unassigned_manual_review,,not_annotated_no_domain_boundaries,,True,False
6E9E,A,VI-D,binary,768,769,V,681.0,V,769.0,,VAL,True,2597,2598,four_layer_exact,high,0.9945054945054944,0.5872440273037542,1.4647097106339533,0.0054945054945054,L,F;L;V;Y,differs_from_consensus,True,True,scaffold_differs_from_msa_consensus,0.02082117613861925,buried_core,False,False,False,False,9.121412560397467,True,True,unassigned_manual_review,,not_annotated_no_domain_boundaries,,True,False
6E9E,A,VI-D,binary,769,770,E,682.0,E,770.0,,GLU,True,2598,2599,four_layer_exact,high,0.9945054945054944,0.938566552901024,0.3149912403921044,0.0054945054945054,E,E,matches_consensus,True,False,,0.17007833152413293,buried_core,False,False,False,False,11.821027576697679,True,True,unassigned_manual_review,,not_annotated_no_domain_boundaries,,True,False
6E9E,A,VI-D,binary,770,771,R,683.0,R,771.0,,ARG,True,2599,2600,four_layer_exact,high,0.9945054945054944,0.9110494880546076,0.4445948802520189,0.0054945054945054,R,R,matches_consensus,True,False,,0.203569746295308,surface,False,True,False,False,5.840448339294794,True,False,unassigned_manual_review,,not_annotated_no_domain_boundaries,,True,False
6E9E,A,VI-D,binary,771,772,D,684.0,D,772.0,,ASP,True,2600,2601,four_layer_exact,high,0.9945054945054944,0.9726962457337884,0.1630920840305657,0.0054945054945054,D,D,matches_consensus,True,False,,0.011103202321893477,buried_core,False,True,False,False,7.33031149418728,True,True,unassigned_manual_review,,not_annotated_no_domain_boundaries,,True,False
6E9E,A,VI-D,binary,772,773,T,685.0,T,773.0,,THR,True,2602,2603,four_layer_exact,high,0.9835164835164836,0.2320501730103806,2.369872249098753,0.0164835164835165,A,A;R;S;T;Y,differs_from_consensus,True,True,scaffold_differs_from_msa_consensus,0.09127422563092391,buried_core,False,False,False,False,12.723030810244653,True,True,unassigned_manual_review,,not_annotated_no_domain_boundaries,,True,False
6E9E,A,VI-D,binary,773,774,K,686.0,K,774.0,,LYS,True,2603,2604,four_layer_exact,high,0.989010989010989,0.1580756013745704,2.5890123444313358,0.0109890109890109,A,A;E;K;L;Q;S;V;Y,differs_from_consensus,True,True,scaffold_differs_from_msa_consensus,0.3255558453122077,surface,False,False,False,False,14.971587958856782,True,False,unassigned_manual_review,,not_annotated_no_domain_boundaries,,True,False
6E9E,A,VI-D,binary,774,775,L,687.0,L,775.0,,LEU,True,2604,2605,four_layer_exact,high,0.989010989010989,0.7353951890034365,1.0705526406580743,0.0109890109890109,L,F;I;L,matches_consensus,True,False,,0.060081005773130164,buried_core,False,False,False,False,10.759328218986946,True,True,unassigned_manual_review,,not_annotated_no_domain_boundaries,,True,False
6E9E,A,VI-D,binary,775,776,Y,688.0,Y,776.0,,TYR,True,2606,2607,four_layer_exact,high,0.912087912087912,0.4015151515151515,1.846238177005216,0.0879120879120879,Y,F;H;I;K;L;Y,matches_consensus,True,False,,0.027550453597868813,buried_core,False,False,False,False,9.392607265844104,True,True,unassigned_manual_review,,not_annotated_no_domain_boundaries,,True,False
6E9E,A,VI-D,binary,776,777,A,689.0,A,777.0,,ALA,True,2607,2608,four_layer_exact,high,0.7967032967032966,0.2072072072072072,2.42398740981,0.2032967032967033,G,D;E;G;K;L;N,differs_from_consensus,False,True,scaffold_differs_from_msa_consensus,0.3773476526668105,surface,False,False,False,False,16.480172878581282,True,False,unassigned_manual_review,,not_annotated_no_domain_boundaries,,False,False
6E9E,A,VI-D,binary,777,778,E,690.0,E,778.0,,GLU,True,2608,2609,four_layer_exact,high,0.6483516483516484,0.1058823529411764,2.708149798870757,0.3516483516483516,Q,D;E;I;K;L;N;Q;R;V,differs_from_consensus,False,True,scaffold_differs_from_msa_consensus,0.602685219667862,surface,False,False,False,False,17.936343320557658,True,False,unassigned_manual_review,,not_annotated_no_domain_boundaries,,False,False
6E9E,A,VI-D,binary,778,779,S,691.0,S,779.0,,SER,True,2609,2610,four_layer_exact,high,0.5274725274725275,0.2539682539682539,2.3626466250137828,0.4725274725274725,K,E;K;Q;S,differs_from_consensus,False,True,scaffold_differs_from_msa_consensus,0.3882171842774144,surface,False,False,False,False,15.040222559676522,True,False,unassigned_manual_review,,not_annotated_no_domain_boundaries,,False,False
6E9E,A,VI-D,binary,779,780,G,692.0,G,780.0,,GLY,True,2615,2616,four_layer_exact,high,0.7142857142857143,0.2898316062176165,2.073080346070501,0.2857142857142857,G,D;E;G;K;N;S,matches_consensus,False,False,,0.6342053920288392,surface,False,False,False,False,18.77955437122954,True,False,unassigned_manual_review,,not_annotated_no_domain_boundaries,,False,False
6E9E,A,VI-D,binary,780,781,L,693.0,L,781.0,,LEU,True,2617,2618,four_layer_exact,high,0.7472527472527473,0.224390243902439,2.4455305924756554,0.2527472527472527,K,D;E;I;K;L;Q;V,differs_from_consensus,False,True,scaffold_differs_from_msa_consensus,0.27027549855741984,surface,False,False,False,False,16.45598776938736,True,False,unassigned_manual_review,,not_annotated_no_domain_boundaries,,False,False
6E9E,A,VI-D,binary,781,782,E,694.0,E,782.0,,GLU,True,2618,2619,four_layer_exact,high,0.7967032967032966,0.2516816143497757,2.32476777145408,0.2032967032967033,K,A;E;K;N;S;T,differs_from_consensus,False,True,scaffold_differs_from_msa_consensus,0.5880805611992785,surface,False,False,False,False,20.66859259320358,True,False,unassigned_manual_review,,not_annotated_no_domain_boundaries,,False,False
6E9E,A,VI-D,binary,782,783,V,695.0,V,783.0,,VAL,True,2619,2620,four_layer_exact,high,0.7472527472527473,0.2610837438423645,2.1158077834497107,0.2527472527472527,L,F;G;I;L;V;Y,differs_from_consensus,False,True,scaffold_differs_from_msa_consensus,0.09365846015819283,buried_core,False,False,False,False,17.418687752374492,True,True,unassigned_manual_review,,not_annotated_no_domain_boundaries,,False,False
6E9E,A,VI-D,binary,783,784,G,696.0,G,784.0,,GLY,True,2621,2622,four_layer_exact,high,0.6208791208791209,0.1783439490445859,2.4032502966240665,0.3791208791208791,K,D;E;G;K;N;S,differs_from_consensus,False,True,scaffold_differs_from_msa_consensus,0.4378278185065681,surface,False,False,False,False,20.939328728458136,True,False,unassigned_manual_review,,not_annotated_no_domain_boundaries,,False,False
6E9E,A,VI-D,binary,784,785,N,697.0,N,785.0,,ASN,True,2622,2623,four_layer_exact,high,0.5769230769230769,0.2411347517730496,2.336916710266744,0.4230769230769231,N,D;G;K;N;S,matches_consensus,False,False,,0.31610286401400023,surface,False,False,False,False,20.97685805144219,True,False,unassigned_manual_review,,not_annotated_no_domain_boundaries,,False,False
6E9E,A,VI-D,binary,785,786,I,698.0,I,786.0,,ILE,True,2623,2624,four_layer_exact,high,0.3461538461538461,0.1269841269841269,2.487636534927092,0.6538461538461539,G,G;H;I;L;N;S;T;V;Y,differs_from_consensus,False,True,scaffold_differs_from_msa_consensus,0.12260184934415394,buried_core,False,False,False,False,15.298392823462981,True,True,unassigned_manual_review,,not_annotated_no_domain_boundaries,,False,False
6E9E,A,VI-D,binary,786,787,E,699.0,E,787.0,,GLU,True,2642,2643,four_layer_exact,high,0.412087912087912,0.188235294117647,2.454431655078948,0.5879120879120879,D,D;E;G;L;S;T,differs_from_consensus,False,True,scaffold_differs_from_msa_consensus,0.5996933527843276,surface,False,False,False,False,19.811565309704015,True,False,unassigned_manual_review,,not_annotated_no_domain_boundaries,,False,False
6E9E,A,VI-D,binary,787,788,K,700.0,K,788.0,,LYS,True,2643,2644,four_layer_exact,high,0.4175824175824176,0.5632183908045977,1.5845661384715548,0.5824175824175823,K,E;K;N,matches_consensus,False,False,,0.4837919568195502,surface,False,False,False,False,21.620620475209904,True,False,unassigned_manual_review,,not_annotated_no_domain_boundaries,,False,False
6E9E,A,VI-D,binary,788,789,N,701.0,N,789.0,,ASN,True,2644,2645,four_layer_exact,high,0.3681318681318681,0.1739130434782608,2.3475170550896696,0.6318681318681318,N,A;D;E;F;K;N;Q;S,matches_consensus,False,False,,0.16312064146990635,buried_core,False,False,False,False,18.63895912187598,True,True,unassigned_manual_review,,not_annotated_no_domain_boundaries,,False,False
6E9E,A,VI-D,binary,789,790,K,702.0,K,790.0,,LYS,True,2645,2646,four_layer_exact,high,0.3406593406593406,0.1475409836065573,2.536311353937628,0.6593406593406593,R,A;C;D;E;G;K;L;N;Q;R,differs_from_consensus,False,True,scaffold_differs_from_msa_consensus,0.07289027429659438,buried_core,False,False,False,False,15.006307978206092,True,True,unassigned_manual_review,,not_annotated_no_domain_boundaries,,False,False
6E9E,A,VI-D,binary,790,791,T,703.0,T,791.0,,THR,True,2677,2678,four_layer_exact,high,0.989010989010989,0.3024054982817869,2.309402011292449,0.0109890109890109,L,A;F;L;R;S;T,differs_from_consensus,True,True,scaffold_differs_from_msa_consensus,0.06308581065467675,buried_core,False,False,False,False,16.92367117400604,True,True,unassigned_manual_review,,not_annotated_no_domain_boundaries,,True,False
6E9E,A,VI-D,binary,791,792,N,704.0,N,792.0,,ASN,True,2678,2679,four_layer_exact,high,0.989010989010989,0.3230240549828179,2.3644001380882167,0.0109890109890109,A,A;E;G;K;S,differs_from_consensus,True,True,scaffold_differs_from_msa_consensus,0.17939937573545217,buried_core,False,False,False,False,17.868332488961904,True,True,unassigned_manual_review,,not_annotated_no_domain_boundaries,,True,False
6E9E,A,VI-D,binary,792,793,L,705.0,L,793.0,,LEU,True,2679,2680,four_layer_exact,high,0.9945054945054944,0.7098976109215017,1.1075423377193525,0.0054945054945054,L,F;I;L,matches_consensus,True,False,,0.0,buried_core,False,False,False,False,12.233565432211776,True,True,unassigned_manual_review,,not_annotated_no_domain_boundaries,,True,False
6E9E,A,VI-D,binary,793,794,T,706.0,T,794.0,,THR,True,2700,2701,four_layer_exact,high,0.989010989010989,0.5876288659793815,1.3628932113580754,0.0109890109890109,T,A;L;S;T;V,matches_consensus,True,False,,0.0,buried_core,False,False,False,False,14.171598678675023,True,True,unassigned_manual_review,,not_annotated_no_domain_boundaries,,True,False
6E9E,A,VI-D,binary,794,795,M,707.0,M,795.0,,MET,True,2701,2702,four_layer_exact,high,0.989010989010989,0.2336769759450171,2.2404601917955667,0.0109890109890109,K,A;D;E;K;N;Q;R,differs_from_consensus,True,True,scaffold_differs_from_msa_consensus,0.0654012270634818,buried_core,False,False,False,False,17.32402138133424,True,True,unassigned_manual_review,,not_annotated_no_domain_boundaries,,True,False
6E9E,A,VI-D,binary,795,796,A,708.0,A,796.0,,ALA,True,2702,2703,four_layer_exact,high,0.9945054945054944,0.1575342465753424,2.5787273039239347,0.0054945054945054,Y,A;D;E;H;K;L;R;Y,differs_from_consensus,True,True,scaffold_differs_from_msa_consensus,0.1770165206072104,buried_core,False,False,False,False,17.54678169343748,True,True,unassigned_manual_review,,not_annotated_no_domain_boundaries,,True,False
6E9E,A,VI-D,binary,796,797,V,709.0,V,797.0,,VAL,True,2703,2704,four_layer_exact,high,0.989010989010989,0.4827586206896552,1.609178058533682,0.0109890109890109,F,F;L;Y,differs_from_consensus,True,True,scaffold_differs_from_msa_consensus,0.02463124193247633,buried_core,False,False,False,False,13.411472615201657,True,True,unassigned_manual_review,,not_annotated_no_domain_boundaries,,True,False
6E9E,A,VI-D,binary,797,798,M,710.0,M,798.0,,MET,True,2704,2705,four_layer_exact,high,0.989010989010989,0.3862068965517241,1.8964710809938348,0.0109890109890109,L,I;L;M;V,differs_from_consensus,True,True,scaffold_differs_from_msa_consensus,0.019133196858262865,buried_core,False,False,False,False,14.609649534424214,True,True,unassigned_manual_review,,not_annotated_no_domain_boundaries,,True,False
6E9E,A,VI-D,binary,798,799,G,711.0,G,799.0,,GLY,True,2707,2708,four_layer_exact,high,0.9835164835164836,0.2083333333333333,2.3561891361010985,0.0164835164835165,E,A;D;E;G;K;N;S,differs_from_consensus,True,True,scaffold_differs_from_msa_consensus,0.42536487878880397,surface,False,False,False,False,18.65031719720288,True,False,unassigned_manual_review,,not_annotated_no_domain_boundaries,,True,False
6E9E,A,VI-D,binary,799,800,V,712.0,V,800.0,,VAL,True,2708,2709,four_layer_exact,high,0.956043956043956,0.2078853046594982,2.396700478961797,0.0439560439560439,E,D;E;I;K;N;Q;R,differs_from_consensus,True,True,scaffold_differs_from_msa_consensus,0.09090483614219115,buried_core,False,False,False,False,19.67795539792913,True,True,unassigned_manual_review,,not_annotated_no_domain_boundaries,,True,False
6E9E,A,VI-D,binary,800,801,K,713.0,K,801.0,,LYS,True,2750,2751,four_layer_exact,high,0.456043956043956,0.233009708737864,2.282827539938437,0.543956043956044,K,A;D;E;K;N;R;S;T,matches_consensus,False,False,,0.5674969242131285,surface,False,False,False,False,23.413360346915386,True,False,unassigned_manual_review,,not_annotated_no_domain_boundaries,,False,False
6E9E,A,VI-D,binary,801,802,L,714.0,L,802.0,,LEU,True,2751,2752,four_layer_exact,high,0.4615384615384615,0.1904761904761904,2.3429864624014907,0.5384615384615384,E,A;D;E;K;L;N;P;T,differs_from_consensus,False,True,scaffold_differs_from_msa_consensus,0.3837730198493515,surface,False,False,False,False,24.676451406971164,True,False,unassigned_manual_review,,not_annotated_no_domain_boundaries,,False,False
6E9E,A,VI-D,binary,802,803,E,715.0,E,803.0,,GLU,True,2752,2753,four_layer_exact,high,0.467032967032967,0.3271028037383177,2.205568371318245,0.532967032967033,E,D;E;G;N;P;Q,matches_consensus,False,False,,0.5347891192384794,surface,False,False,False,False,28.085825457244997,True,False,unassigned_manual_review,,not_annotated_no_domain_boundaries,,False,False
6E9E,A,VI-D,binary,803,804,N,716.0,N,804.0,,ASN,True,2753,2754,four_layer_exact,high,0.478021978021978,0.2882882882882883,1.9605735622880087,0.5219780219780219,R,K;N;Q;R;S,differs_from_consensus,False,True,scaffold_differs_from_msa_consensus,0.6133254972735773,surface,False,False,False,False,30.870750866429844,True,False,unassigned_manual_review,,not_annotated_no_domain_boundaries,,False,False
6E9E,A,VI-D,binary,804,805,G,717.0,G,805.0,,GLY,True,2754,2755,four_layer_exact,high,0.3021978021978022,0.375,2.021679276633173,0.6978021978021978,G,A;G;I;T,matches_consensus,False,False,,0.607233973284364,surface,False,False,False,False,27.2642946284046,True,False,unassigned_manual_review,,not_annotated_no_domain_boundaries,,False,False
6E9E,A,VI-D,binary,805,806,I,718.0,I,806.0,,ILE,True,2755,2756,four_layer_exact,high,0.2582417582417582,0.375,1.927331081045034,0.7417582417582418,E,A;E;F;I;P;R;S;T;V,differs_from_consensus,False,True,scaffold_differs_from_msa_consensus,0.44136665763895416,surface,False,False,False,False,27.49056924528432,True,False,unassigned_manual_review,,not_annotated_no_domain_boundaries,,False,False
6E9E,A,VI-D,binary,806,807,I,719.0,I,807.0,,ILE,True,2756,2757,four_layer_exact,high,0.2582417582417582,0.3125,1.977006172908861,0.7417582417582418,I,A;E;I;K;L;R;T;V;Y,matches_consensus,False,False,,0.12969081329905224,buried_core,False,False,False,False,22.368909646363207,True,True,unassigned_manual_review,,not_annotated_no_domain_boundaries,,False,False
6E9E,A,VI-D,binary,807,808,K,720.0,K,808.0,,LYS,True,2757,2758,four_layer_exact,high,0.2582417582417582,0.25,2.0467385326945515,0.7417582417582418,K,A;E;F;K;L;M;P;Q;V,matches_consensus,False,False,,0.4810618595562476,surface,False,False,False,False,24.136836297971193,True,False,unassigned_manual_review,,not_annotated_no_domain_boundaries,,False,False
6E9E,A,VI-D,binary,808,809,T,721.0,T,809.0,,THR,True,2758,2759,four_layer_exact,high,0.2582417582417582,0.3125,1.8364223867541591,0.7417582417582418,E,A;D;E;G;K;N;T;Y,differs_from_consensus,False,True,scaffold_differs_from_msa_consensus,0.2532389618264514,surface,False,False,False,False,20.859572617104217,True,False,unassigned_manual_review,,not_annotated_no_domain_boundaries,,False,False
6E9E,A,VI-D,binary,809,810,E,722.0,E,810.0,,GLU,True,2759,2760,four_layer_exact,high,0.2582417582417582,0.375,1.6674619334292948,0.7417582417582418,D,D;E;K;R;S;T;V,differs_from_consensus,False,True,scaffold_differs_from_msa_consensus,0.5575384200568616,surface,False,False,False,False,17.544897661857053,True,False,unassigned_manual_review,,not_annotated_no_domain_boundaries,,False,False
6E9E,A,VI-D,binary,810,811,F,723.0,F,811.0,,PHE,True,2764,2765,four_layer_exact,high,0.3021978021978022,0.2916666666666667,2.278081366326456,0.6978021978021978,C,C;I;L;T,differs_from_consensus,False,True,scaffold_differs_from_msa_consensus,0.3654690132144692,surface,False,False,False,False,10.335136796644276,True,False,unassigned_manual_review,,not_annotated_no_domain_boundaries,,False,False
6E9E,A,VI-D,binary,811,812,D,724.0,D,812.0,,ASP,True,2765,2766,four_layer_exact,high,0.3186813186813186,0.2962962962962963,2.0542170065194,0.6813186813186813,D,A;D;E;G;N;P;V,matches_consensus,False,False,,0.358217351397294,surface,False,False,False,False,12.869181177373205,True,False,unassigned_manual_review,,not_annotated_no_domain_boundaries,,False,False
6E9E,A,VI-D,binary,812,813,K,725.0,K,813.0,,LYS,True,2766,2767,four_layer_exact,high,0.4285714285714285,0.2765957446808511,2.382890784089819,0.5714285714285714,K,K;N;P;Q;R;S,matches_consensus,False,False,,0.4613908037794616,surface,False,True,False,False,6.503898153093277,True,False,unassigned_manual_review,,not_annotated_no_domain_boundaries,,False,False
6E9E,A,VI-D,binary,813,814,S,726.0,S,814.0,,SER,True,2767,2768,four_layer_exact,high,0.4725274725274725,0.1272727272727272,2.515219789085249,0.5274725274725275,E,A;D;E;G;I;K;P;S;V,differs_from_consensus,False,True,scaffold_differs_from_msa_consensus,0.5192225708124144,surface,False,False,False,False,13.547185827371447,True,False,unassigned_manual_review,,not_annotated_no_domain_boundaries,,False,False
6E9E,A,VI-D,binary,814,815,F,727.0,F,815.0,,PHE,True,2768,2769,four_layer_exact,high,0.478021978021978,0.1785714285714285,2.576563939914319,0.5219780219780219,K,A;D;E;F;K;L;R;S;T,differs_from_consensus,False,True,scaffold_differs_from_msa_consensus,0.27674813284248084,surface,False,False,False,False,14.854360290111453,True,False,unassigned_manual_review,,not_annotated_no_domain_boundaries,,False,False
6E9E,A,VI-D,binary,815,816,A,728.0,A,816.0,,ALA,True,2769,2770,four_layer_exact,high,0.478021978021978,0.2321428571428571,2.410439512304235,0.5219780219780219,A,A;D;L;R;V;Y,matches_consensus,False,False,,0.009361459039069119,buried_core,False,False,False,False,11.607315944064778,True,True,unassigned_manual_review,,not_annotated_no_domain_boundaries,,False,False
6E9E,A,VI-D,binary,816,817,E,729.0,E,817.0,,GLU,True,2770,2771,four_layer_exact,high,0.489010989010989,0.396551724137931,1.753979294799344,0.510989010989011,K,A;D;E;K;R,differs_from_consensus,False,True,scaffold_differs_from_msa_consensus,0.5846684816445726,surface,False,False,False,False,9.784059285656346,True,False,unassigned_manual_review,,not_annotated_no_domain_boundaries,,False,False
6E9E,A,VI-D,binary,817,818,N,730.0,N,818.0,,ASN,True,2771,2772,four_layer_exact,high,0.4835164835164835,0.2807017543859649,2.107607824357211,0.5164835164835164,E,A;E;K;N;Q;S;T,differs_from_consensus,False,True,scaffold_differs_from_msa_consensus,0.6408379224390979,surface,False,False,False,False,13.611218296642017,True,False,unassigned_manual_review,,not_annotated_no_domain_boundaries,,False,False
6E9E,A,VI-D,binary,818,819,A,731.0,A,819.0,,ALA,True,2772,2773,four_layer_exact,high,0.4725274725274725,0.3773584905660377,2.041816216533003,0.5274725274725275,A,A;L;S;T;V,matches_consensus,False,False,,0.09967060688955538,buried_core,False,False,False,False,12.642399042414363,True,True,unassigned_manual_review,,not_annotated_no_domain_boundaries,,False,False
6E9E,A,VI-D,binary,819,820,A,732.0,A,820.0,,ALA,True,2773,2774,four_layer_exact,high,0.6318681318681318,0.147239263803681,2.588783200271536,0.3681318681318681,K,K;L;N;R;T,differs_from_consensus,False,True,scaffold_differs_from_msa_consensus,0.2432592178704107,surface,False,False,False,False,11.368334261894821,True,False,unassigned_manual_review,,not_annotated_no_domain_boundaries,,False,False
6E9E,A,VI-D,binary,820,821,N,733.0,N,821.0,,ASN,True,2774,2775,four_layer_exact,high,0.6373626373626373,0.2909090909090909,2.0103418791286254,0.3626373626373627,N,D;K;N;R;S,matches_consensus,False,False,,0.0,buried_core,False,False,False,False,9.354452630631142,True,True,unassigned_manual_review,,not_annotated_no_domain_boundaries,,False,False
6E9E,A,VI-D,binary,821,822,R,734.0,R,822.0,,ARG,True,2775,2776,four_layer_exact,high,0.6373626373626373,0.2181818181818181,2.301561125909051,0.3626373626373627,R,A;E;G;K;R,matches_consensus,False,False,,0.27716304474230935,surface,True,False,True,False,4.987481734621035,True,False,unassigned_manual_review,,not_annotated_no_domain_boundaries,,False,False
6E9E,A,VI-D,binary,822,823,Y,735.0,Y,823.0,,TYR,True,2776,2777,four_layer_exact,high,0.6648351648351648,0.3085714285714285,2.1124356890593097,0.3351648351648352,Y,F;H;L;Y,matches_consensus,False,False,,0.056586127972075045,buried_core,True,False,True,False,2.515326039744261,True,True,unassigned_manual_review,,not_annotated_no_domain_boundaries,,False,False
6E9E,A,VI-D,binary,823,824,L,736.0,L,824.0,,LEU,True,2777,2778,four_layer_exact,high,0.6648351648351648,0.5828571428571429,1.5659919020608035,0.3351648351648352,L,F;I;K;L;R,matches_consensus,False,False,,0.0,buried_core,False,False,False,False,8.09549965794028,True,True,unassigned_manual_review,,not_annotated_no_domain_boundaries,,False,False
6E9E,A,VI-D,binary,824,825,R,737.0,R,825.0,,ARG,True,2778,2779,four_layer_exact,high,0.6593406593406593,0.3930635838150289,1.8599215232801665,0.3406593406593406,K,A;D;K;R,differs_from_consensus,False,True,scaffold_differs_from_msa_consensus,0.32716013887552986,surface,False,True,False,False,7.478257672165515,True,False,unassigned_manual_review,,not_annotated_no_domain_boundaries,,False,False
6E9E,A,VI-D,binary,825,826,N,738.0,N,826.0,,ASN,True,2791,2792,four_layer_exact,high,0.9615384615384616,0.3487544483985765,2.0376508177228585,0.0384615384615384,N,K;N;Q;R,matches_consensus,True,False,,0.19525078895718348,buried_core,True,False,True,False,4.415487726520887,True,True,unassigned_manual_review,,not_annotated_no_domain_boundaries,,True,False
6E9E,A,VI-D,binary,826,827,A,739.0,A,827.0,,ALA,True,2792,2793,four_layer_exact,high,0.9835164835164836,0.405997693194925,2.0801532475047324,0.0164835164835165,K,K;M;R;T,differs_from_consensus,True,True,scaffold_differs_from_msa_consensus,0.23598260738861687,surface,False,True,False,False,7.826624324175169,True,False,unassigned_manual_review,,not_annotated_no_domain_boundaries,,True,False
6E9E,A,VI-D,binary,827,828,R,740.0,R,828.0,,ARG,True,2793,2794,four_layer_exact,high,0.9835164835164836,0.3598615916955017,1.445138951463459,0.0164835164835165,H,H;K;R;S,differs_from_consensus,True,True,scaffold_differs_from_msa_consensus,0.41111523542206696,surface,False,True,False,False,6.706202057983005,True,False,unassigned_manual_review,,not_annotated_no_domain_boundaries,,True,False
6E9E,A,VI-D,binary,828,829,W,741.0,W,829.0,,TRP,True,2794,2795,four_layer_exact,high,0.9835164835164836,0.1799307958477508,2.322548022835267,0.0164835164835165,F,A;F;L;V;W;Y,differs_from_consensus,True,True,scaffold_differs_from_msa_consensus,0.09465673780926635,buried_core,False,True,False,False,5.344033055734758,True,True,unassigned_manual_review,,not_annotated_no_domain_boundaries,,True,False
6E9E,A,VI-D,binary,829,830,Y,742.0,Y,830.0,,TYR,True,2795,2796,four_layer_exact,high,0.9835164835164836,0.1453287197231834,2.612648747591606,0.0164835164835165,S,A;C;G;K;N;R;S;T;Y,differs_from_consensus,True,True,scaffold_differs_from_msa_consensus,0.008147977369298254,buried_core,False,False,False,False,9.695265656987951,True,True,unassigned_manual_review,,not_annotated_no_domain_boundaries,,True,False
6E9E,A,VI-D,binary,830,831,K,743.0,K,831.0,,LYS,True,2796,2797,four_layer_exact,high,0.978021978021978,0.1672473867595819,2.5902126977516384,0.021978021978022,E,D;E;G;K;Q;R;S,differs_from_consensus,True,True,scaffold_differs_from_msa_consensus,0.32883023681457807,surface,False,False,False,False,11.031178066786918,True,False,unassigned_manual_review,,not_annotated_no_domain_boundaries,,True,False
6E9E,A,VI-D,binary,831,832,L,744.0,L,832.0,,LEU,True,2820,2821,four_layer_exact,high,0.967032967032967,0.4770318021201413,1.7914208502171265,0.0329670329670329,Y,C;I;L;Y,differs_from_consensus,True,True,scaffold_differs_from_msa_consensus,0.22830782193789464,surface,False,False,False,False,10.651523014995792,True,False,unassigned_manual_review,,not_annotated_no_domain_boundaries,,True,False
6E9E,A,VI-D,binary,832,833,I,745.0,I,833.0,,ILE,True,2821,2822,four_layer_exact,high,0.9615384615384616,0.3914590747330961,1.5504590116416832,0.0384615384615384,L,F;I;L;M;V,differs_from_consensus,True,True,scaffold_differs_from_msa_consensus,0.012260184934415394,buried_core,False,False,False,False,10.980423120659806,True,True,unassigned_manual_review,,not_annotated_no_domain_boundaries,,True,False
6E9E,A,VI-D,binary,833,834,L,746.0,L,834.0,,LEU,True,2822,2823,four_layer_exact,high,0.956043956043956,0.2795698924731182,2.501059938905497,0.0439560439560439,K,A;E;K;R;S;T;V,differs_from_consensus,True,True,scaffold_differs_from_msa_consensus,0.030040502886565082,buried_core,False,False,False,False,15.464633921627742,True,True,unassigned_manual_review,,not_annotated_no_domain_boundaries,,True,False
6E9E,A,VI-D,binary,834,835,D,747.0,D,835.0,,ASP,True,2824,2825,four_layer_exact,high,0.9505494505494504,0.2202166064981949,2.3007268366601537,0.0494505494505495,K,D;E;H;K;N;Q;S;T,differs_from_consensus,True,True,scaffold_differs_from_msa_consensus,0.3749648725576204,surface,False,False,False,False,16.01949803913428,True,False,unassigned_manual_review,,not_annotated_no_domain_boundaries,,True,False
6E9E,A,VI-D,binary,835,836,N,748.0,N,836.0,,ASN,True,2860,2861,four_layer_exact,high,0.978021978021978,0.6794425087108014,1.0070103004882645,0.021978021978022,N,D;N,matches_consensus,True,False,,0.128192962112168,buried_core,False,False,False,False,14.265350128847345,True,True,unassigned_manual_review,,not_annotated_no_domain_boundaries,,True,False
6E9E,A,VI-D,binary,836,837,L,749.0,L,837.0,,LEU,True,2867,2868,four_layer_exact,high,0.945054945054945,0.3709090909090909,1.7519562069429615,0.0549450549450549,L,F;I;L;M;V,matches_consensus,True,False,,0.060669437018017476,buried_core,False,False,False,False,18.23448378254628,True,True,unassigned_manual_review,,not_annotated_no_domain_boundaries,,True,False
6E9E,A,VI-D,binary,837,838,K,750.0,K,838.0,,LYS,True,2886,2887,four_layer_exact,high,0.967032967032967,0.2367491166077738,2.1489935970760325,0.0329670329670329,E,A;D;E;K;N;S,differs_from_consensus,True,True,scaffold_differs_from_msa_consensus,0.33401194778900917,surface,False,False,False,False,19.986108942795813,True,False,unassigned_manual_review,,not_annotated_no_domain_boundaries,,True,False
6E9E,A,VI-D,binary,838,839,K,751.0,K,839.0,,LYS,True,2887,2888,four_layer_exact,high,0.967032967032967,0.4169611307420495,2.00488469845492,0.0329670329670329,N,E;H;N;S,differs_from_consensus,True,True,scaffold_differs_from_msa_consensus,0.32245818170843515,surface,False,False,False,False,20.576702465658585,True,False,unassigned_manual_review,,not_annotated_no_domain_boundaries,,True,False
6E9E,A,VI-D,binary,839,840,S,752.0,S,840.0,,SER,True,2901,2902,four_layer_exact,high,0.945054945054945,0.2909090909090909,2.1035600283597664,0.0549450549450549,A,A;I;L;S;V;Y,differs_from_consensus,True,True,scaffold_differs_from_msa_consensus,0.26619432053091713,surface,False,False,False,False,19.654462023551375,True,False,unassigned_manual_review,,not_annotated_no_domain_boundaries,,True,False
6E9E,A,VI-D,binary,840,841,E,753.0,E,841.0,,GLU,True,2902,2903,four_layer_exact,high,0.9395604395604396,0.358974358974359,2.0819152050835474,0.0604395604395604,D,D;E;K;N;R;S,differs_from_consensus,True,True,scaffold_differs_from_msa_consensus,0.11425321622000265,buried_core,False,False,False,False,20.86758960106244,True,True,unassigned_manual_review,,not_annotated_no_domain_boundaries,,True,False
6E9E,A,VI-D,binary,841,842,R,754.0,R,842.0,,ARG,True,2903,2904,four_layer_exact,high,0.934065934065934,0.1845018450184501,2.3924975417138663,0.0659340659340659,K,D;E;K;N;Q;S,differs_from_consensus,True,True,scaffold_differs_from_msa_consensus,0.5121375729455617,surface,False,False,False,False,21.518213096022812,True,False,unassigned_manual_review,,not_annotated_no_domain_boundaries,,True,False
6E9E,A,VI-D,binary,842,843,A,755.0,A,843.0,,ALA,True,2904,2905,four_layer_exact,high,0.912087912087912,0.1444866920152091,2.714515138638037,0.0879120879120879,I,A;G;I;L;N;S;T;W;Y,differs_from_consensus,True,True,scaffold_differs_from_msa_consensus,0.37571831069087425,surface,False,False,False,False,21.948729203321783,True,False,unassigned_manual_review,,not_annotated_no_domain_boundaries,,True,False
6E9E,A,VI-D,binary,843,844,V,756.0,V,844.0,,VAL,True,2927,2928,four_layer_exact,high,0.945054945054945,0.2608695652173913,2.1653032680391404,0.0549450549450549,L,A;F;I;L;M;S;T;V,differs_from_consensus,True,True,scaffold_differs_from_msa_consensus,0.06246352841585774,buried_core,False,False,False,False,18.882540181871022,True,True,unassigned_manual_review,,not_annotated_no_domain_boundaries,,True,False
6E9E,A,VI-D,binary,844,845,V,757.0,V,845.0,,VAL,True,2928,2929,four_layer_exact,high,0.967032967032967,0.3028169014084507,1.9963040312387688,0.0329670329670329,I,F;I;L;V;Y,differs_from_consensus,True,True,scaffold_differs_from_msa_consensus,0.013880784092412831,buried_core,False,False,False,False,16.554214990031635,True,True,unassigned_manual_review,,not_annotated_no_domain_boundaries,,True,False
6E9E,A,VI-D,binary,845,846,N,758.0,N,846.0,,ASN,True,2940,2941,four_layer_exact,high,0.9945054945054944,0.2491467576791808,2.291636948478845,0.0054945054945054,R,K;N;R;S;T;V,differs_from_consensus,True,True,scaffold_differs_from_msa_consensus,0.1485219987340373,buried_core,False,False,False,False,19.064181853291103,True,True,unassigned_manual_review,,not_annotated_no_domain_boundaries,,True,False
6E9E,A,VI-D,binary,846,847,E,759.0,E,847.0,,GLU,True,2941,2942,four_layer_exact,high,0.9945054945054944,0.1228668941979522,2.709728539248469,0.0054945054945054,A,A;D;E;K;L;N;Q;S;T;V,differs_from_consensus,True,True,scaffold_differs_from_msa_consensus,0.18931631790596223,buried_core,False,False,False,False,18.466554825899888,True,True,unassigned_manual_review,,not_annotated_no_domain_boundaries,,True,False
6E9E,A,VI-D,binary,847,848,F,760.0,F,848.0,,PHE,True,2942,2943,four_layer_exact,high,0.9945054945054944,0.4778156996587031,1.264865563050892,0.0054945054945054,Y,A;F;Y,differs_from_consensus,True,True,scaffold_differs_from_msa_consensus,0.010063568466999302,buried_core,False,False,False,False,11.985761615009954,True,True,unassigned_manual_review,,not_annotated_no_domain_boundaries,,True,False
6E9E,A,VI-D,binary,848,849,R,761.0,R,849.0,,ARG,True,2943,2944,four_layer_exact,high,0.9945054945054944,0.9863481228668942,0.0721777615461715,0.0054945054945054,R,R,matches_consensus,True,False,,0.12622437724125796,buried_core,False,False,False,False,15.270970116607685,True,True,HEPN2,,not_annotated_no_domain_boundaries,HEPN2_R,True,False
6E9E,A,VI-D,binary,849,850,N,762.0,N,850.0,,ASN,True,2944,2945,four_layer_exact,high,0.9945054945054944,0.9658703071672357,0.1942834193895058,0.0054945054945054,N,N,matches_consensus,True,False,,0.27951249271666656,surface,False,False,False,False,17.450624694505073,True,False,unassigned_manual_review,,not_annotated_no_domain_boundaries,,True,False
6E9E,A,VI-D,binary,850,851,T,763.0,T,851.0,,THR,True,2945,2946,four_layer_exact,high,0.9945054945054944,0.1979522184300341,2.486413414557738,0.0054945054945054,N,A;C;I;K;N;Q;S;T,differs_from_consensus,True,True,scaffold_differs_from_msa_consensus,0.01947992014049626,buried_core,False,False,False,False,16.488516257383786,True,True,unassigned_manual_review,,not_annotated_no_domain_boundaries,,True,False
6E9E,A,VI-D,binary,851,852,V,764.0,V,852.0,,VAL,True,2946,2947,four_layer_exact,high,0.9945054945054944,0.5358361774744027,1.1687021341462314,0.0054945054945054,V,A;I;T;V,matches_consensus,True,False,,0.0,buried_core,False,False,False,False,12.668601783761504,True,True,unassigned_manual_review,,not_annotated_no_domain_boundaries,,True,False
6E9E,A,VI-D,binary,852,853,C,765.0,C,853.0,,CYS,True,2947,2948,four_layer_exact,high,0.9945054945054944,0.5426621160409556,1.5575289013707645,0.0054945054945054,A,A;D;E;M,differs_from_consensus,True,True,scaffold_differs_from_msa_consensus,0.04236386901149281,buried_core,False,False,False,False,13.77793829322865,True,True,unassigned_manual_review,,not_annotated_no_domain_boundaries,,True,False
6E9E,A,VI-D,binary,853,854,H,766.0,H,854.0,,HIS,True,2948,2949,four_layer_exact,high,0.9945054945054944,0.9931740614334472,0.040843717863401,0.0054945054945054,H,H,matches_consensus,True,False,,0.25378896233100867,surface,False,False,False,False,17.200507664177042,True,False,HEPN2,,not_annotated_no_domain_boundaries,HEPN2_H,True,False
6E9E,A,VI-D,binary,854,855,L,767.0,L,855.0,,LEU,True,2949,2950,four_layer_exact,high,0.9945054945054944,0.7747440273037542,0.9264919163679826,0.0054945054945054,L,I;L;M,matches_consensus,True,False,,0.0060081005773130166,buried_core,False,False,False,False,15.328153649912565,True,True,unassigned_manual_review,,not_annotated_no_domain_boundaries,,True,False
6E9E,A,VI-D,binary,855,856,N,768.0,N,856.0,,ASN,True,2950,2951,four_layer_exact,high,0.9945054945054944,0.5460750853242321,1.51553409871928,0.0054945054945054,N,A;N;S;T,matches_consensus,True,False,,0.18719851643920704,buried_core,False,False,False,False,19.429473097139567,True,True,unassigned_manual_review,,not_annotated_no_domain_boundaries,,True,False
6E9E,A,VI-D,binary,856,857,A,769.0,A,857.0,,ALA,True,2951,2952,four_layer_exact,high,0.9945054945054944,0.4129692832764505,1.4208257338511148,0.0054945054945054,A,A;I;V,matches_consensus,True,False,,0.0,buried_core,False,False,False,False,18.18183779331057,True,True,unassigned_manual_review,,not_annotated_no_domain_boundaries,,True,False
6E9E,A,VI-D,binary,857,858,I,770.0,I,858.0,,ILE,True,2952,2953,four_layer_exact,high,0.9945054945054944,0.4197952218430034,1.2712606531607642,0.0054945054945054,V,I;L;V,differs_from_consensus,True,True,scaffold_differs_from_msa_consensus,0.032633269768407726,buried_core,False,False,False,False,14.261281727795264,True,True,unassigned_manual_review,,not_annotated_no_domain_boundaries,,True,False
6E9E,A,VI-D,binary,858,859,R,771.0,R,859.0,,ARG,True,2970,2971,four_layer_exact,high,0.9835164835164836,0.5190311418685121,1.805813755696792,0.0164835164835165,R,A;N;R;S,matches_consensus,True,False,,0.18643710515595593,buried_core,False,False,False,False,18.90635662167171,True,True,unassigned_manual_review,,not_annotated_no_domain_boundaries,,True,False
6E9E,A,VI-D,binary,859,860,N,772.0,N,860.0,,ASN,True,2971,2972,four_layer_exact,high,0.9835164835164836,0.3806228373702422,2.102410568039889,0.0164835164835165,N,A;D;E;K;N;R;S,matches_consensus,True,False,,0.2915622888343863,surface,False,False,False,False,20.87021851936018,True,False,unassigned_manual_review,,not_annotated_no_domain_boundaries,,True,False
6E9E,A,VI-D,binary,860,861,I,773.0,I,861.0,,ILE,True,2972,2973,four_layer_exact,high,0.978021978021978,0.3310104529616725,1.93143586602138,0.021978021978022,A,A;C;F;I;L;M;V,differs_from_consensus,True,True,scaffold_differs_from_msa_consensus,0.07969120207370006,buried_core,False,False,False,False,15.097146371432302,True,True,unassigned_manual_review,,not_annotated_no_domain_boundaries,,True,False
6E9E,A,VI-D,binary,861,862,N,774.0,N,862.0,,ASN,True,2973,2974,four_layer_exact,high,0.978021978021978,0.2578397212543554,2.355268453829789,0.021978021978022,D,A;D;G;H;N;P;S,differs_from_consensus,True,True,scaffold_differs_from_msa_consensus,0.07479123576401837,buried_core,False,False,False,False,20.15161766966653,True,True,unassigned_manual_review,,not_annotated_no_domain_boundaries,,True,False
6E9E,A,VI-D,binary,862,863,I,775.0,I,863.0,,ILE,True,2974,2975,four_layer_exact,high,0.9835164835164836,0.3206459054209919,2.181501697909065,0.0164835164835165,K,D;E;K;L;N;R,differs_from_consensus,True,True,scaffold_differs_from_msa_consensus,0.4018212461458157,surface,False,False,False,False,22.640674130608716,True,False,unassigned_manual_review,,not_annotated_no_domain_boundaries,,True,False
6E9E,A,VI-D,binary,863,864,N,776.0,N,864.0,,ASN,True,2975,2976,four_layer_exact,high,0.9615384615384616,0.7217258662017869,1.0803433260661472,0.0384615384615384,Y,F;Y,differs_from_consensus,True,True,scaffold_differs_from_msa_consensus,0.016483984985580312,buried_core,False,False,False,False,20.98114987466467,True,True,unassigned_manual_review,,not_annotated_no_domain_boundaries,,True,False
6E9E,A,VI-D,binary,864,865,I,777.0,I,865.0,,ILE,True,2976,2977,four_layer_exact,high,0.967032967032967,0.4875568058861718,1.6375594256322548,0.0329670329670329,I,A;I;L;V,matches_consensus,True,False,,0.023829155696357712,buried_core,False,False,False,False,15.705870023104898,True,True,unassigned_manual_review,,not_annotated_no_domain_boundaries,,True,False
6E9E,A,VI-D,binary,865,866,K,778.0,K,866.0,,LYS,True,2984,2985,four_layer_exact,high,0.9835164835164836,0.2745098039215686,2.1201385496305694,0.0164835164835165,G,A;D;E;G;K;N;S,differs_from_consensus,True,True,scaffold_differs_from_msa_consensus,0.5651454687355831,surface,False,False,False,False,21.591578798201557,True,False,unassigned_manual_review,,not_annotated_no_domain_boundaries,,True,False
6E9E,A,VI-D,binary,866,867,E,779.0,E,867.0,,GLU,True,2985,2986,four_layer_exact,high,0.9835164835164836,0.4636678200692041,1.6664074302277303,0.0164835164835165,D,D;E;G;K;N,differs_from_consensus,True,True,scaffold_differs_from_msa_consensus,0.43083626961873445,surface,False,False,False,False,21.891370154264177,True,False,unassigned_manual_review,,not_annotated_no_domain_boundaries,,True,False
6E9E,A,VI-D,binary,867,868,I,780.0,I,868.0,,ILE,True,2992,2993,four_layer_exact,high,0.9835164835164836,0.5397923875432526,1.5186884667253122,0.0164835164835165,I,F;I;L;V,matches_consensus,True,False,,0.15479006546902674,buried_core,False,False,False,False,16.856214731381925,True,True,unassigned_manual_review,,not_annotated_no_domain_boundaries,,True,False
6E9E,A,VI-D,binary,868,869,K,781.0,K,869.0,,LYS,True,2993,2994,four_layer_exact,high,0.9505494505494504,0.3032490974729241,2.110489159128578,0.0494505494505495,K,A;E;G;K;R;S;T,matches_consensus,True,False,,0.540919689331756,surface,False,False,False,False,19.70978094684635,True,False,unassigned_manual_review,,not_annotated_no_domain_boundaries,,True,False
6E9E,A,VI-D,binary,869,870,E,782.0,E,870.0,,GLU,True,3006,3007,four_layer_exact,high,0.9615384615384616,0.192170818505338,2.4255818223282586,0.0384615384615384,E,D;E;K;N;R;S;Y,matches_consensus,True,False,,0.5637168480412964,surface,False,False,False,False,16.584999029120098,True,False,unassigned_manual_review,,not_annotated_no_domain_boundaries,,True,False
6E9E,A,VI-D,binary,870,871,V,783.0,V,871.0,,VAL,True,3007,3008,four_layer_exact,high,0.989010989010989,0.3539518900343643,1.6060298236467747,0.0109890109890109,I,F;I;M;V,differs_from_consensus,True,True,scaffold_differs_from_msa_consensus,0.13126072428291483,buried_core,False,False,False,False,12.045838986820472,True,True,unassigned_manual_review,,not_annotated_no_domain_boundaries,,True,False
6E9E,A,VI-D,binary,871,872,E,784.0,E,872.0,,GLU,True,3008,3009,four_layer_exact,high,0.989010989010989,0.2623138602520045,2.1231691141312816,0.0109890109890109,D,D;E;K;N;S;T,differs_from_consensus,True,True,scaffold_differs_from_msa_consensus,0.37272914649218675,surface,False,False,False,False,11.637515398807976,True,False,unassigned_manual_review,,not_annotated_no_domain_boundaries,,True,False
6E9E,A,VI-D,binary,872,873,N,785.0,N,873.0,,ASN,True,3035,3036,four_layer_exact,high,0.989010989010989,0.8625429553264605,0.6452752271356559,0.0109890109890109,S,S,differs_from_consensus,True,True,scaffold_differs_from_msa_consensus,0.11591188033221787,buried_core,False,False,False,False,10.355189208199866,True,True,unassigned_manual_review,,not_annotated_no_domain_boundaries,,True,False
6E9E,A,VI-D,binary,873,874,Y,786.0,Y,874.0,,TYR,True,3044,3045,four_layer_exact,high,0.9945054945054944,0.8771331058020477,0.5003688822901302,0.0054945054945054,Y,W;Y,matches_consensus,True,False,,0.11245721512193,buried_core,False,True,False,False,5.063591162490374,True,True,unassigned_manual_review,,not_annotated_no_domain_boundaries,,True,False
6E9E,A,VI-D,binary,874,875,F,787.0,F,875.0,,PHE,True,3045,3046,four_layer_exact,high,0.9945054945054944,0.7303754266211604,0.646373754231609,0.0054945054945054,F,F;Y,matches_consensus,True,False,,0.0438605604349305,buried_core,False,False,False,False,9.94952227991439,True,True,unassigned_manual_review,,not_annotated_no_domain_boundaries,,True,False
6E9E,A,VI-D,binary,875,876,A,788.0,A,876.0,,ALA,True,3046,3047,four_layer_exact,high,0.9945054945054944,0.3412969283276451,1.7842046366484416,0.0054945054945054,E,A;D;E;G;Q;S,differs_from_consensus,True,True,scaffold_differs_from_msa_consensus,0.055113179102808545,buried_core,False,False,False,False,13.376151966496495,True,True,unassigned_manual_review,,not_annotated_no_domain_boundaries,,True,False
6E9E,A,VI-D,binary,876,877,L,789.0,L,877.0,,LEU,True,3047,3048,four_layer_exact,high,0.9945054945054944,0.6655290102389079,1.0945551553873465,0.0054945054945054,L,F;I;L;V,matches_consensus,True,False,,0.0360486034638781,buried_core,False,False,False,False,12.142941523997655,True,True,unassigned_manual_review,,not_annotated_no_domain_boundaries,,True,False
6E9E,A,VI-D,binary,877,878,Y,790.0,Y,878.0,,TYR,True,3048,3049,four_layer_exact,high,0.9945054945054944,0.9112627986348124,0.3236709773367355,0.0054945054945054,Y,F;Y,matches_consensus,True,False,,0.0,buried_core,False,False,False,False,12.547756997813755,True,True,unassigned_manual_review,,not_annotated_no_domain_boundaries,,True,False
6E9E,A,VI-D,binary,878,879,H,791.0,H,879.0,,HIS,True,3049,3050,four_layer_exact,high,0.9945054945054944,0.7406143344709898,1.0243926616835215,0.0054945054945054,H,C;H,matches_consensus,True,False,,0.005391197393035341,buried_core,False,False,False,False,11.665778264351164,True,True,unassigned_manual_review,,not_annotated_no_domain_boundaries,,True,False
6E9E,A,VI-D,binary,879,880,Y,792.0,Y,880.0,,TYR,True,3050,3051,four_layer_exact,high,0.9945054945054944,0.78839590443686,0.8194246612011497,0.0054945054945054,Y,F;Y,matches_consensus,True,False,,0.030071181537530915,buried_core,False,False,False,False,17.870308449684,True,True,unassigned_manual_review,,not_annotated_no_domain_boundaries,,True,False
6E9E,A,VI-D,binary,880,881,L,793.0,L,881.0,,LEU,True,3051,3052,four_layer_exact,high,0.9945054945054944,0.3686006825938566,1.602683868186286,0.0054945054945054,I,A;C;I;L;V,differs_from_consensus,True,True,scaffold_differs_from_msa_consensus,0.0,buried_core,False,False,False,False,16.3396815703465,True,True,unassigned_manual_review,,not_annotated_no_domain_boundaries,,True,False
6E9E,A,VI-D,binary,881,882,I,794.0,I,882.0,,ILE,True,3061,3062,four_layer_exact,high,0.9945054945054944,0.3651877133105802,1.635936536196335,0.0054945054945054,M,I;L;M;V,differs_from_consensus,True,True,scaffold_differs_from_msa_consensus,0.006130092467207697,buried_core,False,False,False,False,15.110585617555026,True,True,unassigned_manual_review,,not_annotated_no_domain_boundaries,,True,False
6E9E,A,VI-D,binary,882,883,Q,795.0,Q,883.0,,GLN,True,3062,3063,four_layer_exact,high,0.9945054945054944,0.931740614334471,0.3684350711820774,0.0054945054945054,Q,Q,matches_consensus,True,False,,0.014286120320836272,buried_core,False,False,False,False,18.440774727457775,True,True,unassigned_manual_review,,not_annotated_no_domain_boundaries,,True,False
6E9E,A,VI-D,binary,883,884,K,796.0,K,884.0,,LYS,True,3063,3064,four_layer_exact,high,0.9945054945054944,0.5870307167235495,1.465201573163282,0.0054945054945054,R,K;R;S,differs_from_consensus,True,True,scaffold_differs_from_msa_consensus,0.17725105364552615,buried_core,False,False,False,False,22.031049536880104,True,True,unassigned_manual_review,,not_annotated_no_domain_boundaries,,True,False
6E9E,A,VI-D,binary,884,885,H,797.0,H,885.0,,HIS,True,3080,3081,four_layer_exact,high,0.9615384615384616,0.1067615658362989,2.7734581905670805,0.0384615384615384,H,A;H;I;L;M;Q;S;Y,matches_consensus,True,False,,0.08636170884875764,buried_core,False,False,False,False,21.6426509966656,True,True,unassigned_manual_review,,not_annotated_no_domain_boundaries,,True,False
6E9E,A,VI-D,binary,885,886,L,798.0,L,886.0,,LEU,True,3081,3082,four_layer_exact,high,0.989010989010989,0.5773195876288659,1.2142087209349026,0.0109890109890109,L,I;L;M;V,matches_consensus,True,False,,0.041379245374637906,buried_core,False,False,False,False,19.457591338177302,True,True,unassigned_manual_review,,not_annotated_no_domain_boundaries,,True,False
6E9E,A,VI-D,binary,886,887,E,799.0,E,887.0,,GLU,True,3091,3092,four_layer_exact,high,0.8131868131868132,0.1746724890829694,2.4703232462616773,0.1868131868131868,L,A;F;I;L;M;Q;V;Y,differs_from_consensus,True,True,scaffold_differs_from_msa_consensus,0.11539422013121137,buried_core,False,False,False,False,24.626250740180453,True,True,unassigned_manual_review,,not_annotated_no_domain_boundaries,,True,False
6E9E,A,VI-D,binary,887,888,N,800.0,N,888.0,,ASN,True,3092,3093,four_layer_exact,high,0.7967032967032966,0.2690582959641255,2.1311032502971,0.2032967032967033,D,D;E;G;K;N;S,differs_from_consensus,False,True,scaffold_differs_from_msa_consensus,0.4413800414860794,surface,False,False,False,False,26.67297147106443,True,False,unassigned_manual_review,,not_annotated_no_domain_boundaries,,False,False
6E9E,A,VI-D,binary,888,889,R,801.0,R,889.0,,ARG,True,3093,3094,four_layer_exact,high,0.7307692307692307,0.2512562814070351,2.329051546329626,0.2692307692307693,K,E;K;N;Q;R;S,differs_from_consensus,False,True,scaffold_differs_from_msa_consensus,0.4055368217106204,surface,False,False,False,False,25.475163823547224,True,False,unassigned_manual_review,,not_annotated_no_domain_boundaries,,False,False
6E9E,A,VI-D,binary,889,890,F,802.0,F,890.0,,PHE,True,3094,3095,four_layer_exact,high,0.6538461538461539,0.1871345029239766,2.4048458984399383,0.3461538461538461,F,F;I;L;V;Y,matches_consensus,False,False,,0.15364126423989072,buried_core,False,False,False,False,23.928530506336564,True,True,unassigned_manual_review,,not_annotated_no_domain_boundaries,,False,False
6E9E,A,VI-D,binary,890,891,A,803.0,A,891.0,,ALA,True,3110,3111,four_layer_exact,high,0.5604395604395604,0.2028985507246377,2.321079322969002,0.4395604395604395,K,A;K;N;S;T,differs_from_consensus,False,True,scaffold_differs_from_msa_consensus,0.6432746548510112,surface,False,False,False,False,29.74271948981087,True,False,unassigned_manual_review,,not_annotated_no_domain_boundaries,,False,False
6E9E,A,VI-D,binary,891,892,D,804.0,D,892.0,,ASP,True,3111,3112,four_layer_exact,high,0.6483516483516484,0.4078431372549019,1.7946383577714922,0.3516483516483516,D,D;E;N;S,matches_consensus,False,False,,0.6686796295879659,surface,False,False,False,False,32.275239618100706,True,False,unassigned_manual_review,,not_annotated_no_domain_boundaries,,False,False
6E9E,A,VI-D,binary,892,893,K,805.0,K,893.0,,LYS,True,3112,3113,four_layer_exact,high,0.6538461538461539,0.1962209302325581,2.5776045604077606,0.3461538461538461,K,E;H;K;N;P;R;S;Y,matches_consensus,False,False,,0.48586886904757176,surface,False,False,False,False,29.51577283616011,True,False,unassigned_manual_review,,not_annotated_no_domain_boundaries,,False,False
6E9E,A,VI-D,binary,893,894,K,806.0,K,894.0,,LYS,True,3113,3114,four_layer_exact,high,0.6538461538461539,0.1511627906976744,2.5844502358479784,0.3461538461538461,S,A;E;G;K;S;T,differs_from_consensus,False,True,scaffold_differs_from_msa_consensus,0.7090510189879098,surface,False,False,False,False,29.424130504355244,True,False,unassigned_manual_review,,not_annotated_no_domain_boundaries,,False,False
6E9E,A,VI-D,binary,894,895,V,807.0,V,895.0,,VAL,True,3114,3115,four_layer_exact,high,0.6428571428571429,0.2731152204836415,2.4580433833576945,0.3571428571428571,K,E;K;N;S;Y,differs_from_consensus,False,True,scaffold_differs_from_msa_consensus,0.27529227547449486,surface,False,False,False,False,28.34314658757691,True,False,unassigned_manual_review,,not_annotated_no_domain_boundaries,,False,False
6E9E,A,VI-D,binary,895,896,E,808.0,E,896.0,,GLU,True,3115,3116,four_layer_exact,high,0.6208791208791209,0.1630276564774381,2.346655743484709,0.3791208791208791,D,D;E;G;K;N;P;S,differs_from_consensus,False,True,scaffold_differs_from_msa_consensus,0.40338951295096664,surface,False,False,False,False,27.55131485564941,True,False,unassigned_manual_review,,not_annotated_no_domain_boundaries,,False,False
6E9E,A,VI-D,binary,896,897,R,809.0,R,897.0,,ARG,True,3116,3117,four_layer_exact,high,0.6373626373626373,0.1176470588235294,2.7959902884656938,0.3626373626373627,E,A;D;E;G;K;L;S;T,differs_from_consensus,False,True,scaffold_differs_from_msa_consensus,0.7415833108424943,surface,False,False,False,False,28.465251638256106,True,False,unassigned_manual_review,,not_annotated_no_domain_boundaries,,False,False
6E9E,A,VI-D,binary,897,898,D,810.0,D,898.0,,ASP,True,3117,3118,four_layer_exact,high,0.6098901098901099,0.1875,2.6075595058323318,0.39010989010989,N,A;D;F;K;N;Q;S;V;Y,differs_from_consensus,False,True,scaffold_differs_from_msa_consensus,0.32895554820546574,surface,False,False,False,False,25.25342929391578,True,False,unassigned_manual_review,,not_annotated_no_domain_boundaries,,False,False
6E9E,A,VI-D,binary,898,899,T,811.0,T,899.0,,THR,True,3167,3168,four_layer_exact,high,0.8186813186813187,0.2401746724890829,2.3015612297799546,0.1813186813186813,L,I;K;L;S;T;V,differs_from_consensus,True,True,scaffold_differs_from_msa_consensus,0.07791968056198505,buried_core,False,False,False,False,24.405913633008474,True,True,unassigned_manual_review,,not_annotated_no_domain_boundaries,,True,False
6E9E,A,VI-D,binary,899,900,G,812.0,G,900.0,,GLY,True,3168,3169,four_layer_exact,high,0.934065934065934,0.1586715867158671,2.57940935691118,0.0659340659340659,K,A;D;E;K;L;N;Q,differs_from_consensus,True,True,scaffold_differs_from_msa_consensus,0.27720205270409565,surface,False,False,False,False,27.401651060487506,True,False,unassigned_manual_review,,not_annotated_no_domain_boundaries,,True,False
6E9E,A,VI-D,binary,900,901,D,813.0,D,901.0,,ASP,True,3169,3170,four_layer_exact,high,0.9505494505494504,0.2888086642599278,2.253735962896384,0.0494505494505495,E,D;E;G;K;P;Q;R,differs_from_consensus,True,True,scaffold_differs_from_msa_consensus,0.3971932195169361,surface,False,False,False,False,25.743074619229375,True,False,unassigned_manual_review,,not_annotated_no_domain_boundaries,,True,False
6E9E,A,VI-D,binary,901,902,F,814.0,F,902.0,,PHE,True,3170,3171,four_layer_exact,high,0.9615384615384616,0.69105871886121,1.358622346108025,0.0384615384615384,Y,F;Y,differs_from_consensus,True,True,scaffold_differs_from_msa_consensus,0.0497504707017582,buried_core,False,False,False,False,21.500633725914643,True,True,unassigned_manual_review,,not_annotated_no_domain_boundaries,,True,False
6E9E,A,VI-D,binary,902,903,I,815.0,I,903.0,,ILE,True,3171,3172,four_layer_exact,high,0.9725274725274724,0.2736842105263158,2.3840711075667165,0.0274725274725274,F,A;F;K;L;R;S;Y,differs_from_consensus,True,True,scaffold_differs_from_msa_consensus,0.1593824041474001,buried_core,False,False,False,False,25.23162884683786,True,True,unassigned_manual_review,,not_annotated_no_domain_boundaries,,True,False
6E9E,A,VI-D,binary,903,904,S,816.0,S,904.0,,SER,True,3185,3186,four_layer_exact,high,0.9725274725274724,0.2280701754385964,2.121004101676971,0.0274725274725274,E,A;D;E;K;N;S,differs_from_consensus,True,True,scaffold_differs_from_msa_consensus,0.3641961209445934,surface,False,False,False,False,27.861368856254455,True,False,unassigned_manual_review,,not_annotated_no_domain_boundaries,,True,False
6E9E,A,VI-D,binary,904,905,K,817.0,K,905.0,,LYS,True,3186,3187,four_layer_exact,high,0.9725274725274724,0.175438596491228,2.509953448043905,0.0274725274725274,K,A;D;E;K;L;N;Q;S,matches_consensus,True,False,,0.2949580108022379,surface,False,False,False,False,23.044208996218607,True,False,unassigned_manual_review,,not_annotated_no_domain_boundaries,,True,False
6E9E,A,VI-D,binary,905,906,L,818.0,L,906.0,,LEU,True,3192,3193,four_layer_exact,high,0.967032967032967,0.4522968197879858,1.411107694756027,0.0329670329670329,L,I;L;V,matches_consensus,True,False,,0.03469368613077167,buried_core,False,False,False,False,23.59199400242122,True,True,unassigned_manual_review,,not_annotated_no_domain_boundaries,,True,False
6E9E,A,VI-D,binary,906,907,E,819.0,E,907.0,,GLU,True,3193,3194,four_layer_exact,high,0.9615384615384616,0.1708185053380783,2.4935338041618795,0.0384615384615384,E,D;E;K;L;N;R;S,matches_consensus,True,False,,0.4362516427848327,surface,False,False,False,False,28.059937590090094,True,False,unassigned_manual_review,,not_annotated_no_domain_boundaries,,True,False
6E9E,A,VI-D,binary,907,908,E,820.0,E,908.0,,GLU,True,3205,3206,four_layer_exact,high,0.934065934065934,0.4534313725490196,1.743901500804819,0.0659340659340659,K,E;K;N;Q;R;S;T,differs_from_consensus,True,True,scaffold_differs_from_msa_consensus,0.6454778252647093,surface,False,False,False,False,28.25254592607144,True,False,unassigned_manual_review,,not_annotated_no_domain_boundaries,,True,False
6E9E,A,VI-D,binary,908,909,H,821.0,H,909.0,,HIS,True,3206,3207,four_layer_exact,high,0.912087912087912,0.4924242424242424,1.7660496347280823,0.0879120879120879,Y,F;H;N;Y,differs_from_consensus,True,True,scaffold_differs_from_msa_consensus,0.43168708802780575,surface,False,False,False,False,25.063978680467887,True,False,unassigned_manual_review,,not_annotated_no_domain_boundaries,,True,False
6E9E,A,VI-D,binary,909,910,K,822.0,K,910.0,,LYS,True,3213,3214,four_layer_exact,high,0.978021978021978,0.3484320557491289,1.8051593138252695,0.021978021978022,G,G;H;K;N;R,differs_from_consensus,True,True,scaffold_differs_from_msa_consensus,0.2524636571284538,surface,False,False,False,False,21.431884493774586,True,False,unassigned_manual_review,,not_annotated_no_domain_boundaries,,True,False
6E9E,A,VI-D,binary,910,911,T,823.0,T,911.0,,THR,True,3214,3215,four_layer_exact,high,0.978021978021978,0.5470383275261324,1.7377392265940013,0.021978021978022,T,S;T,matches_consensus,True,False,,0.2518636748471218,surface,False,False,False,False,19.284792182178,True,False,unassigned_manual_review,,not_annotated_no_domain_boundaries,,True,False
6E9E,A,VI-D,binary,911,912,Y,824.0,Y,912.0,,TYR,True,3215,3216,four_layer_exact,high,0.989010989010989,0.7800687285223368,0.9399261397042378,0.0109890109890109,Y,P;Y,matches_consensus,True,False,,0.08355078801963191,buried_core,False,False,False,False,15.652228392657609,True,True,unassigned_manual_review,,not_annotated_no_domain_boundaries,,True,False
6E9E,A,VI-D,binary,912,913,C,825.0,C,913.0,,CYS,True,3216,3217,four_layer_exact,high,0.989010989010989,0.3608247422680412,1.6287875860541623,0.0109890109890109,S,C;D;N;S;V,differs_from_consensus,True,True,scaffold_differs_from_msa_consensus,0.07515743095582002,buried_core,False,False,False,False,18.581756450775675,True,True,unassigned_manual_review,,not_annotated_no_domain_boundaries,,True,False
6E9E,A,VI-D,binary,913,914,K,826.0,K,914.0,,LYS,True,3217,3218,four_layer_exact,high,0.989010989010989,0.7250859106529209,1.145474998418898,0.0109890109890109,K,K;R,matches_consensus,True,False,,0.5454744129587973,surface,False,False,False,False,15.02142090239621,True,False,unassigned_manual_review,,not_annotated_no_domain_boundaries,,True,False
6E9E,A,VI-D,binary,914,915,D,827.0,D,915.0,,ASP,True,3218,3219,four_layer_exact,high,0.9945054945054944,0.7337883959044369,1.124333275233936,0.0054945054945054,D,D;N,matches_consensus,True,False,,0.44645209011065257,surface,False,False,False,False,16.46745856947571,True,False,unassigned_manual_review,,not_annotated_no_domain_boundaries,,True,False
6E9E,A,VI-D,binary,915,916,F,828.0,F,916.0,,PHE,True,3219,3220,four_layer_exact,high,0.9945054945054944,0.4163822525597269,1.4008498795579936,0.0054945054945054,F,A;F;L;M,matches_consensus,True,False,,0.06038141080199581,buried_core,False,False,False,False,16.960788978957897,True,True,unassigned_manual_review,,not_annotated_no_domain_boundaries,,True,False
6E9E,A,VI-D,binary,916,917,V,829.0,V,917.0,,VAL,True,3220,3221,four_layer_exact,high,0.9945054945054944,0.4607508532423208,1.434370393272457,0.0054945054945054,V,I;L;M;V,matches_consensus,True,False,,0.0069403920462064155,buried_core,False,False,False,False,12.92841419233671,True,True,unassigned_manual_review,,not_annotated_no_domain_boundaries,,True,False
6E9E,A,VI-D,binary,917,918,K,830.0,K,918.0,,LYS,True,3221,3222,four_layer_exact,high,0.9945054945054944,0.6245733788395904,1.2722698224800089,0.0054945054945054,K,H;K;W,matches_consensus,True,False,,0.16189984750942554,buried_core,False,False,False,False,11.905680835109186,True,True,unassigned_manual_review,,not_annotated_no_domain_boundaries,,True,False
6E9E,A,VI-D,binary,918,919,A,831.0,A,919.0,,ALA,True,3222,3223,four_layer_exact,high,0.9945054945054944,0.4914675767918088,1.6026506977934307,0.0054945054945054,A,A;I;L;V,matches_consensus,True,False,,0.037445836156276474,buried_core,False,False,False,False,15.99658577353922,True,True,unassigned_manual_review,,not_annotated_no_domain_boundaries,,True,False
6E9E,A,VI-D,binary,919,920,Y,832.0,Y,920.0,,TYR,True,3223,3224,four_layer_exact,high,0.9945054945054944,0.7133105802047781,1.0995162720432474,0.0054945054945054,L,I;L;Y,differs_from_consensus,True,True,scaffold_differs_from_msa_consensus,0.004158130808800788,buried_core,False,False,False,False,13.64180728718879,True,True,unassigned_manual_review,,not_annotated_no_domain_boundaries,,True,False
6E9E,A,VI-D,binary,920,921,C,833.0,C,921.0,,CYS,True,3224,3225,four_layer_exact,high,0.9945054945054944,0.5938566552901023,1.162126883169962,0.0054945054945054,N,C;F;N;Y,differs_from_consensus,True,True,scaffold_differs_from_msa_consensus,0.0072313066828737504,buried_core,False,False,False,False,9.42922982979825,True,True,unassigned_manual_review,,not_annotated_no_domain_boundaries,,True,False
6E9E,A,VI-D,binary,921,922,T,834.0,T,922.0,,THR,True,3225,3226,four_layer_exact,high,0.9945054945054944,0.2798634812286689,1.9470579621542503,0.0054945054945054,V,A;I;L;S;T;V,differs_from_consensus,True,True,scaffold_differs_from_msa_consensus,0.0,buried_core,False,False,False,False,12.798078920289846,True,True,unassigned_manual_review,,not_annotated_no_domain_boundaries,,True,False
6E9E,A,VI-D,binary,922,923,P,835.0,P,923.0,,PRO,True,3243,3244,four_layer_exact,high,0.9945054945054944,0.9112627986348124,0.4798990182367803,0.0054945054945054,P,P,matches_consensus,True,False,,0.0,buried_core,False,False,False,False,11.68465395759301,True,True,unassigned_manual_review,,not_annotated_no_domain_boundaries,,True,False
6E9E,A,VI-D,binary,923,924,F,836.0,F,924.0,,PHE,True,3244,3245,four_layer_exact,high,0.9945054945054944,0.8225255972696246,0.6470827085570559,0.0054945054945054,F,F;L,matches_consensus,True,False,,0.0,buried_core,False,True,False,False,6.99811020783417,True,True,unassigned_manual_review,,not_annotated_no_domain_boundaries,,True,False
6E9E,A,VI-D,binary,924,925,G,837.0,G,925.0,,GLY,True,3271,3272,four_layer_exact,high,0.9945054945054944,0.5426621160409556,0.8563680260277136,0.0054945054945054,A,A;G,differs_from_consensus,True,True,scaffold_differs_from_msa_consensus,0.0,buried_core,False,False,False,False,9.939533137460003,True,True,unassigned_manual_review,,not_annotated_no_domain_boundaries,,True,False
6E9E,A,VI-D,binary,925,926,Y,838.0,Y,926.0,,TYR,True,3272,3273,four_layer_exact,high,0.9945054945054944,1.0,-0.0,0.0054945054945054,Y,Y,matches_consensus,True,False,,0.0,buried_core,False,False,False,False,8.13986476179236,True,True,unassigned_manual_review,,not_annotated_no_domain_boundaries,,True,False
6E9E,A,VI-D,binary,926,927,N,839.0,N,927.0,,ASN,True,3273,3274,four_layer_exact,high,0.9945054945054944,0.8703071672354948,0.5843109063318744,0.0054945054945054,N,C;N,matches_consensus,True,False,,0.02301740217530122,buried_core,True,False,True,False,4.105933701731541,True,True,unassigned_manual_review,,not_annotated_no_domain_boundaries,,True,False
6E9E,A,VI-D,binary,927,928,L,840.0,L,928.0,,LEU,True,3274,3275,four_layer_exact,high,0.9945054945054944,0.6484641638225256,1.366584549574924,0.0054945054945054,L,I;L;V,matches_consensus,True,False,,0.01802430173193905,buried_core,True,False,True,False,4.618011148260314,True,True,unassigned_manual_review,,not_annotated_no_domain_boundaries,,True,False
6E9E,A,VI-D,binary,928,929,V,841.0,V,929.0,,VAL,True,3275,3276,four_layer_exact,high,0.9945054945054944,0.5733788395904437,1.029467248822873,0.0054945054945054,P,A;P,differs_from_consensus,True,True,scaffold_differs_from_msa_consensus,0.0,buried_core,True,False,True,False,3.6080146689116357,True,True,unassigned_manual_review,,not_annotated_no_domain_boundaries,,True,False
6E9E,A,VI-D,binary,929,930,R,842.0,R,930.0,,ARG,True,3281,3282,four_layer_exact,high,0.9945054945054944,1.0,-0.0,0.0054945054945054,R,R,matches_consensus,True,False,,0.023947191300319866,buried_core,True,False,True,False,2.521301703035279,True,True,unassigned_manual_review,,not_annotated_no_domain_boundaries,,True,False
6E9E,A,VI-D,binary,930,931,Y,843.0,Y,931.0,,TYR,True,3282,3283,four_layer_exact,high,0.9945054945054944,0.7337883959044369,0.6111992156029766,0.0054945054945054,Y,F;Y,matches_consensus,True,False,,0.03673393813049175,buried_core,False,True,False,False,6.8908859997797345,True,True,unassigned_manual_review,,not_annotated_no_domain_boundaries,,True,False
6E9E,A,VI-D,binary,931,932,K,844.0,K,932.0,,LYS,True,3283,3284,four_layer_exact,high,0.9945054945054944,0.9112627986348124,0.4533576770844879,0.0054945054945054,K,K,matches_consensus,True,False,,0.010234137424067088,buried_core,True,False,True,False,2.853028391008415,True,True,unassigned_manual_review,,not_annotated_no_domain_boundaries,,True,False
6E9E,A,VI-D,binary,932,933,N,845.0,N,933.0,,ASN,True,3284,3285,four_layer_exact,high,0.9945054945054944,0.8805460750853242,0.5454137059640182,0.0054945054945054,N,N,matches_consensus,True,False,,0.016483984985580312,buried_core,True,False,True,False,2.2753560666680137,True,True,unassigned_manual_review,,not_annotated_no_domain_boundaries,,True,False
6E9E,A,VI-D,binary,933,934,L,846.0,L,934.0,,LEU,True,3285,3286,four_layer_exact,high,0.9945054945054944,0.9795221843003412,0.1223900868110231,0.0054945054945054,L,L,matches_consensus,True,False,,0.0,buried_core,True,False,True,False,3.6324220970716827,True,True,unassigned_manual_review,,not_annotated_no_domain_boundaries,,True,False
6E9E,A,VI-D,binary,934,935,T,847.0,T,935.0,,THR,True,3286,3287,four_layer_exact,high,0.9945054945054944,0.6075085324232082,0.7385756362529033,0.0054945054945054,S,S;T,differs_from_consensus,True,True,scaffold_differs_from_msa_consensus,0.06229412930597212,buried_core,False,False,False,False,8.963628164775265,True,True,unassigned_manual_review,,not_annotated_no_domain_boundaries,,True,False
6E9E,A,VI-D,binary,935,936,I,848.0,I,936.0,,ILE,True,3291,3292,four_layer_exact,high,0.9945054945054944,0.676905574516496,1.2826502550317684,0.0054945054945054,I,I;N;V,matches_consensus,True,False,,0.09195138700811546,buried_core,False,True,False,False,7.158812023747795,True,True,unassigned_manual_review,,not_annotated_no_domain_boundaries,,True,False
6E9E,A,VI-D,binary,936,937,D,849.0,D,937.0,,ASP,True,3292,3293,four_layer_exact,high,0.9945054945054944,0.4914675767918088,1.6634119131836618,0.0054945054945054,E,A;D;E;K;N,differs_from_consensus,True,True,scaffold_differs_from_msa_consensus,0.33717512658037097,surface,False,False,False,False,8.537775035992805,True,False,unassigned_manual_review,,not_annotated_no_domain_boundaries,,True,False
6E9E,A,VI-D,binary,937,938,G,850.0,G,938.0,,GLY,True,3293,3294,four_layer_exact,high,0.9945054945054944,0.2116040955631399,2.1916698208890306,0.0054945054945054,E,A;D;E;G;K;Q,differs_from_consensus,True,True,scaffold_differs_from_msa_consensus,0.11594603508311843,buried_core,False,True,False,False,6.808680950083676,True,True,unassigned_manual_review,,not_annotated_no_domain_boundaries,,True,False
6E9E,A,VI-D,binary,938,939,L,851.0,L,939.0,,LEU,True,3294,3295,four_layer_exact,high,0.9945054945054944,0.78839590443686,0.920485964506321,0.0054945054945054,L,I;L,matches_consensus,True,False,,0.08140357341616938,buried_core,True,False,True,False,3.580844532975752,True,True,unassigned_manual_review,,not_annotated_no_domain_boundaries,,True,False
6E9E,A,VI-D,binary,939,940,F,852.0,F,940.0,,PHE,True,3295,3296,four_layer_exact,high,0.9945054945054944,0.9522184300341296,0.2299796848520801,0.0054945054945054,F,F,matches_consensus,True,False,,0.10566746890349267,buried_core,True,False,True,False,3.5035971884211423,True,True,unassigned_manual_review,,not_annotated_no_domain_boundaries,,True,False
6E9E,A,VI-D,binary,940,941,D,853.0,D,941.0,,ASP,True,3303,3304,four_layer_exact,high,0.9725274725274724,0.7590643274853801,0.9431207284312612,0.0274725274725274,D,D;Y,matches_consensus,True,False,,0.1832955559887286,buried_core,True,False,True,False,2.7819486834642446,True,True,unassigned_manual_review,,not_annotated_no_domain_boundaries,,True,False
6E9E,A,VI-D,binary,941,942,K,854.0,K,942.0,,LYS,True,3304,3305,four_layer_exact,high,0.9835164835164836,0.4152249134948096,1.800919381742992,0.0164835164835165,R,D;E;K;M;R,differs_from_consensus,True,True,scaffold_differs_from_msa_consensus,0.3727235044238725,surface,True,False,True,False,3.5308861916450627,True,False,unassigned_manual_review,,not_annotated_no_domain_boundaries,,True,False
6E9E,A,VI-D,binary,942,943,N,855.0,N,943.0,,ASN,True,3316,3317,four_layer_exact,high,0.945054945054945,0.6836363636363636,1.2332013883339008,0.0549450549450549,N,D;E;N,matches_consensus,True,False,,0.2722586036117223,surface,True,False,True,False,3.3762474834300806,True,False,unassigned_manual_review,,not_annotated_no_domain_boundaries,,True,False
6E9E,A,VI-D,binary,943,944,Y,856.0,Y,944.0,,TYR,True,3317,3318,four_layer_exact,high,0.8956043956043956,0.2996108949416342,2.244778911930258,0.1043956043956043,E,A;D;E;K;N;R;S,differs_from_consensus,True,True,scaffold_differs_from_msa_consensus,0.3814962817482151,surface,True,False,True,False,3.6983530907217275,True,False,unassigned_manual_review,,not_annotated_no_domain_boundaries,,True,False
6E9E,A,VI-D,binary,944,945,P,857.0,P,945.0,,PRO,True,3411,3412,four_layer_exact,high,0.7912087912087912,0.4106735159817352,2.0263891856972456,0.2087912087912088,P,A;E;K;P;T,matches_consensus,False,False,,0.5743242346404875,surface,True,False,True,False,4.752681379771521,True,False,unassigned_manual_review,,not_annotated_no_domain_boundaries,,False,False
6E9E,A,VI-D,binary,945,946,G,858.0,G,946.0,,GLY,True,3412,3413,four_layer_exact,high,0.7967032967032966,0.2986425339366516,2.22573897823122,0.2032967032967033,E,D;E;G;K;R,differs_from_consensus,False,True,scaffold_differs_from_msa_consensus,0.2462945808561326,surface,True,False,True,False,3.4690440433687413,True,False,unassigned_manual_review,,not_annotated_no_domain_boundaries,,False,False
6E9E,A,VI-D,binary,946,947,K,859.0,K,947.0,,LYS,True,3413,3414,four_layer_exact,high,0.7912087912087912,0.1963470319634703,2.3631954098400354,0.2087912087912088,K,A;D;E;K;P;Q;T;V,matches_consensus,False,False,,0.6295904497639977,surface,True,False,True,False,3.97442430009964,True,False,unassigned_manual_review,,not_annotated_no_domain_boundaries,,False,False
6E9E,A,VI-D,binary,947,948,D,860.0,D,948.0,,ASP,True,3414,3415,four_layer_exact,high,0.7582417582417582,0.3561208267090619,2.2090170498338395,0.2417582417582418,K,A;D;E;G;K;N;S,differs_from_consensus,False,True,scaffold_differs_from_msa_consensus,0.2687832730636426,surface,True,False,True,False,4.179901636880858,True,False,unassigned_manual_review,,not_annotated_no_domain_boundaries,,False,False
6E9E,A,VI-D,binary,948,949,D,861.0,D,949.0,,ASP,True,3423,3424,four_layer_exact,high,0.7417582417582418,0.309328968903437,2.1549634450683137,0.2582417582417582,E,D;E;G;K;R,differs_from_consensus,False,True,scaffold_differs_from_msa_consensus,0.4090727370555912,surface,False,True,False,False,7.572886325259953,True,False,unassigned_manual_review,,not_annotated_no_domain_boundaries,,False,False
6E9E,A,VI-D,binary,949,950,S,862.0,S,950.0,,SER,True,3424,3425,four_layer_exact,high,0.7252747252747253,0.4328859060402684,1.9501339966491875,0.2747252747252747,K,A;D;E;G;K;N;R;S,differs_from_consensus,False,True,scaffold_differs_from_msa_consensus,0.7955307117805618,surface,False,True,False,False,7.397922288251627,True,False,unassigned_manual_review,,not_annotated_no_domain_boundaries,,False,False
6E9E,A,VI-D,binary,950,951,D,,,,,,False,3425,3426,full_msa_only_unresolved_coordinate,medium,0.6978021978021978,0.1696113074204946,2.485611810474002,0.3021978021978022,K,A;D;E;G;I;K;N;T,differs_from_consensus,False,True,unresolved_terminal;scaffold_differs_from_msa_consensus,,,,,,,,False,False,unassigned_manual_review,,not_annotated_no_domain_boundaries,,False,False
6E9E,A,VI-D,binary,951,952,E,,,,,,False,3426,3427,full_msa_only_unresolved_coordinate,medium,0.6043956043956044,0.2469414893617021,2.33853640986709,0.3956043956043956,E,D;E;G;K;Q;S;T,matches_consensus,False,True,unresolved_terminal,,,,,,,,False,False,unassigned_manual_review,,not_annotated_no_domain_boundaries,,False,False
6E9E,A,VI-D,binary,952,953,Q,,,,,,False,3427,3428,full_msa_only_unresolved_coordinate,medium,0.5879120879120879,0.1194690265486725,2.6192127815445048,0.412087912087912,K,A;E;I;K;L;N;S;T;V,differs_from_consensus,False,True,unresolved_terminal;scaffold_differs_from_msa_consensus,,,,,,,,False,False,unassigned_manual_review,,not_annotated_no_domain_boundaries,,False,False
6E9E,A,VI-D,binary,953,954,K,,,,,,False,3428,3429,full_msa_only_unresolved_coordinate,medium,0.5439560439560439,0.3267326732673267,2.061272798513255,0.4560439560439561,K,A;D;E;K;N;R,matches_consensus,False,True,unresolved_terminal,,,,,,,,False,False,unassigned_manual_review,,not_annotated_no_domain_boundaries,,False,False
