pdb_id,chain_id,subtype,state,full_scaffold_index_0,biological_index_1,full_scaffold_amino_acid,coordinate_index_0,coordinate_amino_acid,pdb_residue_number,pdb_insertion_code,pdb_residue_name,backbone_complete,msa_column_0,msa_column_1,mapping_status,mapping_confidence,msa_coverage,conservation,entropy,gap_fraction,msa_consensus,allowed_residues,scaffold_consensus_status,conservation_constraint_eligible,manual_review_required,decision_reasons
6IV9,A,VI-D,binary,0,1,M,,,,,,False,43.0,44.0,full_msa_only_unresolved_coordinate,medium,0.9065934065934066,0.9545920378399684,0.2411828238299522,0.09340659340659341,M,M,matches_consensus,False,True,unresolved_terminal
6IV9,A,VI-D,binary,1,2,A,,,,,,False,44.0,45.0,full_msa_only_unresolved_coordinate,medium,0.9065934065934066,0.257311785573512,2.090300057390328,0.09340659340659341,K,A;E;G;K;N;S;T,differs_from_consensus,False,True,unresolved_terminal;scaffold_differs_from_msa_consensus
6IV9,A,VI-D,binary,2,3,K,,,,,,False,45.0,46.0,full_msa_only_unresolved_coordinate,medium,0.11538461538461539,0.2857142857142857,2.13650705762401,0.8846153846153846,K,E;G;H;K,matches_consensus,False,True,unresolved_terminal
6IV9,A,VI-D,binary,3,4,K,,,,,,False,46.0,47.0,full_msa_only_unresolved_coordinate,medium,0.8571428571428571,0.6467303950596396,1.3013013479555542,0.1428571428571429,K,E;K;N,matches_consensus,False,True,unresolved_terminal
6IV9,A,VI-D,binary,4,5,N,,,,,,False,47.0,48.0,full_msa_only_unresolved_coordinate,medium,0.03296703296703297,0.18181818181818182,1.7677614722893293,0.967032967032967,D,D;I;K;M;S;V,differs_from_consensus,False,True,unresolved_terminal;scaffold_differs_from_msa_consensus
6IV9,A,VI-D,binary,5,6,K,,,,,,False,48.0,49.0,full_msa_only_unresolved_coordinate,medium,0.8461538461538461,0.6326425316020294,1.3574115577290657,0.15384615384615385,K,K;N,matches_consensus,False,True,unresolved_terminal
6IV9,A,VI-D,binary,6,7,M,,,,,,False,85.0,86.0,full_msa_only_unresolved_coordinate,medium,0.6868131868131868,0.20291467348982087,2.252092333101242,0.3131868131868132,K,E;I;K;L;M;Q;V,differs_from_consensus,False,True,unresolved_terminal;scaffold_differs_from_msa_consensus
6IV9,A,VI-D,binary,7,8,K,,,,,,False,86.0,87.0,full_msa_only_unresolved_coordinate,medium,0.6923076923076923,0.31700605393505776,2.042154349993927,0.3076923076923077,N,K;N;S;T,differs_from_consensus,False,True,unresolved_terminal;scaffold_differs_from_msa_consensus
6IV9,A,VI-D,binary,8,9,P,,,,,,False,87.0,88.0,full_msa_only_unresolved_coordinate,medium,0.6868131868131868,0.4054956057403493,2.0095076001874896,0.3131868131868132,A,A;I;L;P;V,differs_from_consensus,False,True,unresolved_terminal;scaffold_differs_from_msa_consensus
6IV9,A,VI-D,binary,9,10,R,,,,,,False,88.0,89.0,full_msa_only_unresolved_coordinate,medium,0.6868131868131868,0.4912671042385137,1.4871320618732518,0.3131868131868132,K,E;K;R,differs_from_consensus,False,True,unresolved_terminal;scaffold_differs_from_msa_consensus
6IV9,A,VI-D,binary,10,11,E,,,,,,False,89.0,90.0,full_msa_only_unresolved_coordinate,medium,0.6923076923076923,0.3346175013758943,1.8714192882978082,0.3076923076923077,E,D;E;K;N;Q,matches_consensus,False,True,unresolved_terminal
6IV9,A,VI-D,binary,11,12,L,,,,,,False,90.0,91.0,full_msa_only_unresolved_coordinate,medium,0.6978021978021978,0.20912754601895217,2.2528156864655444,0.30219780219780223,R,I;K;L;N;Q;R,differs_from_consensus,False,True,unresolved_terminal;scaffold_differs_from_msa_consensus
6IV9,A,VI-D,binary,12,13,R,,,,,,False,91.0,92.0,full_msa_only_unresolved_coordinate,medium,0.6923076923076923,0.6195927352779307,1.327908461318374,0.3076923076923077,R,E;K;R,matches_consensus,False,True,unresolved_terminal
6IV9,A,VI-D,binary,13,14,E,,,,,,False,92.0,93.0,full_msa_only_unresolved_coordinate,medium,0.6703296703296703,0.6248707045167222,1.492874827116403,0.3296703296703297,E,A;E;L;Q,matches_consensus,False,True,unresolved_terminal
6IV9,A,VI-D,binary,14,15,A,,,,,,False,93.0,94.0,full_msa_only_unresolved_coordinate,medium,0.6703296703296703,0.2059533386967015,2.307683563829647,0.3296703296703297,A,A;E;K;L;Q,matches_consensus,False,True,unresolved_terminal
6IV9,A,VI-D,binary,15,16,Q,,,,,,False,94.0,95.0,full_msa_only_unresolved_coordinate,medium,0.6648351648351648,0.2789076118535735,2.2748008919849525,0.3351648351648352,K,E;K;N;Q;R,differs_from_consensus,False,True,unresolved_terminal;scaffold_differs_from_msa_consensus
6IV9,A,VI-D,binary,16,17,K,,,,,,False,95.0,96.0,full_msa_only_unresolved_coordinate,medium,0.6593406593406593,0.46973792455047597,1.826161900367876,0.34065934065934067,K,A;E;K;N;Q;R,matches_consensus,False,True,unresolved_terminal
6IV9,A,VI-D,binary,17,18,K,,,,,,False,96.0,97.0,full_msa_only_unresolved_coordinate,medium,0.6648351648351648,0.26775130737943054,2.2671905430073798,0.3351648351648352,A,A;E;K;L;N;Q;T,differs_from_consensus,False,True,unresolved_terminal;scaffold_differs_from_msa_consensus
6IV9,A,VI-D,binary,18,19,A,,,,,,False,114.0,115.0,full_msa_only_unresolved_coordinate,medium,0.6428571428571429,0.3308307692307692,2.037259182880884,0.3571428571428571,K,A;D;E;K;Q;R,differs_from_consensus,False,True,unresolved_terminal;scaffold_differs_from_msa_consensus
6IV9,A,VI-D,binary,19,20,R,,,,,,False,115.0,116.0,full_msa_only_unresolved_coordinate,medium,0.6483516483516484,0.3269675221992458,1.7602401767973868,0.3516483516483516,K,K;N;Q;R,differs_from_consensus,False,True,unresolved_terminal;scaffold_differs_from_msa_consensus
6IV9,A,VI-D,binary,20,21,Q,,,,,,False,161.0,162.0,full_msa_only_unresolved_coordinate,medium,0.22527472527472528,0.25210084033613445,2.1191221692991817,0.7747252747252747,E,A;D;E;K;P;Q;R,differs_from_consensus,False,True,unresolved_terminal;scaffold_differs_from_msa_consensus
6IV9,A,VI-D,binary,21,22,L,,,,,,False,162.0,163.0,full_msa_only_unresolved_coordinate,medium,0.29120879120879123,0.17419354838709675,2.433534509191284,0.7087912087912087,K,A;I;K;L;Q;S;V,differs_from_consensus,False,True,unresolved_terminal;scaffold_differs_from_msa_consensus
6IV9,A,VI-D,binary,22,23,K,,,,,,False,163.0,164.0,full_msa_only_unresolved_coordinate,medium,0.5,0.48069868995633186,1.812223923705824,0.5,K,E;K;Q;R;S,matches_consensus,False,True,unresolved_terminal
6IV9,A,VI-D,binary,23,24,A,,,,,,False,164.0,165.0,full_msa_only_unresolved_coordinate,medium,0.5,0.2850655021834061,2.0084124506774783,0.5,K,A;K;P;Q;R,differs_from_consensus,False,True,unresolved_terminal;scaffold_differs_from_msa_consensus
6IV9,A,VI-D,binary,24,25,A,,,,,,False,165.0,166.0,full_msa_only_unresolved_coordinate,medium,0.5274725274725275,0.34037066881547134,2.195545818080973,0.4725274725274725,E,A;E;K;Q;V,differs_from_consensus,False,True,unresolved_terminal;scaffold_differs_from_msa_consensus
6IV9,A,VI-D,binary,25,26,E,,,,,,False,166.0,167.0,full_msa_only_unresolved_coordinate,medium,0.532967032967033,0.3758133629582605,1.9919113494227125,0.46703296703296704,E,A;E;K;Q;T,matches_consensus,False,True,unresolved_terminal
6IV9,A,VI-D,binary,26,27,I,,,,,,False,167.0,168.0,full_msa_only_unresolved_coordinate,medium,0.521978021978022,0.42429202815518086,1.8930849445483797,0.478021978021978,E,A;E;F;K;T,differs_from_consensus,False,True,unresolved_terminal;scaffold_differs_from_msa_consensus
6IV9,A,VI-D,binary,27,28,N,,,,,,False,168.0,169.0,full_msa_only_unresolved_coordinate,medium,0.532967032967033,0.18235200761783843,2.4991407924856284,0.46703296703296704,K,A;D;E;K;N;Q;R,differs_from_consensus,False,True,unresolved_terminal;scaffold_differs_from_msa_consensus
6IV9,A,VI-D,binary,28,29,N,,,,,,False,169.0,170.0,full_msa_only_unresolved_coordinate,medium,0.532967032967033,0.2742421837803523,2.3717483272195796,0.46703296703296704,A,A;E;K;Q;R;T,differs_from_consensus,False,True,unresolved_terminal;scaffold_differs_from_msa_consensus
6IV9,A,VI-D,binary,29,30,N,,,,,,False,170.0,171.0,full_msa_only_unresolved_coordinate,medium,0.5054945054945055,0.21388077649888335,2.3220700819939433,0.4945054945054945,A,A;E;K;Q;R;V,differs_from_consensus,False,True,unresolved_terminal;scaffold_differs_from_msa_consensus
6IV9,A,VI-D,binary,30,31,A,,,,,,False,171.0,172.0,full_msa_only_unresolved_coordinate,medium,0.4835164835164835,0.25786279198087175,2.385896562819295,0.5164835164835164,A,A;E;I;K;N;P;R;S,matches_consensus,False,True,unresolved_terminal
6IV9,A,VI-D,binary,31,32,A,,,,,,False,172.0,173.0,full_msa_only_unresolved_coordinate,medium,0.45054945054945056,0.28903517794692446,2.0461419203906415,0.5494505494505495,V,A;E;K;L;T;V,differs_from_consensus,False,True,unresolved_terminal;scaffold_differs_from_msa_consensus
6IV9,A,VI-D,binary,32,33,P,,,,,,False,173.0,174.0,full_msa_only_unresolved_coordinate,medium,0.42857142857142855,0.171543444270717,2.345762628633072,0.5714285714285714,E,A;D;E;L;N;P;Q;T;V,differs_from_consensus,False,True,unresolved_terminal;scaffold_differs_from_msa_consensus
6IV9,A,VI-D,binary,33,34,A,,,,,,False,174.0,175.0,full_msa_only_unresolved_coordinate,medium,0.44505494505494503,0.2216159496327387,2.4488767851240616,0.554945054945055,K,A;E;K;P;Q;T;V,differs_from_consensus,False,True,unresolved_terminal;scaffold_differs_from_msa_consensus
6IV9,A,VI-D,binary,34,35,I,,,,,,False,175.0,176.0,full_msa_only_unresolved_coordinate,medium,0.23626373626373626,0.16,2.602970509714691,0.7637362637362637,I,A;E;I;L;S;T;V,matches_consensus,False,True,unresolved_terminal
6IV9,A,VI-D,binary,35,36,A,,,,,,False,176.0,177.0,full_msa_only_unresolved_coordinate,medium,0.26373626373626374,0.2714285714285714,2.4003936095161915,0.7362637362637363,A,A;D;E;I;K;Q,matches_consensus,False,True,unresolved_terminal
6IV9,A,VI-D,binary,36,37,A,,,,,,False,201.0,202.0,full_msa_only_unresolved_coordinate,medium,0.054945054945054944,0.3,1.8343719702816237,0.945054945054945,S,A;C;F;L;P;R;S,differs_from_consensus,False,True,unresolved_terminal;scaffold_differs_from_msa_consensus
6IV9,A,VI-D,binary,37,38,M,,,,,,False,202.0,203.0,full_msa_only_unresolved_coordinate,medium,0.24725274725274726,0.2651356993736952,2.0626503752120544,0.7527472527472527,K,A;D;E;H;I;K;L;N;T,differs_from_consensus,False,True,unresolved_terminal;scaffold_differs_from_msa_consensus
6IV9,A,VI-D,binary,38,39,P,,,,,,False,203.0,204.0,full_msa_only_unresolved_coordinate,medium,0.24725274725274726,0.1336116910229645,2.5227942781938166,0.7527472527472527,T,D;E;H;K;M;N;P;Q;R;S;T;V;Y,differs_from_consensus,False,True,unresolved_terminal;scaffold_differs_from_msa_consensus
6IV9,A,VI-D,binary,39,40,A,,,,,,False,204.0,205.0,full_msa_only_unresolved_coordinate,medium,0.24725274725274726,0.20041753653444677,2.047475906534647,0.7527472527472527,E,A;E;G;H;K;M;P;Q;V,differs_from_consensus,False,True,unresolved_terminal;scaffold_differs_from_msa_consensus
6IV9,A,VI-D,binary,40,41,A,,,,,,False,205.0,206.0,full_msa_only_unresolved_coordinate,medium,0.2857142857142857,0.27311522048364156,2.0507821981669148,0.7142857142857143,E,D;E;L;N;P;R;S,differs_from_consensus,False,True,unresolved_terminal;scaffold_differs_from_msa_consensus
6IV9,A,VI-D,binary,41,42,E,,,,,,False,206.0,207.0,full_msa_only_unresolved_coordinate,medium,0.2967032967032967,0.20860495436766624,2.3155516046151385,0.7032967032967032,K,A;I;K;M;S;T,differs_from_consensus,False,True,unresolved_terminal;scaffold_differs_from_msa_consensus
6IV9,A,VI-D,binary,42,43,V,,,,,,False,207.0,208.0,full_msa_only_unresolved_coordinate,medium,0.3131868131868132,0.1853997682502897,2.3434011475400687,0.6868131868131868,T,I;R;S;T;V,differs_from_consensus,False,True,unresolved_terminal;scaffold_differs_from_msa_consensus
6IV9,A,VI-D,binary,43,44,I,,,,,,False,208.0,209.0,full_msa_only_unresolved_coordinate,medium,0.489010989010989,0.16958134605193428,2.3723055645212225,0.510989010989011,K,A;E;G;K;N;Q;R;S;T,differs_from_consensus,False,True,unresolved_terminal;scaffold_differs_from_msa_consensus
6IV9,A,VI-D,binary,44,45,A,,,,,,False,209.0,210.0,full_msa_only_unresolved_coordinate,medium,0.510989010989011,0.14292803970223325,2.495483588447493,0.48901098901098905,K,D;E;I;K;N;P;R,differs_from_consensus,False,True,unresolved_terminal;scaffold_differs_from_msa_consensus
6IV9,A,VI-D,binary,45,46,P,,,,,,False,210.0,211.0,full_msa_only_unresolved_coordinate,medium,0.554945054945055,0.18189977561705312,2.4667057457826633,0.44505494505494503,P,E;K;P;R;S;T;V,matches_consensus,False,True,unresolved_terminal
6IV9,A,VI-D,binary,46,47,V,,,,,,False,211.0,212.0,full_msa_only_unresolved_coordinate,medium,0.5659340659340659,0.22291696960884108,2.3949013648213855,0.4340659340659341,K,D;E;K;L;N;S;V,differs_from_consensus,False,True,unresolved_terminal;scaffold_differs_from_msa_consensus
6IV9,A,VI-D,binary,47,48,A,,,,,,False,212.0,213.0,full_msa_only_unresolved_coordinate,medium,0.5769230769230769,0.21728674494270764,2.4714785036181066,0.42307692307692313,K,A;E;K;P;Q;S;T,differs_from_consensus,False,True,unresolved_terminal;scaffold_differs_from_msa_consensus
6IV9,A,VI-D,binary,48,49,E,0.0,E,49.0,,GLU,True,213.0,214.0,four_layer_exact,high,0.5769230769230769,0.13580421558919226,2.538586018114439,0.42307692307692313,S,E;G;K;N;Q;R;S;T;V,differs_from_consensus,False,True,scaffold_differs_from_msa_consensus
6IV9,A,VI-D,binary,53,54,S,5.0,S,54.0,,SER,True,249.0,250.0,four_layer_exact,high,0.9505494505494505,0.20694268936296734,2.5093949816418735,0.0494505494505495,K,A;K;L;N;R;S;T,differs_from_consensus,True,True,scaffold_differs_from_msa_consensus
6IV9,A,VI-D,binary,54,55,V,6.0,V,55.0,,VAL,True,250.0,251.0,four_layer_exact,high,0.9560439560439561,0.6693482913868182,1.2504246457891033,0.04395604395604391,A,A;S;V,differs_from_consensus,True,True,scaffold_differs_from_msa_consensus
6IV9,A,VI-D,binary,59,60,M,11.0,M,60.0,,MET,True,255.0,256.0,four_layer_exact,high,0.967032967032967,0.5763772651189869,1.08187629296816,0.03296703296703296,L,I;L;V,differs_from_consensus,True,True,scaffold_differs_from_msa_consensus
6IV9,A,VI-D,binary,62,63,I,14.0,I,63.0,,ILE,True,258.0,259.0,four_layer_exact,high,0.967032967032967,0.3947310967178516,1.6992246664650792,0.03296703296703296,T,A;I;T;V,differs_from_consensus,True,True,scaffold_differs_from_msa_consensus
6IV9,A,VI-D,binary,63,64,L,15.0,L,64.0,,LEU,True,259.0,260.0,four_layer_exact,high,0.967032967032967,0.5062950294738373,1.2498110704586254,0.03296703296703296,F,F;I;L,differs_from_consensus,True,True,scaffold_differs_from_msa_consensus
6IV9,A,VI-D,binary,65,66,S,17.0,S,66.0,,SER,True,261.0,262.0,four_layer_exact,high,0.9725274725274725,0.2009828720098287,2.3665675367642436,0.027472527472527486,V,F;H;I;L;V;Y,differs_from_consensus,True,True,scaffold_differs_from_msa_consensus
6IV9,A,VI-D,binary,66,67,E,18.0,E,67.0,,GLU,True,262.0,263.0,four_layer_exact,high,0.9725274725274725,0.3304184433041844,1.801106335966163,0.027472527472527486,G,D;G;N;S,differs_from_consensus,True,True,scaffold_differs_from_msa_consensus
6IV9,A,VI-D,binary,67,68,N,19.0,N,68.0,,ASN,True,267.0,268.0,four_layer_exact,high,0.9395604395604396,0.4560742025488273,1.6173802814414795,0.06043956043956045,D,D;E;G;K;N,differs_from_consensus,True,True,scaffold_differs_from_msa_consensus
6IV9,A,VI-D,binary,69,70,M,21.0,M,70.0,,MET,True,280.0,281.0,four_layer_exact,high,0.9725274725274725,0.39893040398930396,1.648984130767411,0.027472527472527486,L,I;L;V,differs_from_consensus,True,True,scaffold_differs_from_msa_consensus
6IV9,A,VI-D,binary,70,71,Y,22.0,Y,71.0,,TYR,True,281.0,282.0,four_layer_exact,high,0.9725274725274725,0.2671099226710992,1.7819001293843486,0.027472527472527486,L,A;I;L;V;Y,differs_from_consensus,True,True,scaffold_differs_from_msa_consensus
6IV9,A,VI-D,binary,71,72,I,23.0,I,72.0,,ILE,True,282.0,283.0,four_layer_exact,high,0.967032967032967,0.4294447274579724,1.4811518958896204,0.03296703296703296,M,I;L;M;V,differs_from_consensus,True,True,scaffold_differs_from_msa_consensus
6IV9,A,VI-D,binary,79,80,S,31.0,S,80.0,,SER,True,316.0,317.0,four_layer_exact,high,0.9725274725274725,0.2356724723567247,2.099879356735846,0.027472527472527486,D,A;D;E;K;N;S;T,differs_from_consensus,True,True,scaffold_differs_from_msa_consensus
6IV9,A,VI-D,binary,84,85,Y,36.0,Y,85.0,,TYR,True,321.0,322.0,four_layer_exact,high,0.978021978021978,0.5133137156391301,1.8214920525862972,0.02197802197802201,K,E;K;Q,differs_from_consensus,True,True,scaffold_differs_from_msa_consensus
6IV9,A,VI-D,binary,85,86,E,37.0,E,86.0,,GLU,True,322.0,323.0,four_layer_exact,high,0.967032967032967,0.34211483880358046,2.1951504323846187,0.03296703296703296,K,E;I;K;R,differs_from_consensus,True,True,scaffold_differs_from_msa_consensus
6IV9,A,VI-D,binary,86,87,V,38.0,V,87.0,,VAL,True,323.0,324.0,four_layer_exact,high,0.967032967032967,0.5551997671202968,1.5401403075624502,0.03296703296703296,I,I;V,differs_from_consensus,True,True,scaffold_differs_from_msa_consensus
6IV9,A,VI-D,binary,87,88,D,39.0,D,88.0,,ASP,True,326.0,327.0,four_layer_exact,high,0.9560439560439561,0.15532838126057216,2.5513462977121204,0.04395604395604391,T,A;D;E;I;K;S;T;V,differs_from_consensus,True,True,scaffold_differs_from_msa_consensus
6IV9,A,VI-D,binary,88,89,N,40.0,N,89.0,,ASN,True,327.0,328.0,four_layer_exact,high,0.9340659340659341,0.2322712480133202,2.352801991003843,0.06593406593406592,D,A;D;G;K;N;S;T,differs_from_consensus,True,True,scaffold_differs_from_msa_consensus
6IV9,A,VI-D,binary,89,90,N,41.0,N,90.0,,ASN,True,328.0,329.0,four_layer_exact,high,0.9340659340659341,0.1598425792779838,2.5857038994526658,0.06593406593406592,D,A;D;E;G;L;N;R;S,differs_from_consensus,True,True,scaffold_differs_from_msa_consensus
6IV9,A,VI-D,binary,90,91,D,42.0,D,91.0,,ASP,True,329.0,330.0,four_layer_exact,high,0.9285714285714286,0.17564991995120832,2.452276521386664,0.0714285714285714,E,D;E;G;K;N;S,differs_from_consensus,True,True,scaffold_differs_from_msa_consensus
6IV9,A,VI-D,binary,92,93,N,44.0,N,93.0,,ASN,True,337.0,338.0,four_layer_exact,high,0.3076923076923077,0.22153846153846155,2.24303267986085,0.6923076923076923,T,A;E;I;K;L;S;T,differs_from_consensus,False,True,scaffold_differs_from_msa_consensus
6IV9,A,VI-D,binary,93,94,K,45.0,K,94.0,,LYS,True,338.0,339.0,four_layer_exact,high,0.8791208791208791,0.37755018435067594,1.7146131749936964,0.1208791208791209,I,I;L;V,differs_from_consensus,True,True,scaffold_differs_from_msa_consensus
6IV9,A,VI-D,binary,94,95,T,46.0,T,95.0,,THR,True,339.0,340.0,four_layer_exact,high,0.8791208791208791,0.25931995083981974,2.3614232965510986,0.1208791208791209,E,D;E;K;S;T,differs_from_consensus,True,True,scaffold_differs_from_msa_consensus
6IV9,A,VI-D,binary,95,96,Q,47.0,Q,96.0,,GLN,True,340.0,341.0,four_layer_exact,high,0.8736263736263736,0.19027169873647698,2.263293370502574,0.12637362637362637,D,D;E;K;N;P;S;T,differs_from_consensus,True,True,scaffold_differs_from_msa_consensus
6IV9,A,VI-D,binary,96,97,L,48.0,L,97.0,,LEU,True,341.0,342.0,four_layer_exact,high,0.8241758241758241,0.29453090262338816,2.073156075079693,0.17582417582417587,I,I;K;L;M;V,differs_from_consensus,True,True,scaffold_differs_from_msa_consensus
6IV9,A,VI-D,binary,97,98,S,49.0,S,98.0,,SER,True,342.0,343.0,four_layer_exact,high,0.06043956043956044,0.36363636363636365,1.8937882323911377,0.9395604395604396,R,A;C;D;K;R;T;V;Y,differs_from_consensus,False,True,scaffold_differs_from_msa_consensus
6IV9,A,VI-D,binary,98,99,S,50.0,S,99.0,,SER,True,344.0,345.0,four_layer_exact,high,0.6538461538461539,0.44466896469749195,1.8699781879628345,0.34615384615384615,N,A;D;N;Q;S,differs_from_consensus,False,True,scaffold_differs_from_msa_consensus
6IV9,A,VI-D,binary,99,100,K,51.0,K,100.0,,LYS,True,345.0,346.0,four_layer_exact,high,0.6153846153846154,0.19842397623046118,2.3389348701933486,0.3846153846153846,E,D;E;K;N;T,differs_from_consensus,False,True,scaffold_differs_from_msa_consensus
6IV9,A,VI-D,binary,102,103,S,54.0,S,103.0,,SER,True,355.0,356.0,four_layer_exact,high,0.8296703296703297,0.7319460365047173,1.1028045382233553,0.17032967032967028,P,E;P;S,differs_from_consensus,True,True,scaffold_differs_from_msa_consensus
6IV9,A,VI-D,binary,103,104,N,55.0,N,104.0,,ASN,True,356.0,357.0,four_layer_exact,high,0.3516483516483517,0.184,2.625716339612458,0.6483516483516483,E,A;E;H;K;P;R;Y,differs_from_consensus,False,True,scaffold_differs_from_msa_consensus
6IV9,A,VI-D,binary,104,105,I,56.0,I,105.0,,ILE,True,366.0,367.0,four_layer_exact,high,0.08791208791208792,0.25,2.1660849392498287,0.9120879120879121,A,A;D;G;I;K;N;Q;S;T;V,differs_from_consensus,False,True,scaffold_differs_from_msa_consensus
6IV9,A,VI-D,binary,105,106,E,57.0,E,106.0,,GLU,True,367.0,368.0,four_layer_exact,high,0.967032967032967,0.21635979914125605,2.4837791654927113,0.03296703296703296,A,A;K;M;N;Q;S;T,differs_from_consensus,True,True,scaffold_differs_from_msa_consensus
6IV9,A,VI-D,binary,106,107,L,58.0,L,107.0,,LEU,True,368.0,369.0,four_layer_exact,high,0.967032967032967,0.6322683938577978,1.1105960048903276,0.03296703296703296,F,F;I;L;Y,differs_from_consensus,True,True,scaffold_differs_from_msa_consensus
6IV9,A,VI-D,binary,108,109,D,60.0,D,109.0,,ASP,True,378.0,379.0,four_layer_exact,high,0.9560439560439561,0.19484832828991067,2.2062077956123254,0.04395604395604391,S,D;E;K;N;R;S;T,differs_from_consensus,True,True,scaffold_differs_from_msa_consensus
6IV9,A,VI-D,binary,110,111,N,62.0,N,111.0,,ASN,True,380.0,381.0,four_layer_exact,high,0.8736263736263736,0.16252374267074077,2.475165409379496,0.12637362637362637,T,A;D;E;K;N;S;T;V,differs_from_consensus,True,True,scaffold_differs_from_msa_consensus
6IV9,A,VI-D,binary,111,112,E,63.0,E,112.0,,GLU,True,381.0,382.0,four_layer_exact,high,0.8626373626373627,0.11278006209616513,2.6742483123405223,0.13736263736263732,K,A;D;E;I;K;L;N;P;S,differs_from_consensus,True,True,scaffold_differs_from_msa_consensus
6IV9,A,VI-D,binary,112,113,V,64.0,V,113.0,,VAL,True,382.0,383.0,four_layer_exact,high,0.34615384615384615,0.1951219512195122,2.4119813689627168,0.6538461538461539,K,A;D;E;G;K;N;Q;S,differs_from_consensus,False,True,scaffold_differs_from_msa_consensus
6IV9,A,VI-D,binary,113,114,N,65.0,N,114.0,,ASN,True,383.0,384.0,four_layer_exact,high,0.33516483516483514,0.16806722689075632,2.402561746241019,0.6648351648351649,E,D;E;G;K;N;P;R;S;T,differs_from_consensus,False,True,scaffold_differs_from_msa_consensus
6IV9,A,VI-D,binary,114,115,I,66.0,I,115.0,,ILE,True,384.0,385.0,four_layer_exact,high,0.04945054945054945,0.3333333333333333,1.6769877743224173,0.9505494505494505,A,A;E;H;I;N;S,differs_from_consensus,False,True,scaffold_differs_from_msa_consensus
6IV9,A,VI-D,binary,115,116,T,67.0,T,116.0,,THR,True,434.0,435.0,four_layer_exact,high,0.21978021978021978,0.25,2.1927438540629898,0.7802197802197802,D,D;E;G;K;P;S,differs_from_consensus,False,True,scaffold_differs_from_msa_consensus
6IV9,A,VI-D,binary,116,117,F,68.0,F,117.0,,PHE,True,435.0,436.0,four_layer_exact,high,0.6703296703296703,0.4262728422020457,1.69204780475337,0.3296703296703297,V,A;I;T;V,differs_from_consensus,False,True,scaffold_differs_from_msa_consensus
6IV9,A,VI-D,binary,117,118,S,69.0,S,118.0,,SER,True,436.0,437.0,four_layer_exact,high,0.6758241758241759,0.29828350574059337,1.9894706485431206,0.32417582417582413,D,D;E;G;N;S;T,differs_from_consensus,False,True,scaffold_differs_from_msa_consensus
6IV9,A,VI-D,binary,118,119,S,70.0,S,119.0,,SER,True,437.0,438.0,four_layer_exact,high,0.6703296703296703,0.22066429146075162,2.1459339161154576,0.3296703296703297,E,A;D;E;K;N;P;R;S;T,differs_from_consensus,False,True,scaffold_differs_from_msa_consensus
6IV9,A,VI-D,binary,120,121,H,72.0,H,121.0,,HIS,True,441.0,442.0,four_layer_exact,high,0.027472527472527472,0.2,1.6094379124341005,0.9725274725274725,G,G;I;M;Q;R,differs_from_consensus,False,True,scaffold_differs_from_msa_consensus
6IV9,A,VI-D,binary,121,122,G,73.0,G,122.0,,GLY,True,442.0,443.0,four_layer_exact,high,0.8901098901098901,0.28264902799064284,2.294952448916504,0.10989010989010994,K,D;E;G;K;N;Q;R;S;T,differs_from_consensus,True,True,scaffold_differs_from_msa_consensus
6IV9,A,VI-D,binary,122,123,F,74.0,F,123.0,,PHE,True,447.0,448.0,four_layer_exact,high,0.967032967032967,0.3330179754020813,1.6210769632639537,0.03296703296703296,I,F;I;L;V;Y,differs_from_consensus,True,True,scaffold_differs_from_msa_consensus
6IV9,A,VI-D,binary,123,124,G,75.0,G,124.0,,GLY,True,448.0,449.0,four_layer_exact,high,0.9560439560439561,0.14857185032105688,2.639177815806229,0.04395604395604391,S,D;E;K;N;R;S;T,differs_from_consensus,True,True,scaffold_differs_from_msa_consensus
6IV9,A,VI-D,binary,124,125,S,76.0,S,125.0,,SER,True,455.0,456.0,four_layer_exact,high,0.9120879120879121,0.2311097305272967,2.379220273785973,0.08791208791208793,K,E;K;Q;R;S;T,differs_from_consensus,True,True,scaffold_differs_from_msa_consensus
6IV9,A,VI-D,binary,126,127,V,78.0,V,127.0,,VAL,True,486.0,487.0,four_layer_exact,high,0.45054945054945056,0.21372191863995144,2.4081697528469217,0.5494505494505495,I,I;K;L;M;N;R;T,differs_from_consensus,False,True,scaffold_differs_from_msa_consensus
6IV9,A,VI-D,binary,128,129,I,80.0,I,129.0,,ILE,True,488.0,489.0,four_layer_exact,high,0.9340659340659341,0.38625142423091524,1.9131032147108522,0.06593406593406592,A,A;G;I;L;T;V,differs_from_consensus,True,True,scaffold_differs_from_msa_consensus
6IV9,A,VI-D,binary,129,130,N,81.0,N,130.0,,ASN,True,489.0,490.0,four_layer_exact,high,0.9395604395604396,0.23889601085890955,2.380030213672298,0.06043956043956045,T,E;I;L;N;S;T;V,differs_from_consensus,True,True,scaffold_differs_from_msa_consensus
6IV9,A,VI-D,binary,130,131,T,82.0,T,131.0,,THR,True,490.0,491.0,four_layer_exact,high,0.9395604395604396,0.23165673780257895,2.2249362352972106,0.06043956043956045,A,A;I;L;P;S;T;V,differs_from_consensus,True,True,scaffold_differs_from_msa_consensus
6IV9,A,VI-D,binary,131,132,S,83.0,S,132.0,,SER,True,491.0,492.0,four_layer_exact,high,0.945054945054945,0.4274163360035936,2.0799929411783484,0.05494505494505497,D,A;D;E;N;S,differs_from_consensus,True,True,scaffold_differs_from_msa_consensus
6IV9,A,VI-D,binary,134,135,T,86.0,T,135.0,,THR,True,494.0,495.0,four_layer_exact,high,0.8681318681318682,0.363356363939066,2.2344235712832656,0.13186813186813184,L,A;I;L;S;T;V,differs_from_consensus,True,True,scaffold_differs_from_msa_consensus
6IV9,A,VI-D,binary,136,137,R,88.0,R,137.0,,ARG,True,497.0,498.0,four_layer_exact,high,0.5164835164835165,0.23948112423083318,2.444638560920194,0.48351648351648346,S,A;G;H;I;N;R;S;V,differs_from_consensus,False,True,scaffold_differs_from_msa_consensus
6IV9,A,VI-D,binary,137,138,S,89.0,S,138.0,,SER,True,498.0,499.0,four_layer_exact,high,0.42857142857142855,0.23587223587223588,2.3180795406466093,0.5714285714285714,G,G;K;R;S;T,differs_from_consensus,False,True,scaffold_differs_from_msa_consensus
6IV9,A,VI-D,binary,138,139,G,90.0,G,139.0,,GLY,True,499.0,500.0,four_layer_exact,high,0.08241758241758242,0.13333333333333333,2.1535324566542537,0.9175824175824175,D,A;D;E;G;K;L;P;Q;S,differs_from_consensus,False,True,scaffold_differs_from_msa_consensus
6IV9,A,VI-D,binary,139,140,E,91.0,E,140.0,,GLU,True,532.0,533.0,four_layer_exact,high,0.6043956043956044,0.21027479091995221,2.3748205072861825,0.39560439560439564,S,A;E;I;K;S;V;Y,differs_from_consensus,False,True,scaffold_differs_from_msa_consensus
6IV9,A,VI-D,binary,140,141,S,92.0,S,141.0,,SER,True,533.0,534.0,four_layer_exact,high,0.8076923076923077,0.24094186364880896,2.4729087309970152,0.1923076923076923,K,D;E;G;K;N;Q;R;S,differs_from_consensus,True,True,scaffold_differs_from_msa_consensus
6IV9,A,VI-D,binary,141,142,S,93.0,S,142.0,,SER,True,534.0,535.0,four_layer_exact,high,0.8131868131868132,0.1780512078168823,2.5265393926374644,0.18681318681318682,K,A;E;K;N;P;Q;R;S;T,differs_from_consensus,True,True,scaffold_differs_from_msa_consensus
6IV9,A,VI-D,binary,142,143,P,94.0,P,143.0,,PRO,True,535.0,536.0,four_layer_exact,high,0.44505494505494503,0.11513859275053306,2.66069748312687,0.554945054945055,R,A;D;E;I;K;N;P;Q;R;S;T;V,differs_from_consensus,False,True,scaffold_differs_from_msa_consensus
6IV9,A,VI-D,binary,144,145,R,96.0,R,145.0,,ARG,True,537.0,538.0,four_layer_exact,high,0.8791208791208791,0.6017206063088898,1.5229936692232289,0.1208791208791209,G,G;N;P;R,differs_from_consensus,True,True,scaffold_differs_from_msa_consensus
6IV9,A,VI-D,binary,145,146,G,97.0,G,146.0,,GLY,True,538.0,539.0,four_layer_exact,high,0.8846153846153846,0.1482806275912527,2.433867761775832,0.11538461538461542,Q,A;D;E;K;M;Q;R;S;T,differs_from_consensus,True,True,scaffold_differs_from_msa_consensus
6IV9,A,VI-D,binary,147,148,M,99.0,M,148.0,,MET,True,555.0,556.0,four_layer_exact,high,0.9725274725274725,0.26364096263640957,2.1080298549867944,0.027472527472527486,Y,I;K;L;M;Q;Y,differs_from_consensus,True,True,scaffold_differs_from_msa_consensus
6IV9,A,VI-D,binary,152,153,S,104.0,S,153.0,,SER,True,560.0,561.0,four_layer_exact,high,0.978021978021978,0.26182444556089857,2.1311095792334753,0.02197802197802201,D,A;D;E;G;N;P;S,differs_from_consensus,True,True,scaffold_differs_from_msa_consensus
6IV9,A,VI-D,binary,153,154,E,105.0,E,154.0,,GLU,True,561.0,562.0,four_layer_exact,high,0.978021978021978,0.22048374363023035,2.3047630718212755,0.02197802197802201,K,A;E;K;T;V,differs_from_consensus,True,True,scaffold_differs_from_msa_consensus
6IV9,A,VI-D,binary,171,172,L,123.0,L,172.0,,LEU,True,598.0,599.0,four_layer_exact,high,0.9725274725274725,0.5064681650646816,1.0732635696041648,0.027472527472527486,I,I;L,differs_from_consensus,True,True,scaffold_differs_from_msa_consensus
6IV9,A,VI-D,binary,186,187,V,138.0,V,187.0,,VAL,True,613.0,614.0,four_layer_exact,high,0.978021978021978,0.4083928185161151,1.5821683639735213,0.02197802197802201,I,A;I;S;V,differs_from_consensus,True,True,scaffold_differs_from_msa_consensus
6IV9,A,VI-D,binary,187,188,T,139.0,T,188.0,,THR,True,614.0,615.0,four_layer_exact,high,0.9725274725274725,0.6029187540840776,1.3564394589399267,0.027472527472527486,N,N;T,differs_from_consensus,True,True,scaffold_differs_from_msa_consensus
6IV9,A,VI-D,binary,196,197,M,148.0,M,197.0,,MET,True,629.0,630.0,four_layer_exact,high,0.9835164835164835,0.6228373702422145,1.1990834743759282,0.016483516483516536,L,I;L;M;V,differs_from_consensus,True,True,scaffold_differs_from_msa_consensus
6IV9,A,VI-D,binary,198,199,G,150.0,G,199.0,,GLY,True,631.0,632.0,four_layer_exact,high,0.9615384615384616,0.5195729537366548,1.7704840240886426,0.038461538461538436,R,D;G;N;R,differs_from_consensus,True,True,scaffold_differs_from_msa_consensus
6IV9,A,VI-D,binary,199,200,I,151.0,I,200.0,,ILE,True,633.0,634.0,four_layer_exact,high,0.8956043956043956,0.1625806451612903,2.560474128027858,0.10439560439560436,D,A;D;E;G;K;N;R;S;T,differs_from_consensus,True,True,scaffold_differs_from_msa_consensus
6IV9,A,VI-D,binary,200,201,K,152.0,K,201.0,,LYS,True,634.0,635.0,four_layer_exact,high,0.8956043956043956,0.2474870298313878,2.3402382182330475,0.10439560439560436,E,D;E;G;K;N;S,differs_from_consensus,True,True,scaffold_differs_from_msa_consensus
6IV9,A,VI-D,binary,202,203,S,154.0,S,203.0,,SER,True,636.0,637.0,four_layer_exact,high,0.6538461538461539,0.2962962962962963,2.4002029059513537,0.34615384615384615,D,D;E;K;N;S,differs_from_consensus,False,True,scaffold_differs_from_msa_consensus
6IV9,A,VI-D,binary,204,205,S,156.0,S,205.0,,SER,True,638.0,639.0,four_layer_exact,high,0.17032967032967034,0.2413793103448276,2.222021962081666,0.8296703296703296,E,D;E;I;K;L;N;Q;S,differs_from_consensus,False,True,scaffold_differs_from_msa_consensus
6IV9,A,VI-D,binary,205,206,Y,157.0,Y,206.0,,TYR,True,639.0,640.0,four_layer_exact,high,0.15384615384615385,0.11538461538461539,2.490270497840358,0.8461538461538461,A,A;E;H;K;L;N;Q;R;T;Y,differs_from_consensus,False,True,scaffold_differs_from_msa_consensus
6IV9,A,VI-D,binary,206,207,D,158.0,D,207.0,,ASP,True,667.0,668.0,four_layer_exact,high,0.9615384615384616,0.19217081850533807,2.5580005415999194,0.038461538461538436,E,D;E;G;K;N;S;T,differs_from_consensus,True,True,scaffold_differs_from_msa_consensus
6IV9,A,VI-D,binary,209,210,M,161.0,M,210.0,,MET,True,670.0,671.0,four_layer_exact,high,0.9835164835164835,0.5247981545559401,1.3844867958828906,0.016483516483516536,I,F;I;L;V,differs_from_consensus,True,True,scaffold_differs_from_msa_consensus
6IV9,A,VI-D,binary,214,215,A,166.0,A,215.0,,ALA,True,680.0,681.0,four_layer_exact,high,0.7802197802197802,0.3745199692780338,2.120855394358002,0.21978021978021978,T,A;F;L;S;T;V;Y,differs_from_consensus,False,True,scaffold_differs_from_msa_consensus
6IV9,A,VI-D,binary,215,216,R,167.0,R,216.0,,ARG,True,688.0,689.0,four_layer_exact,high,0.7252747252747253,0.12307692307692308,2.685364474835372,0.27472527472527475,D,D;G;K;L;N;Q;R;S;T,differs_from_consensus,False,True,scaffold_differs_from_msa_consensus
6IV9,A,VI-D,binary,220,221,V,172.0,V,221.0,,VAL,True,706.0,707.0,four_layer_exact,high,0.9230769230769231,0.14232209737827714,2.474100316647014,0.07692307692307687,K,A;D;E;K;N;Q;S;T;V,differs_from_consensus,True,True,scaffold_differs_from_msa_consensus
6IV9,A,VI-D,binary,222,223,T,174.0,T,223.0,,THR,True,726.0,727.0,four_layer_exact,high,0.34615384615384615,0.14992191566892243,2.4575951719379603,0.6538461538461539,L,A;C;K;L;M;R;S;T,differs_from_consensus,False,True,scaffold_differs_from_msa_consensus
6IV9,A,VI-D,binary,223,224,H,175.0,H,224.0,,HIS,True,727.0,728.0,four_layer_exact,high,0.35714285714285715,0.3712846347607053,1.7196090522880478,0.6428571428571428,D,D;E;N;S,differs_from_consensus,False,True,scaffold_differs_from_msa_consensus
6IV9,A,VI-D,binary,225,226,D,177.0,D,226.0,,ASP,True,730.0,731.0,four_layer_exact,high,0.2857142857142857,0.2045889101338432,2.313767979451839,0.7142857142857143,E,D;E;K;N;S;T,differs_from_consensus,False,True,scaffold_differs_from_msa_consensus
6IV9,A,VI-D,binary,226,227,K,178.0,K,227.0,,LYS,True,739.0,740.0,four_layer_exact,high,0.43956043956043955,0.2482645977950184,2.15549340062005,0.5604395604395604,D,D;E;G;K;N;S,differs_from_consensus,False,True,scaffold_differs_from_msa_consensus
6IV9,A,VI-D,binary,227,228,S,179.0,S,228.0,,SER,True,740.0,741.0,four_layer_exact,high,0.45604395604395603,0.2640471512770137,2.2528176763586125,0.543956043956044,P,A;E;G;K;N;P;S;T,differs_from_consensus,False,True,scaffold_differs_from_msa_consensus
6IV9,A,VI-D,binary,228,229,N,180.0,N,229.0,,ASN,True,741.0,742.0,four_layer_exact,high,0.45604395604395603,0.18860510805500982,2.4165316593704933,0.543956043956044,K,D;E;K;N;Q;R;S,differs_from_consensus,False,True,scaffold_differs_from_msa_consensus
6IV9,A,VI-D,binary,229,230,L,181.0,L,230.0,,LEU,True,742.0,743.0,four_layer_exact,high,0.4230769230769231,0.19039524011899703,2.423465993606993,0.5769230769230769,K,A;D;F;K;L;N;T;V;Y,differs_from_consensus,False,True,scaffold_differs_from_msa_consensus
6IV9,A,VI-D,binary,230,231,S,182.0,S,231.0,,SER,True,743.0,744.0,four_layer_exact,high,0.5604395604395604,0.2530413625304136,2.231738306569456,0.43956043956043955,E,D;E;K;N;Q;S;T,differs_from_consensus,False,True,scaffold_differs_from_msa_consensus
6IV9,A,VI-D,binary,232,233,K,184.0,K,233.0,,LYS,True,745.0,746.0,four_layer_exact,high,0.3901098901098901,0.17543859649122806,2.3080875510354337,0.6098901098901099,D,D;G;I;K;L;N;R,differs_from_consensus,False,True,scaffold_differs_from_msa_consensus
6IV9,A,VI-D,binary,233,234,V,185.0,V,234.0,,VAL,True,748.0,749.0,four_layer_exact,high,0.11538461538461539,0.21052631578947367,2.1143081309515277,0.8846153846153846,N,A;D;F;H;I;K;L;N;S,differs_from_consensus,False,True,scaffold_differs_from_msa_consensus
6IV9,A,VI-D,binary,234,235,K,186.0,K,235.0,,LYS,True,749.0,750.0,four_layer_exact,high,0.10989010989010989,0.2222222222222222,2.099546784004169,0.8901098901098901,D,A;D;E;F;I;K;N;Q;V,differs_from_consensus,False,True,scaffold_differs_from_msa_consensus
6IV9,A,VI-D,binary,235,236,G,187.0,G,236.0,,GLY,True,757.0,758.0,four_layer_exact,high,0.6483516483516484,0.2745098039215686,2.2140650838006617,0.3516483516483516,K,A;D;K;N;R;S,differs_from_consensus,False,True,scaffold_differs_from_msa_consensus
6IV9,A,VI-D,binary,238,239,K,190.0,K,239.0,,LYS,True,760.0,761.0,four_layer_exact,high,0.7252747252747253,0.16161616161616163,2.4705730625141404,0.27472527472527475,N,A;D;E;G;K;N;R;S;T,differs_from_consensus,False,True,scaffold_differs_from_msa_consensus
6IV9,A,VI-D,binary,241,242,L,193.0,L,242.0,,LEU,True,763.0,764.0,four_layer_exact,high,0.7857142857142857,0.41284403669724773,1.8907203716128045,0.2142857142857143,K,K;R;Y,differs_from_consensus,False,True,scaffold_differs_from_msa_consensus
6IV9,A,VI-D,binary,242,243,S,194.0,S,243.0,,SER,True,764.0,765.0,four_layer_exact,high,0.8131868131868132,0.19383259911894274,2.164355216127221,0.18681318681318682,E,A;D;E;K;N;R;S,differs_from_consensus,True,True,scaffold_differs_from_msa_consensus
6IV9,A,VI-D,binary,245,246,N,197.0,N,246.0,,ASN,True,847.0,848.0,four_layer_exact,high,0.8791208791208791,0.272,2.3570440080535624,0.1208791208791209,E,D;E;K;L;Q,differs_from_consensus,True,True,scaffold_differs_from_msa_consensus
6IV9,A,VI-D,binary,246,247,D,198.0,D,247.0,,ASP,True,848.0,849.0,four_layer_exact,high,0.8901098901098901,0.2125984251968504,2.259972308387499,0.10989010989010994,E,A;D;E;K;N;Q,differs_from_consensus,True,True,scaffold_differs_from_msa_consensus
6IV9,A,VI-D,binary,250,251,T,202.0,T,251.0,,THR,True,859.0,860.0,four_layer_exact,high,0.9725274725274725,0.2867132867132867,2.1543887797951977,0.027472527472527486,N,A;D;K;N;R;S;T,differs_from_consensus,True,True,scaffold_differs_from_msa_consensus
6IV9,A,VI-D,binary,251,252,K,203.0,K,252.0,,LYS,True,866.0,867.0,four_layer_exact,high,0.9560439560439561,0.17985611510791366,2.5536442431912896,0.04395604395604391,P,A;I;K;N;P;S;T,differs_from_consensus,True,True,scaffold_differs_from_msa_consensus
6IV9,A,VI-D,binary,258,259,L,210.0,L,259.0,,LEU,True,901.0,902.0,four_layer_exact,high,0.9835164835164835,0.20833333333333334,2.408580112882473,0.016483516483516536,D,D;E;F;G;K;N;S;T,differs_from_consensus,True,True,scaffold_differs_from_msa_consensus
6IV9,A,VI-D,binary,259,260,E,211.0,E,260.0,,GLU,True,902.0,903.0,four_layer_exact,high,0.9835164835164835,0.3611111111111111,2.0000778562397588,0.016483516483516536,A,A;E;I;L;T;V,differs_from_consensus,True,True,scaffold_differs_from_msa_consensus
6IV9,A,VI-D,binary,260,261,E,212.0,E,261.0,,GLU,True,903.0,904.0,four_layer_exact,high,0.978021978021978,0.7482517482517482,0.9158307687118252,0.02197802197802201,F,F;L;Y,differs_from_consensus,True,True,scaffold_differs_from_msa_consensus
6IV9,A,VI-D,binary,261,262,P,213.0,P,262.0,,PRO,True,904.0,905.0,four_layer_exact,high,0.9725274725274725,0.2887323943661972,2.4549672026777847,0.027472527472527486,Y,F;I;K;Y,differs_from_consensus,True,True,scaffold_differs_from_msa_consensus
6IV9,A,VI-D,binary,263,264,T,215.0,T,264.0,,THR,True,946.0,947.0,four_layer_exact,high,0.7857142857142857,0.35185185185185186,2.211937438426997,0.2142857142857143,K,A;E;G;K;N;R,differs_from_consensus,False,True,scaffold_differs_from_msa_consensus
6IV9,A,VI-D,binary,266,267,T,218.0,T,267.0,,THR,True,979.0,980.0,four_layer_exact,high,0.7802197802197802,0.24299065420560748,2.240258343890273,0.21978021978021978,K,D;E;G;K;N;S;T,differs_from_consensus,False,True,scaffold_differs_from_msa_consensus
6IV9,A,VI-D,binary,267,268,R,219.0,R,268.0,,ARG,True,980.0,981.0,four_layer_exact,high,0.7912087912087912,0.2782874617737003,2.34506098958044,0.20879120879120883,K,E;K;P;Q;R;S,differs_from_consensus,False,True,scaffold_differs_from_msa_consensus
6IV9,A,VI-D,binary,268,269,A,220.0,A,269.0,,ALA,True,981.0,982.0,four_layer_exact,high,0.7307692307692307,0.35637626262626265,2.099450546137691,0.2692307692307693,K,D;E;K;Q;R,differs_from_consensus,False,True,scaffold_differs_from_msa_consensus
6IV9,A,VI-D,binary,269,270,S,221.0,S,270.0,,SER,True,994.0,995.0,four_layer_exact,high,0.7252747252747253,0.15306122448979592,2.5439263886462906,0.27472527472527475,K,D;E;I;K;N;Q;T;V,differs_from_consensus,False,True,scaffold_differs_from_msa_consensus
6IV9,A,VI-D,binary,271,272,A,223.0,A,272.0,,ALA,True,996.0,997.0,four_layer_exact,high,0.9725274725274725,0.38028169014084506,2.0447219024364927,0.027472527472527486,K,A;E;K;N;R,differs_from_consensus,True,True,scaffold_differs_from_msa_consensus
6IV9,A,VI-D,binary,272,273,Y,224.0,Y,273.0,,TYR,True,997.0,998.0,four_layer_exact,high,0.967032967032967,0.2624113475177305,2.556186469552014,0.03296703296703296,S,D;E;N;S;T,differs_from_consensus,True,True,scaffold_differs_from_msa_consensus
6IV9,A,VI-D,binary,273,274,K,225.0,K,274.0,,LYS,True,998.0,999.0,four_layer_exact,high,0.967032967032967,0.3191489361702128,2.001474815983524,0.03296703296703296,E,D;E;K;Q;R,differs_from_consensus,True,True,scaffold_differs_from_msa_consensus
6IV9,A,VI-D,binary,275,276,R,227.0,R,276.0,,ARG,True,1021.0,1022.0,four_layer_exact,high,0.9725274725274725,0.42231514084507044,2.004366578420314,0.027472527472527486,E,D;E;H;K;R;Y,differs_from_consensus,True,True,scaffold_differs_from_msa_consensus
6IV9,A,VI-D,binary,276,277,V,228.0,V,277.0,,VAL,True,1030.0,1031.0,four_layer_exact,high,0.9945054945054945,0.3084332191780822,1.9334741628997252,0.005494505494505475,I,A;C;I;L;N;V,differs_from_consensus,True,True,scaffold_differs_from_msa_consensus
6IV9,A,VI-D,binary,278,279,H,230.0,H,279.0,,HIS,True,1032.0,1033.0,four_layer_exact,high,0.9945054945054945,0.2054794520547945,2.289840835448434,0.005494505494505475,N,D;H;K;N;S;Y,differs_from_consensus,True,True,scaffold_differs_from_msa_consensus
6IV9,A,VI-D,binary,279,280,M,231.0,M,280.0,,MET,True,1033.0,1034.0,four_layer_exact,high,0.9945054945054945,0.4111729452054795,1.6950957478591993,0.005494505494505475,I,I;L;V,differs_from_consensus,True,True,scaffold_differs_from_msa_consensus
6IV9,A,VI-D,binary,281,282,A,233.0,A,282.0,,ALA,True,1035.0,1036.0,four_layer_exact,high,0.9945054945054945,0.3424657534246575,1.8198097162278748,0.005494505494505475,R,A;C;R;S,differs_from_consensus,True,True,scaffold_differs_from_msa_consensus
6IV9,A,VI-D,binary,282,283,I,234.0,I,283.0,,ILE,True,1036.0,1037.0,four_layer_exact,high,0.9945054945054945,0.4246575342465753,1.7449120721819953,0.005494505494505475,L,F;I;L;M;V,differs_from_consensus,True,True,scaffold_differs_from_msa_consensus
6IV9,A,VI-D,binary,283,284,V,235.0,V,284.0,,VAL,True,1037.0,1038.0,four_layer_exact,high,1.0,0.6326530612244898,1.1752685407534762,0.0,L,A;I;L;V,differs_from_consensus,True,True,scaffold_differs_from_msa_consensus
6IV9,A,VI-D,binary,285,286,Q,237.0,Q,286.0,,GLN,True,1039.0,1040.0,four_layer_exact,high,1.0,0.14285714285714285,2.660033185241378,0.0,S,A;F;I;K;L;M;Q;S;T;Y,differs_from_consensus,True,True,scaffold_differs_from_msa_consensus
6IV9,A,VI-D,binary,286,287,I,238.0,I,287.0,,ILE,True,1040.0,1041.0,four_layer_exact,high,1.0,0.46938775510204084,1.5713257017154096,0.0,L,A;I;L;M;V,differs_from_consensus,True,True,scaffold_differs_from_msa_consensus
6IV9,A,VI-D,binary,287,288,R,239.0,A,288.0,,ALA,True,1041.0,1042.0,four_layer_literature_restored_substitution,high,1.0,1.0,-0.0,0.0,R,R,matches_consensus,True,True,literature_confirmed_construct_substitution
6IV9,A,VI-D,binary,289,290,C,241.0,C,290.0,,CYS,True,1043.0,1044.0,four_layer_exact,high,1.0,0.2108843537414966,2.323815639312074,0.0,F,A;F;L;M;S;W,differs_from_consensus,True,True,scaffold_differs_from_msa_consensus
6IV9,A,VI-D,binary,290,291,V,242.0,V,291.0,,VAL,True,1044.0,1045.0,four_layer_exact,high,1.0,0.3197278911564626,1.9871025701383873,0.0,C,A;C;I;L;S;T;V,differs_from_consensus,True,True,scaffold_differs_from_msa_consensus
6IV9,A,VI-D,binary,293,294,D,245.0,D,294.0,,ASP,True,1047.0,1048.0,four_layer_exact,high,1.0,0.3197278911564626,2.187913418055878,0.0,G,D;E;F;G;S;Y,differs_from_consensus,True,True,scaffold_differs_from_msa_consensus
6IV9,A,VI-D,binary,294,295,K,246.0,K,295.0,,LYS,True,1050.0,1051.0,four_layer_exact,high,0.9120879120879121,0.17533396946564886,2.61739589031574,0.08791208791208793,E,D;E;G;K;N;T;V,differs_from_consensus,True,True,scaffold_differs_from_msa_consensus
6IV9,A,VI-D,binary,296,297,G,248.0,G,297.0,,GLY,True,1055.0,1056.0,four_layer_exact,high,0.8626373626373627,0.22540983606557377,2.519479610737625,0.13736263736263732,N,D;E;G;K;N;R;S;T,differs_from_consensus,True,True,scaffold_differs_from_msa_consensus
6IV9,A,VI-D,binary,297,298,A,249.0,A,298.0,,ALA,True,1056.0,1057.0,four_layer_exact,high,0.8131868131868132,0.168141592920354,2.4508894946563955,0.18681318681318682,R,A;D;K;N;R;S;T,differs_from_consensus,True,True,scaffold_differs_from_msa_consensus
6IV9,A,VI-D,binary,298,299,K,250.0,K,299.0,,LYS,True,1073.0,1074.0,four_layer_exact,high,0.3901098901098901,0.17647058823529413,2.429284477153144,0.6098901098901099,A,A;D;G;K;P;S;T,differs_from_consensus,False,True,scaffold_differs_from_msa_consensus
6IV9,A,VI-D,binary,299,300,R,251.0,R,300.0,,ARG,True,1074.0,1075.0,four_layer_exact,high,0.4065934065934066,0.17142857142857143,2.4148389702678728,0.5934065934065934,D,D;E;G;K;N;P;R;S,differs_from_consensus,False,True,scaffold_differs_from_msa_consensus
6IV9,A,VI-D,binary,300,301,F,252.0,F,301.0,,PHE,True,1075.0,1076.0,four_layer_exact,high,0.6538461538461539,0.21428571428571427,2.3573451971064188,0.34615384615384615,T,A;F;N;S;T;Y,differs_from_consensus,False,True,scaffold_differs_from_msa_consensus
6IV9,A,VI-D,binary,301,302,D,253.0,D,302.0,,ASP,True,1078.0,1079.0,four_layer_exact,high,0.8516483516483516,0.39166666666666666,2.1616914042489888,0.14835164835164838,W,A;S;V;W;Y,differs_from_consensus,True,True,scaffold_differs_from_msa_consensus
6IV9,A,VI-D,binary,304,305,S,256.0,S,305.0,,SER,True,1081.0,1082.0,four_layer_exact,high,0.945054945054945,0.39416058394160586,2.045662002332108,0.05494505494505497,N,D;K;N;Q;R;S,differs_from_consensus,True,True,scaffold_differs_from_msa_consensus
6IV9,A,VI-D,binary,305,306,F,257.0,F,306.0,,PHE,True,1082.0,1083.0,four_layer_exact,high,0.9835164835164835,0.5277777777777778,1.7186172629535157,0.016483516483516536,L,A;I;L;S,differs_from_consensus,True,True,scaffold_differs_from_msa_consensus
6IV9,A,VI-D,binary,306,307,I,258.0,I,307.0,,ILE,True,1092.0,1093.0,four_layer_exact,high,0.9395604395604396,0.40693430656934304,1.7487052880905518,0.06043956043956045,D,D;E;K;N;S,differs_from_consensus,True,True,scaffold_differs_from_msa_consensus
6IV9,A,VI-D,binary,307,308,N,259.0,N,308.0,,ASN,True,1093.0,1094.0,four_layer_exact,high,0.9065934065934066,0.2366412213740458,2.340740778692264,0.09340659340659341,K,D;E;K;N;Q;S,differs_from_consensus,True,True,scaffold_differs_from_msa_consensus
6IV9,A,VI-D,binary,309,310,I,261.0,I,310.0,,ILE,True,1100.0,1101.0,four_layer_exact,high,0.7142857142857143,0.6185567010309279,1.313524370036907,0.2857142857142857,L,F;I;L,differs_from_consensus,False,True,scaffold_differs_from_msa_consensus
6IV9,A,VI-D,binary,313,314,Y,265.0,Y,314.0,,TYR,True,1124.0,1125.0,four_layer_exact,high,0.9230769230769231,0.2781954887218045,1.8854669823053436,0.07692307692307687,L,A;F;I;L;V;Y,differs_from_consensus,True,True,scaffold_differs_from_msa_consensus
6IV9,A,VI-D,binary,314,315,R,266.0,R,315.0,,ARG,True,1145.0,1146.0,four_layer_exact,high,0.978021978021978,0.26573426573426573,2.2510283909761952,0.02197802197802201,K,I;K;L;R;W,differs_from_consensus,True,True,scaffold_differs_from_msa_consensus
6IV9,A,VI-D,binary,319,320,Y,271.0,Y,320.0,,TYR,True,1150.0,1151.0,four_layer_exact,high,1.0,0.14285714285714285,2.5588674590066685,0.0,K,A;D;E;K;N;R;S;T;Y,differs_from_consensus,True,True,scaffold_differs_from_msa_consensus
6IV9,A,VI-D,binary,321,322,V,273.0,V,322.0,,VAL,True,1152.0,1153.0,four_layer_exact,high,1.0,0.6530612244897959,1.1214409686467792,0.0,Y,F;Y,differs_from_consensus,True,True,scaffold_differs_from_msa_consensus
6IV9,A,VI-D,binary,322,323,E,274.0,E,323.0,,GLU,True,1153.0,1154.0,four_layer_exact,high,1.0,0.1950113378684807,2.297177350744636,0.0,D,A;D;E;K;N;R;S,differs_from_consensus,True,True,scaffold_differs_from_msa_consensus
6IV9,A,VI-D,binary,325,326,L,277.0,L,326.0,,LEU,True,1156.0,1157.0,four_layer_exact,high,1.0,0.35374149659863946,1.7471194004335109,0.0,I,F;I;L;V,differs_from_consensus,True,True,scaffold_differs_from_msa_consensus
6IV9,A,VI-D,binary,326,327,K,278.0,K,327.0,,LYS,True,1157.0,1158.0,four_layer_exact,high,1.0,0.2018140589569161,2.2584787038230623,0.0,D,D;E;K;N;T,differs_from_consensus,True,True,scaffold_differs_from_msa_consensus
6IV9,A,VI-D,binary,327,328,S,279.0,S,328.0,,SER,True,1158.0,1159.0,four_layer_exact,high,1.0,0.21768707482993196,2.312275293531052,0.0,E,A;D;E;K;Q;R;S;T,differs_from_consensus,True,True,scaffold_differs_from_msa_consensus
6IV9,A,VI-D,binary,334,335,E,286.0,E,335.0,,GLU,True,1166.0,1167.0,four_layer_exact,high,0.9945054945054945,0.3698630136986301,1.9018254981732938,0.005494505494505475,K,D;E;K;N;S;T,differs_from_consensus,True,True,scaffold_differs_from_msa_consensus
6IV9,A,VI-D,binary,335,336,G,287.0,G,336.0,,GLY,True,1185.0,1186.0,four_layer_exact,high,1.0,0.4217687074829932,1.7103184593830913,0.0,N,H;K;N;Q;T,differs_from_consensus,True,True,scaffold_differs_from_msa_consensus
6IV9,A,VI-D,binary,340,341,I,292.0,I,341.0,,ILE,True,1209.0,1210.0,four_layer_exact,high,1.0,0.6122448979591837,1.1209026347865876,0.0,L,F;I;L;V,differs_from_consensus,True,True,scaffold_differs_from_msa_consensus
6IV9,A,VI-D,binary,341,342,S,293.0,S,342.0,,SER,True,1210.0,1211.0,four_layer_exact,high,1.0,0.19727891156462585,2.6782287151563526,0.0,Y,A;K;L;N;Q;S;Y,differs_from_consensus,True,True,scaffold_differs_from_msa_consensus
6IV9,A,VI-D,binary,342,343,L,294.0,L,343.0,,LEU,True,1211.0,1212.0,four_layer_exact,high,1.0,0.6122448979591837,1.3254426319926962,0.0,I,I;L;V,differs_from_consensus,True,True,scaffold_differs_from_msa_consensus
6IV9,A,VI-D,binary,344,345,I,296.0,I,345.0,,ILE,True,1213.0,1214.0,four_layer_exact,high,1.0,0.2789115646258503,2.4016508680885007,0.0,F,A;C;E;F;K;S,differs_from_consensus,True,True,scaffold_differs_from_msa_consensus
6IV9,A,VI-D,binary,345,346,D,297.0,D,346.0,,ASP,True,1214.0,1215.0,four_layer_exact,high,1.0,0.22675736961451243,2.253763267631969,0.0,E,D;E;K;N;Q;R;S,differs_from_consensus,True,True,scaffold_differs_from_msa_consensus
6IV9,A,VI-D,binary,346,347,M,298.0,M,347.0,,MET,True,1219.0,1220.0,four_layer_exact,high,0.989010989010989,0.28505747126436776,1.7954617694267447,0.01098901098901095,I,A;I;L;V;Y,differs_from_consensus,True,True,scaffold_differs_from_msa_consensus
6IV9,A,VI-D,binary,347,348,M,299.0,M,348.0,,MET,True,1220.0,1221.0,four_layer_exact,high,0.9835164835164835,0.4025607638888889,1.4280767284554827,0.016483516483516536,Y,F;L;Y,differs_from_consensus,True,True,scaffold_differs_from_msa_consensus
6IV9,A,VI-D,binary,349,350,G,301.0,G,350.0,,GLY,True,1239.0,1240.0,four_layer_exact,high,0.8406593406593407,0.21288515406162464,2.2749309544108747,0.15934065934065933,D,D;E;K;L;N;P;S,differs_from_consensus,True,True,scaffold_differs_from_msa_consensus
6IV9,A,VI-D,binary,350,351,Y,302.0,Y,351.0,,TYR,True,1244.0,1245.0,four_layer_exact,high,0.8956043956043956,0.3515625,2.327869116409754,0.10439560439560436,E,A;D;E;K;S,differs_from_consensus,True,True,scaffold_differs_from_msa_consensus
6IV9,A,VI-D,binary,352,353,A,304.0,A,353.0,,ALA,True,1246.0,1247.0,four_layer_exact,high,0.9010989010989011,0.3798449612403101,2.2984176260791895,0.09890109890109888,K,F;K;L;Q;R,differs_from_consensus,True,True,scaffold_differs_from_msa_consensus
6IV9,A,VI-D,binary,353,354,D,305.0,D,354.0,,ASP,True,1247.0,1248.0,four_layer_exact,high,0.967032967032967,0.2907801418439716,2.2156108668266676,0.03296703296703296,K,A;D;E;K;N,differs_from_consensus,True,True,scaffold_differs_from_msa_consensus
6IV9,A,VI-D,binary,354,355,D,306.0,D,355.0,,ASP,True,1248.0,1249.0,four_layer_exact,high,0.978021978021978,0.26573426573426573,2.210779940638721,0.02197802197802201,E,A;D;E;K;N;Q;T,differs_from_consensus,True,True,scaffold_differs_from_msa_consensus
6IV9,A,VI-D,binary,355,356,I,307.0,I,356.0,,ILE,True,1255.0,1256.0,four_layer_exact,high,1.0,0.5034013605442177,1.4518623197294174,0.0,L,I;L;V,differs_from_consensus,True,True,scaffold_differs_from_msa_consensus
6IV9,A,VI-D,binary,356,357,I,308.0,I,357.0,,ILE,True,1256.0,1257.0,four_layer_exact,high,1.0,0.29931972789115646,1.9395287444864753,0.0,A,A;I;L;T;V,differs_from_consensus,True,True,scaffold_differs_from_msa_consensus
6IV9,A,VI-D,binary,358,359,L,310.0,L,359.0,,LEU,True,1258.0,1259.0,four_layer_exact,high,1.0,0.32653061224489793,2.0622700135974417,0.0,E,A;D;E;K;L;Q,differs_from_consensus,True,True,scaffold_differs_from_msa_consensus
6IV9,A,VI-D,binary,367,368,S,319.0,S,368.0,,SER,True,1267.0,1268.0,four_layer_exact,high,1.0,0.35374149659863946,2.046123816334197,0.0,E,D;E;K;N;Q;S;T,differs_from_consensus,True,True,scaffold_differs_from_msa_consensus
6IV9,A,VI-D,binary,368,369,Q,320.0,Q,369.0,,GLN,True,1268.0,1269.0,four_layer_exact,high,1.0,0.3333333333333333,2.0479296015683297,0.0,Y,D;G;H;N;Q;Y,differs_from_consensus,True,True,scaffold_differs_from_msa_consensus
6IV9,A,VI-D,binary,381,382,K,333.0,K,382.0,,LYS,True,1282.0,1283.0,four_layer_exact,high,0.9835164835164835,0.15299479166666666,2.6583769167918456,0.016483516483516536,I,A;C;E;I;K;L;N;Q;S;T,differs_from_consensus,True,True,scaffold_differs_from_msa_consensus
6IV9,A,VI-D,binary,385,386,E,337.0,E,386.0,,GLU,True,1294.0,1295.0,four_layer_exact,high,0.6648351648351648,0.21839080459770116,2.2766275839962753,0.3351648351648352,P,D;E;K;P;S;T,differs_from_consensus,False,True,scaffold_differs_from_msa_consensus
6IV9,A,VI-D,binary,386,387,Y,338.0,Y,387.0,,TYR,True,1295.0,1296.0,four_layer_exact,high,0.7527472527472527,0.27214805825242716,2.300478646670668,0.24725274725274726,E,D;E;G;N;Q;Y,differs_from_consensus,False,True,scaffold_differs_from_msa_consensus
6IV9,A,VI-D,binary,387,388,G,339.0,G,388.0,,GLY,True,1296.0,1297.0,four_layer_exact,high,0.7527472527472527,0.36893203883495146,2.0793457834291,0.24725274725274726,A,A;F;G;L;Y,differs_from_consensus,False,True,scaffold_differs_from_msa_consensus
6IV9,A,VI-D,binary,388,389,F,340.0,F,389.0,,PHE,True,1297.0,1298.0,four_layer_exact,high,0.7637362637362637,0.2,2.495497538984417,0.2362637362637363,S,A;E;K;N;P;Q;S;T,differs_from_consensus,False,True,scaffold_differs_from_msa_consensus
6IV9,A,VI-D,binary,389,390,R,341.0,R,390.0,,ARG,True,1298.0,1299.0,four_layer_exact,high,0.5439560439560439,0.13541666666666666,2.80145769037482,0.4560439560439561,E,D;E;F;G;K;R;V;Y,differs_from_consensus,False,True,scaffold_differs_from_msa_consensus
6IV9,A,VI-D,binary,390,391,F,342.0,F,391.0,,PHE,True,1304.0,1305.0,four_layer_exact,high,0.7692307692307693,0.43795620437956206,1.5540738784102612,0.23076923076923073,L,F;I;L;V;Y,differs_from_consensus,False,True,scaffold_differs_from_msa_consensus
6IV9,A,VI-D,binary,394,395,Q,346.0,Q,395.0,,GLN,True,1320.0,1321.0,four_layer_exact,high,0.945054945054945,0.29008152173913043,2.26751313735381,0.05494505494505497,K,D;E;K;Q;S,differs_from_consensus,True,True,scaffold_differs_from_msa_consensus
6IV9,A,VI-D,binary,402,403,M,354.0,M,403.0,,MET,True,1344.0,1345.0,four_layer_exact,high,1.0,0.6326530612244898,1.2602980918772664,0.0,L,F;I;L;M,differs_from_consensus,True,True,scaffold_differs_from_msa_consensus
6IV9,A,VI-D,binary,406,407,M,358.0,M,407.0,,MET,True,1348.0,1349.0,four_layer_exact,high,1.0,0.272108843537415,1.916129955052642,0.0,I,F;I;L;M;T,differs_from_consensus,True,True,scaffold_differs_from_msa_consensus
6IV9,A,VI-D,binary,409,410,L,361.0,L,410.0,,LEU,True,1351.0,1352.0,four_layer_exact,high,1.0,0.29931972789115646,1.8451094753767683,0.0,I,A;C;I;L;M;V,differs_from_consensus,True,True,scaffold_differs_from_msa_consensus
6IV9,A,VI-D,binary,410,411,L,362.0,L,411.0,,LEU,True,1352.0,1353.0,four_layer_exact,high,1.0,0.5850340136054422,0.8941066555717766,0.0,I,I;L,differs_from_consensus,True,True,scaffold_differs_from_msa_consensus
6IV9,A,VI-D,binary,411,412,F,363.0,F,412.0,,PHE,True,1353.0,1354.0,four_layer_exact,high,1.0,0.4897959183673469,1.630093046751539,0.0,Y,F;V;W;Y,differs_from_consensus,True,True,scaffold_differs_from_msa_consensus
6IV9,A,VI-D,binary,412,413,C,364.0,C,413.0,,CYS,True,1354.0,1355.0,four_layer_exact,high,0.9945054945054945,0.23309075342465754,2.197380744921965,0.005494505494505475,R,D;H;K;R;Y,differs_from_consensus,True,True,scaffold_differs_from_msa_consensus
6IV9,A,VI-D,binary,413,414,N,365.0,N,414.0,,ASN,True,1355.0,1356.0,four_layer_exact,high,0.989010989010989,0.3586206896551724,2.3468570009870247,0.01098901098901095,Y,E;G;H;Y,differs_from_consensus,True,True,scaffold_differs_from_msa_consensus
6IV9,A,VI-D,binary,415,416,Y,367.0,Y,416.0,,TYR,True,1357.0,1358.0,four_layer_exact,high,0.9725274725274725,0.15492957746478872,2.6150961546718117,0.027472527472527486,K,E;I;K;L;N;R;S;T;V,differs_from_consensus,True,True,scaffold_differs_from_msa_consensus
6IV9,A,VI-D,binary,416,417,R,368.0,R,417.0,,ARG,True,1364.0,1365.0,four_layer_exact,high,0.8406593406593407,0.23702330508474576,2.2794906108007345,0.15934065934065933,E,D;E;K;N;Q;S,differs_from_consensus,True,True,scaffold_differs_from_msa_consensus
6IV9,A,VI-D,binary,418,419,D,370.0,D,419.0,,ASP,True,1379.0,1380.0,four_layer_exact,high,0.9340659340659341,0.2,2.290201628033181,0.06593406593406592,P,A;D;E;K;N;P;Q;S,differs_from_consensus,True,True,scaffold_differs_from_msa_consensus
6IV9,A,VI-D,binary,419,420,V,371.0,V,420.0,,VAL,True,1380.0,1381.0,four_layer_exact,high,0.8241758241758241,0.3046195652173913,2.126673938915689,0.17582417582417587,E,A;D;E;G;K;N;S,differs_from_consensus,True,True,scaffold_differs_from_msa_consensus
6IV9,A,VI-D,binary,420,421,A,372.0,A,421.0,,ALA,True,1382.0,1383.0,four_layer_exact,high,0.8186813186813187,0.2807017543859649,2.2104926532452183,0.18131868131868134,K,E;K;Q;R,differs_from_consensus,True,True,scaffold_differs_from_msa_consensus
6IV9,A,VI-D,binary,422,423,G,374.0,G,423.0,,GLY,True,1442.0,1443.0,four_layer_exact,high,0.34065934065934067,0.25,2.247250906278105,0.6593406593406593,L,C;I;L;R;S;T;V,differs_from_consensus,False,True,scaffold_differs_from_msa_consensus
6IV9,A,VI-D,binary,423,424,E,375.0,E,424.0,,GLU,True,1443.0,1444.0,four_layer_exact,high,1.0,0.30137471655328796,2.0156646799666533,0.0,D,D;E;N;Q;S,differs_from_consensus,True,True,scaffold_differs_from_msa_consensus
6IV9,A,VI-D,binary,424,425,A,376.0,A,425.0,,ALA,True,1444.0,1445.0,four_layer_exact,high,1.0,0.25170068027210885,2.3454829593119575,0.0,E,A;D;E;K;N;Q;R;S,differs_from_consensus,True,True,scaffold_differs_from_msa_consensus
6IV9,A,VI-D,binary,427,428,R,379.0,R,428.0,,ARG,True,1447.0,1448.0,four_layer_exact,high,1.0,0.23129251700680273,2.2179089351191426,0.0,E,A;D;E;N;S,differs_from_consensus,True,True,scaffold_differs_from_msa_consensus
6IV9,A,VI-D,binary,431,432,F,383.0,F,432.0,,PHE,True,1451.0,1452.0,four_layer_exact,high,1.0,0.3469387755102041,2.235741102985488,0.0,A,A;G;L;S,differs_from_consensus,True,True,scaffold_differs_from_msa_consensus
6IV9,A,VI-D,binary,433,434,M,385.0,M,434.0,,MET,True,1453.0,1454.0,four_layer_exact,high,1.0,0.19727891156462585,2.5733659055577522,0.0,L,A;E;I;L;M;Q;T;V,differs_from_consensus,True,True,scaffold_differs_from_msa_consensus
6IV9,A,VI-D,binary,434,435,T,386.0,T,435.0,,THR,True,1463.0,1464.0,four_layer_exact,high,0.989010989010989,0.23448275862068965,2.1566729463705903,0.01098901098901095,S,D;G;N;S;T,differs_from_consensus,True,True,scaffold_differs_from_msa_consensus
6IV9,A,VI-D,binary,435,436,D,387.0,D,436.0,,ASP,True,1464.0,1465.0,four_layer_exact,high,0.989010989010989,0.47586206896551725,1.2142240834917555,0.01098901098901095,E,D;E,differs_from_consensus,True,True,scaffold_differs_from_msa_consensus
6IV9,A,VI-D,binary,436,437,D,388.0,D,437.0,,ASP,True,1465.0,1466.0,four_layer_exact,high,0.978021978021978,0.5128205128205128,1.7173787131873783,0.02197802197802201,E,A;D;E,differs_from_consensus,True,True,scaffold_differs_from_msa_consensus
6IV9,A,VI-D,binary,440,441,G,392.0,G,441.0,,GLY,True,1493.0,1494.0,four_layer_exact,high,1.0,0.16326530612244897,2.5690933420424202,0.0,A,A;D;E;K;N;Q;R;S,differs_from_consensus,True,True,scaffold_differs_from_msa_consensus
6IV9,A,VI-D,binary,443,444,A,395.0,A,444.0,,ALA,True,1496.0,1497.0,four_layer_exact,high,1.0,0.14285714285714285,2.5809512589923322,0.0,R,A;D;E;I;K;L;N;Q;R;S,differs_from_consensus,True,True,scaffold_differs_from_msa_consensus
6IV9,A,VI-D,binary,444,445,D,396.0,D,445.0,,ASP,True,1497.0,1498.0,four_layer_exact,high,1.0,0.14965986394557823,2.369323817968326,0.0,E,A;D;E;K;N;Q;R;S,differs_from_consensus,True,True,scaffold_differs_from_msa_consensus
6IV9,A,VI-D,binary,447,448,A,399.0,A,448.0,,ALA,True,1504.0,1505.0,four_layer_exact,high,1.0,0.21315192743764172,2.3213737058840342,0.0,E,A;D;E;K;N;R;S,differs_from_consensus,True,True,scaffold_differs_from_msa_consensus
6IV9,A,VI-D,binary,448,449,K,400.0,K,449.0,,LYS,True,1505.0,1506.0,four_layer_exact,high,1.0,0.19727891156462585,2.6254323338770935,0.0,R,A;D;E;I;K;R;S,differs_from_consensus,True,True,scaffold_differs_from_msa_consensus
6IV9,A,VI-D,binary,451,452,G,403.0,G,452.0,,GLY,True,1513.0,1514.0,four_layer_exact,high,0.9340659340659341,0.17777777777777778,2.491302523823853,0.06593406593406592,N,A;D;E;K;N;P;S,differs_from_consensus,True,True,scaffold_differs_from_msa_consensus
6IV9,A,VI-D,binary,453,454,F,405.0,F,454.0,,PHE,True,1558.0,1559.0,four_layer_exact,high,0.978021978021978,0.2727272727272727,2.1448269525385713,0.02197802197802201,L,F;I;L;N;V;Y,differs_from_consensus,True,True,scaffold_differs_from_msa_consensus
6IV9,A,VI-D,binary,454,455,R,406.0,R,455.0,,ARG,True,1559.0,1560.0,four_layer_exact,high,0.978021978021978,0.25874125874125875,2.078267806016698,0.02197802197802201,K,E;G;K;R;S,differs_from_consensus,True,True,scaffold_differs_from_msa_consensus
6IV9,A,VI-D,binary,455,456,N,407.0,N,456.0,,ASN,True,1560.0,1561.0,four_layer_exact,high,0.9725274725274725,0.24647887323943662,2.3370759136951706,0.027472527472527486,D,D;E;G;K;N;S,differs_from_consensus,True,True,scaffold_differs_from_msa_consensus
6IV9,A,VI-D,binary,456,457,D,408.0,D,457.0,,ASP,True,1612.0,1613.0,four_layer_exact,high,0.9615384615384616,0.15,2.6274251197114253,0.038461538461538436,K,A;D;I;K;L;P;Q;R;S;T;V,differs_from_consensus,True,True,scaffold_differs_from_msa_consensus
6IV9,A,VI-D,binary,457,458,F,409.0,F,458.0,,PHE,True,1613.0,1614.0,four_layer_exact,high,0.9835164835164835,0.3125,1.6765038569311987,0.016483516483516536,I,F;I;L;V,differs_from_consensus,True,True,scaffold_differs_from_msa_consensus
6IV9,A,VI-D,binary,458,459,E,410.0,E,459.0,,GLU,True,1615.0,1616.0,four_layer_exact,high,0.945054945054945,0.18115942028985507,2.493729977501687,0.05494505494505497,N,A;D;E;K;L;N;Q;R,differs_from_consensus,True,True,scaffold_differs_from_msa_consensus
6IV9,A,VI-D,binary,459,460,N,411.0,N,460.0,,ASN,True,1616.0,1617.0,four_layer_exact,high,0.9340659340659341,0.21346507352941177,2.6291662866310275,0.06593406593406592,K,D;E;K;N;R;S;T;Y,differs_from_consensus,True,True,scaffold_differs_from_msa_consensus
6IV9,A,VI-D,binary,461,462,A,413.0,A,462.0,,ALA,True,1618.0,1619.0,four_layer_exact,high,0.8846153846153846,0.2047244094488189,2.4295383116632627,0.11538461538461542,L,A;C;I;K;L;V,differs_from_consensus,True,True,scaffold_differs_from_msa_consensus
6IV9,A,VI-D,binary,462,463,D,414.0,D,463.0,,ASP,True,1619.0,1620.0,four_layer_exact,high,0.8736263736263736,0.24,2.2729373170800193,0.12637362637362637,P,D;E;K;N;P;S,differs_from_consensus,True,True,scaffold_differs_from_msa_consensus
6IV9,A,VI-D,binary,463,464,H,415.0,H,464.0,,HIS,True,1620.0,1621.0,four_layer_exact,high,0.8571428571428571,0.12269467213114754,2.6848771729341925,0.1428571428571429,A,A;K;L;M;Q;R;S,differs_from_consensus,True,True,scaffold_differs_from_msa_consensus
6IV9,A,VI-D,binary,464,465,M,416.0,M,465.0,,MET,True,1621.0,1622.0,four_layer_exact,high,0.8571428571428571,0.22131147540983606,1.9900906288311284,0.1428571428571429,L,F;I;L;M;V,differs_from_consensus,True,True,scaffold_differs_from_msa_consensus
6IV9,A,VI-D,binary,467,468,D,419.0,D,468.0,,ASP,True,1649.0,1650.0,four_layer_exact,high,0.6703296703296703,0.29920977011494254,2.234683528872811,0.3296703296703297,K,A;D;K;N;S,differs_from_consensus,False,True,scaffold_differs_from_msa_consensus
6IV9,A,VI-D,binary,468,469,V,420.0,V,469.0,,VAL,True,1650.0,1651.0,four_layer_exact,high,0.6703296703296703,0.2640086206896552,2.3083275238481704,0.3296703296703297,N,A;E;K;N;S;T;Y,differs_from_consensus,False,True,scaffold_differs_from_msa_consensus
6IV9,A,VI-D,binary,473,474,G,425.0,G,474.0,,GLY,True,1717.0,1718.0,four_layer_exact,high,0.9340659340659341,0.2298611111111111,2.4768306474043302,0.06593406593406592,K,D;E;K;N;Q;R;S;T,differs_from_consensus,True,True,scaffold_differs_from_msa_consensus
6IV9,A,VI-D,binary,475,476,A,427.0,A,476.0,,ALA,True,1774.0,1775.0,four_layer_exact,high,0.25274725274725274,0.18604651162790697,2.3180711122468587,0.7472527472527473,D,A;D;E;K;N;S,differs_from_consensus,False,True,scaffold_differs_from_msa_consensus
6IV9,A,VI-D,binary,477,478,M,429.0,M,478.0,,MET,True,1776.0,1777.0,four_layer_exact,high,0.25824175824175827,0.20454545454545456,2.5900303417777395,0.7417582417582418,K,A;E;K;L;S;W;Y,differs_from_consensus,False,True,scaffold_differs_from_msa_consensus
6IV9,A,VI-D,binary,478,479,D,430.0,D,479.0,,ASP,True,1777.0,1778.0,four_layer_exact,high,0.34615384615384615,0.25,2.189243332174502,0.6538461538461539,K,D;E;K;N;Q;R;S,differs_from_consensus,False,True,scaffold_differs_from_msa_consensus
6IV9,A,VI-D,binary,480,481,D,432.0,D,481.0,,ASP,True,1780.0,1781.0,four_layer_exact,high,0.9340659340659341,0.2518518518518518,2.1702756729707864,0.06593406593406592,K,A;D;K;N;P;R;S;T,differs_from_consensus,True,True,scaffold_differs_from_msa_consensus
6IV9,A,VI-D,binary,482,483,K,434.0,K,483.0,,LYS,True,1793.0,1794.0,four_layer_exact,high,0.2967032967032967,0.19230769230769232,2.3323325883750043,0.7032967032967032,I,I;K;L;T;V,differs_from_consensus,False,True,scaffold_differs_from_msa_consensus
6IV9,A,VI-D,binary,483,484,I,435.0,I,484.0,,ILE,True,1794.0,1795.0,four_layer_exact,high,0.21428571428571427,0.16216216216216217,2.5592269492075874,0.7857142857142857,K,A;D;E;G;I;K;L;N;P;Q;Y,differs_from_consensus,False,True,scaffold_differs_from_msa_consensus
6IV9,A,VI-D,binary,484,485,L,436.0,L,485.0,,LEU,True,1799.0,1800.0,four_layer_exact,high,0.4725274725274725,0.23270440251572327,2.5025146555781848,0.5274725274725275,I,F;G;I;K;L;N;S;V,differs_from_consensus,False,True,scaffold_differs_from_msa_consensus
6IV9,A,VI-D,binary,485,486,D,437.0,D,486.0,,ASP,True,1800.0,1801.0,four_layer_exact,high,0.9065934065934066,0.14447115384615383,2.631169441935095,0.09340659340659341,K,A;D;E;K;M;Q;S;V,differs_from_consensus,True,True,scaffold_differs_from_msa_consensus
6IV9,A,VI-D,binary,486,487,S,438.0,S,487.0,,SER,True,1801.0,1802.0,four_layer_exact,high,0.9285714285714286,0.35074626865671643,1.6554692045209036,0.0714285714285714,L,F;I;L;V,differs_from_consensus,True,True,scaffold_differs_from_msa_consensus
6IV9,A,VI-D,binary,488,489,K,440.0,K,489.0,,LYS,True,1819.0,1820.0,four_layer_exact,high,0.9010989010989011,0.1937984496124031,2.2989603811603,0.09890109890109888,E,A;D;E;G;K;N;S,differs_from_consensus,True,True,scaffold_differs_from_msa_consensus
6IV9,A,VI-D,binary,489,490,K,441.0,K,490.0,,LYS,True,1820.0,1821.0,four_layer_exact,high,0.8791208791208791,0.25661375661375657,2.348692044329717,0.1208791208791209,I,I;L;V;Y,differs_from_consensus,True,True,scaffold_differs_from_msa_consensus
6IV9,A,VI-D,binary,490,491,N,442.0,N,491.0,,ASN,True,1852.0,1853.0,four_layer_exact,high,0.6318681318681318,0.19166666666666665,2.477836666832085,0.36813186813186816,K,A;F;I;K;L;M;R;S;V,differs_from_consensus,False,True,scaffold_differs_from_msa_consensus
6IV9,A,VI-D,binary,491,492,A,443.0,A,492.0,,ALA,True,1853.0,1854.0,four_layer_exact,high,0.8461538461538461,0.21666666666666667,2.318497798458601,0.15384615384615385,I,I;K;L;Q;R;S;V,differs_from_consensus,True,True,scaffold_differs_from_msa_consensus
6IV9,A,VI-D,binary,493,494,D,445.0,D,494.0,,ASP,True,1857.0,1858.0,four_layer_exact,high,0.967032967032967,0.3617021276595745,1.9119688492247582,0.03296703296703296,N,D;E;K;N;S,differs_from_consensus,True,True,scaffold_differs_from_msa_consensus
6IV9,A,VI-D,binary,494,495,L,446.0,L,495.0,,LEU,True,1859.0,1860.0,four_layer_exact,high,0.978021978021978,0.34265734265734266,1.9582044525873454,0.02197802197802201,A,A;I;T;V,differs_from_consensus,True,True,scaffold_differs_from_msa_consensus
6IV9,A,VI-D,binary,495,496,L,447.0,L,496.0,,LEU,True,1866.0,1867.0,four_layer_exact,high,0.9945054945054945,0.3789954337899544,2.033045624361181,0.005494505494505475,S,D;H;N;S;T,differs_from_consensus,True,True,scaffold_differs_from_msa_consensus
6IV9,A,VI-D,binary,500,501,M,452.0,M,501.0,,MET,True,1871.0,1872.0,four_layer_exact,high,1.0,0.564625850340136,1.480645417410278,0.0,L,I;L;M;V,differs_from_consensus,True,True,scaffold_differs_from_msa_consensus
6IV9,A,VI-D,binary,503,504,M,455.0,M,504.0,,MET,True,1874.0,1875.0,four_layer_exact,high,1.0,0.35374149659863946,1.6924165180236204,0.0,F,A;F;L;M;V,differs_from_consensus,True,True,scaffold_differs_from_msa_consensus
6IV9,A,VI-D,binary,506,507,Y,458.0,Y,507.0,,TYR,True,1877.0,1878.0,four_layer_exact,high,1.0,0.3129251700680272,2.220253024889425,0.0,L,F;K;L;M;N;R,differs_from_consensus,True,True,scaffold_differs_from_msa_consensus
6IV9,A,VI-D,binary,522,523,S,474.0,S,523.0,,SER,True,1893.0,1894.0,four_layer_exact,high,1.0,0.6938775510204082,1.0712944490502216,0.0,N,H;N;S,differs_from_consensus,True,True,scaffold_differs_from_msa_consensus
6IV9,A,VI-D,binary,528,529,K,480.0,K,529.0,,LYS,True,1899.0,1900.0,four_layer_exact,high,1.0,0.3469387755102041,2.0446377815591643,0.0,A,A;D;N;Q;R;S,differs_from_consensus,True,True,scaffold_differs_from_msa_consensus
6IV9,A,VI-D,binary,529,530,E,481.0,E,530.0,,GLU,True,1900.0,1901.0,four_layer_exact,high,1.0,0.6054421768707483,1.353568709219572,0.0,S,A;D;G;S,differs_from_consensus,True,True,scaffold_differs_from_msa_consensus
6IV9,A,VI-D,binary,531,532,L,483.0,L,532.0,,LEU,True,1902.0,1903.0,four_layer_exact,high,1.0,0.3741496598639456,1.8950098821150316,0.0,I,I;L;M;N;V,differs_from_consensus,True,True,scaffold_differs_from_msa_consensus
6IV9,A,VI-D,binary,532,533,K,484.0,K,533.0,,LYS,True,1903.0,1904.0,four_layer_exact,high,1.0,0.3469387755102041,2.0107811541491083,0.0,D,D;E;K;N;Q;S,differs_from_consensus,True,True,scaffold_differs_from_msa_consensus
6IV9,A,VI-D,binary,533,534,I,485.0,I,534.0,,ILE,True,1904.0,1905.0,four_layer_exact,high,1.0,0.3741496598639456,1.562613437700859,0.0,V,I;L;T;V,differs_from_consensus,True,True,scaffold_differs_from_msa_consensus
6IV9,A,VI-D,binary,534,535,M,486.0,M,535.0,,MET,True,1913.0,1914.0,four_layer_exact,high,1.0,0.30718537414965985,1.8058501554481994,0.0,L,A;I;L;M,differs_from_consensus,True,True,scaffold_differs_from_msa_consensus
6IV9,A,VI-D,binary,536,537,S,488.0,S,537.0,,SER,True,1915.0,1916.0,four_layer_exact,high,0.04395604395604396,0.3333333333333333,1.4798484184768599,0.9560439560439561,D,D;G;N;P;S,differs_from_consensus,False,True,scaffold_differs_from_msa_consensus
6IV9,A,VI-D,binary,537,538,S,489.0,S,538.0,,SER,True,1923.0,1924.0,four_layer_exact,high,0.03296703296703297,0.5,1.0397207708399179,0.967032967032967,K,K;R;S,differs_from_consensus,False,True,scaffold_differs_from_msa_consensus
6IV9,A,VI-D,binary,538,539,A,490.0,A,539.0,,ALA,True,1924.0,1925.0,four_layer_exact,high,0.978021978021978,0.23076923076923078,2.2663361141371317,0.02197802197802201,E,D;E;K;Q;S,differs_from_consensus,True,True,scaffold_differs_from_msa_consensus
6IV9,A,VI-D,binary,539,540,V,491.0,V,540.0,,VAL,True,1925.0,1926.0,four_layer_exact,high,0.967032967032967,0.41134751773049644,2.09769891143406,0.03296703296703296,L,C;E;I;L;Q,differs_from_consensus,True,True,scaffold_differs_from_msa_consensus
6IV9,A,VI-D,binary,540,541,D,492.0,D,541.0,,ASP,True,1951.0,1952.0,four_layer_exact,high,0.9560439560439561,0.49640287769784175,1.6967490771387135,0.04395604395604391,G,D;G;K;N;S,differs_from_consensus,True,True,scaffold_differs_from_msa_consensus
6IV9,A,VI-D,binary,541,542,V,493.0,V,542.0,,VAL,True,1952.0,1953.0,four_layer_exact,high,0.9340659340659341,0.2962962962962963,2.233178555701175,0.06593406593406592,L,E;I;K;L;M;V,differs_from_consensus,True,True,scaffold_differs_from_msa_consensus
6IV9,A,VI-D,binary,543,544,C,495.0,C,544.0,,CYS,True,1954.0,1955.0,four_layer_exact,high,0.9560439560439561,0.17266187050359713,2.4325451488115584,0.04395604395604391,V,A;C;I;L;R;S;T;V,differs_from_consensus,True,True,scaffold_differs_from_msa_consensus
6IV9,A,VI-D,binary,545,546,L,497.0,L,546.0,,LEU,True,1982.0,1983.0,four_layer_exact,high,0.989010989010989,0.7931034482758621,0.7019234381787381,0.01098901098901095,F,F;L;Y,differs_from_consensus,True,True,scaffold_differs_from_msa_consensus
6IV9,A,VI-D,binary,547,548,A,499.0,A,548.0,,ALA,True,2037.0,2038.0,four_layer_exact,high,1.0,0.25396825396825395,2.0892276975605535,0.0,E,A;D;E;K;P,differs_from_consensus,True,True,scaffold_differs_from_msa_consensus
6IV9,A,VI-D,binary,548,549,G,500.0,G,549.0,,GLY,True,2038.0,2039.0,four_layer_exact,high,1.0,0.272108843537415,2.0393084887849886,0.0,E,D;E;G;K;N,differs_from_consensus,True,True,scaffold_differs_from_msa_consensus
6IV9,A,VI-D,binary,551,552,L,503.0,L,552.0,,LEU,True,2052.0,2053.0,four_layer_exact,high,0.9945054945054945,0.3698630136986301,1.7387501761397037,0.005494505494505475,F,F;I;L;M;V,differs_from_consensus,True,True,scaffold_differs_from_msa_consensus
6IV9,A,VI-D,binary,554,555,D,506.0,D,555.0,,ASP,True,2094.0,2095.0,four_layer_exact,high,1.0,0.22448979591836735,2.406589494979646,0.0,N,D;E;K;N;Q;R;S,differs_from_consensus,True,True,scaffold_differs_from_msa_consensus
6IV9,A,VI-D,binary,556,557,Q,508.0,Q,557.0,,GLN,True,2096.0,2097.0,four_layer_exact,high,1.0,0.2108843537414966,2.222595186472575,0.0,G,A;D;E;G;K;R;S,differs_from_consensus,True,True,scaffold_differs_from_msa_consensus
6IV9,A,VI-D,binary,557,558,R,509.0,R,558.0,,ARG,True,2097.0,2098.0,four_layer_exact,high,1.0,0.27437641723356004,2.271048763197599,0.0,K,D;E;K;N;Q;R;T,differs_from_consensus,True,True,scaffold_differs_from_msa_consensus
6IV9,A,VI-D,binary,559,560,T,511.0,T,560.0,,THR,True,2099.0,2100.0,four_layer_exact,high,1.0,0.5238095238095238,1.6623759917322187,0.0,A,A;C;S;V,differs_from_consensus,True,True,scaffold_differs_from_msa_consensus
6IV9,A,VI-D,binary,560,561,N,512.0,N,561.0,,ASN,True,2104.0,2105.0,four_layer_exact,high,0.989010989010989,0.20689655172413793,2.3409813170190277,0.01098901098901095,E,A;D;E;K;N;R;S,differs_from_consensus,True,True,scaffold_differs_from_msa_consensus
6IV9,A,VI-D,binary,563,564,F,515.0,F,564.0,,PHE,True,2107.0,2108.0,four_layer_exact,high,0.9945054945054945,0.5958904109589042,1.604710796645177,0.005494505494505475,R,K;N;R;T,differs_from_consensus,True,True,scaffold_differs_from_msa_consensus
6IV9,A,VI-D,binary,565,566,V,517.0,V,566.0,,VAL,True,2109.0,2110.0,four_layer_exact,high,1.0,0.3673469387755102,1.332497444898705,0.0,I,I;L;V,differs_from_consensus,True,True,scaffold_differs_from_msa_consensus
6IV9,A,VI-D,binary,567,568,N,519.0,N,568.0,,ASN,True,2111.0,2112.0,four_layer_exact,high,1.0,0.6394557823129252,1.1003041688611606,0.0,S,N;S,differs_from_consensus,True,True,scaffold_differs_from_msa_consensus
6IV9,A,VI-D,binary,568,569,I,520.0,I,569.0,,ILE,True,2112.0,2113.0,four_layer_exact,high,1.0,0.3945578231292517,1.3194395583553464,0.0,F,F;I;L;V,differs_from_consensus,True,True,scaffold_differs_from_msa_consensus
6IV9,A,VI-D,binary,570,571,S,522.0,S,571.0,,SER,True,2114.0,2115.0,four_layer_exact,high,1.0,0.6122448979591837,1.2143778303437045,0.0,R,K;R,differs_from_consensus,True,True,scaffold_differs_from_msa_consensus
6IV9,A,VI-D,binary,572,573,R,524.0,R,573.0,,ARG,True,2116.0,2117.0,four_layer_exact,high,0.9285714285714286,0.21641791044776118,2.2640765960078166,0.0714285714285714,K,C;D;E;G;K;Q;S;T,differs_from_consensus,True,True,scaffold_differs_from_msa_consensus
6IV9,A,VI-D,binary,575,576,A,527.0,A,576.0,,ALA,True,2130.0,2131.0,four_layer_exact,high,0.967032967032967,0.36879432624113473,2.103087712439381,0.03296703296703296,D,A;D;E;N;S,differs_from_consensus,True,True,scaffold_differs_from_msa_consensus
6IV9,A,VI-D,binary,577,578,S,529.0,S,578.0,,SER,True,2148.0,2149.0,four_layer_exact,high,0.9835164835164835,0.201171875,2.26356625908991,0.016483516483516536,N,A;D;K;N;S,differs_from_consensus,True,True,scaffold_differs_from_msa_consensus
6IV9,A,VI-D,binary,580,581,L,532.0,L,581.0,,LEU,True,2151.0,2152.0,four_layer_exact,high,0.978021978021978,0.2867132867132867,2.1465178737366775,0.02197802197802201,R,A;E;K;R,differs_from_consensus,True,True,scaffold_differs_from_msa_consensus
6IV9,A,VI-D,binary,581,582,T,533.0,T,582.0,,THR,True,2162.0,2163.0,four_layer_exact,high,0.9285714285714286,0.17037037037037037,2.5169221974396727,0.0714285714285714,V,A;E;I;P;Q;S;T;V,differs_from_consensus,True,True,scaffold_differs_from_msa_consensus
6IV9,A,VI-D,binary,583,584,F,535.0,F,584.0,,PHE,True,2173.0,2174.0,four_layer_exact,high,0.9945054945054945,0.4383561643835616,1.4631933734396794,0.005494505494505475,Y,F;I;L;Y,differs_from_consensus,True,True,scaffold_differs_from_msa_consensus
6IV9,A,VI-D,binary,588,589,T,540.0,T,589.0,,THR,True,2179.0,2180.0,four_layer_exact,high,0.9945054945054945,0.1506849315068493,2.5423870286418473,0.005494505494505475,R,A;D;E;K;N;Q;R;T;Y,differs_from_consensus,True,True,scaffold_differs_from_msa_consensus
6IV9,A,VI-D,binary,594,595,D,546.0,D,595.0,,ASP,True,2208.0,2209.0,four_layer_exact,high,0.4835164835164835,0.14814814814814814,2.4353644381839836,0.5164835164835164,K,D;E;G;H;K;N;S;T;V,differs_from_consensus,False,True,scaffold_differs_from_msa_consensus
6IV9,A,VI-D,binary,595,596,N,547.0,N,596.0,,ASN,True,2209.0,2210.0,four_layer_exact,high,0.5,0.1600877192982456,2.5013726448460205,0.5,D,D;E;G;K;N;P;R;T;V,differs_from_consensus,False,True,scaffold_differs_from_msa_consensus
6IV9,A,VI-D,binary,596,597,I,548.0,I,597.0,,ILE,True,2210.0,2211.0,four_layer_exact,high,0.6868131868131868,0.23333333333333334,2.6046820032950753,0.3131868131868132,M,A;I;K;L;M;V;Y,differs_from_consensus,False,True,scaffold_differs_from_msa_consensus
6IV9,A,VI-D,binary,597,598,T,549.0,T,598.0,,THR,True,2211.0,2212.0,four_layer_exact,high,0.7637362637362637,0.3272235576923077,2.2898809709004224,0.2362637362637363,S,D;E;Q;S;T;Y,differs_from_consensus,False,True,scaffold_differs_from_msa_consensus
6IV9,A,VI-D,binary,598,599,D,550.0,D,599.0,,ASP,True,2212.0,2213.0,four_layer_exact,high,0.8076923076923077,0.2767857142857143,2.211486572343379,0.1923076923076923,E,D;E;K;N;P;T,differs_from_consensus,True,True,scaffold_differs_from_msa_consensus
6IV9,A,VI-D,binary,599,600,D,551.0,D,600.0,,ASP,True,2213.0,2214.0,four_layer_exact,high,0.9285714285714286,0.3729011194029851,2.0063318134408825,0.0714285714285714,E,D;E;K;N;P;Q;S,differs_from_consensus,True,True,scaffold_differs_from_msa_consensus
6IV9,A,VI-D,binary,600,601,R,552.0,R,601.0,,ARG,True,2214.0,2215.0,four_layer_exact,high,0.9395604395604396,0.40686274509803916,1.9177663889166732,0.06043956043956045,E,A;D;E;N;Q,differs_from_consensus,True,True,scaffold_differs_from_msa_consensus
6IV9,A,VI-D,binary,601,602,I,553.0,I,602.0,,ILE,True,2215.0,2216.0,four_layer_exact,high,0.9395604395604396,0.27941176470588236,2.3270442032622807,0.06043956043956045,L,F;I;L;V;Y,differs_from_consensus,True,True,scaffold_differs_from_msa_consensus
6IV9,A,VI-D,binary,602,603,S,554.0,S,603.0,,SER,True,2216.0,2217.0,four_layer_exact,high,0.9505494505494505,0.2246376811594203,2.2562227947184934,0.0494505494505495,D,D;E;K;N;Q;S,differs_from_consensus,True,True,scaffold_differs_from_msa_consensus
6IV9,A,VI-D,binary,604,605,I,556.0,I,605.0,,ILE,True,2218.0,2219.0,four_layer_exact,high,0.9340659340659341,0.23703703703703705,2.3975259230819947,0.06593406593406592,Y,A;E;F;I;K;L;M;Y,differs_from_consensus,True,True,scaffold_differs_from_msa_consensus
6IV9,A,VI-D,binary,606,607,K,558.0,K,607.0,,LYS,True,2276.0,2277.0,four_layer_exact,high,0.07142857142857142,0.36363636363636365,1.5941666991180168,0.9285714285714286,S,K;L;M;P;S;Y,differs_from_consensus,False,True,scaffold_differs_from_msa_consensus
6IV9,A,VI-D,binary,608,609,K,560.0,K,609.0,,LYS,True,2278.0,2279.0,four_layer_exact,high,0.7252747252747253,0.5612244897959183,1.5694452231864695,0.27472527472527475,D,D;E;K;N,differs_from_consensus,False,True,scaffold_differs_from_msa_consensus
6IV9,A,VI-D,binary,609,610,E,561.0,E,610.0,,GLU,True,2279.0,2280.0,four_layer_exact,high,0.7032967032967034,0.30526315789473685,2.1467039349033055,0.29670329670329665,K,A;E;K;P;R;S;T,differs_from_consensus,False,True,scaffold_differs_from_msa_consensus
6IV9,A,VI-D,binary,610,611,K,562.0,K,611.0,,LYS,True,2280.0,2281.0,four_layer_exact,high,0.5659340659340659,0.2857142857142857,2.2393309991903956,0.4340659340659341,N,A;D;E;G;K;N;S,differs_from_consensus,False,True,scaffold_differs_from_msa_consensus
6IV9,A,VI-D,binary,613,614,G,565.0,G,614.0,,GLY,True,2292.0,2293.0,four_layer_exact,high,0.7692307692307693,0.32075471698113206,2.3879128042717594,0.23076923076923073,K,E;K;P;T,differs_from_consensus,False,True,scaffold_differs_from_msa_consensus
6IV9,A,VI-D,binary,615,616,H,567.0,H,616.0,,HIS,True,2342.0,2343.0,four_layer_exact,high,0.989010989010989,0.25495689655172415,2.044704689199091,0.01098901098901095,N,H;K;N;R;T,differs_from_consensus,True,True,scaffold_differs_from_msa_consensus
6IV9,A,VI-D,binary,617,618,L,569.0,L,618.0,,LEU,True,2344.0,2345.0,four_layer_exact,high,0.9945054945054945,0.4726027397260274,1.5759153766818645,0.005494505494505475,F,F;I;L;V,differs_from_consensus,True,True,scaffold_differs_from_msa_consensus
6IV9,A,VI-D,binary,622,623,T,574.0,T,623.0,,THR,True,2355.0,2356.0,four_layer_exact,high,1.0,0.3333333333333333,1.8894836396114303,0.0,A,A;I,differs_from_consensus,True,True,scaffold_differs_from_msa_consensus
6IV9,A,VI-D,binary,629,630,S,581.0,S,630.0,,SER,True,2362.0,2363.0,four_layer_exact,high,1.0,0.35374149659863946,1.8156290973535367,0.0,R,K;N;R;S;T,differs_from_consensus,True,True,scaffold_differs_from_msa_consensus
6IV9,A,VI-D,binary,632,633,V,584.0,V,633.0,,VAL,True,2365.0,2366.0,four_layer_exact,high,1.0,0.17665816326530612,2.459084966990156,0.0,K,F;H;I;K;N;Q;R,differs_from_consensus,True,True,scaffold_differs_from_msa_consensus
6IV9,A,VI-D,binary,635,636,I,587.0,I,636.0,,ILE,True,2369.0,2370.0,four_layer_exact,high,1.0,0.43537414965986393,1.4172898637728437,0.0,V,A;I;V,differs_from_consensus,True,True,scaffold_differs_from_msa_consensus
6IV9,A,VI-D,binary,636,637,K,588.0,K,637.0,,LYS,True,2370.0,2371.0,four_layer_exact,high,1.0,0.6394557823129252,0.811700257404049,0.0,R,K;R,differs_from_consensus,True,True,scaffold_differs_from_msa_consensus
6IV9,A,VI-D,binary,638,639,A,590.0,A,639.0,,ALA,True,2372.0,2373.0,four_layer_exact,high,1.0,0.17006802721088435,2.1980692364241254,0.0,G,A;C;G;I;N;S;T;V,differs_from_consensus,True,True,scaffold_differs_from_msa_consensus
6IV9,A,VI-D,binary,640,641,A,592.0,A,641.0,,ALA,True,2374.0,2375.0,four_layer_exact,high,1.0,0.7551020408163265,0.9980762056073185,0.0,P,A;P;T;V,differs_from_consensus,True,True,scaffold_differs_from_msa_consensus
6IV9,A,VI-D,binary,641,642,Q,593.0,Q,642.0,,GLN,True,2375.0,2376.0,four_layer_exact,high,1.0,0.3129251700680272,2.1956100345897855,0.0,K,A;E;K;R;S;T,differs_from_consensus,True,True,scaffold_differs_from_msa_consensus
6IV9,A,VI-D,binary,643,644,I,595.0,I,644.0,,ILE,True,2377.0,2378.0,four_layer_exact,high,1.0,0.35374149659863946,1.688112846401972,0.0,V,A;C;I;L;V,differs_from_consensus,True,True,scaffold_differs_from_msa_consensus
6IV9,A,VI-D,binary,645,646,E,597.0,E,646.0,,GLU,True,2379.0,2380.0,four_layer_exact,high,1.0,0.3356009070294784,2.0562657025875595,0.0,K,A;E;K;R,differs_from_consensus,True,True,scaffold_differs_from_msa_consensus
6IV9,A,VI-D,binary,646,647,V,598.0,V,647.0,,VAL,True,2380.0,2381.0,four_layer_exact,high,1.0,0.46938775510204084,1.4714960160367159,0.0,L,F;I;L;V,differs_from_consensus,True,True,scaffold_differs_from_msa_consensus
6IV9,A,VI-D,binary,654,655,M,606.0,M,655.0,,MET,True,2393.0,2394.0,four_layer_exact,high,1.0,0.32653061224489793,1.9751902431035713,0.0,R,A;E;K;R;S,differs_from_consensus,True,True,scaffold_differs_from_msa_consensus
6IV9,A,VI-D,binary,658,659,G,610.0,G,659.0,,GLY,True,2398.0,2399.0,four_layer_exact,high,0.9945054945054945,0.2602739726027397,2.153475989484622,0.005494505494505475,K,D;E;G;K;N;R;S,differs_from_consensus,True,True,scaffold_differs_from_msa_consensus
6IV9,A,VI-D,binary,659,660,G,611.0,G,660.0,,GLY,True,2407.0,2408.0,four_layer_exact,high,0.978021978021978,0.3076923076923077,2.03431797599515,0.02197802197802201,R,D;E;G;K;R;S,differs_from_consensus,True,True,scaffold_differs_from_msa_consensus
6IV9,A,VI-D,binary,666,667,E,618.0,E,667.0,,GLU,True,2436.0,2437.0,four_layer_exact,high,1.0,0.36054421768707484,2.145366358317453,0.0,D,D;E;K;L;R;T,differs_from_consensus,True,True,scaffold_differs_from_msa_consensus
6IV9,A,VI-D,binary,673,674,V,625.0,V,674.0,,VAL,True,2453.0,2454.0,four_layer_exact,high,0.8241758241758241,0.22608695652173913,2.5951530840494907,0.17582417582417587,T,F;G;I;K;N;S;T;V,differs_from_consensus,True,True,scaffold_differs_from_msa_consensus
6IV9,A,VI-D,binary,674,675,E,626.0,E,675.0,,GLU,True,2454.0,2455.0,four_layer_exact,high,0.8461538461538461,0.4369747899159664,2.0463891484723957,0.15384615384615385,G,D;E;G,differs_from_consensus,True,True,scaffold_differs_from_msa_consensus
6IV9,A,VI-D,binary,675,676,F,627.0,F,676.0,,PHE,True,2455.0,2456.0,four_layer_exact,high,0.7582417582417582,0.16201456310679613,2.6546072910495537,0.2417582417582418,K,A;E;G;I;K;N;P;S;T,differs_from_consensus,False,True,scaffold_differs_from_msa_consensus
6IV9,A,VI-D,binary,676,677,P,628.0,P,677.0,,PRO,True,2456.0,2457.0,four_layer_exact,high,0.8186813186813187,0.17543859649122806,2.448897424287677,0.18131868131868134,K,D;E;G;K;N;P;R;S,differs_from_consensus,True,True,scaffold_differs_from_msa_consensus
6IV9,A,VI-D,binary,677,678,D,629.0,D,678.0,,ASP,True,2457.0,2458.0,four_layer_exact,high,0.5439560439560439,0.23076923076923078,2.3437011529219887,0.4560439560439561,E,D;E;P;S;T,differs_from_consensus,False,True,scaffold_differs_from_msa_consensus
6IV9,A,VI-D,binary,678,679,M,630.0,M,679.0,,MET,True,2458.0,2459.0,four_layer_exact,high,0.4835164835164835,0.12962962962962962,2.6984803688903556,0.5164835164835164,E,A;E;I;L;N;P;S;T;V,differs_from_consensus,False,True,scaffold_differs_from_msa_consensus
6IV9,A,VI-D,binary,679,680,N,631.0,N,680.0,,ASN,True,2462.0,2463.0,four_layer_exact,high,0.4065934065934066,0.2,2.3080871436024677,0.5934065934065934,P,A;E;G;K;N;P;Q;S;T,differs_from_consensus,False,True,scaffold_differs_from_msa_consensus
6IV9,A,VI-D,binary,680,681,S,632.0,S,681.0,,SER,True,2479.0,2480.0,four_layer_exact,high,0.6263736263736264,0.1981981981981982,2.535673647236435,0.37362637362637363,A,A;D;I;K;P;S;T;V,differs_from_consensus,False,True,scaffold_differs_from_msa_consensus
6IV9,A,VI-D,binary,682,683,L,634.0,L,683.0,,LEU,True,2481.0,2482.0,four_layer_exact,high,0.7087912087912088,0.12698412698412698,2.698039359974811,0.2912087912087912,K,A;I;K;L;R;T;V;Y,differs_from_consensus,False,True,scaffold_differs_from_msa_consensus
6IV9,A,VI-D,binary,684,685,A,636.0,A,685.0,,ALA,True,2483.0,2484.0,four_layer_exact,high,0.8901098901098901,0.3125,2.275687682037037,0.10989010989010994,E,A;D;E;K;R;T,differs_from_consensus,True,True,scaffold_differs_from_msa_consensus
6IV9,A,VI-D,binary,686,687,R,638.0,R,687.0,,ARG,True,2485.0,2486.0,four_layer_exact,high,1.0,0.46938775510204084,1.4556105835935438,0.0,I,I;L;R;V,differs_from_consensus,True,True,scaffold_differs_from_msa_consensus
6IV9,A,VI-D,binary,687,688,S,639.0,S,688.0,,SER,True,2486.0,2487.0,four_layer_exact,high,1.0,0.31994047619047616,2.0892302674309065,0.0,D,A;D;E;K;N;Q;S,differs_from_consensus,True,True,scaffold_differs_from_msa_consensus
6IV9,A,VI-D,binary,691,692,R,643.0,R,692.0,,ARG,True,2490.0,2491.0,four_layer_exact,high,1.0,0.23129251700680273,2.0818279240922206,0.0,E,D;E;G;K;N;R,differs_from_consensus,True,True,scaffold_differs_from_msa_consensus
6IV9,A,VI-D,binary,692,693,M,644.0,M,693.0,,MET,True,2491.0,2492.0,four_layer_exact,high,1.0,0.1564625850340136,2.3943393928930647,0.0,I,A;E;I;K;L;M;Q;R,differs_from_consensus,True,True,scaffold_differs_from_msa_consensus
6IV9,A,VI-D,binary,694,695,K,646.0,K,695.0,,LYS,True,2493.0,2494.0,four_layer_exact,high,1.0,0.23129251700680273,2.377059686067302,0.0,T,A;C;K;R;S;T;V,differs_from_consensus,True,True,scaffold_differs_from_msa_consensus
6IV9,A,VI-D,binary,695,696,N,647.0,N,696.0,,ASN,True,2494.0,2495.0,four_layer_exact,high,1.0,0.20408163265306123,2.1812981957329782,0.0,G,D;E;G;K;N;Q;S,differs_from_consensus,True,True,scaffold_differs_from_msa_consensus
6IV9,A,VI-D,binary,696,697,I,648.0,I,697.0,,ILE,True,2495.0,2496.0,four_layer_exact,high,1.0,0.272108843537415,1.7179731267051934,0.0,F,F;I;L;M;V,differs_from_consensus,True,True,scaffold_differs_from_msa_consensus
6IV9,A,VI-D,binary,702,703,K,654.0,K,703.0,,LYS,True,2503.0,2504.0,four_layer_exact,high,0.978021978021978,0.24475524475524477,2.345306231783017,0.02197802197802201,E,E;I;K;L;R;S;T,differs_from_consensus,True,True,scaffold_differs_from_msa_consensus
6IV9,A,VI-D,binary,703,704,N,655.0,N,704.0,,ASN,True,2511.0,2512.0,four_layer_exact,high,0.9725274725274725,0.35446009389671357,1.8248594816385622,0.027472527472527486,D,D;G;K;N,differs_from_consensus,True,True,scaffold_differs_from_msa_consensus
6IV9,A,VI-D,binary,707,708,Q,659.0,Q,708.0,,GLN,True,2528.0,2529.0,four_layer_exact,high,0.8846153846153846,0.19047619047619047,2.557731120816462,0.11538461538461542,K,A;K;L;M;N;S;V,differs_from_consensus,True,True,scaffold_differs_from_msa_consensus
6IV9,A,VI-D,binary,709,710,K,661.0,K,710.0,,LYS,True,2542.0,2543.0,four_layer_exact,high,0.510989010989011,0.3275862068965517,2.0233165659635355,0.48901098901098905,N,E;F;G;K;N;Y,differs_from_consensus,False,True,scaffold_differs_from_msa_consensus
6IV9,A,VI-D,binary,710,711,G,662.0,G,711.0,,GLY,True,2543.0,2544.0,four_layer_exact,high,0.521978021978022,0.284375,2.1764025004460144,0.478021978021978,A,A;D;E;G;K;S;V,differs_from_consensus,False,True,scaffold_differs_from_msa_consensus
6IV9,A,VI-D,binary,711,712,R,663.0,R,712.0,,ARG,True,2544.0,2545.0,four_layer_exact,high,0.521978021978022,0.25,2.1819940971853127,0.478021978021978,D,D;E;K;N;Q;R;S;T,differs_from_consensus,False,True,scaffold_differs_from_msa_consensus
6IV9,A,VI-D,binary,714,715,V,666.0,V,715.0,,VAL,True,2560.0,2561.0,four_layer_exact,high,0.978021978021978,0.1958041958041958,2.514145033457609,0.02197802197802201,E,A;E;I;K;L;Q;S;V,differs_from_consensus,True,True,scaffold_differs_from_msa_consensus
6IV9,A,VI-D,binary,715,716,A,667.0,A,716.0,,ALA,True,2561.0,2562.0,four_layer_exact,high,0.9835164835164835,0.3402777777777778,2.1743241749712787,0.016483516483516536,E,D;E;K;Q;R,differs_from_consensus,True,True,scaffold_differs_from_msa_consensus
6IV9,A,VI-D,binary,719,720,A,671.0,A,720.0,,ALA,True,2565.0,2566.0,four_layer_exact,high,1.0,0.22448979591836735,2.217077410589673,0.0,K,F;K;L;M;N;Y,differs_from_consensus,True,True,scaffold_differs_from_msa_consensus
6IV9,A,VI-D,binary,722,723,V,674.0,V,723.0,,VAL,True,2568.0,2569.0,four_layer_exact,high,1.0,0.40816326530612246,1.4013609778265448,0.0,I,I;L;V,differs_from_consensus,True,True,scaffold_differs_from_msa_consensus
6IV9,A,VI-D,binary,730,731,M,682.0,M,731.0,,MET,True,2576.0,2577.0,four_layer_exact,high,0.9945054945054945,0.3583617747440273,1.7035115601036432,0.005494505494505475,L,A;I;L;M;V,differs_from_consensus,True,True,scaffold_differs_from_msa_consensus
6IV9,A,VI-D,binary,733,734,L,685.0,L,734.0,,LEU,True,2579.0,2580.0,four_layer_exact,high,0.9945054945054945,0.3583617747440273,1.6765219583980584,0.005494505494505475,I,A;F;I;L;V,differs_from_consensus,True,True,scaffold_differs_from_msa_consensus
6IV9,A,VI-D,binary,742,743,A,694.0,A,743.0,,ALA,True,2588.0,2589.0,four_layer_exact,high,0.9945054945054945,0.44368600682593856,1.204293998580746,0.005494505494505475,S,A;S;T,differs_from_consensus,True,True,scaffold_differs_from_msa_consensus
6IV9,A,VI-D,binary,748,749,I,700.0,I,749.0,,ILE,True,2594.0,2595.0,four_layer_exact,high,0.9945054945054945,0.7474402730375427,0.9933917542404176,0.005494505494505475,F,F;I;Y,differs_from_consensus,True,True,scaffold_differs_from_msa_consensus
6IV9,A,VI-D,binary,755,756,F,707.0,F,756.0,,PHE,True,2602.0,2603.0,four_layer_exact,high,0.9835164835164835,0.2320501730103806,2.369872249098753,0.016483516483516536,A,A;R;S;T;Y,differs_from_consensus,True,True,scaffold_differs_from_msa_consensus
6IV9,A,VI-D,binary,756,757,G,708.0,G,757.0,,GLY,True,2603.0,2604.0,four_layer_exact,high,0.989010989010989,0.15807560137457044,2.5890123444313353,0.01098901098901095,A,A;E;K;L;Q;S;V;Y,differs_from_consensus,True,True,scaffold_differs_from_msa_consensus
6IV9,A,VI-D,binary,759,760,K,711.0,K,760.0,,LYS,True,2607.0,2608.0,four_layer_exact,high,0.7967032967032966,0.2072072072072072,2.4239874098099996,0.20329670329670335,G,D;E;G;K;L;N,differs_from_consensus,False,True,scaffold_differs_from_msa_consensus
6IV9,A,VI-D,binary,760,761,E,712.0,E,761.0,,GLU,True,2608.0,2609.0,four_layer_exact,high,0.6483516483516484,0.10588235294117647,2.708149798870757,0.3516483516483516,Q,D;E;I;K;L;N;Q;R;V,differs_from_consensus,False,True,scaffold_differs_from_msa_consensus
6IV9,A,VI-D,binary,761,762,I,713.0,I,762.0,,ILE,True,2609.0,2610.0,four_layer_exact,high,0.5274725274725275,0.25396825396825395,2.3626466250137828,0.4725274725274725,K,E;K;Q;S,differs_from_consensus,False,True,scaffold_differs_from_msa_consensus
6IV9,A,VI-D,binary,762,763,I,714.0,I,763.0,,ILE,True,2610.0,2611.0,four_layer_exact,high,0.21978021978021978,0.2631578947368421,2.1948626149547317,0.7802197802197802,L,F;I;L;M;P;T;V;W;Y,differs_from_consensus,False,True,scaffold_differs_from_msa_consensus
6IV9,A,VI-D,binary,763,764,P,715.0,P,764.0,,PRO,True,2611.0,2612.0,four_layer_exact,high,0.16483516483516483,0.35714285714285715,1.9960601285714927,0.8351648351648352,G,D;E;G;K;P;S;T,differs_from_consensus,False,True,scaffold_differs_from_msa_consensus
6IV9,A,VI-D,binary,764,765,E,716.0,E,765.0,,GLU,True,2612.0,2613.0,four_layer_exact,high,0.04395604395604396,0.5,1.3485390196098022,0.9560439560439561,I,A;E;I;K;N,differs_from_consensus,False,True,scaffold_differs_from_msa_consensus
6IV9,A,VI-D,binary,766,767,A,718.0,A,767.0,,ALA,True,2614.0,2615.0,four_layer_exact,high,0.14285714285714285,0.2127659574468085,2.3941100107886535,0.8571428571428572,S,A;E;K;N;P;S;T,differs_from_consensus,False,True,scaffold_differs_from_msa_consensus
6IV9,A,VI-D,binary,767,768,S,719.0,S,768.0,,SER,True,2615.0,2616.0,four_layer_exact,high,0.7142857142857143,0.28983160621761656,2.073080346070501,0.2857142857142857,G,D;E;G;K;N;S,differs_from_consensus,False,True,scaffold_differs_from_msa_consensus
6IV9,A,VI-D,binary,769,770,N,721.0,N,770.0,,ASN,True,2618.0,2619.0,four_layer_exact,high,0.7967032967032966,0.25168161434977576,2.32476777145408,0.20329670329670335,K,A;E;K;N;S;T,differs_from_consensus,False,True,scaffold_differs_from_msa_consensus
6IV9,A,VI-D,binary,775,776,R,727.0,R,776.0,,ARG,True,2677.0,2678.0,four_layer_exact,high,0.989010989010989,0.3024054982817869,2.309402011292449,0.01098901098901095,L,A;F;L;R;S;T,differs_from_consensus,True,True,scaffold_differs_from_msa_consensus
6IV9,A,VI-D,binary,776,777,I,728.0,I,777.0,,ILE,True,2678.0,2679.0,four_layer_exact,high,0.989010989010989,0.3230240549828179,2.3644001380882167,0.01098901098901095,A,A;E;G;K;S,differs_from_consensus,True,True,scaffold_differs_from_msa_consensus
6IV9,A,VI-D,binary,778,779,S,730.0,S,779.0,,SER,True,2700.0,2701.0,four_layer_exact,high,0.989010989010989,0.5876288659793815,1.3628932113580754,0.01098901098901095,T,A;L;S;T;V,differs_from_consensus,True,True,scaffold_differs_from_msa_consensus
6IV9,A,VI-D,binary,779,780,Q,731.0,Q,780.0,,GLN,True,2701.0,2702.0,four_layer_exact,high,0.989010989010989,0.23367697594501718,2.2404601917955667,0.01098901098901095,K,A;D;E;K;N;Q;R,differs_from_consensus,True,True,scaffold_differs_from_msa_consensus
6IV9,A,VI-D,binary,780,781,T,732.0,T,781.0,,THR,True,2702.0,2703.0,four_layer_exact,high,0.9945054945054945,0.15753424657534246,2.5787273039239347,0.005494505494505475,Y,A;D;E;H;K;L;R;Y,differs_from_consensus,True,True,scaffold_differs_from_msa_consensus
6IV9,A,VI-D,binary,781,782,L,733.0,L,782.0,,LEU,True,2703.0,2704.0,four_layer_exact,high,0.989010989010989,0.4827586206896552,1.609178058533682,0.01098901098901095,F,F;L;Y,differs_from_consensus,True,True,scaffold_differs_from_msa_consensus
6IV9,A,VI-D,binary,782,783,C,734.0,C,783.0,,CYS,True,2704.0,2705.0,four_layer_exact,high,0.989010989010989,0.38620689655172413,1.8964710809938348,0.01098901098901095,L,I;L;M;V,differs_from_consensus,True,True,scaffold_differs_from_msa_consensus
6IV9,A,VI-D,binary,784,785,L,736.0,L,785.0,,LEU,True,2708.0,2709.0,four_layer_exact,high,0.9560439560439561,0.2078853046594982,2.396700478961797,0.04395604395604391,E,D;E;I;K;N;Q;R,differs_from_consensus,True,True,scaffold_differs_from_msa_consensus
6IV9,A,VI-D,binary,785,786,C,737.0,C,786.0,,CYS,True,2709.0,2710.0,four_layer_exact,high,0.7472527472527473,0.2641509433962264,2.2871581576111435,0.25274725274725274,D,D;E;G;K;N,differs_from_consensus,False,True,scaffold_differs_from_msa_consensus
6IV9,A,VI-D,binary,786,787,D,738.0,D,787.0,,ASP,True,2710.0,2711.0,four_layer_exact,high,0.7362637362637363,0.16091954022988506,2.5745737144408176,0.2637362637362637,K,D;E;K;N;P;R;Y,differs_from_consensus,False,True,scaffold_differs_from_msa_consensus
6IV9,A,VI-D,binary,787,788,D,739.0,D,788.0,,ASP,True,,,review_required,low,,,,,,,no_original_msa_column,False,True,query_only_insertion
6IV9,A,VI-D,binary,788,789,R,740.0,R,789.0,,ARG,True,,,review_required,low,,,,,,,no_original_msa_column,False,True,query_only_insertion
6IV9,A,VI-D,binary,789,790,N,741.0,N,790.0,,ASN,True,,,review_required,low,,,,,,,no_original_msa_column,False,True,query_only_insertion
6IV9,A,VI-D,binary,790,791,E,742.0,E,791.0,,GLU,True,2711.0,2712.0,four_layer_exact,high,0.7307692307692307,0.16988416988416988,2.61160149630466,0.2692307692307693,L,A;E;I;K;L;N;P;Q;S,differs_from_consensus,False,True,scaffold_differs_from_msa_consensus
6IV9,A,VI-D,binary,791,792,S,743.0,S,792.0,,SER,True,2772.0,2773.0,four_layer_exact,high,0.4725274725274725,0.37735849056603776,2.041816216533003,0.5274725274725275,A,A;L;S;T;V,differs_from_consensus,False,True,scaffold_differs_from_msa_consensus
6IV9,A,VI-D,binary,792,793,S,744.0,S,793.0,,SER,True,2773.0,2774.0,four_layer_exact,high,0.6318681318681318,0.147239263803681,2.588783200271536,0.36813186813186816,K,K;L;N;R;T,differs_from_consensus,False,True,scaffold_differs_from_msa_consensus
6IV9,A,VI-D,binary,794,795,L,746.0,L,795.0,,LEU,True,2775.0,2776.0,four_layer_exact,high,0.6373626373626373,0.21818181818181817,2.301561125909051,0.3626373626373627,R,A;E;G;K;R,differs_from_consensus,False,True,scaffold_differs_from_msa_consensus
6IV9,A,VI-D,binary,795,796,F,747.0,F,796.0,,PHE,True,2776.0,2777.0,four_layer_exact,high,0.6648351648351648,0.30857142857142855,2.1124356890593097,0.3351648351648352,Y,F;H;L;Y,differs_from_consensus,False,True,scaffold_differs_from_msa_consensus
6IV9,A,VI-D,binary,801,802,R,753.0,R,802.0,,ARG,True,2793.0,2794.0,four_layer_exact,high,0.9835164835164835,0.35986159169550175,1.445138951463459,0.016483516483516536,H,H;K;R;S,differs_from_consensus,True,True,scaffold_differs_from_msa_consensus
6IV9,A,VI-D,binary,802,803,L,754.0,L,803.0,,LEU,True,2794.0,2795.0,four_layer_exact,high,0.9835164835164835,0.17993079584775087,2.322548022835267,0.016483516483516536,F,A;F;L;V;W;Y,differs_from_consensus,True,True,scaffold_differs_from_msa_consensus
6IV9,A,VI-D,binary,803,804,R,755.0,R,804.0,,ARG,True,2795.0,2796.0,four_layer_exact,high,0.9835164835164835,0.1453287197231834,2.612648747591606,0.016483516483516536,S,A;C;G;K;N;R;S;T;Y,differs_from_consensus,True,True,scaffold_differs_from_msa_consensus
6IV9,A,VI-D,binary,804,805,K,756.0,K,805.0,,LYS,True,2796.0,2797.0,four_layer_exact,high,0.978021978021978,0.1672473867595819,2.5902126977516384,0.02197802197802201,E,D;E;G;K;Q;R;S,differs_from_consensus,True,True,scaffold_differs_from_msa_consensus
6IV9,A,VI-D,binary,805,806,C,757.0,C,806.0,,CYS,True,2820.0,2821.0,four_layer_exact,high,0.967032967032967,0.47703180212014135,1.7914208502171265,0.03296703296703296,Y,C;I;L;Y,differs_from_consensus,True,True,scaffold_differs_from_msa_consensus
6IV9,A,VI-D,binary,806,807,V,758.0,V,807.0,,VAL,True,2821.0,2822.0,four_layer_exact,high,0.9615384615384616,0.3914590747330961,1.5504590116416832,0.038461538461538436,L,F;I;L;M;V,differs_from_consensus,True,True,scaffold_differs_from_msa_consensus
6IV9,A,VI-D,binary,807,808,E,759.0,E,808.0,,GLU,True,2822.0,2823.0,four_layer_exact,high,0.9560439560439561,0.27956989247311825,2.5010599389054975,0.04395604395604391,K,A;E;K;R;S;T;V,differs_from_consensus,True,True,scaffold_differs_from_msa_consensus
6IV9,A,VI-D,binary,808,809,V,760.0,V,809.0,,VAL,True,2824.0,2825.0,four_layer_exact,high,0.9505494505494505,0.22021660649819494,2.3007268366601537,0.0494505494505495,K,D;E;H;K;N;Q;S;T,differs_from_consensus,True,True,scaffold_differs_from_msa_consensus
6IV9,A,VI-D,binary,809,810,D,761.0,D,810.0,,ASP,True,2860.0,2861.0,four_layer_exact,high,0.978021978021978,0.6794425087108014,1.0070103004882645,0.02197802197802201,N,D;N,differs_from_consensus,True,True,scaffold_differs_from_msa_consensus
6IV9,A,VI-D,binary,810,811,I,762.0,I,811.0,,ILE,True,2867.0,2868.0,four_layer_exact,high,0.945054945054945,0.3709090909090909,1.7519562069429615,0.05494505494505497,L,F;I;L;M;V,differs_from_consensus,True,True,scaffold_differs_from_msa_consensus
6IV9,A,VI-D,binary,811,812,N,763.0,N,812.0,,ASN,True,2886.0,2887.0,four_layer_exact,high,0.967032967032967,0.23674911660777384,2.1489935970760325,0.03296703296703296,E,A;D;E;K;N;S,differs_from_consensus,True,True,scaffold_differs_from_msa_consensus
6IV9,A,VI-D,binary,815,816,S,767.0,S,816.0,,SER,True,2903.0,2904.0,four_layer_exact,high,0.9340659340659341,0.18450184501845018,2.3924975417138663,0.06593406593406592,K,D;E;K;N;Q;S,differs_from_consensus,True,True,scaffold_differs_from_msa_consensus
6IV9,A,VI-D,binary,816,817,S,768.0,S,817.0,,SER,True,2904.0,2905.0,four_layer_exact,high,0.9120879120879121,0.1444866920152091,2.714515138638037,0.08791208791208793,I,A;G;I;L;N;S;T;W;Y,differs_from_consensus,True,True,scaffold_differs_from_msa_consensus
6IV9,A,VI-D,binary,817,818,M,769.0,M,818.0,,MET,True,2927.0,2928.0,four_layer_exact,high,0.945054945054945,0.2608695652173913,2.1653032680391404,0.05494505494505497,L,A;F;I;L;M;S;T;V,differs_from_consensus,True,True,scaffold_differs_from_msa_consensus
6IV9,A,VI-D,binary,818,819,T,770.0,T,819.0,,THR,True,2928.0,2929.0,four_layer_exact,high,0.967032967032967,0.3028169014084507,1.9963040312387688,0.03296703296703296,I,F;I;L;V;Y,differs_from_consensus,True,True,scaffold_differs_from_msa_consensus
6IV9,A,VI-D,binary,820,821,K,772.0,K,821.0,,LYS,True,2941.0,2942.0,four_layer_exact,high,0.9945054945054945,0.12286689419795221,2.709728539248469,0.005494505494505475,A,A;D;E;K;L;N;Q;S;T;V,differs_from_consensus,True,True,scaffold_differs_from_msa_consensus
6IV9,A,VI-D,binary,822,823,R,774.0,A,823.0,,ALA,True,2943.0,2944.0,four_layer_literature_restored_substitution,high,0.9945054945054945,0.9863481228668942,0.07217776154617153,0.005494505494505475,R,R,matches_consensus,True,True,literature_confirmed_construct_substitution
6IV9,A,VI-D,binary,824,825,C,776.0,C,825.0,,CYS,True,2945.0,2946.0,four_layer_exact,high,0.9945054945054945,0.19795221843003413,2.486413414557738,0.005494505494505475,N,A;C;I;K;N;Q;S;T,differs_from_consensus,True,True,scaffold_differs_from_msa_consensus
6IV9,A,VI-D,binary,825,826,I,777.0,I,826.0,,ILE,True,2946.0,2947.0,four_layer_exact,high,0.9945054945054945,0.5358361774744027,1.1687021341462314,0.005494505494505475,V,A;I;T;V,differs_from_consensus,True,True,scaffold_differs_from_msa_consensus
6IV9,A,VI-D,binary,829,830,T,781.0,T,830.0,,THR,True,2950.0,2951.0,four_layer_exact,high,0.9945054945054945,0.5460750853242321,1.51553409871928,0.005494505494505475,N,A;N;S;T,differs_from_consensus,True,True,scaffold_differs_from_msa_consensus
6IV9,A,VI-D,binary,830,831,V,782.0,V,831.0,,VAL,True,2951.0,2952.0,four_layer_exact,high,0.9945054945054945,0.4129692832764505,1.4208257338511148,0.005494505494505475,A,A;I;V,differs_from_consensus,True,True,scaffold_differs_from_msa_consensus
6IV9,A,VI-D,binary,833,834,E,785.0,E,834.0,,GLU,True,2971.0,2972.0,four_layer_exact,high,0.9835164835164835,0.3806228373702422,2.102410568039889,0.016483516483516536,N,A;D;E;K;N;R;S,differs_from_consensus,True,True,scaffold_differs_from_msa_consensus
6IV9,A,VI-D,binary,834,835,L,786.0,L,835.0,,LEU,True,2972.0,2973.0,four_layer_exact,high,0.978021978021978,0.3310104529616725,1.93143586602138,0.02197802197802201,A,A;C;F;I;L;M;V,differs_from_consensus,True,True,scaffold_differs_from_msa_consensus
6IV9,A,VI-D,binary,835,836,K,787.0,K,836.0,,LYS,True,2973.0,2974.0,four_layer_exact,high,0.978021978021978,0.2578397212543554,2.3552684538297886,0.02197802197802201,D,A;D;G;H;N;P;S,differs_from_consensus,True,True,scaffold_differs_from_msa_consensus
6IV9,A,VI-D,binary,836,837,E,788.0,E,837.0,,GLU,True,2974.0,2975.0,four_layer_exact,high,0.9835164835164835,0.3206459054209919,2.181501697909065,0.016483516483516536,K,D;E;K;L;N;R,differs_from_consensus,True,True,scaffold_differs_from_msa_consensus
6IV9,A,VI-D,binary,842,843,R,794.0,R,843.0,,ARG,True,2993.0,2994.0,four_layer_exact,high,0.9505494505494505,0.30324909747292417,2.110489159128578,0.0494505494505495,K,A;E;G;K;R;S;T,differs_from_consensus,True,True,scaffold_differs_from_msa_consensus
6IV9,A,VI-D,binary,843,844,T,795.0,T,844.0,,THR,True,3006.0,3007.0,four_layer_exact,high,0.9615384615384616,0.19217081850533807,2.4255818223282586,0.038461538461538436,E,D;E;K;N;R;S;Y,differs_from_consensus,True,True,scaffold_differs_from_msa_consensus
6IV9,A,VI-D,binary,844,845,V,796.0,V,845.0,,VAL,True,3007.0,3008.0,four_layer_exact,high,0.989010989010989,0.3539518900343643,1.6060298236467747,0.01098901098901095,I,F;I;M;V,differs_from_consensus,True,True,scaffold_differs_from_msa_consensus
6IV9,A,VI-D,binary,849,850,S,801.0,S,850.0,,SER,True,3046.0,3047.0,four_layer_exact,high,0.9945054945054945,0.3412969283276451,1.7842046366484416,0.005494505494505475,E,A;D;E;G;Q;S,differs_from_consensus,True,True,scaffold_differs_from_msa_consensus
6IV9,A,VI-D,binary,850,851,I,802.0,I,851.0,,ILE,True,3047.0,3048.0,four_layer_exact,high,0.9945054945054945,0.6655290102389079,1.0945551553873463,0.005494505494505475,L,F;I;L;V,differs_from_consensus,True,True,scaffold_differs_from_msa_consensus
6IV9,A,VI-D,binary,854,855,V,806.0,V,855.0,,VAL,True,3051.0,3052.0,four_layer_exact,high,0.9945054945054945,0.36860068259385664,1.602683868186286,0.005494505494505475,I,A;C;I;L;V,differs_from_consensus,True,True,scaffold_differs_from_msa_consensus
6IV9,A,VI-D,binary,858,859,C,810.0,C,859.0,,CYS,True,3080.0,3081.0,four_layer_exact,high,0.9615384615384616,0.10676156583629894,2.7734581905670805,0.038461538461538436,H,A;H;I;L;M;Q;S;Y,differs_from_consensus,True,True,scaffold_differs_from_msa_consensus
6IV9,A,VI-D,binary,859,860,I,811.0,I,860.0,,ILE,True,3081.0,3082.0,four_layer_exact,high,0.989010989010989,0.5773195876288659,1.2142087209349026,0.01098901098901095,L,I;L;M;V,differs_from_consensus,True,True,scaffold_differs_from_msa_consensus
6IV9,A,VI-D,binary,860,861,T,812.0,T,861.0,,THR,True,3091.0,3092.0,four_layer_exact,high,0.8131868131868132,0.17467248908296942,2.4703232462616773,0.18681318681318682,L,A;F;I;L;M;Q;V;Y,differs_from_consensus,True,True,scaffold_differs_from_msa_consensus
6IV9,A,VI-D,binary,861,862,K,813.0,K,862.0,,LYS,True,3092.0,3093.0,four_layer_exact,high,0.7967032967032966,0.26905829596412556,2.1311032502971,0.20329670329670335,D,D;E;G;K;N;S,differs_from_consensus,False,True,scaffold_differs_from_msa_consensus
6IV9,A,VI-D,binary,862,863,R,814.0,R,863.0,,ARG,True,3093.0,3094.0,four_layer_exact,high,0.7307692307692307,0.25125628140703515,2.329051546329626,0.2692307692307693,K,E;K;N;Q;R;S,differs_from_consensus,False,True,scaffold_differs_from_msa_consensus
6IV9,A,VI-D,binary,863,864,G,815.0,G,864.0,,GLY,True,3094.0,3095.0,four_layer_exact,high,0.6538461538461539,0.1871345029239766,2.4048458984399383,0.34615384615384615,F,F;I;L;V;Y,differs_from_consensus,False,True,scaffold_differs_from_msa_consensus
6IV9,A,VI-D,binary,864,865,D,816.0,D,865.0,,ASP,True,3110.0,3111.0,four_layer_exact,high,0.5604395604395604,0.2028985507246377,2.321079322969002,0.43956043956043955,K,A;K;N;S;T,differs_from_consensus,False,True,scaffold_differs_from_msa_consensus
6IV9,A,VI-D,binary,866,867,T,818.0,T,867.0,,THR,True,3112.0,3113.0,four_layer_exact,high,0.6538461538461539,0.19622093023255813,2.5776045604077606,0.34615384615384615,K,E;H;K;N;P;R;S;Y,differs_from_consensus,False,True,scaffold_differs_from_msa_consensus
6IV9,A,VI-D,binary,867,868,K,819.0,K,868.0,,LYS,True,3113.0,3114.0,four_layer_exact,high,0.6538461538461539,0.1511627906976744,2.5844502358479784,0.34615384615384615,S,A;E;G;K;S;T,differs_from_consensus,False,True,scaffold_differs_from_msa_consensus
6IV9,A,VI-D,binary,868,869,Q,820.0,Q,869.0,,GLN,True,3114.0,3115.0,four_layer_exact,high,0.6428571428571429,0.27311522048364156,2.4580433833576945,0.3571428571428571,K,E;K;N;S;Y,differs_from_consensus,False,True,scaffold_differs_from_msa_consensus
6IV9,A,VI-D,binary,870,871,E,822.0,E,871.0,,GLU,True,3166.0,3167.0,four_layer_exact,high,0.6593406593406593,0.296137339055794,2.3562313700238593,0.34065934065934067,K,A;F;I;K;L;R;V,differs_from_consensus,False,True,scaffold_differs_from_msa_consensus
6IV9,A,VI-D,binary,871,872,K,823.0,K,872.0,,LYS,True,3167.0,3168.0,four_layer_exact,high,0.8186813186813187,0.24017467248908297,2.3015612297799546,0.18131868131868134,L,I;K;L;S;T;V,differs_from_consensus,True,True,scaffold_differs_from_msa_consensus
6IV9,A,VI-D,binary,872,873,I,824.0,I,873.0,,ILE,True,3168.0,3169.0,four_layer_exact,high,0.9340659340659341,0.15867158671586715,2.5794093569111802,0.06593406593406592,K,A;D;E;K;L;N;Q,differs_from_consensus,True,True,scaffold_differs_from_msa_consensus
6IV9,A,VI-D,binary,873,874,K,825.0,K,874.0,,LYS,True,3169.0,3170.0,four_layer_exact,high,0.9505494505494505,0.2888086642599278,2.2537359628963842,0.0494505494505495,E,D;E;G;K;P;Q;R,differs_from_consensus,True,True,scaffold_differs_from_msa_consensus
6IV9,A,VI-D,binary,875,876,E,827.0,E,876.0,,GLU,True,3171.0,3172.0,four_layer_exact,high,0.9725274725274725,0.2736842105263158,2.3840711075667165,0.027472527472527486,F,A;F;K;L;R;S;Y,differs_from_consensus,True,True,scaffold_differs_from_msa_consensus
6IV9,A,VI-D,binary,876,877,D,828.0,D,877.0,,ASP,True,3185.0,3186.0,four_layer_exact,high,0.9725274725274725,0.22807017543859648,2.121004101676971,0.027472527472527486,E,A;D;E;K;N;S,differs_from_consensus,True,True,scaffold_differs_from_msa_consensus
6IV9,A,VI-D,binary,877,878,D,829.0,D,878.0,,ASP,True,3186.0,3187.0,four_layer_exact,high,0.9725274725274725,0.17543859649122806,2.509953448043905,0.027472527472527486,K,A;D;E;K;L;N;Q;S,differs_from_consensus,True,True,scaffold_differs_from_msa_consensus
6IV9,A,VI-D,binary,879,880,L,831.0,L,880.0,,LEU,True,3193.0,3194.0,four_layer_exact,high,0.9615384615384616,0.1708185053380783,2.4935338041618795,0.038461538461538436,E,D;E;K;L;N;R;S,differs_from_consensus,True,True,scaffold_differs_from_msa_consensus
6IV9,A,VI-D,binary,881,882,N,833.0,N,882.0,,ASN,True,3206.0,3207.0,four_layer_exact,high,0.9120879120879121,0.49242424242424243,1.7660496347280825,0.08791208791208793,Y,F;H;N;Y,differs_from_consensus,True,True,scaffold_differs_from_msa_consensus
6IV9,A,VI-D,binary,882,883,H,834.0,H,883.0,,HIS,True,3213.0,3214.0,four_layer_exact,high,0.978021978021978,0.34843205574912894,1.8051593138252697,0.02197802197802201,G,G;H;K;N;R,differs_from_consensus,True,True,scaffold_differs_from_msa_consensus
6IV9,A,VI-D,binary,883,884,G,835.0,G,884.0,,GLY,True,3214.0,3215.0,four_layer_exact,high,0.978021978021978,0.5470383275261324,1.7377392265940013,0.02197802197802201,T,S;T,differs_from_consensus,True,True,scaffold_differs_from_msa_consensus
6IV9,A,VI-D,binary,885,886,T,837.0,T,886.0,,THR,True,3216.0,3217.0,four_layer_exact,high,0.989010989010989,0.36082474226804123,1.6287875860541623,0.01098901098901095,S,C;D;N;S;V,differs_from_consensus,True,True,scaffold_differs_from_msa_consensus
6IV9,A,VI-D,binary,894,895,S,846.0,S,895.0,,SER,True,3225.0,3226.0,four_layer_exact,high,0.9945054945054945,0.27986348122866894,1.9470579621542505,0.005494505494505475,V,A;I;L;S;T;V,differs_from_consensus,True,True,scaffold_differs_from_msa_consensus
6IV9,A,VI-D,binary,897,898,G,849.0,G,898.0,,GLY,True,3271.0,3272.0,four_layer_exact,high,0.9945054945054945,0.5426621160409556,0.8563680260277136,0.005494505494505475,A,A;G,differs_from_consensus,True,True,scaffold_differs_from_msa_consensus
6IV9,A,VI-D,binary,900,901,I,852.0,I,901.0,,ILE,True,3274.0,3275.0,four_layer_exact,high,0.9945054945054945,0.6484641638225256,1.366584549574924,0.005494505494505475,L,I;L;V,differs_from_consensus,True,True,scaffold_differs_from_msa_consensus
6IV9,A,VI-D,binary,903,904,F,855.0,F,904.0,,PHE,True,3282.0,3283.0,four_layer_exact,high,0.9945054945054945,0.7337883959044369,0.6111992156029766,0.005494505494505475,Y,F;Y,differs_from_consensus,True,True,scaffold_differs_from_msa_consensus
6IV9,A,VI-D,binary,910,911,Q,862.0,Q,911.0,,GLN,True,3293.0,3294.0,four_layer_exact,high,0.9945054945054945,0.21160409556313994,2.1916698208890306,0.005494505494505475,E,A;D;E;G;K;Q,differs_from_consensus,True,True,scaffold_differs_from_msa_consensus
6IV9,A,VI-D,binary,918,919,L,870.0,L,919.0,,LEU,True,3410.0,3411.0,four_layer_exact,high,0.5494505494505495,0.24870466321243523,2.1752514613789633,0.4505494505494505,K,A;I;K;L;N;Q;R;T,differs_from_consensus,False,True,scaffold_differs_from_msa_consensus
6IV9,A,VI-D,binary,919,920,T,871.0,T,920.0,,THR,True,3411.0,3412.0,four_layer_exact,high,0.7912087912087912,0.4106735159817352,2.0263891856972456,0.20879120879120883,P,A;E;K;P;T,differs_from_consensus,False,True,scaffold_differs_from_msa_consensus
