pdb_id,chain_id,subtype,state,full_scaffold_index_0,biological_index_1,full_scaffold_amino_acid,coordinate_index_0,coordinate_amino_acid,pdb_residue_number,pdb_insertion_code,pdb_residue_name,backbone_complete,msa_column_0,msa_column_1,mapping_status,mapping_confidence,msa_coverage,conservation,entropy,gap_fraction,msa_consensus,allowed_residues,scaffold_consensus_status,conservation_constraint_eligible,manual_review_required,decision_reasons,relative_sasa,structural_burial,RNA_contact,RNA_second_shell,crrna_interface,target_rna_interface,minimum_rna_distance,coordinate_available,protein_core,domain,domain_interface,domain_interface_status,HEPN_annotation,mapping_gate_passed,chain_break_adjacent
6IV9,A,VI-D,binary,0,1,M,,,,,,False,43.0,44.0,full_msa_only_unresolved_coordinate,medium,0.9065934065934066,0.9545920378399684,0.2411828238299522,0.0934065934065934,M,M,matches_consensus,False,True,unresolved_terminal,,,,,,,,False,False,unassigned_manual_review,,not_annotated_no_domain_boundaries,,False,False
6IV9,A,VI-D,binary,1,2,A,,,,,,False,44.0,45.0,full_msa_only_unresolved_coordinate,medium,0.9065934065934066,0.257311785573512,2.090300057390328,0.0934065934065934,K,A;E;G;K;N;S;T,differs_from_consensus,False,True,unresolved_terminal;scaffold_differs_from_msa_consensus,,,,,,,,False,False,unassigned_manual_review,,not_annotated_no_domain_boundaries,,False,False
6IV9,A,VI-D,binary,2,3,K,,,,,,False,45.0,46.0,full_msa_only_unresolved_coordinate,medium,0.1153846153846153,0.2857142857142857,2.13650705762401,0.8846153846153846,K,E;G;H;K,matches_consensus,False,True,unresolved_terminal,,,,,,,,False,False,unassigned_manual_review,,not_annotated_no_domain_boundaries,,False,False
6IV9,A,VI-D,binary,3,4,K,,,,,,False,46.0,47.0,full_msa_only_unresolved_coordinate,medium,0.8571428571428571,0.6467303950596396,1.3013013479555542,0.1428571428571429,K,E;K;N,matches_consensus,False,True,unresolved_terminal,,,,,,,,False,False,unassigned_manual_review,,not_annotated_no_domain_boundaries,,False,False
6IV9,A,VI-D,binary,4,5,N,,,,,,False,47.0,48.0,full_msa_only_unresolved_coordinate,medium,0.0329670329670329,0.1818181818181818,1.7677614722893291,0.967032967032967,D,D;I;K;M;S;V,differs_from_consensus,False,True,unresolved_terminal;scaffold_differs_from_msa_consensus,,,,,,,,False,False,unassigned_manual_review,,not_annotated_no_domain_boundaries,,False,False
6IV9,A,VI-D,binary,5,6,K,,,,,,False,48.0,49.0,full_msa_only_unresolved_coordinate,medium,0.8461538461538461,0.6326425316020294,1.3574115577290655,0.1538461538461538,K,K;N,matches_consensus,False,True,unresolved_terminal,,,,,,,,False,False,unassigned_manual_review,,not_annotated_no_domain_boundaries,,False,False
6IV9,A,VI-D,binary,6,7,M,,,,,,False,85.0,86.0,full_msa_only_unresolved_coordinate,medium,0.6868131868131868,0.2029146734898208,2.252092333101242,0.3131868131868132,K,E;I;K;L;M;Q;V,differs_from_consensus,False,True,unresolved_terminal;scaffold_differs_from_msa_consensus,,,,,,,,False,False,unassigned_manual_review,,not_annotated_no_domain_boundaries,,False,False
6IV9,A,VI-D,binary,7,8,K,,,,,,False,86.0,87.0,full_msa_only_unresolved_coordinate,medium,0.6923076923076923,0.3170060539350577,2.042154349993927,0.3076923076923077,N,K;N;S;T,differs_from_consensus,False,True,unresolved_terminal;scaffold_differs_from_msa_consensus,,,,,,,,False,False,unassigned_manual_review,,not_annotated_no_domain_boundaries,,False,False
6IV9,A,VI-D,binary,8,9,P,,,,,,False,87.0,88.0,full_msa_only_unresolved_coordinate,medium,0.6868131868131868,0.4054956057403493,2.0095076001874896,0.3131868131868132,A,A;I;L;P;V,differs_from_consensus,False,True,unresolved_terminal;scaffold_differs_from_msa_consensus,,,,,,,,False,False,unassigned_manual_review,,not_annotated_no_domain_boundaries,,False,False
6IV9,A,VI-D,binary,9,10,R,,,,,,False,88.0,89.0,full_msa_only_unresolved_coordinate,medium,0.6868131868131868,0.4912671042385137,1.4871320618732518,0.3131868131868132,K,E;K;R,differs_from_consensus,False,True,unresolved_terminal;scaffold_differs_from_msa_consensus,,,,,,,,False,False,unassigned_manual_review,,not_annotated_no_domain_boundaries,,False,False
6IV9,A,VI-D,binary,10,11,E,,,,,,False,89.0,90.0,full_msa_only_unresolved_coordinate,medium,0.6923076923076923,0.3346175013758943,1.871419288297808,0.3076923076923077,E,D;E;K;N;Q,matches_consensus,False,True,unresolved_terminal,,,,,,,,False,False,unassigned_manual_review,,not_annotated_no_domain_boundaries,,False,False
6IV9,A,VI-D,binary,11,12,L,,,,,,False,90.0,91.0,full_msa_only_unresolved_coordinate,medium,0.6978021978021978,0.2091275460189521,2.2528156864655444,0.3021978021978022,R,I;K;L;N;Q;R,differs_from_consensus,False,True,unresolved_terminal;scaffold_differs_from_msa_consensus,,,,,,,,False,False,unassigned_manual_review,,not_annotated_no_domain_boundaries,,False,False
6IV9,A,VI-D,binary,12,13,R,,,,,,False,91.0,92.0,full_msa_only_unresolved_coordinate,medium,0.6923076923076923,0.6195927352779307,1.327908461318374,0.3076923076923077,R,E;K;R,matches_consensus,False,True,unresolved_terminal,,,,,,,,False,False,unassigned_manual_review,,not_annotated_no_domain_boundaries,,False,False
6IV9,A,VI-D,binary,13,14,E,,,,,,False,92.0,93.0,full_msa_only_unresolved_coordinate,medium,0.6703296703296703,0.6248707045167222,1.492874827116403,0.3296703296703297,E,A;E;L;Q,matches_consensus,False,True,unresolved_terminal,,,,,,,,False,False,unassigned_manual_review,,not_annotated_no_domain_boundaries,,False,False
6IV9,A,VI-D,binary,14,15,A,,,,,,False,93.0,94.0,full_msa_only_unresolved_coordinate,medium,0.6703296703296703,0.2059533386967015,2.307683563829647,0.3296703296703297,A,A;E;K;L;Q,matches_consensus,False,True,unresolved_terminal,,,,,,,,False,False,unassigned_manual_review,,not_annotated_no_domain_boundaries,,False,False
6IV9,A,VI-D,binary,15,16,Q,,,,,,False,94.0,95.0,full_msa_only_unresolved_coordinate,medium,0.6648351648351648,0.2789076118535735,2.2748008919849525,0.3351648351648352,K,E;K;N;Q;R,differs_from_consensus,False,True,unresolved_terminal;scaffold_differs_from_msa_consensus,,,,,,,,False,False,unassigned_manual_review,,not_annotated_no_domain_boundaries,,False,False
6IV9,A,VI-D,binary,16,17,K,,,,,,False,95.0,96.0,full_msa_only_unresolved_coordinate,medium,0.6593406593406593,0.4697379245504759,1.826161900367876,0.3406593406593406,K,A;E;K;N;Q;R,matches_consensus,False,True,unresolved_terminal,,,,,,,,False,False,unassigned_manual_review,,not_annotated_no_domain_boundaries,,False,False
6IV9,A,VI-D,binary,17,18,K,,,,,,False,96.0,97.0,full_msa_only_unresolved_coordinate,medium,0.6648351648351648,0.2677513073794305,2.26719054300738,0.3351648351648352,A,A;E;K;L;N;Q;T,differs_from_consensus,False,True,unresolved_terminal;scaffold_differs_from_msa_consensus,,,,,,,,False,False,unassigned_manual_review,,not_annotated_no_domain_boundaries,,False,False
6IV9,A,VI-D,binary,18,19,A,,,,,,False,114.0,115.0,full_msa_only_unresolved_coordinate,medium,0.6428571428571429,0.3308307692307692,2.037259182880884,0.3571428571428571,K,A;D;E;K;Q;R,differs_from_consensus,False,True,unresolved_terminal;scaffold_differs_from_msa_consensus,,,,,,,,False,False,unassigned_manual_review,,not_annotated_no_domain_boundaries,,False,False
6IV9,A,VI-D,binary,19,20,R,,,,,,False,115.0,116.0,full_msa_only_unresolved_coordinate,medium,0.6483516483516484,0.3269675221992458,1.7602401767973868,0.3516483516483516,K,K;N;Q;R,differs_from_consensus,False,True,unresolved_terminal;scaffold_differs_from_msa_consensus,,,,,,,,False,False,unassigned_manual_review,,not_annotated_no_domain_boundaries,,False,False
6IV9,A,VI-D,binary,20,21,Q,,,,,,False,161.0,162.0,full_msa_only_unresolved_coordinate,medium,0.2252747252747252,0.2521008403361344,2.1191221692991817,0.7747252747252747,E,A;D;E;K;P;Q;R,differs_from_consensus,False,True,unresolved_terminal;scaffold_differs_from_msa_consensus,,,,,,,,False,False,unassigned_manual_review,,not_annotated_no_domain_boundaries,,False,False
6IV9,A,VI-D,binary,21,22,L,,,,,,False,162.0,163.0,full_msa_only_unresolved_coordinate,medium,0.2912087912087912,0.1741935483870967,2.433534509191284,0.7087912087912087,K,A;I;K;L;Q;S;V,differs_from_consensus,False,True,unresolved_terminal;scaffold_differs_from_msa_consensus,,,,,,,,False,False,unassigned_manual_review,,not_annotated_no_domain_boundaries,,False,False
6IV9,A,VI-D,binary,22,23,K,,,,,,False,163.0,164.0,full_msa_only_unresolved_coordinate,medium,0.5,0.4806986899563318,1.812223923705824,0.5,K,E;K;Q;R;S,matches_consensus,False,True,unresolved_terminal,,,,,,,,False,False,unassigned_manual_review,,not_annotated_no_domain_boundaries,,False,False
6IV9,A,VI-D,binary,23,24,A,,,,,,False,164.0,165.0,full_msa_only_unresolved_coordinate,medium,0.5,0.2850655021834061,2.0084124506774783,0.5,K,A;K;P;Q;R,differs_from_consensus,False,True,unresolved_terminal;scaffold_differs_from_msa_consensus,,,,,,,,False,False,unassigned_manual_review,,not_annotated_no_domain_boundaries,,False,False
6IV9,A,VI-D,binary,24,25,A,,,,,,False,165.0,166.0,full_msa_only_unresolved_coordinate,medium,0.5274725274725275,0.3403706688154713,2.195545818080973,0.4725274725274725,E,A;E;K;Q;V,differs_from_consensus,False,True,unresolved_terminal;scaffold_differs_from_msa_consensus,,,,,,,,False,False,unassigned_manual_review,,not_annotated_no_domain_boundaries,,False,False
6IV9,A,VI-D,binary,25,26,E,,,,,,False,166.0,167.0,full_msa_only_unresolved_coordinate,medium,0.532967032967033,0.3758133629582605,1.9919113494227123,0.467032967032967,E,A;E;K;Q;T,matches_consensus,False,True,unresolved_terminal,,,,,,,,False,False,unassigned_manual_review,,not_annotated_no_domain_boundaries,,False,False
6IV9,A,VI-D,binary,26,27,I,,,,,,False,167.0,168.0,full_msa_only_unresolved_coordinate,medium,0.521978021978022,0.4242920281551808,1.89308494454838,0.478021978021978,E,A;E;F;K;T,differs_from_consensus,False,True,unresolved_terminal;scaffold_differs_from_msa_consensus,,,,,,,,False,False,unassigned_manual_review,,not_annotated_no_domain_boundaries,,False,False
6IV9,A,VI-D,binary,27,28,N,,,,,,False,168.0,169.0,full_msa_only_unresolved_coordinate,medium,0.532967032967033,0.1823520076178384,2.4991407924856284,0.467032967032967,K,A;D;E;K;N;Q;R,differs_from_consensus,False,True,unresolved_terminal;scaffold_differs_from_msa_consensus,,,,,,,,False,False,unassigned_manual_review,,not_annotated_no_domain_boundaries,,False,False
6IV9,A,VI-D,binary,28,29,N,,,,,,False,169.0,170.0,full_msa_only_unresolved_coordinate,medium,0.532967032967033,0.2742421837803523,2.37174832721958,0.467032967032967,A,A;E;K;Q;R;T,differs_from_consensus,False,True,unresolved_terminal;scaffold_differs_from_msa_consensus,,,,,,,,False,False,unassigned_manual_review,,not_annotated_no_domain_boundaries,,False,False
6IV9,A,VI-D,binary,29,30,N,,,,,,False,170.0,171.0,full_msa_only_unresolved_coordinate,medium,0.5054945054945055,0.2138807764988833,2.3220700819939437,0.4945054945054945,A,A;E;K;Q;R;V,differs_from_consensus,False,True,unresolved_terminal;scaffold_differs_from_msa_consensus,,,,,,,,False,False,unassigned_manual_review,,not_annotated_no_domain_boundaries,,False,False
6IV9,A,VI-D,binary,30,31,A,,,,,,False,171.0,172.0,full_msa_only_unresolved_coordinate,medium,0.4835164835164835,0.2578627919808717,2.385896562819295,0.5164835164835164,A,A;E;I;K;N;P;R;S,matches_consensus,False,True,unresolved_terminal,,,,,,,,False,False,unassigned_manual_review,,not_annotated_no_domain_boundaries,,False,False
6IV9,A,VI-D,binary,31,32,A,,,,,,False,172.0,173.0,full_msa_only_unresolved_coordinate,medium,0.4505494505494505,0.2890351779469244,2.046141920390641,0.5494505494505495,V,A;E;K;L;T;V,differs_from_consensus,False,True,unresolved_terminal;scaffold_differs_from_msa_consensus,,,,,,,,False,False,unassigned_manual_review,,not_annotated_no_domain_boundaries,,False,False
6IV9,A,VI-D,binary,32,33,P,,,,,,False,173.0,174.0,full_msa_only_unresolved_coordinate,medium,0.4285714285714285,0.171543444270717,2.345762628633072,0.5714285714285714,E,A;D;E;L;N;P;Q;T;V,differs_from_consensus,False,True,unresolved_terminal;scaffold_differs_from_msa_consensus,,,,,,,,False,False,unassigned_manual_review,,not_annotated_no_domain_boundaries,,False,False
6IV9,A,VI-D,binary,33,34,A,,,,,,False,174.0,175.0,full_msa_only_unresolved_coordinate,medium,0.445054945054945,0.2216159496327387,2.4488767851240616,0.554945054945055,K,A;E;K;P;Q;T;V,differs_from_consensus,False,True,unresolved_terminal;scaffold_differs_from_msa_consensus,,,,,,,,False,False,unassigned_manual_review,,not_annotated_no_domain_boundaries,,False,False
6IV9,A,VI-D,binary,34,35,I,,,,,,False,175.0,176.0,full_msa_only_unresolved_coordinate,medium,0.2362637362637362,0.16,2.602970509714691,0.7637362637362637,I,A;E;I;L;S;T;V,matches_consensus,False,True,unresolved_terminal,,,,,,,,False,False,unassigned_manual_review,,not_annotated_no_domain_boundaries,,False,False
6IV9,A,VI-D,binary,35,36,A,,,,,,False,176.0,177.0,full_msa_only_unresolved_coordinate,medium,0.2637362637362637,0.2714285714285714,2.4003936095161915,0.7362637362637363,A,A;D;E;I;K;Q,matches_consensus,False,True,unresolved_terminal,,,,,,,,False,False,unassigned_manual_review,,not_annotated_no_domain_boundaries,,False,False
6IV9,A,VI-D,binary,36,37,A,,,,,,False,201.0,202.0,full_msa_only_unresolved_coordinate,medium,0.0549450549450549,0.3,1.834371970281624,0.945054945054945,S,A;C;F;L;P;R;S,differs_from_consensus,False,True,unresolved_terminal;scaffold_differs_from_msa_consensus,,,,,,,,False,False,unassigned_manual_review,,not_annotated_no_domain_boundaries,,False,False
6IV9,A,VI-D,binary,37,38,M,,,,,,False,202.0,203.0,full_msa_only_unresolved_coordinate,medium,0.2472527472527472,0.2651356993736952,2.0626503752120544,0.7527472527472527,K,A;D;E;H;I;K;L;N;T,differs_from_consensus,False,True,unresolved_terminal;scaffold_differs_from_msa_consensus,,,,,,,,False,False,unassigned_manual_review,,not_annotated_no_domain_boundaries,,False,False
6IV9,A,VI-D,binary,38,39,P,,,,,,False,203.0,204.0,full_msa_only_unresolved_coordinate,medium,0.2472527472527472,0.1336116910229645,2.5227942781938166,0.7527472527472527,T,D;E;H;K;M;N;P;Q;R;S;T;V;Y,differs_from_consensus,False,True,unresolved_terminal;scaffold_differs_from_msa_consensus,,,,,,,,False,False,unassigned_manual_review,,not_annotated_no_domain_boundaries,,False,False
6IV9,A,VI-D,binary,39,40,A,,,,,,False,204.0,205.0,full_msa_only_unresolved_coordinate,medium,0.2472527472527472,0.2004175365344467,2.047475906534647,0.7527472527472527,E,A;E;G;H;K;M;P;Q;V,differs_from_consensus,False,True,unresolved_terminal;scaffold_differs_from_msa_consensus,,,,,,,,False,False,unassigned_manual_review,,not_annotated_no_domain_boundaries,,False,False
6IV9,A,VI-D,binary,40,41,A,,,,,,False,205.0,206.0,full_msa_only_unresolved_coordinate,medium,0.2857142857142857,0.2731152204836415,2.0507821981669148,0.7142857142857143,E,D;E;L;N;P;R;S,differs_from_consensus,False,True,unresolved_terminal;scaffold_differs_from_msa_consensus,,,,,,,,False,False,unassigned_manual_review,,not_annotated_no_domain_boundaries,,False,False
6IV9,A,VI-D,binary,41,42,E,,,,,,False,206.0,207.0,full_msa_only_unresolved_coordinate,medium,0.2967032967032967,0.2086049543676662,2.3155516046151385,0.7032967032967032,K,A;I;K;M;S;T,differs_from_consensus,False,True,unresolved_terminal;scaffold_differs_from_msa_consensus,,,,,,,,False,False,unassigned_manual_review,,not_annotated_no_domain_boundaries,,False,False
6IV9,A,VI-D,binary,42,43,V,,,,,,False,207.0,208.0,full_msa_only_unresolved_coordinate,medium,0.3131868131868132,0.1853997682502897,2.3434011475400687,0.6868131868131868,T,I;R;S;T;V,differs_from_consensus,False,True,unresolved_terminal;scaffold_differs_from_msa_consensus,,,,,,,,False,False,unassigned_manual_review,,not_annotated_no_domain_boundaries,,False,False
6IV9,A,VI-D,binary,43,44,I,,,,,,False,208.0,209.0,full_msa_only_unresolved_coordinate,medium,0.489010989010989,0.1695813460519342,2.3723055645212225,0.510989010989011,K,A;E;G;K;N;Q;R;S;T,differs_from_consensus,False,True,unresolved_terminal;scaffold_differs_from_msa_consensus,,,,,,,,False,False,unassigned_manual_review,,not_annotated_no_domain_boundaries,,False,False
6IV9,A,VI-D,binary,44,45,A,,,,,,False,209.0,210.0,full_msa_only_unresolved_coordinate,medium,0.510989010989011,0.1429280397022332,2.495483588447493,0.489010989010989,K,D;E;I;K;N;P;R,differs_from_consensus,False,True,unresolved_terminal;scaffold_differs_from_msa_consensus,,,,,,,,False,False,unassigned_manual_review,,not_annotated_no_domain_boundaries,,False,False
6IV9,A,VI-D,binary,45,46,P,,,,,,False,210.0,211.0,full_msa_only_unresolved_coordinate,medium,0.554945054945055,0.1818997756170531,2.4667057457826638,0.445054945054945,P,E;K;P;R;S;T;V,matches_consensus,False,True,unresolved_terminal,,,,,,,,False,False,unassigned_manual_review,,not_annotated_no_domain_boundaries,,False,False
6IV9,A,VI-D,binary,46,47,V,,,,,,False,211.0,212.0,full_msa_only_unresolved_coordinate,medium,0.5659340659340659,0.222916969608841,2.394901364821385,0.4340659340659341,K,D;E;K;L;N;S;V,differs_from_consensus,False,True,unresolved_terminal;scaffold_differs_from_msa_consensus,,,,,,,,False,False,unassigned_manual_review,,not_annotated_no_domain_boundaries,,False,False
6IV9,A,VI-D,binary,47,48,A,,,,,,False,212.0,213.0,full_msa_only_unresolved_coordinate,medium,0.5769230769230769,0.2172867449427076,2.4714785036181066,0.4230769230769231,K,A;E;K;P;Q;S;T,differs_from_consensus,False,True,unresolved_terminal;scaffold_differs_from_msa_consensus,,,,,,,,False,False,unassigned_manual_review,,not_annotated_no_domain_boundaries,,False,False
6IV9,A,VI-D,binary,48,49,E,0.0,E,49.0,,GLU,True,213.0,214.0,four_layer_exact,high,0.5769230769230769,0.1358042155891922,2.538586018114439,0.4230769230769231,S,E;G;K;N;Q;R;S;T;V,differs_from_consensus,False,True,scaffold_differs_from_msa_consensus,0.6834774029737769,surface,False,False,False,False,8.387634448897328,True,False,unassigned_manual_review,,not_annotated_no_domain_boundaries,,False,False
6IV9,A,VI-D,binary,49,50,K,1.0,K,50.0,,LYS,True,214.0,215.0,four_layer_exact,high,0.7747252747252747,0.1587515653597919,2.5628205194091347,0.2252747252747252,K,E;G;K;N;R;S;T;V,matches_consensus,False,False,,0.6452373383408675,surface,False,True,False,False,6.9820390843494495,True,False,unassigned_manual_review,,not_annotated_no_domain_boundaries,,False,False
6IV9,A,VI-D,binary,50,51,K,2.0,K,51.0,,LYS,True,215.0,216.0,four_layer_exact,high,0.8681318681318682,0.5127778240239741,1.9045604964317489,0.1318681318681318,K,K;R,matches_consensus,True,False,,0.5223482974783928,surface,False,True,False,False,5.593094719596778,True,False,unassigned_manual_review,,not_annotated_no_domain_boundaries,,True,False
6IV9,A,VI-D,binary,51,52,K,3.0,K,52.0,,LYS,True,216.0,217.0,four_layer_exact,high,0.8901098901098901,0.95353714608373,0.2497454434196022,0.1098901098901099,K,K,matches_consensus,True,False,,0.07396485872612141,buried_core,True,False,True,False,2.9658544657812933,True,True,unassigned_manual_review,,not_annotated_no_domain_boundaries,,True,False
6IV9,A,VI-D,binary,52,53,S,4.0,S,53.0,,SER,True,248.0,249.0,four_layer_exact,high,0.945054945054945,0.7125102942277457,0.9071193515018484,0.0549450549450549,S,S;T,matches_consensus,True,False,,0.0,buried_core,True,False,True,False,2.7112386687223324,True,True,unassigned_manual_review,,not_annotated_no_domain_boundaries,,True,False
6IV9,A,VI-D,binary,53,54,S,5.0,S,54.0,,SER,True,249.0,250.0,four_layer_exact,high,0.9505494505494504,0.2069426893629673,2.509394981641873,0.0494505494505495,K,A;K;L;N;R;S;T,differs_from_consensus,True,True,scaffold_differs_from_msa_consensus,0.06397077161625081,buried_core,True,False,True,False,2.756644246978049,True,True,unassigned_manual_review,,not_annotated_no_domain_boundaries,,True,False
6IV9,A,VI-D,binary,54,55,V,6.0,V,55.0,,VAL,True,250.0,251.0,four_layer_exact,high,0.956043956043956,0.6693482913868182,1.2504246457891033,0.0439560439560439,A,A;S;V,differs_from_consensus,True,True,scaffold_differs_from_msa_consensus,0.0,buried_core,True,False,True,False,3.364311514772399,True,True,unassigned_manual_review,,not_annotated_no_domain_boundaries,,True,False
6IV9,A,VI-D,binary,55,56,K,7.0,K,56.0,,LYS,True,251.0,252.0,four_layer_exact,high,0.956043956043956,0.9929146062440032,0.0421309468454774,0.0439560439560439,K,K,matches_consensus,True,False,,0.0,buried_core,True,False,True,False,2.7915226334020113,True,True,unassigned_manual_review,,not_annotated_no_domain_boundaries,,True,False
6IV9,A,VI-D,binary,56,57,A,8.0,A,57.0,,ALA,True,252.0,253.0,four_layer_exact,high,0.9615384615384616,0.6552583363869549,1.3528717150717957,0.0384615384615384,A,A;R,matches_consensus,True,False,,0.0,buried_core,True,False,True,False,4.818950231726576,True,True,unassigned_manual_review,,not_annotated_no_domain_boundaries,,True,False
6IV9,A,VI-D,binary,57,58,A,9.0,A,58.0,,ALA,True,253.0,254.0,four_layer_exact,high,0.967032967032967,0.4271159304271887,1.7182799322688695,0.0329670329670329,A,A;I;L;M;S;V,matches_consensus,True,False,,0.0,buried_core,False,True,False,False,6.941620045388397,True,True,unassigned_manual_review,,not_annotated_no_domain_boundaries,,True,False
6IV9,A,VI-D,binary,58,59,G,10.0,G,59.0,,GLY,True,254.0,255.0,four_layer_exact,high,0.967032967032967,0.9860272178152972,0.0832326775644997,0.0329670329670329,G,G,matches_consensus,True,False,,0.0,buried_core,False,True,False,False,7.0662134483098304,True,True,unassigned_manual_review,,not_annotated_no_domain_boundaries,,True,False
6IV9,A,VI-D,binary,59,60,M,11.0,M,60.0,,MET,True,255.0,256.0,four_layer_exact,high,0.967032967032967,0.5763772651189869,1.08187629296816,0.0329670329670329,L,I;L;V,differs_from_consensus,True,True,scaffold_differs_from_msa_consensus,0.0,buried_core,True,False,True,False,4.981559893684435,True,True,unassigned_manual_review,,not_annotated_no_domain_boundaries,,True,False
6IV9,A,VI-D,binary,60,61,K,12.0,K,61.0,,LYS,True,256.0,257.0,four_layer_exact,high,0.967032967032967,0.979040826722946,0.1247749378664701,0.0329670329670329,K,K,matches_consensus,True,False,,0.0,buried_core,True,False,True,False,3.005849563577253,True,True,unassigned_manual_review,,not_annotated_no_domain_boundaries,,True,False
6IV9,A,VI-D,binary,61,62,S,13.0,S,62.0,,SER,True,257.0,258.0,four_layer_exact,high,0.967032967032967,0.9091769157994324,0.4581478074836201,0.0329670329670329,S,S,matches_consensus,True,False,,0.0,buried_core,True,False,True,False,4.025897452795235,True,True,unassigned_manual_review,,not_annotated_no_domain_boundaries,,True,False
6IV9,A,VI-D,binary,62,63,I,14.0,I,63.0,,ILE,True,258.0,259.0,four_layer_exact,high,0.967032967032967,0.3947310967178516,1.6992246664650792,0.0329670329670329,T,A;I;T;V,differs_from_consensus,True,True,scaffold_differs_from_msa_consensus,0.0,buried_core,True,False,True,False,4.9779360043825776,True,True,unassigned_manual_review,,not_annotated_no_domain_boundaries,,True,False
6IV9,A,VI-D,binary,63,64,L,15.0,L,64.0,,LEU,True,259.0,260.0,four_layer_exact,high,0.967032967032967,0.5062950294738373,1.2498110704586254,0.0329670329670329,F,F;I;L,differs_from_consensus,True,True,scaffold_differs_from_msa_consensus,0.0,buried_core,False,True,False,False,6.570291767242655,True,True,unassigned_manual_review,,not_annotated_no_domain_boundaries,,True,False
6IV9,A,VI-D,binary,64,65,V,16.0,V,65.0,,VAL,True,260.0,261.0,four_layer_exact,high,0.9725274725274724,0.3272385632723856,2.1121187202881275,0.0274725274725274,V,A;I;S;V,matches_consensus,True,False,,0.0,buried_core,False,True,False,False,6.362579524108236,True,True,unassigned_manual_review,,not_annotated_no_domain_boundaries,,True,False
6IV9,A,VI-D,binary,65,66,S,17.0,S,66.0,,SER,True,261.0,262.0,four_layer_exact,high,0.9725274725274724,0.2009828720098287,2.366567536764244,0.0274725274725274,V,F;H;I;L;V;Y,differs_from_consensus,True,True,scaffold_differs_from_msa_consensus,0.11159618121764883,buried_core,False,False,False,False,9.113938754520895,True,True,unassigned_manual_review,,not_annotated_no_domain_boundaries,,True,False
6IV9,A,VI-D,binary,66,67,E,18.0,E,67.0,,GLU,True,262.0,263.0,four_layer_exact,high,0.9725274725274724,0.3304184433041844,1.801106335966163,0.0274725274725274,G,D;G;N;S,differs_from_consensus,True,True,scaffold_differs_from_msa_consensus,0.3151101395192784,surface,False,False,False,False,11.30926249098764,True,False,unassigned_manual_review,,not_annotated_no_domain_boundaries,,True,False
6IV9,A,VI-D,binary,67,68,N,19.0,N,68.0,,ASN,True,267.0,268.0,four_layer_exact,high,0.9395604395604396,0.4560742025488273,1.6173802814414795,0.0604395604395604,D,D;E;G;K;N,differs_from_consensus,True,True,scaffold_differs_from_msa_consensus,0.4319620944754901,surface,False,False,False,False,13.600603260434081,True,False,unassigned_manual_review,,not_annotated_no_domain_boundaries,,True,False
6IV9,A,VI-D,binary,68,69,K,20.0,K,69.0,,LYS,True,274.0,275.0,four_layer_exact,high,0.956043956043956,0.3200236179791866,2.0036331809104624,0.0439560439560439,K,D;E;K;N;R;S;T,matches_consensus,True,False,,0.20013542623360334,surface,False,False,False,False,11.25480657903979,True,False,unassigned_manual_review,,not_annotated_no_domain_boundaries,,True,False
6IV9,A,VI-D,binary,69,70,M,21.0,M,70.0,,MET,True,280.0,281.0,four_layer_exact,high,0.9725274725274724,0.3989304039893039,1.648984130767411,0.0274725274725274,L,I;L;V,differs_from_consensus,True,True,scaffold_differs_from_msa_consensus,0.0,buried_core,False,False,False,False,10.09087995695368,True,True,unassigned_manual_review,,not_annotated_no_domain_boundaries,,True,False
6IV9,A,VI-D,binary,70,71,Y,22.0,Y,71.0,,TYR,True,281.0,282.0,four_layer_exact,high,0.9725274725274724,0.2671099226710992,1.7819001293843486,0.0274725274725274,L,A;I;L;V;Y,differs_from_consensus,True,True,scaffold_differs_from_msa_consensus,0.07029331480235985,buried_core,False,False,False,False,9.34381119928214,True,True,unassigned_manual_review,,not_annotated_no_domain_boundaries,,True,False
6IV9,A,VI-D,binary,71,72,I,23.0,I,72.0,,ILE,True,282.0,283.0,four_layer_exact,high,0.967032967032967,0.4294447274579724,1.4811518958896204,0.0329670329670329,M,I;L;M;V,differs_from_consensus,True,True,scaffold_differs_from_msa_consensus,0.0,buried_core,False,False,False,False,9.570242150422416,True,True,unassigned_manual_review,,not_annotated_no_domain_boundaries,,True,False
6IV9,A,VI-D,binary,72,73,T,24.0,T,73.0,,THR,True,284.0,285.0,four_layer_exact,high,0.978021978021978,0.8621976602311059,0.6059760468456942,0.021978021978022,T,S;T,matches_consensus,True,False,,0.0,buried_core,False,True,False,False,5.611150474237295,True,True,unassigned_manual_review,,not_annotated_no_domain_boundaries,,True,False
6IV9,A,VI-D,binary,73,74,S,25.0,S,74.0,,SER,True,292.0,293.0,four_layer_exact,high,0.978021978021978,0.7381755544391013,0.9947325851226966,0.021978021978022,S,A;S;T,matches_consensus,True,False,,0.0,buried_core,False,True,False,False,7.667076922079492,True,True,unassigned_manual_review,,not_annotated_no_domain_boundaries,,True,False
6IV9,A,VI-D,binary,74,75,F,26.0,F,75.0,,PHE,True,293.0,294.0,four_layer_exact,high,0.978021978021978,0.8966482451733295,0.5286431443832109,0.021978021978022,F,F,matches_consensus,True,False,,0.0,buried_core,True,False,True,False,3.1623221103138994,True,True,unassigned_manual_review,,not_annotated_no_domain_boundaries,,True,False
6IV9,A,VI-D,binary,75,76,G,27.0,G,76.0,,GLY,True,312.0,313.0,four_layer_exact,high,0.9505494505494504,0.7930573106370326,0.922177043381254,0.0494505494505495,G,G,matches_consensus,True,False,,0.0,buried_core,False,True,False,False,6.0066906603777,True,True,unassigned_manual_review,,not_annotated_no_domain_boundaries,,True,False
6IV9,A,VI-D,binary,76,77,K,28.0,K,77.0,,LYS,True,313.0,314.0,four_layer_exact,high,0.956043956043956,0.4865303712451103,1.5400904170215637,0.0439560439560439,K,K;N;R,matches_consensus,True,False,,0.3235328726326283,surface,False,True,False,False,5.9321104429572,True,False,unassigned_manual_review,,not_annotated_no_domain_boundaries,,True,False
6IV9,A,VI-D,binary,77,78,G,29.0,G,78.0,,GLY,True,314.0,315.0,four_layer_exact,high,0.9615384615384616,0.7467204104067423,1.0872364902092786,0.0384615384615384,G,G;K,matches_consensus,True,False,,0.21514170228972948,surface,True,False,True,False,3.208218636105569,True,False,unassigned_manual_review,,not_annotated_no_domain_boundaries,,True,False
6IV9,A,VI-D,binary,78,79,N,30.0,N,79.0,,ASN,True,315.0,316.0,four_layer_exact,high,0.967032967032967,0.6646532275671349,1.440195898959805,0.0329670329670329,N,N;S,matches_consensus,True,False,,0.06006170944498128,buried_core,True,False,True,False,2.8628005573278354,True,True,unassigned_manual_review,,not_annotated_no_domain_boundaries,,True,False
6IV9,A,VI-D,binary,79,80,S,31.0,S,80.0,,SER,True,316.0,317.0,four_layer_exact,high,0.9725274725274724,0.2356724723567247,2.099879356735846,0.0274725274725274,D,A;D;E;K;N;S;T,differs_from_consensus,True,True,scaffold_differs_from_msa_consensus,0.05278102663435499,buried_core,False,True,False,False,5.856783913591899,True,True,unassigned_manual_review,,not_annotated_no_domain_boundaries,,True,False
6IV9,A,VI-D,binary,80,81,A,32.0,A,81.0,,ALA,True,317.0,318.0,four_layer_exact,high,0.9725274725274724,0.7294211172942111,1.10516738090373,0.0274725274725274,A,A;S,matches_consensus,True,False,,0.12458825861194425,buried_core,False,True,False,False,5.831098965619921,True,True,unassigned_manual_review,,not_annotated_no_domain_boundaries,,True,False
6IV9,A,VI-D,binary,81,82,V,33.0,V,82.0,,VAL,True,318.0,319.0,four_layer_exact,high,0.9725274725274724,0.3270217532702175,2.237269038976929,0.0274725274725274,V,A;E;I;K;L;N;V,matches_consensus,True,False,,0.09022509660068341,buried_core,False,False,False,False,8.526492572083205,True,True,unassigned_manual_review,,not_annotated_no_domain_boundaries,,True,False
6IV9,A,VI-D,binary,82,83,L,34.0,L,83.0,,LEU,True,319.0,320.0,four_layer_exact,high,0.978021978021978,0.3557740615804205,1.9760526724519545,0.021978021978022,L,I;L;N;P;V,matches_consensus,True,False,,0.08297868357168264,buried_core,False,False,False,False,10.446242637794185,True,True,unassigned_manual_review,,not_annotated_no_domain_boundaries,,True,False
6IV9,A,VI-D,binary,83,84,E,35.0,E,84.0,,GLU,True,320.0,321.0,four_layer_exact,high,0.978021978021978,0.655494150577765,1.3890713160628303,0.021978021978022,E,A;E;I;V,matches_consensus,True,False,,0.0,buried_core,False,False,False,False,11.880178261585812,True,True,unassigned_manual_review,,not_annotated_no_domain_boundaries,,True,False
6IV9,A,VI-D,binary,84,85,Y,36.0,Y,85.0,,TYR,True,321.0,322.0,four_layer_exact,high,0.978021978021978,0.5133137156391301,1.8214920525862968,0.021978021978022,K,E;K;Q,differs_from_consensus,True,True,scaffold_differs_from_msa_consensus,0.06066011665672417,buried_core,False,False,False,False,13.454566291653501,True,True,unassigned_manual_review,,not_annotated_no_domain_boundaries,,True,False
6IV9,A,VI-D,binary,85,86,E,37.0,E,86.0,,GLU,True,322.0,323.0,four_layer_exact,high,0.967032967032967,0.3421148388035804,2.1951504323846187,0.0329670329670329,K,E;I;K;R,differs_from_consensus,True,True,scaffold_differs_from_msa_consensus,0.14414246960485028,buried_core,False,False,False,False,15.643552156306546,True,True,unassigned_manual_review,,not_annotated_no_domain_boundaries,,True,False
6IV9,A,VI-D,binary,86,87,V,38.0,V,87.0,,VAL,True,323.0,324.0,four_layer_exact,high,0.967032967032967,0.5551997671202968,1.5401403075624502,0.0329670329670329,I,I;V,differs_from_consensus,True,True,scaffold_differs_from_msa_consensus,0.0,buried_core,False,False,False,False,14.28423794696033,True,True,unassigned_manual_review,,not_annotated_no_domain_boundaries,,True,False
6IV9,A,VI-D,binary,87,88,D,39.0,D,88.0,,ASP,True,326.0,327.0,four_layer_exact,high,0.956043956043956,0.1553283812605721,2.5513462977121204,0.0439560439560439,T,A;D;E;I;K;S;T;V,differs_from_consensus,True,True,scaffold_differs_from_msa_consensus,0.11244310292854301,buried_core,False,False,False,False,16.42905525750607,True,True,unassigned_manual_review,,not_annotated_no_domain_boundaries,,True,False
6IV9,A,VI-D,binary,88,89,N,40.0,N,89.0,,ASN,True,327.0,328.0,four_layer_exact,high,0.934065934065934,0.2322712480133202,2.352801991003843,0.0659340659340659,D,A;D;G;K;N;S;T,differs_from_consensus,True,True,scaffold_differs_from_msa_consensus,0.08041678100904649,buried_core,False,False,False,False,12.225475328508995,True,True,unassigned_manual_review,,not_annotated_no_domain_boundaries,,True,False
6IV9,A,VI-D,binary,89,90,N,41.0,N,90.0,,ASN,True,328.0,329.0,four_layer_exact,high,0.934065934065934,0.1598425792779838,2.5857038994526658,0.0659340659340659,D,A;D;E;G;L;N;R;S,differs_from_consensus,True,True,scaffold_differs_from_msa_consensus,0.6035580118311302,surface,False,False,False,False,16.127709299488806,True,False,unassigned_manual_review,,not_annotated_no_domain_boundaries,,True,False
6IV9,A,VI-D,binary,90,91,D,42.0,D,91.0,,ASP,True,329.0,330.0,four_layer_exact,high,0.9285714285714286,0.1756499199512083,2.452276521386664,0.0714285714285714,E,D;E;G;K;N;S,differs_from_consensus,True,True,scaffold_differs_from_msa_consensus,0.4381491048924469,surface,False,False,False,False,17.390697872943417,True,False,unassigned_manual_review,,not_annotated_no_domain_boundaries,,True,False
6IV9,A,VI-D,binary,91,92,Y,43.0,Y,92.0,,TYR,True,336.0,337.0,four_layer_exact,high,0.2912087912087912,0.1889250814332247,2.384482028210964,0.7087912087912087,Y,D;E;F;K;N;Q;R;T;Y,matches_consensus,False,False,,0.21205153150770345,surface,False,False,False,False,11.53356258007168,True,False,unassigned_manual_review,,not_annotated_no_domain_boundaries,,False,False
6IV9,A,VI-D,binary,92,93,N,44.0,N,93.0,,ASN,True,337.0,338.0,four_layer_exact,high,0.3076923076923077,0.2215384615384615,2.24303267986085,0.6923076923076923,T,A;E;I;K;L;S;T,differs_from_consensus,False,True,scaffold_differs_from_msa_consensus,0.46008150756314753,surface,False,False,False,False,18.503464188971126,True,False,unassigned_manual_review,,not_annotated_no_domain_boundaries,,False,False
6IV9,A,VI-D,binary,93,94,K,45.0,K,94.0,,LYS,True,338.0,339.0,four_layer_exact,high,0.8791208791208791,0.3775501843506759,1.7146131749936964,0.1208791208791209,I,I;L;V,differs_from_consensus,True,True,scaffold_differs_from_msa_consensus,0.40592140620968625,surface,False,False,False,False,17.2438107912211,True,False,unassigned_manual_review,,not_annotated_no_domain_boundaries,,True,False
6IV9,A,VI-D,binary,94,95,T,46.0,T,95.0,,THR,True,339.0,340.0,four_layer_exact,high,0.8791208791208791,0.2593199508398197,2.3614232965510986,0.1208791208791209,E,D;E;K;S;T,differs_from_consensus,True,True,scaffold_differs_from_msa_consensus,0.3266166300142883,surface,False,False,False,False,17.850112559876745,True,False,unassigned_manual_review,,not_annotated_no_domain_boundaries,,True,False
6IV9,A,VI-D,binary,95,96,Q,47.0,Q,96.0,,GLN,True,340.0,341.0,four_layer_exact,high,0.8736263736263736,0.1902716987364769,2.263293370502574,0.1263736263736263,D,D;E;K;N;P;S;T,differs_from_consensus,True,True,scaffold_differs_from_msa_consensus,0.3264023172200651,surface,False,False,False,False,18.3075547012156,True,False,unassigned_manual_review,,not_annotated_no_domain_boundaries,,True,False
6IV9,A,VI-D,binary,96,97,L,48.0,L,97.0,,LEU,True,341.0,342.0,four_layer_exact,high,0.8241758241758241,0.2945309026233881,2.073156075079693,0.1758241758241758,I,I;K;L;M;V,differs_from_consensus,True,True,scaffold_differs_from_msa_consensus,0.27009744371408806,surface,False,False,False,False,14.399582103372675,True,False,unassigned_manual_review,,not_annotated_no_domain_boundaries,,True,False
6IV9,A,VI-D,binary,97,98,S,49.0,S,98.0,,SER,True,342.0,343.0,four_layer_exact,high,0.0604395604395604,0.3636363636363636,1.8937882323911377,0.9395604395604396,R,A;C;D;K;R;T;V;Y,differs_from_consensus,False,True,scaffold_differs_from_msa_consensus,0.07603902751412855,buried_core,False,False,False,False,15.574468798702458,True,True,unassigned_manual_review,,not_annotated_no_domain_boundaries,,False,False
6IV9,A,VI-D,binary,98,99,S,50.0,S,99.0,,SER,True,344.0,345.0,four_layer_exact,high,0.6538461538461539,0.4446689646974919,1.8699781879628343,0.3461538461538461,N,A;D;N;Q;S,differs_from_consensus,False,True,scaffold_differs_from_msa_consensus,0.31518735662195146,surface,False,False,False,False,18.15586341821968,True,False,unassigned_manual_review,,not_annotated_no_domain_boundaries,,False,False
6IV9,A,VI-D,binary,99,100,K,51.0,K,100.0,,LYS,True,345.0,346.0,four_layer_exact,high,0.6153846153846154,0.1984239762304611,2.338934870193349,0.3846153846153846,E,D;E;K;N;T,differs_from_consensus,False,True,scaffold_differs_from_msa_consensus,0.7153076871231998,surface,False,False,False,False,18.47522321267726,True,False,unassigned_manual_review,,not_annotated_no_domain_boundaries,,False,False
6IV9,A,VI-D,binary,100,101,D,52.0,D,101.0,,ASP,True,346.0,347.0,four_layer_exact,high,0.6043956043956044,0.2073122267850046,2.2895738690462952,0.3956043956043956,D,A;D;E;G;K;N;P;S;T,matches_consensus,False,False,,0.6394397687116664,surface,False,False,False,False,16.1574182131333,True,False,unassigned_manual_review,,not_annotated_no_domain_boundaries,,False,False
6IV9,A,VI-D,binary,101,102,N,53.0,N,102.0,,ASN,True,354.0,355.0,four_layer_exact,high,0.6868131868131868,0.2749576031656303,2.267626693227431,0.3131868131868132,N,D;K;N;Q;S;T,matches_consensus,False,False,,0.3523614186841886,surface,False,False,False,False,13.35113913002422,True,False,unassigned_manual_review,,not_annotated_no_domain_boundaries,,False,False
6IV9,A,VI-D,binary,102,103,S,54.0,S,103.0,,SER,True,355.0,356.0,four_layer_exact,high,0.8296703296703297,0.7319460365047173,1.1028045382233551,0.1703296703296702,P,E;P;S,differs_from_consensus,True,True,scaffold_differs_from_msa_consensus,0.0,buried_core,False,False,False,False,13.811352897038175,True,True,unassigned_manual_review,,not_annotated_no_domain_boundaries,,True,False
6IV9,A,VI-D,binary,103,104,N,55.0,N,104.0,,ASN,True,356.0,357.0,four_layer_exact,high,0.3516483516483517,0.184,2.625716339612458,0.6483516483516483,E,A;E;H;K;P;R;Y,differs_from_consensus,False,True,scaffold_differs_from_msa_consensus,0.0,buried_core,False,False,False,False,9.903724326640852,True,True,unassigned_manual_review,,not_annotated_no_domain_boundaries,,False,False
6IV9,A,VI-D,binary,104,105,I,56.0,I,105.0,,ILE,True,366.0,367.0,four_layer_exact,high,0.0879120879120879,0.25,2.1660849392498287,0.912087912087912,A,A;D;G;I;K;N;Q;S;T;V,differs_from_consensus,False,True,scaffold_differs_from_msa_consensus,0.006130092467207697,buried_core,False,False,False,False,10.286045713422142,True,True,unassigned_manual_review,,not_annotated_no_domain_boundaries,,False,False
6IV9,A,VI-D,binary,105,106,E,57.0,E,106.0,,GLU,True,367.0,368.0,four_layer_exact,high,0.967032967032967,0.216359799141256,2.4837791654927117,0.0329670329670329,A,A;K;M;N;Q;S;T,differs_from_consensus,True,True,scaffold_differs_from_msa_consensus,0.4187040304806669,surface,False,False,False,False,13.705069254143666,True,False,unassigned_manual_review,,not_annotated_no_domain_boundaries,,True,False
6IV9,A,VI-D,binary,106,107,L,58.0,L,107.0,,LEU,True,368.0,369.0,four_layer_exact,high,0.967032967032967,0.6322683938577978,1.1105960048903276,0.0329670329670329,F,F;I;L;Y,differs_from_consensus,True,True,scaffold_differs_from_msa_consensus,0.05863706101835784,buried_core,False,False,False,False,11.986822139264476,True,True,unassigned_manual_review,,not_annotated_no_domain_boundaries,,True,False
6IV9,A,VI-D,binary,107,108,G,59.0,G,108.0,,GLY,True,372.0,373.0,four_layer_exact,high,0.0109890109890109,0.5,0.6931471805599453,0.989010989010989,G,G;R,matches_consensus,False,False,,0.1367230789281212,buried_core,False,False,False,False,14.724214437250259,True,True,unassigned_manual_review,,not_annotated_no_domain_boundaries,,False,False
6IV9,A,VI-D,binary,108,109,D,60.0,D,109.0,,ASP,True,378.0,379.0,four_layer_exact,high,0.956043956043956,0.1948483282899106,2.2062077956123254,0.0439560439560439,S,D;E;K;N;R;S;T,differs_from_consensus,True,True,scaffold_differs_from_msa_consensus,0.34640860922059635,surface,False,False,False,False,12.470517273551582,True,False,unassigned_manual_review,,not_annotated_no_domain_boundaries,,True,False
6IV9,A,VI-D,binary,109,110,V,61.0,V,110.0,,VAL,True,379.0,380.0,four_layer_exact,high,0.9505494505494504,0.3746376272950271,1.7433444770914472,0.0494505494505495,V,A;I;L;V,matches_consensus,True,False,,0.07505784837175575,buried_core,False,False,False,False,12.28265761848462,True,True,unassigned_manual_review,,not_annotated_no_domain_boundaries,,True,False
6IV9,A,VI-D,binary,110,111,N,62.0,N,111.0,,ASN,True,380.0,381.0,four_layer_exact,high,0.8736263736263736,0.1625237426707407,2.475165409379496,0.1263736263736263,T,A;D;E;K;N;S;T;V,differs_from_consensus,True,True,scaffold_differs_from_msa_consensus,0.19782567051752883,buried_core,False,False,False,False,8.592320193126582,True,True,unassigned_manual_review,,not_annotated_no_domain_boundaries,,True,False
6IV9,A,VI-D,binary,111,112,E,63.0,E,112.0,,GLU,True,381.0,382.0,four_layer_exact,high,0.8626373626373627,0.1127800620961651,2.6742483123405223,0.1373626373626373,K,A;D;E;I;K;L;N;P;S,differs_from_consensus,True,True,scaffold_differs_from_msa_consensus,0.3393855499743337,surface,False,True,False,False,7.437920507624777,True,False,unassigned_manual_review,,not_annotated_no_domain_boundaries,,True,False
6IV9,A,VI-D,binary,112,113,V,64.0,V,113.0,,VAL,True,382.0,383.0,four_layer_exact,high,0.3461538461538461,0.1951219512195122,2.4119813689627168,0.6538461538461539,K,A;D;E;G;K;N;Q;S,differs_from_consensus,False,True,scaffold_differs_from_msa_consensus,0.1318674488779219,buried_core,True,False,True,False,4.017623622596831,True,True,unassigned_manual_review,,not_annotated_no_domain_boundaries,,False,False
6IV9,A,VI-D,binary,113,114,N,65.0,N,114.0,,ASN,True,383.0,384.0,four_layer_exact,high,0.3351648351648351,0.1680672268907563,2.402561746241019,0.6648351648351649,E,D;E;G;K;N;P;R;S;T,differs_from_consensus,False,True,scaffold_differs_from_msa_consensus,0.2519996164506623,surface,True,False,True,False,4.74147325085776,True,False,unassigned_manual_review,,not_annotated_no_domain_boundaries,,False,False
6IV9,A,VI-D,binary,114,115,I,66.0,I,115.0,,ILE,True,384.0,385.0,four_layer_exact,high,0.0494505494505494,0.3333333333333333,1.6769877743224173,0.9505494505494504,A,A;E;H;I;N;S,differs_from_consensus,False,True,scaffold_differs_from_msa_consensus,0.006130092467207697,buried_core,False,False,False,False,8.277757220041167,True,True,unassigned_manual_review,,not_annotated_no_domain_boundaries,,False,False
6IV9,A,VI-D,binary,115,116,T,67.0,T,116.0,,THR,True,434.0,435.0,four_layer_exact,high,0.2197802197802197,0.25,2.1927438540629898,0.7802197802197802,D,D;E;G;K;P;S,differs_from_consensus,False,True,scaffold_differs_from_msa_consensus,0.012458825861194423,buried_core,False,False,False,False,11.222254042991505,True,True,unassigned_manual_review,,not_annotated_no_domain_boundaries,,False,False
6IV9,A,VI-D,binary,116,117,F,68.0,F,117.0,,PHE,True,435.0,436.0,four_layer_exact,high,0.6703296703296703,0.4262728422020457,1.69204780475337,0.3296703296703297,V,A;I;T;V,differs_from_consensus,False,True,scaffold_differs_from_msa_consensus,0.005031784233499651,buried_core,False,True,False,False,7.360708539399054,True,True,unassigned_manual_review,,not_annotated_no_domain_boundaries,,False,False
6IV9,A,VI-D,binary,117,118,S,69.0,S,118.0,,SER,True,436.0,437.0,four_layer_exact,high,0.6758241758241759,0.2982835057405933,1.9894706485431208,0.3241758241758241,D,D;E;G;N;S;T,differs_from_consensus,False,True,scaffold_differs_from_msa_consensus,0.09765545502487279,buried_core,False,False,False,False,12.529060318363731,True,True,unassigned_manual_review,,not_annotated_no_domain_boundaries,,False,False
6IV9,A,VI-D,binary,118,119,S,70.0,S,119.0,,SER,True,437.0,438.0,four_layer_exact,high,0.6703296703296703,0.2206642914607516,2.1459339161154576,0.3296703296703297,E,A;D;E;K;N;P;R;S;T,differs_from_consensus,False,True,scaffold_differs_from_msa_consensus,0.034563194324603884,buried_core,False,False,False,False,11.781573393771664,True,True,unassigned_manual_review,,not_annotated_no_domain_boundaries,,False,False
6IV9,A,VI-D,binary,119,120,K,71.0,K,120.0,,LYS,True,439.0,440.0,four_layer_exact,high,0.945054945054945,0.3126450550273265,2.3974674163023746,0.0549450549450549,K,D;E;K;N;S;T,matches_consensus,True,False,,0.2756904100684392,surface,False,False,False,False,13.951891663973086,True,False,unassigned_manual_review,,not_annotated_no_domain_boundaries,,True,False
6IV9,A,VI-D,binary,120,121,H,72.0,H,121.0,,HIS,True,441.0,442.0,four_layer_exact,high,0.0274725274725274,0.2,1.6094379124341005,0.9725274725274724,G,G;I;M;Q;R,differs_from_consensus,False,True,scaffold_differs_from_msa_consensus,0.10531246893363704,buried_core,False,False,False,False,12.008997502201925,True,True,unassigned_manual_review,,not_annotated_no_domain_boundaries,,False,False
6IV9,A,VI-D,binary,121,122,G,73.0,G,122.0,,GLY,True,442.0,443.0,four_layer_exact,high,0.8901098901098901,0.2826490279906428,2.294952448916504,0.1098901098901099,K,D;E;G;K;N;Q;R;S;T,differs_from_consensus,True,True,scaffold_differs_from_msa_consensus,0.31993411680871076,surface,False,False,False,False,13.276514523359843,True,False,unassigned_manual_review,,not_annotated_no_domain_boundaries,,True,False
6IV9,A,VI-D,binary,122,123,F,74.0,F,123.0,,PHE,True,447.0,448.0,four_layer_exact,high,0.967032967032967,0.3330179754020813,1.6210769632639537,0.0329670329670329,I,F;I;L;V;Y,differs_from_consensus,True,True,scaffold_differs_from_msa_consensus,0.005031784233499651,buried_core,False,True,False,False,7.628739603331061,True,True,unassigned_manual_review,,not_annotated_no_domain_boundaries,,True,False
6IV9,A,VI-D,binary,123,124,G,75.0,G,124.0,,GLY,True,448.0,449.0,four_layer_exact,high,0.956043956043956,0.1485718503210568,2.639177815806229,0.0439560439560439,S,D;E;K;N;R;S;T,differs_from_consensus,True,True,scaffold_differs_from_msa_consensus,0.25266911401123965,surface,False,False,False,False,11.919259232640847,True,False,unassigned_manual_review,,not_annotated_no_domain_boundaries,,True,False
6IV9,A,VI-D,binary,124,125,S,76.0,S,125.0,,SER,True,455.0,456.0,four_layer_exact,high,0.912087912087912,0.2311097305272967,2.379220273785973,0.0879120879120879,K,E;K;Q;R;S;T,differs_from_consensus,True,True,scaffold_differs_from_msa_consensus,0.5758523930091918,surface,False,False,False,False,14.199696941925897,True,False,unassigned_manual_review,,not_annotated_no_domain_boundaries,,True,False
6IV9,A,VI-D,binary,125,126,G,77.0,G,126.0,,GLY,True,456.0,457.0,four_layer_exact,high,0.8956043956043956,0.430614028119787,1.5459415884889187,0.1043956043956043,G,G;K;N;S,matches_consensus,True,False,,0.2989442904766706,surface,False,False,False,False,13.884433811680541,True,False,unassigned_manual_review,,not_annotated_no_domain_boundaries,,True,False
6IV9,A,VI-D,binary,126,127,V,78.0,V,127.0,,VAL,True,486.0,487.0,four_layer_exact,high,0.4505494505494505,0.2137219186399514,2.4081697528469217,0.5494505494505495,I,I;K;L;M;N;R;T,differs_from_consensus,False,True,scaffold_differs_from_msa_consensus,0.24985411366343097,surface,False,False,False,False,10.087726701464412,True,False,unassigned_manual_review,,not_annotated_no_domain_boundaries,,False,False
6IV9,A,VI-D,binary,127,128,E,79.0,E,128.0,,GLU,True,487.0,488.0,four_layer_exact,high,0.7307692307692307,0.1675392670157068,2.4884698344207945,0.2692307692307693,E,D;E;K;N;S;T,matches_consensus,False,False,,0.37706048705062395,surface,False,False,False,False,9.550426733376122,True,False,unassigned_manual_review,,not_annotated_no_domain_boundaries,,False,False
6IV9,A,VI-D,binary,128,129,I,80.0,I,129.0,,ILE,True,488.0,489.0,four_layer_exact,high,0.934065934065934,0.3862514242309152,1.913103214710852,0.0659340659340659,A,A;G;I;L;T;V,differs_from_consensus,True,True,scaffold_differs_from_msa_consensus,0.006130092467207697,buried_core,False,True,False,False,6.169881992373315,True,True,unassigned_manual_review,,not_annotated_no_domain_boundaries,,True,False
6IV9,A,VI-D,binary,129,130,N,81.0,N,130.0,,ASN,True,489.0,490.0,four_layer_exact,high,0.9395604395604396,0.2388960108589095,2.380030213672298,0.0604395604395604,T,E;I;L;N;S;T;V,differs_from_consensus,True,True,scaffold_differs_from_msa_consensus,0.3433318047470461,surface,True,False,True,False,4.6663069378882,True,False,unassigned_manual_review,,not_annotated_no_domain_boundaries,,True,False
6IV9,A,VI-D,binary,130,131,T,82.0,T,131.0,,THR,True,490.0,491.0,four_layer_exact,high,0.9395604395604396,0.2316567378025789,2.22493623529721,0.0604395604395604,A,A;I;L;P;S;T;V,differs_from_consensus,True,True,scaffold_differs_from_msa_consensus,0.0,buried_core,True,False,True,False,4.095501034481074,True,True,unassigned_manual_review,,not_annotated_no_domain_boundaries,,True,False
6IV9,A,VI-D,binary,131,132,S,83.0,S,132.0,,SER,True,491.0,492.0,four_layer_exact,high,0.945054945054945,0.4274163360035936,2.0799929411783484,0.0549450549450549,D,A;D;E;N;S,differs_from_consensus,True,True,scaffold_differs_from_msa_consensus,0.031164599123610744,buried_core,True,False,True,False,3.1984312192596813,True,True,unassigned_manual_review,,not_annotated_no_domain_boundaries,,True,False
6IV9,A,VI-D,binary,132,133,N,84.0,N,133.0,,ASN,True,492.0,493.0,four_layer_exact,high,0.956043956043956,0.7520112185401135,0.9764390571959576,0.0439560439560439,N,D;K;N,matches_consensus,True,False,,0.0054946616618601046,buried_core,False,True,False,False,5.903506385348236,True,True,unassigned_manual_review,,not_annotated_no_domain_boundaries,,True,False
6IV9,A,VI-D,binary,133,134,P,85.0,P,134.0,,PRO,True,493.0,494.0,four_layer_exact,high,0.9615384615384616,0.9085379259802124,0.4819831182000113,0.0384615384615384,P,P,matches_consensus,True,False,,0.07423864010342623,buried_core,False,True,False,False,5.803327388425758,True,True,unassigned_manual_review,,not_annotated_no_domain_boundaries,,True,False
6IV9,A,VI-D,binary,134,135,T,86.0,T,135.0,,THR,True,494.0,495.0,four_layer_exact,high,0.8681318681318682,0.363356363939066,2.2344235712832656,0.1318681318681318,L,A;I;L;S;T;V,differs_from_consensus,True,True,scaffold_differs_from_msa_consensus,0.007021094279301839,buried_core,False,True,False,False,7.29241474623362,True,True,unassigned_manual_review,,not_annotated_no_domain_boundaries,,True,False
6IV9,A,VI-D,binary,135,136,H,87.0,H,136.0,,HIS,True,496.0,497.0,four_layer_exact,high,0.532967032967033,0.5281701317251231,1.3384381343531648,0.467032967032967,H,H;Y,matches_consensus,False,False,,0.06347857235948484,buried_core,True,False,True,False,2.8134867049683105,True,True,unassigned_manual_review,,not_annotated_no_domain_boundaries,,False,False
6IV9,A,VI-D,binary,136,137,R,88.0,R,137.0,,ARG,True,497.0,498.0,four_layer_exact,high,0.5164835164835165,0.2394811242308331,2.444638560920194,0.4835164835164834,S,A;G;H;I;N;R;S;V,differs_from_consensus,False,True,scaffold_differs_from_msa_consensus,0.013222206744962587,buried_core,True,False,True,False,3.7031491157637055,True,True,unassigned_manual_review,,not_annotated_no_domain_boundaries,,False,False
6IV9,A,VI-D,binary,137,138,S,89.0,S,138.0,,SER,True,498.0,499.0,four_layer_exact,high,0.4285714285714285,0.2358722358722358,2.3180795406466093,0.5714285714285714,G,G;K;R;S;T,differs_from_consensus,False,True,scaffold_differs_from_msa_consensus,0.25928168166599636,surface,True,False,True,False,2.9656278979623614,True,False,unassigned_manual_review,,not_annotated_no_domain_boundaries,,False,False
6IV9,A,VI-D,binary,138,139,G,90.0,G,139.0,,GLY,True,499.0,500.0,four_layer_exact,high,0.0824175824175824,0.1333333333333333,2.1535324566542537,0.9175824175824177,D,A;D;E;G;K;L;P;Q;S,differs_from_consensus,False,True,scaffold_differs_from_msa_consensus,0.6489021249537922,surface,False,True,False,False,6.049108099076473,True,False,unassigned_manual_review,,not_annotated_no_domain_boundaries,,False,False
6IV9,A,VI-D,binary,139,140,E,91.0,E,140.0,,GLU,True,532.0,533.0,four_layer_exact,high,0.6043956043956044,0.2102747909199522,2.3748205072861825,0.3956043956043956,S,A;E;I;K;S;V;Y,differs_from_consensus,False,True,scaffold_differs_from_msa_consensus,0.06315260545536953,buried_core,False,True,False,False,5.5270179260735,True,True,unassigned_manual_review,,not_annotated_no_domain_boundaries,,False,False
6IV9,A,VI-D,binary,140,141,S,92.0,S,141.0,,SER,True,533.0,534.0,four_layer_exact,high,0.8076923076923077,0.2409418636488089,2.4729087309970152,0.1923076923076923,K,D;E;G;K;N;Q;R;S,differs_from_consensus,True,True,scaffold_differs_from_msa_consensus,0.5898204409238843,surface,False,False,False,False,10.321252217454239,True,False,unassigned_manual_review,,not_annotated_no_domain_boundaries,,True,False
6IV9,A,VI-D,binary,141,142,S,93.0,S,142.0,,SER,True,534.0,535.0,four_layer_exact,high,0.8131868131868132,0.1780512078168823,2.5265393926374644,0.1868131868131868,K,A;E;K;N;P;Q;R;S;T,differs_from_consensus,True,True,scaffold_differs_from_msa_consensus,0.16715551078480043,buried_core,False,False,False,False,9.908809948915726,True,True,unassigned_manual_review,,not_annotated_no_domain_boundaries,,True,False
6IV9,A,VI-D,binary,142,143,P,94.0,P,143.0,,PRO,True,535.0,536.0,four_layer_exact,high,0.445054945054945,0.115138592750533,2.66069748312687,0.554945054945055,R,A;D;E;I;K;N;P;Q;R;S;T;V,differs_from_consensus,False,True,scaffold_differs_from_msa_consensus,0.10633204417961527,buried_core,False,True,False,False,7.797934588072746,True,True,unassigned_manual_review,,not_annotated_no_domain_boundaries,,False,False
6IV9,A,VI-D,binary,143,144,V,95.0,V,144.0,,VAL,True,536.0,537.0,four_layer_exact,high,0.8901098901098901,0.2759538598047914,2.354539732809702,0.1098901098901099,V,A;I;L;P;S;T;V,matches_consensus,True,False,,0.030789052415595417,buried_core,False,True,False,False,6.144939224988108,True,True,unassigned_manual_review,,not_annotated_no_domain_boundaries,,True,False
6IV9,A,VI-D,binary,144,145,R,96.0,R,145.0,,ARG,True,537.0,538.0,four_layer_exact,high,0.8791208791208791,0.6017206063088898,1.5229936692232289,0.1208791208791209,G,G;N;P;R,differs_from_consensus,True,True,scaffold_differs_from_msa_consensus,0.04556799884365663,buried_core,True,False,True,False,2.887977312428661,True,True,unassigned_manual_review,,not_annotated_no_domain_boundaries,,True,False
6IV9,A,VI-D,binary,145,146,G,97.0,G,146.0,,GLY,True,538.0,539.0,four_layer_exact,high,0.8846153846153846,0.1482806275912527,2.433867761775832,0.1153846153846154,Q,A;D;E;K;M;Q;R;S;T,differs_from_consensus,True,True,scaffold_differs_from_msa_consensus,0.02322361953922916,buried_core,True,False,True,False,3.985007447098829,True,True,unassigned_manual_review,,not_annotated_no_domain_boundaries,,True,False
6IV9,A,VI-D,binary,146,147,D,98.0,D,147.0,,ASP,True,554.0,555.0,four_layer_exact,high,0.9725274725274724,0.9028691190286912,0.4903819545334799,0.0274725274725274,D,D,matches_consensus,True,False,,0.0,buried_core,True,False,True,False,3.395719442970933,True,True,unassigned_manual_review,,not_annotated_no_domain_boundaries,,True,False
6IV9,A,VI-D,binary,147,148,M,99.0,M,148.0,,MET,True,555.0,556.0,four_layer_exact,high,0.9725274725274724,0.2636409626364095,2.1080298549867944,0.0274725274725274,Y,I;K;L;M;Q;Y,differs_from_consensus,True,True,scaffold_differs_from_msa_consensus,0.0,buried_core,True,False,True,False,2.9297557220067607,True,True,unassigned_manual_review,,not_annotated_no_domain_boundaries,,True,False
6IV9,A,VI-D,binary,148,149,L,100.0,L,149.0,,LEU,True,556.0,557.0,four_layer_exact,high,0.9725274725274724,0.5247524752475247,1.1047228506401456,0.0274725274725274,L,I;L,matches_consensus,True,False,,0.0060081005773130166,buried_core,True,False,True,False,4.6388404522526185,True,True,unassigned_manual_review,,not_annotated_no_domain_boundaries,,True,False
6IV9,A,VI-D,binary,149,150,G,101.0,G,150.0,,GLY,True,557.0,558.0,four_layer_exact,high,0.9725274725274724,0.4833417648334176,1.8605782609423995,0.0274725274725274,G,C;G;H;K;R,matches_consensus,True,False,,0.030907471847963087,buried_core,False,True,False,False,6.607592651807041,True,True,unassigned_manual_review,,not_annotated_no_domain_boundaries,,True,False
6IV9,A,VI-D,binary,150,151,L,102.0,L,151.0,,LEU,True,558.0,559.0,four_layer_exact,high,0.9725274725274724,0.3790561537905615,1.857486521669793,0.0274725274725274,L,A;C;I;L;R,matches_consensus,True,False,,0.012016201154626033,buried_core,False,True,False,False,7.843565973405983,True,True,unassigned_manual_review,,not_annotated_no_domain_boundaries,,True,False
6IV9,A,VI-D,binary,151,152,K,103.0,K,152.0,,LYS,True,559.0,560.0,four_layer_exact,high,0.9725274725274724,0.8161451181614511,0.5991945906047905,0.0274725274725274,K,K;R,matches_consensus,True,False,,0.0,buried_core,False,True,False,False,5.223137157223058,True,True,unassigned_manual_review,,not_annotated_no_domain_boundaries,,True,False
6IV9,A,VI-D,binary,152,153,S,104.0,S,153.0,,SER,True,560.0,561.0,four_layer_exact,high,0.978021978021978,0.2618244455608985,2.1311095792334758,0.021978021978022,D,A;D;E;G;N;P;S,differs_from_consensus,True,True,scaffold_differs_from_msa_consensus,0.14088831004636124,buried_core,False,False,False,False,8.82043379756506,True,True,unassigned_manual_review,,not_annotated_no_domain_boundaries,,True,False
6IV9,A,VI-D,binary,153,154,E,105.0,E,154.0,,GLU,True,561.0,562.0,four_layer_exact,high,0.978021978021978,0.2204837436302303,2.3047630718212755,0.021978021978022,K,A;E;K;T;V,differs_from_consensus,True,True,scaffold_differs_from_msa_consensus,0.11050922669705186,buried_core,False,False,False,False,11.154887582948774,True,True,unassigned_manual_review,,not_annotated_no_domain_boundaries,,True,False
6IV9,A,VI-D,binary,154,155,L,106.0,L,155.0,,LEU,True,562.0,563.0,four_layer_exact,high,0.978021978021978,0.7864063733582143,0.847668083666137,0.021978021978022,L,I;L,matches_consensus,True,False,,0.0060081005773130166,buried_core,False,False,False,False,8.078794397359786,True,True,unassigned_manual_review,,not_annotated_no_domain_boundaries,,True,False
6IV9,A,VI-D,binary,155,156,E,107.0,E,156.0,,GLU,True,563.0,564.0,four_layer_exact,high,0.978021978021978,0.9379889471039976,0.3591659995215883,0.021978021978022,E,E,matches_consensus,True,False,,0.0,buried_core,False,False,False,False,8.020339337444204,True,True,unassigned_manual_review,,not_annotated_no_domain_boundaries,,True,False
6IV9,A,VI-D,binary,156,157,K,108.0,K,157.0,,LYS,True,564.0,565.0,four_layer_exact,high,0.978021978021978,0.3764444125457546,1.8978953842065425,0.021978021978022,K,E;K;N;Q;R,matches_consensus,True,False,,0.38108264350707755,surface,False,False,False,False,12.975711212070525,True,False,unassigned_manual_review,,not_annotated_no_domain_boundaries,,True,False
6IV9,A,VI-D,binary,157,158,R,109.0,R,158.0,,ARG,True,565.0,566.0,four_layer_exact,high,0.9725274725274724,0.2960179229601792,2.2327720619293143,0.0274725274725274,R,E;K;L;Q;R,matches_consensus,True,False,,0.19917472696693558,buried_core,False,False,False,False,13.528186441292334,True,True,unassigned_manual_review,,not_annotated_no_domain_boundaries,,True,False
6IV9,A,VI-D,binary,158,159,F,110.0,F,159.0,,PHE,True,566.0,567.0,four_layer_exact,high,0.9725274725274724,0.3964009539640095,1.3154595161030895,0.0274725274725274,F,F;I;V;Y,matches_consensus,True,False,,0.0,buried_core,False,False,False,False,12.170448061643679,True,True,unassigned_manual_review,,not_annotated_no_domain_boundaries,,True,False
6IV9,A,VI-D,binary,159,160,F,111.0,F,160.0,,PHE,True,567.0,568.0,four_layer_exact,high,0.9725274725274724,0.9028691190286912,0.3824482483275325,0.0274725274725274,F,F;Y,matches_consensus,True,False,,0.026786475601568008,buried_core,False,False,False,False,11.638810685927602,True,True,unassigned_manual_review,,not_annotated_no_domain_boundaries,,True,False
6IV9,A,VI-D,binary,160,161,G,112.0,G,161.0,,GLY,True,572.0,573.0,four_layer_exact,high,0.967032967032967,0.8509569900298377,0.6669910387731421,0.0329670329670329,G,D;G,matches_consensus,True,False,,0.4909357173325835,surface,False,False,False,False,16.516073298305805,True,False,unassigned_manual_review,,not_annotated_no_domain_boundaries,,True,False
6IV9,A,VI-D,binary,161,162,K,113.0,K,162.0,,LYS,True,577.0,578.0,four_layer_exact,high,0.956043956043956,0.4437965901542549,1.8169639891654,0.0439560439560439,K,E;K;Q;R,matches_consensus,True,False,,0.31501521623874984,surface,False,False,False,False,13.725127517529907,True,False,unassigned_manual_review,,not_annotated_no_domain_boundaries,,True,False
6IV9,A,VI-D,binary,162,163,T,114.0,T,163.0,,THR,True,578.0,579.0,four_layer_exact,high,0.956043956043956,0.4310281201564691,1.8581568467619405,0.0439560439560439,T,E;K;N;S;T,matches_consensus,True,False,,0.24384282350103567,surface,False,False,False,False,12.968340007897266,True,False,unassigned_manual_review,,not_annotated_no_domain_boundaries,,True,False
6IV9,A,VI-D,binary,163,164,F,115.0,F,164.0,,PHE,True,579.0,580.0,four_layer_exact,high,0.956043956043956,0.7874381873200974,0.7486458359144552,0.0439560439560439,F,F;Y,matches_consensus,True,False,,0.045286058101496864,buried_core,False,False,False,False,10.18229585397442,True,True,unassigned_manual_review,,not_annotated_no_domain_boundaries,,True,False
6IV9,A,VI-D,binary,164,165,D,116.0,D,165.0,,ASP,True,589.0,590.0,four_layer_exact,high,0.9505494505494504,0.2982234445848509,1.8617780241960429,0.0494505494505495,D,D;E;K;N;Q;S,matches_consensus,True,False,,0.3436615875821517,surface,False,False,False,False,9.869999722517363,True,False,unassigned_manual_review,,not_annotated_no_domain_boundaries,,True,False
6IV9,A,VI-D,binary,165,166,D,117.0,D,166.0,,ASP,True,592.0,593.0,four_layer_exact,high,0.9725274725274724,0.9028691190286912,0.4422919571830753,0.0274725274725274,D,D,matches_consensus,True,False,,0.0,buried_core,False,True,False,False,6.731636277905426,True,True,unassigned_manual_review,,not_annotated_no_domain_boundaries,,True,False
6IV9,A,VI-D,binary,166,167,N,118.0,N,167.0,,ASN,True,593.0,594.0,four_layer_exact,high,0.9725274725274724,0.8818385488183854,0.4780332910855459,0.0274725274725274,N,N;S,matches_consensus,True,False,,0.0,buried_core,True,False,True,False,3.190725381201541,True,True,unassigned_manual_review,,not_annotated_no_domain_boundaries,,True,False
6IV9,A,VI-D,binary,167,168,I,119.0,I,168.0,,ILE,True,594.0,595.0,four_layer_exact,high,0.9725274725274724,0.6461660764616607,1.0064735926327066,0.0274725274725274,I,I;L;V,matches_consensus,True,False,,0.006130092467207697,buried_core,False,True,False,False,6.283218237995961,True,True,unassigned_manual_review,,not_annotated_no_domain_boundaries,,True,False
6IV9,A,VI-D,binary,168,169,H,120.0,H,169.0,,HIS,True,595.0,596.0,four_layer_exact,high,0.9725274725274724,0.7641107176411072,0.7909641595037971,0.0274725274725274,H,H;R,matches_consensus,True,False,,0.0,buried_core,False,True,False,False,7.273783673939854,True,True,unassigned_manual_review,,not_annotated_no_domain_boundaries,,True,False
6IV9,A,VI-D,binary,169,170,I,121.0,I,170.0,,ILE,True,596.0,597.0,four_layer_exact,high,0.9725274725274724,0.7294211172942111,0.7432855236723085,0.0274725274725274,I,I;V,matches_consensus,True,False,,0.0,buried_core,True,False,True,False,3.7817829064413298,True,True,unassigned_manual_review,,not_annotated_no_domain_boundaries,,True,False
6IV9,A,VI-D,binary,170,171,Q,122.0,Q,171.0,,GLN,True,597.0,598.0,four_layer_exact,high,0.9725274725274724,0.9791862397918624,0.1011894487526793,0.0274725274725274,Q,Q,matches_consensus,True,False,,0.0,buried_core,True,False,True,False,2.6845987960162554,True,True,unassigned_manual_review,,not_annotated_no_domain_boundaries,,True,False
6IV9,A,VI-D,binary,171,172,L,123.0,L,172.0,,LEU,True,598.0,599.0,four_layer_exact,high,0.9725274725274724,0.5064681650646816,1.0732635696041648,0.0274725274725274,I,I;L,differs_from_consensus,True,True,scaffold_differs_from_msa_consensus,0.0,buried_core,False,True,False,False,5.8792728349500445,True,True,unassigned_manual_review,,not_annotated_no_domain_boundaries,,True,False
6IV9,A,VI-D,binary,172,173,I,124.0,I,173.0,,ILE,True,599.0,600.0,four_layer_exact,high,0.9725274725274724,0.549035195490352,0.9937481707190128,0.0274725274725274,I,A;I,matches_consensus,True,False,,0.0,buried_core,False,True,False,False,7.346670091600505,True,True,unassigned_manual_review,,not_annotated_no_domain_boundaries,,True,False
6IV9,A,VI-D,binary,173,174,Y,125.0,Y,174.0,,TYR,True,600.0,601.0,four_layer_exact,high,0.9725274725274724,0.7918623979186239,0.7195081984231031,0.0274725274725274,Y,H;Y,matches_consensus,True,False,,0.02599719285288179,buried_core,True,False,True,False,3.8001150339609215,True,True,unassigned_manual_review,,not_annotated_no_domain_boundaries,,True,False
6IV9,A,VI-D,binary,174,175,N,126.0,N,175.0,,ASN,True,601.0,602.0,four_layer_exact,high,0.9725274725274724,0.7710486377104863,0.9327503258970568,0.0274725274725274,N,N;Q,matches_consensus,True,False,,0.016597468978666916,buried_core,True,False,True,False,3.6940225622611926,True,True,unassigned_manual_review,,not_annotated_no_domain_boundaries,,True,False
6IV9,A,VI-D,binary,175,176,I,127.0,I,176.0,,ILE,True,602.0,603.0,four_layer_exact,high,0.9725274725274724,0.8473657584736575,0.5720383016931849,0.0274725274725274,I,I;V,matches_consensus,True,False,,0.0,buried_core,False,False,False,False,9.119590695711432,True,True,unassigned_manual_review,,not_annotated_no_domain_boundaries,,True,False
6IV9,A,VI-D,binary,176,177,L,128.0,L,177.0,,LEU,True,603.0,604.0,four_layer_exact,high,0.9725274725274724,0.7224831972248319,1.1142788584799177,0.0274725274725274,L,F;L;M,matches_consensus,True,False,,0.01802430173193905,buried_core,False,True,False,False,7.4781580445279365,True,True,unassigned_manual_review,,not_annotated_no_domain_boundaries,,True,False
6IV9,A,VI-D,binary,177,178,D,129.0,D,178.0,,ASP,True,604.0,605.0,four_layer_exact,high,0.9725274725274724,0.9859073498590736,0.0838238025531242,0.0274725274725274,D,D,matches_consensus,True,False,,0.0,buried_core,True,False,True,False,3.9771246050488154,True,True,unassigned_manual_review,,not_annotated_no_domain_boundaries,,True,False
6IV9,A,VI-D,binary,178,179,I,130.0,I,179.0,,ILE,True,605.0,606.0,four_layer_exact,high,0.9725274725274724,0.8612415986124159,0.59589947731441,0.0274725274725274,I,I;V,matches_consensus,True,False,,0.0,buried_core,False,False,False,False,8.143766657041091,True,True,unassigned_manual_review,,not_annotated_no_domain_boundaries,,True,False
6IV9,A,VI-D,binary,179,180,E,131.0,E,180.0,,GLU,True,606.0,607.0,four_layer_exact,high,0.9725274725274724,0.4241526342415263,1.824311774719388,0.0274725274725274,E,E;K;N;Q,matches_consensus,True,False,,0.039048616073896675,buried_core,False,False,False,False,9.937757563671902,True,True,unassigned_manual_review,,not_annotated_no_domain_boundaries,,True,False
6IV9,A,VI-D,binary,180,181,K,132.0,K,181.0,,LYS,True,607.0,608.0,four_layer_exact,high,0.9725274725274724,0.9861241598612416,0.0731345002932976,0.0274725274725274,K,K,matches_consensus,True,False,,0.0,buried_core,True,False,True,False,2.9836927450964152,True,True,unassigned_manual_review,,not_annotated_no_domain_boundaries,,True,False
6IV9,A,VI-D,binary,181,182,I,133.0,I,182.0,,ILE,True,608.0,609.0,four_layer_exact,high,0.9725274725274724,0.7710486377104863,0.9794433374117556,0.0274725274725274,I,I;V,matches_consensus,True,False,,0.0,buried_core,False,True,False,False,7.006706130061488,True,True,unassigned_manual_review,,not_annotated_no_domain_boundaries,,True,False
6IV9,A,VI-D,binary,182,183,L,134.0,L,183.0,,LEU,True,609.0,610.0,four_layer_exact,high,0.9725274725274724,0.7014526270145263,0.961400111587987,0.0274725274725274,L,F;I;L,matches_consensus,True,False,,0.024032402309252066,buried_core,False,False,False,False,10.868329893943882,True,True,unassigned_manual_review,,not_annotated_no_domain_boundaries,,True,False
6IV9,A,VI-D,binary,183,184,A,135.0,A,184.0,,ALA,True,610.0,611.0,four_layer_exact,high,0.9725274725274724,0.4276215942762159,1.6201183849636598,0.0274725274725274,A,A;G;S;T,matches_consensus,True,False,,0.0,buried_core,False,False,False,False,10.405265161168511,True,True,unassigned_manual_review,,not_annotated_no_domain_boundaries,,True,False
6IV9,A,VI-D,binary,184,185,V,136.0,V,185.0,,VAL,True,611.0,612.0,four_layer_exact,high,0.978021978021978,0.3401110390078593,2.1266266094351343,0.021978021978022,V,E;I;L;P;T;V,matches_consensus,True,False,,0.013880784092412831,buried_core,False,True,False,False,7.519980411859133,True,True,unassigned_manual_review,,not_annotated_no_domain_boundaries,,True,False
6IV9,A,VI-D,binary,185,186,Y,137.0,Y,186.0,,TYR,True,612.0,613.0,four_layer_exact,high,0.978021978021978,0.63638330088687,1.1764477779997191,0.021978021978022,Y,H;Y,matches_consensus,True,False,,0.02140545058657032,buried_core,False,True,False,False,7.417080252725403,True,True,unassigned_manual_review,,not_annotated_no_domain_boundaries,,True,False
6IV9,A,VI-D,binary,186,187,V,138.0,V,187.0,,VAL,True,613.0,614.0,four_layer_exact,high,0.978021978021978,0.4083928185161151,1.5821683639735211,0.021978021978022,I,A;I;S;V,differs_from_consensus,True,True,scaffold_differs_from_msa_consensus,0.013880784092412831,buried_core,False,False,False,False,14.406720945722954,True,True,unassigned_manual_review,,not_annotated_no_domain_boundaries,,True,False
6IV9,A,VI-D,binary,187,188,T,139.0,T,188.0,,THR,True,614.0,615.0,four_layer_exact,high,0.9725274725274724,0.6029187540840776,1.356439458939927,0.0274725274725274,N,N;T,differs_from_consensus,True,True,scaffold_differs_from_msa_consensus,0.020271601489200892,buried_core,False,False,False,False,13.208792612920874,True,True,unassigned_manual_review,,not_annotated_no_domain_boundaries,,True,False
6IV9,A,VI-D,binary,188,189,N,140.0,N,189.0,,ASN,True,615.0,616.0,four_layer_exact,high,0.978021978021978,0.6227557862859615,1.220235102878004,0.021978021978022,N,D;N,matches_consensus,True,False,,0.0,buried_core,False,False,False,False,11.146297544062817,True,True,unassigned_manual_review,,not_annotated_no_domain_boundaries,,True,False
6IV9,A,VI-D,binary,189,190,I,141.0,I,190.0,,ILE,True,616.0,617.0,four_layer_exact,high,0.978021978021978,0.6748864373783258,0.987056587698443,0.021978021978022,I,A;I;V,matches_consensus,True,False,,0.018390277401623092,buried_core,False,False,False,False,15.964073363255707,True,True,unassigned_manual_review,,not_annotated_no_domain_boundaries,,True,False
6IV9,A,VI-D,binary,190,191,V,142.0,V,191.0,,VAL,True,617.0,618.0,four_layer_exact,high,0.978021978021978,0.4605234696084793,1.4637418878752475,0.021978021978022,V,I;L;T;V,matches_consensus,True,False,,0.013880784092412831,buried_core,False,False,False,False,18.721275826235026,True,True,unassigned_manual_review,,not_annotated_no_domain_boundaries,,True,False
6IV9,A,VI-D,binary,191,192,Y,143.0,Y,192.0,,TYR,True,618.0,619.0,four_layer_exact,high,0.978021978021978,0.6400605667315596,1.2786003477419858,0.021978021978022,Y,F;Y,matches_consensus,True,False,,0.009183484532622938,buried_core,False,False,False,False,16.436962363435054,True,True,unassigned_manual_review,,not_annotated_no_domain_boundaries,,True,False
6IV9,A,VI-D,binary,192,193,A,144.0,A,193.0,,ALA,True,619.0,620.0,four_layer_exact,high,0.978021978021978,0.3874107722258273,1.8668297053550893,0.021978021978022,A,A;I;M;S;T,matches_consensus,True,False,,0.018722918078138237,buried_core,False,False,False,False,16.67459294252912,True,True,unassigned_manual_review,,not_annotated_no_domain_boundaries,,True,False
6IV9,A,VI-D,binary,193,194,L,145.0,L,194.0,,LEU,True,626.0,627.0,four_layer_exact,high,0.978021978021978,0.4150984209387843,1.4610470414168355,0.021978021978022,L,F;I;L;V,matches_consensus,True,False,,0.0,buried_core,False,False,False,False,19.75393172013953,True,True,unassigned_manual_review,,not_annotated_no_domain_boundaries,,True,False
6IV9,A,VI-D,binary,194,195,N,146.0,N,195.0,,ASN,True,627.0,628.0,four_layer_exact,high,0.978021978021978,0.5293099718797317,1.5383120879550498,0.021978021978022,N,D;N;Y,matches_consensus,True,False,,0.041255845827424746,buried_core,False,False,False,False,22.073844247867502,True,True,unassigned_manual_review,,not_annotated_no_domain_boundaries,,True,False
6IV9,A,VI-D,binary,195,196,N,147.0,N,196.0,,ASN,True,628.0,629.0,four_layer_exact,high,0.978021978021978,0.8061864590093013,0.8667451873659544,0.021978021978022,N,H;N,matches_consensus,True,False,,0.0054946616618601046,buried_core,False,False,False,False,18.584295094742377,True,True,unassigned_manual_review,,not_annotated_no_domain_boundaries,,True,False
6IV9,A,VI-D,binary,196,197,M,148.0,M,197.0,,MET,True,629.0,630.0,four_layer_exact,high,0.9835164835164836,0.6228373702422145,1.1990834743759282,0.0164835164835165,L,I;L;M;V,differs_from_consensus,True,True,scaffold_differs_from_msa_consensus,0.005391197393035341,buried_core,False,False,False,False,16.92748742155626,True,True,unassigned_manual_review,,not_annotated_no_domain_boundaries,,True,False
6IV9,A,VI-D,binary,197,198,L,149.0,L,198.0,,LEU,True,630.0,631.0,four_layer_exact,high,0.9835164835164836,0.1695501730103806,2.6246834244920807,0.0164835164835165,L,A;D;F;L;N;Q;R;S,matches_consensus,True,False,,0.10932267288140891,buried_core,False,False,False,False,22.79082449316718,True,True,unassigned_manual_review,,not_annotated_no_domain_boundaries,,True,False
6IV9,A,VI-D,binary,198,199,G,150.0,G,199.0,,GLY,True,631.0,632.0,four_layer_exact,high,0.9615384615384616,0.5195729537366548,1.7704840240886426,0.0384615384615384,R,D;G;N;R,differs_from_consensus,True,True,scaffold_differs_from_msa_consensus,0.3942853443278136,surface,False,False,False,False,23.775339674470292,True,False,unassigned_manual_review,,not_annotated_no_domain_boundaries,,True,False
6IV9,A,VI-D,binary,199,200,I,151.0,I,200.0,,ILE,True,633.0,634.0,four_layer_exact,high,0.8956043956043956,0.1625806451612903,2.560474128027858,0.1043956043956043,D,A;D;E;G;K;N;R;S;T,differs_from_consensus,True,True,scaffold_differs_from_msa_consensus,0.343285178163631,surface,False,False,False,False,26.083087467480823,True,False,unassigned_manual_review,,not_annotated_no_domain_boundaries,,True,False
6IV9,A,VI-D,binary,200,201,K,152.0,K,201.0,,LYS,True,634.0,635.0,four_layer_exact,high,0.8956043956043956,0.2474870298313878,2.3402382182330475,0.1043956043956043,E,D;E;G;K;N;S,differs_from_consensus,True,True,scaffold_differs_from_msa_consensus,0.1890717486069892,buried_core,False,False,False,False,22.638688236259128,True,True,unassigned_manual_review,,not_annotated_no_domain_boundaries,,True,False
6IV9,A,VI-D,binary,201,202,D,153.0,D,202.0,,ASP,True,635.0,636.0,four_layer_exact,high,0.6703296703296703,0.1506591337099811,2.524932108101712,0.3296703296703297,D,A;D;E;G;I;N;R;S;T,matches_consensus,False,False,,0.7668358108996398,surface,False,False,False,False,28.848705278675045,True,False,unassigned_manual_review,,not_annotated_no_domain_boundaries,,False,False
6IV9,A,VI-D,binary,202,203,S,154.0,S,203.0,,SER,True,636.0,637.0,four_layer_exact,high,0.6538461538461539,0.2962962962962963,2.4002029059513537,0.3461538461538461,D,D;E;K;N;S,differs_from_consensus,False,True,scaffold_differs_from_msa_consensus,0.347597972196995,surface,False,False,False,False,27.406307664939913,True,False,unassigned_manual_review,,not_annotated_no_domain_boundaries,,False,False
6IV9,A,VI-D,binary,203,204,E,155.0,E,204.0,,GLU,True,637.0,638.0,four_layer_exact,high,0.6208791208791209,0.4591194968553459,1.914095276075878,0.3791208791208791,E,D;E;I;K;T;V,matches_consensus,False,False,,0.8483308855427855,surface,False,False,False,False,26.115815170771217,True,False,unassigned_manual_review,,not_annotated_no_domain_boundaries,,False,False
6IV9,A,VI-D,binary,204,205,S,156.0,S,205.0,,SER,True,638.0,639.0,four_layer_exact,high,0.1703296703296703,0.2413793103448276,2.222021962081666,0.8296703296703296,E,D;E;I;K;L;N;Q;S,differs_from_consensus,False,True,scaffold_differs_from_msa_consensus,0.3903259834132215,surface,False,False,False,False,26.430170292811365,True,False,unassigned_manual_review,,not_annotated_no_domain_boundaries,,False,False
6IV9,A,VI-D,binary,205,206,Y,157.0,Y,206.0,,TYR,True,639.0,640.0,four_layer_exact,high,0.1538461538461538,0.1153846153846153,2.490270497840358,0.8461538461538461,A,A;E;H;K;L;N;Q;R;T;Y,differs_from_consensus,False,True,scaffold_differs_from_msa_consensus,0.13550006857763902,buried_core,False,False,False,False,19.775250743937185,True,True,unassigned_manual_review,,not_annotated_no_domain_boundaries,,False,False
6IV9,A,VI-D,binary,206,207,D,158.0,D,207.0,,ASP,True,667.0,668.0,four_layer_exact,high,0.9615384615384616,0.192170818505338,2.5580005415999194,0.0384615384615384,E,D;E;G;K;N;S;T,differs_from_consensus,True,True,scaffold_differs_from_msa_consensus,0.23982156521980189,surface,False,False,False,False,21.45190739547666,True,False,unassigned_manual_review,,not_annotated_no_domain_boundaries,,True,False
6IV9,A,VI-D,binary,207,208,D,159.0,D,208.0,,ASP,True,668.0,669.0,four_layer_exact,high,0.9835164835164836,0.944636678200692,0.2547406375754432,0.0164835164835165,D,D,matches_consensus,True,False,,0.2576049329609773,surface,False,False,False,False,26.68643844499426,True,False,unassigned_manual_review,,not_annotated_no_domain_boundaries,,True,False
6IV9,A,VI-D,binary,208,209,F,160.0,F,209.0,,PHE,True,669.0,670.0,four_layer_exact,high,0.9835164835164836,0.3181228373702422,1.8410987589276655,0.0164835164835165,F,F;I;L;V;Y,matches_consensus,True,False,,0.0,buried_core,False,False,False,False,25.940373933813333,True,True,unassigned_manual_review,,not_annotated_no_domain_boundaries,,True,False
6IV9,A,VI-D,binary,209,210,M,161.0,M,210.0,,MET,True,670.0,671.0,four_layer_exact,high,0.9835164835164836,0.5247981545559401,1.3844867958828906,0.0164835164835165,I,F;I;L;V,differs_from_consensus,True,True,scaffold_differs_from_msa_consensus,0.0,buried_core,False,False,False,False,23.472460183833842,True,True,unassigned_manual_review,,not_annotated_no_domain_boundaries,,True,False
6IV9,A,VI-D,binary,210,211,G,162.0,G,211.0,,GLY,True,675.0,676.0,four_layer_exact,high,0.956043956043956,0.8924731182795699,0.5329649423499991,0.0439560439560439,G,G,matches_consensus,True,False,,0.28733248070705597,surface,False,False,False,False,24.602860076014743,True,False,unassigned_manual_review,,not_annotated_no_domain_boundaries,,True,False
6IV9,A,VI-D,binary,211,212,Y,163.0,Y,212.0,,TYR,True,677.0,678.0,four_layer_exact,high,0.945054945054945,0.2382671480144404,2.31862657470561,0.0549450549450549,Y,G;M;N;S;T;Y,matches_consensus,True,False,,0.2456789481482211,surface,False,False,False,False,27.00006560110339,True,False,unassigned_manual_review,,not_annotated_no_domain_boundaries,,True,False
6IV9,A,VI-D,binary,212,213,L,164.0,L,213.0,,LEU,True,678.0,679.0,four_layer_exact,high,0.9505494505494504,0.4838709677419355,1.5113316420864789,0.0494505494505495,L,F;I;L;M,matches_consensus,True,False,,0.02733066822035223,buried_core,False,False,False,False,26.994287540021745,True,True,unassigned_manual_review,,not_annotated_no_domain_boundaries,,True,False
6IV9,A,VI-D,binary,213,214,S,165.0,S,214.0,,SER,True,679.0,680.0,four_layer_exact,high,0.8406593406593407,0.3015167364016736,2.168871405821139,0.1593406593406593,S,G;K;N;P;R;S;T;Y,matches_consensus,True,False,,0.12026584191453343,buried_core,False,False,False,False,28.440584531619578,True,True,unassigned_manual_review,,not_annotated_no_domain_boundaries,,True,False
6IV9,A,VI-D,binary,214,215,A,166.0,A,215.0,,ALA,True,680.0,681.0,four_layer_exact,high,0.7802197802197802,0.3745199692780338,2.120855394358002,0.2197802197802197,T,A;F;L;S;T;V;Y,differs_from_consensus,False,True,scaffold_differs_from_msa_consensus,0.0,buried_core,False,False,False,False,27.6684963221292,True,True,unassigned_manual_review,,not_annotated_no_domain_boundaries,,False,False
6IV9,A,VI-D,binary,215,216,R,167.0,R,216.0,,ARG,True,688.0,689.0,four_layer_exact,high,0.7252747252747253,0.123076923076923,2.685364474835372,0.2747252747252747,D,D;G;K;L;N;Q;R;S;T,differs_from_consensus,False,True,scaffold_differs_from_msa_consensus,0.2765200960209856,surface,False,False,False,False,27.101849176963324,True,False,unassigned_manual_review,,not_annotated_no_domain_boundaries,,False,False
6IV9,A,VI-D,binary,216,217,N,168.0,N,217.0,,ASN,True,689.0,690.0,four_layer_exact,high,0.7362637362637363,0.3922738693467337,2.1847113390248687,0.2637362637362637,N,D;I;K;N;V;Y,matches_consensus,False,False,,0.11080110518189488,buried_core,False,False,False,False,30.872290853467486,True,True,unassigned_manual_review,,not_annotated_no_domain_boundaries,,False,False
6IV9,A,VI-D,binary,217,218,T,169.0,T,218.0,,THR,True,690.0,691.0,four_layer_exact,high,0.7692307692307693,0.3679245283018867,1.9994576928039347,0.2307692307692307,T,D;K;P;S;T,matches_consensus,False,False,,0.007021094279301839,buried_core,False,False,False,False,30.93050393178957,True,True,unassigned_manual_review,,not_annotated_no_domain_boundaries,,False,False
6IV9,A,VI-D,binary,218,219,Y,170.0,Y,219.0,,TYR,True,692.0,693.0,four_layer_exact,high,0.8516483516483516,0.8068415637860082,0.6570525118176964,0.1483516483516483,Y,F;Y,matches_consensus,True,False,,0.067322873249685,buried_core,False,False,False,False,27.54111434810521,True,True,unassigned_manual_review,,not_annotated_no_domain_boundaries,,True,False
6IV9,A,VI-D,binary,219,220,E,171.0,E,220.0,,GLU,True,705.0,706.0,four_layer_exact,high,0.9175824175824177,0.2679245283018868,2.1500797832958343,0.0824175824175824,E,A;D;E;K;Q;S,matches_consensus,True,False,,0.316052673666793,surface,False,False,False,False,31.632966916986994,True,False,unassigned_manual_review,,not_annotated_no_domain_boundaries,,True,False
6IV9,A,VI-D,binary,220,221,V,172.0,V,221.0,,VAL,True,706.0,707.0,four_layer_exact,high,0.9230769230769232,0.1423220973782771,2.474100316647014,0.0769230769230768,K,A;D;E;K;N;Q;S;T;V,differs_from_consensus,True,True,scaffold_differs_from_msa_consensus,0.09022509660068341,buried_core,False,False,False,False,34.11199549708263,True,True,unassigned_manual_review,,not_annotated_no_domain_boundaries,,True,False
6IV9,A,VI-D,binary,221,222,F,173.0,F,222.0,,PHE,True,707.0,708.0,four_layer_exact,high,0.9230769230769232,0.4342228464419476,1.7561895836793948,0.0769230769230768,F,F;I;L;V;Y,matches_consensus,True,False,,0.0,buried_core,False,False,False,False,29.615026009660316,True,True,unassigned_manual_review,,not_annotated_no_domain_boundaries,,True,False
6IV9,A,VI-D,binary,222,223,T,174.0,T,223.0,,THR,True,726.0,727.0,four_layer_exact,high,0.3461538461538461,0.1499219156689224,2.4575951719379603,0.6538461538461539,L,A;C;K;L;M;R;S;T,differs_from_consensus,False,True,scaffold_differs_from_msa_consensus,0.22367525987087458,surface,False,False,False,False,30.97592296424168,True,False,unassigned_manual_review,,not_annotated_no_domain_boundaries,,False,False
6IV9,A,VI-D,binary,223,224,H,175.0,H,224.0,,HIS,True,727.0,728.0,four_layer_exact,high,0.3571428571428571,0.3712846347607053,1.7196090522880478,0.6428571428571428,D,D;E;N;S,differs_from_consensus,False,True,scaffold_differs_from_msa_consensus,0.29284569099938756,surface,False,False,False,False,35.0016277736405,True,False,unassigned_manual_review,,not_annotated_no_domain_boundaries,,False,False
6IV9,A,VI-D,binary,224,225,P,176.0,P,225.0,,PRO,True,729.0,730.0,four_layer_exact,high,0.2857142857142857,0.6730401529636711,1.308589648316443,0.7142857142857143,P,A;K;P;S,matches_consensus,False,False,,0.03797573006414831,buried_core,False,False,False,False,37.40905745829009,True,True,unassigned_manual_review,,not_annotated_no_domain_boundaries,,False,False
6IV9,A,VI-D,binary,225,226,D,177.0,D,226.0,,ASP,True,730.0,731.0,four_layer_exact,high,0.2857142857142857,0.2045889101338432,2.313767979451839,0.7142857142857143,E,D;E;K;N;S;T,differs_from_consensus,False,True,scaffold_differs_from_msa_consensus,0.4617665892458422,surface,False,False,False,False,40.738566351096395,True,False,unassigned_manual_review,,not_annotated_no_domain_boundaries,,False,False
6IV9,A,VI-D,binary,226,227,K,178.0,K,227.0,,LYS,True,739.0,740.0,four_layer_exact,high,0.4395604395604395,0.2482645977950184,2.15549340062005,0.5604395604395604,D,D;E;G;K;N;S,differs_from_consensus,False,True,scaffold_differs_from_msa_consensus,0.6853658597571658,surface,False,False,False,False,38.73531838880335,True,False,unassigned_manual_review,,not_annotated_no_domain_boundaries,,False,False
6IV9,A,VI-D,binary,227,228,S,179.0,S,228.0,,SER,True,740.0,741.0,four_layer_exact,high,0.456043956043956,0.2640471512770137,2.2528176763586125,0.543956043956044,P,A;E;G;K;N;P;S;T,differs_from_consensus,False,True,scaffold_differs_from_msa_consensus,0.1444023537102889,buried_core,False,False,False,False,39.99708343532417,True,True,unassigned_manual_review,,not_annotated_no_domain_boundaries,,False,False
6IV9,A,VI-D,binary,228,229,N,180.0,N,229.0,,ASN,True,741.0,742.0,four_layer_exact,high,0.456043956043956,0.1886051080550098,2.4165316593704933,0.543956043956044,K,D;E;K;N;Q;R;S,differs_from_consensus,False,True,scaffold_differs_from_msa_consensus,0.7159087760600175,surface,False,False,False,False,41.205267283730024,True,False,unassigned_manual_review,,not_annotated_no_domain_boundaries,,False,False
6IV9,A,VI-D,binary,229,230,L,181.0,L,230.0,,LEU,True,742.0,743.0,four_layer_exact,high,0.4230769230769231,0.190395240118997,2.423465993606993,0.5769230769230769,K,A;D;F;K;L;N;T;V;Y,differs_from_consensus,False,True,scaffold_differs_from_msa_consensus,0.3223160277535773,surface,False,False,False,False,36.8741088651092,True,False,unassigned_manual_review,,not_annotated_no_domain_boundaries,,False,False
6IV9,A,VI-D,binary,230,231,S,182.0,S,231.0,,SER,True,743.0,744.0,four_layer_exact,high,0.5604395604395604,0.2530413625304136,2.231738306569456,0.4395604395604395,E,D;E;K;N;Q;S;T,differs_from_consensus,False,True,scaffold_differs_from_msa_consensus,0.38429185546428263,surface,False,False,False,False,37.12773810975305,True,False,unassigned_manual_review,,not_annotated_no_domain_boundaries,,False,False
6IV9,A,VI-D,binary,231,232,D,183.0,D,232.0,,ASP,True,744.0,745.0,four_layer_exact,high,0.3791208791208791,0.2129629629629629,2.343535210906453,0.6208791208791209,D,A;D;E;K;N;P;R;S;V,matches_consensus,False,False,,0.6618535510259546,surface,False,False,False,False,38.88221549123688,True,False,unassigned_manual_review,,not_annotated_no_domain_boundaries,,False,False
6IV9,A,VI-D,binary,232,233,K,184.0,K,233.0,,LYS,True,745.0,746.0,four_layer_exact,high,0.3901098901098901,0.175438596491228,2.3080875510354337,0.6098901098901099,D,D;G;I;K;L;N;R,differs_from_consensus,False,True,scaffold_differs_from_msa_consensus,0.5662456118850037,surface,False,False,False,False,32.92910963910537,True,False,unassigned_manual_review,,not_annotated_no_domain_boundaries,,False,False
6IV9,A,VI-D,binary,233,234,V,185.0,V,234.0,,VAL,True,748.0,749.0,four_layer_exact,high,0.1153846153846153,0.2105263157894736,2.114308130951528,0.8846153846153846,N,A;D;F;H;I;K;L;N;S,differs_from_consensus,False,True,scaffold_differs_from_msa_consensus,0.3184754525624078,surface,False,False,False,False,34.44182306722283,True,False,unassigned_manual_review,,not_annotated_no_domain_boundaries,,False,False
6IV9,A,VI-D,binary,234,235,K,186.0,K,235.0,,LYS,True,749.0,750.0,four_layer_exact,high,0.1098901098901098,0.2222222222222222,2.099546784004169,0.8901098901098901,D,A;D;E;F;I;K;N;Q;V,differs_from_consensus,False,True,scaffold_differs_from_msa_consensus,0.13264709388119006,buried_core,False,False,False,False,37.25455381270742,True,True,unassigned_manual_review,,not_annotated_no_domain_boundaries,,False,False
6IV9,A,VI-D,binary,235,236,G,187.0,G,236.0,,GLY,True,757.0,758.0,four_layer_exact,high,0.6483516483516484,0.2745098039215686,2.2140650838006617,0.3516483516483516,K,A;D;K;N;R;S,differs_from_consensus,False,True,scaffold_differs_from_msa_consensus,0.29688255988250895,surface,False,False,False,False,35.932727434053426,True,False,unassigned_manual_review,,not_annotated_no_domain_boundaries,,False,False
6IV9,A,VI-D,binary,236,237,N,188.0,N,237.0,,ASN,True,758.0,759.0,four_layer_exact,high,0.7032967032967034,0.3263157894736842,2.0183308491572056,0.2967032967032966,N,A;D;K;N;R;S;T,matches_consensus,False,False,,0.13670780595460533,buried_core,False,False,False,False,31.94238889946206,True,True,unassigned_manual_review,,not_annotated_no_domain_boundaries,,False,False
6IV9,A,VI-D,binary,237,238,I,189.0,I,238.0,,ILE,True,759.0,760.0,four_layer_exact,high,0.7142857142857143,0.2268041237113402,2.4667628755816917,0.2857142857142857,I,A;F;I;L;N;R;V,matches_consensus,False,False,,0.012260184934415394,buried_core,False,False,False,False,34.2755065053138,True,True,unassigned_manual_review,,not_annotated_no_domain_boundaries,,False,False
6IV9,A,VI-D,binary,238,239,K,190.0,K,239.0,,LYS,True,760.0,761.0,four_layer_exact,high,0.7252747252747253,0.1616161616161616,2.4705730625141404,0.2747252747252747,N,A;D;E;G;K;N;R;S;T,differs_from_consensus,False,True,scaffold_differs_from_msa_consensus,0.33291228386558647,surface,False,False,False,False,36.053331747879525,True,False,unassigned_manual_review,,not_annotated_no_domain_boundaries,,False,False
6IV9,A,VI-D,binary,239,240,K,191.0,K,240.0,,LYS,True,761.0,762.0,four_layer_exact,high,0.7252747252747253,0.3163265306122449,2.216312346365829,0.2747252747252747,K,D;E;K;N;R;S,matches_consensus,False,False,,0.4474963914299638,surface,False,False,False,False,33.455100574929695,True,False,unassigned_manual_review,,not_annotated_no_domain_boundaries,,False,False
6IV9,A,VI-D,binary,240,241,S,192.0,S,241.0,,SER,True,762.0,763.0,four_layer_exact,high,0.7802197802197802,0.213953488372093,2.484878606258631,0.2197802197802197,S,A;I;K;L;N;Q;S;V,matches_consensus,False,False,,0.0,buried_core,False,False,False,False,31.1822751900511,True,True,unassigned_manual_review,,not_annotated_no_domain_boundaries,,False,False
6IV9,A,VI-D,binary,241,242,L,193.0,L,242.0,,LEU,True,763.0,764.0,four_layer_exact,high,0.7857142857142857,0.4128440366972477,1.8907203716128045,0.2142857142857143,K,K;R;Y,differs_from_consensus,False,True,scaffold_differs_from_msa_consensus,0.17423491674207747,buried_core,False,False,False,False,31.763627051870973,True,True,unassigned_manual_review,,not_annotated_no_domain_boundaries,,False,False
6IV9,A,VI-D,binary,242,243,S,194.0,S,243.0,,SER,True,764.0,765.0,four_layer_exact,high,0.8131868131868132,0.1938325991189427,2.164355216127221,0.1868131868131868,E,A;D;E;K;N;R;S,differs_from_consensus,True,True,scaffold_differs_from_msa_consensus,0.33379458427403014,surface,False,False,False,False,31.196983052661665,True,False,unassigned_manual_review,,not_annotated_no_domain_boundaries,,True,False
6IV9,A,VI-D,binary,243,244,K,195.0,K,244.0,,LYS,True,765.0,766.0,four_layer_exact,high,0.7307692307692307,0.2081218274111675,2.5933707260581027,0.2692307692307693,K,A;D;E;F;K;L;N;S;T,matches_consensus,False,False,,0.20400118261751213,surface,False,False,False,False,28.541699156659682,True,False,unassigned_manual_review,,not_annotated_no_domain_boundaries,,False,False
6IV9,A,VI-D,binary,244,245,F,196.0,F,245.0,,PHE,True,808.0,809.0,four_layer_exact,high,0.7967032967032966,0.6947869955156951,1.085834884972082,0.2032967032967033,F,F;L;Y,matches_consensus,False,False,,0.025158921167498256,buried_core,False,False,False,False,25.662468847429995,True,True,unassigned_manual_review,,not_annotated_no_domain_boundaries,,False,False
6IV9,A,VI-D,binary,245,246,N,197.0,N,246.0,,ASN,True,847.0,848.0,four_layer_exact,high,0.8791208791208791,0.272,2.3570440080535624,0.1208791208791209,E,D;E;K;L;Q,differs_from_consensus,True,True,scaffold_differs_from_msa_consensus,0.216522367818056,surface,False,False,False,False,26.19839282335644,True,False,unassigned_manual_review,,not_annotated_no_domain_boundaries,,True,False
6IV9,A,VI-D,binary,246,247,D,198.0,D,247.0,,ASP,True,848.0,849.0,four_layer_exact,high,0.8901098901098901,0.2125984251968504,2.259972308387499,0.1098901098901099,E,A;D;E;K;N;Q,differs_from_consensus,True,True,scaffold_differs_from_msa_consensus,0.22145122426055167,surface,False,False,False,False,25.78092941099385,True,False,unassigned_manual_review,,not_annotated_no_domain_boundaries,,True,False
6IV9,A,VI-D,binary,247,248,L,199.0,L,248.0,,LEU,True,853.0,854.0,four_layer_exact,high,0.989010989010989,0.3931034482758621,1.7026153784520743,0.0109890109890109,L,F;I;L;V;Y,matches_consensus,True,False,,0.012016201154626033,buried_core,False,False,False,False,22.685109288860083,True,True,unassigned_manual_review,,not_annotated_no_domain_boundaries,,True,False
6IV9,A,VI-D,binary,248,249,L,200.0,L,249.0,,LEU,True,854.0,855.0,four_layer_exact,high,0.9835164835164836,0.3819444444444444,1.902525130550066,0.0164835164835165,L,I;L;M;V;Y,matches_consensus,True,False,,0.012016201154626033,buried_core,False,False,False,False,21.436563914258482,True,True,unassigned_manual_review,,not_annotated_no_domain_boundaries,,True,False
6IV9,A,VI-D,binary,249,250,K,201.0,K,250.0,,LYS,True,855.0,856.0,four_layer_exact,high,0.9725274725274724,0.3218968531468531,2.266836153858927,0.0274725274725274,K,D;E;K;N;R;S,matches_consensus,True,False,,0.3625293024996391,surface,False,False,False,False,21.314461960841196,True,False,unassigned_manual_review,,not_annotated_no_domain_boundaries,,True,False
6IV9,A,VI-D,binary,250,251,T,202.0,T,251.0,,THR,True,859.0,860.0,four_layer_exact,high,0.9725274725274724,0.2867132867132867,2.1543887797951977,0.0274725274725274,N,A;D;K;N;R;S;T,differs_from_consensus,True,True,scaffold_differs_from_msa_consensus,0.049147659955112874,buried_core,False,False,False,False,20.093558807516914,True,True,unassigned_manual_review,,not_annotated_no_domain_boundaries,,True,False
6IV9,A,VI-D,binary,251,252,K,203.0,K,252.0,,LYS,True,866.0,867.0,four_layer_exact,high,0.956043956043956,0.1798561151079136,2.5536442431912896,0.0439560439560439,P,A;I;K;N;P;S;T,differs_from_consensus,True,True,scaffold_differs_from_msa_consensus,0.15968209608532358,buried_core,False,False,False,False,17.753726525136063,True,True,unassigned_manual_review,,not_annotated_no_domain_boundaries,,True,False
6IV9,A,VI-D,binary,252,253,R,204.0,R,253.0,,ARG,True,867.0,868.0,four_layer_exact,high,0.9615384615384616,0.4357142857142857,1.832936178223712,0.0384615384615384,R,E;K;Q;R;S,matches_consensus,True,False,,0.11657716534808112,buried_core,False,False,False,False,17.016130737277294,True,True,unassigned_manual_review,,not_annotated_no_domain_boundaries,,True,False
6IV9,A,VI-D,binary,253,254,L,205.0,L,254.0,,LEU,True,876.0,877.0,four_layer_exact,high,0.934065934065934,0.5073529411764706,1.6645494685568731,0.0659340659340659,L,F;I;L;M;Y,matches_consensus,True,False,,0.0060081005773130166,buried_core,False,False,False,False,16.721479087526617,True,True,unassigned_manual_review,,not_annotated_no_domain_boundaries,,True,False
6IV9,A,VI-D,binary,254,255,G,206.0,G,255.0,,GLY,True,877.0,878.0,four_layer_exact,high,0.934065934065934,0.3823529411764705,2.197807917413664,0.0659340659340659,G,A;G;K;R;S;V,matches_consensus,True,False,,0.010302490615987696,buried_core,False,False,False,False,13.784085756128144,True,True,unassigned_manual_review,,not_annotated_no_domain_boundaries,,True,False
6IV9,A,VI-D,binary,255,256,Y,207.0,Y,256.0,,TYR,True,883.0,884.0,four_layer_exact,high,0.989010989010989,0.8896551724137931,0.4561349249235004,0.0109890109890109,Y,F;Y,matches_consensus,True,False,,0.029553427955868575,buried_core,False,False,False,False,12.11915011146139,True,True,unassigned_manual_review,,not_annotated_no_domain_boundaries,,True,False
6IV9,A,VI-D,binary,256,257,F,208.0,F,257.0,,PHE,True,884.0,885.0,four_layer_exact,high,0.989010989010989,0.7448275862068966,0.9081011234715318,0.0109890109890109,F,F;L;Y,matches_consensus,True,False,,0.005031784233499651,buried_core,False,False,False,False,13.260127157487744,True,True,unassigned_manual_review,,not_annotated_no_domain_boundaries,,True,False
6IV9,A,VI-D,binary,257,258,G,209.0,G,258.0,,GLY,True,889.0,890.0,four_layer_exact,high,0.9725274725274724,0.676056338028169,1.231170526549714,0.0274725274725274,G,D;G;N;S,matches_consensus,True,False,,0.28471384239980224,surface,False,False,False,False,12.222395971884982,True,False,unassigned_manual_review,,not_annotated_no_domain_boundaries,,True,False
6IV9,A,VI-D,binary,258,259,L,210.0,L,259.0,,LEU,True,901.0,902.0,four_layer_exact,high,0.9835164835164836,0.2083333333333333,2.408580112882473,0.0164835164835165,D,D;E;F;G;K;N;S;T,differs_from_consensus,True,True,scaffold_differs_from_msa_consensus,0.060081005773130164,buried_core,False,False,False,False,14.21194285165289,True,True,unassigned_manual_review,,not_annotated_no_domain_boundaries,,True,False
6IV9,A,VI-D,binary,259,260,E,211.0,E,260.0,,GLU,True,902.0,903.0,four_layer_exact,high,0.9835164835164836,0.3611111111111111,2.0000778562397588,0.0164835164835165,A,A;E;I;L;T;V,differs_from_consensus,True,True,scaffold_differs_from_msa_consensus,0.29037653552401965,surface,False,False,False,False,10.500097639379511,True,False,unassigned_manual_review,,not_annotated_no_domain_boundaries,,True,False
6IV9,A,VI-D,binary,260,261,E,212.0,E,261.0,,GLU,True,903.0,904.0,four_layer_exact,high,0.978021978021978,0.7482517482517482,0.9158307687118252,0.021978021978022,F,F;L;Y,differs_from_consensus,True,True,scaffold_differs_from_msa_consensus,0.06787710999486674,buried_core,False,False,False,False,14.721441606652236,True,True,unassigned_manual_review,,not_annotated_no_domain_boundaries,,True,False
6IV9,A,VI-D,binary,261,262,P,213.0,P,262.0,,PRO,True,904.0,905.0,four_layer_exact,high,0.9725274725274724,0.2887323943661972,2.4549672026777847,0.0274725274725274,Y,F;I;K;Y,differs_from_consensus,True,True,scaffold_differs_from_msa_consensus,0.18559660025856559,buried_core,False,False,False,False,14.423797322072287,True,True,unassigned_manual_review,,not_annotated_no_domain_boundaries,,True,False
6IV9,A,VI-D,binary,262,263,K,214.0,K,263.0,,LYS,True,905.0,906.0,four_layer_exact,high,0.6208791208791209,0.1727272727272727,2.608474249594354,0.3791208791208791,K,D;H;K;P;R;S;T;Y,matches_consensus,False,False,,0.5916901162490911,surface,False,False,False,False,9.346310305239088,True,False,unassigned_manual_review,,not_annotated_no_domain_boundaries,,False,False
6IV9,A,VI-D,binary,263,264,T,215.0,T,264.0,,THR,True,946.0,947.0,four_layer_exact,high,0.7857142857142857,0.3518518518518518,2.211937438426997,0.2142857142857143,K,A;E;G;K;N;R,differs_from_consensus,False,True,scaffold_differs_from_msa_consensus,0.4803930606692639,surface,False,False,False,False,14.018305181918315,True,False,unassigned_manual_review,,not_annotated_no_domain_boundaries,,False,False
6IV9,A,VI-D,binary,264,265,K,216.0,K,265.0,,LYS,True,947.0,948.0,four_layer_exact,high,0.8241758241758241,0.7043478260869566,1.1626233707530862,0.1758241758241758,K,E;K,matches_consensus,True,False,,0.6755826207498886,surface,False,False,False,False,16.00183050981865,True,False,unassigned_manual_review,,not_annotated_no_domain_boundaries,,True,False
6IV9,A,VI-D,binary,265,266,D,217.0,D,266.0,,ASP,True,948.0,949.0,four_layer_exact,high,0.7802197802197802,0.2339369158878504,2.3817694049600524,0.2197802197802197,D,D;E;G;K;N;P;S,matches_consensus,False,False,,0.3488472664485249,surface,False,False,False,False,19.185286942970656,True,False,unassigned_manual_review,,not_annotated_no_domain_boundaries,,False,False
6IV9,A,VI-D,binary,266,267,T,218.0,T,267.0,,THR,True,979.0,980.0,four_layer_exact,high,0.7802197802197802,0.2429906542056074,2.240258343890273,0.2197802197802197,K,D;E;G;K;N;S;T,differs_from_consensus,False,True,scaffold_differs_from_msa_consensus,0.5435281139622783,surface,False,False,False,False,22.577323000232624,True,False,unassigned_manual_review,,not_annotated_no_domain_boundaries,,False,False
6IV9,A,VI-D,binary,267,268,R,219.0,R,268.0,,ARG,True,980.0,981.0,four_layer_exact,high,0.7912087912087912,0.2782874617737003,2.34506098958044,0.2087912087912088,K,E;K;P;Q;R;S,differs_from_consensus,False,True,scaffold_differs_from_msa_consensus,0.6780378805430021,surface,False,False,False,False,23.140238319054323,True,False,unassigned_manual_review,,not_annotated_no_domain_boundaries,,False,False
6IV9,A,VI-D,binary,268,269,A,220.0,A,269.0,,ALA,True,981.0,982.0,four_layer_exact,high,0.7307692307692307,0.3563762626262626,2.099450546137691,0.2692307692307693,K,D;E;K;Q;R,differs_from_consensus,False,True,scaffold_differs_from_msa_consensus,0.18634515122072107,buried_core,False,False,False,False,19.482937662784092,True,True,unassigned_manual_review,,not_annotated_no_domain_boundaries,,False,False
6IV9,A,VI-D,binary,269,270,S,221.0,S,270.0,,SER,True,994.0,995.0,four_layer_exact,high,0.7252747252747253,0.1530612244897959,2.5439263886462906,0.2747252747252747,K,D;E;I;K;N;Q;T;V,differs_from_consensus,False,True,scaffold_differs_from_msa_consensus,0.15043648165922777,buried_core,False,False,False,False,21.266461359791705,True,True,unassigned_manual_review,,not_annotated_no_domain_boundaries,,False,False
6IV9,A,VI-D,binary,270,271,E,222.0,E,271.0,,GLU,True,995.0,996.0,four_layer_exact,high,0.8296703296703297,0.2183908045977011,2.5145360363436486,0.1703296703296702,E,D;E;K;L;N;P;Q;R,matches_consensus,True,False,,0.3612075315333891,surface,False,False,False,False,23.87441524548633,True,False,unassigned_manual_review,,not_annotated_no_domain_boundaries,,True,False
6IV9,A,VI-D,binary,271,272,A,223.0,A,272.0,,ALA,True,996.0,997.0,four_layer_exact,high,0.9725274725274724,0.380281690140845,2.0447219024364927,0.0274725274725274,K,A;E;K;N;R,differs_from_consensus,True,True,scaffold_differs_from_msa_consensus,0.1488993150644446,buried_core,False,False,False,False,21.445904814910843,True,True,unassigned_manual_review,,not_annotated_no_domain_boundaries,,True,False
6IV9,A,VI-D,binary,272,273,Y,224.0,Y,273.0,,TYR,True,997.0,998.0,four_layer_exact,high,0.967032967032967,0.2624113475177305,2.556186469552014,0.0329670329670329,S,D;E;N;S;T,differs_from_consensus,True,True,scaffold_differs_from_msa_consensus,0.027550453597868813,buried_core,False,False,False,False,18.26812802162371,True,True,unassigned_manual_review,,not_annotated_no_domain_boundaries,,True,False
6IV9,A,VI-D,binary,273,274,K,225.0,K,274.0,,LYS,True,998.0,999.0,four_layer_exact,high,0.967032967032967,0.3191489361702128,2.001474815983524,0.0329670329670329,E,D;E;K;Q;R,differs_from_consensus,True,True,scaffold_differs_from_msa_consensus,0.1538834615094604,buried_core,False,False,False,False,22.48632914704913,True,True,unassigned_manual_review,,not_annotated_no_domain_boundaries,,True,False
6IV9,A,VI-D,binary,274,275,K,226.0,K,275.0,,LYS,True,999.0,1000.0,four_layer_exact,high,0.912087912087912,0.3435114503816794,1.9206601311885951,0.0879120879120879,K,D;E;K;N;R,matches_consensus,True,False,,0.1733852972616174,buried_core,False,False,False,False,23.04074461165559,True,True,unassigned_manual_review,,not_annotated_no_domain_boundaries,,True,False
6IV9,A,VI-D,binary,275,276,R,227.0,R,276.0,,ARG,True,1021.0,1022.0,four_layer_exact,high,0.9725274725274724,0.4223151408450704,2.004366578420314,0.0274725274725274,E,D;E;H;K;R;Y,differs_from_consensus,True,True,scaffold_differs_from_msa_consensus,0.11300217049629535,buried_core,False,False,False,False,17.179270159131363,True,True,unassigned_manual_review,,not_annotated_no_domain_boundaries,,True,False
6IV9,A,VI-D,binary,276,277,V,228.0,V,277.0,,VAL,True,1030.0,1031.0,four_layer_exact,high,0.9945054945054944,0.3084332191780822,1.9334741628997247,0.0054945054945054,I,A;C;I;L;N;V,differs_from_consensus,True,True,scaffold_differs_from_msa_consensus,0.03391937866794475,buried_core,False,False,False,False,20.118214435597125,True,True,unassigned_manual_review,,not_annotated_no_domain_boundaries,,True,False
6IV9,A,VI-D,binary,277,278,Y,229.0,Y,278.0,,TYR,True,1031.0,1032.0,four_layer_exact,high,0.9945054945054944,0.6643835616438356,1.2277374201348163,0.0054945054945054,Y,F;Y,matches_consensus,True,False,,0.0,buried_core,False,False,False,False,23.451700359762242,True,True,unassigned_manual_review,,not_annotated_no_domain_boundaries,,True,False
6IV9,A,VI-D,binary,278,279,H,230.0,H,279.0,,HIS,True,1032.0,1033.0,four_layer_exact,high,0.9945054945054944,0.2054794520547945,2.289840835448434,0.0054945054945054,N,D;H;K;N;S;Y,differs_from_consensus,True,True,scaffold_differs_from_msa_consensus,0.0,buried_core,False,False,False,False,23.16661219218856,True,True,unassigned_manual_review,,not_annotated_no_domain_boundaries,,True,False
6IV9,A,VI-D,binary,279,280,M,231.0,M,280.0,,MET,True,1033.0,1034.0,four_layer_exact,high,0.9945054945054944,0.4111729452054795,1.6950957478591993,0.0054945054945054,I,I;L;V,differs_from_consensus,True,True,scaffold_differs_from_msa_consensus,0.005744626566564195,buried_core,False,False,False,False,16.98489778777918,True,True,unassigned_manual_review,,not_annotated_no_domain_boundaries,,True,False
6IV9,A,VI-D,binary,280,281,L,232.0,L,281.0,,LEU,True,1034.0,1035.0,four_layer_exact,high,0.9945054945054944,0.6712328767123288,1.184271988274514,0.0054945054945054,L,F;I;L,matches_consensus,True,False,,0.012016201154626033,buried_core,False,False,False,False,23.150322510124443,True,True,unassigned_manual_review,,not_annotated_no_domain_boundaries,,True,False
6IV9,A,VI-D,binary,281,282,A,233.0,A,282.0,,ALA,True,1035.0,1036.0,four_layer_exact,high,0.9945054945054944,0.3424657534246575,1.8198097162278748,0.0054945054945054,R,A;C;R;S,differs_from_consensus,True,True,scaffold_differs_from_msa_consensus,0.0,buried_core,False,False,False,False,25.39039006427953,True,True,unassigned_manual_review,,not_annotated_no_domain_boundaries,,True,False
6IV9,A,VI-D,binary,282,283,I,234.0,I,283.0,,ILE,True,1036.0,1037.0,four_layer_exact,high,0.9945054945054944,0.4246575342465753,1.7449120721819953,0.0054945054945054,L,F;I;L;M;V,differs_from_consensus,True,True,scaffold_differs_from_msa_consensus,0.006130092467207697,buried_core,False,False,False,False,22.07286361739236,True,True,unassigned_manual_review,,not_annotated_no_domain_boundaries,,True,False
6IV9,A,VI-D,binary,283,284,V,235.0,V,284.0,,VAL,True,1037.0,1038.0,four_layer_exact,high,1.0,0.6326530612244898,1.1752685407534762,0.0,L,A;I;L;V,differs_from_consensus,True,True,scaffold_differs_from_msa_consensus,0.0,buried_core,False,False,False,False,20.335096738501566,True,True,unassigned_manual_review,,not_annotated_no_domain_boundaries,,True,False
6IV9,A,VI-D,binary,284,285,G,236.0,G,285.0,,GLY,True,1038.0,1039.0,four_layer_exact,high,1.0,0.4419642857142857,1.2867105197612856,0.0,G,A;G;S,matches_consensus,True,False,,0.0,buried_core,False,False,False,False,21.548746686248204,True,True,unassigned_manual_review,,not_annotated_no_domain_boundaries,,True,False
6IV9,A,VI-D,binary,285,286,Q,237.0,Q,286.0,,GLN,True,1039.0,1040.0,four_layer_exact,high,1.0,0.1428571428571428,2.660033185241378,0.0,S,A;F;I;K;L;M;Q;S;T;Y,differs_from_consensus,True,True,scaffold_differs_from_msa_consensus,0.0,buried_core,False,False,False,False,20.878649763163843,True,True,unassigned_manual_review,,not_annotated_no_domain_boundaries,,True,False
6IV9,A,VI-D,binary,286,287,I,238.0,I,287.0,,ILE,True,1040.0,1041.0,four_layer_exact,high,1.0,0.4693877551020408,1.5713257017154096,0.0,L,A;I;L;M;V,differs_from_consensus,True,True,scaffold_differs_from_msa_consensus,0.012260184934415394,buried_core,False,False,False,False,17.50029831752974,True,True,unassigned_manual_review,,not_annotated_no_domain_boundaries,,True,False
6IV9,A,VI-D,binary,287,288,R,239.0,A,288.0,,ALA,True,1041.0,1042.0,four_layer_literature_restored_substitution,high,1.0,1.0,-0.0,0.0,R,R,matches_consensus,True,True,literature_confirmed_construct_substitution,0.13725516019121825,buried_core,False,False,False,False,17.238736292806934,True,True,HEPN1,,not_annotated_no_domain_boundaries,HEPN1_R,True,False
6IV9,A,VI-D,binary,288,289,Q,240.0,Q,289.0,,GLN,True,1042.0,1043.0,four_layer_exact,high,1.0,0.7142857142857143,0.9316783758070812,0.0,Q,H;N;Q,matches_consensus,True,False,,0.18424092122858193,buried_core,False,False,False,False,19.19365402319278,True,True,unassigned_manual_review,,not_annotated_no_domain_boundaries,,True,False
6IV9,A,VI-D,binary,289,290,C,241.0,C,290.0,,CYS,True,1043.0,1044.0,four_layer_exact,high,1.0,0.2108843537414966,2.323815639312074,0.0,F,A;F;L;M;S;W,differs_from_consensus,True,True,scaffold_differs_from_msa_consensus,0.019247766899330304,buried_core,False,False,False,False,16.05470046036441,True,True,unassigned_manual_review,,not_annotated_no_domain_boundaries,,True,False
6IV9,A,VI-D,binary,290,291,V,242.0,V,291.0,,VAL,True,1044.0,1045.0,four_layer_exact,high,1.0,0.3197278911564626,1.9871025701383875,0.0,C,A;C;I;L;S;T;V,differs_from_consensus,True,True,scaffold_differs_from_msa_consensus,0.0,buried_core,False,False,False,False,12.928905298797785,True,True,unassigned_manual_review,,not_annotated_no_domain_boundaries,,True,False
6IV9,A,VI-D,binary,291,292,F,243.0,F,292.0,,PHE,True,1045.0,1046.0,four_layer_exact,high,1.0,0.2653061224489796,1.9638985671056768,0.0,F,A;F;M;T;V,matches_consensus,True,False,,0.1486840404720363,buried_core,False,False,False,False,11.764623142979758,True,True,unassigned_manual_review,,not_annotated_no_domain_boundaries,,True,False
6IV9,A,VI-D,binary,292,293,H,244.0,H,293.0,,HIS,True,1046.0,1047.0,four_layer_exact,high,1.0,0.9931972789115646,0.0407280509323613,0.0,H,H,matches_consensus,True,False,,0.12788032416017456,buried_core,False,False,False,False,15.081480174581236,True,True,HEPN1,,not_annotated_no_domain_boundaries,HEPN1_H,True,False
6IV9,A,VI-D,binary,293,294,D,245.0,D,294.0,,ASP,True,1047.0,1048.0,four_layer_exact,high,1.0,0.3197278911564626,2.187913418055878,0.0,G,D;E;F;G;S;Y,differs_from_consensus,True,True,scaffold_differs_from_msa_consensus,0.3737392282029847,surface,False,False,False,False,19.879981591587452,True,False,unassigned_manual_review,,not_annotated_no_domain_boundaries,,True,False
6IV9,A,VI-D,binary,294,295,K,246.0,K,295.0,,LYS,True,1050.0,1051.0,four_layer_exact,high,0.912087912087912,0.1753339694656488,2.61739589031574,0.0879120879120879,E,D;E;G;K;N;T;V,differs_from_consensus,True,True,scaffold_differs_from_msa_consensus,0.7252605188864378,surface,False,False,False,False,22.331893144372913,True,False,unassigned_manual_review,,not_annotated_no_domain_boundaries,,True,False
6IV9,A,VI-D,binary,295,296,S,247.0,S,296.0,,SER,True,1051.0,1052.0,four_layer_exact,high,0.934065934065934,0.1753086419753086,2.555000334921787,0.0659340659340659,S,A;D;E;G;K;N;R;S;T,matches_consensus,True,False,,0.4766981348001405,surface,False,False,False,False,22.89538908236538,True,False,unassigned_manual_review,,not_annotated_no_domain_boundaries,,True,False
6IV9,A,VI-D,binary,296,297,G,248.0,G,297.0,,GLY,True,1055.0,1056.0,four_layer_exact,high,0.8626373626373627,0.2254098360655737,2.519479610737625,0.1373626373626373,N,D;E;G;K;N;R;S;T,differs_from_consensus,True,True,scaffold_differs_from_msa_consensus,0.269174075169307,surface,False,False,False,False,19.702498866984445,True,False,unassigned_manual_review,,not_annotated_no_domain_boundaries,,True,False
6IV9,A,VI-D,binary,297,298,A,249.0,A,298.0,,ALA,True,1056.0,1057.0,four_layer_exact,high,0.8131868131868132,0.168141592920354,2.4508894946563955,0.1868131868131868,R,A;D;K;N;R;S;T,differs_from_consensus,True,True,scaffold_differs_from_msa_consensus,0.3795975200754092,surface,False,False,False,False,20.487968725323977,True,False,unassigned_manual_review,,not_annotated_no_domain_boundaries,,True,False
6IV9,A,VI-D,binary,298,299,K,250.0,K,299.0,,LYS,True,1073.0,1074.0,four_layer_exact,high,0.3901098901098901,0.1764705882352941,2.429284477153144,0.6098901098901099,A,A;D;G;K;P;S;T,differs_from_consensus,False,True,scaffold_differs_from_msa_consensus,0.10815071153048952,buried_core,False,False,False,False,15.41328089276197,True,True,unassigned_manual_review,,not_annotated_no_domain_boundaries,,False,False
6IV9,A,VI-D,binary,299,300,R,251.0,R,300.0,,ARG,True,1074.0,1075.0,four_layer_exact,high,0.4065934065934066,0.1714285714285714,2.4148389702678728,0.5934065934065934,D,D;E;G;K;N;P;R;S,differs_from_consensus,False,True,scaffold_differs_from_msa_consensus,0.2118782728167238,surface,False,False,False,False,19.503065831427957,True,False,unassigned_manual_review,,not_annotated_no_domain_boundaries,,False,False
6IV9,A,VI-D,binary,300,301,F,252.0,F,301.0,,PHE,True,1075.0,1076.0,four_layer_exact,high,0.6538461538461539,0.2142857142857142,2.3573451971064188,0.3461538461538461,T,A;F;N;S;T;Y,differs_from_consensus,False,True,scaffold_differs_from_msa_consensus,0.501401747984605,surface,False,False,False,False,18.624289303231844,True,False,unassigned_manual_review,,not_annotated_no_domain_boundaries,,False,False
6IV9,A,VI-D,binary,301,302,D,253.0,D,302.0,,ASP,True,1078.0,1079.0,four_layer_exact,high,0.8516483516483516,0.3916666666666666,2.1616914042489888,0.1483516483516483,W,A;S;V;W;Y,differs_from_consensus,True,True,scaffold_differs_from_msa_consensus,0.04935158827120277,buried_core,False,False,False,False,21.86144526705194,True,True,unassigned_manual_review,,not_annotated_no_domain_boundaries,,True,False
6IV9,A,VI-D,binary,302,303,L,254.0,L,303.0,,LEU,True,1079.0,1080.0,four_layer_exact,high,0.978021978021978,0.6153846153846154,1.3618227655954975,0.021978021978022,L,I;L,matches_consensus,True,False,,0.04205670404119111,buried_core,False,False,False,False,15.872443995873665,True,True,unassigned_manual_review,,not_annotated_no_domain_boundaries,,True,False
6IV9,A,VI-D,binary,303,304,Y,255.0,Y,304.0,,TYR,True,1080.0,1081.0,four_layer_exact,high,0.9835164835164836,0.6319444444444444,0.7720129761978174,0.0164835164835165,Y,F;Y,matches_consensus,True,False,,0.004591742266311469,buried_core,False,False,False,False,13.929873061249818,True,True,unassigned_manual_review,,not_annotated_no_domain_boundaries,,True,False
6IV9,A,VI-D,binary,304,305,S,256.0,S,305.0,,SER,True,1081.0,1082.0,four_layer_exact,high,0.945054945054945,0.3941605839416058,2.045662002332108,0.0549450549450549,N,D;K;N;Q;R;S,differs_from_consensus,True,True,scaffold_differs_from_msa_consensus,0.16953282488496077,buried_core,False,False,False,False,22.47149296251149,True,True,unassigned_manual_review,,not_annotated_no_domain_boundaries,,True,False
6IV9,A,VI-D,binary,305,306,F,257.0,F,306.0,,PHE,True,1082.0,1083.0,four_layer_exact,high,0.9835164835164836,0.5277777777777778,1.7186172629535157,0.0164835164835165,L,A;I;L;S,differs_from_consensus,True,True,scaffold_differs_from_msa_consensus,0.0,buried_core,False,False,False,False,22.247403917683037,True,True,unassigned_manual_review,,not_annotated_no_domain_boundaries,,True,False
6IV9,A,VI-D,binary,306,307,I,258.0,I,307.0,,ILE,True,1092.0,1093.0,four_layer_exact,high,0.9395604395604396,0.406934306569343,1.7487052880905518,0.0604395604395604,D,D;E;K;N;S,differs_from_consensus,True,True,scaffold_differs_from_msa_consensus,0.0,buried_core,False,False,False,False,22.89260523602998,True,True,unassigned_manual_review,,not_annotated_no_domain_boundaries,,True,False
6IV9,A,VI-D,binary,307,308,N,259.0,N,308.0,,ASN,True,1093.0,1094.0,four_layer_exact,high,0.9065934065934066,0.2366412213740458,2.340740778692264,0.0934065934065934,K,D;E;K;N;Q;S,differs_from_consensus,True,True,scaffold_differs_from_msa_consensus,0.2757284040885887,surface,False,False,False,False,24.12435539261515,True,False,unassigned_manual_review,,not_annotated_no_domain_boundaries,,True,False
6IV9,A,VI-D,binary,308,309,N,260.0,N,309.0,,ASN,True,1094.0,1095.0,four_layer_exact,high,0.2857142857142857,0.1972789115646258,2.496746549654702,0.7142857142857143,N,A;D;G;K;N;R;T,matches_consensus,False,False,,0.5122871087575888,surface,False,False,False,False,27.932974148304066,True,False,unassigned_manual_review,,not_annotated_no_domain_boundaries,,False,False
6IV9,A,VI-D,binary,309,310,I,261.0,I,310.0,,ILE,True,1100.0,1101.0,four_layer_exact,high,0.7142857142857143,0.6185567010309279,1.313524370036907,0.2857142857142857,L,F;I;L,differs_from_consensus,False,True,scaffold_differs_from_msa_consensus,0.02857681981861926,buried_core,False,False,False,False,27.706794431973147,True,True,unassigned_manual_review,,not_annotated_no_domain_boundaries,,False,False
6IV9,A,VI-D,binary,310,311,D,262.0,D,311.0,,ASP,True,1113.0,1114.0,four_layer_exact,high,0.8846153846153846,0.164021164021164,2.621709658011768,0.1153846153846154,D,A;D;K;N;P;R;S,matches_consensus,True,False,,0.17421625555376125,buried_core,False,False,False,False,28.106562723922604,True,True,unassigned_manual_review,,not_annotated_no_domain_boundaries,,True,False
6IV9,A,VI-D,binary,311,312,P,263.0,P,312.0,,PRO,True,1114.0,1115.0,four_layer_exact,high,0.956043956043956,0.1894484412470023,2.3583923331809755,0.0439560439560439,P,A;D;E;G;K;N;P;Q;S,matches_consensus,True,False,,0.4177330307056314,surface,False,False,False,False,25.7148419159002,True,False,unassigned_manual_review,,not_annotated_no_domain_boundaries,,True,False
6IV9,A,VI-D,binary,312,313,E,264.0,E,313.0,,GLU,True,1115.0,1116.0,four_layer_exact,high,0.9725274725274724,0.5070422535211268,1.5166328558532232,0.0274725274725274,E,D;E;N,matches_consensus,True,False,,0.08605433691281841,buried_core,False,False,False,False,23.95967619650787,True,True,unassigned_manual_review,,not_annotated_no_domain_boundaries,,True,False
6IV9,A,VI-D,binary,313,314,Y,265.0,Y,314.0,,TYR,True,1124.0,1125.0,four_layer_exact,high,0.9230769230769232,0.2781954887218045,1.885466982305344,0.0769230769230768,L,A;F;I;L;V;Y,differs_from_consensus,True,True,scaffold_differs_from_msa_consensus,0.0,buried_core,False,False,False,False,22.405982769206965,True,True,unassigned_manual_review,,not_annotated_no_domain_boundaries,,True,False
6IV9,A,VI-D,binary,314,315,R,266.0,R,315.0,,ARG,True,1145.0,1146.0,four_layer_exact,high,0.978021978021978,0.2657342657342657,2.2510283909761952,0.021978021978022,K,I;K;L;R;W,differs_from_consensus,True,True,scaffold_differs_from_msa_consensus,0.0758327724510129,buried_core,False,False,False,False,21.224275496444065,True,True,unassigned_manual_review,,not_annotated_no_domain_boundaries,,True,False
6IV9,A,VI-D,binary,315,316,D,267.0,D,316.0,,ASP,True,1146.0,1147.0,four_layer_exact,high,0.9945054945054944,0.1986301369863013,2.326101214931983,0.0054945054945054,D,A;D;E;K;N;Q;S,matches_consensus,True,False,,0.2804022174665534,surface,False,False,False,False,19.534859250158654,True,False,unassigned_manual_review,,not_annotated_no_domain_boundaries,,True,False
6IV9,A,VI-D,binary,316,317,T,268.0,T,317.0,,THR,True,1147.0,1148.0,four_layer_exact,high,1.0,0.2857142857142857,2.118341611796008,0.0,T,F;I;L;T;V,matches_consensus,True,False,,0.014042188558603678,buried_core,False,False,False,False,17.549260278194296,True,True,unassigned_manual_review,,not_annotated_no_domain_boundaries,,True,False
6IV9,A,VI-D,binary,317,318,L,269.0,L,318.0,,LEU,True,1148.0,1149.0,four_layer_exact,high,1.0,0.6462585034013606,1.051052160330606,0.0,L,I;L;V,matches_consensus,True,False,,0.0,buried_core,False,False,False,False,16.499222422184634,True,True,unassigned_manual_review,,not_annotated_no_domain_boundaries,,True,False
6IV9,A,VI-D,binary,318,319,D,270.0,D,319.0,,ASP,True,1149.0,1150.0,four_layer_exact,high,1.0,0.54421768707483,1.492785903870701,0.0,D,D;E;N,matches_consensus,True,False,,0.005551601160946738,buried_core,False,False,False,False,15.521386205088424,True,True,unassigned_manual_review,,not_annotated_no_domain_boundaries,,True,False
6IV9,A,VI-D,binary,319,320,Y,271.0,Y,320.0,,TYR,True,1150.0,1151.0,four_layer_exact,high,1.0,0.1428571428571428,2.5588674590066685,0.0,K,A;D;E;K;N;R;S;T;Y,differs_from_consensus,True,True,scaffold_differs_from_msa_consensus,0.2829306398603752,surface,False,False,False,False,13.510841285483545,True,False,unassigned_manual_review,,not_annotated_no_domain_boundaries,,True,False
6IV9,A,VI-D,binary,320,321,L,272.0,L,321.0,,LEU,True,1151.0,1152.0,four_layer_exact,high,1.0,0.2993197278911564,2.2837401168457734,0.0,L,F;I;K;L;T;V;Y,matches_consensus,True,False,,0.030040502886565082,buried_core,False,False,False,False,11.399072414513313,True,True,unassigned_manual_review,,not_annotated_no_domain_boundaries,,True,False
6IV9,A,VI-D,binary,321,322,V,273.0,V,322.0,,VAL,True,1152.0,1153.0,four_layer_exact,high,1.0,0.6530612244897959,1.1214409686467792,0.0,Y,F;Y,differs_from_consensus,True,True,scaffold_differs_from_msa_consensus,0.0,buried_core,False,False,False,False,11.257069621131022,True,True,unassigned_manual_review,,not_annotated_no_domain_boundaries,,True,False
6IV9,A,VI-D,binary,322,323,E,274.0,E,323.0,,GLU,True,1153.0,1154.0,four_layer_exact,high,1.0,0.1950113378684807,2.297177350744636,0.0,D,A;D;E;K;N;R;S,differs_from_consensus,True,True,scaffold_differs_from_msa_consensus,0.18624420657509663,buried_core,False,False,False,False,10.76309324230165,True,True,unassigned_manual_review,,not_annotated_no_domain_boundaries,,True,False
6IV9,A,VI-D,binary,323,324,E,275.0,E,324.0,,GLU,True,1154.0,1155.0,four_layer_exact,high,1.0,0.2789115646258503,2.3094382548538204,0.0,E,A;D;E;K;N;Q;R;S,matches_consensus,True,False,,0.31317903209962156,surface,False,True,False,False,7.885953376444554,True,False,unassigned_manual_review,,not_annotated_no_domain_boundaries,,True,False
6IV9,A,VI-D,binary,324,325,R,276.0,R,325.0,,ARG,True,1155.0,1156.0,four_layer_exact,high,1.0,0.2789115646258503,2.155414520474483,0.0,R,A;G;K;R,matches_consensus,True,False,,0.011973595650159935,buried_core,True,False,True,False,2.9944371504420966,True,True,unassigned_manual_review,,not_annotated_no_domain_boundaries,,True,False
6IV9,A,VI-D,binary,325,326,L,277.0,L,326.0,,LEU,True,1156.0,1157.0,four_layer_exact,high,1.0,0.3537414965986394,1.7471194004335109,0.0,I,F;I;L;V,differs_from_consensus,True,True,scaffold_differs_from_msa_consensus,0.01802430173193905,buried_core,False,True,False,False,7.434089856829859,True,True,unassigned_manual_review,,not_annotated_no_domain_boundaries,,True,False
6IV9,A,VI-D,binary,326,327,K,278.0,K,327.0,,LYS,True,1157.0,1158.0,four_layer_exact,high,1.0,0.2018140589569161,2.2584787038230623,0.0,D,D;E;K;N;T,differs_from_consensus,True,True,scaffold_differs_from_msa_consensus,0.46197135945237844,surface,False,True,False,False,7.191544458106149,True,False,unassigned_manual_review,,not_annotated_no_domain_boundaries,,True,False
6IV9,A,VI-D,binary,327,328,S,279.0,S,328.0,,SER,True,1158.0,1159.0,four_layer_exact,high,1.0,0.2176870748299319,2.312275293531052,0.0,E,A;D;E;K;Q;R;S;T,differs_from_consensus,True,True,scaffold_differs_from_msa_consensus,0.26818223928874996,surface,True,False,True,False,3.9195756930470877,True,False,unassigned_manual_review,,not_annotated_no_domain_boundaries,,True,False
6IV9,A,VI-D,binary,328,329,I,280.0,I,329.0,,ILE,True,1159.0,1160.0,four_layer_exact,high,0.989010989010989,0.3931034482758621,1.3740939813341857,0.0109890109890109,I,I;L;V,matches_consensus,True,False,,0.0,buried_core,True,False,True,False,3.6471938585726082,True,True,unassigned_manual_review,,not_annotated_no_domain_boundaries,,True,False
6IV9,A,VI-D,binary,329,330,N,281.0,N,330.0,,ASN,True,1160.0,1161.0,four_layer_exact,high,0.989010989010989,0.7517241379310344,1.1115490089747386,0.0109890109890109,N,D;N,matches_consensus,True,False,,0.07852712108327801,buried_core,False,True,False,False,5.709694369377619,True,True,unassigned_manual_review,,not_annotated_no_domain_boundaries,,True,False
6IV9,A,VI-D,binary,330,331,K,282.0,K,331.0,,LYS,True,1161.0,1162.0,four_layer_exact,high,0.9835164835164836,0.2638888888888889,2.2512048529561555,0.0164835164835165,K,A;D;E;K;N;R;S,matches_consensus,True,False,,0.6300772368833046,surface,False,True,False,False,6.457651524643551,True,False,unassigned_manual_review,,not_annotated_no_domain_boundaries,,True,False
6IV9,A,VI-D,binary,331,332,D,283.0,D,332.0,,ASP,True,1162.0,1163.0,four_layer_exact,high,0.9835164835164836,0.2523148148148147,1.895333690020296,0.0164835164835165,D,D;E;G;N;S,matches_consensus,True,False,,0.4256567651764739,surface,False,True,False,False,7.137245335690958,True,False,unassigned_manual_review,,not_annotated_no_domain_boundaries,,True,False
6IV9,A,VI-D,binary,332,333,F,284.0,F,333.0,,PHE,True,1164.0,1165.0,four_layer_exact,high,0.9945054945054944,0.9657534246575342,0.1722554178011724,0.0054945054945054,F,F,matches_consensus,True,False,,0.0,buried_core,True,False,True,False,4.040841562844432,True,True,unassigned_manual_review,,not_annotated_no_domain_boundaries,,True,False
6IV9,A,VI-D,binary,333,334,I,285.0,I,334.0,,ILE,True,1165.0,1166.0,four_layer_exact,high,0.9945054945054944,0.2671232876712329,2.2388035855694746,0.0054945054945054,I,A;F;I;L;V,matches_consensus,True,False,,0.02452036986883079,buried_core,False,True,False,False,7.995226163681835,True,True,unassigned_manual_review,,not_annotated_no_domain_boundaries,,True,False
6IV9,A,VI-D,binary,334,335,E,286.0,E,335.0,,GLU,True,1166.0,1167.0,four_layer_exact,high,0.9945054945054944,0.3698630136986301,1.9018254981732936,0.0054945054945054,K,D;E;K;N;S;T,differs_from_consensus,True,True,scaffold_differs_from_msa_consensus,0.3771217410634392,surface,False,True,False,False,6.650824009493039,True,False,unassigned_manual_review,,not_annotated_no_domain_boundaries,,True,False
6IV9,A,VI-D,binary,335,336,G,287.0,G,336.0,,GLY,True,1185.0,1186.0,four_layer_exact,high,1.0,0.4217687074829932,1.7103184593830911,0.0,N,H;K;N;Q;T,differs_from_consensus,True,True,scaffold_differs_from_msa_consensus,0.09289447815691664,buried_core,True,False,True,False,3.2549037338156444,True,True,unassigned_manual_review,,not_annotated_no_domain_boundaries,,True,False
6IV9,A,VI-D,binary,336,337,N,288.0,N,337.0,,ASN,True,1186.0,1187.0,four_layer_exact,high,1.0,0.3809523809523809,1.5139112730778306,0.0,N,A;N;S,matches_consensus,True,False,,0.0,buried_core,True,False,True,False,2.7129752960714146,True,True,unassigned_manual_review,,not_annotated_no_domain_boundaries,,True,False
6IV9,A,VI-D,binary,337,338,K,289.0,K,338.0,,LYS,True,1205.0,1206.0,four_layer_exact,high,0.989010989010989,0.4758620689655172,1.9274362618765344,0.0109890109890109,K,A;K;R;S,matches_consensus,True,False,,0.05898872680445953,buried_core,False,True,False,False,5.943172695336699,True,True,unassigned_manual_review,,not_annotated_no_domain_boundaries,,True,False
6IV9,A,VI-D,binary,338,339,V,290.0,V,339.0,,VAL,True,1206.0,1207.0,four_layer_exact,high,0.9835164835164836,0.2777777777777778,1.9833296245501533,0.0164835164835165,V,K;N;R;T;V,matches_consensus,True,False,,0.0069403920462064155,buried_core,True,False,True,False,3.5052843104181868,True,True,unassigned_manual_review,,not_annotated_no_domain_boundaries,,True,False
6IV9,A,VI-D,binary,339,340,N,291.0,N,340.0,,ASN,True,1208.0,1209.0,four_layer_exact,high,1.0,0.8299319727891157,0.5496289992148657,0.0,N,D;N,matches_consensus,True,False,,0.0,buried_core,True,False,True,False,4.349760820963453,True,True,unassigned_manual_review,,not_annotated_no_domain_boundaries,,True,False
6IV9,A,VI-D,binary,340,341,I,292.0,I,341.0,,ILE,True,1209.0,1210.0,four_layer_exact,high,1.0,0.6122448979591837,1.1209026347865876,0.0,L,F;I;L;V,differs_from_consensus,True,True,scaffold_differs_from_msa_consensus,0.006130092467207697,buried_core,False,True,False,False,7.7320040782643344,True,True,unassigned_manual_review,,not_annotated_no_domain_boundaries,,True,False
6IV9,A,VI-D,binary,341,342,S,293.0,S,342.0,,SER,True,1210.0,1211.0,four_layer_exact,high,1.0,0.1972789115646258,2.6782287151563526,0.0,Y,A;K;L;N;Q;S;Y,differs_from_consensus,True,True,scaffold_differs_from_msa_consensus,0.1158732873346239,buried_core,False,False,False,False,9.240217441474277,True,True,unassigned_manual_review,,not_annotated_no_domain_boundaries,,True,False
6IV9,A,VI-D,binary,342,343,L,294.0,L,343.0,,LEU,True,1211.0,1212.0,four_layer_exact,high,1.0,0.6122448979591837,1.3254426319926962,0.0,I,I;L;V,differs_from_consensus,True,True,scaffold_differs_from_msa_consensus,0.0520405291961575,buried_core,False,False,False,False,8.259505970408528,True,True,unassigned_manual_review,,not_annotated_no_domain_boundaries,,True,False
6IV9,A,VI-D,binary,343,344,L,295.0,L,344.0,,LEU,True,1212.0,1213.0,four_layer_exact,high,1.0,0.782312925170068,0.6506324030379541,0.0,L,I;L,matches_consensus,True,False,,0.0,buried_core,False,False,False,False,9.590054794188497,True,True,unassigned_manual_review,,not_annotated_no_domain_boundaries,,True,False
6IV9,A,VI-D,binary,344,345,I,296.0,I,345.0,,ILE,True,1213.0,1214.0,four_layer_exact,high,1.0,0.2789115646258503,2.4016508680885007,0.0,F,A;C;E;F;K;S,differs_from_consensus,True,True,scaffold_differs_from_msa_consensus,0.2001285738153848,surface,False,False,False,False,13.397710618436927,True,False,unassigned_manual_review,,not_annotated_no_domain_boundaries,,True,False
6IV9,A,VI-D,binary,345,346,D,297.0,D,346.0,,ASP,True,1214.0,1215.0,four_layer_exact,high,1.0,0.2267573696145124,2.253763267631969,0.0,E,D;E;K;N;Q;R;S,differs_from_consensus,True,True,scaffold_differs_from_msa_consensus,0.4881135153409676,surface,False,False,False,False,13.80139306106013,True,False,unassigned_manual_review,,not_annotated_no_domain_boundaries,,True,False
6IV9,A,VI-D,binary,346,347,M,298.0,M,347.0,,MET,True,1219.0,1220.0,four_layer_exact,high,0.989010989010989,0.2850574712643677,1.7954617694267447,0.0109890109890109,I,A;I;L;V;Y,differs_from_consensus,True,True,scaffold_differs_from_msa_consensus,0.11070366632667238,buried_core,False,False,False,False,13.438428525850311,True,True,unassigned_manual_review,,not_annotated_no_domain_boundaries,,True,False
6IV9,A,VI-D,binary,347,348,M,299.0,M,348.0,,MET,True,1220.0,1221.0,four_layer_exact,high,0.9835164835164836,0.4025607638888889,1.4280767284554827,0.0164835164835165,Y,F;L;Y,differs_from_consensus,True,True,scaffold_differs_from_msa_consensus,0.04852077653731807,buried_core,False,False,False,False,14.664690632007657,True,True,unassigned_manual_review,,not_annotated_no_domain_boundaries,,True,False
6IV9,A,VI-D,binary,348,349,K,300.0,K,349.0,,LYS,True,1225.0,1226.0,four_layer_exact,high,0.5604395604395604,0.1530612244897959,2.4713357594857603,0.4395604395604395,K,A;D;E;G;K;N;P;Q;R;S;T,matches_consensus,False,False,,0.7039806481870152,surface,False,False,False,False,20.099545732364312,True,False,unassigned_manual_review,,not_annotated_no_domain_boundaries,,False,False
6IV9,A,VI-D,binary,349,350,G,301.0,G,350.0,,GLY,True,1239.0,1240.0,four_layer_exact,high,0.8406593406593407,0.2128851540616246,2.2749309544108747,0.1593406593406593,D,D;E;K;L;N;P;S,differs_from_consensus,True,True,scaffold_differs_from_msa_consensus,0.7996509651143516,surface,False,False,False,False,21.93310278140475,True,False,unassigned_manual_review,,not_annotated_no_domain_boundaries,,True,False
6IV9,A,VI-D,binary,350,351,Y,302.0,Y,351.0,,TYR,True,1244.0,1245.0,four_layer_exact,high,0.8956043956043956,0.3515625,2.327869116409754,0.1043956043956043,E,A;D;E;K;S,differs_from_consensus,True,True,scaffold_differs_from_msa_consensus,0.18612237862347125,buried_core,False,False,False,False,18.634621044996912,True,True,unassigned_manual_review,,not_annotated_no_domain_boundaries,,True,False
6IV9,A,VI-D,binary,351,352,E,303.0,E,352.0,,GLU,True,1245.0,1246.0,four_layer_exact,high,0.9010989010989012,0.2248062015503876,2.230511985753227,0.0989010989010988,E,D;E;K;N;Q;S,matches_consensus,True,False,,0.6065284440726597,surface,False,False,False,False,17.789771580124928,True,False,unassigned_manual_review,,not_annotated_no_domain_boundaries,,True,False
6IV9,A,VI-D,binary,352,353,A,304.0,A,353.0,,ALA,True,1246.0,1247.0,four_layer_exact,high,0.9010989010989012,0.3798449612403101,2.298417626079189,0.0989010989010988,K,F;K;L;Q;R,differs_from_consensus,True,True,scaffold_differs_from_msa_consensus,0.189518403335161,buried_core,False,False,False,False,15.111804010207898,True,True,unassigned_manual_review,,not_annotated_no_domain_boundaries,,True,False
6IV9,A,VI-D,binary,353,354,D,305.0,D,354.0,,ASP,True,1247.0,1248.0,four_layer_exact,high,0.967032967032967,0.2907801418439716,2.215610866826668,0.0329670329670329,K,A;D;E;K;N,differs_from_consensus,True,True,scaffold_differs_from_msa_consensus,0.34722880906841536,surface,False,False,False,False,15.09625092199332,True,False,unassigned_manual_review,,not_annotated_no_domain_boundaries,,True,False
6IV9,A,VI-D,binary,354,355,D,306.0,D,355.0,,ASP,True,1248.0,1249.0,four_layer_exact,high,0.978021978021978,0.2657342657342657,2.210779940638721,0.021978021978022,E,A;D;E;K;N;Q;T,differs_from_consensus,True,True,scaffold_differs_from_msa_consensus,0.14372880800729732,buried_core,False,False,False,False,14.753455548831589,True,True,unassigned_manual_review,,not_annotated_no_domain_boundaries,,True,False
6IV9,A,VI-D,binary,355,356,I,307.0,I,356.0,,ILE,True,1255.0,1256.0,four_layer_exact,high,1.0,0.5034013605442177,1.4518623197294174,0.0,L,I;L;V,differs_from_consensus,True,True,scaffold_differs_from_msa_consensus,0.006130092467207697,buried_core,False,False,False,False,11.85531417848044,True,True,unassigned_manual_review,,not_annotated_no_domain_boundaries,,True,False
6IV9,A,VI-D,binary,356,357,I,308.0,I,357.0,,ILE,True,1256.0,1257.0,four_layer_exact,high,1.0,0.2993197278911564,1.9395287444864755,0.0,A,A;I;L;T;V,differs_from_consensus,True,True,scaffold_differs_from_msa_consensus,0.0,buried_core,False,False,False,False,10.176108535993048,True,True,unassigned_manual_review,,not_annotated_no_domain_boundaries,,True,False
6IV9,A,VI-D,binary,357,358,R,309.0,R,358.0,,ARG,True,1257.0,1258.0,four_layer_exact,high,1.0,0.2585034013605442,2.084442976404572,0.0,R,E;K;N;Q;R,matches_consensus,True,False,,0.2582693689356209,surface,False,False,False,False,11.475195345192772,True,False,unassigned_manual_review,,not_annotated_no_domain_boundaries,,True,False
6IV9,A,VI-D,binary,358,359,L,310.0,L,359.0,,LEU,True,1258.0,1259.0,four_layer_exact,high,1.0,0.3265306122448979,2.0622700135974417,0.0,E,A;D;E;K;L;Q,differs_from_consensus,True,True,scaffold_differs_from_msa_consensus,0.0,buried_core,False,False,False,False,10.728160325727723,True,True,unassigned_manual_review,,not_annotated_no_domain_boundaries,,True,False
6IV9,A,VI-D,binary,359,360,Y,311.0,Y,360.0,,TYR,True,1259.0,1260.0,four_layer_exact,high,1.0,0.8299319727891157,0.5763658118470587,0.0,Y,F;Y,matches_consensus,True,False,,0.0,buried_core,True,False,True,False,4.232646806635217,True,True,unassigned_manual_review,,not_annotated_no_domain_boundaries,,True,False
6IV9,A,VI-D,binary,360,361,Y,312.0,Y,361.0,,TYR,True,1260.0,1261.0,four_layer_exact,high,1.0,0.8639455782312925,0.5195563462488444,0.0,Y,F;Y,matches_consensus,True,False,,0.004591742266311469,buried_core,False,True,False,False,7.7133593727885685,True,True,unassigned_manual_review,,not_annotated_no_domain_boundaries,,True,False
6IV9,A,VI-D,binary,361,362,D,313.0,D,362.0,,ASP,True,1261.0,1262.0,four_layer_exact,high,1.0,0.3877551020408163,1.9020060843287692,0.0,D,D;E;K;N;R,matches_consensus,True,False,,0.09790491901011517,buried_core,False,False,False,False,8.901784843179497,True,True,unassigned_manual_review,,not_annotated_no_domain_boundaries,,True,False
6IV9,A,VI-D,binary,362,363,F,314.0,F,363.0,,PHE,True,1262.0,1263.0,four_layer_exact,high,1.0,0.8231292517006803,0.6533785638727668,0.0,F,F;L;Y,matches_consensus,True,False,,0.0,buried_core,False,True,False,False,6.402651580339162,True,True,unassigned_manual_review,,not_annotated_no_domain_boundaries,,True,False
6IV9,A,VI-D,binary,363,364,I,315.0,I,364.0,,ILE,True,1263.0,1264.0,four_layer_exact,high,1.0,0.238095238095238,1.9716622477744783,0.0,I,A;I;L;S;T;V,matches_consensus,True,False,,0.0,buried_core,True,False,True,False,3.504551189569697,True,True,unassigned_manual_review,,not_annotated_no_domain_boundaries,,True,False
6IV9,A,VI-D,binary,364,365,V,316.0,V,365.0,,VAL,True,1264.0,1265.0,four_layer_exact,high,1.0,0.5238095238095238,1.256953151755419,0.0,V,I;V,matches_consensus,True,False,,0.0069403920462064155,buried_core,False,True,False,False,6.295189139939919,True,True,unassigned_manual_review,,not_annotated_no_domain_boundaries,,True,False
6IV9,A,VI-D,binary,365,366,L,317.0,L,366.0,,LEU,True,1265.0,1266.0,four_layer_exact,high,1.0,0.2312925170068027,2.29246263815805,0.0,L,K;L;R;T;V,matches_consensus,True,False,,0.0720972069277562,buried_core,False,False,False,False,8.532814961605954,True,True,unassigned_manual_review,,not_annotated_no_domain_boundaries,,True,False
6IV9,A,VI-D,binary,366,367,K,318.0,K,367.0,,LYS,True,1266.0,1267.0,four_layer_exact,high,1.0,0.8979591836734694,0.5457328038407442,0.0,K,K,matches_consensus,True,False,,0.0,buried_core,True,False,True,False,2.8451440025184143,True,True,unassigned_manual_review,,not_annotated_no_domain_boundaries,,True,False
6IV9,A,VI-D,binary,367,368,S,319.0,S,368.0,,SER,True,1267.0,1268.0,four_layer_exact,high,1.0,0.3537414965986394,2.046123816334197,0.0,E,D;E;K;N;Q;S;T,differs_from_consensus,True,True,scaffold_differs_from_msa_consensus,0.09677694410889087,buried_core,False,True,False,False,7.334896028126435,True,True,unassigned_manual_review,,not_annotated_no_domain_boundaries,,True,False
6IV9,A,VI-D,binary,368,369,Q,320.0,Q,369.0,,GLN,True,1268.0,1269.0,four_layer_exact,high,1.0,0.3333333333333333,2.0479296015683297,0.0,Y,D;G;H;N;Q;Y,differs_from_consensus,True,True,scaffold_differs_from_msa_consensus,0.0,buried_core,False,True,False,False,5.034541323575974,True,True,unassigned_manual_review,,not_annotated_no_domain_boundaries,,True,False
6IV9,A,VI-D,binary,369,370,K,321.0,K,370.0,,LYS,True,1270.0,1271.0,four_layer_exact,high,1.0,0.8299319727891157,0.7833546044022643,0.0,K,K,matches_consensus,True,False,,0.04875458938039244,buried_core,True,False,True,False,2.7884155223431946,True,True,unassigned_manual_review,,not_annotated_no_domain_boundaries,,True,False
6IV9,A,VI-D,binary,370,371,N,322.0,N,371.0,,ASN,True,1271.0,1272.0,four_layer_exact,high,1.0,0.8979591836734694,0.5098511654738686,0.0,N,N,matches_consensus,True,False,,0.29985016469065034,surface,True,False,True,False,4.413007849773878,True,False,unassigned_manual_review,,not_annotated_no_domain_boundaries,,True,False
6IV9,A,VI-D,binary,371,372,L,323.0,L,372.0,,LEU,True,1272.0,1273.0,four_layer_exact,high,1.0,0.4761904761904761,1.4215496408747057,0.0,L,I;L;M,matches_consensus,True,False,,0.010661283821519606,buried_core,True,False,True,False,4.285970853789251,True,True,unassigned_manual_review,,not_annotated_no_domain_boundaries,,True,False
6IV9,A,VI-D,binary,372,373,G,324.0,G,373.0,,GLY,True,1273.0,1274.0,four_layer_exact,high,1.0,0.9931972789115646,0.0407280509323613,0.0,G,G,matches_consensus,True,False,,0.09179794149032713,buried_core,True,False,True,False,2.530079620303162,True,True,unassigned_manual_review,,not_annotated_no_domain_boundaries,,True,False
6IV9,A,VI-D,binary,373,374,F,325.0,F,374.0,,PHE,True,1274.0,1275.0,four_layer_exact,high,1.0,0.673469387755102,1.024525939789765,0.0,F,F;I;L;V,matches_consensus,True,False,,0.0,buried_core,True,False,True,False,3.6512782894055613,True,True,unassigned_manual_review,,not_annotated_no_domain_boundaries,,True,False
6IV9,A,VI-D,binary,374,375,S,326.0,S,375.0,,SER,True,1275.0,1276.0,four_layer_exact,high,1.0,0.6802721088435374,0.8701824883160747,0.0,S,N;S,matches_consensus,True,False,,0.05617962183534812,buried_core,True,False,True,False,3.3837417805122483,True,True,unassigned_manual_review,,not_annotated_no_domain_boundaries,,True,False
6IV9,A,VI-D,binary,375,376,I,327.0,I,376.0,,ILE,True,1276.0,1277.0,four_layer_exact,high,1.0,0.4897959183673469,1.4029766224170417,0.0,I,I;L;V,matches_consensus,True,False,,0.0,buried_core,True,False,True,False,4.504182765950871,True,True,unassigned_manual_review,,not_annotated_no_domain_boundaries,,True,False
6IV9,A,VI-D,binary,376,377,K,328.0,K,377.0,,LYS,True,1277.0,1278.0,four_layer_exact,high,1.0,0.6326530612244898,1.231637905784032,0.0,K,K;R;T,matches_consensus,True,False,,0.3156967821025794,surface,False,True,False,False,5.056775286515082,True,False,unassigned_manual_review,,not_annotated_no_domain_boundaries,,True,False
6IV9,A,VI-D,binary,377,378,K,329.0,K,378.0,,LYS,True,1278.0,1279.0,four_layer_exact,high,1.0,0.5374149659863946,1.6664890810719153,0.0,K,K;L;R;T,matches_consensus,True,False,,0.1828513419055483,buried_core,False,True,False,False,5.803754546963746,True,True,unassigned_manual_review,,not_annotated_no_domain_boundaries,,True,False
6IV9,A,VI-D,binary,378,379,L,330.0,L,379.0,,LEU,True,1279.0,1280.0,four_layer_exact,high,1.0,0.7074829931972789,0.9403957543104906,0.0,L,I;L;V,matches_consensus,True,False,,0.0,buried_core,False,False,False,False,8.379514335291976,True,True,unassigned_manual_review,,not_annotated_no_domain_boundaries,,True,False
6IV9,A,VI-D,binary,379,380,R,331.0,R,380.0,,ARG,True,1280.0,1281.0,four_layer_exact,high,1.0,0.9183673469387756,0.3724215158765141,0.0,R,K;R,matches_consensus,True,False,,0.059867978250799675,buried_core,False,True,False,False,6.4626877046309374,True,True,unassigned_manual_review,,not_annotated_no_domain_boundaries,,True,False
6IV9,A,VI-D,binary,380,381,E,332.0,E,381.0,,GLU,True,1281.0,1282.0,four_layer_exact,high,1.0,0.9387755102040816,0.3329962617527603,0.0,E,E,matches_consensus,True,False,,0.29202892873265135,surface,False,True,False,False,6.997505748092048,True,False,unassigned_manual_review,,not_annotated_no_domain_boundaries,,True,False
6IV9,A,VI-D,binary,381,382,K,333.0,K,382.0,,LYS,True,1282.0,1283.0,four_layer_exact,high,0.9835164835164836,0.1529947916666666,2.6583769167918456,0.0164835164835165,I,A;C;E;I;K;L;N;Q;S;T,differs_from_consensus,True,True,scaffold_differs_from_msa_consensus,0.1382473821412122,buried_core,False,False,False,False,9.85138330707645,True,True,unassigned_manual_review,,not_annotated_no_domain_boundaries,,True,False
6IV9,A,VI-D,binary,382,383,M,334.0,M,383.0,,MET,True,1283.0,1284.0,four_layer_exact,high,0.9835164835164836,0.388671875,1.4537946797931418,0.0164835164835165,M,I;L;M,matches_consensus,True,False,,0.0,buried_core,False,False,False,False,14.02466420443912,True,True,unassigned_manual_review,,not_annotated_no_domain_boundaries,,True,False
6IV9,A,VI-D,binary,383,384,L,335.0,L,384.0,,LEU,True,1284.0,1285.0,four_layer_exact,high,0.989010989010989,0.4896551724137931,1.4849654532787977,0.0109890109890109,L,F;I;L;V,matches_consensus,True,False,,0.012016201154626033,buried_core,False,False,False,False,10.738956138060235,True,True,unassigned_manual_review,,not_annotated_no_domain_boundaries,,True,False
6IV9,A,VI-D,binary,384,385,E,336.0,E,385.0,,GLU,True,1285.0,1286.0,four_layer_exact,high,0.967032967032967,0.3215130023640661,2.0545554518651894,0.0329670329670329,E,A;D;E;K;T,matches_consensus,True,False,,0.40795352859580153,surface,False,False,False,False,9.553986941368107,True,False,unassigned_manual_review,,not_annotated_no_domain_boundaries,,True,False
6IV9,A,VI-D,binary,385,386,E,337.0,E,386.0,,GLU,True,1294.0,1295.0,four_layer_exact,high,0.6648351648351648,0.2183908045977011,2.2766275839962757,0.3351648351648352,P,D;E;K;P;S;T,differs_from_consensus,False,True,scaffold_differs_from_msa_consensus,0.4794141392189567,surface,False,False,False,False,14.734584584195312,True,False,unassigned_manual_review,,not_annotated_no_domain_boundaries,,False,False
6IV9,A,VI-D,binary,386,387,Y,338.0,Y,387.0,,TYR,True,1295.0,1296.0,four_layer_exact,high,0.7527472527472527,0.2721480582524271,2.300478646670668,0.2472527472527472,E,D;E;G;N;Q;Y,differs_from_consensus,False,True,scaffold_differs_from_msa_consensus,0.2722619345514149,surface,False,False,False,False,17.014850408714747,True,False,unassigned_manual_review,,not_annotated_no_domain_boundaries,,False,False
6IV9,A,VI-D,binary,387,388,G,339.0,G,388.0,,GLY,True,1296.0,1297.0,four_layer_exact,high,0.7527472527472527,0.3689320388349514,2.0793457834291,0.2472527472527472,A,A;F;G;L;Y,differs_from_consensus,False,True,scaffold_differs_from_msa_consensus,0.0,buried_core,False,False,False,False,14.279714248056061,True,True,unassigned_manual_review,,not_annotated_no_domain_boundaries,,False,False
6IV9,A,VI-D,binary,388,389,F,340.0,F,389.0,,PHE,True,1297.0,1298.0,four_layer_exact,high,0.7637362637362637,0.2,2.495497538984417,0.2362637362637363,S,A;E;K;N;P;Q;S;T,differs_from_consensus,False,True,scaffold_differs_from_msa_consensus,0.5617831587866007,surface,False,False,False,False,12.609901071459674,True,False,unassigned_manual_review,,not_annotated_no_domain_boundaries,,False,False
6IV9,A,VI-D,binary,389,390,R,341.0,R,390.0,,ARG,True,1298.0,1299.0,four_layer_exact,high,0.5439560439560439,0.1354166666666666,2.80145769037482,0.4560439560439561,E,D;E;F;G;K;R;V;Y,differs_from_consensus,False,True,scaffold_differs_from_msa_consensus,0.3766977349533298,surface,False,False,False,False,13.34164641717999,True,False,unassigned_manual_review,,not_annotated_no_domain_boundaries,,False,False
6IV9,A,VI-D,binary,390,391,F,342.0,F,391.0,,PHE,True,1304.0,1305.0,four_layer_exact,high,0.7692307692307693,0.437956204379562,1.5540738784102612,0.2307692307692307,L,F;I;L;V;Y,differs_from_consensus,False,True,scaffold_differs_from_msa_consensus,0.010063568466999302,buried_core,False,False,False,False,10.735033288626457,True,True,unassigned_manual_review,,not_annotated_no_domain_boundaries,,False,False
6IV9,A,VI-D,binary,391,392,K,343.0,K,392.0,,LYS,True,1317.0,1318.0,four_layer_exact,high,0.7417582417582418,0.3939393939393939,1.895624631418794,0.2582417582417582,K,K;N;R;S;T,matches_consensus,False,False,,0.43044654212026706,surface,False,False,False,False,8.257766153614455,True,False,unassigned_manual_review,,not_annotated_no_domain_boundaries,,False,False
6IV9,A,VI-D,binary,392,393,D,344.0,D,393.0,,ASP,True,1318.0,1319.0,four_layer_exact,high,0.9505494505494504,0.4364508393285372,1.726737219707108,0.0494505494505495,D,D;E;G;N;S,matches_consensus,True,False,,0.3755776947349383,surface,False,False,False,False,9.473656569148973,True,False,unassigned_manual_review,,not_annotated_no_domain_boundaries,,True,False
6IV9,A,VI-D,binary,393,394,K,345.0,K,394.0,,LYS,True,1319.0,1320.0,four_layer_exact,high,0.9505494505494504,0.4170413669064748,1.9166068960674485,0.0494505494505495,K,D;E;K;N;Q;T,matches_consensus,True,False,,0.749987568684178,surface,False,False,False,False,9.356858599247742,True,False,unassigned_manual_review,,not_annotated_no_domain_boundaries,,True,False
6IV9,A,VI-D,binary,394,395,Q,346.0,Q,395.0,,GLN,True,1320.0,1321.0,four_layer_exact,high,0.945054945054945,0.2900815217391304,2.26751313735381,0.0549450549450549,K,D;E;K;Q;S,differs_from_consensus,True,True,scaffold_differs_from_msa_consensus,0.5324791783840542,surface,False,True,False,False,7.955315681820069,True,False,unassigned_manual_review,,not_annotated_no_domain_boundaries,,True,False
6IV9,A,VI-D,binary,395,396,Y,347.0,Y,396.0,,TYR,True,1328.0,1329.0,four_layer_exact,high,0.9835164835164836,0.5763888888888888,1.5655954542862445,0.0164835164835165,Y,F;H;L;M;Y,matches_consensus,True,False,,0.0947372469102546,buried_core,False,True,False,False,7.123107950757429,True,True,unassigned_manual_review,,not_annotated_no_domain_boundaries,,True,False
6IV9,A,VI-D,binary,396,397,D,348.0,D,397.0,,ASP,True,1329.0,1330.0,four_layer_exact,high,0.989010989010989,0.7034482758620689,0.9771299884301744,0.0109890109890109,D,D;N;S,matches_consensus,True,False,,0.5172826008553095,surface,False,True,False,False,5.9362807665718575,True,False,unassigned_manual_review,,not_annotated_no_domain_boundaries,,True,False
6IV9,A,VI-D,binary,397,398,S,349.0,S,398.0,,SER,True,1339.0,1340.0,four_layer_exact,high,1.0,0.5644132653061225,1.3492588774272718,0.0,S,N;S;T,matches_consensus,True,False,,0.28923301797513046,surface,True,False,True,False,2.6052884859753482,True,False,unassigned_manual_review,,not_annotated_no_domain_boundaries,,True,False
6IV9,A,VI-D,binary,398,399,V,350.0,V,399.0,,VAL,True,1340.0,1341.0,four_layer_exact,high,1.0,0.4217687074829932,1.925199117995484,0.0,V,C;F;I;V;Y,matches_consensus,True,False,,0.013880784092412831,buried_core,True,False,True,False,3.48942824406231,True,True,unassigned_manual_review,,not_annotated_no_domain_boundaries,,True,False
6IV9,A,VI-D,binary,399,400,R,351.0,R,400.0,,ARG,True,1341.0,1342.0,four_layer_exact,high,1.0,0.891156462585034,0.447573497919058,0.0,R,K;R,matches_consensus,True,False,,0.1465220468567689,buried_core,False,True,False,False,5.299062794725452,True,True,unassigned_manual_review,,not_annotated_no_domain_boundaries,,True,False
6IV9,A,VI-D,binary,400,401,S,352.0,S,401.0,,SER,True,1342.0,1343.0,four_layer_exact,high,1.0,0.4285714285714285,1.8646521770095157,0.0,S,G;H;N;Q;S,matches_consensus,True,False,,0.18412116506784976,buried_core,True,False,True,False,4.7723918593963885,True,True,unassigned_manual_review,,not_annotated_no_domain_boundaries,,True,False
6IV9,A,VI-D,binary,401,402,K,353.0,K,402.0,,LYS,True,1343.0,1344.0,four_layer_exact,high,1.0,0.8843537414965986,0.5502227380803095,0.0,K,K;R,matches_consensus,True,False,,0.0,buried_core,True,False,True,False,2.737229314372149,True,True,unassigned_manual_review,,not_annotated_no_domain_boundaries,,True,False
6IV9,A,VI-D,binary,402,403,M,354.0,M,403.0,,MET,True,1344.0,1345.0,four_layer_exact,high,1.0,0.6326530612244898,1.2602980918772664,0.0,L,F;I;L;M,differs_from_consensus,True,True,scaffold_differs_from_msa_consensus,0.0,buried_core,False,True,False,False,7.0579086356667355,True,True,unassigned_manual_review,,not_annotated_no_domain_boundaries,,True,False
6IV9,A,VI-D,binary,403,404,Y,355.0,Y,404.0,,TYR,True,1345.0,1346.0,four_layer_exact,high,1.0,0.7414965986394558,0.8412463775084362,0.0,Y,N;Y,matches_consensus,True,False,,0.11168703516781267,buried_core,False,True,False,False,5.726851873236575,True,True,unassigned_manual_review,,not_annotated_no_domain_boundaries,,True,False
6IV9,A,VI-D,binary,404,405,K,356.0,K,405.0,,LYS,True,1346.0,1347.0,four_layer_exact,high,1.0,0.2789115646258503,2.131463212267474,0.0,K,K;Q;R;S;T,matches_consensus,True,False,,0.009267698328089892,buried_core,True,False,True,False,2.761774808024956,True,True,unassigned_manual_review,,not_annotated_no_domain_boundaries,,True,False
6IV9,A,VI-D,binary,405,406,L,357.0,L,406.0,,LEU,True,1347.0,1348.0,four_layer_exact,high,1.0,0.4421768707482993,1.7099606389579318,0.0,L,F;I;L;M;V,matches_consensus,True,False,,0.0060081005773130166,buried_core,False,False,False,False,8.067181641379516,True,True,unassigned_manual_review,,not_annotated_no_domain_boundaries,,True,False
6IV9,A,VI-D,binary,406,407,M,358.0,M,407.0,,MET,True,1348.0,1349.0,four_layer_exact,high,1.0,0.272108843537415,1.916129955052642,0.0,I,F;I;L;M;T,differs_from_consensus,True,True,scaffold_differs_from_msa_consensus,0.0,buried_core,False,False,False,False,10.890383565092083,True,True,unassigned_manual_review,,not_annotated_no_domain_boundaries,,True,False
6IV9,A,VI-D,binary,407,408,D,359.0,D,408.0,,ASP,True,1349.0,1350.0,four_layer_exact,high,1.0,0.8299319727891157,0.7323686358194832,0.0,D,D;N,matches_consensus,True,False,,0.0,buried_core,False,True,False,False,7.423321045050783,True,True,unassigned_manual_review,,not_annotated_no_domain_boundaries,,True,False
6IV9,A,VI-D,binary,408,409,F,360.0,F,409.0,,PHE,True,1350.0,1351.0,four_layer_exact,high,1.0,0.8775510204081632,0.4144903141283139,0.0,F,F;Y,matches_consensus,True,False,,0.005031784233499651,buried_core,False,False,False,False,10.229136136563287,True,True,unassigned_manual_review,,not_annotated_no_domain_boundaries,,True,False
6IV9,A,VI-D,binary,409,410,L,361.0,L,410.0,,LEU,True,1351.0,1352.0,four_layer_exact,high,1.0,0.2993197278911564,1.8451094753767685,0.0,I,A;C;I;L;M;V,differs_from_consensus,True,True,scaffold_differs_from_msa_consensus,0.012016201154626033,buried_core,False,False,False,False,13.065124490938334,True,True,unassigned_manual_review,,not_annotated_no_domain_boundaries,,True,False
6IV9,A,VI-D,binary,410,411,L,362.0,L,411.0,,LEU,True,1352.0,1353.0,four_layer_exact,high,1.0,0.5850340136054422,0.8941066555717766,0.0,I,I;L,differs_from_consensus,True,True,scaffold_differs_from_msa_consensus,0.0,buried_core,False,False,False,False,11.058604017467257,True,True,unassigned_manual_review,,not_annotated_no_domain_boundaries,,True,False
6IV9,A,VI-D,binary,411,412,F,363.0,F,412.0,,PHE,True,1353.0,1354.0,four_layer_exact,high,1.0,0.4897959183673469,1.630093046751539,0.0,Y,F;V;W;Y,differs_from_consensus,True,True,scaffold_differs_from_msa_consensus,0.0,buried_core,False,False,False,False,10.454358892925566,True,True,unassigned_manual_review,,not_annotated_no_domain_boundaries,,True,False
6IV9,A,VI-D,binary,412,413,C,364.0,C,413.0,,CYS,True,1354.0,1355.0,four_layer_exact,high,0.9945054945054944,0.2330907534246575,2.197380744921965,0.0054945054945054,R,D;H;K;R;Y,differs_from_consensus,True,True,scaffold_differs_from_msa_consensus,0.0,buried_core,False,False,False,False,13.202268028220667,True,True,unassigned_manual_review,,not_annotated_no_domain_boundaries,,True,False
6IV9,A,VI-D,binary,413,414,N,365.0,N,414.0,,ASN,True,1355.0,1356.0,four_layer_exact,high,0.989010989010989,0.3586206896551724,2.3468570009870247,0.0109890109890109,Y,E;G;H;Y,differs_from_consensus,True,True,scaffold_differs_from_msa_consensus,0.0054946616618601046,buried_core,False,False,False,False,14.520208767092997,True,True,unassigned_manual_review,,not_annotated_no_domain_boundaries,,True,False
6IV9,A,VI-D,binary,414,415,Y,366.0,Y,415.0,,TYR,True,1356.0,1357.0,four_layer_exact,high,0.989010989010989,0.5103448275862069,1.398364346465243,0.0109890109890109,Y,F;I;L;Y,matches_consensus,True,False,,0.0,buried_core,False,False,False,False,10.965473863029796,True,True,unassigned_manual_review,,not_annotated_no_domain_boundaries,,True,False
6IV9,A,VI-D,binary,415,416,Y,367.0,Y,416.0,,TYR,True,1357.0,1358.0,four_layer_exact,high,0.9725274725274724,0.1549295774647887,2.615096154671812,0.0274725274725274,K,E;I;K;L;N;R;S;T;V,differs_from_consensus,True,True,scaffold_differs_from_msa_consensus,0.23080017421731241,surface,False,False,False,False,11.38231121779953,True,False,unassigned_manual_review,,not_annotated_no_domain_boundaries,,True,False
6IV9,A,VI-D,binary,416,417,R,368.0,R,417.0,,ARG,True,1364.0,1365.0,four_layer_exact,high,0.8406593406593407,0.2370233050847457,2.2794906108007345,0.1593406593406593,E,D;E;K;N;Q;S,differs_from_consensus,True,True,scaffold_differs_from_msa_consensus,0.33957470406385426,surface,False,False,False,False,14.895367287929991,True,False,unassigned_manual_review,,not_annotated_no_domain_boundaries,,True,False
6IV9,A,VI-D,binary,417,418,N,369.0,N,418.0,,ASN,True,1378.0,1379.0,four_layer_exact,high,0.956043956043956,0.2568195443645084,2.1486389561885093,0.0439560439560439,N,D;E;H;K;N;R;S,matches_consensus,True,False,,0.4671992932078992,surface,False,False,False,False,17.31009345725836,True,False,unassigned_manual_review,,not_annotated_no_domain_boundaries,,True,False
6IV9,A,VI-D,binary,418,419,D,370.0,D,419.0,,ASP,True,1379.0,1380.0,four_layer_exact,high,0.934065934065934,0.2,2.290201628033181,0.0659340659340659,P,A;D;E;K;N;P;Q;S,differs_from_consensus,True,True,scaffold_differs_from_msa_consensus,0.21862906484133515,surface,False,False,False,False,13.833080029795235,True,False,unassigned_manual_review,,not_annotated_no_domain_boundaries,,True,False
6IV9,A,VI-D,binary,419,420,V,371.0,V,420.0,,VAL,True,1380.0,1381.0,four_layer_exact,high,0.8241758241758241,0.3046195652173913,2.126673938915689,0.1758241758241758,E,A;D;E;G;K;N;S,differs_from_consensus,True,True,scaffold_differs_from_msa_consensus,0.2290329375248117,surface,False,False,False,False,11.930491877952237,True,False,unassigned_manual_review,,not_annotated_no_domain_boundaries,,True,False
6IV9,A,VI-D,binary,420,421,A,372.0,A,421.0,,ALA,True,1382.0,1383.0,four_layer_exact,high,0.8186813186813187,0.2807017543859649,2.2104926532452183,0.1813186813186813,K,E;K;Q;R,differs_from_consensus,True,True,scaffold_differs_from_msa_consensus,0.2995666892502118,surface,False,False,False,False,11.993073567327935,True,False,unassigned_manual_review,,not_annotated_no_domain_boundaries,,True,False
6IV9,A,VI-D,binary,421,422,A,373.0,A,422.0,,ALA,True,1441.0,1442.0,four_layer_exact,high,0.9010989010989012,0.2692307692307692,2.2293803660384617,0.0989010989010988,A,A;I;L;S;V,matches_consensus,True,False,,0.09273056083002988,buried_core,False,False,False,False,10.230114067682708,True,True,unassigned_manual_review,,not_annotated_no_domain_boundaries,,True,False
6IV9,A,VI-D,binary,422,423,G,374.0,G,423.0,,GLY,True,1442.0,1443.0,four_layer_exact,high,0.3406593406593406,0.25,2.247250906278105,0.6593406593406593,L,C;I;L;R;S;T;V,differs_from_consensus,False,True,scaffold_differs_from_msa_consensus,0.0,buried_core,False,True,False,False,7.405832364541698,True,True,unassigned_manual_review,,not_annotated_no_domain_boundaries,,False,False
6IV9,A,VI-D,binary,423,424,E,375.0,E,424.0,,GLU,True,1443.0,1444.0,four_layer_exact,high,1.0,0.3013747165532879,2.0156646799666533,0.0,D,D;E;N;Q;S,differs_from_consensus,True,True,scaffold_differs_from_msa_consensus,0.4254208964526362,surface,False,True,False,False,7.813218157632652,True,False,unassigned_manual_review,,not_annotated_no_domain_boundaries,,True,False
6IV9,A,VI-D,binary,424,425,A,376.0,A,425.0,,ALA,True,1444.0,1445.0,four_layer_exact,high,1.0,0.2517006802721088,2.345482959311957,0.0,E,A;D;E;K;N;Q;R;S,differs_from_consensus,True,True,scaffold_differs_from_msa_consensus,0.15914480366417502,buried_core,False,False,False,False,8.372666110866206,True,True,unassigned_manual_review,,not_annotated_no_domain_boundaries,,True,False
6IV9,A,VI-D,binary,425,426,L,377.0,L,426.0,,LEU,True,1445.0,1446.0,four_layer_exact,high,1.0,0.2925170068027211,2.0303833825336195,0.0,L,F;I;L;M;N;T;Y,matches_consensus,True,False,,0.0,buried_core,False,True,False,False,5.532931530513496,True,True,unassigned_manual_review,,not_annotated_no_domain_boundaries,,True,False
6IV9,A,VI-D,binary,426,427,V,378.0,V,427.0,,VAL,True,1446.0,1447.0,four_layer_exact,high,1.0,0.7346938775510204,1.013560840988167,0.0,V,I;V,matches_consensus,True,False,,0.06940392046206416,buried_core,True,False,True,False,3.80934401494805,True,True,unassigned_manual_review,,not_annotated_no_domain_boundaries,,True,False
6IV9,A,VI-D,binary,427,428,R,379.0,R,428.0,,ARG,True,1447.0,1448.0,four_layer_exact,high,1.0,0.2312925170068027,2.2179089351191426,0.0,E,A;D;E;N;S,differs_from_consensus,True,True,scaffold_differs_from_msa_consensus,0.1413567640449361,buried_core,False,True,False,False,5.946308116814818,True,True,unassigned_manual_review,,not_annotated_no_domain_boundaries,,True,False
6IV9,A,VI-D,binary,428,429,K,380.0,K,429.0,,LYS,True,1448.0,1449.0,four_layer_exact,high,1.0,0.238095238095238,2.461115116554963,0.0,K,A;D;E;K;Q;R;S,matches_consensus,True,False,,0.19888411390547855,buried_core,False,True,False,False,6.762570938206785,True,True,unassigned_manual_review,,not_annotated_no_domain_boundaries,,True,False
6IV9,A,VI-D,binary,429,430,L,381.0,L,430.0,,LEU,True,1449.0,1450.0,four_layer_exact,high,1.0,1.0,-0.0,0.0,L,L,matches_consensus,True,False,,0.0,buried_core,True,False,True,False,3.617708724446269,True,True,unassigned_manual_review,,not_annotated_no_domain_boundaries,,True,False
6IV9,A,VI-D,binary,430,431,R,382.0,R,431.0,,ARG,True,1450.0,1451.0,four_layer_exact,high,1.0,0.9319727891156464,0.3638624342161701,0.0,R,R,matches_consensus,True,False,,0.007982397100106621,buried_core,True,False,True,False,2.6834581260835555,True,True,unassigned_manual_review,,not_annotated_no_domain_boundaries,,True,False
6IV9,A,VI-D,binary,431,432,F,383.0,F,432.0,,PHE,True,1451.0,1452.0,four_layer_exact,high,1.0,0.3469387755102041,2.235741102985488,0.0,A,A;G;L;S,differs_from_consensus,True,True,scaffold_differs_from_msa_consensus,0.010063568466999302,buried_core,False,True,False,False,5.590663790504857,True,True,unassigned_manual_review,,not_annotated_no_domain_boundaries,,True,False
6IV9,A,VI-D,binary,432,433,S,384.0,S,433.0,,SER,True,1452.0,1453.0,four_layer_exact,high,0.9945054945054944,0.2646261415525114,1.911215964175884,0.0054945054945054,S,A;C;N;S;T,matches_consensus,True,False,,0.013825277729841554,buried_core,False,True,False,False,5.250777599908709,True,True,unassigned_manual_review,,not_annotated_no_domain_boundaries,,True,False
6IV9,A,VI-D,binary,433,434,M,385.0,M,434.0,,MET,True,1453.0,1454.0,four_layer_exact,high,1.0,0.1972789115646258,2.573365905557752,0.0,L,A;E;I;L;M;Q;T;V,differs_from_consensus,True,True,scaffold_differs_from_msa_consensus,0.04791287835884844,buried_core,False,True,False,False,5.333898446474103,True,True,unassigned_manual_review,,not_annotated_no_domain_boundaries,,True,False
6IV9,A,VI-D,binary,434,435,T,386.0,T,435.0,,THR,True,1463.0,1464.0,four_layer_exact,high,0.989010989010989,0.2344827586206896,2.1566729463705903,0.0109890109890109,S,D;G;N;S;T,differs_from_consensus,True,True,scaffold_differs_from_msa_consensus,0.11540019600460813,buried_core,False,True,False,False,6.9239604536416754,True,True,unassigned_manual_review,,not_annotated_no_domain_boundaries,,True,False
6IV9,A,VI-D,binary,435,436,D,387.0,D,436.0,,ASP,True,1464.0,1465.0,four_layer_exact,high,0.989010989010989,0.4758620689655172,1.2142240834917557,0.0109890109890109,E,D;E,differs_from_consensus,True,True,scaffold_differs_from_msa_consensus,0.5534363095557352,surface,False,True,False,False,6.113192009727132,True,False,unassigned_manual_review,,not_annotated_no_domain_boundaries,,True,False
6IV9,A,VI-D,binary,436,437,D,388.0,D,437.0,,ASP,True,1465.0,1466.0,four_layer_exact,high,0.978021978021978,0.5128205128205128,1.7173787131873783,0.021978021978022,E,A;D;E,differs_from_consensus,True,True,scaffold_differs_from_msa_consensus,0.5213304046291618,surface,False,False,False,False,9.60757562016709,True,False,unassigned_manual_review,,not_annotated_no_domain_boundaries,,True,False
6IV9,A,VI-D,binary,437,438,E,389.0,E,438.0,,GLU,True,1481.0,1482.0,four_layer_exact,high,0.9615384615384616,0.3928571428571428,1.8100121644774785,0.0384615384615384,E,A;D;E;G;Q,matches_consensus,True,False,,0.24774441882183454,surface,False,False,False,False,9.137682692138778,True,False,unassigned_manual_review,,not_annotated_no_domain_boundaries,,True,False
6IV9,A,VI-D,binary,438,439,K,390.0,K,439.0,,LYS,True,1483.0,1484.0,four_layer_exact,high,1.0,0.9251700680272108,0.3108673782336407,0.0,K,K;R,matches_consensus,True,False,,0.10069336928086406,buried_core,True,False,True,False,3.0735933910226962,True,True,unassigned_manual_review,,not_annotated_no_domain_boundaries,,True,False
6IV9,A,VI-D,binary,439,440,E,391.0,E,440.0,,GLU,True,1484.0,1485.0,four_layer_exact,high,1.0,0.4557823129251701,1.7742692619317308,0.0,E,D;E;K,matches_consensus,True,False,,0.26877629687244187,surface,False,True,False,False,6.984335964699371,True,False,unassigned_manual_review,,not_annotated_no_domain_boundaries,,True,False
6IV9,A,VI-D,binary,440,441,G,392.0,G,441.0,,GLY,True,1493.0,1494.0,four_layer_exact,high,1.0,0.1632653061224489,2.56909334204242,0.0,A,A;D;E;K;N;Q;R;S,differs_from_consensus,True,True,scaffold_differs_from_msa_consensus,0.18578895631383327,buried_core,False,False,False,False,9.851932347797652,True,True,unassigned_manual_review,,not_annotated_no_domain_boundaries,,True,False
6IV9,A,VI-D,binary,441,442,I,393.0,I,442.0,,ILE,True,1494.0,1495.0,four_layer_exact,high,1.0,0.4285714285714285,1.7428869139002894,0.0,I,A;F;I;L;V,matches_consensus,True,False,,0.006130092467207697,buried_core,False,True,False,False,7.609536261221208,True,True,unassigned_manual_review,,not_annotated_no_domain_boundaries,,True,False
6IV9,A,VI-D,binary,442,443,Y,394.0,Y,443.0,,TYR,True,1495.0,1496.0,four_layer_exact,high,1.0,1.0,-0.0,0.0,Y,Y,matches_consensus,True,False,,0.0,buried_core,True,False,True,False,2.654572319131381,True,True,unassigned_manual_review,,not_annotated_no_domain_boundaries,,True,False
6IV9,A,VI-D,binary,443,444,A,395.0,A,444.0,,ALA,True,1496.0,1497.0,four_layer_exact,high,1.0,0.1428571428571428,2.580951258992332,0.0,R,A;D;E;I;K;L;N;Q;R;S,differs_from_consensus,True,True,scaffold_differs_from_msa_consensus,0.20489652372791442,surface,False,False,False,False,10.077206522229918,True,False,unassigned_manual_review,,not_annotated_no_domain_boundaries,,True,False
6IV9,A,VI-D,binary,444,445,D,396.0,D,445.0,,ASP,True,1497.0,1498.0,four_layer_exact,high,1.0,0.1496598639455782,2.369323817968326,0.0,E,A;D;E;K;N;Q;R;S,differs_from_consensus,True,True,scaffold_differs_from_msa_consensus,0.3859753572020277,surface,False,False,False,False,12.11534690136404,True,False,unassigned_manual_review,,not_annotated_no_domain_boundaries,,True,False
6IV9,A,VI-D,binary,445,446,E,397.0,E,446.0,,GLU,True,1498.0,1499.0,four_layer_exact,high,1.0,0.4217687074829932,1.9739928392220103,0.0,E,A;E;F;I;L;Y,matches_consensus,True,False,,0.014414246960485027,buried_core,False,False,False,False,10.411447843198166,True,True,unassigned_manual_review,,not_annotated_no_domain_boundaries,,True,False
6IV9,A,VI-D,binary,446,447,A,398.0,A,447.0,,ALA,True,1503.0,1504.0,four_layer_exact,high,1.0,0.8435374149659864,0.704003828144631,0.0,A,A;S,matches_consensus,True,False,,0.0,buried_core,False,False,False,False,12.250086985295995,True,True,unassigned_manual_review,,not_annotated_no_domain_boundaries,,True,False
6IV9,A,VI-D,binary,447,448,A,399.0,A,448.0,,ALA,True,1504.0,1505.0,four_layer_exact,high,1.0,0.2131519274376417,2.3213737058840342,0.0,E,A;D;E;K;N;R;S,differs_from_consensus,True,True,scaffold_differs_from_msa_consensus,0.3326515077346772,surface,False,False,False,False,14.88872772067097,True,False,unassigned_manual_review,,not_annotated_no_domain_boundaries,,True,False
6IV9,A,VI-D,binary,448,449,K,400.0,K,449.0,,LYS,True,1505.0,1506.0,four_layer_exact,high,1.0,0.1972789115646258,2.625432333877093,0.0,R,A;D;E;I;K;R;S,differs_from_consensus,True,True,scaffold_differs_from_msa_consensus,0.5316016190265426,surface,False,False,False,False,15.136957394931654,True,False,unassigned_manual_review,,not_annotated_no_domain_boundaries,,True,False
6IV9,A,VI-D,binary,449,450,L,401.0,L,450.0,,LEU,True,1506.0,1507.0,four_layer_exact,high,0.9945054945054944,0.4246575342465753,1.732594913941025,0.0054945054945054,L,F;I;L;V,matches_consensus,True,False,,0.012016201154626033,buried_core,False,False,False,False,12.662692830351151,True,True,unassigned_manual_review,,not_annotated_no_domain_boundaries,,True,False
6IV9,A,VI-D,binary,450,451,W,402.0,W,451.0,,TRP,True,1512.0,1513.0,four_layer_exact,high,0.945054945054945,0.561815693430657,1.6265565502127437,0.0549450549450549,W,A;F;K;W;Y,matches_consensus,True,False,,0.03773548817906645,buried_core,False,False,False,False,17.54759459298217,True,True,unassigned_manual_review,,not_annotated_no_domain_boundaries,,True,False
6IV9,A,VI-D,binary,451,452,G,403.0,G,452.0,,GLY,True,1513.0,1514.0,four_layer_exact,high,0.934065934065934,0.1777777777777777,2.491302523823853,0.0659340659340659,N,A;D;E;K;N;P;S,differs_from_consensus,True,True,scaffold_differs_from_msa_consensus,0.6460299842854911,surface,False,False,False,False,20.138175046798953,True,False,unassigned_manual_review,,not_annotated_no_domain_boundaries,,True,False
6IV9,A,VI-D,binary,452,453,K,404.0,K,453.0,,LYS,True,1514.0,1515.0,four_layer_exact,high,0.9505494505494504,0.2028985507246377,2.4104156145397626,0.0494505494505495,K,A;D;E;K;R;S,matches_consensus,True,False,,0.3735710954723443,surface,False,False,False,False,18.26352505163293,True,False,unassigned_manual_review,,not_annotated_no_domain_boundaries,,True,False
6IV9,A,VI-D,binary,453,454,F,405.0,F,454.0,,PHE,True,1558.0,1559.0,four_layer_exact,high,0.978021978021978,0.2727272727272727,2.1448269525385717,0.021978021978022,L,F;I;L;N;V;Y,differs_from_consensus,True,True,scaffold_differs_from_msa_consensus,0.045286058101496864,buried_core,False,False,False,False,16.472078380295002,True,True,unassigned_manual_review,,not_annotated_no_domain_boundaries,,True,False
6IV9,A,VI-D,binary,454,455,R,406.0,R,455.0,,ARG,True,1559.0,1560.0,four_layer_exact,high,0.978021978021978,0.2587412587412587,2.078267806016698,0.021978021978022,K,E;G;K;R;S,differs_from_consensus,True,True,scaffold_differs_from_msa_consensus,0.3671157397718815,surface,False,False,False,False,20.182636548296298,True,False,unassigned_manual_review,,not_annotated_no_domain_boundaries,,True,False
6IV9,A,VI-D,binary,455,456,N,407.0,N,456.0,,ASN,True,1560.0,1561.0,four_layer_exact,high,0.9725274725274724,0.2464788732394366,2.33707591369517,0.0274725274725274,D,D;E;G;K;N;S,differs_from_consensus,True,True,scaffold_differs_from_msa_consensus,0.5419909800724012,surface,False,False,False,False,19.352196661593847,True,False,unassigned_manual_review,,not_annotated_no_domain_boundaries,,True,False
6IV9,A,VI-D,binary,456,457,D,408.0,D,457.0,,ASP,True,1612.0,1613.0,four_layer_exact,high,0.9615384615384616,0.15,2.6274251197114253,0.0384615384615384,K,A;D;I;K;L;P;Q;R;S;T;V,differs_from_consensus,True,True,scaffold_differs_from_msa_consensus,0.18320283831124234,buried_core,False,False,False,False,16.581936254836144,True,True,unassigned_manual_review,,not_annotated_no_domain_boundaries,,True,False
6IV9,A,VI-D,binary,457,458,F,409.0,F,458.0,,PHE,True,1613.0,1614.0,four_layer_exact,high,0.9835164835164836,0.3125,1.6765038569311987,0.0164835164835165,I,F;I;L;V,differs_from_consensus,True,True,scaffold_differs_from_msa_consensus,0.0,buried_core,False,False,False,False,14.777918486189481,True,True,unassigned_manual_review,,not_annotated_no_domain_boundaries,,True,False
6IV9,A,VI-D,binary,458,459,E,410.0,E,459.0,,GLU,True,1615.0,1616.0,four_layer_exact,high,0.945054945054945,0.181159420289855,2.493729977501687,0.0549450549450549,N,A;D;E;K;L;N;Q;R,differs_from_consensus,True,True,scaffold_differs_from_msa_consensus,0.2175954416604776,surface,False,False,False,False,15.532245416336758,True,False,unassigned_manual_review,,not_annotated_no_domain_boundaries,,True,False
6IV9,A,VI-D,binary,459,460,N,411.0,N,460.0,,ASN,True,1616.0,1617.0,four_layer_exact,high,0.934065934065934,0.2134650735294117,2.6291662866310275,0.0659340659340659,K,D;E;K;N;R;S;T;Y,differs_from_consensus,True,True,scaffold_differs_from_msa_consensus,0.27310995911011365,surface,False,False,False,False,13.893714599584309,True,False,unassigned_manual_review,,not_annotated_no_domain_boundaries,,True,False
6IV9,A,VI-D,binary,460,461,I,412.0,I,461.0,,ILE,True,1617.0,1618.0,four_layer_exact,high,0.945054945054945,0.2608695652173913,2.1771218718041907,0.0549450549450549,I,A;F;I;L;M;V,matches_consensus,True,False,,0.018390277401623092,buried_core,False,False,False,False,11.0259405939187,True,True,unassigned_manual_review,,not_annotated_no_domain_boundaries,,True,False
6IV9,A,VI-D,binary,461,462,A,413.0,A,462.0,,ALA,True,1618.0,1619.0,four_layer_exact,high,0.8846153846153846,0.2047244094488189,2.4295383116632627,0.1153846153846154,L,A;C;I;K;L;V,differs_from_consensus,True,True,scaffold_differs_from_msa_consensus,0.028084377117207356,buried_core,False,False,False,False,10.909417719601095,True,True,unassigned_manual_review,,not_annotated_no_domain_boundaries,,True,False
6IV9,A,VI-D,binary,462,463,D,414.0,D,463.0,,ASP,True,1619.0,1620.0,four_layer_exact,high,0.8736263736263736,0.24,2.27293731708002,0.1263736263736263,P,D;E;K;N;P;S,differs_from_consensus,True,True,scaffold_differs_from_msa_consensus,0.5546400115948422,surface,False,False,False,False,11.60935122170808,True,False,unassigned_manual_review,,not_annotated_no_domain_boundaries,,True,False
6IV9,A,VI-D,binary,463,464,H,415.0,H,464.0,,HIS,True,1620.0,1621.0,four_layer_exact,high,0.8571428571428571,0.1226946721311475,2.6848771729341925,0.1428571428571429,A,A;K;L;M;Q;R;S,differs_from_consensus,True,True,scaffold_differs_from_msa_consensus,0.2260123464848193,surface,False,False,False,False,8.281507575707677,True,False,unassigned_manual_review,,not_annotated_no_domain_boundaries,,True,False
6IV9,A,VI-D,binary,464,465,M,416.0,M,465.0,,MET,True,1621.0,1622.0,four_layer_exact,high,0.8571428571428571,0.221311475409836,1.9900906288311284,0.1428571428571429,L,F;I;L;M;V,differs_from_consensus,True,True,scaffold_differs_from_msa_consensus,0.023916496072828582,buried_core,False,True,False,False,6.774600112421989,True,True,unassigned_manual_review,,not_annotated_no_domain_boundaries,,True,False
6IV9,A,VI-D,binary,465,466,N,417.0,N,466.0,,ASN,True,1642.0,1643.0,four_layer_exact,high,0.8131868131868132,0.3274336283185841,2.0235842718943307,0.1868131868131868,N,D;E;K;N;S,matches_consensus,True,False,,0.2428174016642132,surface,False,True,False,False,5.001586274213006,True,False,unassigned_manual_review,,not_annotated_no_domain_boundaries,,True,False
6IV9,A,VI-D,binary,466,467,G,418.0,G,467.0,,GLY,True,1643.0,1644.0,four_layer_exact,high,0.6868131868131868,0.5420138888888889,1.5542509616949942,0.3131868131868132,G,A;E;G;K,matches_consensus,False,False,,0.1963123250594657,buried_core,True,False,True,False,3.3478888999208682,True,True,unassigned_manual_review,,not_annotated_no_domain_boundaries,,False,False
6IV9,A,VI-D,binary,467,468,D,419.0,D,468.0,,ASP,True,1649.0,1650.0,four_layer_exact,high,0.6703296703296703,0.2992097701149425,2.234683528872811,0.3296703296703297,K,A;D;K;N;S,differs_from_consensus,False,True,scaffold_differs_from_msa_consensus,0.6376451868107702,surface,False,True,False,False,5.365659356994456,True,False,unassigned_manual_review,,not_annotated_no_domain_boundaries,,False,False
6IV9,A,VI-D,binary,468,469,V,420.0,V,469.0,,VAL,True,1650.0,1651.0,four_layer_exact,high,0.6703296703296703,0.2640086206896552,2.3083275238481704,0.3296703296703297,N,A;E;K;N;S;T;Y,differs_from_consensus,False,True,scaffold_differs_from_msa_consensus,0.15268862501654115,buried_core,False,True,False,False,7.50691655988645,True,True,unassigned_manual_review,,not_annotated_no_domain_boundaries,,False,False
6IV9,A,VI-D,binary,469,470,I,421.0,I,470.0,,ILE,True,1698.0,1699.0,four_layer_exact,high,0.7637362637362637,0.73046875,0.906308675562731,0.2362637362637363,I,I;L;V,matches_consensus,False,False,,0.006130092467207697,buried_core,True,False,True,False,3.254951793912826,True,True,unassigned_manual_review,,not_annotated_no_domain_boundaries,,False,False
6IV9,A,VI-D,binary,470,471,K,422.0,K,471.0,,LYS,True,1713.0,1714.0,four_layer_exact,high,0.9505494505494504,0.5434782608695652,1.6373027553552315,0.0494505494505495,K,E;K;Q;R;S,matches_consensus,True,False,,0.5730034439195408,surface,False,True,False,False,5.404814680904948,True,False,unassigned_manual_review,,not_annotated_no_domain_boundaries,,True,False
6IV9,A,VI-D,binary,471,472,E,423.0,E,472.0,,GLU,True,1715.0,1716.0,four_layer_exact,high,0.9395604395604396,0.1985294117647058,2.2649299702020453,0.0604395604395604,E,D;E;G;K;N;Q,matches_consensus,True,False,,0.5464289595136399,surface,False,False,False,False,8.077109851720879,True,False,unassigned_manual_review,,not_annotated_no_domain_boundaries,,True,False
6IV9,A,VI-D,binary,472,473,L,424.0,L,473.0,,LEU,True,1716.0,1717.0,four_layer_exact,high,0.9395604395604396,0.2867647058823529,2.259406732441456,0.0604395604395604,L,A;F;I;K;L;M;V;Y,matches_consensus,True,False,,0.160863798254345,buried_core,False,True,False,False,7.063540163213695,True,True,unassigned_manual_review,,not_annotated_no_domain_boundaries,,True,False
6IV9,A,VI-D,binary,473,474,G,425.0,G,474.0,,GLY,True,1717.0,1718.0,four_layer_exact,high,0.934065934065934,0.2298611111111111,2.4768306474043302,0.0659340659340659,K,D;E;K;N;Q;R;S;T,differs_from_consensus,True,True,scaffold_differs_from_msa_consensus,0.2693461377823344,surface,False,True,False,False,5.653987681197344,True,False,unassigned_manual_review,,not_annotated_no_domain_boundaries,,True,False
6IV9,A,VI-D,binary,474,475,K,426.0,K,475.0,,LYS,True,1718.0,1719.0,four_layer_exact,high,0.9175824175824177,0.3169981060606061,2.321887168082493,0.0824175824175824,K,A;D;G;K;N;P;R;S,matches_consensus,True,False,,0.6417103947375483,surface,False,True,False,False,7.878855052999171,True,False,unassigned_manual_review,,not_annotated_no_domain_boundaries,,True,False
6IV9,A,VI-D,binary,475,476,A,427.0,A,476.0,,ALA,True,1774.0,1775.0,four_layer_exact,high,0.2527472527472527,0.1860465116279069,2.3180711122468587,0.7472527472527473,D,A;D;E;K;N;S,differs_from_consensus,False,True,scaffold_differs_from_msa_consensus,0.3370125254064883,surface,False,False,False,False,10.107505386545347,True,False,unassigned_manual_review,,not_annotated_no_domain_boundaries,,False,False
6IV9,A,VI-D,binary,476,477,D,428.0,D,477.0,,ASP,True,1775.0,1776.0,four_layer_exact,high,0.2582417582417582,0.1515151515151515,2.423162143361338,0.7417582417582418,D,A;D;E;G;K;N;Q;S;V,matches_consensus,False,False,,0.7825601169604604,surface,False,False,False,False,12.88533591752269,True,False,unassigned_manual_review,,not_annotated_no_domain_boundaries,,False,False
6IV9,A,VI-D,binary,477,478,M,429.0,M,478.0,,MET,True,1776.0,1777.0,four_layer_exact,high,0.2582417582417582,0.2045454545454545,2.5900303417777395,0.7417582417582418,K,A;E;K;L;S;W;Y,differs_from_consensus,False,True,scaffold_differs_from_msa_consensus,0.1696154288653451,buried_core,False,False,False,False,10.697749581705866,True,True,unassigned_manual_review,,not_annotated_no_domain_boundaries,,False,False
6IV9,A,VI-D,binary,478,479,D,430.0,D,479.0,,ASP,True,1777.0,1778.0,four_layer_exact,high,0.3461538461538461,0.25,2.189243332174502,0.6538461538461539,K,D;E;K;N;Q;R;S,differs_from_consensus,False,True,scaffold_differs_from_msa_consensus,0.7899990176997895,surface,False,False,False,False,15.070095054871437,True,False,unassigned_manual_review,,not_annotated_no_domain_boundaries,,False,False
6IV9,A,VI-D,binary,479,480,F,431.0,F,480.0,,PHE,True,1779.0,1780.0,four_layer_exact,high,0.912087912087912,0.3435114503816794,1.9320333962666136,0.0879120879120879,F,F;I;L;V;Y,matches_consensus,True,False,,0.3046124365236179,surface,False,False,False,False,14.673993252752025,True,False,unassigned_manual_review,,not_annotated_no_domain_boundaries,,True,False
6IV9,A,VI-D,binary,480,481,D,432.0,D,481.0,,ASP,True,1780.0,1781.0,four_layer_exact,high,0.934065934065934,0.2518518518518518,2.1702756729707864,0.0659340659340659,K,A;D;K;N;P;R;S;T,differs_from_consensus,True,True,scaffold_differs_from_msa_consensus,0.4664804106622554,surface,False,False,False,False,14.827877179493592,True,False,unassigned_manual_review,,not_annotated_no_domain_boundaries,,True,False
6IV9,A,VI-D,binary,481,482,E,433.0,E,482.0,,GLU,True,1792.0,1793.0,four_layer_exact,high,0.6813186813186813,0.3642361111111111,1.915310982998874,0.3186813186813186,E,D;E;G;K;N;S,matches_consensus,False,False,,0.15960654385029277,buried_core,False,False,False,False,9.769600450512156,True,True,unassigned_manual_review,,not_annotated_no_domain_boundaries,,False,False
6IV9,A,VI-D,binary,482,483,K,434.0,K,483.0,,LYS,True,1793.0,1794.0,four_layer_exact,high,0.2967032967032967,0.1923076923076923,2.3323325883750043,0.7032967032967032,I,I;K;L;T;V,differs_from_consensus,False,True,scaffold_differs_from_msa_consensus,0.582573959831037,surface,False,False,False,False,15.325538596948256,True,False,unassigned_manual_review,,not_annotated_no_domain_boundaries,,False,False
6IV9,A,VI-D,binary,483,484,I,435.0,I,484.0,,ILE,True,1794.0,1795.0,four_layer_exact,high,0.2142857142857142,0.1621621621621621,2.5592269492075874,0.7857142857142857,K,A;D;E;G;I;K;L;N;P;Q;Y,differs_from_consensus,False,True,scaffold_differs_from_msa_consensus,0.17235530004056795,buried_core,False,False,False,False,14.829808491065917,True,True,unassigned_manual_review,,not_annotated_no_domain_boundaries,,False,False
6IV9,A,VI-D,binary,484,485,L,436.0,L,485.0,,LEU,True,1799.0,1800.0,four_layer_exact,high,0.4725274725274725,0.2327044025157232,2.5025146555781848,0.5274725274725275,I,F;G;I;K;L;N;S;V,differs_from_consensus,False,True,scaffold_differs_from_msa_consensus,0.0,buried_core,False,False,False,False,9.608340020886086,True,True,unassigned_manual_review,,not_annotated_no_domain_boundaries,,False,False
6IV9,A,VI-D,binary,485,486,D,437.0,D,486.0,,ASP,True,1800.0,1801.0,four_layer_exact,high,0.9065934065934066,0.1444711538461538,2.631169441935095,0.0934065934065934,K,A;D;E;K;M;Q;S;V,differs_from_consensus,True,True,scaffold_differs_from_msa_consensus,0.4505706692464624,surface,False,False,False,False,14.991443797472773,True,False,unassigned_manual_review,,not_annotated_no_domain_boundaries,,True,False
6IV9,A,VI-D,binary,486,487,S,438.0,S,487.0,,SER,True,1801.0,1802.0,four_layer_exact,high,0.9285714285714286,0.3507462686567164,1.6554692045209036,0.0714285714285714,L,F;I;L;V,differs_from_consensus,True,True,scaffold_differs_from_msa_consensus,0.6491793545246652,surface,False,False,False,False,16.23499552780124,True,False,unassigned_manual_review,,not_annotated_no_domain_boundaries,,True,False
6IV9,A,VI-D,binary,487,488,E,439.0,E,488.0,,GLU,True,1818.0,1819.0,four_layer_exact,high,0.9010989010989012,0.3023255813953488,2.0708367394739287,0.0989010989010988,E,D;E;N;P;S,matches_consensus,True,False,,0.2522894440321536,surface,False,False,False,False,13.091812691767133,True,False,unassigned_manual_review,,not_annotated_no_domain_boundaries,,True,False
6IV9,A,VI-D,binary,488,489,K,440.0,K,489.0,,LYS,True,1819.0,1820.0,four_layer_exact,high,0.9010989010989012,0.1937984496124031,2.2989603811603,0.0989010989010988,E,A;D;E;G;K;N;S,differs_from_consensus,True,True,scaffold_differs_from_msa_consensus,0.1233108129880523,buried_core,False,False,False,False,9.851906393112268,True,True,unassigned_manual_review,,not_annotated_no_domain_boundaries,,True,False
6IV9,A,VI-D,binary,489,490,K,441.0,K,490.0,,LYS,True,1820.0,1821.0,four_layer_exact,high,0.8791208791208791,0.2566137566137565,2.348692044329717,0.1208791208791209,I,I;L;V;Y,differs_from_consensus,True,True,scaffold_differs_from_msa_consensus,0.2469571374220414,surface,False,False,False,False,11.566078897691645,True,False,unassigned_manual_review,,not_annotated_no_domain_boundaries,,True,False
6IV9,A,VI-D,binary,490,491,N,442.0,N,491.0,,ASN,True,1852.0,1853.0,four_layer_exact,high,0.6318681318681318,0.1916666666666666,2.477836666832085,0.3681318681318681,K,A;F;I;K;L;M;R;S;V,differs_from_consensus,False,True,scaffold_differs_from_msa_consensus,0.29650693012089474,surface,False,False,False,False,13.233437688424207,True,False,unassigned_manual_review,,not_annotated_no_domain_boundaries,,False,False
6IV9,A,VI-D,binary,491,492,A,443.0,A,492.0,,ALA,True,1853.0,1854.0,four_layer_exact,high,0.8461538461538461,0.2166666666666666,2.318497798458601,0.1538461538461538,I,I;K;L;Q;R;S;V,differs_from_consensus,True,True,scaffold_differs_from_msa_consensus,0.0,buried_core,False,False,False,False,14.85907084804025,True,True,unassigned_manual_review,,not_annotated_no_domain_boundaries,,True,False
6IV9,A,VI-D,binary,492,493,S,444.0,S,493.0,,SER,True,1854.0,1855.0,four_layer_exact,high,0.8846153846153846,0.2020997375328083,2.424667976800019,0.1153846153846154,S,E;G;I;K;L;N;S;T,matches_consensus,True,False,,0.3511339056677993,surface,False,False,False,False,17.61297278569227,True,False,unassigned_manual_review,,not_annotated_no_domain_boundaries,,True,False
6IV9,A,VI-D,binary,493,494,D,445.0,D,494.0,,ASP,True,1857.0,1858.0,four_layer_exact,high,0.967032967032967,0.3617021276595745,1.9119688492247584,0.0329670329670329,N,D;E;K;N;S,differs_from_consensus,True,True,scaffold_differs_from_msa_consensus,0.2860465363049864,surface,False,False,False,False,16.412827966201057,True,False,unassigned_manual_review,,not_annotated_no_domain_boundaries,,True,False
6IV9,A,VI-D,binary,494,495,L,446.0,L,495.0,,LEU,True,1859.0,1860.0,four_layer_exact,high,0.978021978021978,0.3426573426573426,1.9582044525873452,0.021978021978022,A,A;I;T;V,differs_from_consensus,True,True,scaffold_differs_from_msa_consensus,0.01802430173193905,buried_core,False,False,False,False,15.377452905008552,True,True,unassigned_manual_review,,not_annotated_no_domain_boundaries,,True,False
6IV9,A,VI-D,binary,495,496,L,447.0,L,496.0,,LEU,True,1866.0,1867.0,four_layer_exact,high,0.9945054945054944,0.3789954337899544,2.033045624361181,0.0054945054945054,S,D;H;N;S;T,differs_from_consensus,True,True,scaffold_differs_from_msa_consensus,0.0360486034638781,buried_core,False,False,False,False,18.672792160803144,True,True,unassigned_manual_review,,not_annotated_no_domain_boundaries,,True,False
6IV9,A,VI-D,binary,496,497,Y,448.0,Y,497.0,,TYR,True,1867.0,1868.0,four_layer_exact,high,1.0,0.3605442176870748,2.272974925393071,0.0,Y,D;L;P;S;T;Y,matches_consensus,True,False,,0.08206556724329449,buried_core,False,False,False,False,19.63399285333109,True,True,unassigned_manual_review,,not_annotated_no_domain_boundaries,,True,False
6IV9,A,VI-D,binary,497,498,F,449.0,F,498.0,,PHE,True,1868.0,1869.0,four_layer_exact,high,1.0,0.8979591836734694,0.4738477239414613,0.0,F,F;L,matches_consensus,True,False,,0.005031784233499651,buried_core,False,False,False,False,15.828537940252719,True,True,unassigned_manual_review,,not_annotated_no_domain_boundaries,,True,False
6IV9,A,VI-D,binary,498,499,S,450.0,S,499.0,,SER,True,1869.0,1870.0,four_layer_exact,high,1.0,0.3469387755102041,1.6809986183902323,0.0,S,A;C;S;T;V,matches_consensus,True,False,,0.0,buried_core,False,False,False,False,15.121172184360121,True,True,unassigned_manual_review,,not_annotated_no_domain_boundaries,,True,False
6IV9,A,VI-D,binary,499,500,K,451.0,K,500.0,,LYS,True,1870.0,1871.0,four_layer_exact,high,1.0,0.7278911564625851,1.172430109044073,0.0,K,E;K;Q,matches_consensus,True,False,,0.005117068712033544,buried_core,False,False,False,False,17.134067463152697,True,True,unassigned_manual_review,,not_annotated_no_domain_boundaries,,True,False
6IV9,A,VI-D,binary,500,501,M,452.0,M,501.0,,MET,True,1871.0,1872.0,four_layer_exact,high,1.0,0.564625850340136,1.480645417410278,0.0,L,I;L;M;V,differs_from_consensus,True,True,scaffold_differs_from_msa_consensus,0.005391197393035341,buried_core,False,False,False,False,17.544975283303874,True,True,unassigned_manual_review,,not_annotated_no_domain_boundaries,,True,False
6IV9,A,VI-D,binary,501,502,I,453.0,I,502.0,,ILE,True,1872.0,1873.0,four_layer_exact,high,1.0,0.4149659863945578,1.4337109365189795,0.0,I,I;L;M;V,matches_consensus,True,False,,0.006130092467207697,buried_core,False,False,False,False,12.811443743672612,True,True,unassigned_manual_review,,not_annotated_no_domain_boundaries,,True,False
6IV9,A,VI-D,binary,502,503,Y,454.0,Y,503.0,,TYR,True,1873.0,1874.0,four_layer_exact,high,1.0,0.782312925170068,0.8904468001169228,0.0,Y,A;F;Y,matches_consensus,True,False,,0.0,buried_core,False,False,False,False,9.588106317591153,True,True,unassigned_manual_review,,not_annotated_no_domain_boundaries,,True,False
6IV9,A,VI-D,binary,503,504,M,455.0,M,504.0,,MET,True,1874.0,1875.0,four_layer_exact,high,1.0,0.3537414965986394,1.6924165180236204,0.0,F,A;F;L;M;V,differs_from_consensus,True,True,scaffold_differs_from_msa_consensus,0.0,buried_core,False,False,False,False,16.29656470259019,True,True,unassigned_manual_review,,not_annotated_no_domain_boundaries,,True,False
6IV9,A,VI-D,binary,504,505,L,456.0,L,505.0,,LEU,True,1875.0,1876.0,four_layer_exact,high,1.0,0.5510204081632653,1.3299700895444704,0.0,L,I;L;M;V,matches_consensus,True,False,,0.0360486034638781,buried_core,False,False,False,False,15.095587568076038,True,True,unassigned_manual_review,,not_annotated_no_domain_boundaries,,True,False
6IV9,A,VI-D,binary,505,506,T,457.0,T,506.0,,THR,True,1876.0,1877.0,four_layer_exact,high,1.0,0.564625850340136,1.100496697203287,0.0,T,C;S;T,matches_consensus,True,False,,0.0,buried_core,False,False,False,False,11.907433530920228,True,True,unassigned_manual_review,,not_annotated_no_domain_boundaries,,True,False
6IV9,A,VI-D,binary,506,507,Y,458.0,Y,507.0,,TYR,True,1877.0,1878.0,four_layer_exact,high,1.0,0.3129251700680272,2.220253024889425,0.0,L,F;K;L;M;N;R,differs_from_consensus,True,True,scaffold_differs_from_msa_consensus,0.01681370832025885,buried_core,False,False,False,False,11.237638330176669,True,True,unassigned_manual_review,,not_annotated_no_domain_boundaries,,True,False
6IV9,A,VI-D,binary,507,508,F,459.0,F,508.0,,PHE,True,1878.0,1879.0,four_layer_exact,high,1.0,0.9183673469387756,0.3416338748989142,0.0,F,F;L,matches_consensus,True,False,,0.013960609434022322,buried_core,False,False,False,False,13.481935363944563,True,True,unassigned_manual_review,,not_annotated_no_domain_boundaries,,True,False
6IV9,A,VI-D,binary,508,509,L,460.0,L,509.0,,LEU,True,1879.0,1880.0,four_layer_exact,high,1.0,0.8231292517006803,0.6978446422888986,0.0,L,I;L,matches_consensus,True,False,,0.0060081005773130166,buried_core,False,False,False,False,9.659319385764709,True,True,unassigned_manual_review,,not_annotated_no_domain_boundaries,,True,False
6IV9,A,VI-D,binary,509,510,D,461.0,D,510.0,,ASP,True,1880.0,1881.0,four_layer_exact,high,1.0,0.7959183673469388,0.7786317192627682,0.0,D,D;E;N,matches_consensus,True,False,,0.005551601160946738,buried_core,False,True,False,False,5.999861189453457,True,True,unassigned_manual_review,,not_annotated_no_domain_boundaries,,True,False
6IV9,A,VI-D,binary,510,511,G,462.0,G,511.0,,GLY,True,1881.0,1882.0,four_layer_exact,high,1.0,0.8435374149659864,0.7604654682901153,0.0,G,G;K,matches_consensus,True,False,,0.043157629078689794,buried_core,True,False,True,False,4.804191077711621,True,True,unassigned_manual_review,,not_annotated_no_domain_boundaries,,True,False
6IV9,A,VI-D,binary,511,512,K,463.0,K,512.0,,LYS,True,1882.0,1883.0,four_layer_exact,high,1.0,0.9931972789115646,0.0407280509323613,0.0,K,K,matches_consensus,True,False,,0.02316924582022473,buried_core,True,False,True,False,2.8870231750188724,True,True,unassigned_manual_review,,not_annotated_no_domain_boundaries,,True,False
6IV9,A,VI-D,binary,512,513,E,464.0,E,513.0,,GLU,True,1883.0,1884.0,four_layer_exact,high,1.0,0.9727891156462584,0.1402106888660079,0.0,E,E,matches_consensus,True,False,,0.0,buried_core,False,True,False,False,6.19178074468387,True,True,unassigned_manual_review,,not_annotated_no_domain_boundaries,,True,False
6IV9,A,VI-D,binary,513,514,I,465.0,I,514.0,,ILE,True,1884.0,1885.0,four_layer_exact,high,1.0,0.8775510204081632,0.5693343986134891,0.0,I,I,matches_consensus,True,False,,0.0,buried_core,False,True,False,False,6.47361247066509,True,True,unassigned_manual_review,,not_annotated_no_domain_boundaries,,True,False
6IV9,A,VI-D,binary,514,515,N,466.0,N,515.0,,ASN,True,1885.0,1886.0,four_layer_exact,high,1.0,1.0,-0.0,0.0,N,N,matches_consensus,True,False,,0.033648873929680224,buried_core,True,False,True,False,2.8329016748339964,True,True,unassigned_manual_review,,not_annotated_no_domain_boundaries,,True,False
6IV9,A,VI-D,binary,515,516,D,467.0,D,516.0,,ASP,True,1886.0,1887.0,four_layer_exact,high,1.0,0.4897959183673469,1.3634847226218587,0.0,D,D;E;I,matches_consensus,True,False,,0.06106761277041412,buried_core,True,False,True,False,3.7885208112396414,True,True,unassigned_manual_review,,not_annotated_no_domain_boundaries,,True,False
6IV9,A,VI-D,binary,516,517,L,468.0,L,517.0,,LEU,True,1887.0,1888.0,four_layer_exact,high,1.0,0.8503401360544217,0.5510940293246659,0.0,L,F;L,matches_consensus,True,False,,0.0060081005773130166,buried_core,False,True,False,False,6.119963655478067,True,True,unassigned_manual_review,,not_annotated_no_domain_boundaries,,True,False
6IV9,A,VI-D,binary,517,518,L,469.0,L,518.0,,LEU,True,1888.0,1889.0,four_layer_exact,high,1.0,0.7074829931972789,1.094446455166942,0.0,L,F;I;L;V,matches_consensus,True,False,,0.0,buried_core,False,True,False,False,6.61856317353496,True,True,unassigned_manual_review,,not_annotated_no_domain_boundaries,,True,False
6IV9,A,VI-D,binary,518,519,T,470.0,T,519.0,,THR,True,1889.0,1890.0,four_layer_exact,high,1.0,0.7006802721088435,0.9855207153732972,0.0,T,C;S;T,matches_consensus,True,False,,0.0,buried_core,True,False,True,False,3.3666467805449907,True,True,unassigned_manual_review,,not_annotated_no_domain_boundaries,,True,False
6IV9,A,VI-D,binary,519,520,T,471.0,T,520.0,,THR,True,1890.0,1891.0,four_layer_exact,high,1.0,0.4421768707482993,1.7109871039484106,0.0,T,A;G;S;T,matches_consensus,True,False,,0.040543202978401784,buried_core,False,True,False,False,5.6810305886488655,True,True,unassigned_manual_review,,not_annotated_no_domain_boundaries,,True,False
6IV9,A,VI-D,binary,520,521,L,472.0,L,521.0,,LEU,True,1891.0,1892.0,four_layer_exact,high,1.0,0.782312925170068,0.862810340609705,0.0,L,I;L;M;Y,matches_consensus,True,False,,0.0,buried_core,False,True,False,False,7.9527571573670555,True,True,unassigned_manual_review,,not_annotated_no_domain_boundaries,,True,False
6IV9,A,VI-D,binary,521,522,I,473.0,I,522.0,,ILE,True,1892.0,1893.0,four_layer_exact,high,1.0,0.7891156462585034,0.876635168330833,0.0,I,I;V,matches_consensus,True,False,,0.018390277401623092,buried_core,False,True,False,False,5.234188292424377,True,True,unassigned_manual_review,,not_annotated_no_domain_boundaries,,True,False
6IV9,A,VI-D,binary,522,523,S,474.0,S,523.0,,SER,True,1893.0,1894.0,four_layer_exact,high,1.0,0.6938775510204082,1.0712944490502216,0.0,N,H;N;S,differs_from_consensus,True,True,scaffold_differs_from_msa_consensus,0.27234389694279054,surface,False,True,False,False,5.345815457270425,True,False,unassigned_manual_review,,not_annotated_no_domain_boundaries,,True,False
6IV9,A,VI-D,binary,523,524,K,475.0,K,524.0,,LYS,True,1894.0,1895.0,four_layer_exact,high,1.0,0.8571428571428571,0.6733816047923615,0.0,K,K,matches_consensus,True,False,,0.04363752066835891,buried_core,True,False,True,False,4.91236205988286,True,True,unassigned_manual_review,,not_annotated_no_domain_boundaries,,True,False
6IV9,A,VI-D,binary,524,525,F,476.0,F,525.0,,PHE,True,1895.0,1896.0,four_layer_exact,high,1.0,0.8163265306122449,0.6652628659212857,0.0,F,F;L,matches_consensus,True,False,,0.0,buried_core,False,False,False,False,9.209170429518126,True,True,unassigned_manual_review,,not_annotated_no_domain_boundaries,,True,False
6IV9,A,VI-D,binary,525,526,D,477.0,D,526.0,,ASP,True,1896.0,1897.0,four_layer_exact,high,1.0,0.4897959183673469,1.2275483767033433,0.0,D,D;E,matches_consensus,True,False,,0.10548042205798802,buried_core,False,True,False,False,6.637749126782207,True,True,unassigned_manual_review,,not_annotated_no_domain_boundaries,,True,False
6IV9,A,VI-D,binary,526,527,N,478.0,N,527.0,,ASN,True,1897.0,1898.0,four_layer_exact,high,1.0,0.7755102040816326,0.9738557928909876,0.0,N,N;S,matches_consensus,True,False,,0.05013285891526054,buried_core,True,False,True,False,3.308476692679187,True,True,unassigned_manual_review,,not_annotated_no_domain_boundaries,,True,False
6IV9,A,VI-D,binary,527,528,I,479.0,I,528.0,,ILE,True,1898.0,1899.0,four_layer_exact,high,1.0,0.9727891156462584,0.153200773933249,0.0,I,I,matches_consensus,True,False,,0.0,buried_core,False,True,False,False,6.728887502833564,True,True,unassigned_manual_review,,not_annotated_no_domain_boundaries,,True,False
6IV9,A,VI-D,binary,528,529,K,480.0,K,529.0,,LYS,True,1899.0,1900.0,four_layer_exact,high,1.0,0.3469387755102041,2.0446377815591643,0.0,A,A;D;N;Q;R;S,differs_from_consensus,True,True,scaffold_differs_from_msa_consensus,0.0,buried_core,False,False,False,False,8.78034782407182,True,True,unassigned_manual_review,,not_annotated_no_domain_boundaries,,True,False
6IV9,A,VI-D,binary,529,530,E,481.0,E,530.0,,GLU,True,1900.0,1901.0,four_layer_exact,high,1.0,0.6054421768707483,1.353568709219572,0.0,S,A;D;G;S,differs_from_consensus,True,True,scaffold_differs_from_msa_consensus,0.0,buried_core,False,True,False,False,5.811462609652914,True,True,unassigned_manual_review,,not_annotated_no_domain_boundaries,,True,False
6IV9,A,VI-D,binary,530,531,F,482.0,F,531.0,,PHE,True,1901.0,1902.0,four_layer_exact,high,1.0,0.6190476190476191,0.9068532215822056,0.0,F,F;L,matches_consensus,True,False,,0.0,buried_core,True,False,True,False,3.553191157740806,True,True,unassigned_manual_review,,not_annotated_no_domain_boundaries,,True,False
6IV9,A,VI-D,binary,531,532,L,483.0,L,532.0,,LEU,True,1902.0,1903.0,four_layer_exact,high,1.0,0.3741496598639456,1.895009882115032,0.0,I,I;L;M;N;V,differs_from_consensus,True,True,scaffold_differs_from_msa_consensus,0.0060081005773130166,buried_core,False,False,False,False,9.654410516900494,True,True,unassigned_manual_review,,not_annotated_no_domain_boundaries,,True,False
6IV9,A,VI-D,binary,532,533,K,484.0,K,533.0,,LYS,True,1903.0,1904.0,four_layer_exact,high,1.0,0.3469387755102041,2.0107811541491083,0.0,D,D;E;K;N;Q;S,differs_from_consensus,True,True,scaffold_differs_from_msa_consensus,0.323435430013034,surface,False,False,False,False,10.594058799359706,True,False,unassigned_manual_review,,not_annotated_no_domain_boundaries,,True,False
6IV9,A,VI-D,binary,533,534,I,485.0,I,534.0,,ILE,True,1904.0,1905.0,four_layer_exact,high,1.0,0.3741496598639456,1.562613437700859,0.0,V,I;L;T;V,differs_from_consensus,True,True,scaffold_differs_from_msa_consensus,0.012260184934415394,buried_core,False,True,False,False,5.77217164618882,True,True,unassigned_manual_review,,not_annotated_no_domain_boundaries,,True,False
6IV9,A,VI-D,binary,534,535,M,486.0,M,535.0,,MET,True,1913.0,1914.0,four_layer_exact,high,1.0,0.3071853741496598,1.8058501554481996,0.0,L,A;I;L;M,differs_from_consensus,True,True,scaffold_differs_from_msa_consensus,0.0,buried_core,False,False,False,False,10.838325219193656,True,True,unassigned_manual_review,,not_annotated_no_domain_boundaries,,True,False
6IV9,A,VI-D,binary,535,536,K,487.0,K,536.0,,LYS,True,1914.0,1915.0,four_layer_exact,high,0.9945054945054944,0.3219178082191781,2.0026462262962146,0.0054945054945054,K,D;E;K;N;R,matches_consensus,True,False,,0.4468723326858947,surface,False,False,False,False,13.424744396162549,True,False,unassigned_manual_review,,not_annotated_no_domain_boundaries,,True,False
6IV9,A,VI-D,binary,536,537,S,488.0,S,537.0,,SER,True,1915.0,1916.0,four_layer_exact,high,0.0439560439560439,0.3333333333333333,1.47984841847686,0.956043956043956,D,D;G;N;P;S,differs_from_consensus,False,True,scaffold_differs_from_msa_consensus,0.06232919824722149,buried_core,False,False,False,False,13.109275123264714,True,True,unassigned_manual_review,,not_annotated_no_domain_boundaries,,False,False
6IV9,A,VI-D,binary,537,538,S,489.0,S,538.0,,SER,True,1923.0,1924.0,four_layer_exact,high,0.0329670329670329,0.5,1.039720770839918,0.967032967032967,K,K;R;S,differs_from_consensus,False,True,scaffold_differs_from_msa_consensus,0.5855433348069091,surface,False,False,False,False,16.49800851888987,True,False,unassigned_manual_review,,not_annotated_no_domain_boundaries,,False,False
6IV9,A,VI-D,binary,538,539,A,490.0,A,539.0,,ALA,True,1924.0,1925.0,four_layer_exact,high,0.978021978021978,0.2307692307692307,2.266336114137132,0.021978021978022,E,D;E;K;Q;S,differs_from_consensus,True,True,scaffold_differs_from_msa_consensus,0.1913455925879791,buried_core,False,False,False,False,15.423835992565447,True,True,unassigned_manual_review,,not_annotated_no_domain_boundaries,,True,False
6IV9,A,VI-D,binary,539,540,V,491.0,V,540.0,,VAL,True,1925.0,1926.0,four_layer_exact,high,0.967032967032967,0.4113475177304964,2.09769891143406,0.0329670329670329,L,C;E;I;L;Q,differs_from_consensus,True,True,scaffold_differs_from_msa_consensus,0.07467630736051634,buried_core,False,False,False,False,12.131508786033116,True,True,unassigned_manual_review,,not_annotated_no_domain_boundaries,,True,False
6IV9,A,VI-D,binary,540,541,D,492.0,D,541.0,,ASP,True,1951.0,1952.0,four_layer_exact,high,0.956043956043956,0.4964028776978417,1.6967490771387137,0.0439560439560439,G,D;G;K;N;S,differs_from_consensus,True,True,scaffold_differs_from_msa_consensus,0.4386692093922786,surface,False,False,False,False,15.705678244236456,True,False,unassigned_manual_review,,not_annotated_no_domain_boundaries,,True,False
6IV9,A,VI-D,binary,541,542,V,493.0,V,542.0,,VAL,True,1952.0,1953.0,four_layer_exact,high,0.934065934065934,0.2962962962962963,2.233178555701175,0.0659340659340659,L,E;I;K;L;M;V,differs_from_consensus,True,True,scaffold_differs_from_msa_consensus,0.12492705683171548,buried_core,False,False,False,False,13.489676006531255,True,True,unassigned_manual_review,,not_annotated_no_domain_boundaries,,True,False
6IV9,A,VI-D,binary,542,543,E,494.0,E,543.0,,GLU,True,1953.0,1954.0,four_layer_exact,high,0.967032967032967,0.2413563829787234,2.1898049691173327,0.0329670329670329,E,D;E;K;N;P;S,matches_consensus,True,False,,0.3459689757417523,surface,False,False,False,False,15.30371848895768,True,False,unassigned_manual_review,,not_annotated_no_domain_boundaries,,True,False
6IV9,A,VI-D,binary,543,544,C,495.0,C,544.0,,CYS,True,1954.0,1955.0,four_layer_exact,high,0.956043956043956,0.1726618705035971,2.4325451488115584,0.0439560439560439,V,A;C;I;L;R;S;T;V,differs_from_consensus,True,True,scaffold_differs_from_msa_consensus,0.03984096317940758,buried_core,False,False,False,False,14.783879014942622,True,True,unassigned_manual_review,,not_annotated_no_domain_boundaries,,True,False
6IV9,A,VI-D,binary,544,545,E,496.0,E,545.0,,GLU,True,1981.0,1982.0,four_layer_exact,high,0.9725274725274724,0.2394366197183098,2.4260502226502383,0.0274725274725274,E,D;E;K;N;S;T,matches_consensus,True,False,,0.5179323755609146,surface,False,False,False,False,17.574926127425424,True,False,unassigned_manual_review,,not_annotated_no_domain_boundaries,,True,False
6IV9,A,VI-D,binary,545,546,L,497.0,L,546.0,,LEU,True,1982.0,1983.0,four_layer_exact,high,0.989010989010989,0.7931034482758621,0.7019234381787381,0.0109890109890109,F,F;L;Y,differs_from_consensus,True,True,scaffold_differs_from_msa_consensus,0.016102022143482827,buried_core,False,False,False,False,14.773545936675523,True,True,unassigned_manual_review,,not_annotated_no_domain_boundaries,,True,False
6IV9,A,VI-D,binary,546,547,T,498.0,T,547.0,,THR,True,1995.0,1996.0,four_layer_exact,high,0.9615384615384616,0.2285714285714285,2.402960687402209,0.0384615384615384,T,A;E;K;Q;R;S;T;V,matches_consensus,True,False,,0.21448719726353851,surface,False,False,False,False,18.417839953052496,True,False,unassigned_manual_review,,not_annotated_no_domain_boundaries,,True,False
6IV9,A,VI-D,binary,547,548,A,499.0,A,548.0,,ALA,True,2037.0,2038.0,four_layer_exact,high,1.0,0.2539682539682539,2.089227697560553,0.0,E,A;D;E;K;P,differs_from_consensus,True,True,scaffold_differs_from_msa_consensus,0.6104737973769401,surface,False,False,False,False,21.637062436988316,True,False,unassigned_manual_review,,not_annotated_no_domain_boundaries,,True,False
6IV9,A,VI-D,binary,548,549,G,500.0,G,549.0,,GLY,True,2038.0,2039.0,four_layer_exact,high,1.0,0.272108843537415,2.0393084887849886,0.0,E,D;E;G;K;N,differs_from_consensus,True,True,scaffold_differs_from_msa_consensus,0.22456043872616505,surface,False,False,False,False,20.02088148959846,True,False,unassigned_manual_review,,not_annotated_no_domain_boundaries,,True,False
6IV9,A,VI-D,binary,549,550,Y,501.0,Y,550.0,,TYR,True,2049.0,2050.0,four_layer_exact,high,0.9945054945054944,0.773972602739726,0.6761898808828565,0.0054945054945054,Y,F;Y,matches_consensus,True,False,,0.09887927556355333,buried_core,False,False,False,False,16.13614743971239,True,True,unassigned_manual_review,,not_annotated_no_domain_boundaries,,True,False
6IV9,A,VI-D,binary,550,551,K,502.0,K,551.0,,LYS,True,2051.0,2052.0,four_layer_exact,high,0.9945054945054944,0.2157534246575342,2.177386161055365,0.0054945054945054,K,A;E;K;R;S,matches_consensus,True,False,,0.3021017262598355,surface,False,False,False,False,18.739084448904805,True,False,unassigned_manual_review,,not_annotated_no_domain_boundaries,,True,False
6IV9,A,VI-D,binary,551,552,L,503.0,L,552.0,,LEU,True,2052.0,2053.0,four_layer_exact,high,0.9945054945054944,0.3698630136986301,1.7387501761397035,0.0054945054945054,F,F;I;L;M;V,differs_from_consensus,True,True,scaffold_differs_from_msa_consensus,0.023354943642698855,buried_core,False,False,False,False,17.05472311913788,True,True,unassigned_manual_review,,not_annotated_no_domain_boundaries,,True,False
6IV9,A,VI-D,binary,552,553,F,504.0,F,553.0,,PHE,True,2053.0,2054.0,four_layer_exact,high,1.0,0.8979591836734694,0.4030262359021584,0.0,F,F;L,matches_consensus,True,False,,0.0,buried_core,False,False,False,False,12.835614997030335,True,True,unassigned_manual_review,,not_annotated_no_domain_boundaries,,True,False
6IV9,A,VI-D,binary,553,554,N,505.0,N,554.0,,ASN,True,2077.0,2078.0,four_layer_exact,high,0.9725274725274724,0.323943661971831,2.0774301339406964,0.0274725274725274,N,A;D;E;K;N;S,matches_consensus,True,False,,0.2690467037256184,surface,False,False,False,False,16.04685087733159,True,False,unassigned_manual_review,,not_annotated_no_domain_boundaries,,True,False
6IV9,A,VI-D,binary,554,555,D,506.0,D,555.0,,ASP,True,2094.0,2095.0,four_layer_exact,high,1.0,0.2244897959183673,2.406589494979646,0.0,N,D;E;K;N;Q;R;S,differs_from_consensus,True,True,scaffold_differs_from_msa_consensus,0.1943987583106221,buried_core,False,False,False,False,16.031373049271554,True,True,unassigned_manual_review,,not_annotated_no_domain_boundaries,,True,False
6IV9,A,VI-D,binary,555,556,S,507.0,S,556.0,,SER,True,2095.0,2096.0,four_layer_exact,high,1.0,0.6326530612244898,1.2508471240780406,0.0,S,A;C;S,matches_consensus,True,False,,0.0,buried_core,False,False,False,False,12.317692392508734,True,True,unassigned_manual_review,,not_annotated_no_domain_boundaries,,True,False
6IV9,A,VI-D,binary,556,557,Q,508.0,Q,557.0,,GLN,True,2096.0,2097.0,four_layer_exact,high,1.0,0.2108843537414966,2.222595186472575,0.0,G,A;D;E;G;K;R;S,differs_from_consensus,True,True,scaffold_differs_from_msa_consensus,0.21955733750210482,surface,False,False,False,False,12.209992629010761,True,False,unassigned_manual_review,,not_annotated_no_domain_boundaries,,True,False
6IV9,A,VI-D,binary,557,558,R,509.0,R,558.0,,ARG,True,2097.0,2098.0,four_layer_exact,high,1.0,0.27437641723356,2.271048763197599,0.0,K,D;E;K;N;Q;R;T,differs_from_consensus,True,True,scaffold_differs_from_msa_consensus,0.1490937958793974,buried_core,False,False,False,False,13.956938077366948,True,True,unassigned_manual_review,,not_annotated_no_domain_boundaries,,True,False
6IV9,A,VI-D,binary,558,559,I,510.0,I,559.0,,ILE,True,2098.0,2099.0,four_layer_exact,high,1.0,0.5782312925170068,1.424677957899505,0.0,I,I;V;Y,matches_consensus,True,False,,0.0,buried_core,False,False,False,False,11.744054843457551,True,True,unassigned_manual_review,,not_annotated_no_domain_boundaries,,True,False
6IV9,A,VI-D,binary,559,560,T,511.0,T,560.0,,THR,True,2099.0,2100.0,four_layer_exact,high,1.0,0.5238095238095238,1.6623759917322187,0.0,A,A;C;S;V,differs_from_consensus,True,True,scaffold_differs_from_msa_consensus,0.049147659955112874,buried_core,False,False,False,False,9.118280039641542,True,True,unassigned_manual_review,,not_annotated_no_domain_boundaries,,True,False
6IV9,A,VI-D,binary,560,561,N,512.0,N,561.0,,ASN,True,2104.0,2105.0,four_layer_exact,high,0.989010989010989,0.2068965517241379,2.340981317019028,0.0109890109890109,E,A;D;E;K;N;R;S,differs_from_consensus,True,True,scaffold_differs_from_msa_consensus,0.17541480516388067,buried_core,False,False,False,False,10.339169264783242,True,True,unassigned_manual_review,,not_annotated_no_domain_boundaries,,True,False
6IV9,A,VI-D,binary,561,562,E,513.0,E,562.0,,GLU,True,2105.0,2106.0,four_layer_exact,high,0.9945054945054944,0.5273972602739726,1.5192846228609018,0.0054945054945054,E,D;E;Q,matches_consensus,True,False,,0.0054153731660982795,buried_core,False,False,False,False,11.091680496180068,True,True,unassigned_manual_review,,not_annotated_no_domain_boundaries,,True,False
6IV9,A,VI-D,binary,562,563,L,514.0,L,563.0,,LEU,True,2106.0,2107.0,four_layer_exact,high,0.9945054945054944,0.821917808219178,0.5918675357263076,0.0054945054945054,L,I;L,matches_consensus,True,False,,0.0,buried_core,False,False,False,False,8.127647346651377,True,True,unassigned_manual_review,,not_annotated_no_domain_boundaries,,True,False
6IV9,A,VI-D,binary,563,564,F,515.0,F,564.0,,PHE,True,2107.0,2108.0,four_layer_exact,high,0.9945054945054944,0.5958904109589042,1.604710796645177,0.0054945054945054,R,K;N;R;T,differs_from_consensus,True,True,scaffold_differs_from_msa_consensus,0.03522248963449756,buried_core,True,False,True,False,4.231626814564729,True,True,unassigned_manual_review,,not_annotated_no_domain_boundaries,,True,False
6IV9,A,VI-D,binary,564,565,I,516.0,I,565.0,,ILE,True,2108.0,2109.0,four_layer_exact,high,1.0,0.2857142857142857,2.142879178549894,0.0,I,A;E;F;I;L;T;V,matches_consensus,True,False,,0.05517083220486927,buried_core,False,False,False,False,8.96102403090458,True,True,unassigned_manual_review,,not_annotated_no_domain_boundaries,,True,False
6IV9,A,VI-D,binary,565,566,V,517.0,V,566.0,,VAL,True,2109.0,2110.0,four_layer_exact,high,1.0,0.3673469387755102,1.332497444898705,0.0,I,I;L;V,differs_from_consensus,True,True,scaffold_differs_from_msa_consensus,0.0069403920462064155,buried_core,False,False,False,False,9.54307631205818,True,True,unassigned_manual_review,,not_annotated_no_domain_boundaries,,True,False
6IV9,A,VI-D,binary,566,567,K,518.0,K,567.0,,LYS,True,2110.0,2111.0,four_layer_exact,high,1.0,0.3877551020408163,1.5727945757315092,0.0,K,A;K;N,matches_consensus,True,False,,0.0,buried_core,True,False,True,False,2.7823875195690593,True,True,unassigned_manual_review,,not_annotated_no_domain_boundaries,,True,False
6IV9,A,VI-D,binary,567,568,N,519.0,N,568.0,,ASN,True,2111.0,2112.0,four_layer_exact,high,1.0,0.6394557823129252,1.1003041688611606,0.0,S,N;S,differs_from_consensus,True,True,scaffold_differs_from_msa_consensus,0.0,buried_core,True,False,True,False,4.746018485681577,True,True,unassigned_manual_review,,not_annotated_no_domain_boundaries,,True,False
6IV9,A,VI-D,binary,568,569,I,520.0,I,569.0,,ILE,True,2112.0,2113.0,four_layer_exact,high,1.0,0.3945578231292517,1.3194395583553464,0.0,F,F;I;L;V,differs_from_consensus,True,True,scaffold_differs_from_msa_consensus,0.006130092467207697,buried_core,False,True,False,False,6.696835810363916,True,True,unassigned_manual_review,,not_annotated_no_domain_boundaries,,True,False
6IV9,A,VI-D,binary,569,570,A,521.0,A,570.0,,ALA,True,2113.0,2114.0,four_layer_exact,high,1.0,0.6530612244897959,1.19525362353663,0.0,A,A;G;S,matches_consensus,True,False,,0.0,buried_core,False,True,False,False,7.464587685822788,True,True,unassigned_manual_review,,not_annotated_no_domain_boundaries,,True,False
6IV9,A,VI-D,binary,570,571,S,522.0,S,571.0,,SER,True,2114.0,2115.0,four_layer_exact,high,1.0,0.6122448979591837,1.2143778303437045,0.0,R,K;R,differs_from_consensus,True,True,scaffold_differs_from_msa_consensus,0.027650555459683108,buried_core,True,False,True,False,3.4758371956766676,True,True,unassigned_manual_review,,not_annotated_no_domain_boundaries,,True,False
6IV9,A,VI-D,binary,571,572,M,523.0,M,572.0,,MET,True,2115.0,2116.0,four_layer_exact,high,1.0,0.8571428571428571,0.7113012067054002,0.0,M,M,matches_consensus,True,False,,0.023916496072828582,buried_core,True,False,True,False,3.5600309848426073,True,True,unassigned_manual_review,,not_annotated_no_domain_boundaries,,True,False
6IV9,A,VI-D,binary,572,573,R,524.0,R,573.0,,ARG,True,2116.0,2117.0,four_layer_exact,high,0.9285714285714286,0.2164179104477611,2.2640765960078166,0.0714285714285714,K,C;D;E;G;K;Q;S;T,differs_from_consensus,True,True,scaffold_differs_from_msa_consensus,0.4609228708800761,surface,True,False,True,False,2.9017471004212387,True,False,unassigned_manual_review,,not_annotated_no_domain_boundaries,,True,False
6IV9,A,VI-D,binary,573,574,K,525.0,K,574.0,,LYS,True,2122.0,2123.0,four_layer_exact,high,0.8516483516483516,0.6166666666666667,1.582507438135677,0.1483516483516483,K,K;R;S,matches_consensus,True,False,,0.13460872563302476,buried_core,False,True,False,False,5.7405148099536305,True,True,unassigned_manual_review,,not_annotated_no_domain_boundaries,,True,False
6IV9,A,VI-D,binary,574,575,P,526.0,P,575.0,,PRO,True,2123.0,2124.0,four_layer_exact,high,0.8516483516483516,0.4166666666666667,2.1032142678567847,0.1483516483516483,P,A;E;K;P,matches_consensus,True,False,,0.601755989421414,surface,False,True,False,False,5.7554812198626,True,False,unassigned_manual_review,,not_annotated_no_domain_boundaries,,True,False
6IV9,A,VI-D,binary,575,576,A,527.0,A,576.0,,ALA,True,2130.0,2131.0,four_layer_exact,high,0.967032967032967,0.3687943262411347,2.103087712439381,0.0329670329670329,D,A;D;E;N;S,differs_from_consensus,True,True,scaffold_differs_from_msa_consensus,0.47750659456326333,surface,False,True,False,False,6.374487937059605,True,False,unassigned_manual_review,,not_annotated_no_domain_boundaries,,True,False
6IV9,A,VI-D,binary,576,577,A,528.0,A,577.0,,ALA,True,2131.0,2132.0,four_layer_exact,high,0.967032967032967,0.1631205673758865,2.427358468175039,0.0329670329670329,A,A;E;I;K;L;M;P;V,matches_consensus,True,False,,0.17916049929598118,buried_core,False,False,False,False,8.092974203421921,True,True,unassigned_manual_review,,not_annotated_no_domain_boundaries,,True,False
6IV9,A,VI-D,binary,577,578,S,529.0,S,578.0,,SER,True,2148.0,2149.0,four_layer_exact,high,0.9835164835164836,0.201171875,2.26356625908991,0.0164835164835165,N,A;D;K;N;S,differs_from_consensus,True,True,scaffold_differs_from_msa_consensus,0.2542415130959739,surface,False,False,False,False,8.906675828209742,True,False,unassigned_manual_review,,not_annotated_no_domain_boundaries,,True,False
6IV9,A,VI-D,binary,578,579,A,530.0,A,579.0,,ALA,True,2149.0,2150.0,four_layer_exact,high,0.9835164835164836,0.4375,1.9869221185386,0.0164835164835165,A,A;I;S;T;V,matches_consensus,True,False,,0.2710398589909082,surface,False,False,False,False,9.992622668293855,True,False,unassigned_manual_review,,not_annotated_no_domain_boundaries,,True,False
6IV9,A,VI-D,binary,579,580,K,531.0,K,580.0,,LYS,True,2150.0,2151.0,four_layer_exact,high,0.978021978021978,0.6153846153846154,1.5255126535790835,0.021978021978022,K,K;N;S,matches_consensus,True,False,,0.0799402212005823,buried_core,False,False,False,False,12.440115287233322,True,True,unassigned_manual_review,,not_annotated_no_domain_boundaries,,True,False
6IV9,A,VI-D,binary,580,581,L,532.0,L,581.0,,LEU,True,2151.0,2152.0,four_layer_exact,high,0.978021978021978,0.2867132867132867,2.146517873736677,0.021978021978022,R,A;E;K;R,differs_from_consensus,True,True,scaffold_differs_from_msa_consensus,0.15020251443282542,buried_core,False,False,False,False,14.02779823344893,True,True,unassigned_manual_review,,not_annotated_no_domain_boundaries,,True,False
6IV9,A,VI-D,binary,581,582,T,533.0,T,582.0,,THR,True,2162.0,2163.0,four_layer_exact,high,0.9285714285714286,0.1703703703703703,2.5169221974396727,0.0714285714285714,V,A;E;I;P;Q;S;T;V,differs_from_consensus,True,True,scaffold_differs_from_msa_consensus,0.13715112233217847,buried_core,False,False,False,False,16.639284904604885,True,True,unassigned_manual_review,,not_annotated_no_domain_boundaries,,True,False
6IV9,A,VI-D,binary,582,583,M,534.0,M,583.0,,MET,True,2163.0,2164.0,four_layer_exact,high,0.9285714285714286,0.5259259259259259,1.3665553528949437,0.0714285714285714,M,L;M;V,matches_consensus,True,False,,0.005391197393035341,buried_core,False,False,False,False,13.955735114698035,True,True,unassigned_manual_review,,not_annotated_no_domain_boundaries,,True,False
6IV9,A,VI-D,binary,583,584,F,535.0,F,584.0,,PHE,True,2173.0,2174.0,four_layer_exact,high,0.9945054945054944,0.4383561643835616,1.4631933734396794,0.0054945054945054,Y,F;I;L;Y,differs_from_consensus,True,True,scaffold_differs_from_msa_consensus,0.030190705400997907,buried_core,False,False,False,False,9.916754232847365,True,True,unassigned_manual_review,,not_annotated_no_domain_boundaries,,True,False
6IV9,A,VI-D,binary,584,585,R,536.0,R,585.0,,ARG,True,2174.0,2175.0,four_layer_exact,high,0.9945054945054944,0.2397260273972602,2.3571543363396743,0.0054945054945054,R,E;I;K;L;R;V;Y,matches_consensus,True,False,,0.16963683076055366,buried_core,False,False,False,False,17.071596038220456,True,True,unassigned_manual_review,,not_annotated_no_domain_boundaries,,True,False
6IV9,A,VI-D,binary,585,586,D,537.0,D,586.0,,ASP,True,2175.0,2176.0,four_layer_exact,high,0.9945054945054944,0.7397260273972602,0.9231110752216588,0.0054945054945054,D,A;D;E,matches_consensus,True,False,,0.0,buried_core,False,False,False,False,16.469858660990532,True,True,unassigned_manual_review,,not_annotated_no_domain_boundaries,,True,False
6IV9,A,VI-D,binary,586,587,A,538.0,A,587.0,,ALA,True,2177.0,2178.0,four_layer_exact,high,0.9945054945054944,0.958904109589041,0.2165598939777729,0.0054945054945054,A,A,matches_consensus,True,False,,0.0,buried_core,False,False,False,False,15.004562441397146,True,True,unassigned_manual_review,,not_annotated_no_domain_boundaries,,True,False
6IV9,A,VI-D,binary,587,588,L,539.0,L,588.0,,LEU,True,2178.0,2179.0,four_layer_exact,high,0.9945054945054944,0.3356164383561644,1.774873005308953,0.0054945054945054,L,A;I;L;V,matches_consensus,True,False,,0.0060081005773130166,buried_core,False,False,False,False,15.027431575109368,True,True,unassigned_manual_review,,not_annotated_no_domain_boundaries,,True,False
6IV9,A,VI-D,binary,588,589,T,540.0,T,589.0,,THR,True,2179.0,2180.0,four_layer_exact,high,0.9945054945054944,0.1506849315068493,2.5423870286418477,0.0054945054945054,R,A;D;E;K;N;Q;R;T;Y,differs_from_consensus,True,True,scaffold_differs_from_msa_consensus,0.0,buried_core,False,False,False,False,18.6959874178707,True,True,unassigned_manual_review,,not_annotated_no_domain_boundaries,,True,False
6IV9,A,VI-D,binary,589,590,I,541.0,I,590.0,,ILE,True,2180.0,2181.0,four_layer_exact,high,0.9945054945054944,0.4178082191780822,1.5684907183055476,0.0054945054945054,I,I;L;M;T;V,matches_consensus,True,False,,0.006130092467207697,buried_core,False,False,False,False,13.539162887716262,True,True,unassigned_manual_review,,not_annotated_no_domain_boundaries,,True,False
6IV9,A,VI-D,binary,590,591,L,542.0,L,591.0,,LEU,True,2181.0,2182.0,four_layer_exact,high,0.9945054945054944,0.8972602739726028,0.4286223933512616,0.0054945054945054,L,F;L,matches_consensus,True,False,,0.0,buried_core,False,False,False,False,14.754090653110364,True,True,unassigned_manual_review,,not_annotated_no_domain_boundaries,,True,False
6IV9,A,VI-D,binary,591,592,G,543.0,G,592.0,,GLY,True,2183.0,2184.0,four_layer_exact,high,1.0,0.9183673469387756,0.4348760218906276,0.0,G,G,matches_consensus,True,False,,0.1161180976961458,buried_core,False,False,False,False,19.49152593680855,True,True,unassigned_manual_review,,not_annotated_no_domain_boundaries,,True,False
6IV9,A,VI-D,binary,592,593,I,544.0,I,593.0,,ILE,True,2184.0,2185.0,four_layer_exact,high,0.9945054945054944,0.2168949771689497,2.362992330965375,0.0054945054945054,I,F;I;L;M;T;V;Y,matches_consensus,True,False,,0.10909306472240116,buried_core,False,False,False,False,19.4220152916257,True,True,unassigned_manual_review,,not_annotated_no_domain_boundaries,,True,False
6IV9,A,VI-D,binary,593,594,D,545.0,D,594.0,,ASP,True,2207.0,2208.0,four_layer_exact,high,0.6153846153846154,0.2294372294372294,2.3917285271214634,0.3846153846153846,D,D;E;G;K;N;P;R;S,matches_consensus,False,False,,0.32299850253770235,surface,False,False,False,False,23.769289278884866,True,False,unassigned_manual_review,,not_annotated_no_domain_boundaries,,False,False
6IV9,A,VI-D,binary,594,595,D,546.0,D,595.0,,ASP,True,2208.0,2209.0,four_layer_exact,high,0.4835164835164835,0.1481481481481481,2.435364438183984,0.5164835164835164,K,D;E;G;H;K;N;S;T;V,differs_from_consensus,False,True,scaffold_differs_from_msa_consensus,0.5993748585459322,surface,False,False,False,False,26.302534871441424,True,False,unassigned_manual_review,,not_annotated_no_domain_boundaries,,False,False
6IV9,A,VI-D,binary,595,596,N,547.0,N,596.0,,ASN,True,2209.0,2210.0,four_layer_exact,high,0.5,0.1600877192982456,2.5013726448460205,0.5,D,D;E;G;K;N;P;R;T;V,differs_from_consensus,False,True,scaffold_differs_from_msa_consensus,0.5702669894707911,surface,False,False,False,False,26.24253707797773,True,False,unassigned_manual_review,,not_annotated_no_domain_boundaries,,False,False
6IV9,A,VI-D,binary,596,597,I,548.0,I,597.0,,ILE,True,2210.0,2211.0,four_layer_exact,high,0.6868131868131868,0.2333333333333333,2.6046820032950757,0.3131868131868132,M,A;I;K;L;M;V;Y,differs_from_consensus,False,True,scaffold_differs_from_msa_consensus,0.06872261039918083,buried_core,False,False,False,False,20.521866881980625,True,True,unassigned_manual_review,,not_annotated_no_domain_boundaries,,False,False
6IV9,A,VI-D,binary,597,598,T,549.0,T,598.0,,THR,True,2211.0,2212.0,four_layer_exact,high,0.7637362637362637,0.3272235576923077,2.2898809709004224,0.2362637362637363,S,D;E;Q;S;T;Y,differs_from_consensus,False,True,scaffold_differs_from_msa_consensus,0.38526446615385673,surface,False,False,False,False,20.84760896230567,True,False,unassigned_manual_review,,not_annotated_no_domain_boundaries,,False,False
6IV9,A,VI-D,binary,598,599,D,550.0,D,599.0,,ASP,True,2212.0,2213.0,four_layer_exact,high,0.8076923076923077,0.2767857142857143,2.211486572343379,0.1923076923076923,E,D;E;K;N;P;T,differs_from_consensus,True,True,scaffold_differs_from_msa_consensus,0.3625871928346624,surface,False,False,False,False,18.270846590394928,True,False,unassigned_manual_review,,not_annotated_no_domain_boundaries,,True,False
6IV9,A,VI-D,binary,599,600,D,551.0,D,600.0,,ASP,True,2213.0,2214.0,four_layer_exact,high,0.9285714285714286,0.3729011194029851,2.0063318134408825,0.0714285714285714,E,D;E;K;N;P;Q;S,differs_from_consensus,True,True,scaffold_differs_from_msa_consensus,0.5505922078209899,surface,False,False,False,False,18.046741790915735,True,False,unassigned_manual_review,,not_annotated_no_domain_boundaries,,True,False
6IV9,A,VI-D,binary,600,601,R,552.0,R,601.0,,ARG,True,2214.0,2215.0,four_layer_exact,high,0.9395604395604396,0.4068627450980391,1.9177663889166727,0.0604395604395604,E,A;D;E;N;Q,differs_from_consensus,True,True,scaffold_differs_from_msa_consensus,0.34125836841284607,surface,False,False,False,False,17.563805656091592,True,False,unassigned_manual_review,,not_annotated_no_domain_boundaries,,True,False
6IV9,A,VI-D,binary,601,602,I,553.0,I,602.0,,ILE,True,2215.0,2216.0,four_layer_exact,high,0.9395604395604396,0.2794117647058823,2.3270442032622807,0.0604395604395604,L,F;I;L;V;Y,differs_from_consensus,True,True,scaffold_differs_from_msa_consensus,0.018390277401623092,buried_core,False,False,False,False,14.64601944341285,True,True,unassigned_manual_review,,not_annotated_no_domain_boundaries,,True,False
6IV9,A,VI-D,binary,602,603,S,554.0,S,603.0,,SER,True,2216.0,2217.0,four_layer_exact,high,0.9505494505494504,0.2246376811594203,2.2562227947184934,0.0494505494505495,D,D;E;K;N;Q;S,differs_from_consensus,True,True,scaffold_differs_from_msa_consensus,0.10983915938568502,buried_core,False,False,False,False,13.149272427549231,True,True,unassigned_manual_review,,not_annotated_no_domain_boundaries,,True,False
6IV9,A,VI-D,binary,603,604,E,555.0,E,604.0,,GLU,True,2217.0,2218.0,four_layer_exact,high,0.934065934065934,0.2222222222222222,2.186511054381146,0.0659340659340659,E,A;D;E;K;N;Q;R;S,matches_consensus,True,False,,0.5331367260298477,surface,False,False,False,False,13.875089945204454,True,False,unassigned_manual_review,,not_annotated_no_domain_boundaries,,True,False
6IV9,A,VI-D,binary,604,605,I,556.0,I,605.0,,ILE,True,2218.0,2219.0,four_layer_exact,high,0.934065934065934,0.237037037037037,2.3975259230819947,0.0659340659340659,Y,A;E;F;I;K;L;M;Y,differs_from_consensus,True,True,scaffold_differs_from_msa_consensus,0.1939984813481771,buried_core,False,False,False,False,12.693602902583734,True,True,unassigned_manual_review,,not_annotated_no_domain_boundaries,,True,False
6IV9,A,VI-D,binary,605,606,L,557.0,L,606.0,,LEU,True,2231.0,2232.0,four_layer_exact,high,0.7362637362637363,0.32,1.7236461551685858,0.2637362637362637,L,A;F;I;L;V,matches_consensus,False,False,,0.0,buried_core,False,False,False,False,9.286044110347655,True,True,unassigned_manual_review,,not_annotated_no_domain_boundaries,,False,False
6IV9,A,VI-D,binary,606,607,K,558.0,K,607.0,,LYS,True,2276.0,2277.0,four_layer_exact,high,0.0714285714285714,0.3636363636363636,1.5941666991180168,0.9285714285714286,S,K;L;M;P;S;Y,differs_from_consensus,False,True,scaffold_differs_from_msa_consensus,0.30304654693856936,surface,False,False,False,False,8.841775255261163,True,False,unassigned_manual_review,,not_annotated_no_domain_boundaries,,False,False
6IV9,A,VI-D,binary,607,608,L,559.0,L,608.0,,LEU,True,2277.0,2278.0,four_layer_exact,high,0.6648351648351648,0.2528735632183908,2.3446029804260986,0.3351648351648352,L,F;G;I;K;L;V;Y,matches_consensus,False,False,,0.19867769545288505,buried_core,False,False,False,False,8.790802752296605,True,True,unassigned_manual_review,,not_annotated_no_domain_boundaries,,False,False
6IV9,A,VI-D,binary,608,609,K,560.0,K,609.0,,LYS,True,2278.0,2279.0,four_layer_exact,high,0.7252747252747253,0.5612244897959183,1.5694452231864695,0.2747252747252747,D,D;E;K;N,differs_from_consensus,False,True,scaffold_differs_from_msa_consensus,0.7321696265943454,surface,False,False,False,False,10.647282151536775,True,False,unassigned_manual_review,,not_annotated_no_domain_boundaries,,False,False
6IV9,A,VI-D,binary,609,610,E,561.0,E,610.0,,GLU,True,2279.0,2280.0,four_layer_exact,high,0.7032967032967034,0.3052631578947368,2.146703934903305,0.2967032967032966,K,A;E;K;P;R;S;T,differs_from_consensus,False,True,scaffold_differs_from_msa_consensus,0.44850210723926326,surface,False,True,False,False,7.675670814403837,True,False,unassigned_manual_review,,not_annotated_no_domain_boundaries,,False,False
6IV9,A,VI-D,binary,610,611,K,562.0,K,611.0,,LYS,True,2280.0,2281.0,four_layer_exact,high,0.5659340659340659,0.2857142857142857,2.239330999190396,0.4340659340659341,N,A;D;E;G;K;N;S,differs_from_consensus,False,True,scaffold_differs_from_msa_consensus,0.803502096913424,surface,False,True,False,False,7.783778777437375,True,False,unassigned_manual_review,,not_annotated_no_domain_boundaries,,False,False
6IV9,A,VI-D,binary,611,612,G,563.0,G,612.0,,GLY,True,2290.0,2291.0,four_layer_exact,high,0.6978021978021978,0.6344086021505376,1.383610521736433,0.3021978021978022,G,G;K;N;S,matches_consensus,False,False,,0.4393499201472324,surface,True,False,True,False,4.489721613276751,True,False,unassigned_manual_review,,not_annotated_no_domain_boundaries,,False,False
6IV9,A,VI-D,binary,612,613,K,564.0,K,613.0,,LYS,True,2291.0,2292.0,four_layer_exact,high,0.7362637362637363,0.4603125,1.7781822332535753,0.2637362637362637,K,D;E;K;N;T,matches_consensus,False,False,,0.8188389262695844,surface,False,True,False,False,5.5420904325097995,True,False,unassigned_manual_review,,not_annotated_no_domain_boundaries,,False,False
6IV9,A,VI-D,binary,613,614,G,565.0,G,614.0,,GLY,True,2292.0,2293.0,four_layer_exact,high,0.7692307692307693,0.320754716981132,2.3879128042717594,0.2307692307692307,K,E;K;P;T,differs_from_consensus,False,True,scaffold_differs_from_msa_consensus,0.35130787350475856,surface,True,False,True,False,4.71187776929512,True,False,unassigned_manual_review,,not_annotated_no_domain_boundaries,,False,False
6IV9,A,VI-D,binary,614,615,I,566.0,I,615.0,,ILE,True,2293.0,2294.0,four_layer_exact,high,0.412087912087912,0.273972602739726,2.253269814704581,0.5879120879120879,I,I;K;L;R;S;T;V,matches_consensus,False,False,,0.18182913149881166,buried_core,False,True,False,False,5.327707255137184,True,True,unassigned_manual_review,,not_annotated_no_domain_boundaries,,False,False
6IV9,A,VI-D,binary,615,616,H,567.0,H,616.0,,HIS,True,2342.0,2343.0,four_layer_exact,high,0.989010989010989,0.2549568965517241,2.044704689199091,0.0109890109890109,N,H;K;N;R;T,differs_from_consensus,True,True,scaffold_differs_from_msa_consensus,0.045975244989878136,buried_core,True,False,True,False,3.9515145925550246,True,True,unassigned_manual_review,,not_annotated_no_domain_boundaries,,True,False
6IV9,A,VI-D,binary,616,617,G,568.0,G,617.0,,GLY,True,2343.0,2344.0,four_layer_exact,high,0.9945054945054944,0.3287671232876712,2.0693192496989004,0.0054945054945054,G,D;G;K;N;P,matches_consensus,True,False,,0.03483542930884374,buried_core,True,False,True,False,4.180946208600047,True,True,unassigned_manual_review,,not_annotated_no_domain_boundaries,,True,False
6IV9,A,VI-D,binary,617,618,L,569.0,L,618.0,,LEU,True,2344.0,2345.0,four_layer_exact,high,0.9945054945054944,0.4726027397260274,1.5759153766818643,0.0054945054945054,F,F;I;L;V,differs_from_consensus,True,True,scaffold_differs_from_msa_consensus,0.12276593859147458,buried_core,False,True,False,False,6.339066797686333,True,True,unassigned_manual_review,,not_annotated_no_domain_boundaries,,True,False
6IV9,A,VI-D,binary,618,619,R,570.0,R,619.0,,ARG,True,2345.0,2346.0,four_layer_exact,high,0.9945054945054944,0.8835616438356164,0.506741600035178,0.0054945054945054,R,K;R,matches_consensus,True,False,,0.1673849738365937,buried_core,True,False,True,False,3.2787363221529366,True,True,unassigned_manual_review,,not_annotated_no_domain_boundaries,,True,False
6IV9,A,VI-D,binary,619,620,N,571.0,N,620.0,,ASN,True,2352.0,2353.0,four_layer_exact,high,1.0,0.9047619047619048,0.4827964867853797,0.0,N,N,matches_consensus,True,False,,0.021978646647440418,buried_core,True,False,True,False,2.7171972546724237,True,True,unassigned_manual_review,,not_annotated_no_domain_boundaries,,True,False
6IV9,A,VI-D,binary,620,621,F,572.0,F,621.0,,PHE,True,2353.0,2354.0,four_layer_exact,high,1.0,0.9047619047619048,0.3994558080260597,0.0,F,F;Y,matches_consensus,True,False,,0.0,buried_core,False,True,False,False,5.925126785211436,True,True,unassigned_manual_review,,not_annotated_no_domain_boundaries,,True,False
6IV9,A,VI-D,binary,621,622,I,573.0,I,622.0,,ILE,True,2354.0,2355.0,four_layer_exact,high,1.0,0.7755102040816326,0.7402808121349429,0.0,I,I;L,matches_consensus,True,False,,0.0,buried_core,False,False,False,False,8.592912309309968,True,True,unassigned_manual_review,,not_annotated_no_domain_boundaries,,True,False
6IV9,A,VI-D,binary,622,623,T,574.0,T,623.0,,THR,True,2355.0,2356.0,four_layer_exact,high,1.0,0.3333333333333333,1.8894836396114305,0.0,A,A;I,differs_from_consensus,True,True,scaffold_differs_from_msa_consensus,0.08187808730550819,buried_core,False,False,False,False,8.153413517724145,True,True,unassigned_manual_review,,not_annotated_no_domain_boundaries,,True,False
6IV9,A,VI-D,binary,623,624,N,575.0,N,624.0,,ASN,True,2356.0,2357.0,four_layer_exact,high,1.0,0.7142857142857143,0.8897169537548101,0.0,N,K;N;S,matches_consensus,True,False,,0.19916531006794572,buried_core,True,False,True,False,3.562338970623279,True,True,unassigned_manual_review,,not_annotated_no_domain_boundaries,,True,False
6IV9,A,VI-D,binary,624,625,N,576.0,N,625.0,,ASN,True,2357.0,2358.0,four_layer_exact,high,1.0,0.91156462585034,0.4243103208457421,0.0,N,N,matches_consensus,True,False,,0.043957293294880836,buried_core,False,True,False,False,5.985064693627151,True,True,unassigned_manual_review,,not_annotated_no_domain_boundaries,,True,False
6IV9,A,VI-D,binary,625,626,V,577.0,V,626.0,,VAL,True,2358.0,2359.0,four_layer_exact,high,1.0,0.8503401360544217,0.4497918496700321,0.0,V,I;V,matches_consensus,True,False,,0.0069403920462064155,buried_core,False,False,False,False,9.083447493060067,True,True,unassigned_manual_review,,not_annotated_no_domain_boundaries,,True,False
6IV9,A,VI-D,binary,626,627,I,578.0,I,627.0,,ILE,True,2359.0,2360.0,four_layer_exact,high,1.0,0.6802721088435374,0.9582240756813062,0.0,I,I;L;V,matches_consensus,True,False,,0.012260184934415394,buried_core,False,False,False,False,9.72455770275395,True,True,unassigned_manual_review,,not_annotated_no_domain_boundaries,,True,False
6IV9,A,VI-D,binary,627,628,E,579.0,E,628.0,,GLU,True,2360.0,2361.0,four_layer_exact,high,1.0,0.3333333333333333,1.8971449057834,0.0,E,D;E;K;N;S,matches_consensus,True,False,,0.3394657944216648,surface,False,True,False,False,6.301911158758667,True,False,unassigned_manual_review,,not_annotated_no_domain_boundaries,,True,False
6IV9,A,VI-D,binary,628,629,S,580.0,S,629.0,,SER,True,2361.0,2362.0,four_layer_exact,high,1.0,0.8435374149659864,0.5213503309611086,0.0,S,N;S,matches_consensus,True,False,,0.046746898685416115,buried_core,False,True,False,False,5.159440366267144,True,True,unassigned_manual_review,,not_annotated_no_domain_boundaries,,True,False
6IV9,A,VI-D,binary,629,630,S,581.0,S,630.0,,SER,True,2362.0,2363.0,four_layer_exact,high,1.0,0.3537414965986394,1.8156290973535367,0.0,R,K;N;R;S;T,differs_from_consensus,True,True,scaffold_differs_from_msa_consensus,0.0764400163467648,buried_core,True,False,True,False,2.8198417836712766,True,True,unassigned_manual_review,,not_annotated_no_domain_boundaries,,True,False
6IV9,A,VI-D,binary,630,631,R,582.0,R,631.0,,ARG,True,2363.0,2364.0,four_layer_exact,high,1.0,0.7619047619047619,0.9837272783521896,0.0,R,K;R;W,matches_consensus,True,False,,0.0,buried_core,True,False,True,False,2.836858574371323,True,True,unassigned_manual_review,,not_annotated_no_domain_boundaries,,True,False
6IV9,A,VI-D,binary,631,632,F,583.0,F,632.0,,PHE,True,2364.0,2365.0,four_layer_exact,high,1.0,0.9659863945578232,0.1484282892171749,0.0,F,F,matches_consensus,True,False,,0.0,buried_core,False,True,False,False,7.242034335314473,True,True,unassigned_manual_review,,not_annotated_no_domain_boundaries,,True,False
6IV9,A,VI-D,binary,632,633,V,584.0,V,633.0,,VAL,True,2365.0,2366.0,four_layer_exact,high,1.0,0.1766581632653061,2.459084966990156,0.0,K,F;H;I;K;N;Q;R,differs_from_consensus,True,True,scaffold_differs_from_msa_consensus,0.02082117613861925,buried_core,False,False,False,False,8.616975875408167,True,True,unassigned_manual_review,,not_annotated_no_domain_boundaries,,True,False
6IV9,A,VI-D,binary,633,634,Y,585.0,Y,634.0,,TYR,True,2367.0,2368.0,four_layer_exact,high,1.0,0.9727891156462584,0.1402106888660079,0.0,Y,Y,matches_consensus,True,False,,0.0,buried_core,False,True,False,False,7.964360966689517,True,True,unassigned_manual_review,,not_annotated_no_domain_boundaries,,True,False
6IV9,A,VI-D,binary,634,635,L,586.0,L,635.0,,LEU,True,2368.0,2369.0,four_layer_exact,high,1.0,0.5714285714285714,1.0281281059418343,0.0,L,I;L;V,matches_consensus,True,False,,0.0060081005773130166,buried_core,False,False,False,False,10.797759090981849,True,True,unassigned_manual_review,,not_annotated_no_domain_boundaries,,True,False
6IV9,A,VI-D,binary,635,636,I,587.0,I,636.0,,ILE,True,2369.0,2370.0,four_layer_exact,high,1.0,0.4353741496598639,1.4172898637728435,0.0,V,A;I;V,differs_from_consensus,True,True,scaffold_differs_from_msa_consensus,0.0,buried_core,False,False,False,False,12.863365487942577,True,True,unassigned_manual_review,,not_annotated_no_domain_boundaries,,True,False
6IV9,A,VI-D,binary,636,637,K,588.0,K,637.0,,LYS,True,2370.0,2371.0,four_layer_exact,high,1.0,0.6394557823129252,0.811700257404049,0.0,R,K;R,differs_from_consensus,True,True,scaffold_differs_from_msa_consensus,0.005117068712033544,buried_core,False,False,False,False,11.792993696512102,True,True,unassigned_manual_review,,not_annotated_no_domain_boundaries,,True,False
6IV9,A,VI-D,binary,637,638,Y,589.0,Y,638.0,,TYR,True,2371.0,2372.0,four_layer_exact,high,1.0,0.8503401360544217,0.5452229666215684,0.0,Y,F;Y,matches_consensus,True,False,,0.004073988684649127,buried_core,False,False,False,False,11.074952765811412,True,True,unassigned_manual_review,,not_annotated_no_domain_boundaries,,True,False
6IV9,A,VI-D,binary,638,639,A,590.0,A,639.0,,ALA,True,2372.0,2373.0,four_layer_exact,high,1.0,0.1700680272108843,2.198069236424125,0.0,G,A;C;G;I;N;S;T;V,differs_from_consensus,True,True,scaffold_differs_from_msa_consensus,0.009361459039069119,buried_core,False,False,False,False,15.282302341063374,True,True,unassigned_manual_review,,not_annotated_no_domain_boundaries,,True,False
6IV9,A,VI-D,binary,639,640,N,591.0,N,640.0,,ASN,True,2373.0,2374.0,four_layer_exact,high,1.0,0.5170068027210885,1.4482255672881177,0.0,N,D;K;N;R;S,matches_consensus,True,False,,0.07256544153504735,buried_core,False,False,False,False,17.762844546415838,True,True,unassigned_manual_review,,not_annotated_no_domain_boundaries,,True,False
6IV9,A,VI-D,binary,640,641,A,592.0,A,641.0,,ALA,True,2374.0,2375.0,four_layer_exact,high,1.0,0.7551020408163265,0.9980762056073184,0.0,P,A;P;T;V,differs_from_consensus,True,True,scaffold_differs_from_msa_consensus,0.0,buried_core,False,False,False,False,17.52532251108676,True,True,unassigned_manual_review,,not_annotated_no_domain_boundaries,,True,False
6IV9,A,VI-D,binary,641,642,Q,593.0,Q,642.0,,GLN,True,2375.0,2376.0,four_layer_exact,high,1.0,0.3129251700680272,2.195610034589785,0.0,K,A;E;K;R;S;T,differs_from_consensus,True,True,scaffold_differs_from_msa_consensus,0.2854013216848946,surface,False,False,False,False,19.843371559783307,True,False,unassigned_manual_review,,not_annotated_no_domain_boundaries,,True,False
6IV9,A,VI-D,binary,642,643,K,594.0,K,643.0,,LYS,True,2376.0,2377.0,four_layer_exact,high,1.0,0.3401360544217687,2.29174671988634,0.0,K,D;E;K;N;S;T,matches_consensus,True,False,,0.07095739610463998,buried_core,False,False,False,False,19.24144695277349,True,True,unassigned_manual_review,,not_annotated_no_domain_boundaries,,True,False
6IV9,A,VI-D,binary,643,644,I,595.0,I,644.0,,ILE,True,2377.0,2378.0,four_layer_exact,high,1.0,0.3537414965986394,1.688112846401972,0.0,V,A;C;I;L;V,differs_from_consensus,True,True,scaffold_differs_from_msa_consensus,0.018390277401623092,buried_core,False,False,False,False,14.837508079429114,True,True,unassigned_manual_review,,not_annotated_no_domain_boundaries,,True,False
6IV9,A,VI-D,binary,644,645,R,596.0,R,645.0,,ARG,True,2378.0,2379.0,four_layer_exact,high,1.0,0.5578231292517006,1.7049736224519816,0.0,R,H;K;R;S,matches_consensus,True,False,,0.036336990648747354,buried_core,False,False,False,False,18.368339499670512,True,True,unassigned_manual_review,,not_annotated_no_domain_boundaries,,True,False
6IV9,A,VI-D,binary,645,646,E,597.0,E,646.0,,GLU,True,2379.0,2380.0,four_layer_exact,high,1.0,0.3356009070294784,2.0562657025875595,0.0,K,A;E;K;R,differs_from_consensus,True,True,scaffold_differs_from_msa_consensus,0.2553425649285032,surface,False,False,False,False,19.849803020659156,True,False,unassigned_manual_review,,not_annotated_no_domain_boundaries,,True,False
6IV9,A,VI-D,binary,646,647,V,598.0,V,647.0,,VAL,True,2380.0,2381.0,four_layer_exact,high,1.0,0.4693877551020408,1.471496016036716,0.0,L,F;I;L;V,differs_from_consensus,True,True,scaffold_differs_from_msa_consensus,0.0069403920462064155,buried_core,False,False,False,False,15.534406180998506,True,True,unassigned_manual_review,,not_annotated_no_domain_boundaries,,True,False
6IV9,A,VI-D,binary,647,648,A,599.0,A,648.0,,ALA,True,2381.0,2382.0,four_layer_exact,high,1.0,0.4285714285714285,1.5186706172242754,0.0,A,A;I;M;V,matches_consensus,True,False,,0.0,buried_core,False,False,False,False,15.467962301677913,True,True,unassigned_manual_review,,not_annotated_no_domain_boundaries,,True,False
6IV9,A,VI-D,binary,648,649,K,600.0,K,649.0,,LYS,True,2382.0,2383.0,four_layer_exact,high,0.9945054945054944,0.2716894977168949,2.093049613727429,0.0054945054945054,K,E;K;N;Q;R;S,matches_consensus,True,False,,0.32497885721060943,surface,False,False,False,False,17.90273772867235,True,False,unassigned_manual_review,,not_annotated_no_domain_boundaries,,True,False
6IV9,A,VI-D,binary,649,650,N,601.0,N,650.0,,ASN,True,2388.0,2389.0,four_layer_exact,high,1.0,0.7959183673469388,0.8274555280008078,0.0,N,C;N,matches_consensus,True,False,,0.08109768496756609,buried_core,False,False,False,False,16.27264891924626,True,True,unassigned_manual_review,,not_annotated_no_domain_boundaries,,True,False
6IV9,A,VI-D,binary,650,651,E,602.0,E,651.0,,GLU,True,2389.0,2390.0,four_layer_exact,high,1.0,0.2874149659863945,2.0159987736505576,0.0,E,E;K;P;R;T,matches_consensus,True,False,,0.16222046164095494,buried_core,False,False,False,False,15.613621341176547,True,True,unassigned_manual_review,,not_annotated_no_domain_boundaries,,True,False
6IV9,A,VI-D,binary,651,652,K,603.0,K,652.0,,LYS,True,2390.0,2391.0,four_layer_exact,high,1.0,0.238095238095238,2.3303626812105,0.0,K,A;E;K;N;P;S;T,matches_consensus,True,False,,0.29909426363835406,surface,False,False,False,False,13.855357235048468,True,False,unassigned_manual_review,,not_annotated_no_domain_boundaries,,True,False
6IV9,A,VI-D,binary,652,653,V,604.0,V,653.0,,VAL,True,2391.0,2392.0,four_layer_exact,high,1.0,0.3469387755102041,1.4594640207736869,0.0,V,A;I;L;V,matches_consensus,True,False,,0.02082117613861925,buried_core,False,False,False,False,11.403651283665663,True,True,unassigned_manual_review,,not_annotated_no_domain_boundaries,,True,False
6IV9,A,VI-D,binary,653,654,V,605.0,V,654.0,,VAL,True,2392.0,2393.0,four_layer_exact,high,1.0,0.6258503401360545,1.143334124932022,0.0,V,I;L;T;V,matches_consensus,True,False,,0.0,buried_core,False,False,False,False,10.871270983139523,True,True,unassigned_manual_review,,not_annotated_no_domain_boundaries,,True,False
6IV9,A,VI-D,binary,654,655,M,606.0,M,655.0,,MET,True,2393.0,2394.0,four_layer_exact,high,1.0,0.3265306122448979,1.9751902431035715,0.0,R,A;E;K;R;S,differs_from_consensus,True,True,scaffold_differs_from_msa_consensus,0.016173592179106022,buried_core,False,False,False,False,10.921847641497497,True,True,unassigned_manual_review,,not_annotated_no_domain_boundaries,,True,False
6IV9,A,VI-D,binary,655,656,F,607.0,F,656.0,,PHE,True,2394.0,2395.0,four_layer_exact,high,1.0,0.7551020408163265,0.8150132857617806,0.0,F,F;L;Y,matches_consensus,True,False,,0.03522248963449756,buried_core,False,True,False,False,7.962018519012331,True,True,unassigned_manual_review,,not_annotated_no_domain_boundaries,,True,False
6IV9,A,VI-D,binary,656,657,V,608.0,V,657.0,,VAL,True,2395.0,2396.0,four_layer_exact,high,1.0,0.7278911564625851,0.8883088396536021,0.0,V,A;I;V,matches_consensus,True,False,,0.0130982025293255,buried_core,False,True,False,False,6.251795846327132,True,True,unassigned_manual_review,,not_annotated_no_domain_boundaries,,True,False
6IV9,A,VI-D,binary,657,658,L,609.0,L,658.0,,LEU,True,2396.0,2397.0,four_layer_exact,high,1.0,0.9455782312925172,0.2832196460072378,0.0,L,L,matches_consensus,True,False,,0.0,buried_core,False,True,False,False,7.210736269579976,True,True,unassigned_manual_review,,not_annotated_no_domain_boundaries,,True,False
6IV9,A,VI-D,binary,658,659,G,610.0,G,659.0,,GLY,True,2398.0,2399.0,four_layer_exact,high,0.9945054945054944,0.2602739726027397,2.153475989484622,0.0054945054945054,K,D;E;G;K;N;R;S,differs_from_consensus,True,True,scaffold_differs_from_msa_consensus,0.1494721452383353,buried_core,False,True,False,False,7.536710340957076,True,True,unassigned_manual_review,,not_annotated_no_domain_boundaries,,True,False
6IV9,A,VI-D,binary,659,660,G,611.0,G,660.0,,GLY,True,2407.0,2408.0,four_layer_exact,high,0.978021978021978,0.3076923076923077,2.03431797599515,0.021978021978022,R,D;E;G;K;R;S,differs_from_consensus,True,True,scaffold_differs_from_msa_consensus,0.234682771086518,surface,True,False,True,False,4.003615311431955,True,False,unassigned_manual_review,,not_annotated_no_domain_boundaries,,True,False
6IV9,A,VI-D,binary,660,661,I,612.0,I,661.0,,ILE,True,2409.0,2410.0,four_layer_exact,high,0.9945054945054944,0.589041095890411,1.0731959757798548,0.0054945054945054,I,I;L;M,matches_consensus,True,False,,0.006130092467207697,buried_core,True,False,True,False,3.866133725679143,True,True,unassigned_manual_review,,not_annotated_no_domain_boundaries,,True,False
6IV9,A,VI-D,binary,661,662,P,613.0,P,662.0,,PRO,True,2431.0,2432.0,four_layer_exact,high,1.0,0.7959183673469388,0.9609288284265856,0.0,P,P,matches_consensus,True,False,,0.1367126282309339,buried_core,True,False,True,False,3.469749018399959,True,True,unassigned_manual_review,,not_annotated_no_domain_boundaries,,True,False
6IV9,A,VI-D,binary,662,663,D,614.0,D,663.0,,ASP,True,2432.0,2433.0,four_layer_exact,high,1.0,0.4081632653061224,1.6881584280251571,0.0,D,D;E;K;P,matches_consensus,True,False,,0.20620750048731967,surface,False,False,False,False,8.095069759119935,True,False,unassigned_manual_review,,not_annotated_no_domain_boundaries,,True,False
6IV9,A,VI-D,binary,663,664,T,615.0,T,664.0,,THR,True,2433.0,2434.0,four_layer_exact,high,1.0,0.2653061224489796,1.973315842127645,0.0,T,A;E;K;N;S;T,matches_consensus,True,False,,0.4553713710878353,surface,False,True,False,False,6.829299630810004,True,False,unassigned_manual_review,,not_annotated_no_domain_boundaries,,True,False
6IV9,A,VI-D,binary,664,665,Q,616.0,Q,665.0,,GLN,True,2434.0,2435.0,four_layer_exact,high,1.0,0.8979591836734694,0.4879014008686823,0.0,Q,Q,matches_consensus,True,False,,0.0,buried_core,True,False,True,False,3.0534721725293994,True,True,unassigned_manual_review,,not_annotated_no_domain_boundaries,,True,False
6IV9,A,VI-D,binary,665,666,I,617.0,I,666.0,,ILE,True,2435.0,2436.0,four_layer_exact,high,1.0,0.7891156462585034,0.6560502726420293,0.0,I,I;L,matches_consensus,True,False,,0.0,buried_core,False,True,False,False,7.132059722482418,True,True,unassigned_manual_review,,not_annotated_no_domain_boundaries,,True,False
6IV9,A,VI-D,binary,666,667,E,618.0,E,667.0,,GLU,True,2436.0,2437.0,four_layer_exact,high,1.0,0.3605442176870748,2.145366358317453,0.0,D,D;E;K;L;R;T,differs_from_consensus,True,True,scaffold_differs_from_msa_consensus,0.2860831758346143,surface,False,False,False,False,9.71971946958387,True,False,unassigned_manual_review,,not_annotated_no_domain_boundaries,,True,False
6IV9,A,VI-D,binary,667,668,R,619.0,R,668.0,,ARG,True,2437.0,2438.0,four_layer_exact,high,1.0,0.7891156462585034,0.849897306138563,0.0,R,K;R;S,matches_consensus,True,False,,0.3700291656597543,surface,True,False,True,False,3.310929212490525,True,False,unassigned_manual_review,,not_annotated_no_domain_boundaries,,True,False
6IV9,A,VI-D,binary,668,669,Y,620.0,Y,669.0,,TYR,True,2438.0,2439.0,four_layer_exact,high,1.0,0.9659863945578232,0.1937405014692199,0.0,Y,Y,matches_consensus,True,False,,0.0,buried_core,True,False,True,False,2.697995742084717,True,True,unassigned_manual_review,,not_annotated_no_domain_boundaries,,True,False
6IV9,A,VI-D,binary,669,670,Y,621.0,Y,670.0,,TYR,True,2439.0,2440.0,four_layer_exact,high,0.9945054945054944,0.6917808219178082,1.255111671604974,0.0054945054945054,Y,C;F;Y,matches_consensus,True,False,,0.004073988684649127,buried_core,False,False,False,False,10.243242409988211,True,True,unassigned_manual_review,,not_annotated_no_domain_boundaries,,True,False
6IV9,A,VI-D,binary,670,671,K,622.0,K,671.0,,LYS,True,2445.0,2446.0,four_layer_exact,high,0.9725274725274724,0.1974031690140845,2.4402951543493234,0.0274725274725274,K,D;E;K;N;R,matches_consensus,True,False,,0.5546806638644762,surface,False,False,False,False,12.090624028318272,True,False,unassigned_manual_review,,not_annotated_no_domain_boundaries,,True,False
6IV9,A,VI-D,binary,671,672,S,623.0,S,672.0,,SER,True,2446.0,2447.0,four_layer_exact,high,0.9725274725274724,0.4859154929577465,1.7173684276155556,0.0274725274725274,S,A;S;T,matches_consensus,True,False,,0.0995279253197711,buried_core,False,False,False,False,9.109110963946966,True,True,unassigned_manual_review,,not_annotated_no_domain_boundaries,,True,False
6IV9,A,VI-D,binary,672,673,C,624.0,C,673.0,,CYS,True,2447.0,2448.0,four_layer_exact,high,0.978021978021978,0.4895104895104895,1.4922572554319866,0.021978021978022,C,C;I;L;V,matches_consensus,True,False,,0.019247766899330304,buried_core,False,False,False,False,10.39412496603458,True,True,unassigned_manual_review,,not_annotated_no_domain_boundaries,,True,False
6IV9,A,VI-D,binary,673,674,V,625.0,V,674.0,,VAL,True,2453.0,2454.0,four_layer_exact,high,0.8241758241758241,0.2260869565217391,2.5951530840494907,0.1758241758241758,T,F;G;I;K;N;S;T;V,differs_from_consensus,True,True,scaffold_differs_from_msa_consensus,0.05933320216350842,buried_core,False,False,False,False,14.569016881076191,True,True,unassigned_manual_review,,not_annotated_no_domain_boundaries,,True,False
6IV9,A,VI-D,binary,674,675,E,626.0,E,675.0,,GLU,True,2454.0,2455.0,four_layer_exact,high,0.8461538461538461,0.4369747899159664,2.046389148472396,0.1538461538461538,G,D;E;G,differs_from_consensus,True,True,scaffold_differs_from_msa_consensus,0.44834161834460096,surface,False,False,False,False,17.92476044611462,True,False,unassigned_manual_review,,not_annotated_no_domain_boundaries,,True,False
6IV9,A,VI-D,binary,675,676,F,627.0,F,676.0,,PHE,True,2455.0,2456.0,four_layer_exact,high,0.7582417582417582,0.1620145631067961,2.6546072910495537,0.2417582417582418,K,A;E;G;I;K;N;P;S;T,differs_from_consensus,False,True,scaffold_differs_from_msa_consensus,0.5695772407206469,surface,False,False,False,False,19.964714717920483,True,False,unassigned_manual_review,,not_annotated_no_domain_boundaries,,False,False
6IV9,A,VI-D,binary,676,677,P,628.0,P,677.0,,PRO,True,2456.0,2457.0,four_layer_exact,high,0.8186813186813187,0.175438596491228,2.448897424287677,0.1813186813186813,K,D;E;G;K;N;P;R;S,differs_from_consensus,True,True,scaffold_differs_from_msa_consensus,0.19564843220961378,buried_core,False,False,False,False,16.987961557672303,True,True,unassigned_manual_review,,not_annotated_no_domain_boundaries,,True,False
6IV9,A,VI-D,binary,677,678,D,629.0,D,678.0,,ASP,True,2457.0,2458.0,four_layer_exact,high,0.5439560439560439,0.2307692307692307,2.3437011529219887,0.4560439560439561,E,D;E;P;S;T,differs_from_consensus,False,True,scaffold_differs_from_msa_consensus,0.31260084007061306,surface,False,False,False,False,18.834579108514475,True,False,unassigned_manual_review,,not_annotated_no_domain_boundaries,,False,False
6IV9,A,VI-D,binary,678,679,M,630.0,M,679.0,,MET,True,2458.0,2459.0,four_layer_exact,high,0.4835164835164835,0.1296296296296296,2.698480368890356,0.5164835164835164,E,A;E;I;L;N;P;S;T;V,differs_from_consensus,False,True,scaffold_differs_from_msa_consensus,0.35056443372785956,surface,False,False,False,False,14.264121497096856,True,False,unassigned_manual_review,,not_annotated_no_domain_boundaries,,False,False
6IV9,A,VI-D,binary,679,680,N,631.0,N,680.0,,ASN,True,2462.0,2463.0,four_layer_exact,high,0.4065934065934066,0.2,2.308087143602468,0.5934065934065934,P,A;E;G;K;N;P;Q;S;T,differs_from_consensus,False,True,scaffold_differs_from_msa_consensus,0.6109292515047346,surface,False,False,False,False,19.981641953923187,True,False,unassigned_manual_review,,not_annotated_no_domain_boundaries,,False,False
6IV9,A,VI-D,binary,680,681,S,632.0,S,681.0,,SER,True,2479.0,2480.0,four_layer_exact,high,0.6263736263736264,0.1981981981981982,2.535673647236435,0.3736263736263736,A,A;D;I;K;P;S;T;V,differs_from_consensus,False,True,scaffold_differs_from_msa_consensus,0.08558719912699506,buried_core,False,False,False,False,18.165818706967404,True,True,unassigned_manual_review,,not_annotated_no_domain_boundaries,,False,False
6IV9,A,VI-D,binary,681,682,S,633.0,S,682.0,,SER,True,2480.0,2481.0,four_layer_exact,high,0.6758241758241759,0.2416666666666666,2.3078159210303624,0.3241758241758241,S,D;G;K;N;P;S;T,matches_consensus,False,False,,0.22435641372098133,surface,False,False,False,False,16.526327486208135,True,False,unassigned_manual_review,,not_annotated_no_domain_boundaries,,False,False
6IV9,A,VI-D,binary,682,683,L,634.0,L,683.0,,LEU,True,2481.0,2482.0,four_layer_exact,high,0.7087912087912088,0.1269841269841269,2.698039359974811,0.2912087912087912,K,A;I;K;L;R;T;V;Y,differs_from_consensus,False,True,scaffold_differs_from_msa_consensus,0.16221871558745146,buried_core,False,False,False,False,12.817312401979994,True,True,unassigned_manual_review,,not_annotated_no_domain_boundaries,,False,False
6IV9,A,VI-D,binary,683,684,E,635.0,E,684.0,,GLU,True,2482.0,2483.0,four_layer_exact,high,0.8846153846153846,0.2887139107611548,2.144128212266124,0.1153846153846154,E,D;E;K;N;S,matches_consensus,True,False,,0.36189840015999014,surface,False,False,False,False,14.473791620688273,True,False,unassigned_manual_review,,not_annotated_no_domain_boundaries,,True,False
6IV9,A,VI-D,binary,684,685,A,636.0,A,685.0,,ALA,True,2483.0,2484.0,four_layer_exact,high,0.8901098901098901,0.3125,2.275687682037037,0.1098901098901099,E,A;D;E;K;R;T,differs_from_consensus,True,True,scaffold_differs_from_msa_consensus,0.12081493794723723,buried_core,False,False,False,False,16.08812689263324,True,True,unassigned_manual_review,,not_annotated_no_domain_boundaries,,True,False
6IV9,A,VI-D,binary,685,686,K,637.0,K,686.0,,LYS,True,2484.0,2485.0,four_layer_exact,high,0.9945054945054944,0.4535530821917808,1.8017100993145243,0.0054945054945054,K,K;M;Q,matches_consensus,True,False,,0.013901547492134838,buried_core,False,False,False,False,12.913746248245623,True,True,unassigned_manual_review,,not_annotated_no_domain_boundaries,,True,False
6IV9,A,VI-D,binary,686,687,R,638.0,R,687.0,,ARG,True,2485.0,2486.0,four_layer_exact,high,1.0,0.4693877551020408,1.4556105835935438,0.0,I,I;L;R;V,differs_from_consensus,True,True,scaffold_differs_from_msa_consensus,0.0,buried_core,False,False,False,False,8.687449526457469,True,True,unassigned_manual_review,,not_annotated_no_domain_boundaries,,True,False
6IV9,A,VI-D,binary,687,688,S,639.0,S,688.0,,SER,True,2486.0,2487.0,four_layer_exact,high,1.0,0.3199404761904761,2.0892302674309065,0.0,D,A;D;E;K;N;Q;S,differs_from_consensus,True,True,scaffold_differs_from_msa_consensus,0.11323775458667816,buried_core,False,False,False,False,14.351653809972847,True,True,unassigned_manual_review,,not_annotated_no_domain_boundaries,,True,False
6IV9,A,VI-D,binary,688,689,E,640.0,E,689.0,,GLU,True,2487.0,2488.0,four_layer_exact,high,1.0,0.1632653061224489,2.568249472168473,0.0,E,A;E;F;K;T;V;Y,matches_consensus,True,False,,0.17007833152413293,buried_core,False,False,False,False,14.507574234904828,True,True,unassigned_manual_review,,not_annotated_no_domain_boundaries,,True,False
6IV9,A,VI-D,binary,689,690,L,641.0,L,690.0,,LEU,True,2488.0,2489.0,four_layer_exact,high,1.0,0.9183673469387756,0.3629909419913447,0.0,L,I;L,matches_consensus,True,False,,0.0,buried_core,False,False,False,False,9.508504035123451,True,True,unassigned_manual_review,,not_annotated_no_domain_boundaries,,True,False
6IV9,A,VI-D,binary,690,691,A,642.0,A,691.0,,ALA,True,2489.0,2490.0,four_layer_exact,high,1.0,0.3605442176870748,1.9231872361462825,0.0,A,A;I;S;T;V,matches_consensus,True,False,,0.0,buried_core,False,False,False,False,12.907927222180097,True,True,unassigned_manual_review,,not_annotated_no_domain_boundaries,,True,False
6IV9,A,VI-D,binary,691,692,R,643.0,R,692.0,,ARG,True,2490.0,2491.0,four_layer_exact,high,1.0,0.2312925170068027,2.0818279240922206,0.0,E,D;E;G;K;N;R,differs_from_consensus,True,True,scaffold_differs_from_msa_consensus,0.35024401134211003,surface,False,False,False,False,15.526320504382769,True,False,unassigned_manual_review,,not_annotated_no_domain_boundaries,,True,False
6IV9,A,VI-D,binary,692,693,M,644.0,M,693.0,,MET,True,2491.0,2492.0,four_layer_exact,high,1.0,0.1564625850340136,2.3943393928930647,0.0,I,A;E;I;K;L;M;Q;R,differs_from_consensus,True,True,scaffold_differs_from_msa_consensus,0.14797961685928512,buried_core,False,False,False,False,13.217939267471085,True,True,unassigned_manual_review,,not_annotated_no_domain_boundaries,,True,False
6IV9,A,VI-D,binary,693,694,I,645.0,I,694.0,,ILE,True,2492.0,2493.0,four_layer_exact,high,1.0,0.5238095238095238,0.9656212078672828,0.0,I,I;L,matches_consensus,True,False,,0.018390277401623092,buried_core,False,False,False,False,10.360060109537748,True,True,unassigned_manual_review,,not_annotated_no_domain_boundaries,,True,False
6IV9,A,VI-D,binary,694,695,K,646.0,K,695.0,,LYS,True,2493.0,2494.0,four_layer_exact,high,1.0,0.2312925170068027,2.377059686067302,0.0,T,A;C;K;R;S;T;V,differs_from_consensus,True,True,scaffold_differs_from_msa_consensus,0.27834825070070923,surface,False,False,False,False,15.983540688451741,True,False,unassigned_manual_review,,not_annotated_no_domain_boundaries,,True,False
6IV9,A,VI-D,binary,695,696,N,647.0,N,696.0,,ASN,True,2494.0,2495.0,four_layer_exact,high,1.0,0.2040816326530612,2.1812981957329782,0.0,G,D;E;G;K;N;Q;S,differs_from_consensus,True,True,scaffold_differs_from_msa_consensus,0.49168766961726895,surface,False,False,False,False,18.239158677462807,True,False,unassigned_manual_review,,not_annotated_no_domain_boundaries,,True,False
6IV9,A,VI-D,binary,696,697,I,648.0,I,697.0,,ILE,True,2495.0,2496.0,four_layer_exact,high,1.0,0.272108843537415,1.7179731267051934,0.0,F,F;I;L;M;V,differs_from_consensus,True,True,scaffold_differs_from_msa_consensus,0.02313794152388464,buried_core,False,False,False,False,14.762099684215517,True,True,unassigned_manual_review,,not_annotated_no_domain_boundaries,,True,False
6IV9,A,VI-D,binary,697,698,S,649.0,S,698.0,,SER,True,2496.0,2497.0,four_layer_exact,high,1.0,0.4149659863945578,1.6454428118663162,0.0,S,D;K;N;S;T,matches_consensus,True,False,,0.15746456898708305,buried_core,False,False,False,False,17.633300839867175,True,True,unassigned_manual_review,,not_annotated_no_domain_boundaries,,True,False
6IV9,A,VI-D,binary,698,699,F,650.0,F,699.0,,PHE,True,2497.0,2498.0,four_layer_exact,high,1.0,0.54421768707483,1.4476296345672652,0.0,F,F;I;L;Y,matches_consensus,True,False,,0.03522248963449756,buried_core,False,False,False,False,14.020517328099045,True,True,unassigned_manual_review,,not_annotated_no_domain_boundaries,,True,False
6IV9,A,VI-D,binary,699,700,D,651.0,D,700.0,,ASP,True,2498.0,2499.0,four_layer_exact,high,1.0,0.2090419501133786,2.268596289705408,0.0,D,D;E;G;K;N;S,matches_consensus,True,False,,0.3963730196691171,surface,False,False,False,False,17.439655442926163,True,False,unassigned_manual_review,,not_annotated_no_domain_boundaries,,True,False
6IV9,A,VI-D,binary,700,701,D,652.0,D,701.0,,ASP,True,2500.0,2501.0,four_layer_exact,high,0.967032967032967,0.2061170212765957,2.411003770316559,0.0329670329670329,D,D;E;K;N;Q;S;T,matches_consensus,True,False,,0.34015146820484554,surface,False,False,False,False,15.371356924702184,True,False,unassigned_manual_review,,not_annotated_no_domain_boundaries,,True,False
6IV9,A,VI-D,binary,701,702,F,653.0,F,702.0,,PHE,True,2502.0,2503.0,four_layer_exact,high,0.978021978021978,0.6083916083916084,1.3673360658753668,0.021978021978022,F,F;I;L,matches_consensus,True,False,,0.010063568466999302,buried_core,False,False,False,False,12.196760021416344,True,True,unassigned_manual_review,,not_annotated_no_domain_boundaries,,True,False
6IV9,A,VI-D,binary,702,703,K,654.0,K,703.0,,LYS,True,2503.0,2504.0,four_layer_exact,high,0.978021978021978,0.2447552447552447,2.345306231783017,0.021978021978022,E,E;I;K;L;R;S;T,differs_from_consensus,True,True,scaffold_differs_from_msa_consensus,0.42222467466182395,surface,False,False,False,False,12.168783554372991,True,False,unassigned_manual_review,,not_annotated_no_domain_boundaries,,True,False
6IV9,A,VI-D,binary,703,704,N,655.0,N,704.0,,ASN,True,2511.0,2512.0,four_layer_exact,high,0.9725274725274724,0.3544600938967135,1.8248594816385624,0.0274725274725274,D,D;G;K;N,differs_from_consensus,True,True,scaffold_differs_from_msa_consensus,0.47590198818028967,surface,False,False,False,False,12.06597966737369,True,False,unassigned_manual_review,,not_annotated_no_domain_boundaries,,True,False
6IV9,A,VI-D,binary,704,705,V,656.0,V,705.0,,VAL,True,2517.0,2518.0,four_layer_exact,high,0.9615384615384616,0.5928571428571429,1.110576939410738,0.0384615384615384,V,A;I;V,matches_consensus,True,False,,0.13635725421328673,buried_core,False,False,False,False,8.629553799069026,True,True,unassigned_manual_review,,not_annotated_no_domain_boundaries,,True,False
6IV9,A,VI-D,binary,705,706,K,657.0,K,706.0,,LYS,True,2526.0,2527.0,four_layer_exact,high,0.8956043956043956,0.2578125,2.3014362249240654,0.1043956043956043,K,D;E;G;K;N;Q;R,matches_consensus,True,False,,0.38781896361903767,surface,False,True,False,False,6.89652008513047,True,False,unassigned_manual_review,,not_annotated_no_domain_boundaries,,True,False
6IV9,A,VI-D,binary,706,707,Q,658.0,Q,707.0,,GLN,True,2527.0,2528.0,four_layer_exact,high,0.8846153846153846,0.4047619047619047,1.885689526112464,0.1153846153846154,Q,E;K;N;Q;T,matches_consensus,True,False,,0.0248088081195482,buried_core,True,False,True,False,3.0981063165572853,True,True,unassigned_manual_review,,not_annotated_no_domain_boundaries,,True,False
6IV9,A,VI-D,binary,707,708,Q,659.0,Q,708.0,,GLN,True,2528.0,2529.0,four_layer_exact,high,0.8846153846153846,0.1904761904761904,2.557731120816462,0.1153846153846154,K,A;K;L;M;N;S;V,differs_from_consensus,True,True,scaffold_differs_from_msa_consensus,0.34073780941478177,surface,True,False,True,False,3.1281645357375414,True,False,unassigned_manual_review,,not_annotated_no_domain_boundaries,,True,False
6IV9,A,VI-D,binary,708,709,A,660.0,A,709.0,,ALA,True,2541.0,2542.0,four_layer_exact,high,0.3571428571428571,0.2666666666666666,2.268605285634966,0.6428571428571428,A,A;I;S;V,matches_consensus,False,False,,0.12493134975383396,buried_core,False,True,False,False,5.83254622564062,True,True,unassigned_manual_review,,not_annotated_no_domain_boundaries,,False,False
6IV9,A,VI-D,binary,709,710,K,661.0,K,710.0,,LYS,True,2542.0,2543.0,four_layer_exact,high,0.510989010989011,0.3275862068965517,2.0233165659635355,0.489010989010989,N,E;F;G;K;N;Y,differs_from_consensus,False,True,scaffold_differs_from_msa_consensus,0.5560258512408767,surface,False,True,False,False,7.023014248546366,True,False,unassigned_manual_review,,not_annotated_no_domain_boundaries,,False,False
6IV9,A,VI-D,binary,710,711,G,662.0,G,711.0,,GLY,True,2543.0,2544.0,four_layer_exact,high,0.521978021978022,0.284375,2.1764025004460144,0.478021978021978,A,A;D;E;G;K;S;V,differs_from_consensus,False,True,scaffold_differs_from_msa_consensus,0.5396421240204329,surface,False,False,False,False,10.313550045677445,True,False,unassigned_manual_review,,not_annotated_no_domain_boundaries,,False,False
6IV9,A,VI-D,binary,711,712,R,663.0,R,712.0,,ARG,True,2544.0,2545.0,four_layer_exact,high,0.521978021978022,0.25,2.1819940971853127,0.478021978021978,D,D;E;K;N;Q;R;S;T,differs_from_consensus,False,True,scaffold_differs_from_msa_consensus,0.6779664265086328,surface,False,False,False,False,12.683349652145852,True,False,unassigned_manual_review,,not_annotated_no_domain_boundaries,,False,False
6IV9,A,VI-D,binary,712,713,E,664.0,E,713.0,,GLU,True,2558.0,2559.0,four_layer_exact,high,0.9505494505494504,0.3405797101449275,2.130455423297098,0.0494505494505495,E,D;E;K;N;Q,matches_consensus,True,False,,0.3216475261620695,surface,False,False,False,False,10.496225331809105,True,False,unassigned_manual_review,,not_annotated_no_domain_boundaries,,True,False
6IV9,A,VI-D,binary,713,714,N,665.0,N,714.0,,ASN,True,2559.0,2560.0,four_layer_exact,high,0.9725274725274724,0.2957746478873239,2.3409547363578675,0.0274725274725274,N,A;G;I;K;N;Q;S,matches_consensus,True,False,,0.24880511615463977,surface,False,True,False,False,6.164975397500676,True,False,unassigned_manual_review,,not_annotated_no_domain_boundaries,,True,False
6IV9,A,VI-D,binary,714,715,V,666.0,V,715.0,,VAL,True,2560.0,2561.0,four_layer_exact,high,0.978021978021978,0.1958041958041958,2.514145033457609,0.021978021978022,E,A;E;I;K;L;Q;S;V,differs_from_consensus,True,True,scaffold_differs_from_msa_consensus,0.3261984261717015,surface,False,False,False,False,11.246994027474807,True,False,unassigned_manual_review,,not_annotated_no_domain_boundaries,,True,False
6IV9,A,VI-D,binary,715,716,A,667.0,A,716.0,,ALA,True,2561.0,2562.0,four_layer_exact,high,0.9835164835164836,0.3402777777777778,2.1743241749712787,0.0164835164835165,E,D;E;K;Q;R,differs_from_consensus,True,True,scaffold_differs_from_msa_consensus,0.39832043815354745,surface,False,False,False,False,11.070832147137802,True,False,unassigned_manual_review,,not_annotated_no_domain_boundaries,,True,False
6IV9,A,VI-D,binary,716,717,K,668.0,K,717.0,,LYS,True,2562.0,2563.0,four_layer_exact,high,0.989010989010989,0.6827586206896552,1.1966129281184084,0.0109890109890109,K,I;K;R,matches_consensus,True,False,,0.0,buried_core,True,False,True,False,2.7821704048852807,True,True,unassigned_manual_review,,not_annotated_no_domain_boundaries,,True,False
6IV9,A,VI-D,binary,717,718,E,669.0,E,718.0,,GLU,True,2563.0,2564.0,four_layer_exact,high,0.989010989010989,0.5655172413793104,1.6154148084290416,0.0109890109890109,E,A;E;Q;R,matches_consensus,True,False,,0.3432097839446156,surface,False,True,False,False,6.782552934945568,True,False,unassigned_manual_review,,not_annotated_no_domain_boundaries,,True,False
6IV9,A,VI-D,binary,718,719,R,670.0,R,719.0,,ARG,True,2564.0,2565.0,four_layer_exact,high,0.9945054945054944,0.4452054794520548,1.5924278725022518,0.0054945054945054,R,K;Q;R,matches_consensus,True,False,,0.16256136789000528,buried_core,False,False,False,False,11.38598825242499,True,True,unassigned_manual_review,,not_annotated_no_domain_boundaries,,True,False
6IV9,A,VI-D,binary,719,720,A,671.0,A,720.0,,ALA,True,2565.0,2566.0,four_layer_exact,high,1.0,0.2244897959183673,2.217077410589673,0.0,K,F;K;L;M;N;Y,differs_from_consensus,True,True,scaffold_differs_from_msa_consensus,0.028084377117207356,buried_core,False,False,False,False,10.653187155958598,True,True,unassigned_manual_review,,not_annotated_no_domain_boundaries,,True,False
6IV9,A,VI-D,binary,720,721,K,672.0,K,721.0,,LYS,True,2566.0,2567.0,four_layer_exact,high,1.0,0.5714285714285714,1.3168066800392395,0.0,K,K;Q,matches_consensus,True,False,,0.2134599856241399,surface,False,True,False,False,5.641364802209209,True,False,unassigned_manual_review,,not_annotated_no_domain_boundaries,,True,False
6IV9,A,VI-D,binary,721,722,A,673.0,A,722.0,,ALA,True,2567.0,2568.0,four_layer_exact,high,1.0,0.6585884353741497,1.2836432611857385,0.0,A,A;N;S,matches_consensus,True,False,,0.09273056083002988,buried_core,False,False,False,False,8.69449432012168,True,True,unassigned_manual_review,,not_annotated_no_domain_boundaries,,True,False
6IV9,A,VI-D,binary,722,723,V,674.0,V,723.0,,VAL,True,2568.0,2569.0,four_layer_exact,high,1.0,0.4081632653061224,1.4013609778265448,0.0,I,I;L;V,differs_from_consensus,True,True,scaffold_differs_from_msa_consensus,0.07399656781900857,buried_core,False,False,False,False,10.507356790005003,True,True,unassigned_manual_review,,not_annotated_no_domain_boundaries,,True,False
6IV9,A,VI-D,binary,723,724,I,675.0,I,724.0,,ILE,True,2569.0,2570.0,four_layer_exact,high,0.9945054945054944,0.5051194539249146,1.3480713694736552,0.0054945054945054,I,I;L;T;V,matches_consensus,True,False,,0.0,buried_core,False,False,False,False,9.288348129372233,True,True,unassigned_manual_review,,not_annotated_no_domain_boundaries,,True,False
6IV9,A,VI-D,binary,724,725,G,676.0,G,725.0,,GLY,True,2570.0,2571.0,four_layer_exact,high,0.9945054945054944,0.3583617747440273,1.628871656479298,0.0054945054945054,G,G;K;N;R;S;T,matches_consensus,True,False,,0.01161180976961458,buried_core,False,True,False,False,6.141060939723164,True,True,unassigned_manual_review,,not_annotated_no_domain_boundaries,,True,False
6IV9,A,VI-D,binary,725,726,L,677.0,L,726.0,,LEU,True,2571.0,2572.0,four_layer_exact,high,0.9945054945054944,0.9726962457337884,0.1405949040578399,0.0054945054945054,L,L,matches_consensus,True,False,,0.0060081005773130166,buried_core,False,True,False,False,6.039086496874204,True,True,unassigned_manual_review,,not_annotated_no_domain_boundaries,,True,False
6IV9,A,VI-D,binary,726,727,Y,678.0,Y,727.0,,TYR,True,2572.0,2573.0,four_layer_exact,high,0.9945054945054944,0.9931740614334472,0.040843717863401,0.0054945054945054,Y,Y,matches_consensus,True,False,,0.009183484532622938,buried_core,False,False,False,False,9.140281436414268,True,True,unassigned_manual_review,,not_annotated_no_domain_boundaries,,True,False
6IV9,A,VI-D,binary,727,728,L,679.0,L,728.0,,LEU,True,2573.0,2574.0,four_layer_exact,high,0.9945054945054944,0.8703071672354948,0.5659801064147093,0.0054945054945054,L,L,matches_consensus,True,False,,0.0,buried_core,False,False,False,False,8.39833621787222,True,True,unassigned_manual_review,,not_annotated_no_domain_boundaries,,True,False
6IV9,A,VI-D,binary,728,729,T,680.0,T,729.0,,THR,True,2574.0,2575.0,four_layer_exact,high,0.9945054945054944,0.8464163822525598,0.682968501365504,0.0054945054945054,T,N;T,matches_consensus,True,False,,0.0,buried_core,True,False,True,False,3.90096567690978,True,True,unassigned_manual_review,,not_annotated_no_domain_boundaries,,True,False
6IV9,A,VI-D,binary,729,730,V,681.0,V,730.0,,VAL,True,2575.0,2576.0,four_layer_exact,high,0.9945054945054944,0.7815699658703071,0.7252802535594597,0.0054945054945054,V,I;V,matches_consensus,True,False,,0.0,buried_core,False,True,False,False,6.866927496178306,True,True,unassigned_manual_review,,not_annotated_no_domain_boundaries,,True,False
6IV9,A,VI-D,binary,730,731,M,682.0,M,731.0,,MET,True,2576.0,2577.0,four_layer_exact,high,0.9945054945054944,0.3583617747440273,1.7035115601036432,0.0054945054945054,L,A;I;L;M;V,differs_from_consensus,True,True,scaffold_differs_from_msa_consensus,0.011135823959599537,buried_core,False,False,False,False,9.52465552770866,True,True,unassigned_manual_review,,not_annotated_no_domain_boundaries,,True,False
6IV9,A,VI-D,binary,731,732,Y,683.0,Y,732.0,,TYR,True,2577.0,2578.0,four_layer_exact,high,0.9945054945054944,0.9453924914675768,0.2324390042743155,0.0054945054945054,Y,Y,matches_consensus,True,False,,0.0,buried_core,True,False,True,False,3.464795489176171,True,True,unassigned_manual_review,,not_annotated_no_domain_boundaries,,True,False
6IV9,A,VI-D,binary,732,733,L,684.0,L,733.0,,LEU,True,2578.0,2579.0,four_layer_exact,high,0.9945054945054944,0.5802047781569966,1.3137402061419368,0.0054945054945054,L,I;L;Q,matches_consensus,True,False,,0.0060081005773130166,buried_core,True,False,True,False,3.6280445990802654,True,True,unassigned_manual_review,,not_annotated_no_domain_boundaries,,True,False
6IV9,A,VI-D,binary,733,734,L,685.0,L,734.0,,LEU,True,2579.0,2580.0,four_layer_exact,high,0.9945054945054944,0.3583617747440273,1.6765219583980584,0.0054945054945054,I,A;F;I;L;V,differs_from_consensus,True,True,scaffold_differs_from_msa_consensus,0.0060081005773130166,buried_core,False,True,False,False,7.472285230892094,True,True,unassigned_manual_review,,not_annotated_no_domain_boundaries,,True,False
6IV9,A,VI-D,binary,734,735,V,686.0,V,735.0,,VAL,True,2580.0,2581.0,four_layer_exact,high,0.9945054945054944,0.4163822525597269,1.7118747516697963,0.0054945054945054,V,I;L;T;V,matches_consensus,True,False,,0.0069403920462064155,buried_core,False,False,False,False,8.80366356645431,True,True,unassigned_manual_review,,not_annotated_no_domain_boundaries,,True,False
6IV9,A,VI-D,binary,735,736,K,687.0,K,736.0,,LYS,True,2581.0,2582.0,four_layer_exact,high,0.9945054945054944,1.0,-0.0,0.0054945054945054,K,K,matches_consensus,True,False,,0.0,buried_core,True,False,True,False,2.6381979276054928,True,True,unassigned_manual_review,,not_annotated_no_domain_boundaries,,True,False
6IV9,A,VI-D,binary,736,737,N,688.0,N,737.0,,ASN,True,2582.0,2583.0,four_layer_exact,high,0.9945054945054944,0.7747440273037542,0.8187206589520368,0.0054945054945054,N,N;S,matches_consensus,True,False,,0.0,buried_core,True,False,True,False,3.210534613722304,True,True,unassigned_manual_review,,not_annotated_no_domain_boundaries,,True,False
6IV9,A,VI-D,binary,737,738,L,689.0,L,738.0,,LEU,True,2583.0,2584.0,four_layer_exact,high,0.9945054945054944,0.7610921501706485,0.7497833821657893,0.0054945054945054,L,I;L;M,matches_consensus,True,False,,0.0,buried_core,False,False,False,False,8.289518910082624,True,True,unassigned_manual_review,,not_annotated_no_domain_boundaries,,True,False
6IV9,A,VI-D,binary,738,739,V,690.0,V,739.0,,VAL,True,2584.0,2585.0,four_layer_exact,high,0.9945054945054944,0.8327645051194539,0.7317718664974477,0.0054945054945054,V,I;V,matches_consensus,True,False,,0.0,buried_core,False,False,False,False,9.536205608509233,True,True,unassigned_manual_review,,not_annotated_no_domain_boundaries,,True,False
6IV9,A,VI-D,binary,739,740,N,691.0,N,740.0,,ASN,True,2585.0,2586.0,four_layer_exact,high,0.9945054945054944,0.3651877133105802,1.6138005399096629,0.0054945054945054,N,K;N;R;Y,matches_consensus,True,False,,0.0054946616618601046,buried_core,True,False,True,False,4.622801564885182,True,True,unassigned_manual_review,,not_annotated_no_domain_boundaries,,True,False
6IV9,A,VI-D,binary,740,741,V,692.0,V,741.0,,VAL,True,2586.0,2587.0,four_layer_exact,high,0.9945054945054944,0.5358361774744027,1.0578935661054298,0.0054945054945054,V,A;I;V,matches_consensus,True,False,,0.0,buried_core,False,True,False,False,7.874704992852558,True,True,unassigned_manual_review,,not_annotated_no_domain_boundaries,,True,False
6IV9,A,VI-D,binary,741,742,N,693.0,N,742.0,,ASN,True,2587.0,2588.0,four_layer_exact,high,0.9945054945054944,1.0,-0.0,0.0054945054945054,N,N,matches_consensus,True,False,,0.006192965210461109,buried_core,False,False,False,False,9.482911701199633,True,True,unassigned_manual_review,,not_annotated_no_domain_boundaries,,True,False
6IV9,A,VI-D,binary,742,743,A,694.0,A,743.0,,ALA,True,2588.0,2589.0,four_layer_exact,high,0.9945054945054944,0.4436860068259385,1.204293998580746,0.0054945054945054,S,A;S;T,differs_from_consensus,True,True,scaffold_differs_from_msa_consensus,0.009361459039069119,buried_core,False,True,False,False,6.853222635930297,True,True,unassigned_manual_review,,not_annotated_no_domain_boundaries,,True,False
6IV9,A,VI-D,binary,743,744,R,695.0,R,744.0,,ARG,True,2589.0,2590.0,four_layer_exact,high,0.9945054945054944,0.8293515358361775,0.7967762206574318,0.0054945054945054,R,R,matches_consensus,True,False,,0.0,buried_core,True,False,True,False,3.1905803266925363,True,True,unassigned_manual_review,,not_annotated_no_domain_boundaries,,True,False
6IV9,A,VI-D,binary,744,745,Y,696.0,Y,745.0,,TYR,True,2590.0,2591.0,four_layer_exact,high,0.9945054945054944,0.8293515358361775,0.4569129468902394,0.0054945054945054,Y,F;Y,matches_consensus,True,False,,0.0,buried_core,False,True,False,False,6.878395388389306,True,True,unassigned_manual_review,,not_annotated_no_domain_boundaries,,True,False
6IV9,A,VI-D,binary,745,746,V,697.0,V,746.0,,VAL,True,2591.0,2592.0,four_layer_exact,high,0.9945054945054944,0.310580204778157,1.930086470252553,0.0054945054945054,V,F;L;S;T;V,matches_consensus,True,False,,0.013880784092412831,buried_core,False,True,False,False,7.31764725271887,True,True,unassigned_manual_review,,not_annotated_no_domain_boundaries,,True,False
6IV9,A,VI-D,binary,746,747,I,698.0,I,747.0,,ILE,True,2592.0,2593.0,four_layer_exact,high,0.9945054945054944,0.5460750853242321,1.2426740662908782,0.0054945054945054,I,I;L;M,matches_consensus,True,False,,0.006130092467207697,buried_core,True,False,True,False,3.2833310538450964,True,True,unassigned_manual_review,,not_annotated_no_domain_boundaries,,True,False
6IV9,A,VI-D,binary,747,748,A,699.0,A,748.0,,ALA,True,2593.0,2594.0,four_layer_exact,high,0.9945054945054944,0.8430034129692833,0.4810387504522502,0.0054945054945054,A,A;G,matches_consensus,True,False,,0.0,buried_core,True,False,True,False,4.916537277109144,True,True,unassigned_manual_review,,not_annotated_no_domain_boundaries,,True,False
6IV9,A,VI-D,binary,748,749,I,700.0,I,749.0,,ILE,True,2594.0,2595.0,four_layer_exact,high,0.9945054945054944,0.7474402730375427,0.9933917542404176,0.0054945054945054,F,F;I;Y,differs_from_consensus,True,True,scaffold_differs_from_msa_consensus,0.07356110960649237,buried_core,False,True,False,False,7.568550910509419,True,True,unassigned_manual_review,,not_annotated_no_domain_boundaries,,True,False
6IV9,A,VI-D,binary,749,750,H,701.0,H,750.0,,HIS,True,2595.0,2596.0,four_layer_exact,high,0.9945054945054944,0.4436860068259385,1.8268208765594285,0.0054945054945054,H,A;H;Q;S;Y,matches_consensus,True,False,,0.0,buried_core,False,False,False,False,8.26510514508046,True,True,unassigned_manual_review,,not_annotated_no_domain_boundaries,,True,False
6IV9,A,VI-D,binary,750,751,C,702.0,C,751.0,,CYS,True,2596.0,2597.0,four_layer_exact,high,0.9945054945054944,0.5187713310580204,1.7740587079985133,0.0054945054945054,C,A;C;S,matches_consensus,True,False,,0.0,buried_core,False,True,False,False,5.082010909403256,True,True,unassigned_manual_review,,not_annotated_no_domain_boundaries,,True,False
6IV9,A,VI-D,binary,751,752,L,703.0,L,752.0,,LEU,True,2597.0,2598.0,four_layer_exact,high,0.9945054945054944,0.5872440273037542,1.4647097106339533,0.0054945054945054,L,F;L;V;Y,matches_consensus,True,False,,0.0,buried_core,False,False,False,False,8.781051843140675,True,True,unassigned_manual_review,,not_annotated_no_domain_boundaries,,True,False
6IV9,A,VI-D,binary,752,753,E,704.0,E,753.0,,GLU,True,2598.0,2599.0,four_layer_exact,high,0.9945054945054944,0.938566552901024,0.3149912403921044,0.0054945054945054,E,E,matches_consensus,True,False,,0.03546511544560821,buried_core,False,False,False,False,11.45470257581523,True,True,unassigned_manual_review,,not_annotated_no_domain_boundaries,,True,False
6IV9,A,VI-D,binary,753,754,R,705.0,R,754.0,,ARG,True,2599.0,2600.0,four_layer_exact,high,0.9945054945054944,0.9110494880546076,0.4445948802520189,0.0054945054945054,R,R,matches_consensus,True,False,,0.011973595650159935,buried_core,False,True,False,False,5.089550481460276,True,True,unassigned_manual_review,,not_annotated_no_domain_boundaries,,True,False
6IV9,A,VI-D,binary,754,755,D,706.0,D,755.0,,ASP,True,2600.0,2601.0,four_layer_exact,high,0.9945054945054944,0.9726962457337884,0.1630920840305657,0.0054945054945054,D,D,matches_consensus,True,False,,0.005551601160946738,buried_core,False,True,False,False,6.478885724071635,True,True,unassigned_manual_review,,not_annotated_no_domain_boundaries,,True,False
6IV9,A,VI-D,binary,755,756,F,707.0,F,756.0,,PHE,True,2602.0,2603.0,four_layer_exact,high,0.9835164835164836,0.2320501730103806,2.369872249098753,0.0164835164835165,A,A;R;S;T;Y,differs_from_consensus,True,True,scaffold_differs_from_msa_consensus,0.03522248963449756,buried_core,False,False,False,False,11.987548379648446,True,True,unassigned_manual_review,,not_annotated_no_domain_boundaries,,True,False
6IV9,A,VI-D,binary,756,757,G,708.0,G,757.0,,GLY,True,2603.0,2604.0,four_layer_exact,high,0.989010989010989,0.1580756013745704,2.5890123444313358,0.0109890109890109,A,A;E;K;L;Q;S;V;Y,differs_from_consensus,True,True,scaffold_differs_from_msa_consensus,0.234682771086518,surface,False,False,False,False,14.14276945170461,True,False,unassigned_manual_review,,not_annotated_no_domain_boundaries,,True,False
6IV9,A,VI-D,binary,757,758,L,709.0,L,758.0,,LEU,True,2604.0,2605.0,four_layer_exact,high,0.989010989010989,0.7353951890034365,1.0705526406580743,0.0109890109890109,L,F;I;L,matches_consensus,True,False,,0.024032402309252066,buried_core,False,False,False,False,10.581802749167501,True,True,unassigned_manual_review,,not_annotated_no_domain_boundaries,,True,False
6IV9,A,VI-D,binary,758,759,Y,710.0,Y,759.0,,TYR,True,2606.0,2607.0,four_layer_exact,high,0.912087912087912,0.4015151515151515,1.846238177005216,0.0879120879120879,Y,F;H;I;K;L;Y,matches_consensus,True,False,,0.0,buried_core,False,False,False,False,9.278312008140249,True,True,unassigned_manual_review,,not_annotated_no_domain_boundaries,,True,False
6IV9,A,VI-D,binary,759,760,K,711.0,K,760.0,,LYS,True,2607.0,2608.0,four_layer_exact,high,0.7967032967032966,0.2072072072072072,2.42398740981,0.2032967032967033,G,D;E;G;K;L;N,differs_from_consensus,False,True,scaffold_differs_from_msa_consensus,0.23502078925305975,surface,False,False,False,False,16.22086289512749,True,False,unassigned_manual_review,,not_annotated_no_domain_boundaries,,False,False
6IV9,A,VI-D,binary,760,761,E,712.0,E,761.0,,GLU,True,2608.0,2609.0,four_layer_exact,high,0.6483516483516484,0.1058823529411764,2.708149798870757,0.3516483516483516,Q,D;E;I;K;L;N;Q;R;V,differs_from_consensus,False,True,scaffold_differs_from_msa_consensus,0.6031966089652848,surface,False,False,False,False,17.828100189631506,True,False,unassigned_manual_review,,not_annotated_no_domain_boundaries,,False,False
6IV9,A,VI-D,binary,761,762,I,713.0,I,762.0,,ILE,True,2609.0,2610.0,four_layer_exact,high,0.5274725274725275,0.2539682539682539,2.3626466250137828,0.4725274725274725,K,E;K;Q;S,differs_from_consensus,False,True,scaffold_differs_from_msa_consensus,0.22317568025421944,surface,False,False,False,False,13.287048339461835,True,False,unassigned_manual_review,,not_annotated_no_domain_boundaries,,False,False
6IV9,A,VI-D,binary,762,763,I,714.0,I,763.0,,ILE,True,2610.0,2611.0,four_layer_exact,high,0.2197802197802197,0.2631578947368421,2.194862614954732,0.7802197802197802,L,F;I;L;M;P;T;V;W;Y,differs_from_consensus,False,True,scaffold_differs_from_msa_consensus,0.053788403859923124,buried_core,False,False,False,False,15.614501543297528,True,True,unassigned_manual_review,,not_annotated_no_domain_boundaries,,False,False
6IV9,A,VI-D,binary,763,764,P,715.0,P,764.0,,PRO,True,2611.0,2612.0,four_layer_exact,high,0.1648351648351648,0.3571428571428571,1.9960601285714927,0.8351648351648352,G,D;E;G;K;P;S;T,differs_from_consensus,False,True,scaffold_differs_from_msa_consensus,0.6142378729276805,surface,False,False,False,False,20.523024504421443,True,False,unassigned_manual_review,,not_annotated_no_domain_boundaries,,False,False
6IV9,A,VI-D,binary,764,765,E,716.0,E,765.0,,GLU,True,2612.0,2613.0,four_layer_exact,high,0.0439560439560439,0.5,1.3485390196098022,0.956043956043956,I,A;E;I;K;N,differs_from_consensus,False,True,scaffold_differs_from_msa_consensus,0.33848527940511847,surface,False,False,False,False,21.050106296953345,True,False,unassigned_manual_review,,not_annotated_no_domain_boundaries,,False,False
6IV9,A,VI-D,binary,765,766,L,717.0,L,766.0,,LEU,True,2613.0,2614.0,four_layer_exact,high,0.0879120879120879,0.2857142857142857,1.9459101490553132,0.912087912087912,L,G;K;L;M;P;Q;R;Y,matches_consensus,False,False,,0.0,buried_core,False,False,False,False,16.87154542393043,True,True,unassigned_manual_review,,not_annotated_no_domain_boundaries,,False,False
6IV9,A,VI-D,binary,766,767,A,718.0,A,767.0,,ALA,True,2614.0,2615.0,four_layer_exact,high,0.1428571428571428,0.2127659574468085,2.394110010788653,0.8571428571428572,S,A;E;K;N;P;S;T,differs_from_consensus,False,True,scaffold_differs_from_msa_consensus,0.5395204645804176,surface,False,False,False,False,22.590731025103366,True,False,unassigned_manual_review,,not_annotated_no_domain_boundaries,,False,False
6IV9,A,VI-D,binary,767,768,S,719.0,S,768.0,,SER,True,2615.0,2616.0,four_layer_exact,high,0.7142857142857143,0.2898316062176165,2.073080346070501,0.2857142857142857,G,D;E;G;K;N;S,differs_from_consensus,False,True,scaffold_differs_from_msa_consensus,0.666260457270649,surface,False,False,False,False,24.634850608538763,True,False,unassigned_manual_review,,not_annotated_no_domain_boundaries,,False,False
6IV9,A,VI-D,binary,768,769,K,720.0,K,769.0,,LYS,True,2617.0,2618.0,four_layer_exact,high,0.7472527472527473,0.224390243902439,2.4455305924756554,0.2527472527472527,K,D;E;I;K;L;Q;V,matches_consensus,False,False,,0.2600833504967369,surface,False,False,False,False,21.679371476452506,True,False,unassigned_manual_review,,not_annotated_no_domain_boundaries,,False,False
6IV9,A,VI-D,binary,769,770,N,721.0,N,770.0,,ASN,True,2618.0,2619.0,four_layer_exact,high,0.7967032967032966,0.2516816143497757,2.32476777145408,0.2032967032967033,K,A;E;K;N;S;T,differs_from_consensus,False,True,scaffold_differs_from_msa_consensus,0.18241524023997213,buried_core,False,False,False,False,21.126458559848423,True,True,unassigned_manual_review,,not_annotated_no_domain_boundaries,,False,False
6IV9,A,VI-D,binary,770,771,L,722.0,L,771.0,,LEU,True,2619.0,2620.0,four_layer_exact,high,0.7472527472527473,0.2610837438423645,2.1158077834497107,0.2527472527472527,L,F;G;I;L;V;Y,matches_consensus,False,False,,0.0360486034638781,buried_core,False,False,False,False,15.10428175797113,True,True,unassigned_manual_review,,not_annotated_no_domain_boundaries,,False,False
6IV9,A,VI-D,binary,771,772,K,723.0,K,772.0,,LYS,True,2621.0,2622.0,four_layer_exact,high,0.6208791208791209,0.1783439490445859,2.4032502966240665,0.3791208791208791,K,D;E;G;K;N;S,matches_consensus,False,False,,0.17234314045795532,buried_core,False,False,False,False,17.206875564469108,True,True,unassigned_manual_review,,not_annotated_no_domain_boundaries,,False,False
6IV9,A,VI-D,binary,772,773,N,724.0,N,773.0,,ASN,True,2622.0,2623.0,four_layer_exact,high,0.5769230769230769,0.2411347517730496,2.336916710266744,0.4230769230769231,N,D;G;K;N;S,matches_consensus,False,False,,0.416782949860164,surface,False,False,False,False,21.533839448802958,True,False,unassigned_manual_review,,not_annotated_no_domain_boundaries,,False,False
6IV9,A,VI-D,binary,773,774,D,725.0,D,774.0,,ASP,True,2669.0,2670.0,four_layer_exact,high,0.7417582417582418,0.4213550395020349,1.916716468223748,0.2582417582417582,D,D;E;K;N;S,matches_consensus,False,False,,0.005551601160946738,buried_core,False,False,False,False,18.753764322331502,True,True,unassigned_manual_review,,not_annotated_no_domain_boundaries,,False,False
6IV9,A,VI-D,binary,774,775,Y,726.0,Y,775.0,,TYR,True,2676.0,2677.0,four_layer_exact,high,0.7802197802197802,0.4653487843671893,2.1132506106780404,0.2197802197802197,Y,A;F;L;Y,matches_consensus,False,False,,0.032591909477193017,buried_core,False,False,False,False,14.847617483194066,True,True,unassigned_manual_review,,not_annotated_no_domain_boundaries,,False,False
6IV9,A,VI-D,binary,775,776,R,727.0,R,776.0,,ARG,True,2677.0,2678.0,four_layer_exact,high,0.989010989010989,0.3024054982817869,2.309402011292449,0.0109890109890109,L,A;F;L;R;S;T,differs_from_consensus,True,True,scaffold_differs_from_msa_consensus,0.02793838985037318,buried_core,False,False,False,False,16.82183551491215,True,True,unassigned_manual_review,,not_annotated_no_domain_boundaries,,True,False
6IV9,A,VI-D,binary,776,777,I,728.0,I,777.0,,ILE,True,2678.0,2679.0,four_layer_exact,high,0.989010989010989,0.3230240549828179,2.3644001380882167,0.0109890109890109,A,A;E;G;K;S,differs_from_consensus,True,True,scaffold_differs_from_msa_consensus,0.030650462336038485,buried_core,False,False,False,False,17.19406113459911,True,True,unassigned_manual_review,,not_annotated_no_domain_boundaries,,True,False
6IV9,A,VI-D,binary,777,778,L,729.0,L,778.0,,LEU,True,2679.0,2680.0,four_layer_exact,high,0.9945054945054944,0.7098976109215017,1.1075423377193525,0.0054945054945054,L,F;I;L,matches_consensus,True,False,,0.0,buried_core,False,False,False,False,11.505512106046778,True,True,unassigned_manual_review,,not_annotated_no_domain_boundaries,,True,False
6IV9,A,VI-D,binary,778,779,S,730.0,S,779.0,,SER,True,2700.0,2701.0,four_layer_exact,high,0.989010989010989,0.5876288659793815,1.3628932113580754,0.0109890109890109,T,A;L;S;T;V,differs_from_consensus,True,True,scaffold_differs_from_msa_consensus,0.0,buried_core,False,False,False,False,13.066242502768121,True,True,unassigned_manual_review,,not_annotated_no_domain_boundaries,,True,False
6IV9,A,VI-D,binary,779,780,Q,731.0,Q,780.0,,GLN,True,2701.0,2702.0,four_layer_exact,high,0.989010989010989,0.2336769759450171,2.2404601917955667,0.0109890109890109,K,A;D;E;K;N;Q;R,differs_from_consensus,True,True,scaffold_differs_from_msa_consensus,0.21429219576629654,surface,False,False,False,False,16.946962560689663,True,False,unassigned_manual_review,,not_annotated_no_domain_boundaries,,True,False
6IV9,A,VI-D,binary,780,781,T,732.0,T,781.0,,THR,True,2702.0,2703.0,four_layer_exact,high,0.9945054945054944,0.1575342465753424,2.5787273039239347,0.0054945054945054,Y,A;D;E;H;K;L;R;Y,differs_from_consensus,True,True,scaffold_differs_from_msa_consensus,0.05300202883959621,buried_core,False,False,False,False,17.370179199942793,True,True,unassigned_manual_review,,not_annotated_no_domain_boundaries,,True,False
6IV9,A,VI-D,binary,781,782,L,733.0,L,782.0,,LEU,True,2703.0,2704.0,four_layer_exact,high,0.989010989010989,0.4827586206896552,1.609178058533682,0.0109890109890109,F,F;L;Y,differs_from_consensus,True,True,scaffold_differs_from_msa_consensus,0.0,buried_core,False,False,False,False,12.55033189237277,True,True,unassigned_manual_review,,not_annotated_no_domain_boundaries,,True,False
6IV9,A,VI-D,binary,782,783,C,734.0,C,783.0,,CYS,True,2704.0,2705.0,four_layer_exact,high,0.989010989010989,0.3862068965517241,1.8964710809938348,0.0109890109890109,L,I;L;M;V,differs_from_consensus,True,True,scaffold_differs_from_msa_consensus,0.014462613365747501,buried_core,False,False,False,False,13.021601073915944,True,True,unassigned_manual_review,,not_annotated_no_domain_boundaries,,True,False
6IV9,A,VI-D,binary,783,784,E,735.0,E,784.0,,GLU,True,2707.0,2708.0,four_layer_exact,high,0.9835164835164836,0.2083333333333333,2.3561891361010985,0.0164835164835165,E,A;D;E;G;K;N;S,matches_consensus,True,False,,0.4290846415282558,surface,False,False,False,False,15.107502829601655,True,False,unassigned_manual_review,,not_annotated_no_domain_boundaries,,True,False
6IV9,A,VI-D,binary,784,785,L,736.0,L,785.0,,LEU,True,2708.0,2709.0,four_layer_exact,high,0.956043956043956,0.2078853046594982,2.396700478961797,0.0439560439560439,E,D;E;I;K;N;Q;R,differs_from_consensus,True,True,scaffold_differs_from_msa_consensus,0.060081005773130164,buried_core,False,False,False,False,14.499778297280342,True,True,unassigned_manual_review,,not_annotated_no_domain_boundaries,,True,False
6IV9,A,VI-D,binary,785,786,C,737.0,C,786.0,,CYS,True,2709.0,2710.0,four_layer_exact,high,0.7472527472527473,0.2641509433962264,2.2871581576111435,0.2527472527472527,D,D;E;G;K;N,differs_from_consensus,False,True,scaffold_differs_from_msa_consensus,0.025663689199107075,buried_core,False,False,False,False,11.246669291554571,True,True,unassigned_manual_review,,not_annotated_no_domain_boundaries,,False,False
6IV9,A,VI-D,binary,786,787,D,738.0,D,787.0,,ASP,True,2710.0,2711.0,four_layer_exact,high,0.7362637362637363,0.160919540229885,2.5745737144408176,0.2637362637362637,K,D;E;K;N;P;R;Y,differs_from_consensus,False,True,scaffold_differs_from_msa_consensus,0.3533712900911513,surface,False,False,False,False,10.301768086517098,True,False,unassigned_manual_review,,not_annotated_no_domain_boundaries,,False,False
6IV9,A,VI-D,binary,787,788,D,739.0,D,788.0,,ASP,True,,,review_required,low,,,,,,,no_original_msa_column,False,True,query_only_insertion,0.651133850895349,surface,False,False,False,False,14.056401179870159,True,False,unassigned_manual_review,,not_annotated_no_domain_boundaries,,False,False
6IV9,A,VI-D,binary,788,789,R,740.0,R,789.0,,ARG,True,,,review_required,low,,,,,,,no_original_msa_column,False,True,query_only_insertion,0.36047817364084367,surface,False,False,False,False,13.406993198747887,True,False,unassigned_manual_review,,not_annotated_no_domain_boundaries,,False,False
6IV9,A,VI-D,binary,789,790,N,741.0,N,790.0,,ASN,True,,,review_required,low,,,,,,,no_original_msa_column,False,True,query_only_insertion,0.7526386662926335,surface,False,False,False,False,13.321545868776818,True,False,unassigned_manual_review,,not_annotated_no_domain_boundaries,,False,False
6IV9,A,VI-D,binary,790,791,E,742.0,E,791.0,,GLU,True,2711.0,2712.0,four_layer_exact,high,0.7307692307692307,0.1698841698841698,2.61160149630466,0.2692307692307693,L,A;E;I;K;L;N;P;Q;S,differs_from_consensus,False,True,scaffold_differs_from_msa_consensus,0.371687377462825,surface,False,False,False,False,14.326453597625255,True,False,unassigned_manual_review,,not_annotated_no_domain_boundaries,,False,False
6IV9,A,VI-D,binary,791,792,S,743.0,S,792.0,,SER,True,2772.0,2773.0,four_layer_exact,high,0.4725274725274725,0.3773584905660377,2.041816216533003,0.5274725274725275,A,A;L;S;T;V,differs_from_consensus,False,True,scaffold_differs_from_msa_consensus,0.1339537813745639,buried_core,False,False,False,False,11.97472214022989,True,True,unassigned_manual_review,,not_annotated_no_domain_boundaries,,False,False
6IV9,A,VI-D,binary,792,793,S,744.0,S,793.0,,SER,True,2773.0,2774.0,four_layer_exact,high,0.6318681318681318,0.147239263803681,2.588783200271536,0.3681318681318681,K,K;L;N;R;T,differs_from_consensus,False,True,scaffold_differs_from_msa_consensus,0.18868381155452654,buried_core,False,False,False,False,9.186368270588234,True,True,unassigned_manual_review,,not_annotated_no_domain_boundaries,,False,False
6IV9,A,VI-D,binary,793,794,N,745.0,N,794.0,,ASN,True,2774.0,2775.0,four_layer_exact,high,0.6373626373626373,0.2909090909090909,2.0103418791286254,0.3626373626373627,N,D;K;N;R;S,matches_consensus,False,False,,0.0,buried_core,False,False,False,False,9.034596314510228,True,True,unassigned_manual_review,,not_annotated_no_domain_boundaries,,False,False
6IV9,A,VI-D,binary,794,795,L,746.0,L,795.0,,LEU,True,2775.0,2776.0,four_layer_exact,high,0.6373626373626373,0.2181818181818181,2.301561125909051,0.3626373626373627,R,A;E;G;K;R,differs_from_consensus,False,True,scaffold_differs_from_msa_consensus,0.09612960923700826,buried_core,False,True,False,False,5.605637604375588,True,True,unassigned_manual_review,,not_annotated_no_domain_boundaries,,False,False
6IV9,A,VI-D,binary,795,796,F,747.0,F,796.0,,PHE,True,2776.0,2777.0,four_layer_exact,high,0.6648351648351648,0.3085714285714285,2.1124356890593097,0.3351648351648352,Y,F;H;L;Y,differs_from_consensus,False,True,scaffold_differs_from_msa_consensus,0.0044644126002613355,buried_core,True,False,True,False,3.6011449496859136,True,True,unassigned_manual_review,,not_annotated_no_domain_boundaries,,False,False
6IV9,A,VI-D,binary,796,797,L,748.0,L,797.0,,LEU,True,2777.0,2778.0,four_layer_exact,high,0.6648351648351648,0.5828571428571429,1.5659919020608035,0.3351648351648352,L,F;I;K;L;R,matches_consensus,False,False,,0.0060081005773130166,buried_core,False,True,False,False,7.134412262052654,True,True,unassigned_manual_review,,not_annotated_no_domain_boundaries,,False,False
6IV9,A,VI-D,binary,797,798,K,749.0,K,798.0,,LYS,True,2778.0,2779.0,four_layer_exact,high,0.6593406593406593,0.3930635838150289,1.8599215232801665,0.3406593406593406,K,A;D;K;R,matches_consensus,False,False,,0.27325636797723757,surface,False,True,False,False,7.363463336972991,True,False,unassigned_manual_review,,not_annotated_no_domain_boundaries,,False,False
6IV9,A,VI-D,binary,798,799,K,750.0,K,799.0,,LYS,True,2779.0,2780.0,four_layer_exact,high,0.3571428571428571,0.28,1.990826886209467,0.6428571428571428,K,E;K;N;R;S,matches_consensus,False,False,,0.32380299635350396,surface,True,False,True,False,3.034073039820995,True,False,unassigned_manual_review,,not_annotated_no_domain_boundaries,,False,False
6IV9,A,VI-D,binary,799,800,N,751.0,N,800.0,,ASN,True,2791.0,2792.0,four_layer_exact,high,0.9615384615384616,0.3487544483985765,2.0376508177228585,0.0384615384615384,N,K;N;Q;R,matches_consensus,True,False,,0.028625547830247924,buried_core,True,False,True,False,3.1134272295453966,True,True,unassigned_manual_review,,not_annotated_no_domain_boundaries,,True,False
6IV9,A,VI-D,binary,800,801,K,752.0,K,801.0,,LYS,True,2792.0,2793.0,four_layer_exact,high,0.9835164835164836,0.405997693194925,2.0801532475047324,0.0164835164835165,K,K;M;R;T,matches_consensus,True,False,,0.4117563022193985,surface,True,False,True,False,3.8174292877639195,True,False,unassigned_manual_review,,not_annotated_no_domain_boundaries,,True,False
6IV9,A,VI-D,binary,801,802,R,753.0,R,802.0,,ARG,True,2793.0,2794.0,four_layer_exact,high,0.9835164835164836,0.3598615916955017,1.445138951463459,0.0164835164835165,H,H;K;R;S,differs_from_consensus,True,True,scaffold_differs_from_msa_consensus,0.35714863578003614,surface,True,False,True,False,4.275749894003088,True,False,unassigned_manual_review,,not_annotated_no_domain_boundaries,,True,False
6IV9,A,VI-D,binary,802,803,L,754.0,L,803.0,,LEU,True,2794.0,2795.0,four_layer_exact,high,0.9835164835164836,0.1799307958477508,2.322548022835267,0.0164835164835165,F,A;F;L;V;W;Y,differs_from_consensus,True,True,scaffold_differs_from_msa_consensus,0.07141974826120298,buried_core,True,False,True,False,4.028848353624824,True,True,unassigned_manual_review,,not_annotated_no_domain_boundaries,,True,False
6IV9,A,VI-D,binary,803,804,R,755.0,R,804.0,,ARG,True,2795.0,2796.0,four_layer_exact,high,0.9835164835164836,0.1453287197231834,2.612648747591606,0.0164835164835165,S,A;C;G;K;N;R;S;T;Y,differs_from_consensus,True,True,scaffold_differs_from_msa_consensus,0.031929588400426485,buried_core,False,True,False,False,7.383825442744111,True,True,unassigned_manual_review,,not_annotated_no_domain_boundaries,,True,False
6IV9,A,VI-D,binary,804,805,K,756.0,K,805.0,,LYS,True,2796.0,2797.0,four_layer_exact,high,0.978021978021978,0.1672473867595819,2.5902126977516384,0.021978021978022,E,D;E;G;K;Q;R;S,differs_from_consensus,True,True,scaffold_differs_from_msa_consensus,0.23693215552243702,surface,False,False,False,False,8.059449974452832,True,False,unassigned_manual_review,,not_annotated_no_domain_boundaries,,True,False
6IV9,A,VI-D,binary,805,806,C,757.0,C,806.0,,CYS,True,2820.0,2821.0,four_layer_exact,high,0.967032967032967,0.4770318021201413,1.7914208502171265,0.0329670329670329,Y,C;I;L;Y,differs_from_consensus,True,True,scaffold_differs_from_msa_consensus,0.21243186156525382,surface,False,False,False,False,9.65059062127755,True,False,unassigned_manual_review,,not_annotated_no_domain_boundaries,,True,False
6IV9,A,VI-D,binary,806,807,V,758.0,V,807.0,,VAL,True,2821.0,2822.0,four_layer_exact,high,0.9615384615384616,0.3914590747330961,1.5504590116416832,0.0384615384615384,L,F;I;L;M;V,differs_from_consensus,True,True,scaffold_differs_from_msa_consensus,0.013880784092412831,buried_core,False,False,False,False,10.399672009100936,True,True,unassigned_manual_review,,not_annotated_no_domain_boundaries,,True,False
6IV9,A,VI-D,binary,807,808,E,759.0,E,808.0,,GLU,True,2822.0,2823.0,four_layer_exact,high,0.956043956043956,0.2795698924731182,2.501059938905497,0.0439560439560439,K,A;E;K;R;S;T;V,differs_from_consensus,True,True,scaffold_differs_from_msa_consensus,0.18754569938096766,buried_core,False,False,False,False,12.191870522701247,True,True,unassigned_manual_review,,not_annotated_no_domain_boundaries,,True,False
6IV9,A,VI-D,binary,808,809,V,760.0,V,809.0,,VAL,True,2824.0,2825.0,four_layer_exact,high,0.9505494505494504,0.2202166064981949,2.3007268366601537,0.0494505494505495,K,D;E;H;K;N;Q;S;T,differs_from_consensus,True,True,scaffold_differs_from_msa_consensus,0.42873914373862315,surface,False,False,False,False,14.347311495723108,True,False,unassigned_manual_review,,not_annotated_no_domain_boundaries,,True,False
6IV9,A,VI-D,binary,809,810,D,761.0,D,810.0,,ASP,True,2860.0,2861.0,four_layer_exact,high,0.978021978021978,0.6794425087108014,1.0070103004882645,0.021978021978022,N,D;N,differs_from_consensus,True,True,scaffold_differs_from_msa_consensus,0.011103202321893477,buried_core,False,False,False,False,11.958967956526205,True,True,unassigned_manual_review,,not_annotated_no_domain_boundaries,,True,False
6IV9,A,VI-D,binary,810,811,I,762.0,I,811.0,,ILE,True,2867.0,2868.0,four_layer_exact,high,0.945054945054945,0.3709090909090909,1.7519562069429615,0.0549450549450549,L,F;I;L;M;V,differs_from_consensus,True,True,scaffold_differs_from_msa_consensus,0.030650462336038485,buried_core,False,False,False,False,16.611552431449763,True,True,unassigned_manual_review,,not_annotated_no_domain_boundaries,,True,False
6IV9,A,VI-D,binary,811,812,N,763.0,N,812.0,,ASN,True,2886.0,2887.0,four_layer_exact,high,0.967032967032967,0.2367491166077738,2.1489935970760325,0.0329670329670329,E,A;D;E;K;N;S,differs_from_consensus,True,True,scaffold_differs_from_msa_consensus,0.49026934525392835,surface,False,False,False,False,18.11403495737406,True,False,unassigned_manual_review,,not_annotated_no_domain_boundaries,,True,False
6IV9,A,VI-D,binary,812,813,N,764.0,N,813.0,,ASN,True,2887.0,2888.0,four_layer_exact,high,0.967032967032967,0.4169611307420495,2.00488469845492,0.0329670329670329,N,E;H;N;S,matches_consensus,True,False,,0.1271716061743886,buried_core,False,False,False,False,17.01115533498797,True,True,unassigned_manual_review,,not_annotated_no_domain_boundaries,,True,False
6IV9,A,VI-D,binary,813,814,A,765.0,A,814.0,,ALA,True,2901.0,2902.0,four_layer_exact,high,0.945054945054945,0.2909090909090909,2.1035600283597664,0.0549450549450549,A,A;I;L;S;V;Y,matches_consensus,True,False,,0.0,buried_core,False,False,False,False,18.965825074273877,True,True,unassigned_manual_review,,not_annotated_no_domain_boundaries,,True,False
6IV9,A,VI-D,binary,814,815,D,766.0,D,815.0,,ASP,True,2902.0,2903.0,four_layer_exact,high,0.9395604395604396,0.358974358974359,2.0819152050835474,0.0604395604395604,D,D;E;K;N;R;S,matches_consensus,True,False,,0.14645824974902757,buried_core,False,False,False,False,20.226537951819928,True,True,unassigned_manual_review,,not_annotated_no_domain_boundaries,,True,False
6IV9,A,VI-D,binary,815,816,S,767.0,S,816.0,,SER,True,2903.0,2904.0,four_layer_exact,high,0.934065934065934,0.1845018450184501,2.3924975417138663,0.0659340659340659,K,D;E;K;N;Q;S,differs_from_consensus,True,True,scaffold_differs_from_msa_consensus,0.09677694410889087,buried_core,False,False,False,False,20.700454660496057,True,True,unassigned_manual_review,,not_annotated_no_domain_boundaries,,True,False
6IV9,A,VI-D,binary,816,817,S,768.0,S,817.0,,SER,True,2904.0,2905.0,four_layer_exact,high,0.912087912087912,0.1444866920152091,2.714515138638037,0.0879120879120879,I,A;G;I;L;N;S;T;W;Y,differs_from_consensus,True,True,scaffold_differs_from_msa_consensus,0.30954262401534016,surface,False,False,False,False,21.238381025249307,True,False,unassigned_manual_review,,not_annotated_no_domain_boundaries,,True,False
6IV9,A,VI-D,binary,817,818,M,769.0,M,818.0,,MET,True,2927.0,2928.0,four_layer_exact,high,0.945054945054945,0.2608695652173913,2.1653032680391404,0.0549450549450549,L,A;F;I;L;M;S;T;V,differs_from_consensus,True,True,scaffold_differs_from_msa_consensus,0.021055683262653373,buried_core,False,False,False,False,18.4666609501986,True,True,unassigned_manual_review,,not_annotated_no_domain_boundaries,,True,False
6IV9,A,VI-D,binary,818,819,T,770.0,T,819.0,,THR,True,2928.0,2929.0,four_layer_exact,high,0.967032967032967,0.3028169014084507,1.9963040312387688,0.0329670329670329,I,F;I;L;V;Y,differs_from_consensus,True,True,scaffold_differs_from_msa_consensus,0.024917651722388846,buried_core,False,False,False,False,16.1658702112373,True,True,unassigned_manual_review,,not_annotated_no_domain_boundaries,,True,False
6IV9,A,VI-D,binary,819,820,R,771.0,R,820.0,,ARG,True,2940.0,2941.0,four_layer_exact,high,0.9945054945054944,0.2491467576791808,2.291636948478845,0.0054945054945054,R,K;N;R;S;T;V,matches_consensus,True,False,,0.31099359480548977,surface,False,False,False,False,18.128892104948758,True,False,unassigned_manual_review,,not_annotated_no_domain_boundaries,,True,False
6IV9,A,VI-D,binary,820,821,K,772.0,K,821.0,,LYS,True,2941.0,2942.0,four_layer_exact,high,0.9945054945054944,0.1228668941979522,2.709728539248469,0.0054945054945054,A,A;D;E;K;L;N;Q;S;T;V,differs_from_consensus,True,True,scaffold_differs_from_msa_consensus,0.31918389670073094,surface,False,False,False,False,17.979198896794735,True,False,unassigned_manual_review,,not_annotated_no_domain_boundaries,,True,False
6IV9,A,VI-D,binary,821,822,Y,773.0,Y,822.0,,TYR,True,2942.0,2943.0,four_layer_exact,high,0.9945054945054944,0.4778156996587031,1.264865563050892,0.0054945054945054,Y,A;F;Y,matches_consensus,True,False,,0.018366969065245875,buried_core,False,False,False,False,11.6319359038442,True,True,unassigned_manual_review,,not_annotated_no_domain_boundaries,,True,False
6IV9,A,VI-D,binary,822,823,R,774.0,A,823.0,,ALA,True,2943.0,2944.0,four_layer_literature_restored_substitution,high,0.9945054945054944,0.9863481228668942,0.0721777615461715,0.0054945054945054,R,R,matches_consensus,True,True,literature_confirmed_construct_substitution,0.043640569800527086,buried_core,False,False,False,False,14.4419352785313,True,True,HEPN2,,not_annotated_no_domain_boundaries,HEPN2_R,True,False
6IV9,A,VI-D,binary,823,824,N,775.0,N,824.0,,ASN,True,2944.0,2945.0,four_layer_exact,high,0.9945054945054944,0.9658703071672357,0.1942834193895058,0.0054945054945054,N,N,matches_consensus,True,False,,0.35082961032776133,surface,False,False,False,False,16.495865551356424,True,False,unassigned_manual_review,,not_annotated_no_domain_boundaries,,True,False
6IV9,A,VI-D,binary,824,825,C,776.0,C,825.0,,CYS,True,2945.0,2946.0,four_layer_exact,high,0.9945054945054944,0.1979522184300341,2.486413414557738,0.0054945054945054,N,A;C;I;K;N;Q;S;T,differs_from_consensus,True,True,scaffold_differs_from_msa_consensus,0.10016977581937087,buried_core,False,False,False,False,15.83925629310623,True,True,unassigned_manual_review,,not_annotated_no_domain_boundaries,,True,False
6IV9,A,VI-D,binary,825,826,I,777.0,I,826.0,,ILE,True,2946.0,2947.0,four_layer_exact,high,0.9945054945054944,0.5358361774744027,1.1687021341462314,0.0054945054945054,V,A;I;T;V,differs_from_consensus,True,True,scaffold_differs_from_msa_consensus,0.006130092467207697,buried_core,False,False,False,False,11.023986762473491,True,True,unassigned_manual_review,,not_annotated_no_domain_boundaries,,True,False
6IV9,A,VI-D,binary,826,827,A,778.0,A,827.0,,ALA,True,2947.0,2948.0,four_layer_exact,high,0.9945054945054944,0.5426621160409556,1.5575289013707645,0.0054945054945054,A,A;D;E;M,matches_consensus,True,False,,0.22467501693765884,surface,False,False,False,False,14.189602500566485,True,False,unassigned_manual_review,,not_annotated_no_domain_boundaries,,True,False
6IV9,A,VI-D,binary,827,828,H,779.0,H,828.0,,HIS,True,2948.0,2949.0,four_layer_exact,high,0.9945054945054944,0.9931740614334472,0.040843717863401,0.0054945054945054,H,H,matches_consensus,True,False,,0.24971611185510478,surface,False,False,False,False,16.6308548032577,True,False,HEPN2,,not_annotated_no_domain_boundaries,HEPN2_H,True,False
6IV9,A,VI-D,binary,828,829,L,780.0,L,829.0,,LEU,True,2949.0,2950.0,four_layer_exact,high,0.9945054945054944,0.7747440273037542,0.9264919163679826,0.0054945054945054,L,I;L;M,matches_consensus,True,False,,0.0,buried_core,False,False,False,False,14.536215128080622,True,True,unassigned_manual_review,,not_annotated_no_domain_boundaries,,True,False
6IV9,A,VI-D,binary,829,830,T,781.0,T,830.0,,THR,True,2950.0,2951.0,four_layer_exact,high,0.9945054945054944,0.5460750853242321,1.51553409871928,0.0054945054945054,N,A;N;S;T,differs_from_consensus,True,True,scaffold_differs_from_msa_consensus,0.1473389420062988,buried_core,False,False,False,False,18.211690532580967,True,True,unassigned_manual_review,,not_annotated_no_domain_boundaries,,True,False
6IV9,A,VI-D,binary,830,831,V,782.0,V,831.0,,VAL,True,2951.0,2952.0,four_layer_exact,high,0.9945054945054944,0.4129692832764505,1.4208257338511148,0.0054945054945054,A,A;I;V,differs_from_consensus,True,True,scaffold_differs_from_msa_consensus,0.0,buried_core,False,False,False,False,15.522297445004984,True,True,unassigned_manual_review,,not_annotated_no_domain_boundaries,,True,False
6IV9,A,VI-D,binary,831,832,V,783.0,V,832.0,,VAL,True,2952.0,2953.0,four_layer_exact,high,0.9945054945054944,0.4197952218430034,1.2712606531607642,0.0054945054945054,V,I;L;V,matches_consensus,True,False,,0.02082117613861925,buried_core,False,False,False,False,13.732409669079585,True,True,unassigned_manual_review,,not_annotated_no_domain_boundaries,,True,False
6IV9,A,VI-D,binary,832,833,R,784.0,R,833.0,,ARG,True,2970.0,2971.0,four_layer_exact,high,0.9835164835164836,0.5190311418685121,1.805813755696792,0.0164835164835165,R,A;N;R;S,matches_consensus,True,False,,0.12797926631128656,buried_core,False,False,False,False,17.864756974003246,True,True,unassigned_manual_review,,not_annotated_no_domain_boundaries,,True,False
6IV9,A,VI-D,binary,833,834,E,785.0,E,834.0,,GLU,True,2971.0,2972.0,four_layer_exact,high,0.9835164835164836,0.3806228373702422,2.102410568039889,0.0164835164835165,N,A;D;E;K;N;R;S,differs_from_consensus,True,True,scaffold_differs_from_msa_consensus,0.2522894440321536,surface,False,False,False,False,19.7422637741968,True,False,unassigned_manual_review,,not_annotated_no_domain_boundaries,,True,False
6IV9,A,VI-D,binary,834,835,L,786.0,L,835.0,,LEU,True,2972.0,2973.0,four_layer_exact,high,0.978021978021978,0.3310104529616725,1.93143586602138,0.021978021978022,A,A;C;F;I;L;M;V,differs_from_consensus,True,True,scaffold_differs_from_msa_consensus,0.01802430173193905,buried_core,False,False,False,False,14.227901931771678,True,True,unassigned_manual_review,,not_annotated_no_domain_boundaries,,True,False
6IV9,A,VI-D,binary,835,836,K,787.0,K,836.0,,LYS,True,2973.0,2974.0,four_layer_exact,high,0.978021978021978,0.2578397212543554,2.355268453829789,0.021978021978022,D,A;D;G;H;N;P;S,differs_from_consensus,True,True,scaffold_differs_from_msa_consensus,0.2669457602935055,surface,False,False,False,False,18.98831166970025,True,False,unassigned_manual_review,,not_annotated_no_domain_boundaries,,True,False
6IV9,A,VI-D,binary,836,837,E,788.0,E,837.0,,GLU,True,2974.0,2975.0,four_layer_exact,high,0.9835164835164836,0.3206459054209919,2.181501697909065,0.0164835164835165,K,D;E;K;L;N;R,differs_from_consensus,True,True,scaffold_differs_from_msa_consensus,0.39887441035408366,surface,False,False,False,False,21.524352185037657,True,False,unassigned_manual_review,,not_annotated_no_domain_boundaries,,True,False
6IV9,A,VI-D,binary,837,838,Y,789.0,Y,838.0,,TYR,True,2975.0,2976.0,four_layer_exact,high,0.9615384615384616,0.7217258662017869,1.0803433260661472,0.0384615384615384,Y,F;Y,matches_consensus,True,False,,0.03925466607015385,buried_core,False,False,False,False,20.09026360773796,True,True,unassigned_manual_review,,not_annotated_no_domain_boundaries,,True,False
6IV9,A,VI-D,binary,838,839,I,790.0,I,839.0,,ILE,True,2976.0,2977.0,four_layer_exact,high,0.967032967032967,0.4875568058861718,1.6375594256322548,0.0329670329670329,I,A;I;L;V,matches_consensus,True,False,,0.0,buried_core,False,False,False,False,14.24902389742461,True,True,unassigned_manual_review,,not_annotated_no_domain_boundaries,,True,False
6IV9,A,VI-D,binary,839,840,G,791.0,G,840.0,,GLY,True,2984.0,2985.0,four_layer_exact,high,0.9835164835164836,0.2745098039215686,2.1201385496305694,0.0164835164835165,G,A;D;E;G;K;N;S,matches_consensus,True,False,,0.33884493378699443,surface,False,False,False,False,19.588110204401552,True,False,unassigned_manual_review,,not_annotated_no_domain_boundaries,,True,False
6IV9,A,VI-D,binary,840,841,D,792.0,D,841.0,,ASP,True,2985.0,2986.0,four_layer_exact,high,0.9835164835164836,0.4636678200692041,1.6664074302277303,0.0164835164835165,D,D;E;G;K;N,matches_consensus,True,False,,0.2692990151446599,surface,False,False,False,False,21.318474988433465,True,False,unassigned_manual_review,,not_annotated_no_domain_boundaries,,True,False
6IV9,A,VI-D,binary,841,842,I,793.0,I,842.0,,ILE,True,2992.0,2993.0,four_layer_exact,high,0.9835164835164836,0.5397923875432526,1.5186884667253122,0.0164835164835165,I,F;I;L;V,matches_consensus,True,False,,0.0054388782947346215,buried_core,False,False,False,False,16.405799720994484,True,True,unassigned_manual_review,,not_annotated_no_domain_boundaries,,True,False
6IV9,A,VI-D,binary,842,843,R,794.0,R,843.0,,ARG,True,2993.0,2994.0,four_layer_exact,high,0.9505494505494504,0.3032490974729241,2.110489159128578,0.0494505494505495,K,A;E;G;K;R;S;T,differs_from_consensus,True,True,scaffold_differs_from_msa_consensus,0.6060285410080741,surface,False,False,False,False,19.416158831321074,True,False,unassigned_manual_review,,not_annotated_no_domain_boundaries,,True,False
6IV9,A,VI-D,binary,843,844,T,795.0,T,844.0,,THR,True,3006.0,3007.0,four_layer_exact,high,0.9615384615384616,0.192170818505338,2.4255818223282586,0.0384615384615384,E,D;E;K;N;R;S;Y,differs_from_consensus,True,True,scaffold_differs_from_msa_consensus,0.2502803121497125,surface,False,False,False,False,16.330943408780573,True,False,unassigned_manual_review,,not_annotated_no_domain_boundaries,,True,False
6IV9,A,VI-D,binary,844,845,V,796.0,V,845.0,,VAL,True,3007.0,3008.0,four_layer_exact,high,0.989010989010989,0.3539518900343643,1.6060298236467747,0.0109890109890109,I,F;I;M;V,differs_from_consensus,True,True,scaffold_differs_from_msa_consensus,0.04926248386495266,buried_core,False,False,False,False,12.5379093268118,True,True,unassigned_manual_review,,not_annotated_no_domain_boundaries,,True,False
6IV9,A,VI-D,binary,845,846,D,797.0,D,846.0,,ASP,True,3008.0,3009.0,four_layer_exact,high,0.989010989010989,0.2623138602520045,2.1231691141312816,0.0109890109890109,D,D;E;K;N;S;T,matches_consensus,True,False,,0.49578173606632664,surface,False,False,False,False,10.891554556687712,True,False,unassigned_manual_review,,not_annotated_no_domain_boundaries,,True,False
6IV9,A,VI-D,binary,846,847,S,798.0,S,847.0,,SER,True,3035.0,3036.0,four_layer_exact,high,0.989010989010989,0.8625429553264605,0.6452752271356559,0.0109890109890109,S,S,matches_consensus,True,False,,0.015582299561805372,buried_core,False,False,False,False,10.01610029422498,True,True,unassigned_manual_review,,not_annotated_no_domain_boundaries,,True,False
6IV9,A,VI-D,binary,847,848,Y,799.0,Y,848.0,,TYR,True,3044.0,3045.0,four_layer_exact,high,0.9945054945054944,0.8771331058020477,0.5003688822901302,0.0054945054945054,Y,W;Y,matches_consensus,True,False,,0.004591742266311469,buried_core,True,False,True,False,4.7130616461528385,True,True,unassigned_manual_review,,not_annotated_no_domain_boundaries,,True,False
6IV9,A,VI-D,binary,848,849,F,800.0,F,849.0,,PHE,True,3045.0,3046.0,four_layer_exact,high,0.9945054945054944,0.7303754266211604,0.646373754231609,0.0054945054945054,F,F;Y,matches_consensus,True,False,,0.0,buried_core,False,False,False,False,9.83031598786034,True,True,unassigned_manual_review,,not_annotated_no_domain_boundaries,,True,False
6IV9,A,VI-D,binary,849,850,S,801.0,S,850.0,,SER,True,3046.0,3047.0,four_layer_exact,high,0.9945054945054944,0.3412969283276451,1.7842046366484416,0.0054945054945054,E,A;D;E;G;Q;S,differs_from_consensus,True,True,scaffold_differs_from_msa_consensus,0.015582299561805372,buried_core,False,False,False,False,13.031501403371479,True,True,unassigned_manual_review,,not_annotated_no_domain_boundaries,,True,False
6IV9,A,VI-D,binary,850,851,I,802.0,I,851.0,,ILE,True,3047.0,3048.0,four_layer_exact,high,0.9945054945054944,0.6655290102389079,1.0945551553873465,0.0054945054945054,L,F;I;L;V,differs_from_consensus,True,True,scaffold_differs_from_msa_consensus,0.0,buried_core,False,False,False,False,11.160816421346901,True,True,unassigned_manual_review,,not_annotated_no_domain_boundaries,,True,False
6IV9,A,VI-D,binary,851,852,Y,803.0,Y,852.0,,TYR,True,3048.0,3049.0,four_layer_exact,high,0.9945054945054944,0.9112627986348124,0.3236709773367355,0.0054945054945054,Y,F;Y,matches_consensus,True,False,,0.0,buried_core,False,False,False,False,12.343619986306626,True,True,unassigned_manual_review,,not_annotated_no_domain_boundaries,,True,False
6IV9,A,VI-D,binary,852,853,H,804.0,H,853.0,,HIS,True,3049.0,3050.0,four_layer_exact,high,0.9945054945054944,0.7406143344709898,1.0243926616835215,0.0054945054945054,H,C;H,matches_consensus,True,False,,0.0,buried_core,False,False,False,False,12.54948256992252,True,True,unassigned_manual_review,,not_annotated_no_domain_boundaries,,True,False
6IV9,A,VI-D,binary,853,854,Y,805.0,Y,854.0,,TYR,True,3050.0,3051.0,four_layer_exact,high,0.9945054945054944,0.78839590443686,0.8194246612011497,0.0054945054945054,Y,F;Y,matches_consensus,True,False,,0.0,buried_core,False,False,False,False,17.685302229956633,True,True,unassigned_manual_review,,not_annotated_no_domain_boundaries,,True,False
6IV9,A,VI-D,binary,854,855,V,806.0,V,855.0,,VAL,True,3051.0,3052.0,four_layer_exact,high,0.9945054945054944,0.3686006825938566,1.602683868186286,0.0054945054945054,I,A;C;I;L;V,differs_from_consensus,True,True,scaffold_differs_from_msa_consensus,0.0,buried_core,False,False,False,False,17.25148811843806,True,True,unassigned_manual_review,,not_annotated_no_domain_boundaries,,True,False
6IV9,A,VI-D,binary,855,856,M,807.0,M,856.0,,MET,True,3061.0,3062.0,four_layer_exact,high,0.9945054945054944,0.3651877133105802,1.635936536196335,0.0054945054945054,M,I;L;M;V,matches_consensus,True,False,,0.0,buried_core,False,False,False,False,14.857883579455313,True,True,unassigned_manual_review,,not_annotated_no_domain_boundaries,,True,False
6IV9,A,VI-D,binary,856,857,Q,808.0,Q,857.0,,GLN,True,3062.0,3063.0,four_layer_exact,high,0.9945054945054944,0.931740614334471,0.3684350711820774,0.0054945054945054,Q,Q,matches_consensus,True,False,,0.0,buried_core,False,False,False,False,17.417998920320663,True,True,unassigned_manual_review,,not_annotated_no_domain_boundaries,,True,False
6IV9,A,VI-D,binary,857,858,R,809.0,R,858.0,,ARG,True,3063.0,3064.0,four_layer_exact,high,0.9945054945054944,0.5870307167235495,1.465201573163282,0.0054945054945054,R,K;R;S,matches_consensus,True,False,,0.09578876520127948,buried_core,False,False,False,False,22.264900505505526,True,True,unassigned_manual_review,,not_annotated_no_domain_boundaries,,True,False
6IV9,A,VI-D,binary,858,859,C,810.0,C,859.0,,CYS,True,3080.0,3081.0,four_layer_exact,high,0.9615384615384616,0.1067615658362989,2.7734581905670805,0.0384615384615384,H,A;H;I;L;M;Q;S;Y,differs_from_consensus,True,True,scaffold_differs_from_msa_consensus,0.11969626030406391,buried_core,False,False,False,False,21.41837231124672,True,True,unassigned_manual_review,,not_annotated_no_domain_boundaries,,True,False
6IV9,A,VI-D,binary,859,860,I,811.0,I,860.0,,ILE,True,3081.0,3082.0,four_layer_exact,high,0.989010989010989,0.5773195876288659,1.2142087209349026,0.0109890109890109,L,I;L;M;V,differs_from_consensus,True,True,scaffold_differs_from_msa_consensus,0.016316634884203863,buried_core,False,False,False,False,18.71077081503322,True,True,unassigned_manual_review,,not_annotated_no_domain_boundaries,,True,False
6IV9,A,VI-D,binary,860,861,T,812.0,T,861.0,,THR,True,3091.0,3092.0,four_layer_exact,high,0.8131868131868132,0.1746724890829694,2.4703232462616773,0.1868131868131868,L,A;F;I;L;M;Q;V;Y,differs_from_consensus,True,True,scaffold_differs_from_msa_consensus,0.01947992014049626,buried_core,False,False,False,False,23.623345287169705,True,True,unassigned_manual_review,,not_annotated_no_domain_boundaries,,True,False
6IV9,A,VI-D,binary,861,862,K,813.0,K,862.0,,LYS,True,3092.0,3093.0,four_layer_exact,high,0.7967032967032966,0.2690582959641255,2.1311032502971,0.2032967032967033,D,D;E;G;K;N;S,differs_from_consensus,False,True,scaffold_differs_from_msa_consensus,0.4419069123785633,surface,False,False,False,False,25.940921846707038,True,False,unassigned_manual_review,,not_annotated_no_domain_boundaries,,False,False
6IV9,A,VI-D,binary,862,863,R,814.0,R,863.0,,ARG,True,3093.0,3094.0,four_layer_exact,high,0.7307692307692307,0.2512562814070351,2.329051546329626,0.2692307692307693,K,E;K;N;Q;R;S,differs_from_consensus,False,True,scaffold_differs_from_msa_consensus,0.2847354754667891,surface,False,False,False,False,29.175113238553216,True,False,unassigned_manual_review,,not_annotated_no_domain_boundaries,,False,False
6IV9,A,VI-D,binary,863,864,G,815.0,G,864.0,,GLY,True,3094.0,3095.0,four_layer_exact,high,0.6538461538461539,0.1871345029239766,2.4048458984399383,0.3461538461538461,F,F;I;L;V;Y,differs_from_consensus,False,True,scaffold_differs_from_msa_consensus,0.26580302542151846,surface,False,False,False,False,30.26288605180132,True,False,unassigned_manual_review,,not_annotated_no_domain_boundaries,,False,False
6IV9,A,VI-D,binary,864,865,D,816.0,D,865.0,,ASP,True,3110.0,3111.0,four_layer_exact,high,0.5604395604395604,0.2028985507246377,2.321079322969002,0.4395604395604395,K,A;K;N;S;T,differs_from_consensus,False,True,scaffold_differs_from_msa_consensus,0.6680887497261768,surface,False,False,False,False,32.92664455891662,True,False,unassigned_manual_review,,not_annotated_no_domain_boundaries,,False,False
6IV9,A,VI-D,binary,865,866,D,817.0,D,866.0,,ASP,True,3111.0,3112.0,four_layer_exact,high,0.6483516483516484,0.4078431372549019,1.7946383577714922,0.3516483516483516,D,D;E;N;S,matches_consensus,False,False,,0.6783717522002511,surface,False,False,False,False,33.042890088942535,True,False,unassigned_manual_review,,not_annotated_no_domain_boundaries,,False,False
6IV9,A,VI-D,binary,866,867,T,818.0,T,867.0,,THR,True,3112.0,3113.0,four_layer_exact,high,0.6538461538461539,0.1962209302325581,2.5776045604077606,0.3461538461538461,K,E;H;K;N;P;R;S;Y,differs_from_consensus,False,True,scaffold_differs_from_msa_consensus,0.3891434563575089,surface,False,False,False,False,31.362620496290614,True,False,unassigned_manual_review,,not_annotated_no_domain_boundaries,,False,False
6IV9,A,VI-D,binary,867,868,K,819.0,K,868.0,,LYS,True,3113.0,3114.0,four_layer_exact,high,0.6538461538461539,0.1511627906976744,2.5844502358479784,0.3461538461538461,S,A;E;G;K;S;T,differs_from_consensus,False,True,scaffold_differs_from_msa_consensus,0.677941211370071,surface,False,False,False,False,33.54669010082064,True,False,unassigned_manual_review,,not_annotated_no_domain_boundaries,,False,False
6IV9,A,VI-D,binary,868,869,Q,820.0,Q,869.0,,GLN,True,3114.0,3115.0,four_layer_exact,high,0.6428571428571429,0.2731152204836415,2.4580433833576945,0.3571428571428571,K,E;K;N;S;Y,differs_from_consensus,False,True,scaffold_differs_from_msa_consensus,0.7304198451553384,surface,False,False,False,False,33.840966083262195,True,False,unassigned_manual_review,,not_annotated_no_domain_boundaries,,False,False
6IV9,A,VI-D,binary,869,870,E,821.0,E,870.0,,GLU,True,3165.0,3166.0,four_layer_exact,high,0.5989010989010989,0.1958925750394944,2.473618564339416,0.4010989010989011,E,A;D;E;G;K;N;P;S,matches_consensus,False,False,,0.25016792510439845,surface,False,False,False,False,29.21791874892775,True,False,unassigned_manual_review,,not_annotated_no_domain_boundaries,,False,False
6IV9,A,VI-D,binary,870,871,E,822.0,E,871.0,,GLU,True,3166.0,3167.0,four_layer_exact,high,0.6593406593406593,0.296137339055794,2.3562313700238597,0.3406593406593406,K,A;F;I;K;L;R;V,differs_from_consensus,False,True,scaffold_differs_from_msa_consensus,0.7330511151816088,surface,False,False,False,False,28.223002953557625,True,False,unassigned_manual_review,,not_annotated_no_domain_boundaries,,False,False
6IV9,A,VI-D,binary,871,872,K,823.0,K,872.0,,LYS,True,3167.0,3168.0,four_layer_exact,high,0.8186813186813187,0.2401746724890829,2.3015612297799546,0.1813186813186813,L,I;K;L;S;T;V,differs_from_consensus,True,True,scaffold_differs_from_msa_consensus,0.29943307641894373,surface,False,False,False,False,28.644742156917296,True,False,unassigned_manual_review,,not_annotated_no_domain_boundaries,,True,False
6IV9,A,VI-D,binary,872,873,I,824.0,I,873.0,,ILE,True,3168.0,3169.0,four_layer_exact,high,0.934065934065934,0.1586715867158671,2.57940935691118,0.0659340659340659,K,A;D;E;K;L;N;Q,differs_from_consensus,True,True,scaffold_differs_from_msa_consensus,0.06743101713928466,buried_core,False,False,False,False,23.570419563747592,True,True,unassigned_manual_review,,not_annotated_no_domain_boundaries,,True,False
6IV9,A,VI-D,binary,873,874,K,825.0,K,874.0,,LYS,True,3169.0,3170.0,four_layer_exact,high,0.9505494505494504,0.2888086642599278,2.253735962896384,0.0494505494505495,E,D;E;G;K;P;Q;R,differs_from_consensus,True,True,scaffold_differs_from_msa_consensus,0.33096859646501053,surface,False,False,False,False,21.507179567632978,True,False,unassigned_manual_review,,not_annotated_no_domain_boundaries,,True,False
6IV9,A,VI-D,binary,874,875,Y,826.0,Y,875.0,,TYR,True,3170.0,3171.0,four_layer_exact,high,0.9615384615384616,0.69105871886121,1.358622346108025,0.0384615384615384,Y,F;Y,matches_consensus,True,False,,0.0,buried_core,False,False,False,False,18.106530671855012,True,True,unassigned_manual_review,,not_annotated_no_domain_boundaries,,True,False
6IV9,A,VI-D,binary,875,876,E,827.0,E,876.0,,GLU,True,3171.0,3172.0,four_layer_exact,high,0.9725274725274724,0.2736842105263158,2.3840711075667165,0.0274725274725274,F,A;F;K;L;R;S;Y,differs_from_consensus,True,True,scaffold_differs_from_msa_consensus,0.04385336506072502,buried_core,False,False,False,False,24.30735629461191,True,True,unassigned_manual_review,,not_annotated_no_domain_boundaries,,True,False
6IV9,A,VI-D,binary,876,877,D,828.0,D,877.0,,ASP,True,3185.0,3186.0,four_layer_exact,high,0.9725274725274724,0.2280701754385964,2.121004101676971,0.0274725274725274,E,A;D;E;K;N;S,differs_from_consensus,True,True,scaffold_differs_from_msa_consensus,0.32561328428641767,surface,False,False,False,False,25.334827235036833,True,False,unassigned_manual_review,,not_annotated_no_domain_boundaries,,True,False
6IV9,A,VI-D,binary,877,878,D,829.0,D,878.0,,ASP,True,3186.0,3187.0,four_layer_exact,high,0.9725274725274724,0.175438596491228,2.509953448043905,0.0274725274725274,K,A;D;E;K;L;N;Q;S,differs_from_consensus,True,True,scaffold_differs_from_msa_consensus,0.23528386832417536,surface,False,False,False,False,21.779339292363147,True,False,unassigned_manual_review,,not_annotated_no_domain_boundaries,,True,False
6IV9,A,VI-D,binary,878,879,L,830.0,L,879.0,,LEU,True,3192.0,3193.0,four_layer_exact,high,0.967032967032967,0.4522968197879858,1.411107694756027,0.0329670329670329,L,I;L;V,matches_consensus,True,False,,0.0,buried_core,False,False,False,False,21.5451552414613,True,True,unassigned_manual_review,,not_annotated_no_domain_boundaries,,True,False
6IV9,A,VI-D,binary,879,880,L,831.0,L,880.0,,LEU,True,3193.0,3194.0,four_layer_exact,high,0.9615384615384616,0.1708185053380783,2.4935338041618795,0.0384615384615384,E,D;E;K;L;N;R;S,differs_from_consensus,True,True,scaffold_differs_from_msa_consensus,0.24692055491472098,surface,False,False,False,False,24.91671480055651,True,False,unassigned_manual_review,,not_annotated_no_domain_boundaries,,True,False
6IV9,A,VI-D,binary,880,881,K,832.0,K,881.0,,LYS,True,3205.0,3206.0,four_layer_exact,high,0.934065934065934,0.4534313725490196,1.743901500804819,0.0659340659340659,K,E;K;N;Q;R;S;T,matches_consensus,True,False,,0.5421493832426375,surface,False,False,False,False,24.85570292541428,True,False,unassigned_manual_review,,not_annotated_no_domain_boundaries,,True,False
6IV9,A,VI-D,binary,881,882,N,833.0,N,882.0,,ASN,True,3206.0,3207.0,four_layer_exact,high,0.912087912087912,0.4924242424242424,1.7660496347280823,0.0879120879120879,Y,F;H;N;Y,differs_from_consensus,True,True,scaffold_differs_from_msa_consensus,0.4171408014295052,surface,False,False,False,False,20.086923972779605,True,False,unassigned_manual_review,,not_annotated_no_domain_boundaries,,True,False
6IV9,A,VI-D,binary,882,883,H,834.0,H,883.0,,HIS,True,3213.0,3214.0,four_layer_exact,high,0.978021978021978,0.3484320557491289,1.8051593138252695,0.021978021978022,G,G;H;K;N;R,differs_from_consensus,True,True,scaffold_differs_from_msa_consensus,0.2647689408550426,surface,False,False,False,False,20.60123918723506,True,False,unassigned_manual_review,,not_annotated_no_domain_boundaries,,True,False
6IV9,A,VI-D,binary,883,884,G,835.0,G,884.0,,GLY,True,3214.0,3215.0,four_layer_exact,high,0.978021978021978,0.5470383275261324,1.7377392265940013,0.021978021978022,T,S;T,differs_from_consensus,True,True,scaffold_differs_from_msa_consensus,0.01161180976961458,buried_core,False,False,False,False,18.999367743715172,True,True,unassigned_manual_review,,not_annotated_no_domain_boundaries,,True,False
6IV9,A,VI-D,binary,884,885,Y,836.0,Y,885.0,,TYR,True,3215.0,3216.0,four_layer_exact,high,0.989010989010989,0.7800687285223368,0.9399261397042378,0.0109890109890109,Y,P;Y,matches_consensus,True,False,,0.022958711331557344,buried_core,False,False,False,False,11.89866953629729,True,True,unassigned_manual_review,,not_annotated_no_domain_boundaries,,True,False
6IV9,A,VI-D,binary,885,886,T,837.0,T,886.0,,THR,True,3216.0,3217.0,four_layer_exact,high,0.989010989010989,0.3608247422680412,1.6287875860541623,0.0109890109890109,S,C;D;N;S;V,differs_from_consensus,True,True,scaffold_differs_from_msa_consensus,0.014042188558603678,buried_core,False,False,False,False,15.03498788839806,True,True,unassigned_manual_review,,not_annotated_no_domain_boundaries,,True,False
6IV9,A,VI-D,binary,886,887,K,838.0,K,887.0,,LYS,True,3217.0,3218.0,four_layer_exact,high,0.989010989010989,0.7250859106529209,1.145474998418898,0.0109890109890109,K,K;R,matches_consensus,True,False,,0.4299130570898211,surface,False,False,False,False,9.492902257729785,True,False,unassigned_manual_review,,not_annotated_no_domain_boundaries,,True,False
6IV9,A,VI-D,binary,887,888,D,839.0,D,888.0,,ASP,True,3218.0,3219.0,four_layer_exact,high,0.9945054945054944,0.7337883959044369,1.124333275233936,0.0054945054945054,D,D;N,matches_consensus,True,False,,0.23942438977551384,surface,False,False,False,False,12.576203152853111,True,False,unassigned_manual_review,,not_annotated_no_domain_boundaries,,True,False
6IV9,A,VI-D,binary,888,889,F,840.0,F,889.0,,PHE,True,3219.0,3220.0,four_layer_exact,high,0.9945054945054944,0.4163822525597269,1.4008498795579936,0.0054945054945054,F,A;F;L;M,matches_consensus,True,False,,0.0,buried_core,False,False,False,False,15.710702316859084,True,True,unassigned_manual_review,,not_annotated_no_domain_boundaries,,True,False
6IV9,A,VI-D,binary,889,890,V,841.0,V,890.0,,VAL,True,3220.0,3221.0,four_layer_exact,high,0.9945054945054944,0.4607508532423208,1.434370393272457,0.0054945054945054,V,I;L;M;V,matches_consensus,True,False,,0.0,buried_core,False,False,False,False,13.397415130323788,True,True,unassigned_manual_review,,not_annotated_no_domain_boundaries,,True,False
6IV9,A,VI-D,binary,890,891,K,842.0,K,891.0,,LYS,True,3221.0,3222.0,four_layer_exact,high,0.9945054945054944,0.6245733788395904,1.2722698224800089,0.0054945054945054,K,H;K;W,matches_consensus,True,False,,0.24917488884614333,surface,False,False,False,False,9.888833607482448,True,False,unassigned_manual_review,,not_annotated_no_domain_boundaries,,True,False
6IV9,A,VI-D,binary,891,892,A,843.0,A,892.0,,ALA,True,3222.0,3223.0,four_layer_exact,high,0.9945054945054944,0.4914675767918088,1.6026506977934307,0.0054945054945054,A,A;I;L;V,matches_consensus,True,False,,0.0,buried_core,False,False,False,False,15.317027696874728,True,True,unassigned_manual_review,,not_annotated_no_domain_boundaries,,True,False
6IV9,A,VI-D,binary,892,893,L,844.0,L,893.0,,LEU,True,3223.0,3224.0,four_layer_exact,high,0.9945054945054944,0.7133105802047781,1.0995162720432474,0.0054945054945054,L,I;L;Y,matches_consensus,True,False,,0.005330641910759803,buried_core,False,False,False,False,13.478640051433576,True,True,unassigned_manual_review,,not_annotated_no_domain_boundaries,,True,False
6IV9,A,VI-D,binary,893,894,N,845.0,N,894.0,,ASN,True,3224.0,3225.0,four_layer_exact,high,0.9945054945054944,0.5938566552901023,1.162126883169962,0.0054945054945054,N,C;F;N;Y,matches_consensus,True,False,,0.006192965210461109,buried_core,False,False,False,False,10.530446566359277,True,True,unassigned_manual_review,,not_annotated_no_domain_boundaries,,True,False
6IV9,A,VI-D,binary,894,895,S,846.0,S,895.0,,SER,True,3225.0,3226.0,four_layer_exact,high,0.9945054945054944,0.2798634812286689,1.9470579621542503,0.0054945054945054,V,A;I;L;S;T;V,differs_from_consensus,True,True,scaffold_differs_from_msa_consensus,0.0,buried_core,False,False,False,False,13.282982915040368,True,True,unassigned_manual_review,,not_annotated_no_domain_boundaries,,True,False
6IV9,A,VI-D,binary,895,896,P,847.0,P,896.0,,PRO,True,3243.0,3244.0,four_layer_exact,high,0.9945054945054944,0.9112627986348124,0.4798990182367803,0.0054945054945054,P,P,matches_consensus,True,False,,0.03038058405131865,buried_core,False,False,False,False,11.492970334541761,True,True,unassigned_manual_review,,not_annotated_no_domain_boundaries,,True,False
6IV9,A,VI-D,binary,896,897,F,848.0,F,897.0,,PHE,True,3244.0,3245.0,four_layer_exact,high,0.9945054945054944,0.8225255972696246,0.6470827085570559,0.0054945054945054,F,F;L,matches_consensus,True,False,,0.010063568466999302,buried_core,False,False,False,False,8.226032102013042,True,True,unassigned_manual_review,,not_annotated_no_domain_boundaries,,True,False
6IV9,A,VI-D,binary,897,898,G,849.0,G,898.0,,GLY,True,3271.0,3272.0,four_layer_exact,high,0.9945054945054944,0.5426621160409556,0.8563680260277136,0.0054945054945054,A,A;G,differs_from_consensus,True,True,scaffold_differs_from_msa_consensus,0.0,buried_core,False,False,False,False,9.73046396186235,True,True,unassigned_manual_review,,not_annotated_no_domain_boundaries,,True,False
6IV9,A,VI-D,binary,898,899,Y,850.0,Y,899.0,,TYR,True,3272.0,3273.0,four_layer_exact,high,0.9945054945054944,1.0,-0.0,0.0054945054945054,Y,Y,matches_consensus,True,False,,0.0,buried_core,False,True,False,False,7.654341671594426,True,True,unassigned_manual_review,,not_annotated_no_domain_boundaries,,True,False
6IV9,A,VI-D,binary,899,900,N,851.0,N,900.0,,ASN,True,3273.0,3274.0,four_layer_exact,high,0.9945054945054944,0.8703071672354948,0.5843109063318744,0.0054945054945054,N,C;N,matches_consensus,True,False,,0.0,buried_core,True,False,True,False,3.3099131194787743,True,True,unassigned_manual_review,,not_annotated_no_domain_boundaries,,True,False
6IV9,A,VI-D,binary,900,901,I,852.0,I,901.0,,ILE,True,3274.0,3275.0,four_layer_exact,high,0.9945054945054944,0.6484641638225256,1.366584549574924,0.0054945054945054,L,I;L;V,differs_from_consensus,True,True,scaffold_differs_from_msa_consensus,0.018390277401623092,buried_core,True,False,True,False,4.218612230056457,True,True,unassigned_manual_review,,not_annotated_no_domain_boundaries,,True,False
6IV9,A,VI-D,binary,901,902,P,853.0,P,902.0,,PRO,True,3275.0,3276.0,four_layer_exact,high,0.9945054945054944,0.5733788395904437,1.029467248822873,0.0054945054945054,P,A;P,matches_consensus,True,False,,0.0,buried_core,True,False,True,False,3.553301078221578,True,True,unassigned_manual_review,,not_annotated_no_domain_boundaries,,True,False
6IV9,A,VI-D,binary,902,903,R,854.0,R,903.0,,ARG,True,3281.0,3282.0,four_layer_exact,high,0.9945054945054944,1.0,-0.0,0.0054945054945054,R,R,matches_consensus,True,False,,0.0,buried_core,True,False,True,False,2.779511647291598,True,True,unassigned_manual_review,,not_annotated_no_domain_boundaries,,True,False
6IV9,A,VI-D,binary,903,904,F,855.0,F,904.0,,PHE,True,3282.0,3283.0,four_layer_exact,high,0.9945054945054944,0.7337883959044369,0.6111992156029766,0.0054945054945054,Y,F;Y,differs_from_consensus,True,True,scaffold_differs_from_msa_consensus,0.045286058101496864,buried_core,False,True,False,False,6.5364421648331525,True,True,unassigned_manual_review,,not_annotated_no_domain_boundaries,,True,False
6IV9,A,VI-D,binary,904,905,K,856.0,K,905.0,,LYS,True,3283.0,3284.0,four_layer_exact,high,0.9945054945054944,0.9112627986348124,0.4533576770844879,0.0054945054945054,K,K,matches_consensus,True,False,,0.07897378210460511,buried_core,True,False,True,False,3.03562406898343,True,True,unassigned_manual_review,,not_annotated_no_domain_boundaries,,True,False
6IV9,A,VI-D,binary,905,906,N,857.0,N,906.0,,ASN,True,3284.0,3285.0,four_layer_exact,high,0.9945054945054944,0.8805460750853242,0.5454137059640182,0.0054945054945054,N,N,matches_consensus,True,False,,0.0,buried_core,True,False,True,False,2.937266130579624,True,True,unassigned_manual_review,,not_annotated_no_domain_boundaries,,True,False
6IV9,A,VI-D,binary,906,907,L,858.0,L,907.0,,LEU,True,3285.0,3286.0,four_layer_exact,high,0.9945054945054944,0.9795221843003412,0.1223900868110231,0.0054945054945054,L,L,matches_consensus,True,False,,0.0060081005773130166,buried_core,False,True,False,False,5.395637170763646,True,True,unassigned_manual_review,,not_annotated_no_domain_boundaries,,True,False
6IV9,A,VI-D,binary,907,908,S,859.0,S,908.0,,SER,True,3286.0,3287.0,four_layer_exact,high,0.9945054945054944,0.6075085324232082,0.7385756362529033,0.0054945054945054,S,S;T,matches_consensus,True,False,,0.0363202161565677,buried_core,False,False,False,False,9.312723005634798,True,True,unassigned_manual_review,,not_annotated_no_domain_boundaries,,True,False
6IV9,A,VI-D,binary,908,909,I,860.0,I,909.0,,ILE,True,3291.0,3292.0,four_layer_exact,high,0.9945054945054944,0.676905574516496,1.2826502550317684,0.0054945054945054,I,I;N;V,matches_consensus,True,False,,0.1961629589506463,buried_core,True,False,True,False,4.738663052125229,True,True,unassigned_manual_review,,not_annotated_no_domain_boundaries,,True,False
6IV9,A,VI-D,binary,909,910,E,861.0,E,910.0,,GLU,True,3292.0,3293.0,four_layer_exact,high,0.9945054945054944,0.4914675767918088,1.6634119131836618,0.0054945054945054,E,A;D;E;K;N,matches_consensus,True,False,,0.12736597037461667,buried_core,False,True,False,False,6.624674215468284,True,True,unassigned_manual_review,,not_annotated_no_domain_boundaries,,True,False
6IV9,A,VI-D,binary,910,911,Q,862.0,Q,911.0,,GLN,True,3293.0,3294.0,four_layer_exact,high,0.9945054945054944,0.2116040955631399,2.1916698208890306,0.0054945054945054,E,A;D;E;G;K;Q,differs_from_consensus,True,True,scaffold_differs_from_msa_consensus,0.2843650708387665,surface,True,False,True,False,3.3600031554979917,True,False,unassigned_manual_review,,not_annotated_no_domain_boundaries,,True,False
6IV9,A,VI-D,binary,911,912,L,863.0,L,912.0,,LEU,True,3294.0,3295.0,four_layer_exact,high,0.9945054945054944,0.78839590443686,0.920485964506321,0.0054945054945054,L,I;L,matches_consensus,True,False,,0.0,buried_core,True,False,True,False,3.6062165222123803,True,True,unassigned_manual_review,,not_annotated_no_domain_boundaries,,True,False
6IV9,A,VI-D,binary,912,913,F,864.0,F,913.0,,PHE,True,3295.0,3296.0,four_layer_exact,high,0.9945054945054944,0.9522184300341296,0.2299796848520801,0.0054945054945054,F,F,matches_consensus,True,False,,0.0,buried_core,True,False,True,False,3.7205072774724277,True,True,unassigned_manual_review,,not_annotated_no_domain_boundaries,,True,False
6IV9,A,VI-D,binary,913,914,D,865.0,D,914.0,,ASP,True,3303.0,3304.0,four_layer_exact,high,0.9725274725274724,0.7590643274853801,0.9431207284312612,0.0274725274725274,D,D;Y,matches_consensus,True,False,,0.011103202321893477,buried_core,True,False,True,False,2.842050204911555,True,True,unassigned_manual_review,,not_annotated_no_domain_boundaries,,True,False
6IV9,A,VI-D,binary,914,915,R,866.0,R,915.0,,ARG,True,3304.0,3305.0,four_layer_exact,high,0.9835164835164836,0.4152249134948096,1.800919381742992,0.0164835164835165,R,D;E;K;M;R,matches_consensus,True,False,,0.12059312973803134,buried_core,True,False,True,False,2.9752673990638447,True,True,unassigned_manual_review,,not_annotated_no_domain_boundaries,,True,False
6IV9,A,VI-D,binary,915,916,N,867.0,N,916.0,,ASN,True,3316.0,3317.0,four_layer_exact,high,0.945054945054945,0.6836363636363636,1.2332013883339008,0.0549450549450549,N,D;E;N,matches_consensus,True,False,,0.1161996824407498,buried_core,True,False,True,False,3.472561569263777,True,True,unassigned_manual_review,,not_annotated_no_domain_boundaries,,True,False
6IV9,A,VI-D,binary,916,917,E,868.0,E,917.0,,GLU,True,3317.0,3318.0,four_layer_exact,high,0.8956043956043956,0.2996108949416342,2.244778911930258,0.1043956043956043,E,A;D;E;K;N;R;S,matches_consensus,True,False,,0.14971833166561085,buried_core,False,True,False,False,5.199552361572912,True,True,unassigned_manual_review,,not_annotated_no_domain_boundaries,,True,False
6IV9,A,VI-D,binary,917,918,Y,869.0,Y,918.0,,TYR,True,3409.0,3410.0,four_layer_exact,high,0.4835164835164835,0.1794871794871795,2.637974726987787,0.5164835164835164,Y,A;E;I;K;L;P;T;Y,matches_consensus,False,False,,0.22087264587021496,surface,True,False,True,False,2.4493337302323166,True,False,unassigned_manual_review,,not_annotated_no_domain_boundaries,,False,False
6IV9,A,VI-D,binary,918,919,L,870.0,L,919.0,,LEU,True,3410.0,3411.0,four_layer_exact,high,0.5494505494505495,0.2487046632124352,2.1752514613789637,0.4505494505494505,K,A;I;K;L;N;Q;R;T,differs_from_consensus,False,True,scaffold_differs_from_msa_consensus,0.5449671073373068,surface,False,True,False,False,5.52152621087119,True,False,unassigned_manual_review,,not_annotated_no_domain_boundaries,,False,False
6IV9,A,VI-D,binary,919,920,T,871.0,T,920.0,,THR,True,3411.0,3412.0,four_layer_exact,high,0.7912087912087912,0.4106735159817352,2.0263891856972456,0.2087912087912088,P,A;E;K;P;T,differs_from_consensus,False,True,scaffold_differs_from_msa_consensus,0.7983258171669703,surface,False,True,False,False,6.9022098991354826,True,False,unassigned_manual_review,,not_annotated_no_domain_boundaries,,False,False
6IV9,A,VI-D,binary,920,921,E,872.0,E,921.0,,GLU,True,3412.0,3413.0,four_layer_exact,high,0.7967032967032966,0.2986425339366516,2.22573897823122,0.2032967032967033,E,D;E;G;K;R,matches_consensus,False,False,,0.46466798229022693,surface,True,False,True,False,3.077242112503799,True,False,unassigned_manual_review,,not_annotated_no_domain_boundaries,,False,False
6IV9,A,VI-D,binary,921,922,K,873.0,K,922.0,,LYS,True,3413.0,3414.0,four_layer_exact,high,0.7912087912087912,0.1963470319634703,2.3631954098400354,0.2087912087912088,K,A;D;E;K;P;Q;T;V,matches_consensus,False,False,,0.29656251269089245,surface,True,False,True,False,3.6664688977093514,True,False,unassigned_manual_review,,not_annotated_no_domain_boundaries,,False,False
