pdb_id,chain_id,subtype,state,full_scaffold_index_0,biological_index_1,full_scaffold_amino_acid,coordinate_index_0,coordinate_amino_acid,pdb_residue_number,pdb_insertion_code,pdb_residue_name,backbone_complete,msa_column_0,msa_column_1,mapping_status,mapping_confidence,msa_coverage,conservation,entropy,gap_fraction,msa_consensus,allowed_residues,scaffold_consensus_status,conservation_constraint_eligible,manual_review_required,decision_reasons,relative_sasa,structural_burial,RNA_contact,RNA_second_shell,crrna_interface,target_rna_interface,minimum_rna_distance,coordinate_available,protein_core,domain,domain_interface,domain_interface_status,HEPN_annotation,mapping_gate_passed,chain_break_adjacent
6E9F,A,VI-D,ternary,0,1,M,,,,,,False,43,44,full_msa_only_unresolved_coordinate,medium,0.9065934065934066,0.9545920378399684,0.2411828238299522,0.0934065934065934,M,M,matches_consensus,False,True,unresolved_terminal,,,,,,,,False,False,unassigned_manual_review,,not_annotated_no_domain_boundaries,,False,False
6E9F,A,VI-D,ternary,1,2,G,,,,,,False,44,45,full_msa_only_unresolved_coordinate,medium,0.9065934065934066,0.257311785573512,2.090300057390328,0.0934065934065934,K,A;E;G;K;N;S;T,differs_from_consensus,False,True,unresolved_terminal;scaffold_differs_from_msa_consensus,,,,,,,,False,False,unassigned_manual_review,,not_annotated_no_domain_boundaries,,False,False
6E9F,A,VI-D,ternary,2,3,K,,,,,,False,46,47,full_msa_only_unresolved_coordinate,medium,0.8571428571428571,0.6467303950596396,1.3013013479555542,0.1428571428571429,K,E;K;N,matches_consensus,False,True,unresolved_terminal,,,,,,,,False,False,unassigned_manual_review,,not_annotated_no_domain_boundaries,,False,False
6E9F,A,VI-D,ternary,3,4,K,,,,,,False,48,49,full_msa_only_unresolved_coordinate,medium,0.8461538461538461,0.6326425316020294,1.3574115577290655,0.1538461538461538,K,K;N,matches_consensus,False,True,unresolved_terminal,,,,,,,,False,False,unassigned_manual_review,,not_annotated_no_domain_boundaries,,False,False
6E9F,A,VI-D,ternary,4,5,I,,,,,,False,85,86,full_msa_only_unresolved_coordinate,medium,0.6868131868131868,0.2029146734898208,2.252092333101242,0.3131868131868132,K,E;I;K;L;M;Q;V,differs_from_consensus,False,True,unresolved_terminal;scaffold_differs_from_msa_consensus,,,,,,,,False,False,unassigned_manual_review,,not_annotated_no_domain_boundaries,,False,False
6E9F,A,VI-D,ternary,5,6,H,,,,,,False,86,87,full_msa_only_unresolved_coordinate,medium,0.6923076923076923,0.3170060539350577,2.042154349993927,0.3076923076923077,N,K;N;S;T,differs_from_consensus,False,True,unresolved_terminal;scaffold_differs_from_msa_consensus,,,,,,,,False,False,unassigned_manual_review,,not_annotated_no_domain_boundaries,,False,False
6E9F,A,VI-D,ternary,6,7,A,,,,,,False,87,88,full_msa_only_unresolved_coordinate,medium,0.6868131868131868,0.4054956057403493,2.0095076001874896,0.3131868131868132,A,A;I;L;P;V,matches_consensus,False,True,unresolved_terminal,,,,,,,,False,False,unassigned_manual_review,,not_annotated_no_domain_boundaries,,False,False
6E9F,A,VI-D,ternary,7,8,R,,,,,,False,88,89,full_msa_only_unresolved_coordinate,medium,0.6868131868131868,0.4912671042385137,1.4871320618732518,0.3131868131868132,K,E;K;R,differs_from_consensus,False,True,unresolved_terminal;scaffold_differs_from_msa_consensus,,,,,,,,False,False,unassigned_manual_review,,not_annotated_no_domain_boundaries,,False,False
6E9F,A,VI-D,ternary,8,9,D,,,,,,False,89,90,full_msa_only_unresolved_coordinate,medium,0.6923076923076923,0.3346175013758943,1.871419288297808,0.3076923076923077,E,D;E;K;N;Q,differs_from_consensus,False,True,unresolved_terminal;scaffold_differs_from_msa_consensus,,,,,,,,False,False,unassigned_manual_review,,not_annotated_no_domain_boundaries,,False,False
6E9F,A,VI-D,ternary,9,10,L,,,,,,False,90,91,full_msa_only_unresolved_coordinate,medium,0.6978021978021978,0.2091275460189521,2.2528156864655444,0.3021978021978022,R,I;K;L;N;Q;R,differs_from_consensus,False,True,unresolved_terminal;scaffold_differs_from_msa_consensus,,,,,,,,False,False,unassigned_manual_review,,not_annotated_no_domain_boundaries,,False,False
6E9F,A,VI-D,ternary,10,11,R,,,,,,False,91,92,full_msa_only_unresolved_coordinate,medium,0.6923076923076923,0.6195927352779307,1.327908461318374,0.3076923076923077,R,E;K;R,matches_consensus,False,True,unresolved_terminal,,,,,,,,False,False,unassigned_manual_review,,not_annotated_no_domain_boundaries,,False,False
6E9F,A,VI-D,ternary,11,12,E,,,,,,False,92,93,full_msa_only_unresolved_coordinate,medium,0.6703296703296703,0.6248707045167222,1.492874827116403,0.3296703296703297,E,A;E;L;Q,matches_consensus,False,True,unresolved_terminal,,,,,,,,False,False,unassigned_manual_review,,not_annotated_no_domain_boundaries,,False,False
6E9F,A,VI-D,ternary,12,13,Q,,,,,,False,93,94,full_msa_only_unresolved_coordinate,medium,0.6703296703296703,0.2059533386967015,2.307683563829647,0.3296703296703297,A,A;E;K;L;Q,differs_from_consensus,False,True,unresolved_terminal;scaffold_differs_from_msa_consensus,,,,,,,,False,False,unassigned_manual_review,,not_annotated_no_domain_boundaries,,False,False
6E9F,A,VI-D,ternary,13,14,R,,,,,,False,94,95,full_msa_only_unresolved_coordinate,medium,0.6648351648351648,0.2789076118535735,2.2748008919849525,0.3351648351648352,K,E;K;N;Q;R,differs_from_consensus,False,True,unresolved_terminal;scaffold_differs_from_msa_consensus,,,,,,,,False,False,unassigned_manual_review,,not_annotated_no_domain_boundaries,,False,False
6E9F,A,VI-D,ternary,14,15,K,,,,,,False,95,96,full_msa_only_unresolved_coordinate,medium,0.6593406593406593,0.4697379245504759,1.826161900367876,0.3406593406593406,K,A;E;K;N;Q;R,matches_consensus,False,True,unresolved_terminal,,,,,,,,False,False,unassigned_manual_review,,not_annotated_no_domain_boundaries,,False,False
6E9F,A,VI-D,ternary,15,16,T,,,,,,False,96,97,full_msa_only_unresolved_coordinate,medium,0.6648351648351648,0.2677513073794305,2.26719054300738,0.3351648351648352,A,A;E;K;L;N;Q;T,differs_from_consensus,False,True,unresolved_terminal;scaffold_differs_from_msa_consensus,,,,,,,,False,False,unassigned_manual_review,,not_annotated_no_domain_boundaries,,False,False
6E9F,A,VI-D,ternary,16,17,D,,,,,,False,114,115,full_msa_only_unresolved_coordinate,medium,0.6428571428571429,0.3308307692307692,2.037259182880884,0.3571428571428571,K,A;D;E;K;Q;R,differs_from_consensus,False,True,unresolved_terminal;scaffold_differs_from_msa_consensus,,,,,,,,False,False,unassigned_manual_review,,not_annotated_no_domain_boundaries,,False,False
6E9F,A,VI-D,ternary,17,18,R,,,,,,False,115,116,full_msa_only_unresolved_coordinate,medium,0.6483516483516484,0.3269675221992458,1.7602401767973868,0.3516483516483516,K,K;N;Q;R,differs_from_consensus,False,True,unresolved_terminal;scaffold_differs_from_msa_consensus,,,,,,,,False,False,unassigned_manual_review,,not_annotated_no_domain_boundaries,,False,False
6E9F,A,VI-D,ternary,18,19,T,,,,,,False,134,135,full_msa_only_unresolved_coordinate,medium,0.5989010989010989,0.3798971111990502,1.9890892013302428,0.4010989010989011,K,K;L;M;N;Q;R,differs_from_consensus,False,True,unresolved_terminal;scaffold_differs_from_msa_consensus,,,,,,,,False,False,unassigned_manual_review,,not_annotated_no_domain_boundaries,,False,False
6E9F,A,VI-D,ternary,19,20,E,,,,,,False,135,136,full_msa_only_unresolved_coordinate,medium,0.5934065934065934,0.2645290581162324,1.9900688544637355,0.4065934065934066,E,A;D;E;K;N;Q,matches_consensus,False,True,unresolved_terminal,,,,,,,,False,False,unassigned_manual_review,,not_annotated_no_domain_boundaries,,False,False
6E9F,A,VI-D,ternary,20,21,K,,,,,,False,136,137,full_msa_only_unresolved_coordinate,medium,0.5879120879120879,0.5322777101096224,1.547119004196714,0.412087912087912,K,A;I;K;Q;R,matches_consensus,False,True,unresolved_terminal,,,,,,,,False,False,unassigned_manual_review,,not_annotated_no_domain_boundaries,,False,False
6E9F,A,VI-D,ternary,21,22,F,,,,,,False,137,138,full_msa_only_unresolved_coordinate,medium,0.532967032967033,0.1941203919738684,2.4661170037383084,0.467032967032967,Y,A;F;I;V;W;Y,differs_from_consensus,False,True,unresolved_terminal;scaffold_differs_from_msa_consensus,,,,,,,,False,False,unassigned_manual_review,,not_annotated_no_domain_boundaries,,False,False
6E9F,A,VI-D,ternary,22,23,A,,,,,,False,138,139,full_msa_only_unresolved_coordinate,medium,0.5659340659340659,0.2740899357601713,2.143495720632917,0.4340659340659341,E,A;D;E;Q;S,differs_from_consensus,False,True,unresolved_terminal;scaffold_differs_from_msa_consensus,,,,,,,,False,False,unassigned_manual_review,,not_annotated_no_domain_boundaries,,False,False
6E9F,A,VI-D,ternary,23,24,D,,,,,,False,139,140,full_msa_only_unresolved_coordinate,medium,0.554945054945055,0.2395420519594892,1.9931866631548367,0.445054945054945,A,A;E;K;Q;R;S,differs_from_consensus,False,True,unresolved_terminal;scaffold_differs_from_msa_consensus,,,,,,,,False,False,unassigned_manual_review,,not_annotated_no_domain_boundaries,,False,False
6E9F,A,VI-D,ternary,24,25,Q,,,,,,False,140,141,full_msa_only_unresolved_coordinate,medium,0.5439560439560439,0.1594925237879474,2.373455206672549,0.4560439560439561,E,A;E;K;N;Q;V,differs_from_consensus,False,True,unresolved_terminal;scaffold_differs_from_msa_consensus,,,,,,,,False,False,unassigned_manual_review,,not_annotated_no_domain_boundaries,,False,False
6E9F,A,VI-D,ternary,25,26,N,,,,,,False,141,142,full_msa_only_unresolved_coordinate,medium,0.5439560439560439,0.1739918441323063,2.403399988467088,0.4560439560439561,A,A;K;N;Q;R;T;V,differs_from_consensus,False,True,unresolved_terminal;scaffold_differs_from_msa_consensus,,,,,,,,False,False,unassigned_manual_review,,not_annotated_no_domain_boundaries,,False,False
6E9F,A,VI-D,ternary,26,27,K,,,,,,False,142,143,full_msa_only_unresolved_coordinate,medium,0.5164835164835165,0.3746946751343429,2.059903383118868,0.4835164835164834,K,A;E;I;K;Q,matches_consensus,False,True,unresolved_terminal,,,,,,,,False,False,unassigned_manual_review,,not_annotated_no_domain_boundaries,,False,False
6E9F,A,VI-D,ternary,27,28,K,,,,,,False,143,144,full_msa_only_unresolved_coordinate,medium,0.510989010989011,0.3334987593052109,1.989178016047435,0.489010989010989,A,A;E;K;N,differs_from_consensus,False,True,unresolved_terminal;scaffold_differs_from_msa_consensus,,,,,,,,False,False,unassigned_manual_review,,not_annotated_no_domain_boundaries,,False,False
6E9F,A,VI-D,ternary,28,29,R,,,,,,False,144,145,full_msa_only_unresolved_coordinate,medium,0.510989010989011,0.1905707196029776,2.212779635081481,0.489010989010989,E,A;E;I;K;R;T;V,differs_from_consensus,False,True,unresolved_terminal;scaffold_differs_from_msa_consensus,,,,,,,,False,False,unassigned_manual_review,,not_annotated_no_domain_boundaries,,False,False
6E9F,A,VI-D,ternary,29,30,E,,,,,,False,145,146,full_msa_only_unresolved_coordinate,medium,0.4615384615384615,0.3514765489287782,2.146305822046063,0.5384615384615384,E,A;E;K;Q;T,matches_consensus,False,True,unresolved_terminal,,,,,,,,False,False,unassigned_manual_review,,not_annotated_no_domain_boundaries,,False,False
6E9F,A,VI-D,ternary,30,31,A,,,,,,False,146,147,full_msa_only_unresolved_coordinate,medium,0.4505494505494505,0.3271196632591702,2.16304556439544,0.5494505494505495,E,A;E;K;L;N;Q;R,differs_from_consensus,False,True,unresolved_terminal;scaffold_differs_from_msa_consensus,,,,,,,,False,False,unassigned_manual_review,,not_annotated_no_domain_boundaries,,False,False
6E9F,A,VI-D,ternary,31,32,E,,,,,,False,147,148,full_msa_only_unresolved_coordinate,medium,0.3956043956043956,0.2859270290394639,2.1731240435922814,0.6043956043956045,K,A;E;K;N;Q;R,differs_from_consensus,False,True,unresolved_terminal;scaffold_differs_from_msa_consensus,,,,,,,,False,False,unassigned_manual_review,,not_annotated_no_domain_boundaries,,False,False
6E9F,A,VI-D,ternary,32,33,R,,,,,,False,163,164,full_msa_only_unresolved_coordinate,medium,0.5,0.4806986899563318,1.812223923705824,0.5,K,E;K;Q;R;S,differs_from_consensus,False,True,unresolved_terminal;scaffold_differs_from_msa_consensus,,,,,,,,False,False,unassigned_manual_review,,not_annotated_no_domain_boundaries,,False,False
6E9F,A,VI-D,ternary,33,34,A,,,,,,False,164,165,full_msa_only_unresolved_coordinate,medium,0.5,0.2850655021834061,2.0084124506774783,0.5,K,A;K;P;Q;R,differs_from_consensus,False,True,unresolved_terminal;scaffold_differs_from_msa_consensus,,,,,,,,False,False,unassigned_manual_review,,not_annotated_no_domain_boundaries,,False,False
6E9F,A,VI-D,ternary,34,35,V,,,,,,False,165,166,full_msa_only_unresolved_coordinate,medium,0.5274725274725275,0.3403706688154713,2.195545818080973,0.4725274725274725,E,A;E;K;Q;V,differs_from_consensus,False,True,unresolved_terminal;scaffold_differs_from_msa_consensus,,,,,,,,False,False,unassigned_manual_review,,not_annotated_no_domain_boundaries,,False,False
6E9F,A,VI-D,ternary,35,36,P,,,,,,False,166,167,full_msa_only_unresolved_coordinate,medium,0.532967032967033,0.3758133629582605,1.9919113494227123,0.467032967032967,E,A;E;K;Q;T,differs_from_consensus,False,True,unresolved_terminal;scaffold_differs_from_msa_consensus,,,,,,,,False,False,unassigned_manual_review,,not_annotated_no_domain_boundaries,,False,False
6E9F,A,VI-D,ternary,36,37,K,,,,,,False,167,168,full_msa_only_unresolved_coordinate,medium,0.521978021978022,0.4242920281551808,1.89308494454838,0.478021978021978,E,A;E;F;K;T,differs_from_consensus,False,True,unresolved_terminal;scaffold_differs_from_msa_consensus,,,,,,,,False,False,unassigned_manual_review,,not_annotated_no_domain_boundaries,,False,False
6E9F,A,VI-D,ternary,37,38,K,,,,,,False,168,169,full_msa_only_unresolved_coordinate,medium,0.532967032967033,0.1823520076178384,2.4991407924856284,0.467032967032967,K,A;D;E;K;N;Q;R,matches_consensus,False,True,unresolved_terminal,,,,,,,,False,False,unassigned_manual_review,,not_annotated_no_domain_boundaries,,False,False
6E9F,A,VI-D,ternary,38,39,D,,,,,,False,169,170,full_msa_only_unresolved_coordinate,medium,0.532967032967033,0.2742421837803523,2.37174832721958,0.467032967032967,A,A;E;K;Q;R;T,differs_from_consensus,False,True,unresolved_terminal;scaffold_differs_from_msa_consensus,,,,,,,,False,False,unassigned_manual_review,,not_annotated_no_domain_boundaries,,False,False
6E9F,A,VI-D,ternary,39,40,A,,,,,,False,170,171,full_msa_only_unresolved_coordinate,medium,0.5054945054945055,0.2138807764988833,2.3220700819939437,0.4945054945054945,A,A;E;K;Q;R;V,matches_consensus,False,True,unresolved_terminal,,,,,,,,False,False,unassigned_manual_review,,not_annotated_no_domain_boundaries,,False,False
6E9F,A,VI-D,ternary,40,41,A,,,,,,False,171,172,full_msa_only_unresolved_coordinate,medium,0.4835164835164835,0.2578627919808717,2.385896562819295,0.5164835164835164,A,A;E;I;K;N;P;R;S,matches_consensus,False,True,unresolved_terminal,,,,,,,,False,False,unassigned_manual_review,,not_annotated_no_domain_boundaries,,False,False
6E9F,A,VI-D,ternary,41,42,V,,,,,,False,172,173,full_msa_only_unresolved_coordinate,medium,0.4505494505494505,0.2890351779469244,2.046141920390641,0.5494505494505495,V,A;E;K;L;T;V,matches_consensus,False,True,unresolved_terminal,,,,,,,,False,False,unassigned_manual_review,,not_annotated_no_domain_boundaries,,False,False
6E9F,A,VI-D,ternary,42,43,S,,,,,,False,173,174,full_msa_only_unresolved_coordinate,medium,0.4285714285714285,0.171543444270717,2.345762628633072,0.5714285714285714,E,A;D;E;L;N;P;Q;T;V,differs_from_consensus,False,True,unresolved_terminal;scaffold_differs_from_msa_consensus,,,,,,,,False,False,unassigned_manual_review,,not_annotated_no_domain_boundaries,,False,False
6E9F,A,VI-D,ternary,43,44,V,,,,,,False,174,175,full_msa_only_unresolved_coordinate,medium,0.445054945054945,0.2216159496327387,2.4488767851240616,0.554945054945055,K,A;E;K;P;Q;T;V,differs_from_consensus,False,True,unresolved_terminal;scaffold_differs_from_msa_consensus,,,,,,,,False,False,unassigned_manual_review,,not_annotated_no_domain_boundaries,,False,False
6E9F,A,VI-D,ternary,44,45,K,,,,,,False,202,203,full_msa_only_unresolved_coordinate,medium,0.2472527472527472,0.2651356993736952,2.0626503752120544,0.7527472527472527,K,A;D;E;H;I;K;L;N;T,matches_consensus,False,True,unresolved_terminal,,,,,,,,False,False,unassigned_manual_review,,not_annotated_no_domain_boundaries,,False,False
6E9F,A,VI-D,ternary,45,46,S,,,,,,False,203,204,full_msa_only_unresolved_coordinate,medium,0.2472527472527472,0.1336116910229645,2.5227942781938166,0.7527472527472527,T,D;E;H;K;M;N;P;Q;R;S;T;V;Y,differs_from_consensus,False,True,unresolved_terminal;scaffold_differs_from_msa_consensus,,,,,,,,False,False,unassigned_manual_review,,not_annotated_no_domain_boundaries,,False,False
6E9F,A,VI-D,ternary,46,47,V,,,,,,False,204,205,full_msa_only_unresolved_coordinate,medium,0.2472527472527472,0.2004175365344467,2.047475906534647,0.7527472527472527,E,A;E;G;H;K;M;P;Q;V,differs_from_consensus,False,True,unresolved_terminal;scaffold_differs_from_msa_consensus,,,,,,,,False,False,unassigned_manual_review,,not_annotated_no_domain_boundaries,,False,False
6E9F,A,VI-D,ternary,47,48,S,,,,,,False,205,206,full_msa_only_unresolved_coordinate,medium,0.2857142857142857,0.2731152204836415,2.0507821981669148,0.7142857142857143,E,D;E;L;N;P;R;S,differs_from_consensus,False,True,unresolved_terminal;scaffold_differs_from_msa_consensus,,,,,,,,False,False,unassigned_manual_review,,not_annotated_no_domain_boundaries,,False,False
6E9F,A,VI-D,ternary,48,49,S,,,,,,False,206,207,full_msa_only_unresolved_coordinate,medium,0.2967032967032967,0.2086049543676662,2.3155516046151385,0.7032967032967032,K,A;I;K;M;S;T,differs_from_consensus,False,True,unresolved_terminal;scaffold_differs_from_msa_consensus,,,,,,,,False,False,unassigned_manual_review,,not_annotated_no_domain_boundaries,,False,False
6E9F,A,VI-D,ternary,49,50,V,,,,,,False,207,208,full_msa_only_unresolved_coordinate,medium,0.3131868131868132,0.1853997682502897,2.3434011475400687,0.6868131868131868,T,I;R;S;T;V,differs_from_consensus,False,True,unresolved_terminal;scaffold_differs_from_msa_consensus,,,,,,,,False,False,unassigned_manual_review,,not_annotated_no_domain_boundaries,,False,False
6E9F,A,VI-D,ternary,50,51,S,,,,,,False,208,209,full_msa_only_unresolved_coordinate,medium,0.489010989010989,0.1695813460519342,2.3723055645212225,0.510989010989011,K,A;E;G;K;N;Q;R;S;T,differs_from_consensus,False,True,unresolved_terminal;scaffold_differs_from_msa_consensus,,,,,,,,False,False,unassigned_manual_review,,not_annotated_no_domain_boundaries,,False,False
6E9F,A,VI-D,ternary,51,52,S,,,,,,False,209,210,full_msa_only_unresolved_coordinate,medium,0.510989010989011,0.1429280397022332,2.495483588447493,0.489010989010989,K,D;E;I;K;N;P;R,differs_from_consensus,False,True,unresolved_terminal;scaffold_differs_from_msa_consensus,,,,,,,,False,False,unassigned_manual_review,,not_annotated_no_domain_boundaries,,False,False
6E9F,A,VI-D,ternary,52,53,K,,,,,,False,210,211,full_msa_only_unresolved_coordinate,medium,0.554945054945055,0.1818997756170531,2.4667057457826638,0.445054945054945,P,E;K;P;R;S;T;V,differs_from_consensus,False,True,unresolved_terminal;scaffold_differs_from_msa_consensus,,,,,,,,False,False,unassigned_manual_review,,not_annotated_no_domain_boundaries,,False,False
6E9F,A,VI-D,ternary,53,54,K,,,,,,False,211,212,full_msa_only_unresolved_coordinate,medium,0.5659340659340659,0.222916969608841,2.394901364821385,0.4340659340659341,K,D;E;K;L;N;S;V,matches_consensus,False,True,unresolved_terminal,,,,,,,,False,False,unassigned_manual_review,,not_annotated_no_domain_boundaries,,False,False
6E9F,A,VI-D,ternary,54,55,D,,,,,,False,212,213,full_msa_only_unresolved_coordinate,medium,0.5769230769230769,0.2172867449427076,2.4714785036181066,0.4230769230769231,K,A;E;K;P;Q;S;T,differs_from_consensus,False,True,unresolved_terminal;scaffold_differs_from_msa_consensus,,,,,,,,False,False,unassigned_manual_review,,not_annotated_no_domain_boundaries,,False,False
6E9F,A,VI-D,ternary,55,56,N,,,,,,False,213,214,full_msa_only_unresolved_coordinate,medium,0.5769230769230769,0.1358042155891922,2.538586018114439,0.4230769230769231,S,E;G;K;N;Q;R;S;T;V,differs_from_consensus,False,True,unresolved_terminal;scaffold_differs_from_msa_consensus,,,,,,,,False,False,unassigned_manual_review,,not_annotated_no_domain_boundaries,,False,False
6E9F,A,VI-D,ternary,56,57,V,,,,,,False,214,215,full_msa_only_unresolved_coordinate,medium,0.7747252747252747,0.1587515653597919,2.5628205194091347,0.2252747252747252,K,E;G;K;N;R;S;T;V,differs_from_consensus,False,True,unresolved_terminal;scaffold_differs_from_msa_consensus,,,,,,,,False,False,unassigned_manual_review,,not_annotated_no_domain_boundaries,,False,False
6E9F,A,VI-D,ternary,57,58,T,0.0,T,58.0,,THR,True,215,216,four_layer_exact,high,0.8681318681318682,0.5127778240239741,1.9045604964317489,0.1318681318681318,K,K;R,differs_from_consensus,True,True,scaffold_differs_from_msa_consensus,1.0,surface,False,True,False,False,5.640189375830548,True,False,unassigned_manual_review,,not_annotated_no_domain_boundaries,,True,False
6E9F,A,VI-D,ternary,60,61,M,3.0,M,61.0,,MET,True,249,250,four_layer_exact,high,0.9505494505494504,0.2069426893629673,2.509394981641873,0.0494505494505495,K,A;K;L;N;R;S;T,differs_from_consensus,True,True,scaffold_differs_from_msa_consensus,0.3790612035900156,surface,True,False,True,False,2.760082590215008,True,False,unassigned_manual_review,,not_annotated_no_domain_boundaries,,True,False
6E9F,A,VI-D,ternary,66,67,V,9.0,V,67.0,,VAL,True,255,256,four_layer_exact,high,0.967032967032967,0.5763772651189869,1.08187629296816,0.0329670329670329,L,I;L;V,differs_from_consensus,True,True,scaffold_differs_from_msa_consensus,0.027106166958818137,buried_core,True,False,True,False,4.83783831446454,True,True,unassigned_manual_review,,not_annotated_no_domain_boundaries,,True,False
6E9F,A,VI-D,ternary,69,70,V,12.0,V,70.0,,VAL,True,258,259,four_layer_exact,high,0.967032967032967,0.3947310967178516,1.6992246664650792,0.0329670329670329,T,A;I;T;V,differs_from_consensus,True,True,scaffold_differs_from_msa_consensus,0.0942895230687001,buried_core,False,True,False,False,5.040916312649355,True,True,unassigned_manual_review,,not_annotated_no_domain_boundaries,,True,False
6E9F,A,VI-D,ternary,71,72,A,14.0,A,72.0,,ALA,True,260,261,four_layer_exact,high,0.9725274725274724,0.3272385632723856,2.1121187202881275,0.0274725274725274,V,A;I;S;V,differs_from_consensus,True,True,scaffold_differs_from_msa_consensus,0.0,buried_core,False,True,False,False,7.0392361846922835,True,True,unassigned_manual_review,,not_annotated_no_domain_boundaries,,True,False
6E9F,A,VI-D,ternary,74,75,N,17.0,N,75.0,,ASN,True,267,268,four_layer_exact,high,0.9395604395604396,0.4560742025488273,1.6173802814414795,0.0604395604395604,D,D;E;G;K;N,differs_from_consensus,True,True,scaffold_differs_from_msa_consensus,0.5217667920915039,surface,False,False,False,False,13.640540522934794,True,False,unassigned_manual_review,,not_annotated_no_domain_boundaries,,True,False
6E9F,A,VI-D,ternary,75,76,T,18.0,T,76.0,,THR,True,274,275,four_layer_exact,high,0.956043956043956,0.3200236179791866,2.0036331809104624,0.0439560439560439,K,D;E;K;N;R;S;T,differs_from_consensus,True,True,scaffold_differs_from_msa_consensus,0.10399036984853563,buried_core,False,False,False,False,11.385045525689453,True,True,unassigned_manual_review,,not_annotated_no_domain_boundaries,,True,False
6E9F,A,VI-D,ternary,76,77,V,19.0,V,77.0,,VAL,True,280,281,four_layer_exact,high,0.9725274725274724,0.3989304039893039,1.648984130767411,0.0274725274725274,L,I;L;V,differs_from_consensus,True,True,scaffold_differs_from_msa_consensus,0.013880784092412831,buried_core,False,False,False,False,10.004616173432982,True,True,unassigned_manual_review,,not_annotated_no_domain_boundaries,,True,False
6E9F,A,VI-D,ternary,77,78,Y,20.0,Y,78.0,,TYR,True,281,282,four_layer_exact,high,0.9725274725274724,0.2671099226710992,1.7819001293843486,0.0274725274725274,L,A;I;L;V;Y,differs_from_consensus,True,True,scaffold_differs_from_msa_consensus,0.11666045107848726,buried_core,False,False,False,False,9.64301619857881,True,True,unassigned_manual_review,,not_annotated_no_domain_boundaries,,True,False
6E9F,A,VI-D,ternary,83,84,R,26.0,R,84.0,,ARG,True,313,314,four_layer_exact,high,0.956043956043956,0.4865303712451103,1.5400904170215637,0.0439560439560439,K,K;N;R,differs_from_consensus,True,True,scaffold_differs_from_msa_consensus,0.5812613252311676,surface,True,False,False,True,3.7830613130221944,True,False,unassigned_manual_review,,not_annotated_no_domain_boundaries,,True,False
6E9F,A,VI-D,ternary,91,92,Q,34.0,Q,92.0,,GLN,True,321,322,four_layer_exact,high,0.978021978021978,0.5133137156391301,1.8214920525862968,0.021978021978022,K,E;K;Q,differs_from_consensus,True,True,scaffold_differs_from_msa_consensus,0.042956713756517204,buried_core,False,False,False,False,13.234436884388748,True,True,unassigned_manual_review,,not_annotated_no_domain_boundaries,,True,False
6E9F,A,VI-D,ternary,94,95,V,37.0,V,95.0,,VAL,True,326,327,four_layer_exact,high,0.956043956043956,0.1553283812605721,2.5513462977121204,0.0439560439560439,T,A;D;E;I;K;S;T;V,differs_from_consensus,True,True,scaffold_differs_from_msa_consensus,0.31925803412549514,surface,False,False,False,False,16.16644732846048,True,False,unassigned_manual_review,,not_annotated_no_domain_boundaries,,True,False
6E9F,A,VI-D,ternary,96,97,T,39.0,T,97.0,,THR,True,328,329,four_layer_exact,high,0.934065934065934,0.1598425792779838,2.5857038994526658,0.0659340659340659,D,A;D;E;G;L;N;R;S,differs_from_consensus,True,True,scaffold_differs_from_msa_consensus,0.5384166696545936,surface,False,False,False,False,13.341567151852969,True,False,unassigned_manual_review,,not_annotated_no_domain_boundaries,,True,False
6E9F,A,VI-D,ternary,97,98,S,40.0,S,98.0,,SER,True,329,330,four_layer_exact,high,0.9285714285714286,0.1756499199512083,2.452276521386664,0.0714285714285714,E,D;E;G;K;N;S,differs_from_consensus,True,True,scaffold_differs_from_msa_consensus,0.429923914392808,surface,False,False,False,False,16.91255929818002,True,False,unassigned_manual_review,,not_annotated_no_domain_boundaries,,True,False
6E9F,A,VI-D,ternary,98,99,H,41.0,H,99.0,,HIS,True,338,339,four_layer_exact,high,0.8791208791208791,0.3775501843506759,1.7146131749936964,0.1208791208791209,I,I;L;V,differs_from_consensus,True,True,scaffold_differs_from_msa_consensus,0.3518865393362015,surface,False,False,False,False,17.12102193977203,True,False,unassigned_manual_review,,not_annotated_no_domain_boundaries,,True,False
6E9F,A,VI-D,ternary,100,101,P,43.0,P,101.0,,PRO,True,340,341,four_layer_exact,high,0.8736263736263736,0.1902716987364769,2.263293370502574,0.1263736263736263,D,D;E;K;N;P;S;T,differs_from_consensus,True,True,scaffold_differs_from_msa_consensus,0.4293851385824629,surface,False,False,False,False,18.730025881437907,True,False,unassigned_manual_review,,not_annotated_no_domain_boundaries,,True,False
6E9F,A,VI-D,ternary,101,102,L,44.0,L,102.0,,LEU,True,341,342,four_layer_exact,high,0.8241758241758241,0.2945309026233881,2.073156075079693,0.1758241758241758,I,I;K;L;M;V,differs_from_consensus,True,True,scaffold_differs_from_msa_consensus,0.28034835113405215,surface,False,False,False,False,15.82241158850313,True,False,unassigned_manual_review,,not_annotated_no_domain_boundaries,,True,False
6E9F,A,VI-D,ternary,103,104,I,46.0,I,104.0,,ILE,True,345,346,four_layer_exact,high,0.6153846153846154,0.1984239762304611,2.338934870193349,0.3846153846153846,E,D;E;K;N;T,differs_from_consensus,False,True,scaffold_differs_from_msa_consensus,0.7600621276349838,surface,False,False,False,False,14.50125256214995,True,False,unassigned_manual_review,,not_annotated_no_domain_boundaries,,False,False
6E9F,A,VI-D,ternary,105,106,D,48.0,D,106.0,,ASP,True,354,355,four_layer_exact,high,0.6868131868131868,0.2749576031656303,2.267626693227431,0.3131868131868132,N,D;K;N;Q;S;T,differs_from_consensus,False,True,scaffold_differs_from_msa_consensus,0.5592923684834836,surface,False,True,False,False,7.061107239792339,True,False,unassigned_manual_review,,not_annotated_no_domain_boundaries,,False,False
6E9F,A,VI-D,ternary,108,109,Y,51.0,Y,109.0,,TYR,True,368,369,four_layer_exact,high,0.967032967032967,0.6322683938577978,1.1105960048903276,0.0329670329670329,F,F;I;L;Y,differs_from_consensus,True,True,scaffold_differs_from_msa_consensus,0.020369943423245638,buried_core,False,False,False,False,9.722495868143803,True,True,unassigned_manual_review,,not_annotated_no_domain_boundaries,,True,False
6E9F,A,VI-D,ternary,109,110,Q,52.0,Q,110.0,,GLN,True,378,379,four_layer_exact,high,0.956043956043956,0.1948483282899106,2.2062077956123254,0.0439560439560439,S,D;E;K;N;R;S;T,differs_from_consensus,True,True,scaffold_differs_from_msa_consensus,0.3983857832807422,surface,False,False,False,False,12.361727762154967,True,False,unassigned_manual_review,,not_annotated_no_domain_boundaries,,True,False
6E9F,A,VI-D,ternary,110,111,L,53.0,L,111.0,,LEU,True,379,380,four_layer_exact,high,0.9505494505494504,0.3746376272950271,1.7433444770914472,0.0494505494505495,V,A;I;L;V,differs_from_consensus,True,True,scaffold_differs_from_msa_consensus,0.09639194003849012,buried_core,False,False,False,False,12.148695147299986,True,True,unassigned_manual_review,,not_annotated_no_domain_boundaries,,True,False
6E9F,A,VI-D,ternary,111,112,N,54.0,N,112.0,,ASN,True,380,381,four_layer_exact,high,0.8736263736263736,0.1625237426707407,2.475165409379496,0.1263736263736263,T,A;D;E;K;N;S;T;V,differs_from_consensus,True,True,scaffold_differs_from_msa_consensus,0.45894666763228154,surface,False,False,False,False,13.469604489771832,True,False,unassigned_manual_review,,not_annotated_no_domain_boundaries,,True,False
6E9F,A,VI-D,ternary,112,113,V,55.0,V,113.0,,VAL,True,381,382,four_layer_exact,high,0.8626373626373627,0.1127800620961651,2.6742483123405223,0.1373626373626373,K,A;D;E;I;K;L;N;P;S,differs_from_consensus,True,True,scaffold_differs_from_msa_consensus,0.5128064298561874,surface,False,False,False,False,11.035823959003,True,False,unassigned_manual_review,,not_annotated_no_domain_boundaries,,True,False
6E9F,A,VI-D,ternary,114,115,T,57.0,T,115.0,,THR,True,436,437,four_layer_exact,high,0.6758241758241759,0.2982835057405933,1.9894706485431208,0.3241758241758241,D,D;E;G;N;S;T,differs_from_consensus,False,True,scaffold_differs_from_msa_consensus,0.2730309955440671,surface,False,True,False,False,7.907893919503382,True,False,unassigned_manual_review,,not_annotated_no_domain_boundaries,,False,False
6E9F,A,VI-D,ternary,115,116,M,58.0,M,116.0,,MET,True,437,438,four_layer_exact,high,0.6703296703296703,0.2206642914607516,2.1459339161154576,0.3296703296703297,E,A;D;E;K;N;P;R;S;T,differs_from_consensus,False,True,scaffold_differs_from_msa_consensus,0.36021024517175654,surface,False,True,False,False,7.688245766387734,True,False,unassigned_manual_review,,not_annotated_no_domain_boundaries,,False,False
6E9F,A,VI-D,ternary,116,117,N,59.0,N,117.0,,ASN,True,439,440,four_layer_exact,high,0.945054945054945,0.3126450550273265,2.3974674163023746,0.0549450549450549,K,D;E;K;N;S;T,differs_from_consensus,True,True,scaffold_differs_from_msa_consensus,0.22635945162082877,surface,True,False,True,False,3.4865517362073413,True,False,unassigned_manual_review,,not_annotated_no_domain_boundaries,,True,False
6E9F,A,VI-D,ternary,117,118,G,60.0,G,118.0,,GLY,True,442,443,four_layer_exact,high,0.8901098901098901,0.2826490279906428,2.294952448916504,0.1098901098901099,K,D;E;G;K;N;Q;R;S;T,differs_from_consensus,True,True,scaffold_differs_from_msa_consensus,0.10450628792653122,buried_core,False,True,False,False,6.152735395653111,True,True,unassigned_manual_review,,not_annotated_no_domain_boundaries,,True,False
6E9F,A,VI-D,ternary,118,119,Y,61.0,Y,119.0,,TYR,True,447,448,four_layer_exact,high,0.967032967032967,0.3330179754020813,1.6210769632639537,0.0329670329670329,I,F;I;L;V;Y,differs_from_consensus,True,True,scaffold_differs_from_msa_consensus,0.016295954738596508,buried_core,False,False,False,False,8.37954878691828,True,True,unassigned_manual_review,,not_annotated_no_domain_boundaries,,True,False
6E9F,A,VI-D,ternary,120,121,V,63.0,V,121.0,,VAL,True,450,451,four_layer_exact,high,0.9505494505494504,0.3139820114472608,1.5433007962640164,0.0494505494505495,I,F;I;L;V,differs_from_consensus,True,True,scaffold_differs_from_msa_consensus,0.0069403920462064155,buried_core,False,False,False,False,8.706314997046146,True,True,unassigned_manual_review,,not_annotated_no_domain_boundaries,,True,False
6E9F,A,VI-D,ternary,121,122,T,64.0,T,122.0,,THR,True,455,456,four_layer_exact,high,0.912087912087912,0.2311097305272967,2.379220273785973,0.0879120879120879,K,E;K;Q;R;S;T,differs_from_consensus,True,True,scaffold_differs_from_msa_consensus,0.19104887037951912,buried_core,False,False,False,False,11.40579467256392,True,True,unassigned_manual_review,,not_annotated_no_domain_boundaries,,True,False
6E9F,A,VI-D,ternary,123,124,H,66.0,H,124.0,,HIS,True,470,471,four_layer_exact,high,0.6758241758241759,0.2905413170899896,2.1025075571387277,0.3241758241758241,K,G;K;N;R;S;T,differs_from_consensus,False,True,scaffold_differs_from_msa_consensus,0.32735838639369275,surface,False,True,False,False,5.459683714397826,True,False,unassigned_manual_review,,not_annotated_no_domain_boundaries,,False,False
6E9F,A,VI-D,ternary,125,126,G,68.0,G,126.0,,GLY,True,472,473,four_layer_exact,high,0.5989010989010989,0.1826831588962892,2.6497855246336,0.4010989010989011,I,A;D;G;I;N;P;S;T;V,differs_from_consensus,False,True,scaffold_differs_from_msa_consensus,0.2178336847023959,surface,True,False,True,True,3.326600532611228,True,False,unassigned_manual_review,,not_annotated_no_domain_boundaries,,False,False
6E9F,A,VI-D,ternary,126,127,E,69.0,E,127.0,,GLU,True,473,474,four_layer_exact,high,0.6263736263736264,0.1224958530049763,2.621959926688242,0.3736263736263736,K,A;E;F;I;K;N;R;S,differs_from_consensus,False,True,scaffold_differs_from_msa_consensus,0.610535932918448,surface,False,True,False,False,5.101963347971041,True,False,unassigned_manual_review,,not_annotated_no_domain_boundaries,,False,False
6E9F,A,VI-D,ternary,127,128,T,70.0,T,128.0,,THR,True,474,475,four_layer_exact,high,0.6098901098901099,0.1907537422175122,2.4125412516406386,0.39010989010989,N,A;D;E;G;K;N;S;V,differs_from_consensus,False,True,scaffold_differs_from_msa_consensus,0.501168851249219,surface,False,True,False,False,7.88739846354416,True,False,unassigned_manual_review,,not_annotated_no_domain_boundaries,,False,False
6E9F,A,VI-D,ternary,128,129,V,71.0,V,129.0,,VAL,True,486,487,four_layer_exact,high,0.4505494505494505,0.2137219186399514,2.4081697528469217,0.5494505494505495,I,I;K;L;M;N;R;T,differs_from_consensus,False,True,scaffold_differs_from_msa_consensus,0.19433097729377963,buried_core,False,True,False,False,7.66145484319602,True,True,unassigned_manual_review,,not_annotated_no_domain_boundaries,,False,False
6E9F,A,VI-D,ternary,129,130,S,72.0,S,130.0,,SER,True,487,488,four_layer_exact,high,0.7307692307692307,0.1675392670157068,2.4884698344207945,0.2692307692307693,E,D;E;K;N;S;T,differs_from_consensus,False,True,scaffold_differs_from_msa_consensus,0.49766078674550296,surface,False,True,False,False,7.194168270492012,True,False,unassigned_manual_review,,not_annotated_no_domain_boundaries,,False,False
6E9F,A,VI-D,ternary,131,132,V,74.0,V,132.0,,VAL,True,489,490,four_layer_exact,high,0.9395604395604396,0.2388960108589095,2.380030213672298,0.0604395604395604,T,E;I;L;N;S;T;V,differs_from_consensus,True,True,scaffold_differs_from_msa_consensus,0.3450533986322982,surface,True,False,True,False,3.2726976072378378,True,False,unassigned_manual_review,,not_annotated_no_domain_boundaries,,True,False
6E9F,A,VI-D,ternary,132,133,T,75.0,T,133.0,,THR,True,490,491,four_layer_exact,high,0.9395604395604396,0.2316567378025789,2.22493623529721,0.0604395604395604,A,A;I;L;P;S;T;V,differs_from_consensus,True,True,scaffold_differs_from_msa_consensus,0.02106328283790552,buried_core,True,False,True,False,4.433352345620907,True,True,unassigned_manual_review,,not_annotated_no_domain_boundaries,,True,False
6E9F,A,VI-D,ternary,137,138,R,80.0,R,138.0,,ARG,True,496,497,four_layer_exact,high,0.532967032967033,0.5281701317251231,1.3384381343531648,0.467032967032967,H,H;Y,differs_from_consensus,False,True,scaffold_differs_from_msa_consensus,0.15333035969509604,buried_core,True,False,True,False,2.628928023982532,True,True,unassigned_manual_review,,not_annotated_no_domain_boundaries,,False,False
6E9F,A,VI-D,ternary,138,139,R,81.0,R,139.0,,ARG,True,497,498,four_layer_exact,high,0.5164835164835165,0.2394811242308331,2.444638560920194,0.4835164835164834,S,A;G;H;I;N;R;S;V,differs_from_consensus,False,True,scaffold_differs_from_msa_consensus,0.16497782592394677,buried_core,True,False,True,False,2.877997552726352,True,True,unassigned_manual_review,,not_annotated_no_domain_boundaries,,False,False
6E9F,A,VI-D,ternary,139,140,F,82.0,F,140.0,,PHE,True,498,499,four_layer_exact,high,0.4285714285714285,0.2358722358722358,2.3180795406466093,0.5714285714285714,G,G;K;R;S;T,differs_from_consensus,False,True,scaffold_differs_from_msa_consensus,0.18708707850902814,buried_core,True,False,True,False,3.144739218981294,True,True,unassigned_manual_review,,not_annotated_no_domain_boundaries,,False,False
6E9F,A,VI-D,ternary,140,141,N,83.0,N,141.0,,ASN,True,516,517,four_layer_exact,high,0.2637362637362637,0.1669565217391304,2.292053949399303,0.7362637362637363,R,A;D;F;G;H;K;N;Q;R;S;V,differs_from_consensus,False,True,scaffold_differs_from_msa_consensus,0.16767694968296812,buried_core,True,False,True,False,3.173711608554443,True,True,unassigned_manual_review,,not_annotated_no_domain_boundaries,,False,False
6E9F,A,VI-D,ternary,141,142,G,84.0,G,142.0,,GLY,True,517,518,four_layer_exact,high,0.2802197802197802,0.2384500745156482,1.8989068488106589,0.7197802197802198,K,A;E;G;K;N,differs_from_consensus,False,True,scaffold_differs_from_msa_consensus,0.145756970264492,buried_core,True,False,True,False,2.785563058365895,True,True,unassigned_manual_review,,not_annotated_no_domain_boundaries,,False,False
6E9F,A,VI-D,ternary,142,143,R,85.0,R,143.0,,ARG,True,518,519,four_layer_exact,high,0.3461538461538461,0.2805474095796676,2.087849035073622,0.6538461538461539,G,A;D;E;G;K;N;Q;S,differs_from_consensus,False,True,scaffold_differs_from_msa_consensus,0.5692627344277782,surface,True,False,True,False,3.2734933884884465,True,False,unassigned_manual_review,,not_annotated_no_domain_boundaries,,False,False
6E9F,A,VI-D,ternary,143,144,K,86.0,K,144.0,,LYS,True,519,520,four_layer_exact,high,0.3681318681318681,0.4439617723718506,1.5507433177462775,0.6318681318681318,K,K;N;Q;R;S;T,matches_consensus,False,False,,0.6415587463328462,surface,False,True,False,False,7.305982664066637,True,False,unassigned_manual_review,,not_annotated_no_domain_boundaries,,False,True
6E9F,A,VI-D,ternary,144,145,K,,,,,,False,520,521,full_msa_only_unresolved_coordinate,medium,0.3626373626373626,0.4575513851653262,1.955868259546823,0.6373626373626373,P,E;F;K;M;P,differs_from_consensus,False,True,unresolved_internal;scaffold_differs_from_msa_consensus,,,,,,,,False,False,unassigned_manual_review,,not_annotated_no_domain_boundaries,,False,False
6E9F,A,VI-D,ternary,145,146,D,,,,,,False,521,522,full_msa_only_unresolved_coordinate,medium,0.3186813186813186,0.2224797219003476,2.106422259035158,0.6813186813186813,K,D;E;K;N;R;T,differs_from_consensus,False,True,unresolved_internal;scaffold_differs_from_msa_consensus,,,,,,,,False,False,unassigned_manual_review,,not_annotated_no_domain_boundaries,,False,False
6E9F,A,VI-D,ternary,146,147,E,,,,,,False,522,523,full_msa_only_unresolved_coordinate,medium,0.2747252747252747,0.2635914332784184,1.952452419216956,0.7252747252747253,R,A;D;E;G;H;K;N;R;S,differs_from_consensus,False,True,unresolved_internal;scaffold_differs_from_msa_consensus,,,,,,,,False,False,unassigned_manual_review,,not_annotated_no_domain_boundaries,,False,False
6E9F,A,VI-D,ternary,147,148,P,87.0,P,148.0,,PRO,True,523,524,four_layer_exact,high,0.2472527472527472,0.2147651006711409,2.124512640153343,0.7527472527472527,A,A;D;E;G;I;P;Q;R;S,differs_from_consensus,False,True,scaffold_differs_from_msa_consensus,0.7622602347115376,surface,False,False,False,False,10.310616450739813,True,False,unassigned_manual_review,,not_annotated_no_domain_boundaries,,False,True
6E9F,A,VI-D,ternary,148,149,E,88.0,E,149.0,,GLU,True,532,533,four_layer_exact,high,0.6043956043956044,0.2102747909199522,2.3748205072861825,0.3956043956043956,S,A;E;I;K;S;V;Y,differs_from_consensus,False,True,scaffold_differs_from_msa_consensus,0.22590344682826324,surface,False,True,False,False,6.814662551016751,True,False,unassigned_manual_review,,not_annotated_no_domain_boundaries,,False,False
6E9F,A,VI-D,ternary,149,150,Q,89.0,Q,150.0,,GLN,True,533,534,four_layer_exact,high,0.8076923076923077,0.2409418636488089,2.4729087309970152,0.1923076923076923,K,D;E;G;K;N;Q;R;S,differs_from_consensus,True,True,scaffold_differs_from_msa_consensus,0.32422012507497955,surface,False,False,False,False,9.603935645349393,True,False,unassigned_manual_review,,not_annotated_no_domain_boundaries,,True,False
6E9F,A,VI-D,ternary,150,151,S,90.0,S,151.0,,SER,True,534,535,four_layer_exact,high,0.8131868131868132,0.1780512078168823,2.5265393926374644,0.1868131868131868,K,A;E;K;N;P;Q;R;S;T,differs_from_consensus,True,True,scaffold_differs_from_msa_consensus,0.33895020130698705,surface,False,False,False,False,9.033931629719975,True,False,unassigned_manual_review,,not_annotated_no_domain_boundaries,,True,False
6E9F,A,VI-D,ternary,152,153,P,92.0,P,153.0,,PRO,True,537,538,four_layer_exact,high,0.8791208791208791,0.6017206063088898,1.5229936692232289,0.1208791208791209,G,G;N;P;R,differs_from_consensus,True,True,scaffold_differs_from_msa_consensus,0.007595146012829662,buried_core,True,False,True,False,4.252944282448938,True,True,unassigned_manual_review,,not_annotated_no_domain_boundaries,,True,False
6E9F,A,VI-D,ternary,153,154,T,93.0,T,154.0,,THR,True,538,539,four_layer_exact,high,0.8846153846153846,0.1482806275912527,2.433867761775832,0.1153846153846154,Q,A;D;E;K;M;Q;R;S;T,differs_from_consensus,True,True,scaffold_differs_from_msa_consensus,0.23422443576045204,surface,True,False,True,False,4.3493427439637316,True,False,unassigned_manual_review,,not_annotated_no_domain_boundaries,,True,False
6E9F,A,VI-D,ternary,155,156,M,95.0,M,156.0,,MET,True,555,556,four_layer_exact,high,0.9725274725274724,0.2636409626364095,2.1080298549867944,0.0274725274725274,Y,I;K;L;M;Q;Y,differs_from_consensus,True,True,scaffold_differs_from_msa_consensus,0.017233879699692586,buried_core,True,False,True,False,3.1891858696985107,True,True,unassigned_manual_review,,not_annotated_no_domain_boundaries,,True,False
6E9F,A,VI-D,ternary,157,158,C,97.0,C,158.0,,CYS,True,557,558,four_layer_exact,high,0.9725274725274724,0.4833417648334176,1.8605782609423995,0.0274725274725274,G,C;G;H;K;R,differs_from_consensus,True,True,scaffold_differs_from_msa_consensus,0.35054726078538273,surface,False,True,False,False,6.712180932928536,True,False,unassigned_manual_review,,not_annotated_no_domain_boundaries,,True,False
6E9F,A,VI-D,ternary,160,161,P,100.0,P,161.0,,PRO,True,560,561,four_layer_exact,high,0.978021978021978,0.2618244455608985,2.1311095792334758,0.021978021978022,D,A;D;E;G;N;P;S,differs_from_consensus,True,True,scaffold_differs_from_msa_consensus,0.34937671659016445,surface,False,False,False,False,8.988836051849907,True,False,unassigned_manual_review,,not_annotated_no_domain_boundaries,,True,False
6E9F,A,VI-D,ternary,161,162,T,101.0,T,162.0,,THR,True,561,562,four_layer_exact,high,0.978021978021978,0.2204837436302303,2.3047630718212755,0.021978021978022,K,A;E;K;T;V,differs_from_consensus,True,True,scaffold_differs_from_msa_consensus,0.07089858628268321,buried_core,False,False,False,False,11.25081967730682,True,True,unassigned_manual_review,,not_annotated_no_domain_boundaries,,True,False
6E9F,A,VI-D,ternary,165,166,K,105.0,K,166.0,,LYS,True,565,566,four_layer_exact,high,0.9725274725274724,0.2960179229601792,2.2327720619293143,0.0274725274725274,R,E;K;L;Q;R,differs_from_consensus,True,True,scaffold_differs_from_msa_consensus,0.18663413894446906,buried_core,False,False,False,False,14.532316582518181,True,True,unassigned_manual_review,,not_annotated_no_domain_boundaries,,True,False
6E9F,A,VI-D,ternary,170,171,E,110.0,E,171.0,,GLU,True,578,579,four_layer_exact,high,0.956043956043956,0.4310281201564691,1.8581568467619405,0.0439560439560439,T,E;K;N;S;T,differs_from_consensus,True,True,scaffold_differs_from_msa_consensus,0.4666180801443996,surface,False,False,False,False,13.34691678216267,True,False,unassigned_manual_review,,not_annotated_no_domain_boundaries,,True,False
6E9F,A,VI-D,ternary,179,180,L,119.0,L,180.0,,LEU,True,598,599,four_layer_exact,high,0.9725274725274724,0.5064681650646816,1.0732635696041648,0.0274725274725274,I,I;L,differs_from_consensus,True,True,scaffold_differs_from_msa_consensus,0.0,buried_core,False,True,False,False,5.6534622970015995,True,True,unassigned_manual_review,,not_annotated_no_domain_boundaries,,True,False
6E9F,A,VI-D,ternary,194,195,S,134.0,S,195.0,,SER,True,613,614,four_layer_exact,high,0.978021978021978,0.4083928185161151,1.5821683639735211,0.021978021978022,I,A;I;S;V,differs_from_consensus,True,True,scaffold_differs_from_msa_consensus,0.014703788645823465,buried_core,False,False,False,False,11.890688798266906,True,True,unassigned_manual_review,,not_annotated_no_domain_boundaries,,True,False
6E9F,A,VI-D,ternary,195,196,T,135.0,T,196.0,,THR,True,614,615,four_layer_exact,high,0.9725274725274724,0.6029187540840776,1.356439458939927,0.0274725274725274,N,N;T,differs_from_consensus,True,True,scaffold_differs_from_msa_consensus,0.024917651722388846,buried_core,False,False,False,False,11.967027015078308,True,True,unassigned_manual_review,,not_annotated_no_domain_boundaries,,True,False
6E9F,A,VI-D,ternary,197,198,A,137.0,A,198.0,,ALA,True,616,617,four_layer_exact,high,0.978021978021978,0.6748864373783258,0.987056587698443,0.021978021978022,I,A;I;V,differs_from_consensus,True,True,scaffold_differs_from_msa_consensus,0.0,buried_core,False,False,False,False,14.525187928555967,True,True,unassigned_manual_review,,not_annotated_no_domain_boundaries,,True,False
6E9F,A,VI-D,ternary,198,199,I,138.0,I,199.0,,ILE,True,617,618,four_layer_exact,high,0.978021978021978,0.4605234696084793,1.4637418878752475,0.021978021978022,V,I;L;T;V,differs_from_consensus,True,True,scaffold_differs_from_msa_consensus,0.06130092467207697,buried_core,False,False,False,False,16.630813995822034,True,True,unassigned_manual_review,,not_annotated_no_domain_boundaries,,True,False
6E9F,A,VI-D,ternary,204,205,M,144.0,M,205.0,,MET,True,629,630,four_layer_exact,high,0.9835164835164836,0.6228373702422145,1.1990834743759282,0.0164835164835165,L,I;L;M;V,differs_from_consensus,True,True,scaffold_differs_from_msa_consensus,0.010174496607601058,buried_core,False,False,False,False,16.556933994293292,True,True,unassigned_manual_review,,not_annotated_no_domain_boundaries,,True,False
6E9F,A,VI-D,ternary,205,206,S,145.0,S,206.0,,SER,True,630,631,four_layer_exact,high,0.9835164835164836,0.1695501730103806,2.6246834244920807,0.0164835164835165,L,A;D;F;L;N;Q;R;S,differs_from_consensus,True,True,scaffold_differs_from_msa_consensus,0.20222354891466635,surface,False,False,False,False,23.138963880319583,True,False,unassigned_manual_review,,not_annotated_no_domain_boundaries,,True,False
6E9F,A,VI-D,ternary,206,207,A,146.0,A,207.0,,ALA,True,631,632,four_layer_exact,high,0.9615384615384616,0.5195729537366548,1.7704840240886426,0.0384615384615384,R,D;G;N;R,differs_from_consensus,True,True,scaffold_differs_from_msa_consensus,0.1256438337435504,buried_core,False,False,False,False,22.961623139445848,True,True,unassigned_manual_review,,not_annotated_no_domain_boundaries,,True,False
6E9F,A,VI-D,ternary,209,210,N,149.0,N,210.0,,ASN,True,635,636,four_layer_exact,high,0.6703296703296703,0.1506591337099811,2.524932108101712,0.3296703296703297,D,A;D;E;G;I;N;R;S;T,differs_from_consensus,False,True,scaffold_differs_from_msa_consensus,0.4766963761318958,surface,False,False,False,False,27.63667018203819,True,False,unassigned_manual_review,,not_annotated_no_domain_boundaries,,False,False
6E9F,A,VI-D,ternary,210,211,I,150.0,I,211.0,,ILE,True,636,637,four_layer_exact,high,0.6538461538461539,0.2962962962962963,2.4002029059513537,0.3461538461538461,D,D;E;K;N;S,differs_from_consensus,False,True,scaffold_differs_from_msa_consensus,0.4831625338796794,surface,False,False,False,False,27.660634719881184,True,False,unassigned_manual_review,,not_annotated_no_domain_boundaries,,False,False
6E9F,A,VI-D,ternary,212,213,N,152.0,N,213.0,,ASN,True,666,667,four_layer_exact,high,0.7967032967032966,0.1409691629955947,2.612920646123284,0.2032967032967033,D,D;E;G;K;N;P;S;T;Y,differs_from_consensus,False,True,scaffold_differs_from_msa_consensus,0.5684472501199797,surface,False,False,False,False,25.212762796097195,True,False,unassigned_manual_review,,not_annotated_no_domain_boundaries,,False,False
6E9F,A,VI-D,ternary,213,214,S,153.0,S,214.0,,SER,True,667,668,four_layer_exact,high,0.9615384615384616,0.192170818505338,2.5580005415999194,0.0384615384615384,E,D;E;G;K;N;S;T,differs_from_consensus,True,True,scaffold_differs_from_msa_consensus,0.3168289299909808,surface,False,False,False,False,23.77065002754856,True,False,unassigned_manual_review,,not_annotated_no_domain_boundaries,,True,False
6E9F,A,VI-D,ternary,216,217,F,156.0,F,217.0,,PHE,True,670,671,four_layer_exact,high,0.9835164835164836,0.5247981545559401,1.3844867958828906,0.0164835164835165,I,F;I;L;V,differs_from_consensus,True,True,scaffold_differs_from_msa_consensus,0.034272157856786646,buried_core,False,False,False,False,22.22124294770401,True,True,unassigned_manual_review,,not_annotated_no_domain_boundaries,,True,False
6E9F,A,VI-D,ternary,217,218,M,157.0,M,218.0,,MET,True,675,676,four_layer_exact,high,0.956043956043956,0.8924731182795699,0.5329649423499991,0.0439560439560439,G,G,differs_from_consensus,True,True,scaffold_differs_from_msa_consensus,0.21310303737239947,surface,False,False,False,False,17.631197951818415,True,False,unassigned_manual_review,,not_annotated_no_domain_boundaries,,True,False
6E9F,A,VI-D,ternary,218,219,K,158.0,K,219.0,,LYS,True,677,678,four_layer_exact,high,0.945054945054945,0.2382671480144404,2.31862657470561,0.0549450549450549,Y,G;M;N;S;T;Y,differs_from_consensus,True,True,scaffold_differs_from_msa_consensus,0.33514797964094717,surface,False,False,False,False,23.817736840976323,True,False,unassigned_manual_review,,not_annotated_no_domain_boundaries,,True,False
6E9F,A,VI-D,ternary,219,220,R,159.0,R,220.0,,ARG,True,678,679,four_layer_exact,high,0.9505494505494504,0.4838709677419355,1.5113316420864789,0.0494505494505495,L,F;I;L;M,differs_from_consensus,True,True,scaffold_differs_from_msa_consensus,0.027615333227717895,buried_core,False,False,False,False,23.9011776241592,True,True,unassigned_manual_review,,not_annotated_no_domain_boundaries,,True,False
6E9F,A,VI-D,ternary,220,221,T,160.0,T,221.0,,THR,True,679,680,four_layer_exact,high,0.8406593406593407,0.3015167364016736,2.168871405821139,0.1593406593406593,S,G;K;N;P;R;S;T;Y,differs_from_consensus,True,True,scaffold_differs_from_msa_consensus,0.24484258056781993,surface,False,False,False,False,25.68420751890997,True,False,unassigned_manual_review,,not_annotated_no_domain_boundaries,,True,False
6E9F,A,VI-D,ternary,223,224,E,163.0,E,224.0,,GLU,True,689,690,four_layer_exact,high,0.7362637362637363,0.3922738693467337,2.1847113390248687,0.2637362637362637,N,D;I;K;N;V;Y,differs_from_consensus,False,True,scaffold_differs_from_msa_consensus,0.16885708316559309,buried_core,False,False,False,False,30.367094071843162,True,True,unassigned_manual_review,,not_annotated_no_domain_boundaries,,False,False
6E9F,A,VI-D,ternary,225,226,F,165.0,F,226.0,,PHE,True,692,693,four_layer_exact,high,0.8516483516483516,0.8068415637860082,0.6570525118176964,0.1483516483516483,Y,F;Y,differs_from_consensus,True,True,scaffold_differs_from_msa_consensus,0.03474732374564211,buried_core,False,False,False,False,32.922163139247814,True,True,unassigned_manual_review,,not_annotated_no_domain_boundaries,,True,False
6E9F,A,VI-D,ternary,226,227,D,166.0,D,227.0,,ASP,True,705,706,four_layer_exact,high,0.9175824175824177,0.2679245283018868,2.1500797832958343,0.0824175824175824,E,A;D;E;K;Q;S,differs_from_consensus,True,True,scaffold_differs_from_msa_consensus,0.4499578470691445,surface,False,False,False,False,36.17604370052991,True,False,unassigned_manual_review,,not_annotated_no_domain_boundaries,,True,False
6E9F,A,VI-D,ternary,227,228,D,167.0,D,228.0,,ASP,True,706,707,four_layer_exact,high,0.9230769230769232,0.1423220973782771,2.474100316647014,0.0769230769230768,K,A;D;E;K;N;Q;S;T;V,differs_from_consensus,True,True,scaffold_differs_from_msa_consensus,0.3111897603610048,surface,False,False,False,False,35.42423118328278,True,False,unassigned_manual_review,,not_annotated_no_domain_boundaries,,True,False
6E9F,A,VI-D,ternary,230,231,K,170.0,K,231.0,,LYS,True,744,745,four_layer_exact,high,0.3791208791208791,0.2129629629629629,2.343535210906453,0.6208791208791209,D,A;D;E;K;N;P;R;S;V,differs_from_consensus,False,True,scaffold_differs_from_msa_consensus,0.5812324465206211,surface,False,False,False,False,39.80419107549883,True,False,unassigned_manual_review,,not_annotated_no_domain_boundaries,,False,False
6E9F,A,VI-D,ternary,231,232,K,171.0,K,232.0,,LYS,True,745,746,four_layer_exact,high,0.3901098901098901,0.175438596491228,2.3080875510354337,0.6098901098901099,D,D;G;I;K;L;N;R,differs_from_consensus,False,True,scaffold_differs_from_msa_consensus,0.1499311782092451,buried_core,False,False,False,False,32.86381935729548,True,True,unassigned_manual_review,,not_annotated_no_domain_boundaries,,False,False
6E9F,A,VI-D,ternary,232,233,K,172.0,K,233.0,,LYS,True,746,747,four_layer_exact,high,0.3626373626373626,0.174757281553398,2.49492349552644,0.6373626373626373,E,A;D;E;G;K;N;Q;S;T;V,differs_from_consensus,False,True,scaffold_differs_from_msa_consensus,0.42007193823145134,surface,False,False,False,False,40.023442910531855,True,False,unassigned_manual_review,,not_annotated_no_domain_boundaries,,False,False
6E9F,A,VI-D,ternary,233,234,E,173.0,E,234.0,,GLU,True,747,748,four_layer_exact,high,0.3736263736263736,0.5045871559633027,1.4819618708788802,0.6263736263736264,K,A;E;I;K;R;V,differs_from_consensus,False,True,scaffold_differs_from_msa_consensus,0.5704147235787499,surface,False,False,False,False,42.71429340853465,True,False,unassigned_manual_review,,not_annotated_no_domain_boundaries,,False,False
6E9F,A,VI-D,ternary,234,235,S,174.0,S,235.0,,SER,True,757,758,four_layer_exact,high,0.6483516483516484,0.2745098039215686,2.2140650838006617,0.3516483516483516,K,A;D;K;N;R;S,differs_from_consensus,False,True,scaffold_differs_from_msa_consensus,0.13233409781241115,buried_core,False,False,False,False,39.46739340720004,True,True,unassigned_manual_review,,not_annotated_no_domain_boundaries,,False,False
6E9F,A,VI-D,ternary,235,236,T,175.0,T,236.0,,THR,True,758,759,four_layer_exact,high,0.7032967032967034,0.3263157894736842,2.0183308491572056,0.2967032967032966,N,A;D;K;N;R;S;T,differs_from_consensus,False,True,scaffold_differs_from_msa_consensus,0.8123926270447428,surface,False,False,False,False,41.51995169851809,True,False,unassigned_manual_review,,not_annotated_no_domain_boundaries,,False,False
6E9F,A,VI-D,ternary,236,237,N,176.0,N,237.0,,ASN,True,759,760,four_layer_exact,high,0.7142857142857143,0.2268041237113402,2.4667628755816917,0.2857142857142857,I,A;F;I;L;N;R;V,differs_from_consensus,False,True,scaffold_differs_from_msa_consensus,0.41510285833048727,surface,False,False,False,False,36.37045617808771,True,False,unassigned_manual_review,,not_annotated_no_domain_boundaries,,False,False
6E9F,A,VI-D,ternary,237,238,S,177.0,S,238.0,,SER,True,760,761,four_layer_exact,high,0.7252747252747253,0.1616161616161616,2.4705730625141404,0.2747252747252747,N,A;D;E;G;K;N;R;S;T,differs_from_consensus,False,True,scaffold_differs_from_msa_consensus,0.6289189600132487,surface,False,False,False,False,36.64986709095941,True,False,unassigned_manual_review,,not_annotated_no_domain_boundaries,,False,False
6E9F,A,VI-D,ternary,238,239,R,178.0,R,239.0,,ARG,True,761,762,four_layer_exact,high,0.7252747252747253,0.3163265306122449,2.216312346365829,0.2747252747252747,K,D;E;K;N;R;S,differs_from_consensus,False,True,scaffold_differs_from_msa_consensus,0.6573395546731586,surface,False,False,False,False,28.95598718044616,True,False,unassigned_manual_review,,not_annotated_no_domain_boundaries,,False,False
6E9F,A,VI-D,ternary,239,240,E,179.0,E,240.0,,GLU,True,762,763,four_layer_exact,high,0.7802197802197802,0.213953488372093,2.484878606258631,0.2197802197802197,S,A;I;K;L;N;Q;S;V,differs_from_consensus,False,True,scaffold_differs_from_msa_consensus,0.3785144104955615,surface,False,False,False,False,34.982462411462805,True,False,unassigned_manual_review,,not_annotated_no_domain_boundaries,,False,False
6E9F,A,VI-D,ternary,241,242,A,181.0,A,242.0,,ALA,True,764,765,four_layer_exact,high,0.8131868131868132,0.1938325991189427,2.164355216127221,0.1868131868131868,E,A;D;E;K;N;R;S,differs_from_consensus,True,True,scaffold_differs_from_msa_consensus,0.44213255352501935,surface,False,False,False,False,34.194667805532234,True,False,unassigned_manual_review,,not_annotated_no_domain_boundaries,,True,False
6E9F,A,VI-D,ternary,242,243,D,182.0,D,243.0,,ASP,True,765,766,four_layer_exact,high,0.7307692307692307,0.2081218274111675,2.5933707260581027,0.2692307692307693,K,A;D;E;F;K;L;N;S;T,differs_from_consensus,False,True,scaffold_differs_from_msa_consensus,0.03613176638489692,buried_core,False,False,False,False,29.97867927282479,True,True,unassigned_manual_review,,not_annotated_no_domain_boundaries,,False,False
6E9F,A,VI-D,ternary,243,244,F,183.0,F,244.0,,PHE,True,766,767,four_layer_exact,high,0.2747252747252747,0.2105263157894736,2.287721822767132,0.7252747252747253,E,A;D;E;F;H;I;K;L;M;R;S;V,differs_from_consensus,False,True,scaffold_differs_from_msa_consensus,0.05031784233499651,buried_core,False,False,False,False,34.38207032949233,True,True,unassigned_manual_review,,not_annotated_no_domain_boundaries,,False,False
6E9F,A,VI-D,ternary,244,245,D,184.0,D,245.0,,ASP,True,806,807,four_layer_exact,high,0.2582417582417582,0.25,1.9600951351245584,0.7417582417582418,E,A;D;E;I;K;N;P;R,differs_from_consensus,False,True,scaffold_differs_from_msa_consensus,0.31248618007759804,surface,False,False,False,False,33.189807350501454,True,False,unassigned_manual_review,,not_annotated_no_domain_boundaries,,False,False
6E9F,A,VI-D,ternary,245,246,A,185.0,A,246.0,,ALA,True,807,808,four_layer_exact,high,0.2747252747252747,0.3004694835680751,1.8209748275094757,0.7252747252747253,K,A;C;D;I;K;N;R;S,differs_from_consensus,False,True,scaffold_differs_from_msa_consensus,0.2921776633289686,surface,False,False,False,False,29.90137175547181,True,False,unassigned_manual_review,,not_annotated_no_domain_boundaries,,False,False
6E9F,A,VI-D,ternary,248,249,K,188.0,K,249.0,,LYS,True,848,849,four_layer_exact,high,0.8901098901098901,0.2125984251968504,2.259972308387499,0.1098901098901099,E,A;D;E;K;N;Q,differs_from_consensus,True,True,scaffold_differs_from_msa_consensus,0.4688373368204655,surface,False,False,False,False,28.134297239736977,True,False,unassigned_manual_review,,not_annotated_no_domain_boundaries,,True,False
6E9F,A,VI-D,ternary,249,250,F,189.0,F,250.0,,PHE,True,853,854,four_layer_exact,high,0.989010989010989,0.3931034482758621,1.7026153784520743,0.0109890109890109,L,F;I;L;V;Y,differs_from_consensus,True,True,scaffold_differs_from_msa_consensus,0.055349626568496166,buried_core,False,False,False,False,22.7772775403621,True,True,unassigned_manual_review,,not_annotated_no_domain_boundaries,,True,False
6E9F,A,VI-D,ternary,250,251,I,190.0,I,251.0,,ILE,True,854,855,four_layer_exact,high,0.9835164835164836,0.3819444444444444,1.902525130550066,0.0164835164835165,L,I;L;M;V;Y,differs_from_consensus,True,True,scaffold_differs_from_msa_consensus,0.22603137202916174,surface,False,False,False,False,27.283901075281477,True,False,unassigned_manual_review,,not_annotated_no_domain_boundaries,,True,False
6E9F,A,VI-D,ternary,251,252,G,191.0,G,252.0,,GLY,True,855,856,four_layer_exact,high,0.9725274725274724,0.3218968531468531,2.266836153858927,0.0274725274725274,K,D;E;K;N;R;S,differs_from_consensus,True,True,scaffold_differs_from_msa_consensus,0.5276780933821563,surface,False,False,False,False,26.980222103009037,True,False,unassigned_manual_review,,not_annotated_no_domain_boundaries,,True,False
6E9F,A,VI-D,ternary,253,254,Y,193.0,Y,254.0,,TYR,True,866,867,four_layer_exact,high,0.956043956043956,0.1798561151079136,2.5536442431912896,0.0439560439560439,P,A;I;K;N;P;S;T,differs_from_consensus,True,True,scaffold_differs_from_msa_consensus,0.5888880310209574,surface,False,False,False,False,20.420228792570477,True,False,unassigned_manual_review,,not_annotated_no_domain_boundaries,,True,False
6E9F,A,VI-D,ternary,256,257,A,196.0,A,257.0,,ALA,True,877,878,four_layer_exact,high,0.934065934065934,0.3823529411764705,2.197807917413664,0.0659340659340659,G,A;G;K;R;S;V,differs_from_consensus,True,True,scaffold_differs_from_msa_consensus,0.028084377117207356,buried_core,False,False,False,False,15.613513434605132,True,True,unassigned_manual_review,,not_annotated_no_domain_boundaries,,True,False
6E9F,A,VI-D,ternary,259,260,A,199.0,A,260.0,,ALA,True,889,890,four_layer_exact,high,0.9725274725274724,0.676056338028169,1.231170526549714,0.0274725274725274,G,D;G;N;S,differs_from_consensus,True,True,scaffold_differs_from_msa_consensus,0.062363487878665316,buried_core,False,False,False,False,15.961270590723332,True,True,unassigned_manual_review,,not_annotated_no_domain_boundaries,,True,False
6E9F,A,VI-D,ternary,264,265,V,204.0,V,265.0,,VAL,True,922,923,four_layer_exact,high,0.2967032967032967,0.391304347826087,1.6232034941668427,0.7032967032967032,E,D;E;K,differs_from_consensus,False,True,scaffold_differs_from_msa_consensus,0.3053772500330823,surface,False,False,False,False,21.576504488305897,True,False,unassigned_manual_review,,not_annotated_no_domain_boundaries,,False,False
6E9F,A,VI-D,ternary,265,266,N,205.0,N,266.0,,ASN,True,923,924,four_layer_exact,high,0.3131868131868132,0.4615384615384615,1.6215897184730756,0.6868131868131868,K,E;G;K;P,differs_from_consensus,False,True,scaffold_differs_from_msa_consensus,0.45996802357006095,surface,False,False,False,False,20.235245015834753,True,False,unassigned_manual_review,,not_annotated_no_domain_boundaries,,False,False
6E9F,A,VI-D,ternary,266,267,K,206.0,K,267.0,,LYS,True,924,925,four_layer_exact,high,0.3076923076923077,0.16,2.310717508000889,0.6923076923076923,D,A;D;E;K;L;T,differs_from_consensus,False,True,scaffold_differs_from_msa_consensus,0.6755826207498886,surface,False,False,False,False,23.649384402634716,True,False,unassigned_manual_review,,not_annotated_no_domain_boundaries,,False,True
6E9F,A,VI-D,ternary,267,268,K,,,,,,False,925,926,full_msa_only_unresolved_coordinate,medium,0.2967032967032967,0.3478260869565217,1.8596715651221944,0.7032967032967032,G,A;E;G;K,differs_from_consensus,False,True,unresolved_internal;scaffold_differs_from_msa_consensus,,,,,,,,False,False,unassigned_manual_review,,not_annotated_no_domain_boundaries,,False,False
6E9F,A,VI-D,ternary,268,269,N,,,,,,False,937,938,full_msa_only_unresolved_coordinate,medium,0.6098901098901099,0.2568108974358974,2.2904374821144597,0.39010989010989,K,D;E;K;N;R;S,differs_from_consensus,False,True,unresolved_internal;scaffold_differs_from_msa_consensus,,,,,,,,False,False,unassigned_manual_review,,not_annotated_no_domain_boundaries,,False,False
6E9F,A,VI-D,ternary,269,270,P,,,,,,False,946,947,full_msa_only_unresolved_coordinate,medium,0.7857142857142857,0.3518518518518518,2.211937438426997,0.2142857142857143,K,A;E;G;K;N;R,differs_from_consensus,False,True,unresolved_internal;scaffold_differs_from_msa_consensus,,,,,,,,False,False,unassigned_manual_review,,not_annotated_no_domain_boundaries,,False,False
6E9F,A,VI-D,ternary,270,271,K,,,,,,False,947,948,full_msa_only_unresolved_coordinate,medium,0.8241758241758241,0.7043478260869566,1.1626233707530862,0.1758241758241758,K,E;K,matches_consensus,False,True,unresolved_internal,,,,,,,,False,False,unassigned_manual_review,,not_annotated_no_domain_boundaries,,False,False
6E9F,A,VI-D,ternary,271,272,G,,,,,,False,948,949,full_msa_only_unresolved_coordinate,medium,0.7802197802197802,0.2339369158878504,2.3817694049600524,0.2197802197802197,D,D;E;G;K;N;P;S,differs_from_consensus,False,True,unresolved_internal;scaffold_differs_from_msa_consensus,,,,,,,,False,False,unassigned_manual_review,,not_annotated_no_domain_boundaries,,False,False
6E9F,A,VI-D,ternary,272,273,K,207.0,K,273.0,,LYS,True,979,980,four_layer_exact,high,0.7802197802197802,0.2429906542056074,2.240258343890273,0.2197802197802197,K,D;E;G;K;N;S;T,matches_consensus,False,False,,1.0,surface,False,False,False,False,16.819376913788403,True,False,unassigned_manual_review,,not_annotated_no_domain_boundaries,,False,True
6E9F,A,VI-D,ternary,273,274,A,208.0,A,274.0,,ALA,True,980,981,four_layer_exact,high,0.7912087912087912,0.2782874617737003,2.34506098958044,0.2087912087912088,K,E;K;P;Q;R;S,differs_from_consensus,False,True,scaffold_differs_from_msa_consensus,0.5340447416455049,surface,False,False,False,False,19.519430377169584,True,False,unassigned_manual_review,,not_annotated_no_domain_boundaries,,False,False
6E9F,A,VI-D,ternary,275,276,N,210.0,N,276.0,,ASN,True,982,983,four_layer_exact,high,0.3406593406593406,0.1935483870967742,2.360704585751108,0.6593406593406593,E,A;D;E;K;N;V;Y,differs_from_consensus,False,True,scaffold_differs_from_msa_consensus,0.24259906903015452,surface,False,False,False,False,17.624552614280777,True,False,unassigned_manual_review,,not_annotated_no_domain_boundaries,,False,False
6E9F,A,VI-D,ternary,276,277,V,211.0,V,277.0,,VAL,True,994,995,four_layer_exact,high,0.7252747252747253,0.1530612244897959,2.5439263886462906,0.2747252747252747,K,D;E;I;K;N;Q;T;V,differs_from_consensus,False,True,scaffold_differs_from_msa_consensus,0.3817215625413529,surface,False,False,False,False,22.655821234797944,True,False,unassigned_manual_review,,not_annotated_no_domain_boundaries,,False,False
6E9F,A,VI-D,ternary,277,278,L,212.0,L,278.0,,LEU,True,995,996,four_layer_exact,high,0.8296703296703297,0.2183908045977011,2.5145360363436486,0.1703296703296702,E,D;E;K;L;N;P;Q;R,differs_from_consensus,True,True,scaffold_differs_from_msa_consensus,0.3537114479732488,surface,False,False,False,False,24.20827023273382,True,False,unassigned_manual_review,,not_annotated_no_domain_boundaries,,True,False
6E9F,A,VI-D,ternary,278,279,R,213.0,R,279.0,,ARG,True,996,997,four_layer_exact,high,0.9725274725274724,0.380281690140845,2.0447219024364927,0.0274725274725274,K,A;E;K;N;R,differs_from_consensus,True,True,scaffold_differs_from_msa_consensus,0.05582078138497944,buried_core,False,False,False,False,20.340325999678864,True,True,unassigned_manual_review,,not_annotated_no_domain_boundaries,,True,False
6E9F,A,VI-D,ternary,279,280,E,214.0,E,280.0,,GLU,True,997,998,four_layer_exact,high,0.967032967032967,0.2624113475177305,2.556186469552014,0.0329670329670329,S,D;E;N;S;T,differs_from_consensus,True,True,scaffold_differs_from_msa_consensus,0.4646300014211952,surface,False,False,False,False,27.743888630654325,True,False,unassigned_manual_review,,not_annotated_no_domain_boundaries,,True,False
6E9F,A,VI-D,ternary,280,281,D,215.0,D,281.0,,ASP,True,998,999,four_layer_exact,high,0.967032967032967,0.3191489361702128,2.001474815983524,0.0329670329670329,E,D;E;K;Q;R,differs_from_consensus,True,True,scaffold_differs_from_msa_consensus,0.3701231736702921,surface,False,False,False,False,30.176223797047175,True,False,unassigned_manual_review,,not_annotated_no_domain_boundaries,,True,False
6E9F,A,VI-D,ternary,283,284,L,218.0,L,284.0,,LEU,True,1030,1031,four_layer_exact,high,0.9945054945054944,0.3084332191780822,1.9334741628997247,0.0054945054945054,I,A;C;I;L;N;V,differs_from_consensus,True,True,scaffold_differs_from_msa_consensus,0.0,buried_core,False,False,False,False,24.114253402642966,True,True,unassigned_manual_review,,not_annotated_no_domain_boundaries,,True,False
6E9F,A,VI-D,ternary,285,286,S,220.0,S,286.0,,SER,True,1032,1033,four_layer_exact,high,0.9945054945054944,0.2054794520547945,2.289840835448434,0.0054945054945054,N,D;H;K;N;S;Y,differs_from_consensus,True,True,scaffold_differs_from_msa_consensus,0.013825277729841554,buried_core,False,False,False,False,24.877005913135235,True,True,unassigned_manual_review,,not_annotated_no_domain_boundaries,,True,False
6E9F,A,VI-D,ternary,286,287,V,221.0,V,287.0,,VAL,True,1033,1034,four_layer_exact,high,0.9945054945054944,0.4111729452054795,1.6950957478591993,0.0054945054945054,I,I;L;V,differs_from_consensus,True,True,scaffold_differs_from_msa_consensus,0.0069403920462064155,buried_core,False,False,False,False,21.040591038581525,True,True,unassigned_manual_review,,not_annotated_no_domain_boundaries,,True,False
6E9F,A,VI-D,ternary,288,289,T,223.0,T,289.0,,THR,True,1035,1036,four_layer_exact,high,0.9945054945054944,0.3424657534246575,1.8198097162278748,0.0054945054945054,R,A;C;R;S,differs_from_consensus,True,True,scaffold_differs_from_msa_consensus,0.0,buried_core,False,False,False,False,23.707436930234877,True,True,unassigned_manual_review,,not_annotated_no_domain_boundaries,,True,False
6E9F,A,VI-D,ternary,290,291,I,225.0,I,291.0,,ILE,True,1037,1038,four_layer_exact,high,1.0,0.6326530612244898,1.1752685407534762,0.0,L,A;I;L;V,differs_from_consensus,True,True,scaffold_differs_from_msa_consensus,0.0,buried_core,False,False,False,False,18.55153064853641,True,True,unassigned_manual_review,,not_annotated_no_domain_boundaries,,True,False
6E9F,A,VI-D,ternary,292,293,K,227.0,K,293.0,,LYS,True,1039,1040,four_layer_exact,high,1.0,0.1428571428571428,2.660033185241378,0.0,S,A;F;I;K;L;M;Q;S;T;Y,differs_from_consensus,True,True,scaffold_differs_from_msa_consensus,0.05802228770848234,buried_core,False,False,False,False,19.098551789151838,True,True,unassigned_manual_review,,not_annotated_no_domain_boundaries,,True,False
6E9F,A,VI-D,ternary,294,295,R,229.0,A,295.0,,ALA,True,1041,1042,four_layer_literature_restored_substitution,high,1.0,1.0,-0.0,0.0,R,R,matches_consensus,True,True,literature_confirmed_construct_substitution,0.06553021327348384,buried_core,False,False,False,False,15.470458726758244,True,True,HEPN1,,not_annotated_no_domain_boundaries,HEPN1_R,True,False
6E9F,A,VI-D,ternary,295,296,H,230.0,H,296.0,,HIS,True,1042,1043,four_layer_exact,high,1.0,0.7142857142857143,0.9316783758070812,0.0,Q,H;N;Q,differs_from_consensus,True,True,scaffold_differs_from_msa_consensus,0.2152299516987486,surface,False,False,False,False,16.311115081122306,True,False,unassigned_manual_review,,not_annotated_no_domain_boundaries,,True,False
6E9F,A,VI-D,ternary,296,297,W,231.0,W,297.0,,TRP,True,1043,1044,four_layer_exact,high,1.0,0.2108843537414966,2.323815639312074,0.0,F,A;F;L;M;S;W,differs_from_consensus,True,True,scaffold_differs_from_msa_consensus,0.01231173626243663,buried_core,False,False,False,False,13.900289414114775,True,True,unassigned_manual_review,,not_annotated_no_domain_boundaries,,True,False
6E9F,A,VI-D,ternary,298,299,V,233.0,V,299.0,,VAL,True,1045,1046,four_layer_exact,high,1.0,0.2653061224489796,1.9638985671056768,0.0,F,A;F;M;T;V,differs_from_consensus,True,True,scaffold_differs_from_msa_consensus,0.060115783726595734,buried_core,False,False,False,False,12.28463318813609,True,True,unassigned_manual_review,,not_annotated_no_domain_boundaries,,True,False
6E9F,A,VI-D,ternary,299,300,H,234.0,A,300.0,,ALA,True,1046,1047,four_layer_literature_restored_substitution,high,1.0,0.9931972789115646,0.0407280509323613,0.0,H,H,matches_consensus,True,True,literature_confirmed_construct_substitution,0.13106042654696767,buried_core,False,False,False,False,13.573800418487345,True,True,HEPN1,,not_annotated_no_domain_boundaries,HEPN1_H,True,False
6E9F,A,VI-D,ternary,300,301,S,235.0,S,301.0,,SER,True,1047,1048,four_layer_exact,high,1.0,0.3197278911564626,2.187913418055878,0.0,G,D;E;F;G;S;Y,differs_from_consensus,True,True,scaffold_differs_from_msa_consensus,0.0545380484663188,buried_core,False,False,False,False,15.051037311953372,True,True,unassigned_manual_review,,not_annotated_no_domain_boundaries,,True,False
6E9F,A,VI-D,ternary,301,302,E,236.0,E,302.0,,GLU,True,1049,1050,four_layer_exact,high,0.9285714285714286,0.1838235294117647,2.43337981865906,0.0714285714285714,K,D;E;G;K;N;S;T;Y,differs_from_consensus,True,True,scaffold_differs_from_msa_consensus,0.1683917329927977,buried_core,False,False,False,False,17.71773434058302,True,True,unassigned_manual_review,,not_annotated_no_domain_boundaries,,True,False
6E9F,A,VI-D,ternary,303,304,G,238.0,G,304.0,,GLY,True,1051,1052,four_layer_exact,high,0.934065934065934,0.1753086419753086,2.555000334921787,0.0659340659340659,S,A;D;E;G;K;N;R;S;T,differs_from_consensus,True,True,scaffold_differs_from_msa_consensus,0.43028340457945896,surface,False,False,False,False,21.686123184123637,True,False,unassigned_manual_review,,not_annotated_no_domain_boundaries,,True,False
6E9F,A,VI-D,ternary,304,305,R,239.0,R,305.0,,ARG,True,1055,1056,four_layer_exact,high,0.8626373626373627,0.2254098360655737,2.519479610737625,0.1373626373626373,N,D;E;G;K;N;R;S;T,differs_from_consensus,True,True,scaffold_differs_from_msa_consensus,0.5099913377424953,surface,False,False,False,False,22.06285509473952,True,False,unassigned_manual_review,,not_annotated_no_domain_boundaries,,True,False
6E9F,A,VI-D,ternary,305,306,A,240.0,A,306.0,,ALA,True,1056,1057,four_layer_exact,high,0.8131868131868132,0.168141592920354,2.4508894946563955,0.1868131868131868,R,A;D;K;N;R;S;T,differs_from_consensus,True,True,scaffold_differs_from_msa_consensus,0.23986181677315183,surface,False,False,False,False,19.405413857283197,True,False,unassigned_manual_review,,not_annotated_no_domain_boundaries,,True,False
6E9F,A,VI-D,ternary,306,307,E,241.0,E,307.0,,GLU,True,1057,1058,four_layer_exact,high,0.521978021978022,0.1269841269841269,2.421662682717796,0.478021978021978,A,A;D;E;K;L;N;P;Q;S;T,differs_from_consensus,False,True,scaffold_differs_from_msa_consensus,0.0985374764536466,buried_core,False,False,False,False,14.728295443339954,True,True,unassigned_manual_review,,not_annotated_no_domain_boundaries,,False,False
6E9F,A,VI-D,ternary,307,308,F,242.0,F,308.0,,PHE,True,1075,1076,four_layer_exact,high,0.6538461538461539,0.2142857142857142,2.3573451971064188,0.3461538461538461,T,A;F;N;S;T;Y,differs_from_consensus,False,True,scaffold_differs_from_msa_consensus,0.1358581743044906,buried_core,False,False,False,False,18.37698714846409,True,True,unassigned_manual_review,,not_annotated_no_domain_boundaries,,False,False
6E9F,A,VI-D,ternary,311,312,K,246.0,K,312.0,,LYS,True,1081,1082,four_layer_exact,high,0.945054945054945,0.3941605839416058,2.045662002332108,0.0549450549450549,N,D;K;N;Q;R;S,differs_from_consensus,True,True,scaffold_differs_from_msa_consensus,0.11490140842238977,buried_core,False,False,False,False,21.050991161040162,True,True,unassigned_manual_review,,not_annotated_no_domain_boundaries,,True,False
6E9F,A,VI-D,ternary,314,315,E,249.0,E,315.0,,GLU,True,1093,1094,four_layer_exact,high,0.9065934065934066,0.2366412213740458,2.340740778692264,0.0934065934065934,K,D;E;K;N;Q;S,differs_from_consensus,True,True,scaffold_differs_from_msa_consensus,0.5118261337682153,surface,False,False,False,False,26.945159565796907,True,False,unassigned_manual_review,,not_annotated_no_domain_boundaries,,True,False
6E9F,A,VI-D,ternary,316,317,K,251.0,K,317.0,,LYS,True,1113,1114,four_layer_exact,high,0.8846153846153846,0.164021164021164,2.621709658011768,0.1153846153846154,D,A;D;K;N;P;R;S,differs_from_consensus,True,True,scaffold_differs_from_msa_consensus,0.3685154741827217,surface,False,False,False,False,30.412708726837092,True,False,unassigned_manual_review,,not_annotated_no_domain_boundaries,,True,False
6E9F,A,VI-D,ternary,317,318,D,252.0,D,318.0,,ASP,True,1114,1115,four_layer_exact,high,0.956043956043956,0.1894484412470023,2.3583923331809755,0.0439560439560439,P,A;D;E;G;K;N;P;Q;S,differs_from_consensus,True,True,scaffold_differs_from_msa_consensus,0.6252455647722834,surface,False,False,False,False,30.50364575343399,True,False,unassigned_manual_review,,not_annotated_no_domain_boundaries,,True,False
6E9F,A,VI-D,ternary,318,319,D,253.0,D,319.0,,ASP,True,1115,1116,four_layer_exact,high,0.9725274725274724,0.5070422535211268,1.5166328558532232,0.0274725274725274,E,D;E;N,differs_from_consensus,True,True,scaffold_differs_from_msa_consensus,0.12980344626618737,buried_core,False,False,False,False,27.952456424546604,True,True,unassigned_manual_review,,not_annotated_no_domain_boundaries,,True,False
6E9F,A,VI-D,ternary,319,320,F,254.0,F,320.0,,PHE,True,1124,1125,four_layer_exact,high,0.9230769230769232,0.2781954887218045,1.885466982305344,0.0769230769230768,L,A;F;I;L;V;Y,differs_from_consensus,True,True,scaffold_differs_from_msa_consensus,0.0,buried_core,False,False,False,False,25.1050839622255,True,True,unassigned_manual_review,,not_annotated_no_domain_boundaries,,True,False
6E9F,A,VI-D,ternary,321,322,N,256.0,N,322.0,,ASN,True,1146,1147,four_layer_exact,high,0.9945054945054944,0.1986301369863013,2.326101214931983,0.0054945054945054,D,A;D;E;K;N;Q;S,differs_from_consensus,True,True,scaffold_differs_from_msa_consensus,0.46889723542814093,surface,False,False,False,False,25.779647565818884,True,False,unassigned_manual_review,,not_annotated_no_domain_boundaries,,True,False
6E9F,A,VI-D,ternary,322,323,V,257.0,V,323.0,,VAL,True,1147,1148,four_layer_exact,high,1.0,0.2857142857142857,2.118341611796008,0.0,T,F;I;L;T;V,differs_from_consensus,True,True,scaffold_differs_from_msa_consensus,0.0,buried_core,False,False,False,False,22.12753651075884,True,True,unassigned_manual_review,,not_annotated_no_domain_boundaries,,True,False
6E9F,A,VI-D,ternary,325,326,V,260.0,V,326.0,,VAL,True,1150,1151,four_layer_exact,high,1.0,0.1428571428571428,2.5588674590066685,0.0,K,A;D;E;K;N;R;S;T;Y,differs_from_consensus,True,True,scaffold_differs_from_msa_consensus,0.249854113663431,surface,False,False,False,False,19.912702964883817,True,False,unassigned_manual_review,,not_annotated_no_domain_boundaries,,True,False
6E9F,A,VI-D,ternary,326,327,V,261.0,V,327.0,,VAL,True,1151,1152,four_layer_exact,high,1.0,0.2993197278911564,2.2837401168457734,0.0,L,F;I;K;L;T;V;Y,differs_from_consensus,True,True,scaffold_differs_from_msa_consensus,0.0069403920462064155,buried_core,False,False,False,False,16.65061355731386,True,True,unassigned_manual_review,,not_annotated_no_domain_boundaries,,True,False
6E9F,A,VI-D,ternary,328,329,N,263.0,N,329.0,,ASN,True,1153,1154,four_layer_exact,high,1.0,0.1950113378684807,2.297177350744636,0.0,D,A;D;E;K;N;R;S,differs_from_consensus,True,True,scaffold_differs_from_msa_consensus,0.16697432845830984,buried_core,False,False,False,False,17.845014245063634,True,True,unassigned_manual_review,,not_annotated_no_domain_boundaries,,True,False
6E9F,A,VI-D,ternary,329,330,R,264.0,R,330.0,,ARG,True,1154,1155,four_layer_exact,high,1.0,0.2789115646258503,2.3094382548538204,0.0,E,A;D;E;K;N;Q;R;S,differs_from_consensus,True,True,scaffold_differs_from_msa_consensus,0.2694198673105403,surface,False,False,False,False,14.755803299642452,True,False,unassigned_manual_review,,not_annotated_no_domain_boundaries,,True,False
6E9F,A,VI-D,ternary,330,331,P,265.0,P,331.0,,PRO,True,1155,1156,four_layer_exact,high,1.0,0.2789115646258503,2.155414520474483,0.0,R,A;G;K;R,differs_from_consensus,True,True,scaffold_differs_from_msa_consensus,0.11050155014270416,buried_core,False,False,False,False,13.279343746444203,True,True,unassigned_manual_review,,not_annotated_no_domain_boundaries,,True,False
6E9F,A,VI-D,ternary,331,332,V,266.0,V,332.0,,VAL,True,1156,1157,four_layer_exact,high,1.0,0.3537414965986394,1.7471194004335109,0.0,I,F;I;L;V,differs_from_consensus,True,True,scaffold_differs_from_msa_consensus,0.0,buried_core,False,False,False,False,14.622401616757912,True,True,unassigned_manual_review,,not_annotated_no_domain_boundaries,,True,False
6E9F,A,VI-D,ternary,332,333,E,267.0,E,333.0,,GLU,True,1157,1158,four_layer_exact,high,1.0,0.2018140589569161,2.2584787038230623,0.0,D,D;E;K;N;T,differs_from_consensus,True,True,scaffold_differs_from_msa_consensus,0.37607191377848176,surface,False,False,False,False,16.79175783105878,True,False,unassigned_manual_review,,not_annotated_no_domain_boundaries,,True,False
6E9F,A,VI-D,ternary,336,337,N,271.0,N,337.0,,ASN,True,1161,1162,four_layer_exact,high,0.9835164835164836,0.2638888888888889,2.2512048529561555,0.0164835164835165,K,A;D;E;K;N;R;S,differs_from_consensus,True,True,scaffold_differs_from_msa_consensus,0.49878850677242287,surface,False,False,False,False,18.194040000007444,True,False,unassigned_manual_review,,not_annotated_no_domain_boundaries,,True,False
6E9F,A,VI-D,ternary,337,338,R,272.0,R,338.0,,ARG,True,1162,1163,four_layer_exact,high,0.9835164835164836,0.2523148148148147,1.895333690020296,0.0164835164835165,D,D;E;G;N;S,differs_from_consensus,True,True,scaffold_differs_from_msa_consensus,0.3256290137552366,surface,False,False,False,False,16.493977239629846,True,False,unassigned_manual_review,,not_annotated_no_domain_boundaries,,True,False
6E9F,A,VI-D,ternary,340,341,E,275.0,E,341.0,,GLU,True,1166,1167,four_layer_exact,high,0.9945054945054944,0.3698630136986301,1.9018254981732936,0.0054945054945054,K,D;E;K;N;S;T,differs_from_consensus,True,True,scaffold_differs_from_msa_consensus,0.531205618610191,surface,False,False,False,False,17.094687842960536,True,False,unassigned_manual_review,,not_annotated_no_domain_boundaries,,True,False
6E9F,A,VI-D,ternary,346,347,I,281.0,I,347.0,,ILE,True,1209,1210,four_layer_exact,high,1.0,0.6122448979591837,1.1209026347865876,0.0,L,F;I;L;V,differs_from_consensus,True,True,scaffold_differs_from_msa_consensus,0.006130092467207697,buried_core,False,False,False,False,15.800355499290111,True,True,unassigned_manual_review,,not_annotated_no_domain_boundaries,,True,False
6E9F,A,VI-D,ternary,347,348,Q,282.0,Q,348.0,,GLN,True,1210,1211,four_layer_exact,high,1.0,0.1972789115646258,2.6782287151563526,0.0,Y,A;K;L;N;Q;S;Y,differs_from_consensus,True,True,scaffold_differs_from_msa_consensus,0.20073978393773062,surface,False,False,False,False,18.145665488550748,True,False,unassigned_manual_review,,not_annotated_no_domain_boundaries,,True,False
6E9F,A,VI-D,ternary,350,351,G,285.0,G,351.0,,GLY,True,1213,1214,four_layer_exact,high,1.0,0.2789115646258503,2.4016508680885007,0.0,F,A;C;E;F;K;S,differs_from_consensus,True,True,scaffold_differs_from_msa_consensus,0.23599209024014486,surface,False,False,False,False,19.782961099817147,True,False,unassigned_manual_review,,not_annotated_no_domain_boundaries,,True,False
6E9F,A,VI-D,ternary,351,352,S,286.0,S,352.0,,SER,True,1214,1215,four_layer_exact,high,1.0,0.2267573696145124,2.253763267631969,0.0,E,D;E;K;N;Q;R;S,differs_from_consensus,True,True,scaffold_differs_from_msa_consensus,0.3217536500980687,surface,False,False,False,False,21.317602081257192,True,False,unassigned_manual_review,,not_annotated_no_domain_boundaries,,True,False
6E9F,A,VI-D,ternary,352,353,V,287.0,V,353.0,,VAL,True,1219,1220,four_layer_exact,high,0.989010989010989,0.2850574712643677,1.7954617694267447,0.0109890109890109,I,A;I;L;V;Y,differs_from_consensus,True,True,scaffold_differs_from_msa_consensus,0.16860862773347723,buried_core,False,False,False,False,18.848228586071613,True,True,unassigned_manual_review,,not_annotated_no_domain_boundaries,,True,False
6E9F,A,VI-D,ternary,354,355,K,289.0,K,355.0,,LYS,True,1238,1239,four_layer_exact,high,0.8076923076923077,0.1617647058823529,2.468053632903694,0.1923076923076923,D,D;E;G;K;N;P;R;S;T,differs_from_consensus,True,True,scaffold_differs_from_msa_consensus,0.6671982956781217,surface,False,False,False,False,24.60340570421055,True,False,unassigned_manual_review,,not_annotated_no_domain_boundaries,,True,False
6E9F,A,VI-D,ternary,355,356,N,290.0,N,356.0,,ASN,True,1239,1240,four_layer_exact,high,0.8406593406593407,0.2128851540616246,2.2749309544108747,0.1593406593406593,D,D;E;K;L;N;P;S,differs_from_consensus,True,True,scaffold_differs_from_msa_consensus,0.714625652955902,surface,False,False,False,False,24.73619703049575,True,False,unassigned_manual_review,,not_annotated_no_domain_boundaries,,True,False
6E9F,A,VI-D,ternary,356,357,T,291.0,T,357.0,,THR,True,1244,1245,four_layer_exact,high,0.8956043956043956,0.3515625,2.327869116409754,0.1043956043956043,E,A;D;E;K;S,differs_from_consensus,True,True,scaffold_differs_from_msa_consensus,0.3538052879237512,surface,False,False,False,False,22.59977896649206,True,False,unassigned_manual_review,,not_annotated_no_domain_boundaries,,True,False
6E9F,A,VI-D,ternary,357,358,D,292.0,D,358.0,,ASP,True,1245,1246,four_layer_exact,high,0.9010989010989012,0.2248062015503876,2.230511985753227,0.0989010989010988,E,D;E;K;N;Q;S,differs_from_consensus,True,True,scaffold_differs_from_msa_consensus,0.41749038226681184,surface,False,False,False,False,23.165864769661813,True,False,unassigned_manual_review,,not_annotated_no_domain_boundaries,,True,False
6E9F,A,VI-D,ternary,358,359,I,293.0,I,359.0,,ILE,True,1246,1247,four_layer_exact,high,0.9010989010989012,0.3798449612403101,2.298417626079189,0.0989010989010988,K,F;K;L;Q;R,differs_from_consensus,True,True,scaffold_differs_from_msa_consensus,0.3348395564918486,surface,False,False,False,False,21.861732332760404,True,False,unassigned_manual_review,,not_annotated_no_domain_boundaries,,True,False
6E9F,A,VI-D,ternary,359,360,A,294.0,A,360.0,,ALA,True,1247,1248,four_layer_exact,high,0.967032967032967,0.2907801418439716,2.215610866826668,0.0329670329670329,K,A;D;E;K;N,differs_from_consensus,True,True,scaffold_differs_from_msa_consensus,0.10297604942976031,buried_core,False,False,False,False,21.47979978711786,True,True,unassigned_manual_review,,not_annotated_no_domain_boundaries,,True,False
6E9F,A,VI-D,ternary,362,363,V,297.0,V,363.0,,VAL,True,1256,1257,four_layer_exact,high,1.0,0.2993197278911564,1.9395287444864755,0.0,A,A;I;L;T;V,differs_from_consensus,True,True,scaffold_differs_from_msa_consensus,0.0,buried_core,False,False,False,False,16.76912680609804,True,True,unassigned_manual_review,,not_annotated_no_domain_boundaries,,True,False
6E9F,A,VI-D,ternary,364,365,S,299.0,S,365.0,,SER,True,1258,1259,four_layer_exact,high,1.0,0.3265306122448979,2.0622700135974417,0.0,E,A;D;E;K;L;Q,differs_from_consensus,True,True,scaffold_differs_from_msa_consensus,0.14188226942527768,buried_core,False,False,False,False,13.122287996602704,True,True,unassigned_manual_review,,not_annotated_no_domain_boundaries,,True,False
6E9F,A,VI-D,ternary,367,368,E,302.0,E,368.0,,GLU,True,1261,1262,four_layer_exact,high,1.0,0.3877551020408163,1.9020060843287692,0.0,D,D;E;K;N;R,differs_from_consensus,True,True,scaffold_differs_from_msa_consensus,0.07748660796852341,buried_core,False,False,False,False,8.860162198638651,True,True,unassigned_manual_review,,not_annotated_no_domain_boundaries,,True,False
6E9F,A,VI-D,ternary,369,370,L,304.0,L,370.0,,LEU,True,1263,1264,four_layer_exact,high,1.0,0.238095238095238,1.9716622477744783,0.0,I,A;I;L;S;T;V,differs_from_consensus,True,True,scaffold_differs_from_msa_consensus,0.22483150118346265,surface,False,True,False,False,6.737662727873843,True,False,unassigned_manual_review,,not_annotated_no_domain_boundaries,,True,False
6E9F,A,VI-D,ternary,370,371,I,305.0,I,371.0,,ILE,True,1264,1265,four_layer_exact,high,1.0,0.5238095238095238,1.256953151755419,0.0,V,I;V,differs_from_consensus,True,True,scaffold_differs_from_msa_consensus,0.13486203427856935,buried_core,False,True,False,False,6.992474603456871,True,True,unassigned_manual_review,,not_annotated_no_domain_boundaries,,True,False
6E9F,A,VI-D,ternary,371,372,T,306.0,T,372.0,,THR,True,1265,1266,four_layer_exact,high,1.0,0.2312925170068027,2.29246263815805,0.0,L,K;L;R;T;V,differs_from_consensus,True,True,scaffold_differs_from_msa_consensus,0.1878821449847006,buried_core,False,True,False,False,7.367465383563348,True,True,unassigned_manual_review,,not_annotated_no_domain_boundaries,,True,False
6E9F,A,VI-D,ternary,373,374,K,308.0,K,374.0,,LYS,True,1267,1268,four_layer_exact,high,1.0,0.3537414965986394,2.046123816334197,0.0,E,D;E;K;N;Q;S;T,differs_from_consensus,True,True,scaffold_differs_from_msa_consensus,0.49503912475606726,surface,False,True,False,False,6.906097083201951,True,False,unassigned_manual_review,,not_annotated_no_domain_boundaries,,True,False
6E9F,A,VI-D,ternary,377,378,M,312.0,M,378.0,,MET,True,1272,1273,four_layer_exact,high,1.0,0.4761904761904761,1.4215496408747057,0.0,L,I;L;M,differs_from_consensus,True,True,scaffold_differs_from_msa_consensus,0.13758403066868768,buried_core,True,False,True,False,4.0664049473792145,True,True,unassigned_manual_review,,not_annotated_no_domain_boundaries,,True,False
6E9F,A,VI-D,ternary,387,388,S,322.0,S,388.0,,SER,True,1282,1283,four_layer_exact,high,0.9835164835164836,0.1529947916666666,2.6583769167918456,0.0164835164835165,I,A;C;E;I;K;L;N;Q;S;T,differs_from_consensus,True,True,scaffold_differs_from_msa_consensus,0.24472066320502378,surface,False,True,False,False,7.66523162221155,True,False,unassigned_manual_review,,not_annotated_no_domain_boundaries,,True,False
6E9F,A,VI-D,ternary,391,392,G,326.0,G,392.0,,GLY,True,1286,1287,four_layer_exact,high,0.9505494505494504,0.1857142857142857,2.6199475077964154,0.0494505494505495,L,D;E;I;K;L;N;Q;R;S,differs_from_consensus,True,True,scaffold_differs_from_msa_consensus,0.6651209595194096,surface,False,False,False,False,10.964278042804875,True,False,unassigned_manual_review,,not_annotated_no_domain_boundaries,,True,False
6E9F,A,VI-D,ternary,392,393,K,327.0,K,393.0,,LYS,True,1294,1295,four_layer_exact,high,0.6648351648351648,0.2183908045977011,2.2766275839962757,0.3351648351648352,P,D;E;K;P;S;T,differs_from_consensus,False,True,scaffold_differs_from_msa_consensus,0.30994851950383984,surface,False,False,False,False,12.873402100637227,True,False,unassigned_manual_review,,not_annotated_no_domain_boundaries,,False,False
6E9F,A,VI-D,ternary,393,394,G,328.0,G,394.0,,GLY,True,1295,1296,four_layer_exact,high,0.7527472527472527,0.2721480582524271,2.300478646670668,0.2472527472527472,E,D;E;G;N;Q;Y,differs_from_consensus,False,True,scaffold_differs_from_msa_consensus,0.42373680881132453,surface,False,False,False,False,12.672607963818855,True,False,unassigned_manual_review,,not_annotated_no_domain_boundaries,,False,False
6E9F,A,VI-D,ternary,394,395,Y,329.0,Y,395.0,,TYR,True,1296,1297,four_layer_exact,high,0.7527472527472527,0.3689320388349514,2.0793457834291,0.2472527472527472,A,A;F;G;L;Y,differs_from_consensus,False,True,scaffold_differs_from_msa_consensus,0.11627877743412414,buried_core,False,False,False,False,8.275860538398419,True,True,unassigned_manual_review,,not_annotated_no_domain_boundaries,,False,False
6E9F,A,VI-D,ternary,395,396,A,330.0,A,396.0,,ALA,True,1297,1298,four_layer_exact,high,0.7637362637362637,0.2,2.495497538984417,0.2362637362637363,S,A;E;K;N;P;Q;S;T,differs_from_consensus,False,True,scaffold_differs_from_msa_consensus,0.5227699796201053,surface,False,True,False,False,7.026854734214145,True,False,unassigned_manual_review,,not_annotated_no_domain_boundaries,,False,False
6E9F,A,VI-D,ternary,398,399,E,333.0,E,399.0,,GLU,True,1320,1321,four_layer_exact,high,0.945054945054945,0.2900815217391304,2.26751313735381,0.0549450549450549,K,D;E;K;Q;S,differs_from_consensus,True,True,scaffold_differs_from_msa_consensus,0.7063864037666933,surface,False,True,False,False,6.6362534636435635,True,False,unassigned_manual_review,,not_annotated_no_domain_boundaries,,True,False
6E9F,A,VI-D,ternary,404,405,N,339.0,N,405.0,,ASN,True,1342,1343,four_layer_exact,high,1.0,0.4285714285714285,1.8646521770095157,0.0,S,G;H;N;Q;S,differs_from_consensus,True,True,scaffold_differs_from_msa_consensus,0.3898422623361336,surface,True,False,False,True,3.8502116056275404,True,False,unassigned_manual_review,,not_annotated_no_domain_boundaries,,True,False
6E9F,A,VI-D,ternary,408,409,Q,343.0,Q,409.0,,GLN,True,1346,1347,four_layer_exact,high,1.0,0.2789115646258503,2.131463212267474,0.0,K,K;Q;R;S;T,differs_from_consensus,True,True,scaffold_differs_from_msa_consensus,0.21726880593635384,surface,False,True,False,False,6.61891346600694,True,False,unassigned_manual_review,,not_annotated_no_domain_boundaries,,True,False
6E9F,A,VI-D,ternary,409,410,M,344.0,M,410.0,,MET,True,1347,1348,four_layer_exact,high,1.0,0.4421768707482993,1.7099606389579318,0.0,L,F;I;L;M;V,differs_from_consensus,True,True,scaffold_differs_from_msa_consensus,0.0,buried_core,False,False,False,False,9.52723343495309,True,True,unassigned_manual_review,,not_annotated_no_domain_boundaries,,True,False
6E9F,A,VI-D,ternary,410,411,T,345.0,T,411.0,,THR,True,1348,1349,four_layer_exact,high,1.0,0.272108843537415,1.916129955052642,0.0,I,F;I;L;M;T,differs_from_consensus,True,True,scaffold_differs_from_msa_consensus,0.012458825861194423,buried_core,False,False,False,False,9.633173211157237,True,True,unassigned_manual_review,,not_annotated_no_domain_boundaries,,True,False
6E9F,A,VI-D,ternary,414,415,L,349.0,L,415.0,,LEU,True,1352,1353,four_layer_exact,high,1.0,0.5850340136054422,0.8941066555717766,0.0,I,I;L,differs_from_consensus,True,True,scaffold_differs_from_msa_consensus,0.01802430173193905,buried_core,False,False,False,False,11.052588255193383,True,True,unassigned_manual_review,,not_annotated_no_domain_boundaries,,True,False
6E9F,A,VI-D,ternary,416,417,T,351.0,T,417.0,,THR,True,1354,1355,four_layer_exact,high,0.9945054945054944,0.2330907534246575,2.197380744921965,0.0054945054945054,R,D;H;K;R;Y,differs_from_consensus,True,True,scaffold_differs_from_msa_consensus,0.10056632609729982,buried_core,False,False,False,False,13.575622005395491,True,True,unassigned_manual_review,,not_annotated_no_domain_boundaries,,True,False
6E9F,A,VI-D,ternary,417,418,G,352.0,G,418.0,,GLY,True,1355,1356,four_layer_exact,high,0.989010989010989,0.3586206896551724,2.3468570009870247,0.0109890109890109,Y,E;G;H;Y,differs_from_consensus,True,True,scaffold_differs_from_msa_consensus,0.02322361953922916,buried_core,False,False,False,False,14.43182732384106,True,True,unassigned_manual_review,,not_annotated_no_domain_boundaries,,True,False
6E9F,A,VI-D,ternary,419,420,I,354.0,I,420.0,,ILE,True,1357,1358,four_layer_exact,high,0.9725274725274724,0.1549295774647887,2.615096154671812,0.0274725274725274,K,E;I;K;L;N;R;S;T;V,differs_from_consensus,True,True,scaffold_differs_from_msa_consensus,0.35061602880568493,surface,False,False,False,False,12.554372794333903,True,False,unassigned_manual_review,,not_annotated_no_domain_boundaries,,True,False
6E9F,A,VI-D,ternary,420,421,N,355.0,N,421.0,,ASN,True,1363,1364,four_layer_exact,high,0.3516483516483517,0.1515151515151515,2.2629354538632005,0.6483516483516483,T,H;K;N;R;S;T;V;Y,differs_from_consensus,False,True,scaffold_differs_from_msa_consensus,0.5765255575801519,surface,False,False,False,False,16.340840229346252,True,False,unassigned_manual_review,,not_annotated_no_domain_boundaries,,False,False
6E9F,A,VI-D,ternary,422,423,D,357.0,D,423.0,,ASP,True,1378,1379,four_layer_exact,high,0.956043956043956,0.2568195443645084,2.1486389561885093,0.0439560439560439,N,D;E;H;K;N;R;S,differs_from_consensus,True,True,scaffold_differs_from_msa_consensus,0.11324136046083338,buried_core,False,False,False,False,14.580622138093188,True,True,unassigned_manual_review,,not_annotated_no_domain_boundaries,,True,False
6E9F,A,VI-D,ternary,423,424,S,358.0,S,424.0,,SER,True,1379,1380,four_layer_exact,high,0.934065934065934,0.2,2.290201628033181,0.0659340659340659,P,A;D;E;K;N;P;Q;S,differs_from_consensus,True,True,scaffold_differs_from_msa_consensus,0.37529773918547116,surface,False,False,False,False,12.324936643944161,True,False,unassigned_manual_review,,not_annotated_no_domain_boundaries,,True,False
6E9F,A,VI-D,ternary,424,425,D,359.0,D,425.0,,ASP,True,1380,1381,four_layer_exact,high,0.8241758241758241,0.3046195652173913,2.126673938915689,0.1758241758241758,E,A;D;E;G;K;N;S,differs_from_consensus,True,True,scaffold_differs_from_msa_consensus,0.6433822233266895,surface,False,False,False,False,13.535555556822347,True,False,unassigned_manual_review,,not_annotated_no_domain_boundaries,,True,False
6E9F,A,VI-D,ternary,425,426,R,360.0,R,426.0,,ARG,True,1382,1383,four_layer_exact,high,0.8186813186813187,0.2807017543859649,2.2104926532452183,0.1813186813186813,K,E;K;Q;R,differs_from_consensus,True,True,scaffold_differs_from_msa_consensus,0.30234339141882954,surface,False,False,False,False,10.87767305301188,True,False,unassigned_manual_review,,not_annotated_no_domain_boundaries,,True,False
6E9F,A,VI-D,ternary,428,429,D,363.0,D,429.0,,ASP,True,1444,1445,four_layer_exact,high,1.0,0.2517006802721088,2.345482959311957,0.0,E,A;D;E;K;N;Q;R;S,differs_from_consensus,True,True,scaffold_differs_from_msa_consensus,0.538920067952836,surface,False,False,False,False,9.16825192590359,True,False,unassigned_manual_review,,not_annotated_no_domain_boundaries,,True,False
6E9F,A,VI-D,ternary,431,432,N,366.0,N,432.0,,ASN,True,1447,1448,four_layer_exact,high,1.0,0.2312925170068027,2.2179089351191426,0.0,E,A;D;E;N;S,differs_from_consensus,True,True,scaffold_differs_from_msa_consensus,0.4507200769988598,surface,False,True,False,False,6.580923478803237,True,False,unassigned_manual_review,,not_annotated_no_domain_boundaries,,True,False
6E9F,A,VI-D,ternary,432,433,T,367.0,T,433.0,,THR,True,1448,1449,four_layer_exact,high,1.0,0.238095238095238,2.461115116554963,0.0,K,A;D;E;K;Q;R;S,differs_from_consensus,True,True,scaffold_differs_from_msa_consensus,0.30169897829189946,surface,False,True,False,False,7.063510020552377,True,False,unassigned_manual_review,,not_annotated_no_domain_boundaries,,True,False
6E9F,A,VI-D,ternary,435,436,S,370.0,S,436.0,,SER,True,1451,1452,four_layer_exact,high,1.0,0.3469387755102041,2.235741102985488,0.0,A,A;G;L;S,differs_from_consensus,True,True,scaffold_differs_from_msa_consensus,0.4947731969250408,surface,False,True,False,False,5.8496989660554854,True,False,unassigned_manual_review,,not_annotated_no_domain_boundaries,,True,False
6E9F,A,VI-D,ternary,438,439,K,373.0,K,439.0,,LYS,True,1463,1464,four_layer_exact,high,0.989010989010989,0.2344827586206896,2.1566729463705903,0.0109890109890109,S,D;G;N;S;T,differs_from_consensus,True,True,scaffold_differs_from_msa_consensus,0.5417132343371197,surface,False,True,False,False,5.921287130204669,True,False,unassigned_manual_review,,not_annotated_no_domain_boundaries,,True,False
6E9F,A,VI-D,ternary,440,441,D,375.0,D,441.0,,ASP,True,1465,1466,four_layer_exact,high,0.978021978021978,0.5128205128205128,1.7173787131873783,0.021978021978022,E,A;D;E,differs_from_consensus,True,True,scaffold_differs_from_msa_consensus,0.5250874238892123,surface,False,False,False,False,9.133367299714862,True,False,unassigned_manual_review,,not_annotated_no_domain_boundaries,,True,False
6E9F,A,VI-D,ternary,441,442,D,376.0,D,442.0,,ASP,True,1481,1482,four_layer_exact,high,0.9615384615384616,0.3928571428571428,1.8100121644774785,0.0384615384615384,E,A;D;E;G;Q,differs_from_consensus,True,True,scaffold_differs_from_msa_consensus,0.24630366380276833,surface,False,True,False,False,6.6777347119562585,True,False,unassigned_manual_review,,not_annotated_no_domain_boundaries,,True,False
6E9F,A,VI-D,ternary,443,444,T,378.0,T,444.0,,THR,True,1484,1485,four_layer_exact,high,1.0,0.4557823129251701,1.7742692619317308,0.0,E,D;E;K,differs_from_consensus,True,True,scaffold_differs_from_msa_consensus,0.3974111784379317,surface,False,False,False,False,8.514370141747035,True,False,unassigned_manual_review,,not_annotated_no_domain_boundaries,,True,False
6E9F,A,VI-D,ternary,444,445,T,379.0,T,445.0,,THR,True,1493,1494,four_layer_exact,high,1.0,0.1632653061224489,2.56909334204242,0.0,A,A;D;E;K;N;Q;R;S,differs_from_consensus,True,True,scaffold_differs_from_msa_consensus,0.44655883839304467,surface,False,False,False,False,10.630038235890618,True,False,unassigned_manual_review,,not_annotated_no_domain_boundaries,,True,False
6E9F,A,VI-D,ternary,445,446,V,380.0,V,446.0,,VAL,True,1494,1495,four_layer_exact,high,1.0,0.4285714285714285,1.7428869139002894,0.0,I,A;F;I;L;V,differs_from_consensus,True,True,scaffold_differs_from_msa_consensus,0.17116205646589838,buried_core,False,False,False,False,8.665228096444677,True,True,unassigned_manual_review,,not_annotated_no_domain_boundaries,,True,False
6E9F,A,VI-D,ternary,447,448,C,382.0,C,448.0,,CYS,True,1496,1497,four_layer_exact,high,1.0,0.1428571428571428,2.580951258992332,0.0,R,A;D;E;I;K;L;N;Q;R;S,differs_from_consensus,True,True,scaffold_differs_from_msa_consensus,0.3578098705232,surface,False,False,False,False,10.860119779333983,True,False,unassigned_manual_review,,not_annotated_no_domain_boundaries,,True,False
6E9F,A,VI-D,ternary,448,449,K,383.0,K,449.0,,LYS,True,1497,1498,four_layer_exact,high,1.0,0.1496598639455782,2.369323817968326,0.0,E,A;D;E;K;N;Q;R;S,differs_from_consensus,True,True,scaffold_differs_from_msa_consensus,0.5203795305839211,surface,False,False,False,False,13.01423812770513,True,False,unassigned_manual_review,,not_annotated_no_domain_boundaries,,True,False
6E9F,A,VI-D,ternary,451,452,D,386.0,D,452.0,,ASP,True,1504,1505,four_layer_exact,high,1.0,0.2131519274376417,2.3213737058840342,0.0,E,A;D;E;K;N;R;S,differs_from_consensus,True,True,scaffold_differs_from_msa_consensus,0.5629210544975191,surface,False,False,False,False,15.201730058348232,True,False,unassigned_manual_review,,not_annotated_no_domain_boundaries,,True,False
6E9F,A,VI-D,ternary,452,453,Y,387.0,Y,453.0,,TYR,True,1505,1506,four_layer_exact,high,1.0,0.1972789115646258,2.625432333877093,0.0,R,A;D;E;I;K;R;S,differs_from_consensus,True,True,scaffold_differs_from_msa_consensus,0.3558807625396964,surface,False,False,False,False,16.702416898461216,True,False,unassigned_manual_review,,not_annotated_no_domain_boundaries,,True,False
6E9F,A,VI-D,ternary,455,456,K,390.0,K,456.0,,LYS,True,1513,1514,four_layer_exact,high,0.934065934065934,0.1777777777777777,2.491302523823853,0.0659340659340659,N,A;D;E;K;N;P;S,differs_from_consensus,True,True,scaffold_differs_from_msa_consensus,0.7251053029104172,surface,False,False,False,False,19.296818739094157,True,False,unassigned_manual_review,,not_annotated_no_domain_boundaries,,True,False
6E9F,A,VI-D,ternary,457,458,Y,392.0,Y,458.0,,TYR,True,1558,1559,four_layer_exact,high,0.978021978021978,0.2727272727272727,2.1448269525385717,0.021978021978022,L,F;I;L;N;V;Y,differs_from_consensus,True,True,scaffold_differs_from_msa_consensus,0.11272254233113736,buried_core,False,False,False,False,16.53449372763308,True,True,unassigned_manual_review,,not_annotated_no_domain_boundaries,,True,False
6E9F,A,VI-D,ternary,458,459,R,393.0,R,459.0,,ARG,True,1559,1560,four_layer_exact,high,0.978021978021978,0.2587412587412587,2.078267806016698,0.021978021978022,K,E;G;K;R;S,differs_from_consensus,True,True,scaffold_differs_from_msa_consensus,0.3764429678410569,surface,False,False,False,False,18.232027208246443,True,False,unassigned_manual_review,,not_annotated_no_domain_boundaries,,True,False
6E9F,A,VI-D,ternary,459,460,E,394.0,E,460.0,,GLU,True,1560,1561,four_layer_exact,high,0.9725274725274724,0.2464788732394366,2.33707591369517,0.0274725274725274,D,D;E;G;K;N;S,differs_from_consensus,True,True,scaffold_differs_from_msa_consensus,0.5775817248353268,surface,False,False,False,False,20.048544673527932,True,False,unassigned_manual_review,,not_annotated_no_domain_boundaries,,True,False
6E9F,A,VI-D,ternary,460,461,S,395.0,S,461.0,,SER,True,1612,1613,four_layer_exact,high,0.9615384615384616,0.15,2.6274251197114253,0.0384615384615384,K,A;D;I;K;L;P;Q;R;S;T;V,differs_from_consensus,True,True,scaffold_differs_from_msa_consensus,0.16993381371759703,buried_core,False,False,False,False,17.632038761497935,True,True,unassigned_manual_review,,not_annotated_no_domain_boundaries,,True,False
6E9F,A,VI-D,ternary,462,463,R,397.0,R,463.0,,ARG,True,1615,1616,four_layer_exact,high,0.945054945054945,0.181159420289855,2.493729977501687,0.0549450549450549,N,A;D;E;K;L;N;Q;R,differs_from_consensus,True,True,scaffold_differs_from_msa_consensus,0.4080309711015718,surface,False,False,False,False,16.88749518402143,True,False,unassigned_manual_review,,not_annotated_no_domain_boundaries,,True,False
6E9F,A,VI-D,ternary,463,464,E,398.0,E,464.0,,GLU,True,1616,1617,four_layer_exact,high,0.934065934065934,0.2134650735294117,2.6291662866310275,0.0659340659340659,K,D;E;K;N;R;S;T;Y,differs_from_consensus,True,True,scaffold_differs_from_msa_consensus,0.36951553670117476,surface,False,False,False,False,18.176288610252453,True,False,unassigned_manual_review,,not_annotated_no_domain_boundaries,,True,False
6E9F,A,VI-D,ternary,464,465,V,399.0,V,465.0,,VAL,True,1617,1618,four_layer_exact,high,0.945054945054945,0.2608695652173913,2.1771218718041907,0.0549450549450549,I,A;F;I;L;M;V,differs_from_consensus,True,True,scaffold_differs_from_msa_consensus,0.0,buried_core,False,False,False,False,13.553582167542926,True,True,unassigned_manual_review,,not_annotated_no_domain_boundaries,,True,False
6E9F,A,VI-D,ternary,465,466,A,400.0,A,466.0,,ALA,True,1618,1619,four_layer_exact,high,0.8846153846153846,0.2047244094488189,2.4295383116632627,0.1153846153846154,L,A;C;I;K;L;V,differs_from_consensus,True,True,scaffold_differs_from_msa_consensus,0.09242029811369862,buried_core,False,False,False,False,14.433073675357198,True,True,unassigned_manual_review,,not_annotated_no_domain_boundaries,,True,False
6E9F,A,VI-D,ternary,466,467,D,401.0,D,467.0,,ASP,True,1619,1620,four_layer_exact,high,0.8736263736263736,0.24,2.27293731708002,0.1263736263736263,P,D;E;K;N;P;S,differs_from_consensus,True,True,scaffold_differs_from_msa_consensus,0.4096855592329091,surface,False,False,False,False,16.644451418927417,True,False,unassigned_manual_review,,not_annotated_no_domain_boundaries,,True,False
6E9F,A,VI-D,ternary,469,470,D,404.0,D,470.0,,ASP,True,1642,1643,four_layer_exact,high,0.8131868131868132,0.3274336283185841,2.0235842718943307,0.1868131868131868,N,D;E;K;N;S,differs_from_consensus,True,True,scaffold_differs_from_msa_consensus,0.38333863313778366,surface,False,False,False,False,13.977910884013825,True,False,unassigned_manual_review,,not_annotated_no_domain_boundaries,,True,False
6E9F,A,VI-D,ternary,471,472,D,406.0,D,472.0,,ASP,True,1649,1650,four_layer_exact,high,0.6703296703296703,0.2992097701149425,2.234683528872811,0.3296703296703297,K,A;D;K;N;S,differs_from_consensus,False,True,scaffold_differs_from_msa_consensus,0.43118642402189195,surface,False,False,False,False,15.007712587457734,True,False,unassigned_manual_review,,not_annotated_no_domain_boundaries,,False,False
6E9F,A,VI-D,ternary,475,476,K,410.0,K,476.0,,LYS,True,1715,1716,four_layer_exact,high,0.9395604395604396,0.1985294117647058,2.2649299702020453,0.0604395604395604,E,D;E;G;K;N;Q,differs_from_consensus,True,True,scaffold_differs_from_msa_consensus,0.5153993607653177,surface,False,False,False,False,19.318706998489052,True,False,unassigned_manual_review,,not_annotated_no_domain_boundaries,,True,False
6E9F,A,VI-D,ternary,477,478,S,412.0,S,478.0,,SER,True,1717,1718,four_layer_exact,high,0.934065934065934,0.2298611111111111,2.4768306474043302,0.0659340659340659,K,D;E;K;N;Q;R;S;T,differs_from_consensus,True,True,scaffold_differs_from_msa_consensus,0.372634884715609,surface,False,False,False,False,16.007890017909105,True,False,unassigned_manual_review,,not_annotated_no_domain_boundaries,,True,False
6E9F,A,VI-D,ternary,479,480,S,414.0,S,480.0,,SER,True,1719,1720,four_layer_exact,high,0.7197802197802198,0.2346938775510204,2.2606185232570297,0.2802197802197802,D,D;E;K;N;R;S,differs_from_consensus,False,True,scaffold_differs_from_msa_consensus,0.36220820218676064,surface,False,False,False,False,22.63774267437968,True,False,unassigned_manual_review,,not_annotated_no_domain_boundaries,,False,False
6E9F,A,VI-D,ternary,480,481,N,415.0,N,481.0,,ASN,True,1720,1721,four_layer_exact,high,0.6868131868131868,0.2282608695652173,2.501347899829055,0.3131868131868132,K,D;E;G;H;K;N;P;S,differs_from_consensus,False,True,scaffold_differs_from_msa_consensus,0.48917407327976603,surface,False,False,False,False,25.25785120176698,True,False,unassigned_manual_review,,not_annotated_no_domain_boundaries,,False,False
6E9F,A,VI-D,ternary,481,482,I,416.0,I,482.0,,ILE,True,1721,1722,four_layer_exact,high,0.6263736263736264,0.1481481481481481,2.7165792703980234,0.3736263736263736,D,D;E;I;K;L;S;T;V,differs_from_consensus,False,True,scaffold_differs_from_msa_consensus,0.438156747305527,surface,False,False,False,False,22.996825349550463,True,False,unassigned_manual_review,,not_annotated_no_domain_boundaries,,False,False
6E9F,A,VI-D,ternary,482,483,E,417.0,E,483.0,,GLU,True,1722,1723,four_layer_exact,high,0.4230769230769231,0.2391304347826087,2.403212749310924,0.5769230769230769,S,D;E;I;K;S;V,differs_from_consensus,False,True,scaffold_differs_from_msa_consensus,0.6191910629426661,surface,False,False,False,False,26.923936949383094,True,False,unassigned_manual_review,,not_annotated_no_domain_boundaries,,False,False
6E9F,A,VI-D,ternary,483,484,I,418.0,I,484.0,,ILE,True,1779,1780,four_layer_exact,high,0.912087912087912,0.3435114503816794,1.9320333962666136,0.0879120879120879,F,F;I;L;V;Y,differs_from_consensus,True,True,scaffold_differs_from_msa_consensus,0.11985848944054102,buried_core,False,False,False,False,22.90549393167116,True,True,unassigned_manual_review,,not_annotated_no_domain_boundaries,,True,False
6E9F,A,VI-D,ternary,484,485,Q,419.0,Q,485.0,,GLN,True,1780,1781,four_layer_exact,high,0.934065934065934,0.2518518518518518,2.1702756729707864,0.0659340659340659,K,A;D;K;N;P;R;S;T,differs_from_consensus,True,True,scaffold_differs_from_msa_consensus,0.766636516219674,surface,False,False,False,False,26.530011113536318,True,False,unassigned_manual_review,,not_annotated_no_domain_boundaries,,True,False
6E9F,A,VI-D,ternary,486,487,D,421.0,D,487.0,,ASP,True,1799,1800,four_layer_exact,high,0.4725274725274725,0.2327044025157232,2.5025146555781848,0.5274725274725275,I,F;G;I;K;L;N;S;V,differs_from_consensus,False,True,scaffold_differs_from_msa_consensus,0.5373548060379697,surface,False,False,False,False,24.118827462840905,True,False,unassigned_manual_review,,not_annotated_no_domain_boundaries,,False,False
6E9F,A,VI-D,ternary,489,490,R,424.0,R,490.0,,ARG,True,1818,1819,four_layer_exact,high,0.9010989010989012,0.3023255813953488,2.0708367394739287,0.0989010989010988,E,D;E;N;P;S,differs_from_consensus,True,True,scaffold_differs_from_msa_consensus,0.4575465530994634,surface,False,False,False,False,20.773448634886915,True,False,unassigned_manual_review,,not_annotated_no_domain_boundaries,,True,False
6E9F,A,VI-D,ternary,490,491,K,425.0,K,491.0,,LYS,True,1819,1820,four_layer_exact,high,0.9010989010989012,0.1937984496124031,2.2989603811603,0.0989010989010988,E,A;D;E;G;K;N;S,differs_from_consensus,True,True,scaffold_differs_from_msa_consensus,0.6134205126339717,surface,False,False,False,False,19.13356280190783,True,False,unassigned_manual_review,,not_annotated_no_domain_boundaries,,True,False
6E9F,A,VI-D,ternary,491,492,C,426.0,C,492.0,,CYS,True,1820,1821,four_layer_exact,high,0.8791208791208791,0.2566137566137565,2.348692044329717,0.1208791208791209,I,I;L;V;Y,differs_from_consensus,True,True,scaffold_differs_from_msa_consensus,0.17589036077326187,buried_core,False,False,False,False,15.120344398271415,True,True,unassigned_manual_review,,not_annotated_no_domain_boundaries,,True,False
6E9F,A,VI-D,ternary,492,493,F,427.0,F,493.0,,PHE,True,1851,1852,four_layer_exact,high,0.5494505494505495,0.1641791044776119,2.7773561777617397,0.4505494505494505,V,A;C;G;L;T;V,differs_from_consensus,False,True,scaffold_differs_from_msa_consensus,0.1949557209087194,buried_core,False,False,False,False,15.552765349889237,True,True,unassigned_manual_review,,not_annotated_no_domain_boundaries,,False,False
6E9F,A,VI-D,ternary,493,494,I,428.0,I,494.0,,ILE,True,1852,1853,four_layer_exact,high,0.6318681318681318,0.1916666666666666,2.477836666832085,0.3681318681318681,K,A;F;I;K;L;M;R;S;V,differs_from_consensus,False,True,scaffold_differs_from_msa_consensus,0.042219433097980805,buried_core,False,False,False,False,11.55358639489839,True,True,unassigned_manual_review,,not_annotated_no_domain_boundaries,,False,False
6E9F,A,VI-D,ternary,494,495,S,429.0,S,495.0,,SER,True,1853,1854,four_layer_exact,high,0.8461538461538461,0.2166666666666666,2.318497798458601,0.1538461538461538,I,I;K;L;Q;R;S;V,differs_from_consensus,True,True,scaffold_differs_from_msa_consensus,0.1903861899426576,buried_core,False,False,False,False,15.403913512157379,True,True,unassigned_manual_review,,not_annotated_no_domain_boundaries,,True,False
6E9F,A,VI-D,ternary,495,496,Y,430.0,Y,496.0,,TYR,True,1854,1855,four_layer_exact,high,0.8846153846153846,0.2020997375328083,2.424667976800019,0.1153846153846154,S,E;G;I;K;L;N;S;T,differs_from_consensus,True,True,scaffold_differs_from_msa_consensus,0.31641270707348274,surface,False,False,False,False,18.169250687677142,True,False,unassigned_manual_review,,not_annotated_no_domain_boundaries,,True,False
6E9F,A,VI-D,ternary,496,497,A,431.0,A,497.0,,ALA,True,1855,1856,four_layer_exact,high,0.9065934065934066,0.2121212121212121,2.4640271150506643,0.0934065934065934,S,A;D;E;G;K;N;P;R;S;T,differs_from_consensus,True,True,scaffold_differs_from_msa_consensus,0.008305883907462949,buried_core,False,False,False,False,19.605602149884874,True,True,unassigned_manual_review,,not_annotated_no_domain_boundaries,,True,False
6E9F,A,VI-D,ternary,497,498,D,432.0,D,498.0,,ASP,True,1856,1857,four_layer_exact,high,0.945054945054945,0.2302158273381295,2.310045202045129,0.0549450549450549,E,A;D;E;K;N;S,differs_from_consensus,True,True,scaffold_differs_from_msa_consensus,0.6852417153933198,surface,False,False,False,False,21.632025117862447,True,False,unassigned_manual_review,,not_annotated_no_domain_boundaries,,True,False
6E9F,A,VI-D,ternary,498,499,S,433.0,S,499.0,,SER,True,1857,1858,four_layer_exact,high,0.967032967032967,0.3617021276595745,1.9119688492247584,0.0329670329670329,N,D;E;K;N;S,differs_from_consensus,True,True,scaffold_differs_from_msa_consensus,0.5380060519465293,surface,False,False,False,False,18.513270369184493,True,False,unassigned_manual_review,,not_annotated_no_domain_boundaries,,True,False
6E9F,A,VI-D,ternary,499,500,V,434.0,V,500.0,,VAL,True,1859,1860,four_layer_exact,high,0.978021978021978,0.3426573426573426,1.9582044525873452,0.021978021978022,A,A;I;T;V,differs_from_consensus,True,True,scaffold_differs_from_msa_consensus,0.06627359420971483,buried_core,False,False,False,False,16.534741291558994,True,True,unassigned_manual_review,,not_annotated_no_domain_boundaries,,True,False
6E9F,A,VI-D,ternary,501,502,E,436.0,E,502.0,,GLU,True,1867,1868,four_layer_exact,high,1.0,0.3605442176870748,2.272974925393071,0.0,Y,D;L;P;S;T;Y,differs_from_consensus,True,True,scaffold_differs_from_msa_consensus,0.17899696087118855,buried_core,False,False,False,False,19.602029108006285,True,True,unassigned_manual_review,,not_annotated_no_domain_boundaries,,True,False
6E9F,A,VI-D,ternary,503,504,T,438.0,T,504.0,,THR,True,1869,1870,four_layer_exact,high,1.0,0.3469387755102041,1.6809986183902323,0.0,S,A;C;S;T;V,differs_from_consensus,True,True,scaffold_differs_from_msa_consensus,0.0,buried_core,False,False,False,False,14.217148232045096,True,True,unassigned_manual_review,,not_annotated_no_domain_boundaries,,True,False
6E9F,A,VI-D,ternary,508,509,L,443.0,L,509.0,,LEU,True,1874,1875,four_layer_exact,high,1.0,0.3537414965986394,1.6924165180236204,0.0,F,A;F;L;M;V,differs_from_consensus,True,True,scaffold_differs_from_msa_consensus,0.0,buried_core,False,False,False,False,15.401524344416183,True,True,unassigned_manual_review,,not_annotated_no_domain_boundaries,,True,False
6E9F,A,VI-D,ternary,511,512,R,446.0,R,512.0,,ARG,True,1877,1878,four_layer_exact,high,1.0,0.3129251700680272,2.220253024889425,0.0,L,F;K;L;M;N;R,differs_from_consensus,True,True,scaffold_differs_from_msa_consensus,0.007982397100106621,buried_core,False,False,False,False,9.368535316451812,True,True,unassigned_manual_review,,not_annotated_no_domain_boundaries,,True,False
6E9F,A,VI-D,ternary,514,515,S,449.0,S,515.0,,SER,True,1880,1881,four_layer_exact,high,1.0,0.7959183673469388,0.7786317192627682,0.0,D,D;E;N,differs_from_consensus,True,True,scaffold_differs_from_msa_consensus,0.05924346513784651,buried_core,False,True,False,False,6.372494401745283,True,True,unassigned_manual_review,,not_annotated_no_domain_boundaries,,True,False
6E9F,A,VI-D,ternary,522,523,V,457.0,V,523.0,,VAL,True,1888,1889,four_layer_exact,high,1.0,0.7074829931972789,1.094446455166942,0.0,L,F;I;L;V,differs_from_consensus,True,True,scaffold_differs_from_msa_consensus,0.0,buried_core,False,True,False,False,5.806919686764958,True,True,unassigned_manual_review,,not_annotated_no_domain_boundaries,,True,False
6E9F,A,VI-D,ternary,533,534,R,468.0,R,534.0,,ARG,True,1899,1900,four_layer_exact,high,1.0,0.3469387755102041,2.0446377815591643,0.0,A,A;D;N;Q;R;S,differs_from_consensus,True,True,scaffold_differs_from_msa_consensus,0.14909379587939736,buried_core,False,True,False,False,6.321906490545152,True,True,unassigned_manual_review,,not_annotated_no_domain_boundaries,,True,False
6E9F,A,VI-D,ternary,536,537,L,471.0,L,537.0,,LEU,True,1902,1903,four_layer_exact,high,1.0,0.3741496598639456,1.895009882115032,0.0,I,I;L;M;N;V,differs_from_consensus,True,True,scaffold_differs_from_msa_consensus,0.0627018130176771,buried_core,False,False,False,False,9.357320345320527,True,True,unassigned_manual_review,,not_annotated_no_domain_boundaries,,True,False
6E9F,A,VI-D,ternary,537,538,E,472.0,E,538.0,,GLU,True,1903,1904,four_layer_exact,high,1.0,0.3469387755102041,2.0107811541491083,0.0,D,D;E;K;N;Q;S,differs_from_consensus,True,True,scaffold_differs_from_msa_consensus,0.3948407744411875,surface,False,False,False,False,10.314543019645596,True,False,unassigned_manual_review,,not_annotated_no_domain_boundaries,,True,False
6E9F,A,VI-D,ternary,538,539,I,473.0,I,539.0,,ILE,True,1904,1905,four_layer_exact,high,1.0,0.3741496598639456,1.562613437700859,0.0,V,I;L;T;V,differs_from_consensus,True,True,scaffold_differs_from_msa_consensus,0.006130092467207697,buried_core,False,True,False,False,7.7449829557035255,True,True,unassigned_manual_review,,not_annotated_no_domain_boundaries,,True,False
6E9F,A,VI-D,ternary,539,540,M,474.0,M,540.0,,MET,True,1913,1914,four_layer_exact,high,1.0,0.3071853741496598,1.8058501554481996,0.0,L,A;I;L;M,differs_from_consensus,True,True,scaffold_differs_from_msa_consensus,0.0,buried_core,False,False,False,False,10.40170834713424,True,True,unassigned_manual_review,,not_annotated_no_domain_boundaries,,True,False
6E9F,A,VI-D,ternary,540,541,D,475.0,D,541.0,,ASP,True,1914,1915,four_layer_exact,high,0.9945054945054944,0.3219178082191781,2.0026462262962146,0.0054945054945054,K,D;E;K;N;R,differs_from_consensus,True,True,scaffold_differs_from_msa_consensus,0.419897786345026,surface,False,False,False,False,13.371935598398725,True,False,unassigned_manual_review,,not_annotated_no_domain_boundaries,,True,False
6E9F,A,VI-D,ternary,545,546,D,480.0,D,546.0,,ASP,True,1953,1954,four_layer_exact,high,0.967032967032967,0.2413563829787234,2.1898049691173327,0.0329670329670329,E,D;E;K;N;P;S,differs_from_consensus,True,True,scaffold_differs_from_msa_consensus,0.3799080139600637,surface,False,False,False,False,15.091710339473968,True,False,unassigned_manual_review,,not_annotated_no_domain_boundaries,,True,False
6E9F,A,VI-D,ternary,546,547,R,481.0,R,547.0,,ARG,True,1954,1955,four_layer_exact,high,0.956043956043956,0.1726618705035971,2.4325451488115584,0.0439560439560439,V,A;C;I;L;R;S;T;V,differs_from_consensus,True,True,scaffold_differs_from_msa_consensus,0.2551105777821027,surface,False,False,False,False,14.985298650056349,True,False,unassigned_manual_review,,not_annotated_no_domain_boundaries,,True,False
6E9F,A,VI-D,ternary,547,548,T,482.0,T,548.0,,THR,True,1981,1982,four_layer_exact,high,0.9725274725274724,0.2394366197183098,2.4260502226502383,0.0274725274725274,E,D;E;K;N;S;T,differs_from_consensus,True,True,scaffold_differs_from_msa_consensus,0.516186175555438,surface,False,False,False,False,18.16780181630919,True,False,unassigned_manual_review,,not_annotated_no_domain_boundaries,,True,False
6E9F,A,VI-D,ternary,550,551,A,485.0,A,551.0,,ALA,True,2037,2038,four_layer_exact,high,1.0,0.2539682539682539,2.089227697560553,0.0,E,A;D;E;K;P,differs_from_consensus,True,True,scaffold_differs_from_msa_consensus,0.6954722411438371,surface,False,False,False,False,22.47028936131733,True,False,unassigned_manual_review,,not_annotated_no_domain_boundaries,,True,False
6E9F,A,VI-D,ternary,553,554,S,488.0,S,554.0,,SER,True,2051,2052,four_layer_exact,high,0.9945054945054944,0.2157534246575342,2.177386161055365,0.0054945054945054,K,A;E;K;R;S,differs_from_consensus,True,True,scaffold_differs_from_msa_consensus,0.37781782347048243,surface,False,False,False,False,19.45785734615189,True,False,unassigned_manual_review,,not_annotated_no_domain_boundaries,,True,False
6E9F,A,VI-D,ternary,556,557,E,491.0,E,557.0,,GLU,True,2077,2078,four_layer_exact,high,0.9725274725274724,0.323943661971831,2.0774301339406964,0.0274725274725274,N,A;D;E;K;N;S,differs_from_consensus,True,True,scaffold_differs_from_msa_consensus,0.31385091029170675,surface,False,False,False,False,16.099050248085685,True,False,unassigned_manual_review,,not_annotated_no_domain_boundaries,,True,False
6E9F,A,VI-D,ternary,557,558,G,492.0,G,558.0,,GLY,True,2094,2095,four_layer_exact,high,1.0,0.2244897959183673,2.406589494979646,0.0,N,D;E;K;N;Q;R;S,differs_from_consensus,True,True,scaffold_differs_from_msa_consensus,0.2024333558535254,surface,False,False,False,False,14.541122081362019,True,False,unassigned_manual_review,,not_annotated_no_domain_boundaries,,True,False
6E9F,A,VI-D,ternary,559,560,T,494.0,T,560.0,,THR,True,2096,2097,four_layer_exact,high,1.0,0.2108843537414966,2.222595186472575,0.0,G,A;D;E;G;K;R;S,differs_from_consensus,True,True,scaffold_differs_from_msa_consensus,0.4817683476485936,surface,False,False,False,False,10.099323482925898,True,False,unassigned_manual_review,,not_annotated_no_domain_boundaries,,True,False
6E9F,A,VI-D,ternary,561,562,Y,496.0,Y,562.0,,TYR,True,2098,2099,four_layer_exact,high,1.0,0.5782312925170068,1.424677957899505,0.0,I,I;V;Y,differs_from_consensus,True,True,scaffold_differs_from_msa_consensus,0.07740578500833341,buried_core,False,False,False,False,10.914391875110207,True,True,unassigned_manual_review,,not_annotated_no_domain_boundaries,,True,False
6E9F,A,VI-D,ternary,562,563,L,497.0,L,563.0,,LEU,True,2099,2100,four_layer_exact,high,1.0,0.5238095238095238,1.6623759917322187,0.0,A,A;C;S;V,differs_from_consensus,True,True,scaffold_differs_from_msa_consensus,0.14351695518895918,buried_core,False,True,False,False,5.732541691233226,True,True,unassigned_manual_review,,not_annotated_no_domain_boundaries,,True,False
6E9F,A,VI-D,ternary,563,564,A,498.0,A,564.0,,ALA,True,2104,2105,four_layer_exact,high,0.989010989010989,0.2068965517241379,2.340981317019028,0.0109890109890109,E,A;D;E;K;N;R;S,differs_from_consensus,True,True,scaffold_differs_from_msa_consensus,0.430488398651793,surface,False,False,False,False,9.367726590373191,True,False,unassigned_manual_review,,not_annotated_no_domain_boundaries,,True,False
6E9F,A,VI-D,ternary,566,567,V,501.0,V,567.0,,VAL,True,2107,2108,four_layer_exact,high,0.9945054945054944,0.5958904109589042,1.604710796645177,0.0054945054945054,R,K;N;R;T,differs_from_consensus,True,True,scaffold_differs_from_msa_consensus,0.4456474120618057,surface,False,True,False,False,6.041611801515285,True,False,unassigned_manual_review,,not_annotated_no_domain_boundaries,,True,False
6E9F,A,VI-D,ternary,567,568,E,502.0,E,568.0,,GLU,True,2108,2109,four_layer_exact,high,1.0,0.2857142857142857,2.142879178549894,0.0,I,A;E;F;I;L;T;V,differs_from_consensus,True,True,scaffold_differs_from_msa_consensus,0.20686393021012806,surface,False,False,False,False,8.782968534583041,True,False,unassigned_manual_review,,not_annotated_no_domain_boundaries,,True,False
6E9F,A,VI-D,ternary,568,569,L,503.0,L,569.0,,LEU,True,2109,2110,four_layer_exact,high,1.0,0.3673469387755102,1.332497444898705,0.0,I,I;L;V,differs_from_consensus,True,True,scaffold_differs_from_msa_consensus,0.0060081005773130166,buried_core,False,True,False,False,7.822608780451531,True,True,unassigned_manual_review,,not_annotated_no_domain_boundaries,,True,False
6E9F,A,VI-D,ternary,569,570,N,504.0,N,570.0,,ASN,True,2110,2111,four_layer_exact,high,1.0,0.3877551020408163,1.5727945757315092,0.0,K,A;K;N,differs_from_consensus,True,True,scaffold_differs_from_msa_consensus,0.16336932672221824,buried_core,True,False,True,False,3.955664582541589,True,True,unassigned_manual_review,,not_annotated_no_domain_boundaries,,True,False
6E9F,A,VI-D,ternary,572,573,V,507.0,V,573.0,,VAL,True,2113,2114,four_layer_exact,high,1.0,0.6530612244897959,1.19525362353663,0.0,A,A;G;S,differs_from_consensus,True,True,scaffold_differs_from_msa_consensus,0.05776803903733374,buried_core,False,True,False,False,5.0911752370975,True,True,unassigned_manual_review,,not_annotated_no_domain_boundaries,,True,False
6E9F,A,VI-D,ternary,573,574,K,508.0,K,574.0,,LYS,True,2114,2115,four_layer_exact,high,1.0,0.6122448979591837,1.2143778303437045,0.0,R,K;R,differs_from_consensus,True,True,scaffold_differs_from_msa_consensus,0.40248860389130864,surface,True,False,True,False,4.08513451804796,True,False,unassigned_manual_review,,not_annotated_no_domain_boundaries,,True,False
6E9F,A,VI-D,ternary,574,575,S,509.0,S,575.0,,SER,True,2115,2116,four_layer_exact,high,1.0,0.8571428571428571,0.7113012067054002,0.0,M,M,differs_from_consensus,True,True,scaffold_differs_from_msa_consensus,0.23968049463500132,surface,False,True,False,False,5.1569976811494085,True,False,unassigned_manual_review,,not_annotated_no_domain_boundaries,,True,False
6E9F,A,VI-D,ternary,575,576,C,510.0,C,576.0,,CYS,True,2116,2117,four_layer_exact,high,0.9285714285714286,0.2164179104477611,2.2640765960078166,0.0714285714285714,K,C;D;E;G;K;Q;S;T,differs_from_consensus,True,True,scaffold_differs_from_msa_consensus,0.026479073582204055,buried_core,False,False,False,False,8.786103009775944,True,True,unassigned_manual_review,,not_annotated_no_domain_boundaries,,True,False
6E9F,A,VI-D,ternary,576,577,S,511.0,S,577.0,,SER,True,2122,2123,four_layer_exact,high,0.8516483516483516,0.6166666666666667,1.582507438135677,0.1483516483516483,K,K;R;S,differs_from_consensus,True,True,scaffold_differs_from_msa_consensus,0.4099490602510931,surface,False,False,False,False,10.54724100115023,True,False,unassigned_manual_review,,not_annotated_no_domain_boundaries,,True,False
6E9F,A,VI-D,ternary,577,578,F,512.0,F,578.0,,PHE,True,2123,2124,four_layer_exact,high,0.8516483516483516,0.4166666666666667,2.1032142678567847,0.1483516483516483,P,A;E;K;P,differs_from_consensus,True,True,scaffold_differs_from_msa_consensus,0.1359856706063488,buried_core,False,False,False,False,9.961499883300059,True,True,unassigned_manual_review,,not_annotated_no_domain_boundaries,,True,False
6E9F,A,VI-D,ternary,579,580,I,514.0,I,580.0,,ILE,True,2131,2132,four_layer_exact,high,0.967032967032967,0.1631205673758865,2.427358468175039,0.0329670329670329,A,A;E;I;K;L;M;P;V,differs_from_consensus,True,True,scaffold_differs_from_msa_consensus,0.6466707262756387,surface,False,False,False,False,13.01998562566753,True,False,unassigned_manual_review,,not_annotated_no_domain_boundaries,,True,False
6E9F,A,VI-D,ternary,584,585,T,519.0,T,585.0,,THR,True,2162,2163,four_layer_exact,high,0.9285714285714286,0.1703703703703703,2.5169221974396727,0.0714285714285714,V,A;E;I;P;Q;S;T;V,differs_from_consensus,True,True,scaffold_differs_from_msa_consensus,0.19500727712304225,buried_core,False,False,False,False,15.851551228387523,True,True,unassigned_manual_review,,not_annotated_no_domain_boundaries,,True,False
6E9F,A,VI-D,ternary,591,592,D,526.0,D,592.0,,ASP,True,2179,2180,four_layer_exact,high,0.9945054945054944,0.1506849315068493,2.5423870286418477,0.0054945054945054,R,A;D;E;K;N;Q;R;T;Y,differs_from_consensus,True,True,scaffold_differs_from_msa_consensus,0.11535798002524575,buried_core,False,False,False,False,16.473316223270366,True,True,unassigned_manual_review,,not_annotated_no_domain_boundaries,,True,False
6E9F,A,VI-D,ternary,596,597,E,531.0,E,597.0,,GLU,True,2207,2208,four_layer_exact,high,0.6153846153846154,0.2294372294372294,2.3917285271214634,0.3846153846153846,D,D;E;G;K;N;P;R;S,differs_from_consensus,False,True,scaffold_differs_from_msa_consensus,0.495900992059245,surface,False,False,False,False,17.123568498951126,True,False,unassigned_manual_review,,not_annotated_no_domain_boundaries,,False,False
6E9F,A,VI-D,ternary,597,598,S,532.0,S,598.0,,SER,True,2208,2209,four_layer_exact,high,0.4835164835164835,0.1481481481481481,2.435364438183984,0.5164835164835164,K,D;E;G;H;K;N;S;T;V,differs_from_consensus,False,True,scaffold_differs_from_msa_consensus,0.18293522397528944,buried_core,False,False,False,False,17.718889670150627,True,True,unassigned_manual_review,,not_annotated_no_domain_boundaries,,False,False
6E9F,A,VI-D,ternary,599,600,K,534.0,K,600.0,,LYS,True,2210,2211,four_layer_exact,high,0.6868131868131868,0.2333333333333333,2.6046820032950757,0.3131868131868132,M,A;I;K;L;M;V;Y,differs_from_consensus,False,True,scaffold_differs_from_msa_consensus,0.46971357493415145,surface,False,False,False,False,18.278598017708497,True,False,unassigned_manual_review,,not_annotated_no_domain_boundaries,,False,False
6E9F,A,VI-D,ternary,600,601,T,535.0,T,601.0,,THR,True,2211,2212,four_layer_exact,high,0.7637362637362637,0.3272235576923077,2.2898809709004224,0.2362637362637363,S,D;E;Q;S;T;Y,differs_from_consensus,False,True,scaffold_differs_from_msa_consensus,0.40589742385851474,surface,False,False,False,False,22.796255952998862,True,False,unassigned_manual_review,,not_annotated_no_domain_boundaries,,False,False
6E9F,A,VI-D,ternary,603,604,D,538.0,D,604.0,,ASP,True,2214,2215,four_layer_exact,high,0.9395604395604396,0.4068627450980391,1.9177663889166727,0.0604395604395604,E,A;D;E;N;Q,differs_from_consensus,True,True,scaffold_differs_from_msa_consensus,0.3206745053027888,surface,False,False,False,False,20.215831042566997,True,False,unassigned_manual_review,,not_annotated_no_domain_boundaries,,True,False
6E9F,A,VI-D,ternary,604,605,I,539.0,I,605.0,,ILE,True,2215,2216,four_layer_exact,high,0.9395604395604396,0.2794117647058823,2.3270442032622807,0.0604395604395604,L,F;I;L;V;Y,differs_from_consensus,True,True,scaffold_differs_from_msa_consensus,0.04904073973766158,buried_core,False,False,False,False,17.45204712818914,True,True,unassigned_manual_review,,not_annotated_no_domain_boundaries,,True,False
6E9F,A,VI-D,ternary,605,606,E,540.0,E,606.0,,GLU,True,2216,2217,four_layer_exact,high,0.9505494505494504,0.2246376811594203,2.2562227947184934,0.0494505494505495,D,D;E;K;N;Q;S,differs_from_consensus,True,True,scaffold_differs_from_msa_consensus,0.3378746552258484,surface,False,False,False,False,17.555007648581995,True,False,unassigned_manual_review,,not_annotated_no_domain_boundaries,,True,False
6E9F,A,VI-D,ternary,606,607,K,541.0,K,607.0,,LYS,True,2217,2218,four_layer_exact,high,0.934065934065934,0.2222222222222222,2.186511054381146,0.0659340659340659,E,A;D;E;K;N;Q;R;S,differs_from_consensus,True,True,scaffold_differs_from_msa_consensus,0.41098820943926234,surface,False,False,False,False,15.73621274698135,True,False,unassigned_manual_review,,not_annotated_no_domain_boundaries,,True,False
6E9F,A,VI-D,ternary,607,608,M,542.0,M,608.0,,MET,True,2218,2219,four_layer_exact,high,0.934065934065934,0.237037037037037,2.3975259230819947,0.0659340659340659,Y,A;E;F;I;K;L;M;Y,differs_from_consensus,True,True,scaffold_differs_from_msa_consensus,0.08777183515126895,buried_core,False,False,False,False,13.022357895123518,True,True,unassigned_manual_review,,not_annotated_no_domain_boundaries,,True,False
6E9F,A,VI-D,ternary,608,609,I,543.0,I,609.0,,ILE,True,2231,2232,four_layer_exact,high,0.7362637362637363,0.32,1.7236461551685858,0.2637362637362637,L,A;F;I;L;V,differs_from_consensus,False,True,scaffold_differs_from_msa_consensus,0.02452036986883079,buried_core,False,False,False,False,13.945679922507777,True,True,unassigned_manual_review,,not_annotated_no_domain_boundaries,,False,False
6E9F,A,VI-D,ternary,610,611,N,545.0,N,611.0,,ASN,True,2234,2235,four_layer_exact,high,0.9065934065934066,0.2045454545454545,2.2742192318380194,0.0934065934065934,E,D;E;K;N;R,differs_from_consensus,True,True,scaffold_differs_from_msa_consensus,0.3960526271366761,surface,False,False,False,False,10.969741479307022,True,False,unassigned_manual_review,,not_annotated_no_domain_boundaries,,True,False
6E9F,A,VI-D,ternary,613,614,Q,548.0,Q,614.0,,GLN,True,2237,2238,four_layer_exact,high,0.7857142857142857,0.2252252252252252,2.5311921718650634,0.2142857142857143,E,A;C;E;G;K;N;Q;S,differs_from_consensus,False,True,scaffold_differs_from_msa_consensus,0.32644794710802916,surface,False,False,False,False,10.52840831136054,True,False,unassigned_manual_review,,not_annotated_no_domain_boundaries,,False,False
6E9F,A,VI-D,ternary,614,615,I,549.0,I,615.0,,ILE,True,2277,2278,four_layer_exact,high,0.6648351648351648,0.2528735632183908,2.3446029804260986,0.3351648351648352,L,F;G;I;K;L;V;Y,differs_from_consensus,False,True,scaffold_differs_from_msa_consensus,0.562050189909577,surface,False,False,False,False,13.03793332592528,True,False,unassigned_manual_review,,not_annotated_no_domain_boundaries,,False,False
6E9F,A,VI-D,ternary,615,616,D,,,,,,False,2278,2279,full_msa_only_unresolved_coordinate,medium,0.7252747252747253,0.5612244897959183,1.5694452231864695,0.2747252747252747,D,D;E;K;N,matches_consensus,False,True,unresolved_internal,,,,,,,,False,False,unassigned_manual_review,,not_annotated_no_domain_boundaries,,False,False
6E9F,A,VI-D,ternary,616,617,A,,,,,,False,2279,2280,full_msa_only_unresolved_coordinate,medium,0.7032967032967034,0.3052631578947368,2.146703934903305,0.2967032967032966,K,A;E;K;P;R;S;T,differs_from_consensus,False,True,unresolved_internal;scaffold_differs_from_msa_consensus,,,,,,,,False,False,unassigned_manual_review,,not_annotated_no_domain_boundaries,,False,False
6E9F,A,VI-D,ternary,617,618,N,,,,,,False,2280,2281,full_msa_only_unresolved_coordinate,medium,0.5659340659340659,0.2857142857142857,2.239330999190396,0.4340659340659341,N,A;D;E;G;K;N;S,matches_consensus,False,True,unresolved_internal,,,,,,,,False,False,unassigned_manual_review,,not_annotated_no_domain_boundaries,,False,False
6E9F,A,VI-D,ternary,618,619,G,,,,,,False,2290,2291,full_msa_only_unresolved_coordinate,medium,0.6978021978021978,0.6344086021505376,1.383610521736433,0.3021978021978022,G,G;K;N;S,matches_consensus,False,True,unresolved_internal,,,,,,,,False,False,unassigned_manual_review,,not_annotated_no_domain_boundaries,,False,False
6E9F,A,VI-D,ternary,619,620,D,550.0,D,620.0,,ASP,True,2291,2292,four_layer_exact,high,0.7362637362637363,0.4603125,1.7781822332535753,0.2637362637362637,K,D;E;K;N;T,differs_from_consensus,False,True,scaffold_differs_from_msa_consensus,0.5402784079723011,surface,False,False,False,False,9.447366338460403,True,False,unassigned_manual_review,,not_annotated_no_domain_boundaries,,False,False
6E9F,A,VI-D,ternary,622,623,L,553.0,L,623.0,,LEU,True,2297,2298,four_layer_exact,high,0.4835164835164835,0.1785714285714285,2.369497347081102,0.5164835164835164,G,A;D;E;G;K;L;P;S;T,differs_from_consensus,False,True,scaffold_differs_from_msa_consensus,0.17292213738804607,buried_core,True,False,True,False,3.372439243386181,True,True,unassigned_manual_review,,not_annotated_no_domain_boundaries,,False,False
6E9F,A,VI-D,ternary,625,626,N,556.0,N,626.0,,ASN,True,2300,2301,four_layer_exact,high,0.412087912087912,0.2727272727272727,1.9138771772886185,0.5879120879120879,G,D;E;G;K;N,differs_from_consensus,False,True,scaffold_differs_from_msa_consensus,0.6242800214171347,surface,True,False,True,False,3.011048057750855,True,False,unassigned_manual_review,,not_annotated_no_domain_boundaries,,False,False
6E9F,A,VI-D,ternary,628,629,L,559.0,L,629.0,,LEU,True,2344,2345,four_layer_exact,high,0.9945054945054944,0.4726027397260274,1.5759153766818643,0.0054945054945054,F,F;I;L;V,differs_from_consensus,True,True,scaffold_differs_from_msa_consensus,0.017456939476589252,buried_core,True,False,True,False,4.70516498529366,True,True,unassigned_manual_review,,not_annotated_no_domain_boundaries,,True,False
6E9F,A,VI-D,ternary,634,635,S,565.0,S,635.0,,SER,True,2356,2357,four_layer_exact,high,1.0,0.7142857142857143,0.8897169537548101,0.0,N,K;N;S,differs_from_consensus,True,True,scaffold_differs_from_msa_consensus,0.0726404323131354,buried_core,True,False,True,True,3.594780017356692,True,True,unassigned_manual_review,,not_annotated_no_domain_boundaries,,True,False
6E9F,A,VI-D,ternary,638,639,D,569.0,D,639.0,,ASP,True,2360,2361,four_layer_exact,high,1.0,0.3333333333333333,1.8971449057834,0.0,E,D;E;K;N;S,differs_from_consensus,True,True,scaffold_differs_from_msa_consensus,0.22982498484071487,surface,True,False,False,True,3.499678431939418,True,False,unassigned_manual_review,,not_annotated_no_domain_boundaries,,True,False
6E9F,A,VI-D,ternary,640,641,N,571.0,N,641.0,,ASN,True,2362,2363,four_layer_exact,high,1.0,0.3537414965986394,1.8156290973535367,0.0,R,K;N;R;S;T,differs_from_consensus,True,True,scaffold_differs_from_msa_consensus,0.3183329759190285,surface,True,False,False,True,2.9451142123381278,True,False,unassigned_manual_review,,not_annotated_no_domain_boundaries,,True,False
6E9F,A,VI-D,ternary,654,655,I,585.0,I,655.0,,ILE,True,2377,2378,four_layer_exact,high,1.0,0.3537414965986394,1.688112846401972,0.0,V,A;C;I;L;V,differs_from_consensus,True,True,scaffold_differs_from_msa_consensus,0.012260184934415394,buried_core,False,False,False,False,15.088075876427737,True,True,unassigned_manual_review,,not_annotated_no_domain_boundaries,,True,False
6E9F,A,VI-D,ternary,656,657,E,587.0,E,657.0,,GLU,True,2379,2380,four_layer_exact,high,1.0,0.3356009070294784,2.0562657025875595,0.0,K,A;E;K;R,differs_from_consensus,True,True,scaffold_differs_from_msa_consensus,0.42798161848607885,surface,False,False,False,False,20.277061340838923,True,False,unassigned_manual_review,,not_annotated_no_domain_boundaries,,True,False
6E9F,A,VI-D,ternary,657,658,T,588.0,T,658.0,,THR,True,2380,2381,four_layer_exact,high,1.0,0.4693877551020408,1.471496016036716,0.0,L,F;I;L;V,differs_from_consensus,True,True,scaffold_differs_from_msa_consensus,0.007021094279301839,buried_core,False,False,False,False,19.102535601098815,True,True,unassigned_manual_review,,not_annotated_no_domain_boundaries,,True,False
6E9F,A,VI-D,ternary,660,661,C,591.0,C,661.0,,CYS,True,2388,2389,four_layer_exact,high,1.0,0.7959183673469388,0.8274555280008078,0.0,N,C;N,differs_from_consensus,True,True,scaffold_differs_from_msa_consensus,0.14305157494426865,buried_core,False,False,False,False,20.265369666619602,True,True,unassigned_manual_review,,not_annotated_no_domain_boundaries,,True,False
6E9F,A,VI-D,ternary,661,662,K,592.0,K,662.0,,LYS,True,2389,2390,four_layer_exact,high,1.0,0.2874149659863945,2.0159987736505576,0.0,E,E;K;P;R;T,differs_from_consensus,True,True,scaffold_differs_from_msa_consensus,0.37246775748293703,surface,False,False,False,False,19.617826298012048,True,False,unassigned_manual_review,,not_annotated_no_domain_boundaries,,True,False
6E9F,A,VI-D,ternary,662,663,P,593.0,P,663.0,,PRO,True,2390,2391,four_layer_exact,high,1.0,0.238095238095238,2.3303626812105,0.0,K,A;E;K;N;P;S;T,differs_from_consensus,True,True,scaffold_differs_from_msa_consensus,0.23373670637284916,surface,False,False,False,False,19.520755638162786,True,False,unassigned_manual_review,,not_annotated_no_domain_boundaries,,True,False
6E9F,A,VI-D,ternary,663,664,A,594.0,A,664.0,,ALA,True,2391,2392,four_layer_exact,high,1.0,0.3469387755102041,1.4594640207736869,0.0,V,A;I;L;V,differs_from_consensus,True,True,scaffold_differs_from_msa_consensus,0.0,buried_core,False,False,False,False,17.02476885845976,True,True,unassigned_manual_review,,not_annotated_no_domain_boundaries,,True,False
6E9F,A,VI-D,ternary,669,670,N,600.0,N,670.0,,ASN,True,2398,2399,four_layer_exact,high,0.9945054945054944,0.2602739726027397,2.153475989484622,0.0054945054945054,K,D;E;G;K;N;R;S,differs_from_consensus,True,True,scaffold_differs_from_msa_consensus,0.38216968753948954,surface,False,False,False,False,10.963386021940071,True,False,unassigned_manual_review,,not_annotated_no_domain_boundaries,,True,False
6E9F,A,VI-D,ternary,670,671,E,601.0,E,671.0,,GLU,True,2407,2408,four_layer_exact,high,0.978021978021978,0.3076923076923077,2.03431797599515,0.021978021978022,R,D;E;G;K;R;S,differs_from_consensus,True,True,scaffold_differs_from_msa_consensus,0.2843505381786515,surface,False,False,False,False,8.01516612258782,True,False,unassigned_manual_review,,not_annotated_no_domain_boundaries,,True,False
6E9F,A,VI-D,ternary,674,675,A,605.0,A,675.0,,ALA,True,2433,2434,four_layer_exact,high,1.0,0.2653061224489796,1.973315842127645,0.0,T,A;E;K;N;S;T,differs_from_consensus,True,True,scaffold_differs_from_msa_consensus,0.2960305710075666,surface,True,False,True,False,3.371843991696197,True,False,unassigned_manual_review,,not_annotated_no_domain_boundaries,,True,False
6E9F,A,VI-D,ternary,677,678,E,608.0,E,678.0,,GLU,True,2436,2437,four_layer_exact,high,1.0,0.3605442176870748,2.145366358317453,0.0,D,D;E;K;L;R;T,differs_from_consensus,True,True,scaffold_differs_from_msa_consensus,0.2097375717772996,surface,True,False,True,False,4.097258120973208,True,False,unassigned_manual_review,,not_annotated_no_domain_boundaries,,True,False
6E9F,A,VI-D,ternary,681,682,E,612.0,E,682.0,,GLU,True,2445,2446,four_layer_exact,high,0.9725274725274724,0.1974031690140845,2.4402951543493234,0.0274725274725274,K,D;E;K;N;R,differs_from_consensus,True,True,scaffold_differs_from_msa_consensus,0.529984370251651,surface,False,True,False,False,5.330558964066841,True,False,unassigned_manual_review,,not_annotated_no_domain_boundaries,,True,False
6E9F,A,VI-D,ternary,682,683,A,613.0,A,683.0,,ALA,True,2446,2447,four_layer_exact,high,0.9725274725274724,0.4859154929577465,1.7173684276155556,0.0274725274725274,S,A;S;T,differs_from_consensus,True,True,scaffold_differs_from_msa_consensus,0.009361459039069119,buried_core,True,False,False,True,3.3134635270632717,True,True,unassigned_manual_review,,not_annotated_no_domain_boundaries,,True,False
6E9F,A,VI-D,ternary,684,685,C,615.0,C,685.0,,CYS,True,2453,2454,four_layer_exact,high,0.8241758241758241,0.2260869565217391,2.5951530840494907,0.1758241758241758,T,F;G;I;K;N;S;T;V,differs_from_consensus,True,True,scaffold_differs_from_msa_consensus,0.38208997974334763,surface,False,False,False,False,8.969646907326426,True,False,unassigned_manual_review,,not_annotated_no_domain_boundaries,,True,False
6E9F,A,VI-D,ternary,685,686,P,616.0,P,686.0,,PRO,True,2454,2455,four_layer_exact,high,0.8461538461538461,0.4369747899159664,2.046389148472396,0.1538461538461538,G,D;E;G,differs_from_consensus,True,True,scaffold_differs_from_msa_consensus,0.6523261470909156,surface,False,True,False,False,7.694432407130071,True,False,unassigned_manual_review,,not_annotated_no_domain_boundaries,,True,True
6E9F,A,VI-D,ternary,686,687,K,,,,,,False,2455,2456,full_msa_only_unresolved_coordinate,medium,0.7582417582417582,0.1620145631067961,2.6546072910495537,0.2417582417582418,K,A;E;G;I;K;N;P;S;T,matches_consensus,False,True,unresolved_internal,,,,,,,,False,False,unassigned_manual_review,,not_annotated_no_domain_boundaries,,False,False
6E9F,A,VI-D,ternary,687,688,N,,,,,,False,2456,2457,full_msa_only_unresolved_coordinate,medium,0.8186813186813187,0.175438596491228,2.448897424287677,0.1813186813186813,K,D;E;G;K;N;P;R;S,differs_from_consensus,False,True,unresolved_internal;scaffold_differs_from_msa_consensus,,,,,,,,False,False,unassigned_manual_review,,not_annotated_no_domain_boundaries,,False,False
6E9F,A,VI-D,ternary,688,689,T,,,,,,False,2457,2458,full_msa_only_unresolved_coordinate,medium,0.5439560439560439,0.2307692307692307,2.3437011529219887,0.4560439560439561,E,D;E;P;S;T,differs_from_consensus,False,True,unresolved_internal;scaffold_differs_from_msa_consensus,,,,,,,,False,False,unassigned_manual_review,,not_annotated_no_domain_boundaries,,False,False
6E9F,A,VI-D,ternary,689,690,A,,,,,,False,2458,2459,full_msa_only_unresolved_coordinate,medium,0.4835164835164835,0.1296296296296296,2.698480368890356,0.5164835164835164,E,A;E;I;L;N;P;S;T;V,differs_from_consensus,False,True,unresolved_internal;scaffold_differs_from_msa_consensus,,,,,,,,False,False,unassigned_manual_review,,not_annotated_no_domain_boundaries,,False,False
6E9F,A,VI-D,ternary,690,691,L,,,,,,False,2459,2460,full_msa_only_unresolved_coordinate,medium,0.4065934065934066,0.1904761904761904,2.5036877497927854,0.5934065934065934,Y,F;I;L;P;Y,differs_from_consensus,False,True,unresolved_internal;scaffold_differs_from_msa_consensus,,,,,,,,False,False,unassigned_manual_review,,not_annotated_no_domain_boundaries,,False,False
6E9F,A,VI-D,ternary,691,692,C,617.0,C,692.0,,CYS,True,2460,2461,four_layer_exact,high,0.3626373626373626,0.2058823529411764,2.462566966920486,0.6373626373626373,D,A;C;D;E;N;P;S;T;Y,differs_from_consensus,False,True,scaffold_differs_from_msa_consensus,0.6096778624899856,surface,False,False,False,False,14.375438332063968,True,False,unassigned_manual_review,,not_annotated_no_domain_boundaries,,False,True
6E9F,A,VI-D,ternary,692,693,S,618.0,S,693.0,,SER,True,2461,2462,four_layer_exact,high,0.3076923076923077,0.1666666666666666,2.469811713553478,0.6923076923076923,N,D;K;N;Q;R;S;T;V,differs_from_consensus,False,True,scaffold_differs_from_msa_consensus,0.36975272681018667,surface,False,False,False,False,15.796276152264712,True,False,unassigned_manual_review,,not_annotated_no_domain_boundaries,,False,False
6E9F,A,VI-D,ternary,693,694,A,619.0,A,694.0,,ALA,True,2462,2463,four_layer_exact,high,0.4065934065934066,0.2,2.308087143602468,0.5934065934065934,P,A;E;G;K;N;P;Q;S;T,differs_from_consensus,False,True,scaffold_differs_from_msa_consensus,0.30080033667238426,surface,False,False,False,False,13.383708219214885,True,False,unassigned_manual_review,,not_annotated_no_domain_boundaries,,False,False
6E9F,A,VI-D,ternary,694,695,N,620.0,N,695.0,,ASN,True,2482,2483,four_layer_exact,high,0.8846153846153846,0.2887139107611548,2.144128212266124,0.1153846153846154,E,D;E;K;N;S,differs_from_consensus,True,True,scaffold_differs_from_msa_consensus,0.6357580798933642,surface,False,False,False,False,16.437111100197278,True,False,unassigned_manual_review,,not_annotated_no_domain_boundaries,,True,False
6E9F,A,VI-D,ternary,695,696,K,621.0,K,696.0,,LYS,True,2483,2484,four_layer_exact,high,0.8901098901098901,0.3125,2.275687682037037,0.1098901098901099,E,A;D;E;K;R;T,differs_from_consensus,True,True,scaffold_differs_from_msa_consensus,0.48312476773566077,surface,False,False,False,False,17.442340832128288,True,False,unassigned_manual_review,,not_annotated_no_domain_boundaries,,True,False
6E9F,A,VI-D,ternary,696,697,R,622.0,R,697.0,,ARG,True,2484,2485,four_layer_exact,high,0.9945054945054944,0.4535530821917808,1.8017100993145243,0.0054945054945054,K,K;M;Q,differs_from_consensus,True,True,scaffold_differs_from_msa_consensus,0.172870148747095,buried_core,False,False,False,False,10.59151713535693,True,True,unassigned_manual_review,,not_annotated_no_domain_boundaries,,True,False
6E9F,A,VI-D,ternary,697,698,R,623.0,R,698.0,,ARG,True,2485,2486,four_layer_exact,high,1.0,0.4693877551020408,1.4556105835935438,0.0,I,I;L;R;V,differs_from_consensus,True,True,scaffold_differs_from_msa_consensus,0.08464757694765464,buried_core,False,False,False,False,10.125510560149415,True,True,unassigned_manual_review,,not_annotated_no_domain_boundaries,,True,False
6E9F,A,VI-D,ternary,698,699,E,624.0,E,699.0,,GLU,True,2486,2487,four_layer_exact,high,1.0,0.3199404761904761,2.0892302674309065,0.0,D,A;D;E;K;N;Q;S,differs_from_consensus,True,True,scaffold_differs_from_msa_consensus,0.4255011408999674,surface,False,False,False,False,16.801456788536907,True,False,unassigned_manual_review,,not_annotated_no_domain_boundaries,,True,False
6E9F,A,VI-D,ternary,699,700,K,625.0,K,700.0,,LYS,True,2487,2488,four_layer_exact,high,1.0,0.1632653061224489,2.568249472168473,0.0,E,A;E;F;K;T;V;Y,differs_from_consensus,True,True,scaffold_differs_from_msa_consensus,0.433677803282817,surface,False,False,False,False,14.555608003979701,True,False,unassigned_manual_review,,not_annotated_no_domain_boundaries,,True,False
6E9F,A,VI-D,ternary,702,703,D,628.0,D,703.0,,ASP,True,2490,2491,four_layer_exact,high,1.0,0.2312925170068027,2.0818279240922206,0.0,E,D;E;G;K;N;R,differs_from_consensus,True,True,scaffold_differs_from_msa_consensus,0.3090950831121211,surface,False,False,False,False,16.06841800040638,True,False,unassigned_manual_review,,not_annotated_no_domain_boundaries,,True,False
6E9F,A,VI-D,ternary,703,704,M,629.0,M,704.0,,MET,True,2491,2492,four_layer_exact,high,1.0,0.1564625850340136,2.3943393928930647,0.0,I,A;E;I;K;L;M;Q;R,differs_from_consensus,True,True,scaffold_differs_from_msa_consensus,0.11860634264677751,buried_core,False,False,False,False,11.373945716086194,True,True,unassigned_manual_review,,not_annotated_no_domain_boundaries,,True,False
6E9F,A,VI-D,ternary,705,706,A,631.0,A,706.0,,ALA,True,2493,2494,four_layer_exact,high,1.0,0.2312925170068027,2.377059686067302,0.0,T,A;C;K;R;S;T;V,differs_from_consensus,True,True,scaffold_differs_from_msa_consensus,0.016611767814925897,buried_core,False,False,False,False,14.960171465049854,True,True,unassigned_manual_review,,not_annotated_no_domain_boundaries,,True,False
6E9F,A,VI-D,ternary,706,707,E,632.0,E,707.0,,GLU,True,2494,2495,four_layer_exact,high,1.0,0.2040816326530612,2.1812981957329782,0.0,G,D;E;G;K;N;Q;S,differs_from_consensus,True,True,scaffold_differs_from_msa_consensus,0.4220781291663412,surface,False,False,False,False,15.31618850032986,True,False,unassigned_manual_review,,not_annotated_no_domain_boundaries,,True,False
6E9F,A,VI-D,ternary,707,708,I,633.0,I,708.0,,ILE,True,2495,2496,four_layer_exact,high,1.0,0.272108843537415,1.7179731267051934,0.0,F,F;I;L;M;V,differs_from_consensus,True,True,scaffold_differs_from_msa_consensus,0.06526653953681545,buried_core,False,False,False,False,10.541686723032312,True,True,unassigned_manual_review,,not_annotated_no_domain_boundaries,,True,False
6E9F,A,VI-D,ternary,708,709,K,634.0,K,709.0,,LYS,True,2496,2497,four_layer_exact,high,1.0,0.4149659863945578,1.6454428118663162,0.0,S,D;K;N;S;T,differs_from_consensus,True,True,scaffold_differs_from_msa_consensus,0.6125876710967716,surface,False,False,False,False,11.420606252560813,True,False,unassigned_manual_review,,not_annotated_no_domain_boundaries,,True,False
6E9F,A,VI-D,ternary,710,711,E,636.0,E,711.0,,GLU,True,2498,2499,four_layer_exact,high,1.0,0.2090419501133786,2.268596289705408,0.0,D,D;E;G;K;N;S,differs_from_consensus,True,True,scaffold_differs_from_msa_consensus,0.3855289811130719,surface,False,True,False,False,6.378994099578705,True,False,unassigned_manual_review,,not_annotated_no_domain_boundaries,,True,False
6E9F,A,VI-D,ternary,711,712,N,637.0,N,712.0,,ASN,True,2500,2501,four_layer_exact,high,0.967032967032967,0.2061170212765957,2.411003770316559,0.0329670329670329,D,D;E;K;N;Q;S;T,differs_from_consensus,True,True,scaffold_differs_from_msa_consensus,0.5140420185246156,surface,False,False,False,False,11.760743304957117,True,False,unassigned_manual_review,,not_annotated_no_domain_boundaries,,True,False
6E9F,A,VI-D,ternary,712,713,F,638.0,F,713.0,,PHE,True,2502,2503,four_layer_exact,high,0.978021978021978,0.6083916083916084,1.3673360658753668,0.021978021978022,F,F;I;L,matches_consensus,True,False,,0.1953739716106673,buried_core,False,False,False,False,10.686628220415804,True,True,unassigned_manual_review,,not_annotated_no_domain_boundaries,,True,True
6E9F,A,VI-D,ternary,713,714,S,,,,,,False,2503,2504,full_msa_only_unresolved_coordinate,medium,0.978021978021978,0.2447552447552447,2.345306231783017,0.021978021978022,E,E;I;K;L;R;S;T,differs_from_consensus,False,True,unresolved_internal;scaffold_differs_from_msa_consensus,,,,,,,,False,False,unassigned_manual_review,,not_annotated_no_domain_boundaries,,False,False
6E9F,A,VI-D,ternary,714,715,D,,,,,,False,2511,2512,full_msa_only_unresolved_coordinate,medium,0.9725274725274724,0.3544600938967135,1.8248594816385624,0.0274725274725274,D,D;G;K;N,matches_consensus,False,True,unresolved_internal,,,,,,,,False,False,unassigned_manual_review,,not_annotated_no_domain_boundaries,,False,False
6E9F,A,VI-D,ternary,715,716,A,,,,,,False,2517,2518,full_msa_only_unresolved_coordinate,medium,0.9615384615384616,0.5928571428571429,1.110576939410738,0.0384615384615384,V,A;I;V,differs_from_consensus,False,True,unresolved_internal;scaffold_differs_from_msa_consensus,,,,,,,,False,False,unassigned_manual_review,,not_annotated_no_domain_boundaries,,False,False
6E9F,A,VI-D,ternary,716,717,G,,,,,,False,2526,2527,full_msa_only_unresolved_coordinate,medium,0.8956043956043956,0.2578125,2.3014362249240654,0.1043956043956043,K,D;E;G;K;N;Q;R,differs_from_consensus,False,True,unresolved_internal;scaffold_differs_from_msa_consensus,,,,,,,,False,False,unassigned_manual_review,,not_annotated_no_domain_boundaries,,False,False
6E9F,A,VI-D,ternary,717,718,N,,,,,,False,2527,2528,full_msa_only_unresolved_coordinate,medium,0.8846153846153846,0.4047619047619047,1.885689526112464,0.1153846153846154,Q,E;K;N;Q;T,differs_from_consensus,False,True,unresolved_internal;scaffold_differs_from_msa_consensus,,,,,,,,False,False,unassigned_manual_review,,not_annotated_no_domain_boundaries,,False,False
6E9F,A,VI-D,ternary,718,719,Y,,,,,,False,2528,2529,full_msa_only_unresolved_coordinate,medium,0.8846153846153846,0.1904761904761904,2.557731120816462,0.1153846153846154,K,A;K;L;M;N;S;V,differs_from_consensus,False,True,unresolved_internal;scaffold_differs_from_msa_consensus,,,,,,,,False,False,unassigned_manual_review,,not_annotated_no_domain_boundaries,,False,False
6E9F,A,VI-D,ternary,719,720,Q,,,,,,False,2532,2533,full_msa_only_unresolved_coordinate,medium,0.7802197802197802,0.1743119266055046,2.408228072180579,0.2197802197802197,A,A;D;E;K;N;Q;S;V,differs_from_consensus,False,True,unresolved_internal;scaffold_differs_from_msa_consensus,,,,,,,,False,False,unassigned_manual_review,,not_annotated_no_domain_boundaries,,False,False
6E9F,A,VI-D,ternary,720,721,K,,,,,,False,2533,2534,full_msa_only_unresolved_coordinate,medium,0.7582417582417582,0.2857142857142857,2.202028705278716,0.2417582417582418,K,D;E;K;N;R;S,matches_consensus,False,True,unresolved_internal,,,,,,,,False,False,unassigned_manual_review,,not_annotated_no_domain_boundaries,,False,False
6E9F,A,VI-D,ternary,721,722,A,,,,,,False,2541,2542,full_msa_only_unresolved_coordinate,medium,0.3571428571428571,0.2666666666666666,2.268605285634966,0.6428571428571428,A,A;I;S;V,matches_consensus,False,True,unresolved_internal,,,,,,,,False,False,unassigned_manual_review,,not_annotated_no_domain_boundaries,,False,False
6E9F,A,VI-D,ternary,722,723,N,,,,,,False,2542,2543,full_msa_only_unresolved_coordinate,medium,0.510989010989011,0.3275862068965517,2.0233165659635355,0.489010989010989,N,E;F;G;K;N;Y,matches_consensus,False,True,unresolved_internal,,,,,,,,False,False,unassigned_manual_review,,not_annotated_no_domain_boundaries,,False,False
6E9F,A,VI-D,ternary,723,724,V,,,,,,False,2543,2544,full_msa_only_unresolved_coordinate,medium,0.521978021978022,0.284375,2.1764025004460144,0.478021978021978,A,A;D;E;G;K;S;V,differs_from_consensus,False,True,unresolved_internal;scaffold_differs_from_msa_consensus,,,,,,,,False,False,unassigned_manual_review,,not_annotated_no_domain_boundaries,,False,False
6E9F,A,VI-D,ternary,724,725,T,,,,,,False,2544,2545,full_msa_only_unresolved_coordinate,medium,0.521978021978022,0.25,2.1819940971853127,0.478021978021978,D,D;E;K;N;Q;R;S;T,differs_from_consensus,False,True,unresolved_internal;scaffold_differs_from_msa_consensus,,,,,,,,False,False,unassigned_manual_review,,not_annotated_no_domain_boundaries,,False,False
6E9F,A,VI-D,ternary,725,726,S,639.0,S,726.0,,SER,True,2551,2552,four_layer_exact,high,0.2417582417582417,0.3076923076923077,1.3516811946858949,0.7582417582417582,G,A;D;G;S,differs_from_consensus,False,True,scaffold_differs_from_msa_consensus,0.6731790955641211,surface,False,False,False,False,8.332659856635692,True,False,unassigned_manual_review,,not_annotated_no_domain_boundaries,,False,True
6E9F,A,VI-D,ternary,726,727,R,640.0,R,727.0,,ARG,True,2552,2553,four_layer_exact,high,0.2417582417582417,0.235576923076923,1.890569171506172,0.7582417582417582,T,D;K;L;S;T;V;Y,differs_from_consensus,False,True,scaffold_differs_from_msa_consensus,0.6405330429551158,surface,True,False,True,False,4.618986374790253,True,False,unassigned_manual_review,,not_annotated_no_domain_boundaries,,False,False
6E9F,A,VI-D,ternary,727,728,T,641.0,T,728.0,,THR,True,2555,2556,four_layer_exact,high,0.8131868131868132,0.1739130434782608,2.3780661473668188,0.1868131868131868,S,A;G;K;P;Q;R;S;T,differs_from_consensus,True,True,scaffold_differs_from_msa_consensus,0.6081726659951955,surface,False,True,False,False,5.532840183239206,True,False,unassigned_manual_review,,not_annotated_no_domain_boundaries,,True,False
6E9F,A,VI-D,ternary,728,729,S,642.0,S,729.0,,SER,True,2556,2557,four_layer_exact,high,0.8461538461538461,0.1652892561983471,2.420833704936432,0.1538461538461538,E,A;D;E;K;N;Q;R,differs_from_consensus,True,True,scaffold_differs_from_msa_consensus,0.4634931493384956,surface,False,False,False,False,8.015683910100995,True,False,unassigned_manual_review,,not_annotated_no_domain_boundaries,,True,False
6E9F,A,VI-D,ternary,730,731,A,644.0,A,731.0,,ALA,True,2559,2560,four_layer_exact,high,0.9725274725274724,0.2957746478873239,2.3409547363578675,0.0274725274725274,N,A;G;I;K;N;Q;S,differs_from_consensus,True,True,scaffold_differs_from_msa_consensus,0.10600405767919241,buried_core,True,False,True,False,4.05474895141347,True,True,unassigned_manual_review,,not_annotated_no_domain_boundaries,,True,False
6E9F,A,VI-D,ternary,732,733,I,646.0,I,733.0,,ILE,True,2561,2562,four_layer_exact,high,0.9835164835164836,0.3402777777777778,2.1743241749712787,0.0164835164835165,E,D;E;K;Q;R,differs_from_consensus,True,True,scaffold_differs_from_msa_consensus,0.36167545556525416,surface,False,False,False,False,8.604419794601112,True,False,unassigned_manual_review,,not_annotated_no_domain_boundaries,,True,False
6E9F,A,VI-D,ternary,734,735,R,648.0,R,735.0,,ARG,True,2563,2564,four_layer_exact,high,0.989010989010989,0.5655172413793104,1.6154148084290416,0.0109890109890109,E,A;E;Q;R,differs_from_consensus,True,True,scaffold_differs_from_msa_consensus,0.23275367444182996,surface,True,False,False,True,3.407557752331241,True,False,unassigned_manual_review,,not_annotated_no_domain_boundaries,,True,False
6E9F,A,VI-D,ternary,735,736,K,649.0,K,736.0,,LYS,True,2564,2565,four_layer_exact,high,0.9945054945054944,0.4452054794520548,1.5924278725022518,0.0054945054945054,R,K;Q;R,differs_from_consensus,True,True,scaffold_differs_from_msa_consensus,0.2372062195459629,surface,False,True,False,False,6.770588997283539,True,False,unassigned_manual_review,,not_annotated_no_domain_boundaries,,True,False
6E9F,A,VI-D,ternary,736,737,N,650.0,N,737.0,,ASN,True,2565,2566,four_layer_exact,high,1.0,0.2244897959183673,2.217077410589673,0.0,K,F;K;L;M;N;Y,differs_from_consensus,True,True,scaffold_differs_from_msa_consensus,0.02231909862670022,buried_core,False,True,False,False,7.879229631518384,True,True,unassigned_manual_review,,not_annotated_no_domain_boundaries,,True,False
6E9F,A,VI-D,ternary,737,738,Q,651.0,Q,738.0,,GLN,True,2566,2567,four_layer_exact,high,1.0,0.5714285714285714,1.3168066800392395,0.0,K,K;Q,differs_from_consensus,True,True,scaffold_differs_from_msa_consensus,0.07465328923613582,buried_core,True,False,True,True,3.5622550674268574,True,True,unassigned_manual_review,,not_annotated_no_domain_boundaries,,True,False
6E9F,A,VI-D,ternary,741,742,R,655.0,R,742.0,,ARG,True,2570,2571,four_layer_exact,high,0.9945054945054944,0.3583617747440273,1.628871656479298,0.0054945054945054,G,G;K;N;R;S;T,differs_from_consensus,True,True,scaffold_differs_from_msa_consensus,0.0915522013855808,buried_core,True,False,True,True,2.513039800176474,True,True,unassigned_manual_review,,not_annotated_no_domain_boundaries,,True,False
6E9F,A,VI-D,ternary,747,748,M,661.0,M,748.0,,MET,True,2576,2577,four_layer_exact,high,0.9945054945054944,0.3583617747440273,1.7035115601036432,0.0054945054945054,L,A;I;L;M;V,differs_from_consensus,True,True,scaffold_differs_from_msa_consensus,0.005744626566564195,buried_core,False,False,False,False,11.28115335851275,True,True,unassigned_manual_review,,not_annotated_no_domain_boundaries,,True,False
6E9F,A,VI-D,ternary,749,750,I,663.0,I,750.0,,ILE,True,2578,2579,four_layer_exact,high,0.9945054945054944,0.5802047781569966,1.3137402061419368,0.0054945054945054,L,I;L;Q,differs_from_consensus,True,True,scaffold_differs_from_msa_consensus,0.1961629589506463,buried_core,False,True,False,False,6.865151681858146,True,True,unassigned_manual_review,,not_annotated_no_domain_boundaries,,True,False
6E9F,A,VI-D,ternary,750,751,M,664.0,M,751.0,,MET,True,2579,2580,four_layer_exact,high,0.9945054945054944,0.3583617747440273,1.6765219583980584,0.0054945054945054,I,A;F;I;L;V,differs_from_consensus,True,True,scaffold_differs_from_msa_consensus,0.0,buried_core,False,False,False,False,12.109918490935163,True,True,unassigned_manual_review,,not_annotated_no_domain_boundaries,,True,False
6E9F,A,VI-D,ternary,751,752,L,665.0,L,752.0,,LEU,True,2580,2581,four_layer_exact,high,0.9945054945054944,0.4163822525597269,1.7118747516697963,0.0054945054945054,V,I;L;T;V,differs_from_consensus,True,True,scaffold_differs_from_msa_consensus,0.012016201154626033,buried_core,False,False,False,False,13.740973436258743,True,True,unassigned_manual_review,,not_annotated_no_domain_boundaries,,True,False
6E9F,A,VI-D,ternary,759,760,A,673.0,A,760.0,,ALA,True,2588,2589,four_layer_exact,high,0.9945054945054944,0.4436860068259385,1.204293998580746,0.0054945054945054,S,A;S;T,differs_from_consensus,True,True,scaffold_differs_from_msa_consensus,0.01766734294653207,buried_core,False,True,False,False,6.326749398365615,True,True,unassigned_manual_review,,not_annotated_no_domain_boundaries,,True,False
6E9F,A,VI-D,ternary,768,769,V,682.0,V,769.0,,VAL,True,2597,2598,four_layer_exact,high,0.9945054945054944,0.5872440273037542,1.4647097106339533,0.0054945054945054,L,F;L;V;Y,differs_from_consensus,True,True,scaffold_differs_from_msa_consensus,0.0069403920462064155,buried_core,False,False,False,False,8.33335859132867,True,True,unassigned_manual_review,,not_annotated_no_domain_boundaries,,True,False
6E9F,A,VI-D,ternary,772,773,T,686.0,T,773.0,,THR,True,2602,2603,four_layer_exact,high,0.9835164835164836,0.2320501730103806,2.369872249098753,0.0164835164835165,A,A;R;S;T;Y,differs_from_consensus,True,True,scaffold_differs_from_msa_consensus,0.1053164141895276,buried_core,False,False,False,False,13.21555945641453,True,True,unassigned_manual_review,,not_annotated_no_domain_boundaries,,True,False
6E9F,A,VI-D,ternary,773,774,K,687.0,K,774.0,,LYS,True,2603,2604,four_layer_exact,high,0.989010989010989,0.1580756013745704,2.5890123444313358,0.0109890109890109,A,A;E;K;L;Q;S;V;Y,differs_from_consensus,True,True,scaffold_differs_from_msa_consensus,0.2525969884505655,surface,False,False,False,False,15.159893692940583,True,False,unassigned_manual_review,,not_annotated_no_domain_boundaries,,True,False
6E9F,A,VI-D,ternary,776,777,A,690.0,A,777.0,,ALA,True,2607,2608,four_layer_exact,high,0.7967032967032966,0.2072072072072072,2.42398740981,0.2032967032967033,G,D;E;G;K;L;N,differs_from_consensus,False,True,scaffold_differs_from_msa_consensus,0.452100607833977,surface,False,False,False,False,16.118438633403038,True,False,unassigned_manual_review,,not_annotated_no_domain_boundaries,,False,False
6E9F,A,VI-D,ternary,777,778,E,691.0,E,778.0,,GLU,True,2608,2609,four_layer_exact,high,0.6483516483516484,0.1058823529411764,2.708149798870757,0.3516483516483516,Q,D;E;I;K;L;N;Q;R;V,differs_from_consensus,False,True,scaffold_differs_from_msa_consensus,0.6121954827596716,surface,False,False,False,False,17.45078971381441,True,False,unassigned_manual_review,,not_annotated_no_domain_boundaries,,False,False
6E9F,A,VI-D,ternary,778,779,S,692.0,S,779.0,,SER,True,2609,2610,four_layer_exact,high,0.5274725274725275,0.2539682539682539,2.3626466250137828,0.4725274725274725,K,E;K;Q;S,differs_from_consensus,False,True,scaffold_differs_from_msa_consensus,0.3026299851504194,surface,False,False,False,False,14.646637988776861,True,False,unassigned_manual_review,,not_annotated_no_domain_boundaries,,False,False
6E9F,A,VI-D,ternary,780,781,L,694.0,L,781.0,,LEU,True,2617,2618,four_layer_exact,high,0.7472527472527473,0.224390243902439,2.4455305924756554,0.2527472527472527,K,D;E;I;K;L;Q;V,differs_from_consensus,False,True,scaffold_differs_from_msa_consensus,0.17355745807552425,buried_core,False,False,False,False,15.657209779943198,True,True,unassigned_manual_review,,not_annotated_no_domain_boundaries,,False,False
6E9F,A,VI-D,ternary,781,782,E,695.0,E,782.0,,GLU,True,2618,2619,four_layer_exact,high,0.7967032967032966,0.2516816143497757,2.32476777145408,0.2032967032967033,K,A;E;K;N;S;T,differs_from_consensus,False,True,scaffold_differs_from_msa_consensus,0.7617803742207317,surface,False,False,False,False,20.388280212122076,True,False,unassigned_manual_review,,not_annotated_no_domain_boundaries,,False,False
6E9F,A,VI-D,ternary,782,783,V,696.0,V,783.0,,VAL,True,2619,2620,four_layer_exact,high,0.7472527472527473,0.2610837438423645,2.1158077834497107,0.2527472527472527,L,F;G;I;L;V;Y,differs_from_consensus,False,True,scaffold_differs_from_msa_consensus,0.1367631335400264,buried_core,False,False,False,False,17.11275499650317,True,True,unassigned_manual_review,,not_annotated_no_domain_boundaries,,False,False
6E9F,A,VI-D,ternary,783,784,G,697.0,G,784.0,,GLY,True,2621,2622,four_layer_exact,high,0.6208791208791209,0.1783439490445859,2.4032502966240665,0.3791208791208791,K,D;E;G;K;N;S,differs_from_consensus,False,True,scaffold_differs_from_msa_consensus,0.5094463437389947,surface,False,False,False,False,20.176155110776392,True,False,unassigned_manual_review,,not_annotated_no_domain_boundaries,,False,False
6E9F,A,VI-D,ternary,785,786,I,699.0,I,786.0,,ILE,True,2623,2624,four_layer_exact,high,0.3461538461538461,0.1269841269841269,2.487636534927092,0.6538461538461539,G,G;H;I;L;N;S;T;V;Y,differs_from_consensus,False,True,scaffold_differs_from_msa_consensus,0.10363268964138715,buried_core,False,False,False,False,14.687808339899465,True,True,unassigned_manual_review,,not_annotated_no_domain_boundaries,,False,False
6E9F,A,VI-D,ternary,786,787,E,700.0,E,787.0,,GLU,True,2642,2643,four_layer_exact,high,0.412087912087912,0.188235294117647,2.454431655078948,0.5879120879120879,D,D;E;G;L;S;T,differs_from_consensus,False,True,scaffold_differs_from_msa_consensus,0.5337283597746019,surface,False,False,False,False,19.338000482653786,True,False,unassigned_manual_review,,not_annotated_no_domain_boundaries,,False,False
6E9F,A,VI-D,ternary,789,790,K,703.0,K,790.0,,LYS,True,2645,2646,four_layer_exact,high,0.3406593406593406,0.1475409836065573,2.536311353937628,0.6593406593406593,R,A;C;D;E;G;K;L;N;Q;R,differs_from_consensus,False,True,scaffold_differs_from_msa_consensus,0.0960595201168191,buried_core,False,False,False,False,14.419680623149851,True,True,unassigned_manual_review,,not_annotated_no_domain_boundaries,,False,False
6E9F,A,VI-D,ternary,790,791,T,704.0,T,791.0,,THR,True,2677,2678,four_layer_exact,high,0.989010989010989,0.3024054982817869,2.309402011292449,0.0109890109890109,L,A;F;L;R;S;T,differs_from_consensus,True,True,scaffold_differs_from_msa_consensus,0.051418666142186945,buried_core,False,False,False,False,16.04981695302144,True,True,unassigned_manual_review,,not_annotated_no_domain_boundaries,,True,False
6E9F,A,VI-D,ternary,791,792,N,705.0,N,792.0,,ASN,True,2678,2679,four_layer_exact,high,0.989010989010989,0.3230240549828179,2.3644001380882167,0.0109890109890109,A,A;E;G;K;S,differs_from_consensus,True,True,scaffold_differs_from_msa_consensus,0.14516568225025753,buried_core,False,False,False,False,17.03486196608802,True,True,unassigned_manual_review,,not_annotated_no_domain_boundaries,,True,False
6E9F,A,VI-D,ternary,794,795,M,708.0,M,795.0,,MET,True,2701,2702,four_layer_exact,high,0.989010989010989,0.2336769759450171,2.2404601917955667,0.0109890109890109,K,A;D;E;K;N;Q;R,differs_from_consensus,True,True,scaffold_differs_from_msa_consensus,0.04887420571084692,buried_core,False,False,False,False,16.902704181343143,True,True,unassigned_manual_review,,not_annotated_no_domain_boundaries,,True,False
6E9F,A,VI-D,ternary,795,796,A,709.0,A,796.0,,ALA,True,2702,2703,four_layer_exact,high,0.9945054945054944,0.1575342465753424,2.5787273039239347,0.0054945054945054,Y,A;D;E;H;K;L;R;Y,differs_from_consensus,True,True,scaffold_differs_from_msa_consensus,0.1164210918498677,buried_core,False,False,False,False,17.127300115520356,True,True,unassigned_manual_review,,not_annotated_no_domain_boundaries,,True,False
6E9F,A,VI-D,ternary,796,797,V,710.0,V,797.0,,VAL,True,2703,2704,four_layer_exact,high,0.989010989010989,0.4827586206896552,1.609178058533682,0.0109890109890109,F,F;L;Y,differs_from_consensus,True,True,scaffold_differs_from_msa_consensus,0.018473431449357248,buried_core,False,False,False,False,12.950566299120924,True,True,unassigned_manual_review,,not_annotated_no_domain_boundaries,,True,False
6E9F,A,VI-D,ternary,797,798,M,711.0,M,798.0,,MET,True,2704,2705,four_layer_exact,high,0.989010989010989,0.3862068965517241,1.8964710809938348,0.0109890109890109,L,I;L;M;V,differs_from_consensus,True,True,scaffold_differs_from_msa_consensus,0.004783299214565716,buried_core,False,False,False,False,13.630729460800891,True,True,unassigned_manual_review,,not_annotated_no_domain_boundaries,,True,False
6E9F,A,VI-D,ternary,798,799,G,712.0,G,799.0,,GLY,True,2707,2708,four_layer_exact,high,0.9835164835164836,0.2083333333333333,2.3561891361010985,0.0164835164835165,E,A;D;E;G;K;N;S,differs_from_consensus,True,True,scaffold_differs_from_msa_consensus,0.46809694289341913,surface,False,False,False,False,17.835613748045276,True,False,unassigned_manual_review,,not_annotated_no_domain_boundaries,,True,False
6E9F,A,VI-D,ternary,799,800,V,713.0,V,800.0,,VAL,True,2708,2709,four_layer_exact,high,0.956043956043956,0.2078853046594982,2.396700478961797,0.0439560439560439,E,D;E;I;K;N;Q;R,differs_from_consensus,True,True,scaffold_differs_from_msa_consensus,0.036946862898714496,buried_core,False,False,False,False,18.60326308711205,True,True,unassigned_manual_review,,not_annotated_no_domain_boundaries,,True,False
6E9F,A,VI-D,ternary,801,802,L,715.0,L,802.0,,LEU,True,2751,2752,four_layer_exact,high,0.4615384615384615,0.1904761904761904,2.3429864624014907,0.5384615384615384,E,A;D;E;K;L;N;P;T,differs_from_consensus,False,True,scaffold_differs_from_msa_consensus,0.34862206787443345,surface,False,False,False,False,23.6459825737703,True,False,unassigned_manual_review,,not_annotated_no_domain_boundaries,,False,False
6E9F,A,VI-D,ternary,803,804,N,717.0,N,804.0,,ASN,True,2753,2754,four_layer_exact,high,0.478021978021978,0.2882882882882883,1.9605735622880087,0.5219780219780219,R,K;N;Q;R;S,differs_from_consensus,False,True,scaffold_differs_from_msa_consensus,0.5248391730423254,surface,False,False,False,False,29.828816265464564,True,False,unassigned_manual_review,,not_annotated_no_domain_boundaries,,False,False
6E9F,A,VI-D,ternary,805,806,I,719.0,I,806.0,,ILE,True,2755,2756,four_layer_exact,high,0.2582417582417582,0.375,1.927331081045034,0.7417582417582418,E,A;E;F;I;P;R;S;T;V,differs_from_consensus,False,True,scaffold_differs_from_msa_consensus,0.4720171199749927,surface,False,False,False,False,26.784952509358742,True,False,unassigned_manual_review,,not_annotated_no_domain_boundaries,,False,False
6E9F,A,VI-D,ternary,808,809,T,722.0,T,809.0,,THR,True,2758,2759,four_layer_exact,high,0.2582417582417582,0.3125,1.8364223867541591,0.7417582417582418,E,A;D;E;G;K;N;T;Y,differs_from_consensus,False,True,scaffold_differs_from_msa_consensus,0.1816527320541034,buried_core,False,False,False,False,19.234064786123344,True,True,unassigned_manual_review,,not_annotated_no_domain_boundaries,,False,False
6E9F,A,VI-D,ternary,809,810,E,723.0,E,810.0,,GLU,True,2759,2760,four_layer_exact,high,0.2582417582417582,0.375,1.6674619334292948,0.7417582417582418,D,D;E;K;R;S;T;V,differs_from_consensus,False,True,scaffold_differs_from_msa_consensus,0.40780109795673497,surface,False,False,False,False,17.116643013963564,True,False,unassigned_manual_review,,not_annotated_no_domain_boundaries,,False,False
6E9F,A,VI-D,ternary,810,811,F,724.0,F,811.0,,PHE,True,2764,2765,four_layer_exact,high,0.3021978021978022,0.2916666666666667,2.278081366326456,0.6978021978021978,C,C;I;L;T,differs_from_consensus,False,True,scaffold_differs_from_msa_consensus,0.3252323846252097,surface,False,False,False,False,9.73819490098633,True,False,unassigned_manual_review,,not_annotated_no_domain_boundaries,,False,False
6E9F,A,VI-D,ternary,813,814,S,727.0,S,814.0,,SER,True,2767,2768,four_layer_exact,high,0.4725274725274725,0.1272727272727272,2.515219789085249,0.5274725274725275,E,A;D;E;G;I;K;P;S;V,differs_from_consensus,False,True,scaffold_differs_from_msa_consensus,0.4578600102221929,surface,False,False,False,False,12.935455068998088,True,False,unassigned_manual_review,,not_annotated_no_domain_boundaries,,False,False
6E9F,A,VI-D,ternary,814,815,F,728.0,F,815.0,,PHE,True,2768,2769,four_layer_exact,high,0.478021978021978,0.1785714285714285,2.576563939914319,0.5219780219780219,K,A;D;E;F;K;L;R;S;T,differs_from_consensus,False,True,scaffold_differs_from_msa_consensus,0.22083113464074636,surface,False,False,False,False,14.03803462278068,True,False,unassigned_manual_review,,not_annotated_no_domain_boundaries,,False,False
6E9F,A,VI-D,ternary,816,817,E,730.0,E,817.0,,GLU,True,2770,2771,four_layer_exact,high,0.489010989010989,0.396551724137931,1.753979294799344,0.510989010989011,K,A;D;E;K;R,differs_from_consensus,False,True,scaffold_differs_from_msa_consensus,0.6015252253221375,surface,False,False,False,False,9.413574377897708,True,False,unassigned_manual_review,,not_annotated_no_domain_boundaries,,False,False
6E9F,A,VI-D,ternary,817,818,N,731.0,N,818.0,,ASN,True,2771,2772,four_layer_exact,high,0.4835164835164835,0.2807017543859649,2.107607824357211,0.5164835164835164,E,A;E;K;N;Q;S;T,differs_from_consensus,False,True,scaffold_differs_from_msa_consensus,0.6390486645923918,surface,False,False,False,False,13.148663814535587,True,False,unassigned_manual_review,,not_annotated_no_domain_boundaries,,False,False
6E9F,A,VI-D,ternary,819,820,A,733.0,A,820.0,,ALA,True,2773,2774,four_layer_exact,high,0.6318681318681318,0.147239263803681,2.588783200271536,0.3681318681318681,K,K;L;N;R;T,differs_from_consensus,False,True,scaffold_differs_from_msa_consensus,0.24234235988419092,surface,False,False,False,False,11.365192051241914,True,False,unassigned_manual_review,,not_annotated_no_domain_boundaries,,False,False
6E9F,A,VI-D,ternary,824,825,R,738.0,R,825.0,,ARG,True,2778,2779,four_layer_exact,high,0.6593406593406593,0.3930635838150289,1.8599215232801665,0.3406593406593406,K,A;D;K;R,differs_from_consensus,False,True,scaffold_differs_from_msa_consensus,0.24522731074457513,surface,False,True,False,False,6.474800136163168,True,False,unassigned_manual_review,,not_annotated_no_domain_boundaries,,False,False
6E9F,A,VI-D,ternary,826,827,A,740.0,A,827.0,,ALA,True,2792,2793,four_layer_exact,high,0.9835164835164836,0.405997693194925,2.0801532475047324,0.0164835164835165,K,K;M;R;T,differs_from_consensus,True,True,scaffold_differs_from_msa_consensus,0.22113889869501363,surface,False,True,False,False,6.237975656242645,True,False,unassigned_manual_review,,not_annotated_no_domain_boundaries,,True,False
6E9F,A,VI-D,ternary,827,828,R,741.0,R,828.0,,ARG,True,2793,2794,four_layer_exact,high,0.9835164835164836,0.3598615916955017,1.445138951463459,0.0164835164835165,H,H;K;R;S,differs_from_consensus,True,True,scaffold_differs_from_msa_consensus,0.4981730330810224,surface,False,True,False,False,6.132314680110521,True,False,unassigned_manual_review,,not_annotated_no_domain_boundaries,,True,False
6E9F,A,VI-D,ternary,828,829,W,742.0,W,829.0,,TRP,True,2794,2795,four_layer_exact,high,0.9835164835164836,0.1799307958477508,2.322548022835267,0.0164835164835165,F,A;F;L;V;W;Y,differs_from_consensus,True,True,scaffold_differs_from_msa_consensus,0.06539583360240984,buried_core,True,False,True,False,4.05133749857397,True,True,unassigned_manual_review,,not_annotated_no_domain_boundaries,,True,False
6E9F,A,VI-D,ternary,829,830,Y,743.0,Y,830.0,,TYR,True,2795,2796,four_layer_exact,high,0.9835164835164836,0.1453287197231834,2.612648747591606,0.0164835164835165,S,A;C;G;K;N;R;S;T;Y,differs_from_consensus,True,True,scaffold_differs_from_msa_consensus,0.0,buried_core,False,False,False,False,8.925709284352997,True,True,unassigned_manual_review,,not_annotated_no_domain_boundaries,,True,False
6E9F,A,VI-D,ternary,830,831,K,744.0,K,831.0,,LYS,True,2796,2797,four_layer_exact,high,0.978021978021978,0.1672473867595819,2.5902126977516384,0.021978021978022,E,D;E;G;K;Q;R;S,differs_from_consensus,True,True,scaffold_differs_from_msa_consensus,0.33829628145850904,surface,False,False,False,False,9.075304482284928,True,False,unassigned_manual_review,,not_annotated_no_domain_boundaries,,True,False
6E9F,A,VI-D,ternary,831,832,L,745.0,L,832.0,,LEU,True,2820,2821,four_layer_exact,high,0.967032967032967,0.4770318021201413,1.7914208502171265,0.0329670329670329,Y,C;I;L;Y,differs_from_consensus,True,True,scaffold_differs_from_msa_consensus,0.2523402242471467,surface,False,False,False,False,9.522240175388626,True,False,unassigned_manual_review,,not_annotated_no_domain_boundaries,,True,False
6E9F,A,VI-D,ternary,832,833,I,746.0,I,833.0,,ILE,True,2821,2822,four_layer_exact,high,0.9615384615384616,0.3914590747330961,1.5504590116416832,0.0384615384615384,L,F;I;L;M;V,differs_from_consensus,True,True,scaffold_differs_from_msa_consensus,0.006130092467207697,buried_core,False,False,False,False,9.807889659384074,True,True,unassigned_manual_review,,not_annotated_no_domain_boundaries,,True,False
6E9F,A,VI-D,ternary,833,834,L,747.0,L,834.0,,LEU,True,2822,2823,four_layer_exact,high,0.956043956043956,0.2795698924731182,2.501059938905497,0.0439560439560439,K,A;E;K;R;S;T;V,differs_from_consensus,True,True,scaffold_differs_from_msa_consensus,0.01802430173193905,buried_core,False,False,False,False,14.729799606875455,True,True,unassigned_manual_review,,not_annotated_no_domain_boundaries,,True,False
6E9F,A,VI-D,ternary,834,835,D,748.0,D,835.0,,ASP,True,2824,2825,four_layer_exact,high,0.9505494505494504,0.2202166064981949,2.3007268366601537,0.0494505494505495,K,D;E;H;K;N;Q;S;T,differs_from_consensus,True,True,scaffold_differs_from_msa_consensus,0.37073163342879567,surface,False,False,False,False,14.270392835639662,True,False,unassigned_manual_review,,not_annotated_no_domain_boundaries,,True,False
6E9F,A,VI-D,ternary,837,838,K,751.0,K,838.0,,LYS,True,2886,2887,four_layer_exact,high,0.967032967032967,0.2367491166077738,2.1489935970760325,0.0329670329670329,E,A;D;E;K;N;S,differs_from_consensus,True,True,scaffold_differs_from_msa_consensus,0.3699287648981722,surface,False,False,False,False,18.2112306464875,True,False,unassigned_manual_review,,not_annotated_no_domain_boundaries,,True,False
6E9F,A,VI-D,ternary,838,839,K,752.0,K,839.0,,LYS,True,2887,2888,four_layer_exact,high,0.967032967032967,0.4169611307420495,2.00488469845492,0.0329670329670329,N,E;H;N;S,differs_from_consensus,True,True,scaffold_differs_from_msa_consensus,0.3651256957094984,surface,False,False,False,False,20.098433922290656,True,False,unassigned_manual_review,,not_annotated_no_domain_boundaries,,True,False
6E9F,A,VI-D,ternary,839,840,S,753.0,S,840.0,,SER,True,2901,2902,four_layer_exact,high,0.945054945054945,0.2909090909090909,2.1035600283597664,0.0549450549450549,A,A;I;L;S;V;Y,differs_from_consensus,True,True,scaffold_differs_from_msa_consensus,0.14780094891128207,buried_core,False,False,False,False,18.713089270513663,True,True,unassigned_manual_review,,not_annotated_no_domain_boundaries,,True,False
6E9F,A,VI-D,ternary,840,841,E,754.0,E,841.0,,GLU,True,2902,2903,four_layer_exact,high,0.9395604395604396,0.358974358974359,2.0819152050835474,0.0604395604395604,D,D;E;K;N;R;S,differs_from_consensus,True,True,scaffold_differs_from_msa_consensus,0.07154085507048635,buried_core,False,False,False,False,20.375545084631547,True,True,unassigned_manual_review,,not_annotated_no_domain_boundaries,,True,False
6E9F,A,VI-D,ternary,841,842,R,755.0,R,842.0,,ARG,True,2903,2904,four_layer_exact,high,0.934065934065934,0.1845018450184501,2.3924975417138663,0.0659340659340659,K,D;E;K;N;Q;S,differs_from_consensus,True,True,scaffold_differs_from_msa_consensus,0.43305593506407214,surface,False,False,False,False,20.605593429258565,True,False,unassigned_manual_review,,not_annotated_no_domain_boundaries,,True,False
6E9F,A,VI-D,ternary,842,843,A,756.0,A,843.0,,ALA,True,2904,2905,four_layer_exact,high,0.912087912087912,0.1444866920152091,2.714515138638037,0.0879120879120879,I,A;G;I;L;N;S;T;W;Y,differs_from_consensus,True,True,scaffold_differs_from_msa_consensus,0.36530127652019895,surface,False,False,False,False,21.706225455420043,True,False,unassigned_manual_review,,not_annotated_no_domain_boundaries,,True,False
6E9F,A,VI-D,ternary,843,844,V,757.0,V,844.0,,VAL,True,2927,2928,four_layer_exact,high,0.945054945054945,0.2608695652173913,2.1653032680391404,0.0549450549450549,L,A;F;I;L;M;S;T;V,differs_from_consensus,True,True,scaffold_differs_from_msa_consensus,0.02082117613861925,buried_core,False,False,False,False,18.468461946692237,True,True,unassigned_manual_review,,not_annotated_no_domain_boundaries,,True,False
6E9F,A,VI-D,ternary,844,845,V,758.0,V,845.0,,VAL,True,2928,2929,four_layer_exact,high,0.967032967032967,0.3028169014084507,1.9963040312387688,0.0329670329670329,I,F;I;L;V;Y,differs_from_consensus,True,True,scaffold_differs_from_msa_consensus,0.0,buried_core,False,False,False,False,15.889798826479716,True,True,unassigned_manual_review,,not_annotated_no_domain_boundaries,,True,False
6E9F,A,VI-D,ternary,845,846,N,759.0,N,846.0,,ASN,True,2940,2941,four_layer_exact,high,0.9945054945054944,0.2491467576791808,2.291636948478845,0.0054945054945054,R,K;N;R;S;T;V,differs_from_consensus,True,True,scaffold_differs_from_msa_consensus,0.18148996870519793,buried_core,False,False,False,False,18.654609424003667,True,True,unassigned_manual_review,,not_annotated_no_domain_boundaries,,True,False
6E9F,A,VI-D,ternary,846,847,E,760.0,E,847.0,,GLU,True,2941,2942,four_layer_exact,high,0.9945054945054944,0.1228668941979522,2.709728539248469,0.0054945054945054,A,A;D;E;K;L;N;Q;S;T;V,differs_from_consensus,True,True,scaffold_differs_from_msa_consensus,0.11182970993743878,buried_core,False,False,False,False,18.05317186143494,True,True,unassigned_manual_review,,not_annotated_no_domain_boundaries,,True,False
6E9F,A,VI-D,ternary,847,848,F,761.0,F,848.0,,PHE,True,2942,2943,four_layer_exact,high,0.9945054945054944,0.4778156996587031,1.264865563050892,0.0054945054945054,Y,A;F;Y,differs_from_consensus,True,True,scaffold_differs_from_msa_consensus,0.010063568466999302,buried_core,False,False,False,False,11.564866166713609,True,True,unassigned_manual_review,,not_annotated_no_domain_boundaries,,True,False
6E9F,A,VI-D,ternary,848,849,R,762.0,A,849.0,,ALA,True,2943,2944,four_layer_literature_restored_substitution,high,0.9945054945054944,0.9863481228668942,0.0721777615461715,0.0054945054945054,R,R,matches_consensus,True,True,literature_confirmed_construct_substitution,0.11233750846882942,buried_core,False,False,False,False,14.85262225637778,True,True,HEPN2,,not_annotated_no_domain_boundaries,HEPN2_R,True,False
6E9F,A,VI-D,ternary,850,851,T,764.0,T,851.0,,THR,True,2945,2946,four_layer_exact,high,0.9945054945054944,0.1979522184300341,2.486413414557738,0.0054945054945054,N,A;C;I;K;N;Q;S;T,differs_from_consensus,True,True,scaffold_differs_from_msa_consensus,0.0,buried_core,False,False,False,False,15.772811105488914,True,True,unassigned_manual_review,,not_annotated_no_domain_boundaries,,True,False
6E9F,A,VI-D,ternary,852,853,C,766.0,C,853.0,,CYS,True,2947,2948,four_layer_exact,high,0.9945054945054944,0.5426621160409556,1.5575289013707645,0.0054945054945054,A,A;D;E;M,differs_from_consensus,True,True,scaffold_differs_from_msa_consensus,0.1329320347087545,buried_core,False,False,False,False,13.52067292984579,True,True,unassigned_manual_review,,not_annotated_no_domain_boundaries,,True,False
6E9F,A,VI-D,ternary,853,854,H,767.0,A,854.0,,ALA,True,2948,2949,four_layer_literature_restored_substitution,high,0.9945054945054944,0.9931740614334472,0.040843717863401,0.0054945054945054,H,H,matches_consensus,True,True,literature_confirmed_construct_substitution,0.13106042654696767,buried_core,False,False,False,False,16.81725651072488,True,True,HEPN2,,not_annotated_no_domain_boundaries,HEPN2_H,True,False
6E9F,A,VI-D,ternary,857,858,I,771.0,I,858.0,,ILE,True,2952,2953,four_layer_exact,high,0.9945054945054944,0.4197952218430034,1.2712606531607642,0.0054945054945054,V,I;L;V,differs_from_consensus,True,True,scaffold_differs_from_msa_consensus,0.0,buried_core,False,False,False,False,14.775275919016584,True,True,unassigned_manual_review,,not_annotated_no_domain_boundaries,,True,False
6E9F,A,VI-D,ternary,860,861,I,774.0,I,861.0,,ILE,True,2972,2973,four_layer_exact,high,0.978021978021978,0.3310104529616725,1.93143586602138,0.021978021978022,A,A;C;F;I;L;M;V,differs_from_consensus,True,True,scaffold_differs_from_msa_consensus,0.012260184934415394,buried_core,False,False,False,False,17.738941992453757,True,True,unassigned_manual_review,,not_annotated_no_domain_boundaries,,True,False
6E9F,A,VI-D,ternary,861,862,N,775.0,N,862.0,,ASN,True,2973,2974,four_layer_exact,high,0.978021978021978,0.2578397212543554,2.355268453829789,0.021978021978022,D,A;D;G;H;N;P;S,differs_from_consensus,True,True,scaffold_differs_from_msa_consensus,0.038803083612280534,buried_core,False,False,False,False,22.741761693137914,True,True,unassigned_manual_review,,not_annotated_no_domain_boundaries,,True,False
6E9F,A,VI-D,ternary,862,863,I,776.0,I,863.0,,ILE,True,2974,2975,four_layer_exact,high,0.9835164835164836,0.3206459054209919,2.181501697909065,0.0164835164835165,K,D;E;K;L;N;R,differs_from_consensus,True,True,scaffold_differs_from_msa_consensus,0.29899210254823094,surface,False,False,False,False,24.91581442554956,True,False,unassigned_manual_review,,not_annotated_no_domain_boundaries,,True,False
6E9F,A,VI-D,ternary,863,864,N,777.0,N,864.0,,ASN,True,2975,2976,four_layer_exact,high,0.9615384615384616,0.7217258662017869,1.0803433260661472,0.0384615384615384,Y,F;Y,differs_from_consensus,True,True,scaffold_differs_from_msa_consensus,0.027473308309300525,buried_core,False,False,False,False,21.817525803520876,True,True,unassigned_manual_review,,not_annotated_no_domain_boundaries,,True,False
6E9F,A,VI-D,ternary,865,866,K,779.0,K,866.0,,LYS,True,2984,2985,four_layer_exact,high,0.9835164835164836,0.2745098039215686,2.1201385496305694,0.0164835164835165,G,A;D;E;G;K;N;S,differs_from_consensus,True,True,scaffold_differs_from_msa_consensus,0.5984550834262652,surface,False,False,False,False,24.467321788210242,True,False,unassigned_manual_review,,not_annotated_no_domain_boundaries,,True,False
6E9F,A,VI-D,ternary,866,867,E,780.0,E,867.0,,GLU,True,2985,2986,four_layer_exact,high,0.9835164835164836,0.4636678200692041,1.6664074302277303,0.0164835164835165,D,D;E;G;K;N,differs_from_consensus,True,True,scaffold_differs_from_msa_consensus,0.3413779114068058,surface,False,False,False,False,24.254758898716666,True,False,unassigned_manual_review,,not_annotated_no_domain_boundaries,,True,False
6E9F,A,VI-D,ternary,870,871,V,784.0,V,871.0,,VAL,True,3007,3008,four_layer_exact,high,0.989010989010989,0.3539518900343643,1.6060298236467747,0.0109890109890109,I,F;I;M;V,differs_from_consensus,True,True,scaffold_differs_from_msa_consensus,0.02463124193247633,buried_core,False,False,False,False,15.780710629571164,True,True,unassigned_manual_review,,not_annotated_no_domain_boundaries,,True,False
6E9F,A,VI-D,ternary,871,872,E,785.0,E,872.0,,GLU,True,3008,3009,four_layer_exact,high,0.989010989010989,0.2623138602520045,2.1231691141312816,0.0109890109890109,D,D;E;K;N;S;T,differs_from_consensus,True,True,scaffold_differs_from_msa_consensus,0.4063623893999852,surface,False,False,False,False,14.140300117854363,True,False,unassigned_manual_review,,not_annotated_no_domain_boundaries,,True,False
6E9F,A,VI-D,ternary,872,873,N,786.0,N,873.0,,ASN,True,3035,3036,four_layer_exact,high,0.989010989010989,0.8625429553264605,0.6452752271356559,0.0109890109890109,S,S,differs_from_consensus,True,True,scaffold_differs_from_msa_consensus,0.17643184342560278,buried_core,False,False,False,False,11.786429415708596,True,True,unassigned_manual_review,,not_annotated_no_domain_boundaries,,True,False
6E9F,A,VI-D,ternary,875,876,A,789.0,A,876.0,,ALA,True,3046,3047,four_layer_exact,high,0.9945054945054944,0.3412969283276451,1.7842046366484416,0.0054945054945054,E,A;D;E;G;Q;S,differs_from_consensus,True,True,scaffold_differs_from_msa_consensus,0.03533468589306414,buried_core,False,False,False,False,13.063279083498418,True,True,unassigned_manual_review,,not_annotated_no_domain_boundaries,,True,False
6E9F,A,VI-D,ternary,880,881,L,794.0,L,881.0,,LEU,True,3051,3052,four_layer_exact,high,0.9945054945054944,0.3686006825938566,1.602683868186286,0.0054945054945054,I,A;C;I;L;V,differs_from_consensus,True,True,scaffold_differs_from_msa_consensus,0.0,buried_core,False,False,False,False,16.761165822181542,True,True,unassigned_manual_review,,not_annotated_no_domain_boundaries,,True,False
6E9F,A,VI-D,ternary,881,882,I,795.0,I,882.0,,ILE,True,3061,3062,four_layer_exact,high,0.9945054945054944,0.3651877133105802,1.635936536196335,0.0054945054945054,M,I;L;M;V,differs_from_consensus,True,True,scaffold_differs_from_msa_consensus,0.0,buried_core,False,False,False,False,14.546780605339134,True,True,unassigned_manual_review,,not_annotated_no_domain_boundaries,,True,False
6E9F,A,VI-D,ternary,883,884,K,797.0,K,884.0,,LYS,True,3063,3064,four_layer_exact,high,0.9945054945054944,0.5870307167235495,1.465201573163282,0.0054945054945054,R,K;R;S,differs_from_consensus,True,True,scaffold_differs_from_msa_consensus,0.12309452232095262,buried_core,False,False,False,False,21.409349453412094,True,True,unassigned_manual_review,,not_annotated_no_domain_boundaries,,True,False
6E9F,A,VI-D,ternary,886,887,E,800.0,E,887.0,,GLU,True,3091,3092,four_layer_exact,high,0.8131868131868132,0.1746724890829694,2.4703232462616773,0.1868131868131868,L,A;F;I;L;M;Q;V;Y,differs_from_consensus,True,True,scaffold_differs_from_msa_consensus,0.14414246960485028,buried_core,False,False,False,False,23.681960243228755,True,True,unassigned_manual_review,,not_annotated_no_domain_boundaries,,True,False
6E9F,A,VI-D,ternary,887,888,N,801.0,N,888.0,,ASN,True,3092,3093,four_layer_exact,high,0.7967032967032966,0.2690582959641255,2.1311032502971,0.2032967032967033,D,D;E;G;K;N;S,differs_from_consensus,False,True,scaffold_differs_from_msa_consensus,0.4120039913369863,surface,False,False,False,False,25.633706596177028,True,False,unassigned_manual_review,,not_annotated_no_domain_boundaries,,False,False
6E9F,A,VI-D,ternary,888,889,R,802.0,R,889.0,,ARG,True,3093,3094,four_layer_exact,high,0.7307692307692307,0.2512562814070351,2.329051546329626,0.2692307692307693,K,E;K;N;Q;R;S,differs_from_consensus,False,True,scaffold_differs_from_msa_consensus,0.31107743175980745,surface,False,False,False,False,24.421034142824425,True,False,unassigned_manual_review,,not_annotated_no_domain_boundaries,,False,False
6E9F,A,VI-D,ternary,890,891,A,804.0,A,891.0,,ALA,True,3110,3111,four_layer_exact,high,0.5604395604395604,0.2028985507246377,2.321079322969002,0.4395604395604395,K,A;K;N;S;T,differs_from_consensus,False,True,scaffold_differs_from_msa_consensus,0.6360243460751543,surface,False,False,False,False,29.156806161222907,True,False,unassigned_manual_review,,not_annotated_no_domain_boundaries,,False,False
6E9F,A,VI-D,ternary,893,894,K,807.0,K,894.0,,LYS,True,3113,3114,four_layer_exact,high,0.6538461538461539,0.1511627906976744,2.5844502358479784,0.3461538461538461,S,A;E;G;K;S;T,differs_from_consensus,False,True,scaffold_differs_from_msa_consensus,0.7697092626747533,surface,False,False,False,False,29.437558703601848,True,False,unassigned_manual_review,,not_annotated_no_domain_boundaries,,False,False
6E9F,A,VI-D,ternary,894,895,V,808.0,V,895.0,,VAL,True,3114,3115,four_layer_exact,high,0.6428571428571429,0.2731152204836415,2.4580433833576945,0.3571428571428571,K,E;K;N;S;Y,differs_from_consensus,False,True,scaffold_differs_from_msa_consensus,0.21126358393246245,surface,False,False,False,False,26.344801050009064,True,False,unassigned_manual_review,,not_annotated_no_domain_boundaries,,False,False
6E9F,A,VI-D,ternary,895,896,E,809.0,E,896.0,,GLU,True,3115,3116,four_layer_exact,high,0.6208791208791209,0.1630276564774381,2.346655743484709,0.3791208791208791,D,D;E;G;K;N;P;S,differs_from_consensus,False,True,scaffold_differs_from_msa_consensus,0.3590247585928187,surface,False,False,False,False,25.71955384365433,True,False,unassigned_manual_review,,not_annotated_no_domain_boundaries,,False,False
6E9F,A,VI-D,ternary,896,897,R,810.0,R,897.0,,ARG,True,3116,3117,four_layer_exact,high,0.6373626373626373,0.1176470588235294,2.7959902884656938,0.3626373626373627,E,A;D;E;G;K;L;S;T,differs_from_consensus,False,True,scaffold_differs_from_msa_consensus,0.7640241428624177,surface,False,False,False,False,27.982102569944793,True,False,unassigned_manual_review,,not_annotated_no_domain_boundaries,,False,False
6E9F,A,VI-D,ternary,897,898,D,811.0,D,898.0,,ASP,True,3117,3118,four_layer_exact,high,0.6098901098901099,0.1875,2.6075595058323318,0.39010989010989,N,A;D;F;K;N;Q;S;V;Y,differs_from_consensus,False,True,scaffold_differs_from_msa_consensus,0.3699333758965053,surface,False,False,False,False,24.821763845415948,True,False,unassigned_manual_review,,not_annotated_no_domain_boundaries,,False,False
6E9F,A,VI-D,ternary,898,899,T,812.0,T,899.0,,THR,True,3167,3168,four_layer_exact,high,0.8186813186813187,0.2401746724890829,2.3015612297799546,0.1813186813186813,L,I;K;L;S;T;V,differs_from_consensus,True,True,scaffold_differs_from_msa_consensus,0.014042188558603678,buried_core,False,False,False,False,23.36795837123759,True,True,unassigned_manual_review,,not_annotated_no_domain_boundaries,,True,False
6E9F,A,VI-D,ternary,899,900,G,813.0,G,900.0,,GLY,True,3168,3169,four_layer_exact,high,0.934065934065934,0.1586715867158671,2.57940935691118,0.0659340659340659,K,A;D;E;K;L;N;Q,differs_from_consensus,True,True,scaffold_differs_from_msa_consensus,0.23974798508799816,surface,False,False,False,False,26.548473421591964,True,False,unassigned_manual_review,,not_annotated_no_domain_boundaries,,True,False
6E9F,A,VI-D,ternary,900,901,D,814.0,D,901.0,,ASP,True,3169,3170,four_layer_exact,high,0.9505494505494504,0.2888086642599278,2.253735962896384,0.0494505494505495,E,D;E;G;K;P;Q;R,differs_from_consensus,True,True,scaffold_differs_from_msa_consensus,0.3755776947349383,surface,False,False,False,False,25.216423607224513,True,False,unassigned_manual_review,,not_annotated_no_domain_boundaries,,True,False
6E9F,A,VI-D,ternary,901,902,F,815.0,F,902.0,,PHE,True,3170,3171,four_layer_exact,high,0.9615384615384616,0.69105871886121,1.358622346108025,0.0384615384615384,Y,F;Y,differs_from_consensus,True,True,scaffold_differs_from_msa_consensus,0.0698776076357568,buried_core,False,False,False,False,20.99632699753703,True,True,unassigned_manual_review,,not_annotated_no_domain_boundaries,,True,False
6E9F,A,VI-D,ternary,902,903,I,816.0,I,903.0,,ILE,True,3171,3172,four_layer_exact,high,0.9725274725274724,0.2736842105263158,2.3840711075667165,0.0274725274725274,F,A;F;K;L;R;S;Y,differs_from_consensus,True,True,scaffold_differs_from_msa_consensus,0.15938240414740015,buried_core,False,False,False,False,25.09473279765258,True,True,unassigned_manual_review,,not_annotated_no_domain_boundaries,,True,False
6E9F,A,VI-D,ternary,903,904,S,817.0,S,904.0,,SER,True,3185,3186,four_layer_exact,high,0.9725274725274724,0.2280701754385964,2.121004101676971,0.0274725274725274,E,A;D;E;K;N;S,differs_from_consensus,True,True,scaffold_differs_from_msa_consensus,0.44011969999578743,surface,False,False,False,False,27.64347401550561,True,False,unassigned_manual_review,,not_annotated_no_domain_boundaries,,True,False
6E9F,A,VI-D,ternary,907,908,E,821.0,E,908.0,,GLU,True,3205,3206,four_layer_exact,high,0.934065934065934,0.4534313725490196,1.743901500804819,0.0659340659340659,K,E;K;N;Q;R;S;T,differs_from_consensus,True,True,scaffold_differs_from_msa_consensus,0.5132268614559333,surface,False,False,False,False,25.613342032682503,True,False,unassigned_manual_review,,not_annotated_no_domain_boundaries,,True,False
6E9F,A,VI-D,ternary,908,909,H,822.0,H,909.0,,HIS,True,3206,3207,four_layer_exact,high,0.912087912087912,0.4924242424242424,1.7660496347280823,0.0879120879120879,Y,F;H;N;Y,differs_from_consensus,True,True,scaffold_differs_from_msa_consensus,0.3512294415727819,surface,False,False,False,False,22.475715734195127,True,False,unassigned_manual_review,,not_annotated_no_domain_boundaries,,True,False
6E9F,A,VI-D,ternary,909,910,K,823.0,K,910.0,,LYS,True,3213,3214,four_layer_exact,high,0.978021978021978,0.3484320557491289,1.8051593138252695,0.021978021978022,G,G;H;K;N;R,differs_from_consensus,True,True,scaffold_differs_from_msa_consensus,0.2759250178181293,surface,False,False,False,False,23.017481355983122,True,False,unassigned_manual_review,,not_annotated_no_domain_boundaries,,True,False
6E9F,A,VI-D,ternary,912,913,C,826.0,C,913.0,,CYS,True,3216,3217,four_layer_exact,high,0.989010989010989,0.3608247422680412,1.6287875860541623,0.0109890109890109,S,C;D;N;S;V,differs_from_consensus,True,True,scaffold_differs_from_msa_consensus,0.06069481759007252,buried_core,False,False,False,False,18.188481814052476,True,True,unassigned_manual_review,,not_annotated_no_domain_boundaries,,True,False
6E9F,A,VI-D,ternary,919,920,Y,833.0,Y,920.0,,TYR,True,3223,3224,four_layer_exact,high,0.9945054945054944,0.7133105802047781,1.0995162720432474,0.0054945054945054,L,I;L;Y,differs_from_consensus,True,True,scaffold_differs_from_msa_consensus,0.009183484532622938,buried_core,False,False,False,False,13.103748636288264,True,True,unassigned_manual_review,,not_annotated_no_domain_boundaries,,True,False
6E9F,A,VI-D,ternary,920,921,C,834.0,C,921.0,,CYS,True,3224,3225,four_layer_exact,high,0.9945054945054944,0.5938566552901023,1.162126883169962,0.0054945054945054,N,C;F;N;Y,differs_from_consensus,True,True,scaffold_differs_from_msa_consensus,0.0072313066828737504,buried_core,False,False,False,False,8.972060015655012,True,True,unassigned_manual_review,,not_annotated_no_domain_boundaries,,True,False
6E9F,A,VI-D,ternary,921,922,T,835.0,T,922.0,,THR,True,3225,3226,four_layer_exact,high,0.9945054945054944,0.2798634812286689,1.9470579621542503,0.0054945054945054,V,A;I;L;S;T;V,differs_from_consensus,True,True,scaffold_differs_from_msa_consensus,0.007021094279301839,buried_core,False,False,False,False,11.82097689741033,True,True,unassigned_manual_review,,not_annotated_no_domain_boundaries,,True,False
6E9F,A,VI-D,ternary,924,925,G,838.0,G,925.0,,GLY,True,3271,3272,four_layer_exact,high,0.9945054945054944,0.5426621160409556,0.8563680260277136,0.0054945054945054,A,A;G,differs_from_consensus,True,True,scaffold_differs_from_msa_consensus,0.0,buried_core,False,False,False,False,9.954720056681202,True,True,unassigned_manual_review,,not_annotated_no_domain_boundaries,,True,False
6E9F,A,VI-D,ternary,928,929,V,842.0,V,929.0,,VAL,True,3275,3276,four_layer_exact,high,0.9945054945054944,0.5733788395904437,1.029467248822873,0.0054945054945054,P,A;P,differs_from_consensus,True,True,scaffold_differs_from_msa_consensus,0.0,buried_core,True,False,True,False,3.2313325538377153,True,True,unassigned_manual_review,,not_annotated_no_domain_boundaries,,True,False
6E9F,A,VI-D,ternary,934,935,T,848.0,T,935.0,,THR,True,3286,3287,four_layer_exact,high,0.9945054945054944,0.6075085324232082,0.7385756362529033,0.0054945054945054,S,S;T,differs_from_consensus,True,True,scaffold_differs_from_msa_consensus,0.0616064858163073,buried_core,False,False,False,False,8.891325998893619,True,True,unassigned_manual_review,,not_annotated_no_domain_boundaries,,True,False
6E9F,A,VI-D,ternary,936,937,D,850.0,D,937.0,,ASP,True,3292,3293,four_layer_exact,high,0.9945054945054944,0.4914675767918088,1.6634119131836618,0.0054945054945054,E,A;D;E;K;N,differs_from_consensus,True,True,scaffold_differs_from_msa_consensus,0.17492179540856537,buried_core,False,False,False,False,8.91067415131892,True,True,unassigned_manual_review,,not_annotated_no_domain_boundaries,,True,False
6E9F,A,VI-D,ternary,937,938,G,851.0,G,938.0,,GLY,True,3293,3294,four_layer_exact,high,0.9945054945054944,0.2116040955631399,2.1916698208890306,0.0054945054945054,E,A;D;E;G;K;Q,differs_from_consensus,True,True,scaffold_differs_from_msa_consensus,0.21408588549714996,surface,False,True,False,False,6.161374028928038,True,False,unassigned_manual_review,,not_annotated_no_domain_boundaries,,True,False
6E9F,A,VI-D,ternary,941,942,K,855.0,K,942.0,,LYS,True,3304,3305,four_layer_exact,high,0.9835164835164836,0.4152249134948096,1.800919381742992,0.0164835164835165,R,D;E;K;M;R,differs_from_consensus,True,True,scaffold_differs_from_msa_consensus,0.3768669988972918,surface,True,False,True,False,3.1272788457253133,True,False,unassigned_manual_review,,not_annotated_no_domain_boundaries,,True,False
6E9F,A,VI-D,ternary,943,944,Y,857.0,Y,944.0,,TYR,True,3317,3318,four_layer_exact,high,0.8956043956043956,0.2996108949416342,2.244778911930258,0.1043956043956043,E,A;D;E;K;N;R;S,differs_from_consensus,True,True,scaffold_differs_from_msa_consensus,0.5125177531759487,surface,False,True,False,False,7.136126146939006,True,False,unassigned_manual_review,,not_annotated_no_domain_boundaries,,True,False
6E9F,A,VI-D,ternary,945,946,G,859.0,G,946.0,,GLY,True,3412,3413,four_layer_exact,high,0.7967032967032966,0.2986425339366516,2.22573897823122,0.2032967032967033,E,D;E;G;K;R,differs_from_consensus,False,True,scaffold_differs_from_msa_consensus,0.18207378133999,buried_core,True,False,True,False,2.8947437153259377,True,True,unassigned_manual_review,,not_annotated_no_domain_boundaries,,False,False
6E9F,A,VI-D,ternary,947,948,D,861.0,D,948.0,,ASP,True,3414,3415,four_layer_exact,high,0.7582417582417582,0.3561208267090619,2.2090170498338395,0.2417582417582418,K,A;D;E;G;K;N;S,differs_from_consensus,False,True,scaffold_differs_from_msa_consensus,0.16828115220152656,buried_core,True,False,True,False,3.8516331749999386,True,True,unassigned_manual_review,,not_annotated_no_domain_boundaries,,False,False
6E9F,A,VI-D,ternary,948,949,D,862.0,D,949.0,,ASP,True,3423,3424,four_layer_exact,high,0.7417582417582418,0.309328968903437,2.1549634450683137,0.2582417582417582,E,D;E;G;K;R,differs_from_consensus,False,True,scaffold_differs_from_msa_consensus,0.35134738820422523,surface,False,True,False,False,7.7456722034993835,True,False,unassigned_manual_review,,not_annotated_no_domain_boundaries,,False,False
6E9F,A,VI-D,ternary,949,950,S,863.0,S,950.0,,SER,True,3424,3425,four_layer_exact,high,0.7252747252747253,0.4328859060402684,1.9501339966491875,0.2747252747252747,K,A;D;E;G;K;N;R;S,differs_from_consensus,False,True,scaffold_differs_from_msa_consensus,0.8128700331743312,surface,False,True,False,False,7.323442908258892,True,False,unassigned_manual_review,,not_annotated_no_domain_boundaries,,False,False
6E9F,A,VI-D,ternary,950,951,D,,,,,,False,3425,3426,full_msa_only_unresolved_coordinate,medium,0.6978021978021978,0.1696113074204946,2.485611810474002,0.3021978021978022,K,A;D;E;G;I;K;N;T,differs_from_consensus,False,True,unresolved_terminal;scaffold_differs_from_msa_consensus,,,,,,,,False,False,unassigned_manual_review,,not_annotated_no_domain_boundaries,,False,False
6E9F,A,VI-D,ternary,951,952,E,,,,,,False,3426,3427,full_msa_only_unresolved_coordinate,medium,0.6043956043956044,0.2469414893617021,2.33853640986709,0.3956043956043956,E,D;E;G;K;Q;S;T,matches_consensus,False,True,unresolved_terminal,,,,,,,,False,False,unassigned_manual_review,,not_annotated_no_domain_boundaries,,False,False
6E9F,A,VI-D,ternary,952,953,Q,,,,,,False,3427,3428,full_msa_only_unresolved_coordinate,medium,0.5879120879120879,0.1194690265486725,2.6192127815445048,0.412087912087912,K,A;E;I;K;L;N;S;T;V,differs_from_consensus,False,True,unresolved_terminal;scaffold_differs_from_msa_consensus,,,,,,,,False,False,unassigned_manual_review,,not_annotated_no_domain_boundaries,,False,False
6E9F,A,VI-D,ternary,953,954,K,,,,,,False,3428,3429,full_msa_only_unresolved_coordinate,medium,0.5439560439560439,0.3267326732673267,2.061272798513255,0.4560439560439561,K,A;D;E;K;N;R,matches_consensus,False,True,unresolved_terminal,,,,,,,,False,False,unassigned_manual_review,,not_annotated_no_domain_boundaries,,False,False
