pdb_id,chain_id,subtype,state,full_scaffold_index_0,biological_index_1,full_scaffold_amino_acid,coordinate_index_0,coordinate_amino_acid,pdb_residue_number,pdb_insertion_code,pdb_residue_name,backbone_complete,msa_column_0,msa_column_1,mapping_status,mapping_confidence,msa_coverage,conservation,entropy,gap_fraction,msa_consensus,allowed_residues,scaffold_consensus_status,conservation_constraint_eligible,manual_review_required,decision_reasons,relative_sasa,structural_burial,RNA_contact,RNA_second_shell,crrna_interface,target_rna_interface,minimum_rna_distance,coordinate_available,protein_core,domain,domain_interface,domain_interface_status,HEPN_annotation,mapping_gate_passed,chain_break_adjacent
6IV9,A,VI-D,binary,0,1,M,,,,,,False,43.0,44.0,full_msa_only_unresolved_coordinate,medium,0.9065934065934066,0.9545920378399684,0.2411828238299522,0.0934065934065934,M,M,matches_consensus,False,True,unresolved_terminal,,,,,,,,False,False,unassigned_manual_review,,not_annotated_no_domain_boundaries,,False,False
6IV9,A,VI-D,binary,1,2,A,,,,,,False,44.0,45.0,full_msa_only_unresolved_coordinate,medium,0.9065934065934066,0.257311785573512,2.090300057390328,0.0934065934065934,K,A;E;G;K;N;S;T,differs_from_consensus,False,True,unresolved_terminal;scaffold_differs_from_msa_consensus,,,,,,,,False,False,unassigned_manual_review,,not_annotated_no_domain_boundaries,,False,False
6IV9,A,VI-D,binary,2,3,K,,,,,,False,45.0,46.0,full_msa_only_unresolved_coordinate,medium,0.1153846153846153,0.2857142857142857,2.13650705762401,0.8846153846153846,K,E;G;H;K,matches_consensus,False,True,unresolved_terminal,,,,,,,,False,False,unassigned_manual_review,,not_annotated_no_domain_boundaries,,False,False
6IV9,A,VI-D,binary,3,4,K,,,,,,False,46.0,47.0,full_msa_only_unresolved_coordinate,medium,0.8571428571428571,0.6467303950596396,1.3013013479555542,0.1428571428571429,K,E;K;N,matches_consensus,False,True,unresolved_terminal,,,,,,,,False,False,unassigned_manual_review,,not_annotated_no_domain_boundaries,,False,False
6IV9,A,VI-D,binary,4,5,N,,,,,,False,47.0,48.0,full_msa_only_unresolved_coordinate,medium,0.0329670329670329,0.1818181818181818,1.7677614722893291,0.967032967032967,D,D;I;K;M;S;V,differs_from_consensus,False,True,unresolved_terminal;scaffold_differs_from_msa_consensus,,,,,,,,False,False,unassigned_manual_review,,not_annotated_no_domain_boundaries,,False,False
6IV9,A,VI-D,binary,5,6,K,,,,,,False,48.0,49.0,full_msa_only_unresolved_coordinate,medium,0.8461538461538461,0.6326425316020294,1.3574115577290655,0.1538461538461538,K,K;N,matches_consensus,False,True,unresolved_terminal,,,,,,,,False,False,unassigned_manual_review,,not_annotated_no_domain_boundaries,,False,False
6IV9,A,VI-D,binary,6,7,M,,,,,,False,85.0,86.0,full_msa_only_unresolved_coordinate,medium,0.6868131868131868,0.2029146734898208,2.252092333101242,0.3131868131868132,K,E;I;K;L;M;Q;V,differs_from_consensus,False,True,unresolved_terminal;scaffold_differs_from_msa_consensus,,,,,,,,False,False,unassigned_manual_review,,not_annotated_no_domain_boundaries,,False,False
6IV9,A,VI-D,binary,7,8,K,,,,,,False,86.0,87.0,full_msa_only_unresolved_coordinate,medium,0.6923076923076923,0.3170060539350577,2.042154349993927,0.3076923076923077,N,K;N;S;T,differs_from_consensus,False,True,unresolved_terminal;scaffold_differs_from_msa_consensus,,,,,,,,False,False,unassigned_manual_review,,not_annotated_no_domain_boundaries,,False,False
6IV9,A,VI-D,binary,8,9,P,,,,,,False,87.0,88.0,full_msa_only_unresolved_coordinate,medium,0.6868131868131868,0.4054956057403493,2.0095076001874896,0.3131868131868132,A,A;I;L;P;V,differs_from_consensus,False,True,unresolved_terminal;scaffold_differs_from_msa_consensus,,,,,,,,False,False,unassigned_manual_review,,not_annotated_no_domain_boundaries,,False,False
6IV9,A,VI-D,binary,9,10,R,,,,,,False,88.0,89.0,full_msa_only_unresolved_coordinate,medium,0.6868131868131868,0.4912671042385137,1.4871320618732518,0.3131868131868132,K,E;K;R,differs_from_consensus,False,True,unresolved_terminal;scaffold_differs_from_msa_consensus,,,,,,,,False,False,unassigned_manual_review,,not_annotated_no_domain_boundaries,,False,False
6IV9,A,VI-D,binary,10,11,E,,,,,,False,89.0,90.0,full_msa_only_unresolved_coordinate,medium,0.6923076923076923,0.3346175013758943,1.871419288297808,0.3076923076923077,E,D;E;K;N;Q,matches_consensus,False,True,unresolved_terminal,,,,,,,,False,False,unassigned_manual_review,,not_annotated_no_domain_boundaries,,False,False
6IV9,A,VI-D,binary,11,12,L,,,,,,False,90.0,91.0,full_msa_only_unresolved_coordinate,medium,0.6978021978021978,0.2091275460189521,2.2528156864655444,0.3021978021978022,R,I;K;L;N;Q;R,differs_from_consensus,False,True,unresolved_terminal;scaffold_differs_from_msa_consensus,,,,,,,,False,False,unassigned_manual_review,,not_annotated_no_domain_boundaries,,False,False
6IV9,A,VI-D,binary,12,13,R,,,,,,False,91.0,92.0,full_msa_only_unresolved_coordinate,medium,0.6923076923076923,0.6195927352779307,1.327908461318374,0.3076923076923077,R,E;K;R,matches_consensus,False,True,unresolved_terminal,,,,,,,,False,False,unassigned_manual_review,,not_annotated_no_domain_boundaries,,False,False
6IV9,A,VI-D,binary,13,14,E,,,,,,False,92.0,93.0,full_msa_only_unresolved_coordinate,medium,0.6703296703296703,0.6248707045167222,1.492874827116403,0.3296703296703297,E,A;E;L;Q,matches_consensus,False,True,unresolved_terminal,,,,,,,,False,False,unassigned_manual_review,,not_annotated_no_domain_boundaries,,False,False
6IV9,A,VI-D,binary,14,15,A,,,,,,False,93.0,94.0,full_msa_only_unresolved_coordinate,medium,0.6703296703296703,0.2059533386967015,2.307683563829647,0.3296703296703297,A,A;E;K;L;Q,matches_consensus,False,True,unresolved_terminal,,,,,,,,False,False,unassigned_manual_review,,not_annotated_no_domain_boundaries,,False,False
6IV9,A,VI-D,binary,15,16,Q,,,,,,False,94.0,95.0,full_msa_only_unresolved_coordinate,medium,0.6648351648351648,0.2789076118535735,2.2748008919849525,0.3351648351648352,K,E;K;N;Q;R,differs_from_consensus,False,True,unresolved_terminal;scaffold_differs_from_msa_consensus,,,,,,,,False,False,unassigned_manual_review,,not_annotated_no_domain_boundaries,,False,False
6IV9,A,VI-D,binary,16,17,K,,,,,,False,95.0,96.0,full_msa_only_unresolved_coordinate,medium,0.6593406593406593,0.4697379245504759,1.826161900367876,0.3406593406593406,K,A;E;K;N;Q;R,matches_consensus,False,True,unresolved_terminal,,,,,,,,False,False,unassigned_manual_review,,not_annotated_no_domain_boundaries,,False,False
6IV9,A,VI-D,binary,17,18,K,,,,,,False,96.0,97.0,full_msa_only_unresolved_coordinate,medium,0.6648351648351648,0.2677513073794305,2.26719054300738,0.3351648351648352,A,A;E;K;L;N;Q;T,differs_from_consensus,False,True,unresolved_terminal;scaffold_differs_from_msa_consensus,,,,,,,,False,False,unassigned_manual_review,,not_annotated_no_domain_boundaries,,False,False
6IV9,A,VI-D,binary,18,19,A,,,,,,False,114.0,115.0,full_msa_only_unresolved_coordinate,medium,0.6428571428571429,0.3308307692307692,2.037259182880884,0.3571428571428571,K,A;D;E;K;Q;R,differs_from_consensus,False,True,unresolved_terminal;scaffold_differs_from_msa_consensus,,,,,,,,False,False,unassigned_manual_review,,not_annotated_no_domain_boundaries,,False,False
6IV9,A,VI-D,binary,19,20,R,,,,,,False,115.0,116.0,full_msa_only_unresolved_coordinate,medium,0.6483516483516484,0.3269675221992458,1.7602401767973868,0.3516483516483516,K,K;N;Q;R,differs_from_consensus,False,True,unresolved_terminal;scaffold_differs_from_msa_consensus,,,,,,,,False,False,unassigned_manual_review,,not_annotated_no_domain_boundaries,,False,False
6IV9,A,VI-D,binary,20,21,Q,,,,,,False,161.0,162.0,full_msa_only_unresolved_coordinate,medium,0.2252747252747252,0.2521008403361344,2.1191221692991817,0.7747252747252747,E,A;D;E;K;P;Q;R,differs_from_consensus,False,True,unresolved_terminal;scaffold_differs_from_msa_consensus,,,,,,,,False,False,unassigned_manual_review,,not_annotated_no_domain_boundaries,,False,False
6IV9,A,VI-D,binary,21,22,L,,,,,,False,162.0,163.0,full_msa_only_unresolved_coordinate,medium,0.2912087912087912,0.1741935483870967,2.433534509191284,0.7087912087912087,K,A;I;K;L;Q;S;V,differs_from_consensus,False,True,unresolved_terminal;scaffold_differs_from_msa_consensus,,,,,,,,False,False,unassigned_manual_review,,not_annotated_no_domain_boundaries,,False,False
6IV9,A,VI-D,binary,22,23,K,,,,,,False,163.0,164.0,full_msa_only_unresolved_coordinate,medium,0.5,0.4806986899563318,1.812223923705824,0.5,K,E;K;Q;R;S,matches_consensus,False,True,unresolved_terminal,,,,,,,,False,False,unassigned_manual_review,,not_annotated_no_domain_boundaries,,False,False
6IV9,A,VI-D,binary,23,24,A,,,,,,False,164.0,165.0,full_msa_only_unresolved_coordinate,medium,0.5,0.2850655021834061,2.0084124506774783,0.5,K,A;K;P;Q;R,differs_from_consensus,False,True,unresolved_terminal;scaffold_differs_from_msa_consensus,,,,,,,,False,False,unassigned_manual_review,,not_annotated_no_domain_boundaries,,False,False
6IV9,A,VI-D,binary,24,25,A,,,,,,False,165.0,166.0,full_msa_only_unresolved_coordinate,medium,0.5274725274725275,0.3403706688154713,2.195545818080973,0.4725274725274725,E,A;E;K;Q;V,differs_from_consensus,False,True,unresolved_terminal;scaffold_differs_from_msa_consensus,,,,,,,,False,False,unassigned_manual_review,,not_annotated_no_domain_boundaries,,False,False
6IV9,A,VI-D,binary,25,26,E,,,,,,False,166.0,167.0,full_msa_only_unresolved_coordinate,medium,0.532967032967033,0.3758133629582605,1.9919113494227123,0.467032967032967,E,A;E;K;Q;T,matches_consensus,False,True,unresolved_terminal,,,,,,,,False,False,unassigned_manual_review,,not_annotated_no_domain_boundaries,,False,False
6IV9,A,VI-D,binary,26,27,I,,,,,,False,167.0,168.0,full_msa_only_unresolved_coordinate,medium,0.521978021978022,0.4242920281551808,1.89308494454838,0.478021978021978,E,A;E;F;K;T,differs_from_consensus,False,True,unresolved_terminal;scaffold_differs_from_msa_consensus,,,,,,,,False,False,unassigned_manual_review,,not_annotated_no_domain_boundaries,,False,False
6IV9,A,VI-D,binary,27,28,N,,,,,,False,168.0,169.0,full_msa_only_unresolved_coordinate,medium,0.532967032967033,0.1823520076178384,2.4991407924856284,0.467032967032967,K,A;D;E;K;N;Q;R,differs_from_consensus,False,True,unresolved_terminal;scaffold_differs_from_msa_consensus,,,,,,,,False,False,unassigned_manual_review,,not_annotated_no_domain_boundaries,,False,False
6IV9,A,VI-D,binary,28,29,N,,,,,,False,169.0,170.0,full_msa_only_unresolved_coordinate,medium,0.532967032967033,0.2742421837803523,2.37174832721958,0.467032967032967,A,A;E;K;Q;R;T,differs_from_consensus,False,True,unresolved_terminal;scaffold_differs_from_msa_consensus,,,,,,,,False,False,unassigned_manual_review,,not_annotated_no_domain_boundaries,,False,False
6IV9,A,VI-D,binary,29,30,N,,,,,,False,170.0,171.0,full_msa_only_unresolved_coordinate,medium,0.5054945054945055,0.2138807764988833,2.3220700819939437,0.4945054945054945,A,A;E;K;Q;R;V,differs_from_consensus,False,True,unresolved_terminal;scaffold_differs_from_msa_consensus,,,,,,,,False,False,unassigned_manual_review,,not_annotated_no_domain_boundaries,,False,False
6IV9,A,VI-D,binary,30,31,A,,,,,,False,171.0,172.0,full_msa_only_unresolved_coordinate,medium,0.4835164835164835,0.2578627919808717,2.385896562819295,0.5164835164835164,A,A;E;I;K;N;P;R;S,matches_consensus,False,True,unresolved_terminal,,,,,,,,False,False,unassigned_manual_review,,not_annotated_no_domain_boundaries,,False,False
6IV9,A,VI-D,binary,31,32,A,,,,,,False,172.0,173.0,full_msa_only_unresolved_coordinate,medium,0.4505494505494505,0.2890351779469244,2.046141920390641,0.5494505494505495,V,A;E;K;L;T;V,differs_from_consensus,False,True,unresolved_terminal;scaffold_differs_from_msa_consensus,,,,,,,,False,False,unassigned_manual_review,,not_annotated_no_domain_boundaries,,False,False
6IV9,A,VI-D,binary,32,33,P,,,,,,False,173.0,174.0,full_msa_only_unresolved_coordinate,medium,0.4285714285714285,0.171543444270717,2.345762628633072,0.5714285714285714,E,A;D;E;L;N;P;Q;T;V,differs_from_consensus,False,True,unresolved_terminal;scaffold_differs_from_msa_consensus,,,,,,,,False,False,unassigned_manual_review,,not_annotated_no_domain_boundaries,,False,False
6IV9,A,VI-D,binary,33,34,A,,,,,,False,174.0,175.0,full_msa_only_unresolved_coordinate,medium,0.445054945054945,0.2216159496327387,2.4488767851240616,0.554945054945055,K,A;E;K;P;Q;T;V,differs_from_consensus,False,True,unresolved_terminal;scaffold_differs_from_msa_consensus,,,,,,,,False,False,unassigned_manual_review,,not_annotated_no_domain_boundaries,,False,False
6IV9,A,VI-D,binary,34,35,I,,,,,,False,175.0,176.0,full_msa_only_unresolved_coordinate,medium,0.2362637362637362,0.16,2.602970509714691,0.7637362637362637,I,A;E;I;L;S;T;V,matches_consensus,False,True,unresolved_terminal,,,,,,,,False,False,unassigned_manual_review,,not_annotated_no_domain_boundaries,,False,False
6IV9,A,VI-D,binary,35,36,A,,,,,,False,176.0,177.0,full_msa_only_unresolved_coordinate,medium,0.2637362637362637,0.2714285714285714,2.4003936095161915,0.7362637362637363,A,A;D;E;I;K;Q,matches_consensus,False,True,unresolved_terminal,,,,,,,,False,False,unassigned_manual_review,,not_annotated_no_domain_boundaries,,False,False
6IV9,A,VI-D,binary,36,37,A,,,,,,False,201.0,202.0,full_msa_only_unresolved_coordinate,medium,0.0549450549450549,0.3,1.834371970281624,0.945054945054945,S,A;C;F;L;P;R;S,differs_from_consensus,False,True,unresolved_terminal;scaffold_differs_from_msa_consensus,,,,,,,,False,False,unassigned_manual_review,,not_annotated_no_domain_boundaries,,False,False
6IV9,A,VI-D,binary,37,38,M,,,,,,False,202.0,203.0,full_msa_only_unresolved_coordinate,medium,0.2472527472527472,0.2651356993736952,2.0626503752120544,0.7527472527472527,K,A;D;E;H;I;K;L;N;T,differs_from_consensus,False,True,unresolved_terminal;scaffold_differs_from_msa_consensus,,,,,,,,False,False,unassigned_manual_review,,not_annotated_no_domain_boundaries,,False,False
6IV9,A,VI-D,binary,38,39,P,,,,,,False,203.0,204.0,full_msa_only_unresolved_coordinate,medium,0.2472527472527472,0.1336116910229645,2.5227942781938166,0.7527472527472527,T,D;E;H;K;M;N;P;Q;R;S;T;V;Y,differs_from_consensus,False,True,unresolved_terminal;scaffold_differs_from_msa_consensus,,,,,,,,False,False,unassigned_manual_review,,not_annotated_no_domain_boundaries,,False,False
6IV9,A,VI-D,binary,39,40,A,,,,,,False,204.0,205.0,full_msa_only_unresolved_coordinate,medium,0.2472527472527472,0.2004175365344467,2.047475906534647,0.7527472527472527,E,A;E;G;H;K;M;P;Q;V,differs_from_consensus,False,True,unresolved_terminal;scaffold_differs_from_msa_consensus,,,,,,,,False,False,unassigned_manual_review,,not_annotated_no_domain_boundaries,,False,False
6IV9,A,VI-D,binary,40,41,A,,,,,,False,205.0,206.0,full_msa_only_unresolved_coordinate,medium,0.2857142857142857,0.2731152204836415,2.0507821981669148,0.7142857142857143,E,D;E;L;N;P;R;S,differs_from_consensus,False,True,unresolved_terminal;scaffold_differs_from_msa_consensus,,,,,,,,False,False,unassigned_manual_review,,not_annotated_no_domain_boundaries,,False,False
6IV9,A,VI-D,binary,41,42,E,,,,,,False,206.0,207.0,full_msa_only_unresolved_coordinate,medium,0.2967032967032967,0.2086049543676662,2.3155516046151385,0.7032967032967032,K,A;I;K;M;S;T,differs_from_consensus,False,True,unresolved_terminal;scaffold_differs_from_msa_consensus,,,,,,,,False,False,unassigned_manual_review,,not_annotated_no_domain_boundaries,,False,False
6IV9,A,VI-D,binary,42,43,V,,,,,,False,207.0,208.0,full_msa_only_unresolved_coordinate,medium,0.3131868131868132,0.1853997682502897,2.3434011475400687,0.6868131868131868,T,I;R;S;T;V,differs_from_consensus,False,True,unresolved_terminal;scaffold_differs_from_msa_consensus,,,,,,,,False,False,unassigned_manual_review,,not_annotated_no_domain_boundaries,,False,False
6IV9,A,VI-D,binary,43,44,I,,,,,,False,208.0,209.0,full_msa_only_unresolved_coordinate,medium,0.489010989010989,0.1695813460519342,2.3723055645212225,0.510989010989011,K,A;E;G;K;N;Q;R;S;T,differs_from_consensus,False,True,unresolved_terminal;scaffold_differs_from_msa_consensus,,,,,,,,False,False,unassigned_manual_review,,not_annotated_no_domain_boundaries,,False,False
6IV9,A,VI-D,binary,44,45,A,,,,,,False,209.0,210.0,full_msa_only_unresolved_coordinate,medium,0.510989010989011,0.1429280397022332,2.495483588447493,0.489010989010989,K,D;E;I;K;N;P;R,differs_from_consensus,False,True,unresolved_terminal;scaffold_differs_from_msa_consensus,,,,,,,,False,False,unassigned_manual_review,,not_annotated_no_domain_boundaries,,False,False
6IV9,A,VI-D,binary,45,46,P,,,,,,False,210.0,211.0,full_msa_only_unresolved_coordinate,medium,0.554945054945055,0.1818997756170531,2.4667057457826638,0.445054945054945,P,E;K;P;R;S;T;V,matches_consensus,False,True,unresolved_terminal,,,,,,,,False,False,unassigned_manual_review,,not_annotated_no_domain_boundaries,,False,False
6IV9,A,VI-D,binary,46,47,V,,,,,,False,211.0,212.0,full_msa_only_unresolved_coordinate,medium,0.5659340659340659,0.222916969608841,2.394901364821385,0.4340659340659341,K,D;E;K;L;N;S;V,differs_from_consensus,False,True,unresolved_terminal;scaffold_differs_from_msa_consensus,,,,,,,,False,False,unassigned_manual_review,,not_annotated_no_domain_boundaries,,False,False
6IV9,A,VI-D,binary,47,48,A,,,,,,False,212.0,213.0,full_msa_only_unresolved_coordinate,medium,0.5769230769230769,0.2172867449427076,2.4714785036181066,0.4230769230769231,K,A;E;K;P;Q;S;T,differs_from_consensus,False,True,unresolved_terminal;scaffold_differs_from_msa_consensus,,,,,,,,False,False,unassigned_manual_review,,not_annotated_no_domain_boundaries,,False,False
6IV9,A,VI-D,binary,48,49,E,0.0,E,49.0,,GLU,True,213.0,214.0,four_layer_exact,high,0.5769230769230769,0.1358042155891922,2.538586018114439,0.4230769230769231,S,E;G;K;N;Q;R;S;T;V,differs_from_consensus,False,True,scaffold_differs_from_msa_consensus,0.6834774029737769,surface,False,False,False,False,8.387634448897328,True,False,unassigned_manual_review,,not_annotated_no_domain_boundaries,,False,False
6IV9,A,VI-D,binary,53,54,S,5.0,S,54.0,,SER,True,249.0,250.0,four_layer_exact,high,0.9505494505494504,0.2069426893629673,2.509394981641873,0.0494505494505495,K,A;K;L;N;R;S;T,differs_from_consensus,True,True,scaffold_differs_from_msa_consensus,0.06397077161625081,buried_core,True,False,True,False,2.756644246978049,True,True,unassigned_manual_review,,not_annotated_no_domain_boundaries,,True,False
6IV9,A,VI-D,binary,54,55,V,6.0,V,55.0,,VAL,True,250.0,251.0,four_layer_exact,high,0.956043956043956,0.6693482913868182,1.2504246457891033,0.0439560439560439,A,A;S;V,differs_from_consensus,True,True,scaffold_differs_from_msa_consensus,0.0,buried_core,True,False,True,False,3.364311514772399,True,True,unassigned_manual_review,,not_annotated_no_domain_boundaries,,True,False
6IV9,A,VI-D,binary,59,60,M,11.0,M,60.0,,MET,True,255.0,256.0,four_layer_exact,high,0.967032967032967,0.5763772651189869,1.08187629296816,0.0329670329670329,L,I;L;V,differs_from_consensus,True,True,scaffold_differs_from_msa_consensus,0.0,buried_core,True,False,True,False,4.981559893684435,True,True,unassigned_manual_review,,not_annotated_no_domain_boundaries,,True,False
6IV9,A,VI-D,binary,62,63,I,14.0,I,63.0,,ILE,True,258.0,259.0,four_layer_exact,high,0.967032967032967,0.3947310967178516,1.6992246664650792,0.0329670329670329,T,A;I;T;V,differs_from_consensus,True,True,scaffold_differs_from_msa_consensus,0.0,buried_core,True,False,True,False,4.9779360043825776,True,True,unassigned_manual_review,,not_annotated_no_domain_boundaries,,True,False
6IV9,A,VI-D,binary,63,64,L,15.0,L,64.0,,LEU,True,259.0,260.0,four_layer_exact,high,0.967032967032967,0.5062950294738373,1.2498110704586254,0.0329670329670329,F,F;I;L,differs_from_consensus,True,True,scaffold_differs_from_msa_consensus,0.0,buried_core,False,True,False,False,6.570291767242655,True,True,unassigned_manual_review,,not_annotated_no_domain_boundaries,,True,False
6IV9,A,VI-D,binary,65,66,S,17.0,S,66.0,,SER,True,261.0,262.0,four_layer_exact,high,0.9725274725274724,0.2009828720098287,2.366567536764244,0.0274725274725274,V,F;H;I;L;V;Y,differs_from_consensus,True,True,scaffold_differs_from_msa_consensus,0.11159618121764883,buried_core,False,False,False,False,9.113938754520895,True,True,unassigned_manual_review,,not_annotated_no_domain_boundaries,,True,False
6IV9,A,VI-D,binary,66,67,E,18.0,E,67.0,,GLU,True,262.0,263.0,four_layer_exact,high,0.9725274725274724,0.3304184433041844,1.801106335966163,0.0274725274725274,G,D;G;N;S,differs_from_consensus,True,True,scaffold_differs_from_msa_consensus,0.3151101395192784,surface,False,False,False,False,11.30926249098764,True,False,unassigned_manual_review,,not_annotated_no_domain_boundaries,,True,False
6IV9,A,VI-D,binary,67,68,N,19.0,N,68.0,,ASN,True,267.0,268.0,four_layer_exact,high,0.9395604395604396,0.4560742025488273,1.6173802814414795,0.0604395604395604,D,D;E;G;K;N,differs_from_consensus,True,True,scaffold_differs_from_msa_consensus,0.4319620944754901,surface,False,False,False,False,13.600603260434081,True,False,unassigned_manual_review,,not_annotated_no_domain_boundaries,,True,False
6IV9,A,VI-D,binary,69,70,M,21.0,M,70.0,,MET,True,280.0,281.0,four_layer_exact,high,0.9725274725274724,0.3989304039893039,1.648984130767411,0.0274725274725274,L,I;L;V,differs_from_consensus,True,True,scaffold_differs_from_msa_consensus,0.0,buried_core,False,False,False,False,10.09087995695368,True,True,unassigned_manual_review,,not_annotated_no_domain_boundaries,,True,False
6IV9,A,VI-D,binary,70,71,Y,22.0,Y,71.0,,TYR,True,281.0,282.0,four_layer_exact,high,0.9725274725274724,0.2671099226710992,1.7819001293843486,0.0274725274725274,L,A;I;L;V;Y,differs_from_consensus,True,True,scaffold_differs_from_msa_consensus,0.07029331480235985,buried_core,False,False,False,False,9.34381119928214,True,True,unassigned_manual_review,,not_annotated_no_domain_boundaries,,True,False
6IV9,A,VI-D,binary,71,72,I,23.0,I,72.0,,ILE,True,282.0,283.0,four_layer_exact,high,0.967032967032967,0.4294447274579724,1.4811518958896204,0.0329670329670329,M,I;L;M;V,differs_from_consensus,True,True,scaffold_differs_from_msa_consensus,0.0,buried_core,False,False,False,False,9.570242150422416,True,True,unassigned_manual_review,,not_annotated_no_domain_boundaries,,True,False
6IV9,A,VI-D,binary,79,80,S,31.0,S,80.0,,SER,True,316.0,317.0,four_layer_exact,high,0.9725274725274724,0.2356724723567247,2.099879356735846,0.0274725274725274,D,A;D;E;K;N;S;T,differs_from_consensus,True,True,scaffold_differs_from_msa_consensus,0.05278102663435499,buried_core,False,True,False,False,5.856783913591899,True,True,unassigned_manual_review,,not_annotated_no_domain_boundaries,,True,False
6IV9,A,VI-D,binary,84,85,Y,36.0,Y,85.0,,TYR,True,321.0,322.0,four_layer_exact,high,0.978021978021978,0.5133137156391301,1.8214920525862968,0.021978021978022,K,E;K;Q,differs_from_consensus,True,True,scaffold_differs_from_msa_consensus,0.06066011665672417,buried_core,False,False,False,False,13.454566291653501,True,True,unassigned_manual_review,,not_annotated_no_domain_boundaries,,True,False
6IV9,A,VI-D,binary,85,86,E,37.0,E,86.0,,GLU,True,322.0,323.0,four_layer_exact,high,0.967032967032967,0.3421148388035804,2.1951504323846187,0.0329670329670329,K,E;I;K;R,differs_from_consensus,True,True,scaffold_differs_from_msa_consensus,0.14414246960485028,buried_core,False,False,False,False,15.643552156306546,True,True,unassigned_manual_review,,not_annotated_no_domain_boundaries,,True,False
6IV9,A,VI-D,binary,86,87,V,38.0,V,87.0,,VAL,True,323.0,324.0,four_layer_exact,high,0.967032967032967,0.5551997671202968,1.5401403075624502,0.0329670329670329,I,I;V,differs_from_consensus,True,True,scaffold_differs_from_msa_consensus,0.0,buried_core,False,False,False,False,14.28423794696033,True,True,unassigned_manual_review,,not_annotated_no_domain_boundaries,,True,False
6IV9,A,VI-D,binary,87,88,D,39.0,D,88.0,,ASP,True,326.0,327.0,four_layer_exact,high,0.956043956043956,0.1553283812605721,2.5513462977121204,0.0439560439560439,T,A;D;E;I;K;S;T;V,differs_from_consensus,True,True,scaffold_differs_from_msa_consensus,0.11244310292854301,buried_core,False,False,False,False,16.42905525750607,True,True,unassigned_manual_review,,not_annotated_no_domain_boundaries,,True,False
6IV9,A,VI-D,binary,88,89,N,40.0,N,89.0,,ASN,True,327.0,328.0,four_layer_exact,high,0.934065934065934,0.2322712480133202,2.352801991003843,0.0659340659340659,D,A;D;G;K;N;S;T,differs_from_consensus,True,True,scaffold_differs_from_msa_consensus,0.08041678100904649,buried_core,False,False,False,False,12.225475328508995,True,True,unassigned_manual_review,,not_annotated_no_domain_boundaries,,True,False
6IV9,A,VI-D,binary,89,90,N,41.0,N,90.0,,ASN,True,328.0,329.0,four_layer_exact,high,0.934065934065934,0.1598425792779838,2.5857038994526658,0.0659340659340659,D,A;D;E;G;L;N;R;S,differs_from_consensus,True,True,scaffold_differs_from_msa_consensus,0.6035580118311302,surface,False,False,False,False,16.127709299488806,True,False,unassigned_manual_review,,not_annotated_no_domain_boundaries,,True,False
6IV9,A,VI-D,binary,90,91,D,42.0,D,91.0,,ASP,True,329.0,330.0,four_layer_exact,high,0.9285714285714286,0.1756499199512083,2.452276521386664,0.0714285714285714,E,D;E;G;K;N;S,differs_from_consensus,True,True,scaffold_differs_from_msa_consensus,0.4381491048924469,surface,False,False,False,False,17.390697872943417,True,False,unassigned_manual_review,,not_annotated_no_domain_boundaries,,True,False
6IV9,A,VI-D,binary,92,93,N,44.0,N,93.0,,ASN,True,337.0,338.0,four_layer_exact,high,0.3076923076923077,0.2215384615384615,2.24303267986085,0.6923076923076923,T,A;E;I;K;L;S;T,differs_from_consensus,False,True,scaffold_differs_from_msa_consensus,0.46008150756314753,surface,False,False,False,False,18.503464188971126,True,False,unassigned_manual_review,,not_annotated_no_domain_boundaries,,False,False
6IV9,A,VI-D,binary,93,94,K,45.0,K,94.0,,LYS,True,338.0,339.0,four_layer_exact,high,0.8791208791208791,0.3775501843506759,1.7146131749936964,0.1208791208791209,I,I;L;V,differs_from_consensus,True,True,scaffold_differs_from_msa_consensus,0.40592140620968625,surface,False,False,False,False,17.2438107912211,True,False,unassigned_manual_review,,not_annotated_no_domain_boundaries,,True,False
6IV9,A,VI-D,binary,94,95,T,46.0,T,95.0,,THR,True,339.0,340.0,four_layer_exact,high,0.8791208791208791,0.2593199508398197,2.3614232965510986,0.1208791208791209,E,D;E;K;S;T,differs_from_consensus,True,True,scaffold_differs_from_msa_consensus,0.3266166300142883,surface,False,False,False,False,17.850112559876745,True,False,unassigned_manual_review,,not_annotated_no_domain_boundaries,,True,False
6IV9,A,VI-D,binary,95,96,Q,47.0,Q,96.0,,GLN,True,340.0,341.0,four_layer_exact,high,0.8736263736263736,0.1902716987364769,2.263293370502574,0.1263736263736263,D,D;E;K;N;P;S;T,differs_from_consensus,True,True,scaffold_differs_from_msa_consensus,0.3264023172200651,surface,False,False,False,False,18.3075547012156,True,False,unassigned_manual_review,,not_annotated_no_domain_boundaries,,True,False
6IV9,A,VI-D,binary,96,97,L,48.0,L,97.0,,LEU,True,341.0,342.0,four_layer_exact,high,0.8241758241758241,0.2945309026233881,2.073156075079693,0.1758241758241758,I,I;K;L;M;V,differs_from_consensus,True,True,scaffold_differs_from_msa_consensus,0.27009744371408806,surface,False,False,False,False,14.399582103372675,True,False,unassigned_manual_review,,not_annotated_no_domain_boundaries,,True,False
6IV9,A,VI-D,binary,97,98,S,49.0,S,98.0,,SER,True,342.0,343.0,four_layer_exact,high,0.0604395604395604,0.3636363636363636,1.8937882323911377,0.9395604395604396,R,A;C;D;K;R;T;V;Y,differs_from_consensus,False,True,scaffold_differs_from_msa_consensus,0.07603902751412855,buried_core,False,False,False,False,15.574468798702458,True,True,unassigned_manual_review,,not_annotated_no_domain_boundaries,,False,False
6IV9,A,VI-D,binary,98,99,S,50.0,S,99.0,,SER,True,344.0,345.0,four_layer_exact,high,0.6538461538461539,0.4446689646974919,1.8699781879628343,0.3461538461538461,N,A;D;N;Q;S,differs_from_consensus,False,True,scaffold_differs_from_msa_consensus,0.31518735662195146,surface,False,False,False,False,18.15586341821968,True,False,unassigned_manual_review,,not_annotated_no_domain_boundaries,,False,False
6IV9,A,VI-D,binary,99,100,K,51.0,K,100.0,,LYS,True,345.0,346.0,four_layer_exact,high,0.6153846153846154,0.1984239762304611,2.338934870193349,0.3846153846153846,E,D;E;K;N;T,differs_from_consensus,False,True,scaffold_differs_from_msa_consensus,0.7153076871231998,surface,False,False,False,False,18.47522321267726,True,False,unassigned_manual_review,,not_annotated_no_domain_boundaries,,False,False
6IV9,A,VI-D,binary,102,103,S,54.0,S,103.0,,SER,True,355.0,356.0,four_layer_exact,high,0.8296703296703297,0.7319460365047173,1.1028045382233551,0.1703296703296702,P,E;P;S,differs_from_consensus,True,True,scaffold_differs_from_msa_consensus,0.0,buried_core,False,False,False,False,13.811352897038175,True,True,unassigned_manual_review,,not_annotated_no_domain_boundaries,,True,False
6IV9,A,VI-D,binary,103,104,N,55.0,N,104.0,,ASN,True,356.0,357.0,four_layer_exact,high,0.3516483516483517,0.184,2.625716339612458,0.6483516483516483,E,A;E;H;K;P;R;Y,differs_from_consensus,False,True,scaffold_differs_from_msa_consensus,0.0,buried_core,False,False,False,False,9.903724326640852,True,True,unassigned_manual_review,,not_annotated_no_domain_boundaries,,False,False
6IV9,A,VI-D,binary,104,105,I,56.0,I,105.0,,ILE,True,366.0,367.0,four_layer_exact,high,0.0879120879120879,0.25,2.1660849392498287,0.912087912087912,A,A;D;G;I;K;N;Q;S;T;V,differs_from_consensus,False,True,scaffold_differs_from_msa_consensus,0.006130092467207697,buried_core,False,False,False,False,10.286045713422142,True,True,unassigned_manual_review,,not_annotated_no_domain_boundaries,,False,False
6IV9,A,VI-D,binary,105,106,E,57.0,E,106.0,,GLU,True,367.0,368.0,four_layer_exact,high,0.967032967032967,0.216359799141256,2.4837791654927117,0.0329670329670329,A,A;K;M;N;Q;S;T,differs_from_consensus,True,True,scaffold_differs_from_msa_consensus,0.4187040304806669,surface,False,False,False,False,13.705069254143666,True,False,unassigned_manual_review,,not_annotated_no_domain_boundaries,,True,False
6IV9,A,VI-D,binary,106,107,L,58.0,L,107.0,,LEU,True,368.0,369.0,four_layer_exact,high,0.967032967032967,0.6322683938577978,1.1105960048903276,0.0329670329670329,F,F;I;L;Y,differs_from_consensus,True,True,scaffold_differs_from_msa_consensus,0.05863706101835784,buried_core,False,False,False,False,11.986822139264476,True,True,unassigned_manual_review,,not_annotated_no_domain_boundaries,,True,False
6IV9,A,VI-D,binary,108,109,D,60.0,D,109.0,,ASP,True,378.0,379.0,four_layer_exact,high,0.956043956043956,0.1948483282899106,2.2062077956123254,0.0439560439560439,S,D;E;K;N;R;S;T,differs_from_consensus,True,True,scaffold_differs_from_msa_consensus,0.34640860922059635,surface,False,False,False,False,12.470517273551582,True,False,unassigned_manual_review,,not_annotated_no_domain_boundaries,,True,False
6IV9,A,VI-D,binary,110,111,N,62.0,N,111.0,,ASN,True,380.0,381.0,four_layer_exact,high,0.8736263736263736,0.1625237426707407,2.475165409379496,0.1263736263736263,T,A;D;E;K;N;S;T;V,differs_from_consensus,True,True,scaffold_differs_from_msa_consensus,0.19782567051752883,buried_core,False,False,False,False,8.592320193126582,True,True,unassigned_manual_review,,not_annotated_no_domain_boundaries,,True,False
6IV9,A,VI-D,binary,111,112,E,63.0,E,112.0,,GLU,True,381.0,382.0,four_layer_exact,high,0.8626373626373627,0.1127800620961651,2.6742483123405223,0.1373626373626373,K,A;D;E;I;K;L;N;P;S,differs_from_consensus,True,True,scaffold_differs_from_msa_consensus,0.3393855499743337,surface,False,True,False,False,7.437920507624777,True,False,unassigned_manual_review,,not_annotated_no_domain_boundaries,,True,False
6IV9,A,VI-D,binary,112,113,V,64.0,V,113.0,,VAL,True,382.0,383.0,four_layer_exact,high,0.3461538461538461,0.1951219512195122,2.4119813689627168,0.6538461538461539,K,A;D;E;G;K;N;Q;S,differs_from_consensus,False,True,scaffold_differs_from_msa_consensus,0.1318674488779219,buried_core,True,False,True,False,4.017623622596831,True,True,unassigned_manual_review,,not_annotated_no_domain_boundaries,,False,False
6IV9,A,VI-D,binary,113,114,N,65.0,N,114.0,,ASN,True,383.0,384.0,four_layer_exact,high,0.3351648351648351,0.1680672268907563,2.402561746241019,0.6648351648351649,E,D;E;G;K;N;P;R;S;T,differs_from_consensus,False,True,scaffold_differs_from_msa_consensus,0.2519996164506623,surface,True,False,True,False,4.74147325085776,True,False,unassigned_manual_review,,not_annotated_no_domain_boundaries,,False,False
6IV9,A,VI-D,binary,114,115,I,66.0,I,115.0,,ILE,True,384.0,385.0,four_layer_exact,high,0.0494505494505494,0.3333333333333333,1.6769877743224173,0.9505494505494504,A,A;E;H;I;N;S,differs_from_consensus,False,True,scaffold_differs_from_msa_consensus,0.006130092467207697,buried_core,False,False,False,False,8.277757220041167,True,True,unassigned_manual_review,,not_annotated_no_domain_boundaries,,False,False
6IV9,A,VI-D,binary,115,116,T,67.0,T,116.0,,THR,True,434.0,435.0,four_layer_exact,high,0.2197802197802197,0.25,2.1927438540629898,0.7802197802197802,D,D;E;G;K;P;S,differs_from_consensus,False,True,scaffold_differs_from_msa_consensus,0.012458825861194423,buried_core,False,False,False,False,11.222254042991505,True,True,unassigned_manual_review,,not_annotated_no_domain_boundaries,,False,False
6IV9,A,VI-D,binary,116,117,F,68.0,F,117.0,,PHE,True,435.0,436.0,four_layer_exact,high,0.6703296703296703,0.4262728422020457,1.69204780475337,0.3296703296703297,V,A;I;T;V,differs_from_consensus,False,True,scaffold_differs_from_msa_consensus,0.005031784233499651,buried_core,False,True,False,False,7.360708539399054,True,True,unassigned_manual_review,,not_annotated_no_domain_boundaries,,False,False
6IV9,A,VI-D,binary,117,118,S,69.0,S,118.0,,SER,True,436.0,437.0,four_layer_exact,high,0.6758241758241759,0.2982835057405933,1.9894706485431208,0.3241758241758241,D,D;E;G;N;S;T,differs_from_consensus,False,True,scaffold_differs_from_msa_consensus,0.09765545502487279,buried_core,False,False,False,False,12.529060318363731,True,True,unassigned_manual_review,,not_annotated_no_domain_boundaries,,False,False
6IV9,A,VI-D,binary,118,119,S,70.0,S,119.0,,SER,True,437.0,438.0,four_layer_exact,high,0.6703296703296703,0.2206642914607516,2.1459339161154576,0.3296703296703297,E,A;D;E;K;N;P;R;S;T,differs_from_consensus,False,True,scaffold_differs_from_msa_consensus,0.034563194324603884,buried_core,False,False,False,False,11.781573393771664,True,True,unassigned_manual_review,,not_annotated_no_domain_boundaries,,False,False
6IV9,A,VI-D,binary,120,121,H,72.0,H,121.0,,HIS,True,441.0,442.0,four_layer_exact,high,0.0274725274725274,0.2,1.6094379124341005,0.9725274725274724,G,G;I;M;Q;R,differs_from_consensus,False,True,scaffold_differs_from_msa_consensus,0.10531246893363704,buried_core,False,False,False,False,12.008997502201925,True,True,unassigned_manual_review,,not_annotated_no_domain_boundaries,,False,False
6IV9,A,VI-D,binary,121,122,G,73.0,G,122.0,,GLY,True,442.0,443.0,four_layer_exact,high,0.8901098901098901,0.2826490279906428,2.294952448916504,0.1098901098901099,K,D;E;G;K;N;Q;R;S;T,differs_from_consensus,True,True,scaffold_differs_from_msa_consensus,0.31993411680871076,surface,False,False,False,False,13.276514523359843,True,False,unassigned_manual_review,,not_annotated_no_domain_boundaries,,True,False
6IV9,A,VI-D,binary,122,123,F,74.0,F,123.0,,PHE,True,447.0,448.0,four_layer_exact,high,0.967032967032967,0.3330179754020813,1.6210769632639537,0.0329670329670329,I,F;I;L;V;Y,differs_from_consensus,True,True,scaffold_differs_from_msa_consensus,0.005031784233499651,buried_core,False,True,False,False,7.628739603331061,True,True,unassigned_manual_review,,not_annotated_no_domain_boundaries,,True,False
6IV9,A,VI-D,binary,123,124,G,75.0,G,124.0,,GLY,True,448.0,449.0,four_layer_exact,high,0.956043956043956,0.1485718503210568,2.639177815806229,0.0439560439560439,S,D;E;K;N;R;S;T,differs_from_consensus,True,True,scaffold_differs_from_msa_consensus,0.25266911401123965,surface,False,False,False,False,11.919259232640847,True,False,unassigned_manual_review,,not_annotated_no_domain_boundaries,,True,False
6IV9,A,VI-D,binary,124,125,S,76.0,S,125.0,,SER,True,455.0,456.0,four_layer_exact,high,0.912087912087912,0.2311097305272967,2.379220273785973,0.0879120879120879,K,E;K;Q;R;S;T,differs_from_consensus,True,True,scaffold_differs_from_msa_consensus,0.5758523930091918,surface,False,False,False,False,14.199696941925897,True,False,unassigned_manual_review,,not_annotated_no_domain_boundaries,,True,False
6IV9,A,VI-D,binary,126,127,V,78.0,V,127.0,,VAL,True,486.0,487.0,four_layer_exact,high,0.4505494505494505,0.2137219186399514,2.4081697528469217,0.5494505494505495,I,I;K;L;M;N;R;T,differs_from_consensus,False,True,scaffold_differs_from_msa_consensus,0.24985411366343097,surface,False,False,False,False,10.087726701464412,True,False,unassigned_manual_review,,not_annotated_no_domain_boundaries,,False,False
6IV9,A,VI-D,binary,128,129,I,80.0,I,129.0,,ILE,True,488.0,489.0,four_layer_exact,high,0.934065934065934,0.3862514242309152,1.913103214710852,0.0659340659340659,A,A;G;I;L;T;V,differs_from_consensus,True,True,scaffold_differs_from_msa_consensus,0.006130092467207697,buried_core,False,True,False,False,6.169881992373315,True,True,unassigned_manual_review,,not_annotated_no_domain_boundaries,,True,False
6IV9,A,VI-D,binary,129,130,N,81.0,N,130.0,,ASN,True,489.0,490.0,four_layer_exact,high,0.9395604395604396,0.2388960108589095,2.380030213672298,0.0604395604395604,T,E;I;L;N;S;T;V,differs_from_consensus,True,True,scaffold_differs_from_msa_consensus,0.3433318047470461,surface,True,False,True,False,4.6663069378882,True,False,unassigned_manual_review,,not_annotated_no_domain_boundaries,,True,False
6IV9,A,VI-D,binary,130,131,T,82.0,T,131.0,,THR,True,490.0,491.0,four_layer_exact,high,0.9395604395604396,0.2316567378025789,2.22493623529721,0.0604395604395604,A,A;I;L;P;S;T;V,differs_from_consensus,True,True,scaffold_differs_from_msa_consensus,0.0,buried_core,True,False,True,False,4.095501034481074,True,True,unassigned_manual_review,,not_annotated_no_domain_boundaries,,True,False
6IV9,A,VI-D,binary,131,132,S,83.0,S,132.0,,SER,True,491.0,492.0,four_layer_exact,high,0.945054945054945,0.4274163360035936,2.0799929411783484,0.0549450549450549,D,A;D;E;N;S,differs_from_consensus,True,True,scaffold_differs_from_msa_consensus,0.031164599123610744,buried_core,True,False,True,False,3.1984312192596813,True,True,unassigned_manual_review,,not_annotated_no_domain_boundaries,,True,False
6IV9,A,VI-D,binary,134,135,T,86.0,T,135.0,,THR,True,494.0,495.0,four_layer_exact,high,0.8681318681318682,0.363356363939066,2.2344235712832656,0.1318681318681318,L,A;I;L;S;T;V,differs_from_consensus,True,True,scaffold_differs_from_msa_consensus,0.007021094279301839,buried_core,False,True,False,False,7.29241474623362,True,True,unassigned_manual_review,,not_annotated_no_domain_boundaries,,True,False
6IV9,A,VI-D,binary,136,137,R,88.0,R,137.0,,ARG,True,497.0,498.0,four_layer_exact,high,0.5164835164835165,0.2394811242308331,2.444638560920194,0.4835164835164834,S,A;G;H;I;N;R;S;V,differs_from_consensus,False,True,scaffold_differs_from_msa_consensus,0.013222206744962587,buried_core,True,False,True,False,3.7031491157637055,True,True,unassigned_manual_review,,not_annotated_no_domain_boundaries,,False,False
6IV9,A,VI-D,binary,137,138,S,89.0,S,138.0,,SER,True,498.0,499.0,four_layer_exact,high,0.4285714285714285,0.2358722358722358,2.3180795406466093,0.5714285714285714,G,G;K;R;S;T,differs_from_consensus,False,True,scaffold_differs_from_msa_consensus,0.25928168166599636,surface,True,False,True,False,2.9656278979623614,True,False,unassigned_manual_review,,not_annotated_no_domain_boundaries,,False,False
6IV9,A,VI-D,binary,138,139,G,90.0,G,139.0,,GLY,True,499.0,500.0,four_layer_exact,high,0.0824175824175824,0.1333333333333333,2.1535324566542537,0.9175824175824177,D,A;D;E;G;K;L;P;Q;S,differs_from_consensus,False,True,scaffold_differs_from_msa_consensus,0.6489021249537922,surface,False,True,False,False,6.049108099076473,True,False,unassigned_manual_review,,not_annotated_no_domain_boundaries,,False,False
6IV9,A,VI-D,binary,139,140,E,91.0,E,140.0,,GLU,True,532.0,533.0,four_layer_exact,high,0.6043956043956044,0.2102747909199522,2.3748205072861825,0.3956043956043956,S,A;E;I;K;S;V;Y,differs_from_consensus,False,True,scaffold_differs_from_msa_consensus,0.06315260545536953,buried_core,False,True,False,False,5.5270179260735,True,True,unassigned_manual_review,,not_annotated_no_domain_boundaries,,False,False
6IV9,A,VI-D,binary,140,141,S,92.0,S,141.0,,SER,True,533.0,534.0,four_layer_exact,high,0.8076923076923077,0.2409418636488089,2.4729087309970152,0.1923076923076923,K,D;E;G;K;N;Q;R;S,differs_from_consensus,True,True,scaffold_differs_from_msa_consensus,0.5898204409238843,surface,False,False,False,False,10.321252217454239,True,False,unassigned_manual_review,,not_annotated_no_domain_boundaries,,True,False
6IV9,A,VI-D,binary,141,142,S,93.0,S,142.0,,SER,True,534.0,535.0,four_layer_exact,high,0.8131868131868132,0.1780512078168823,2.5265393926374644,0.1868131868131868,K,A;E;K;N;P;Q;R;S;T,differs_from_consensus,True,True,scaffold_differs_from_msa_consensus,0.16715551078480043,buried_core,False,False,False,False,9.908809948915726,True,True,unassigned_manual_review,,not_annotated_no_domain_boundaries,,True,False
6IV9,A,VI-D,binary,142,143,P,94.0,P,143.0,,PRO,True,535.0,536.0,four_layer_exact,high,0.445054945054945,0.115138592750533,2.66069748312687,0.554945054945055,R,A;D;E;I;K;N;P;Q;R;S;T;V,differs_from_consensus,False,True,scaffold_differs_from_msa_consensus,0.10633204417961527,buried_core,False,True,False,False,7.797934588072746,True,True,unassigned_manual_review,,not_annotated_no_domain_boundaries,,False,False
6IV9,A,VI-D,binary,144,145,R,96.0,R,145.0,,ARG,True,537.0,538.0,four_layer_exact,high,0.8791208791208791,0.6017206063088898,1.5229936692232289,0.1208791208791209,G,G;N;P;R,differs_from_consensus,True,True,scaffold_differs_from_msa_consensus,0.04556799884365663,buried_core,True,False,True,False,2.887977312428661,True,True,unassigned_manual_review,,not_annotated_no_domain_boundaries,,True,False
6IV9,A,VI-D,binary,145,146,G,97.0,G,146.0,,GLY,True,538.0,539.0,four_layer_exact,high,0.8846153846153846,0.1482806275912527,2.433867761775832,0.1153846153846154,Q,A;D;E;K;M;Q;R;S;T,differs_from_consensus,True,True,scaffold_differs_from_msa_consensus,0.02322361953922916,buried_core,True,False,True,False,3.985007447098829,True,True,unassigned_manual_review,,not_annotated_no_domain_boundaries,,True,False
6IV9,A,VI-D,binary,147,148,M,99.0,M,148.0,,MET,True,555.0,556.0,four_layer_exact,high,0.9725274725274724,0.2636409626364095,2.1080298549867944,0.0274725274725274,Y,I;K;L;M;Q;Y,differs_from_consensus,True,True,scaffold_differs_from_msa_consensus,0.0,buried_core,True,False,True,False,2.9297557220067607,True,True,unassigned_manual_review,,not_annotated_no_domain_boundaries,,True,False
6IV9,A,VI-D,binary,152,153,S,104.0,S,153.0,,SER,True,560.0,561.0,four_layer_exact,high,0.978021978021978,0.2618244455608985,2.1311095792334758,0.021978021978022,D,A;D;E;G;N;P;S,differs_from_consensus,True,True,scaffold_differs_from_msa_consensus,0.14088831004636124,buried_core,False,False,False,False,8.82043379756506,True,True,unassigned_manual_review,,not_annotated_no_domain_boundaries,,True,False
6IV9,A,VI-D,binary,153,154,E,105.0,E,154.0,,GLU,True,561.0,562.0,four_layer_exact,high,0.978021978021978,0.2204837436302303,2.3047630718212755,0.021978021978022,K,A;E;K;T;V,differs_from_consensus,True,True,scaffold_differs_from_msa_consensus,0.11050922669705186,buried_core,False,False,False,False,11.154887582948774,True,True,unassigned_manual_review,,not_annotated_no_domain_boundaries,,True,False
6IV9,A,VI-D,binary,171,172,L,123.0,L,172.0,,LEU,True,598.0,599.0,four_layer_exact,high,0.9725274725274724,0.5064681650646816,1.0732635696041648,0.0274725274725274,I,I;L,differs_from_consensus,True,True,scaffold_differs_from_msa_consensus,0.0,buried_core,False,True,False,False,5.8792728349500445,True,True,unassigned_manual_review,,not_annotated_no_domain_boundaries,,True,False
6IV9,A,VI-D,binary,186,187,V,138.0,V,187.0,,VAL,True,613.0,614.0,four_layer_exact,high,0.978021978021978,0.4083928185161151,1.5821683639735211,0.021978021978022,I,A;I;S;V,differs_from_consensus,True,True,scaffold_differs_from_msa_consensus,0.013880784092412831,buried_core,False,False,False,False,14.406720945722954,True,True,unassigned_manual_review,,not_annotated_no_domain_boundaries,,True,False
6IV9,A,VI-D,binary,187,188,T,139.0,T,188.0,,THR,True,614.0,615.0,four_layer_exact,high,0.9725274725274724,0.6029187540840776,1.356439458939927,0.0274725274725274,N,N;T,differs_from_consensus,True,True,scaffold_differs_from_msa_consensus,0.020271601489200892,buried_core,False,False,False,False,13.208792612920874,True,True,unassigned_manual_review,,not_annotated_no_domain_boundaries,,True,False
6IV9,A,VI-D,binary,196,197,M,148.0,M,197.0,,MET,True,629.0,630.0,four_layer_exact,high,0.9835164835164836,0.6228373702422145,1.1990834743759282,0.0164835164835165,L,I;L;M;V,differs_from_consensus,True,True,scaffold_differs_from_msa_consensus,0.005391197393035341,buried_core,False,False,False,False,16.92748742155626,True,True,unassigned_manual_review,,not_annotated_no_domain_boundaries,,True,False
6IV9,A,VI-D,binary,198,199,G,150.0,G,199.0,,GLY,True,631.0,632.0,four_layer_exact,high,0.9615384615384616,0.5195729537366548,1.7704840240886426,0.0384615384615384,R,D;G;N;R,differs_from_consensus,True,True,scaffold_differs_from_msa_consensus,0.3942853443278136,surface,False,False,False,False,23.775339674470292,True,False,unassigned_manual_review,,not_annotated_no_domain_boundaries,,True,False
6IV9,A,VI-D,binary,199,200,I,151.0,I,200.0,,ILE,True,633.0,634.0,four_layer_exact,high,0.8956043956043956,0.1625806451612903,2.560474128027858,0.1043956043956043,D,A;D;E;G;K;N;R;S;T,differs_from_consensus,True,True,scaffold_differs_from_msa_consensus,0.343285178163631,surface,False,False,False,False,26.083087467480823,True,False,unassigned_manual_review,,not_annotated_no_domain_boundaries,,True,False
6IV9,A,VI-D,binary,200,201,K,152.0,K,201.0,,LYS,True,634.0,635.0,four_layer_exact,high,0.8956043956043956,0.2474870298313878,2.3402382182330475,0.1043956043956043,E,D;E;G;K;N;S,differs_from_consensus,True,True,scaffold_differs_from_msa_consensus,0.1890717486069892,buried_core,False,False,False,False,22.638688236259128,True,True,unassigned_manual_review,,not_annotated_no_domain_boundaries,,True,False
6IV9,A,VI-D,binary,202,203,S,154.0,S,203.0,,SER,True,636.0,637.0,four_layer_exact,high,0.6538461538461539,0.2962962962962963,2.4002029059513537,0.3461538461538461,D,D;E;K;N;S,differs_from_consensus,False,True,scaffold_differs_from_msa_consensus,0.347597972196995,surface,False,False,False,False,27.406307664939913,True,False,unassigned_manual_review,,not_annotated_no_domain_boundaries,,False,False
6IV9,A,VI-D,binary,204,205,S,156.0,S,205.0,,SER,True,638.0,639.0,four_layer_exact,high,0.1703296703296703,0.2413793103448276,2.222021962081666,0.8296703296703296,E,D;E;I;K;L;N;Q;S,differs_from_consensus,False,True,scaffold_differs_from_msa_consensus,0.3903259834132215,surface,False,False,False,False,26.430170292811365,True,False,unassigned_manual_review,,not_annotated_no_domain_boundaries,,False,False
6IV9,A,VI-D,binary,205,206,Y,157.0,Y,206.0,,TYR,True,639.0,640.0,four_layer_exact,high,0.1538461538461538,0.1153846153846153,2.490270497840358,0.8461538461538461,A,A;E;H;K;L;N;Q;R;T;Y,differs_from_consensus,False,True,scaffold_differs_from_msa_consensus,0.13550006857763902,buried_core,False,False,False,False,19.775250743937185,True,True,unassigned_manual_review,,not_annotated_no_domain_boundaries,,False,False
6IV9,A,VI-D,binary,206,207,D,158.0,D,207.0,,ASP,True,667.0,668.0,four_layer_exact,high,0.9615384615384616,0.192170818505338,2.5580005415999194,0.0384615384615384,E,D;E;G;K;N;S;T,differs_from_consensus,True,True,scaffold_differs_from_msa_consensus,0.23982156521980189,surface,False,False,False,False,21.45190739547666,True,False,unassigned_manual_review,,not_annotated_no_domain_boundaries,,True,False
6IV9,A,VI-D,binary,209,210,M,161.0,M,210.0,,MET,True,670.0,671.0,four_layer_exact,high,0.9835164835164836,0.5247981545559401,1.3844867958828906,0.0164835164835165,I,F;I;L;V,differs_from_consensus,True,True,scaffold_differs_from_msa_consensus,0.0,buried_core,False,False,False,False,23.472460183833842,True,True,unassigned_manual_review,,not_annotated_no_domain_boundaries,,True,False
6IV9,A,VI-D,binary,214,215,A,166.0,A,215.0,,ALA,True,680.0,681.0,four_layer_exact,high,0.7802197802197802,0.3745199692780338,2.120855394358002,0.2197802197802197,T,A;F;L;S;T;V;Y,differs_from_consensus,False,True,scaffold_differs_from_msa_consensus,0.0,buried_core,False,False,False,False,27.6684963221292,True,True,unassigned_manual_review,,not_annotated_no_domain_boundaries,,False,False
6IV9,A,VI-D,binary,215,216,R,167.0,R,216.0,,ARG,True,688.0,689.0,four_layer_exact,high,0.7252747252747253,0.123076923076923,2.685364474835372,0.2747252747252747,D,D;G;K;L;N;Q;R;S;T,differs_from_consensus,False,True,scaffold_differs_from_msa_consensus,0.2765200960209856,surface,False,False,False,False,27.101849176963324,True,False,unassigned_manual_review,,not_annotated_no_domain_boundaries,,False,False
6IV9,A,VI-D,binary,220,221,V,172.0,V,221.0,,VAL,True,706.0,707.0,four_layer_exact,high,0.9230769230769232,0.1423220973782771,2.474100316647014,0.0769230769230768,K,A;D;E;K;N;Q;S;T;V,differs_from_consensus,True,True,scaffold_differs_from_msa_consensus,0.09022509660068341,buried_core,False,False,False,False,34.11199549708263,True,True,unassigned_manual_review,,not_annotated_no_domain_boundaries,,True,False
6IV9,A,VI-D,binary,222,223,T,174.0,T,223.0,,THR,True,726.0,727.0,four_layer_exact,high,0.3461538461538461,0.1499219156689224,2.4575951719379603,0.6538461538461539,L,A;C;K;L;M;R;S;T,differs_from_consensus,False,True,scaffold_differs_from_msa_consensus,0.22367525987087458,surface,False,False,False,False,30.97592296424168,True,False,unassigned_manual_review,,not_annotated_no_domain_boundaries,,False,False
6IV9,A,VI-D,binary,223,224,H,175.0,H,224.0,,HIS,True,727.0,728.0,four_layer_exact,high,0.3571428571428571,0.3712846347607053,1.7196090522880478,0.6428571428571428,D,D;E;N;S,differs_from_consensus,False,True,scaffold_differs_from_msa_consensus,0.29284569099938756,surface,False,False,False,False,35.0016277736405,True,False,unassigned_manual_review,,not_annotated_no_domain_boundaries,,False,False
6IV9,A,VI-D,binary,225,226,D,177.0,D,226.0,,ASP,True,730.0,731.0,four_layer_exact,high,0.2857142857142857,0.2045889101338432,2.313767979451839,0.7142857142857143,E,D;E;K;N;S;T,differs_from_consensus,False,True,scaffold_differs_from_msa_consensus,0.4617665892458422,surface,False,False,False,False,40.738566351096395,True,False,unassigned_manual_review,,not_annotated_no_domain_boundaries,,False,False
6IV9,A,VI-D,binary,226,227,K,178.0,K,227.0,,LYS,True,739.0,740.0,four_layer_exact,high,0.4395604395604395,0.2482645977950184,2.15549340062005,0.5604395604395604,D,D;E;G;K;N;S,differs_from_consensus,False,True,scaffold_differs_from_msa_consensus,0.6853658597571658,surface,False,False,False,False,38.73531838880335,True,False,unassigned_manual_review,,not_annotated_no_domain_boundaries,,False,False
6IV9,A,VI-D,binary,227,228,S,179.0,S,228.0,,SER,True,740.0,741.0,four_layer_exact,high,0.456043956043956,0.2640471512770137,2.2528176763586125,0.543956043956044,P,A;E;G;K;N;P;S;T,differs_from_consensus,False,True,scaffold_differs_from_msa_consensus,0.1444023537102889,buried_core,False,False,False,False,39.99708343532417,True,True,unassigned_manual_review,,not_annotated_no_domain_boundaries,,False,False
6IV9,A,VI-D,binary,228,229,N,180.0,N,229.0,,ASN,True,741.0,742.0,four_layer_exact,high,0.456043956043956,0.1886051080550098,2.4165316593704933,0.543956043956044,K,D;E;K;N;Q;R;S,differs_from_consensus,False,True,scaffold_differs_from_msa_consensus,0.7159087760600175,surface,False,False,False,False,41.205267283730024,True,False,unassigned_manual_review,,not_annotated_no_domain_boundaries,,False,False
6IV9,A,VI-D,binary,229,230,L,181.0,L,230.0,,LEU,True,742.0,743.0,four_layer_exact,high,0.4230769230769231,0.190395240118997,2.423465993606993,0.5769230769230769,K,A;D;F;K;L;N;T;V;Y,differs_from_consensus,False,True,scaffold_differs_from_msa_consensus,0.3223160277535773,surface,False,False,False,False,36.8741088651092,True,False,unassigned_manual_review,,not_annotated_no_domain_boundaries,,False,False
6IV9,A,VI-D,binary,230,231,S,182.0,S,231.0,,SER,True,743.0,744.0,four_layer_exact,high,0.5604395604395604,0.2530413625304136,2.231738306569456,0.4395604395604395,E,D;E;K;N;Q;S;T,differs_from_consensus,False,True,scaffold_differs_from_msa_consensus,0.38429185546428263,surface,False,False,False,False,37.12773810975305,True,False,unassigned_manual_review,,not_annotated_no_domain_boundaries,,False,False
6IV9,A,VI-D,binary,232,233,K,184.0,K,233.0,,LYS,True,745.0,746.0,four_layer_exact,high,0.3901098901098901,0.175438596491228,2.3080875510354337,0.6098901098901099,D,D;G;I;K;L;N;R,differs_from_consensus,False,True,scaffold_differs_from_msa_consensus,0.5662456118850037,surface,False,False,False,False,32.92910963910537,True,False,unassigned_manual_review,,not_annotated_no_domain_boundaries,,False,False
6IV9,A,VI-D,binary,233,234,V,185.0,V,234.0,,VAL,True,748.0,749.0,four_layer_exact,high,0.1153846153846153,0.2105263157894736,2.114308130951528,0.8846153846153846,N,A;D;F;H;I;K;L;N;S,differs_from_consensus,False,True,scaffold_differs_from_msa_consensus,0.3184754525624078,surface,False,False,False,False,34.44182306722283,True,False,unassigned_manual_review,,not_annotated_no_domain_boundaries,,False,False
6IV9,A,VI-D,binary,234,235,K,186.0,K,235.0,,LYS,True,749.0,750.0,four_layer_exact,high,0.1098901098901098,0.2222222222222222,2.099546784004169,0.8901098901098901,D,A;D;E;F;I;K;N;Q;V,differs_from_consensus,False,True,scaffold_differs_from_msa_consensus,0.13264709388119006,buried_core,False,False,False,False,37.25455381270742,True,True,unassigned_manual_review,,not_annotated_no_domain_boundaries,,False,False
6IV9,A,VI-D,binary,235,236,G,187.0,G,236.0,,GLY,True,757.0,758.0,four_layer_exact,high,0.6483516483516484,0.2745098039215686,2.2140650838006617,0.3516483516483516,K,A;D;K;N;R;S,differs_from_consensus,False,True,scaffold_differs_from_msa_consensus,0.29688255988250895,surface,False,False,False,False,35.932727434053426,True,False,unassigned_manual_review,,not_annotated_no_domain_boundaries,,False,False
6IV9,A,VI-D,binary,238,239,K,190.0,K,239.0,,LYS,True,760.0,761.0,four_layer_exact,high,0.7252747252747253,0.1616161616161616,2.4705730625141404,0.2747252747252747,N,A;D;E;G;K;N;R;S;T,differs_from_consensus,False,True,scaffold_differs_from_msa_consensus,0.33291228386558647,surface,False,False,False,False,36.053331747879525,True,False,unassigned_manual_review,,not_annotated_no_domain_boundaries,,False,False
6IV9,A,VI-D,binary,241,242,L,193.0,L,242.0,,LEU,True,763.0,764.0,four_layer_exact,high,0.7857142857142857,0.4128440366972477,1.8907203716128045,0.2142857142857143,K,K;R;Y,differs_from_consensus,False,True,scaffold_differs_from_msa_consensus,0.17423491674207747,buried_core,False,False,False,False,31.763627051870973,True,True,unassigned_manual_review,,not_annotated_no_domain_boundaries,,False,False
6IV9,A,VI-D,binary,242,243,S,194.0,S,243.0,,SER,True,764.0,765.0,four_layer_exact,high,0.8131868131868132,0.1938325991189427,2.164355216127221,0.1868131868131868,E,A;D;E;K;N;R;S,differs_from_consensus,True,True,scaffold_differs_from_msa_consensus,0.33379458427403014,surface,False,False,False,False,31.196983052661665,True,False,unassigned_manual_review,,not_annotated_no_domain_boundaries,,True,False
6IV9,A,VI-D,binary,245,246,N,197.0,N,246.0,,ASN,True,847.0,848.0,four_layer_exact,high,0.8791208791208791,0.272,2.3570440080535624,0.1208791208791209,E,D;E;K;L;Q,differs_from_consensus,True,True,scaffold_differs_from_msa_consensus,0.216522367818056,surface,False,False,False,False,26.19839282335644,True,False,unassigned_manual_review,,not_annotated_no_domain_boundaries,,True,False
6IV9,A,VI-D,binary,246,247,D,198.0,D,247.0,,ASP,True,848.0,849.0,four_layer_exact,high,0.8901098901098901,0.2125984251968504,2.259972308387499,0.1098901098901099,E,A;D;E;K;N;Q,differs_from_consensus,True,True,scaffold_differs_from_msa_consensus,0.22145122426055167,surface,False,False,False,False,25.78092941099385,True,False,unassigned_manual_review,,not_annotated_no_domain_boundaries,,True,False
6IV9,A,VI-D,binary,250,251,T,202.0,T,251.0,,THR,True,859.0,860.0,four_layer_exact,high,0.9725274725274724,0.2867132867132867,2.1543887797951977,0.0274725274725274,N,A;D;K;N;R;S;T,differs_from_consensus,True,True,scaffold_differs_from_msa_consensus,0.049147659955112874,buried_core,False,False,False,False,20.093558807516914,True,True,unassigned_manual_review,,not_annotated_no_domain_boundaries,,True,False
6IV9,A,VI-D,binary,251,252,K,203.0,K,252.0,,LYS,True,866.0,867.0,four_layer_exact,high,0.956043956043956,0.1798561151079136,2.5536442431912896,0.0439560439560439,P,A;I;K;N;P;S;T,differs_from_consensus,True,True,scaffold_differs_from_msa_consensus,0.15968209608532358,buried_core,False,False,False,False,17.753726525136063,True,True,unassigned_manual_review,,not_annotated_no_domain_boundaries,,True,False
6IV9,A,VI-D,binary,258,259,L,210.0,L,259.0,,LEU,True,901.0,902.0,four_layer_exact,high,0.9835164835164836,0.2083333333333333,2.408580112882473,0.0164835164835165,D,D;E;F;G;K;N;S;T,differs_from_consensus,True,True,scaffold_differs_from_msa_consensus,0.060081005773130164,buried_core,False,False,False,False,14.21194285165289,True,True,unassigned_manual_review,,not_annotated_no_domain_boundaries,,True,False
6IV9,A,VI-D,binary,259,260,E,211.0,E,260.0,,GLU,True,902.0,903.0,four_layer_exact,high,0.9835164835164836,0.3611111111111111,2.0000778562397588,0.0164835164835165,A,A;E;I;L;T;V,differs_from_consensus,True,True,scaffold_differs_from_msa_consensus,0.29037653552401965,surface,False,False,False,False,10.500097639379511,True,False,unassigned_manual_review,,not_annotated_no_domain_boundaries,,True,False
6IV9,A,VI-D,binary,260,261,E,212.0,E,261.0,,GLU,True,903.0,904.0,four_layer_exact,high,0.978021978021978,0.7482517482517482,0.9158307687118252,0.021978021978022,F,F;L;Y,differs_from_consensus,True,True,scaffold_differs_from_msa_consensus,0.06787710999486674,buried_core,False,False,False,False,14.721441606652236,True,True,unassigned_manual_review,,not_annotated_no_domain_boundaries,,True,False
6IV9,A,VI-D,binary,261,262,P,213.0,P,262.0,,PRO,True,904.0,905.0,four_layer_exact,high,0.9725274725274724,0.2887323943661972,2.4549672026777847,0.0274725274725274,Y,F;I;K;Y,differs_from_consensus,True,True,scaffold_differs_from_msa_consensus,0.18559660025856559,buried_core,False,False,False,False,14.423797322072287,True,True,unassigned_manual_review,,not_annotated_no_domain_boundaries,,True,False
6IV9,A,VI-D,binary,263,264,T,215.0,T,264.0,,THR,True,946.0,947.0,four_layer_exact,high,0.7857142857142857,0.3518518518518518,2.211937438426997,0.2142857142857143,K,A;E;G;K;N;R,differs_from_consensus,False,True,scaffold_differs_from_msa_consensus,0.4803930606692639,surface,False,False,False,False,14.018305181918315,True,False,unassigned_manual_review,,not_annotated_no_domain_boundaries,,False,False
6IV9,A,VI-D,binary,266,267,T,218.0,T,267.0,,THR,True,979.0,980.0,four_layer_exact,high,0.7802197802197802,0.2429906542056074,2.240258343890273,0.2197802197802197,K,D;E;G;K;N;S;T,differs_from_consensus,False,True,scaffold_differs_from_msa_consensus,0.5435281139622783,surface,False,False,False,False,22.577323000232624,True,False,unassigned_manual_review,,not_annotated_no_domain_boundaries,,False,False
6IV9,A,VI-D,binary,267,268,R,219.0,R,268.0,,ARG,True,980.0,981.0,four_layer_exact,high,0.7912087912087912,0.2782874617737003,2.34506098958044,0.2087912087912088,K,E;K;P;Q;R;S,differs_from_consensus,False,True,scaffold_differs_from_msa_consensus,0.6780378805430021,surface,False,False,False,False,23.140238319054323,True,False,unassigned_manual_review,,not_annotated_no_domain_boundaries,,False,False
6IV9,A,VI-D,binary,268,269,A,220.0,A,269.0,,ALA,True,981.0,982.0,four_layer_exact,high,0.7307692307692307,0.3563762626262626,2.099450546137691,0.2692307692307693,K,D;E;K;Q;R,differs_from_consensus,False,True,scaffold_differs_from_msa_consensus,0.18634515122072107,buried_core,False,False,False,False,19.482937662784092,True,True,unassigned_manual_review,,not_annotated_no_domain_boundaries,,False,False
6IV9,A,VI-D,binary,269,270,S,221.0,S,270.0,,SER,True,994.0,995.0,four_layer_exact,high,0.7252747252747253,0.1530612244897959,2.5439263886462906,0.2747252747252747,K,D;E;I;K;N;Q;T;V,differs_from_consensus,False,True,scaffold_differs_from_msa_consensus,0.15043648165922777,buried_core,False,False,False,False,21.266461359791705,True,True,unassigned_manual_review,,not_annotated_no_domain_boundaries,,False,False
6IV9,A,VI-D,binary,271,272,A,223.0,A,272.0,,ALA,True,996.0,997.0,four_layer_exact,high,0.9725274725274724,0.380281690140845,2.0447219024364927,0.0274725274725274,K,A;E;K;N;R,differs_from_consensus,True,True,scaffold_differs_from_msa_consensus,0.1488993150644446,buried_core,False,False,False,False,21.445904814910843,True,True,unassigned_manual_review,,not_annotated_no_domain_boundaries,,True,False
6IV9,A,VI-D,binary,272,273,Y,224.0,Y,273.0,,TYR,True,997.0,998.0,four_layer_exact,high,0.967032967032967,0.2624113475177305,2.556186469552014,0.0329670329670329,S,D;E;N;S;T,differs_from_consensus,True,True,scaffold_differs_from_msa_consensus,0.027550453597868813,buried_core,False,False,False,False,18.26812802162371,True,True,unassigned_manual_review,,not_annotated_no_domain_boundaries,,True,False
6IV9,A,VI-D,binary,273,274,K,225.0,K,274.0,,LYS,True,998.0,999.0,four_layer_exact,high,0.967032967032967,0.3191489361702128,2.001474815983524,0.0329670329670329,E,D;E;K;Q;R,differs_from_consensus,True,True,scaffold_differs_from_msa_consensus,0.1538834615094604,buried_core,False,False,False,False,22.48632914704913,True,True,unassigned_manual_review,,not_annotated_no_domain_boundaries,,True,False
6IV9,A,VI-D,binary,275,276,R,227.0,R,276.0,,ARG,True,1021.0,1022.0,four_layer_exact,high,0.9725274725274724,0.4223151408450704,2.004366578420314,0.0274725274725274,E,D;E;H;K;R;Y,differs_from_consensus,True,True,scaffold_differs_from_msa_consensus,0.11300217049629535,buried_core,False,False,False,False,17.179270159131363,True,True,unassigned_manual_review,,not_annotated_no_domain_boundaries,,True,False
6IV9,A,VI-D,binary,276,277,V,228.0,V,277.0,,VAL,True,1030.0,1031.0,four_layer_exact,high,0.9945054945054944,0.3084332191780822,1.9334741628997247,0.0054945054945054,I,A;C;I;L;N;V,differs_from_consensus,True,True,scaffold_differs_from_msa_consensus,0.03391937866794475,buried_core,False,False,False,False,20.118214435597125,True,True,unassigned_manual_review,,not_annotated_no_domain_boundaries,,True,False
6IV9,A,VI-D,binary,278,279,H,230.0,H,279.0,,HIS,True,1032.0,1033.0,four_layer_exact,high,0.9945054945054944,0.2054794520547945,2.289840835448434,0.0054945054945054,N,D;H;K;N;S;Y,differs_from_consensus,True,True,scaffold_differs_from_msa_consensus,0.0,buried_core,False,False,False,False,23.16661219218856,True,True,unassigned_manual_review,,not_annotated_no_domain_boundaries,,True,False
6IV9,A,VI-D,binary,279,280,M,231.0,M,280.0,,MET,True,1033.0,1034.0,four_layer_exact,high,0.9945054945054944,0.4111729452054795,1.6950957478591993,0.0054945054945054,I,I;L;V,differs_from_consensus,True,True,scaffold_differs_from_msa_consensus,0.005744626566564195,buried_core,False,False,False,False,16.98489778777918,True,True,unassigned_manual_review,,not_annotated_no_domain_boundaries,,True,False
6IV9,A,VI-D,binary,281,282,A,233.0,A,282.0,,ALA,True,1035.0,1036.0,four_layer_exact,high,0.9945054945054944,0.3424657534246575,1.8198097162278748,0.0054945054945054,R,A;C;R;S,differs_from_consensus,True,True,scaffold_differs_from_msa_consensus,0.0,buried_core,False,False,False,False,25.39039006427953,True,True,unassigned_manual_review,,not_annotated_no_domain_boundaries,,True,False
6IV9,A,VI-D,binary,282,283,I,234.0,I,283.0,,ILE,True,1036.0,1037.0,four_layer_exact,high,0.9945054945054944,0.4246575342465753,1.7449120721819953,0.0054945054945054,L,F;I;L;M;V,differs_from_consensus,True,True,scaffold_differs_from_msa_consensus,0.006130092467207697,buried_core,False,False,False,False,22.07286361739236,True,True,unassigned_manual_review,,not_annotated_no_domain_boundaries,,True,False
6IV9,A,VI-D,binary,283,284,V,235.0,V,284.0,,VAL,True,1037.0,1038.0,four_layer_exact,high,1.0,0.6326530612244898,1.1752685407534762,0.0,L,A;I;L;V,differs_from_consensus,True,True,scaffold_differs_from_msa_consensus,0.0,buried_core,False,False,False,False,20.335096738501566,True,True,unassigned_manual_review,,not_annotated_no_domain_boundaries,,True,False
6IV9,A,VI-D,binary,285,286,Q,237.0,Q,286.0,,GLN,True,1039.0,1040.0,four_layer_exact,high,1.0,0.1428571428571428,2.660033185241378,0.0,S,A;F;I;K;L;M;Q;S;T;Y,differs_from_consensus,True,True,scaffold_differs_from_msa_consensus,0.0,buried_core,False,False,False,False,20.878649763163843,True,True,unassigned_manual_review,,not_annotated_no_domain_boundaries,,True,False
6IV9,A,VI-D,binary,286,287,I,238.0,I,287.0,,ILE,True,1040.0,1041.0,four_layer_exact,high,1.0,0.4693877551020408,1.5713257017154096,0.0,L,A;I;L;M;V,differs_from_consensus,True,True,scaffold_differs_from_msa_consensus,0.012260184934415394,buried_core,False,False,False,False,17.50029831752974,True,True,unassigned_manual_review,,not_annotated_no_domain_boundaries,,True,False
6IV9,A,VI-D,binary,287,288,R,239.0,A,288.0,,ALA,True,1041.0,1042.0,four_layer_literature_restored_substitution,high,1.0,1.0,-0.0,0.0,R,R,matches_consensus,True,True,literature_confirmed_construct_substitution,0.13725516019121825,buried_core,False,False,False,False,17.238736292806934,True,True,HEPN1,,not_annotated_no_domain_boundaries,HEPN1_R,True,False
6IV9,A,VI-D,binary,289,290,C,241.0,C,290.0,,CYS,True,1043.0,1044.0,four_layer_exact,high,1.0,0.2108843537414966,2.323815639312074,0.0,F,A;F;L;M;S;W,differs_from_consensus,True,True,scaffold_differs_from_msa_consensus,0.019247766899330304,buried_core,False,False,False,False,16.05470046036441,True,True,unassigned_manual_review,,not_annotated_no_domain_boundaries,,True,False
6IV9,A,VI-D,binary,290,291,V,242.0,V,291.0,,VAL,True,1044.0,1045.0,four_layer_exact,high,1.0,0.3197278911564626,1.9871025701383875,0.0,C,A;C;I;L;S;T;V,differs_from_consensus,True,True,scaffold_differs_from_msa_consensus,0.0,buried_core,False,False,False,False,12.928905298797785,True,True,unassigned_manual_review,,not_annotated_no_domain_boundaries,,True,False
6IV9,A,VI-D,binary,293,294,D,245.0,D,294.0,,ASP,True,1047.0,1048.0,four_layer_exact,high,1.0,0.3197278911564626,2.187913418055878,0.0,G,D;E;F;G;S;Y,differs_from_consensus,True,True,scaffold_differs_from_msa_consensus,0.3737392282029847,surface,False,False,False,False,19.879981591587452,True,False,unassigned_manual_review,,not_annotated_no_domain_boundaries,,True,False
6IV9,A,VI-D,binary,294,295,K,246.0,K,295.0,,LYS,True,1050.0,1051.0,four_layer_exact,high,0.912087912087912,0.1753339694656488,2.61739589031574,0.0879120879120879,E,D;E;G;K;N;T;V,differs_from_consensus,True,True,scaffold_differs_from_msa_consensus,0.7252605188864378,surface,False,False,False,False,22.331893144372913,True,False,unassigned_manual_review,,not_annotated_no_domain_boundaries,,True,False
6IV9,A,VI-D,binary,296,297,G,248.0,G,297.0,,GLY,True,1055.0,1056.0,four_layer_exact,high,0.8626373626373627,0.2254098360655737,2.519479610737625,0.1373626373626373,N,D;E;G;K;N;R;S;T,differs_from_consensus,True,True,scaffold_differs_from_msa_consensus,0.269174075169307,surface,False,False,False,False,19.702498866984445,True,False,unassigned_manual_review,,not_annotated_no_domain_boundaries,,True,False
6IV9,A,VI-D,binary,297,298,A,249.0,A,298.0,,ALA,True,1056.0,1057.0,four_layer_exact,high,0.8131868131868132,0.168141592920354,2.4508894946563955,0.1868131868131868,R,A;D;K;N;R;S;T,differs_from_consensus,True,True,scaffold_differs_from_msa_consensus,0.3795975200754092,surface,False,False,False,False,20.487968725323977,True,False,unassigned_manual_review,,not_annotated_no_domain_boundaries,,True,False
6IV9,A,VI-D,binary,298,299,K,250.0,K,299.0,,LYS,True,1073.0,1074.0,four_layer_exact,high,0.3901098901098901,0.1764705882352941,2.429284477153144,0.6098901098901099,A,A;D;G;K;P;S;T,differs_from_consensus,False,True,scaffold_differs_from_msa_consensus,0.10815071153048952,buried_core,False,False,False,False,15.41328089276197,True,True,unassigned_manual_review,,not_annotated_no_domain_boundaries,,False,False
6IV9,A,VI-D,binary,299,300,R,251.0,R,300.0,,ARG,True,1074.0,1075.0,four_layer_exact,high,0.4065934065934066,0.1714285714285714,2.4148389702678728,0.5934065934065934,D,D;E;G;K;N;P;R;S,differs_from_consensus,False,True,scaffold_differs_from_msa_consensus,0.2118782728167238,surface,False,False,False,False,19.503065831427957,True,False,unassigned_manual_review,,not_annotated_no_domain_boundaries,,False,False
6IV9,A,VI-D,binary,300,301,F,252.0,F,301.0,,PHE,True,1075.0,1076.0,four_layer_exact,high,0.6538461538461539,0.2142857142857142,2.3573451971064188,0.3461538461538461,T,A;F;N;S;T;Y,differs_from_consensus,False,True,scaffold_differs_from_msa_consensus,0.501401747984605,surface,False,False,False,False,18.624289303231844,True,False,unassigned_manual_review,,not_annotated_no_domain_boundaries,,False,False
6IV9,A,VI-D,binary,301,302,D,253.0,D,302.0,,ASP,True,1078.0,1079.0,four_layer_exact,high,0.8516483516483516,0.3916666666666666,2.1616914042489888,0.1483516483516483,W,A;S;V;W;Y,differs_from_consensus,True,True,scaffold_differs_from_msa_consensus,0.04935158827120277,buried_core,False,False,False,False,21.86144526705194,True,True,unassigned_manual_review,,not_annotated_no_domain_boundaries,,True,False
6IV9,A,VI-D,binary,304,305,S,256.0,S,305.0,,SER,True,1081.0,1082.0,four_layer_exact,high,0.945054945054945,0.3941605839416058,2.045662002332108,0.0549450549450549,N,D;K;N;Q;R;S,differs_from_consensus,True,True,scaffold_differs_from_msa_consensus,0.16953282488496077,buried_core,False,False,False,False,22.47149296251149,True,True,unassigned_manual_review,,not_annotated_no_domain_boundaries,,True,False
6IV9,A,VI-D,binary,305,306,F,257.0,F,306.0,,PHE,True,1082.0,1083.0,four_layer_exact,high,0.9835164835164836,0.5277777777777778,1.7186172629535157,0.0164835164835165,L,A;I;L;S,differs_from_consensus,True,True,scaffold_differs_from_msa_consensus,0.0,buried_core,False,False,False,False,22.247403917683037,True,True,unassigned_manual_review,,not_annotated_no_domain_boundaries,,True,False
6IV9,A,VI-D,binary,306,307,I,258.0,I,307.0,,ILE,True,1092.0,1093.0,four_layer_exact,high,0.9395604395604396,0.406934306569343,1.7487052880905518,0.0604395604395604,D,D;E;K;N;S,differs_from_consensus,True,True,scaffold_differs_from_msa_consensus,0.0,buried_core,False,False,False,False,22.89260523602998,True,True,unassigned_manual_review,,not_annotated_no_domain_boundaries,,True,False
6IV9,A,VI-D,binary,307,308,N,259.0,N,308.0,,ASN,True,1093.0,1094.0,four_layer_exact,high,0.9065934065934066,0.2366412213740458,2.340740778692264,0.0934065934065934,K,D;E;K;N;Q;S,differs_from_consensus,True,True,scaffold_differs_from_msa_consensus,0.2757284040885887,surface,False,False,False,False,24.12435539261515,True,False,unassigned_manual_review,,not_annotated_no_domain_boundaries,,True,False
6IV9,A,VI-D,binary,309,310,I,261.0,I,310.0,,ILE,True,1100.0,1101.0,four_layer_exact,high,0.7142857142857143,0.6185567010309279,1.313524370036907,0.2857142857142857,L,F;I;L,differs_from_consensus,False,True,scaffold_differs_from_msa_consensus,0.02857681981861926,buried_core,False,False,False,False,27.706794431973147,True,True,unassigned_manual_review,,not_annotated_no_domain_boundaries,,False,False
6IV9,A,VI-D,binary,313,314,Y,265.0,Y,314.0,,TYR,True,1124.0,1125.0,four_layer_exact,high,0.9230769230769232,0.2781954887218045,1.885466982305344,0.0769230769230768,L,A;F;I;L;V;Y,differs_from_consensus,True,True,scaffold_differs_from_msa_consensus,0.0,buried_core,False,False,False,False,22.405982769206965,True,True,unassigned_manual_review,,not_annotated_no_domain_boundaries,,True,False
6IV9,A,VI-D,binary,314,315,R,266.0,R,315.0,,ARG,True,1145.0,1146.0,four_layer_exact,high,0.978021978021978,0.2657342657342657,2.2510283909761952,0.021978021978022,K,I;K;L;R;W,differs_from_consensus,True,True,scaffold_differs_from_msa_consensus,0.0758327724510129,buried_core,False,False,False,False,21.224275496444065,True,True,unassigned_manual_review,,not_annotated_no_domain_boundaries,,True,False
6IV9,A,VI-D,binary,319,320,Y,271.0,Y,320.0,,TYR,True,1150.0,1151.0,four_layer_exact,high,1.0,0.1428571428571428,2.5588674590066685,0.0,K,A;D;E;K;N;R;S;T;Y,differs_from_consensus,True,True,scaffold_differs_from_msa_consensus,0.2829306398603752,surface,False,False,False,False,13.510841285483545,True,False,unassigned_manual_review,,not_annotated_no_domain_boundaries,,True,False
6IV9,A,VI-D,binary,321,322,V,273.0,V,322.0,,VAL,True,1152.0,1153.0,four_layer_exact,high,1.0,0.6530612244897959,1.1214409686467792,0.0,Y,F;Y,differs_from_consensus,True,True,scaffold_differs_from_msa_consensus,0.0,buried_core,False,False,False,False,11.257069621131022,True,True,unassigned_manual_review,,not_annotated_no_domain_boundaries,,True,False
6IV9,A,VI-D,binary,322,323,E,274.0,E,323.0,,GLU,True,1153.0,1154.0,four_layer_exact,high,1.0,0.1950113378684807,2.297177350744636,0.0,D,A;D;E;K;N;R;S,differs_from_consensus,True,True,scaffold_differs_from_msa_consensus,0.18624420657509663,buried_core,False,False,False,False,10.76309324230165,True,True,unassigned_manual_review,,not_annotated_no_domain_boundaries,,True,False
6IV9,A,VI-D,binary,325,326,L,277.0,L,326.0,,LEU,True,1156.0,1157.0,four_layer_exact,high,1.0,0.3537414965986394,1.7471194004335109,0.0,I,F;I;L;V,differs_from_consensus,True,True,scaffold_differs_from_msa_consensus,0.01802430173193905,buried_core,False,True,False,False,7.434089856829859,True,True,unassigned_manual_review,,not_annotated_no_domain_boundaries,,True,False
6IV9,A,VI-D,binary,326,327,K,278.0,K,327.0,,LYS,True,1157.0,1158.0,four_layer_exact,high,1.0,0.2018140589569161,2.2584787038230623,0.0,D,D;E;K;N;T,differs_from_consensus,True,True,scaffold_differs_from_msa_consensus,0.46197135945237844,surface,False,True,False,False,7.191544458106149,True,False,unassigned_manual_review,,not_annotated_no_domain_boundaries,,True,False
6IV9,A,VI-D,binary,327,328,S,279.0,S,328.0,,SER,True,1158.0,1159.0,four_layer_exact,high,1.0,0.2176870748299319,2.312275293531052,0.0,E,A;D;E;K;Q;R;S;T,differs_from_consensus,True,True,scaffold_differs_from_msa_consensus,0.26818223928874996,surface,True,False,True,False,3.9195756930470877,True,False,unassigned_manual_review,,not_annotated_no_domain_boundaries,,True,False
6IV9,A,VI-D,binary,334,335,E,286.0,E,335.0,,GLU,True,1166.0,1167.0,four_layer_exact,high,0.9945054945054944,0.3698630136986301,1.9018254981732936,0.0054945054945054,K,D;E;K;N;S;T,differs_from_consensus,True,True,scaffold_differs_from_msa_consensus,0.3771217410634392,surface,False,True,False,False,6.650824009493039,True,False,unassigned_manual_review,,not_annotated_no_domain_boundaries,,True,False
6IV9,A,VI-D,binary,335,336,G,287.0,G,336.0,,GLY,True,1185.0,1186.0,four_layer_exact,high,1.0,0.4217687074829932,1.7103184593830911,0.0,N,H;K;N;Q;T,differs_from_consensus,True,True,scaffold_differs_from_msa_consensus,0.09289447815691664,buried_core,True,False,True,False,3.2549037338156444,True,True,unassigned_manual_review,,not_annotated_no_domain_boundaries,,True,False
6IV9,A,VI-D,binary,340,341,I,292.0,I,341.0,,ILE,True,1209.0,1210.0,four_layer_exact,high,1.0,0.6122448979591837,1.1209026347865876,0.0,L,F;I;L;V,differs_from_consensus,True,True,scaffold_differs_from_msa_consensus,0.006130092467207697,buried_core,False,True,False,False,7.7320040782643344,True,True,unassigned_manual_review,,not_annotated_no_domain_boundaries,,True,False
6IV9,A,VI-D,binary,341,342,S,293.0,S,342.0,,SER,True,1210.0,1211.0,four_layer_exact,high,1.0,0.1972789115646258,2.6782287151563526,0.0,Y,A;K;L;N;Q;S;Y,differs_from_consensus,True,True,scaffold_differs_from_msa_consensus,0.1158732873346239,buried_core,False,False,False,False,9.240217441474277,True,True,unassigned_manual_review,,not_annotated_no_domain_boundaries,,True,False
6IV9,A,VI-D,binary,342,343,L,294.0,L,343.0,,LEU,True,1211.0,1212.0,four_layer_exact,high,1.0,0.6122448979591837,1.3254426319926962,0.0,I,I;L;V,differs_from_consensus,True,True,scaffold_differs_from_msa_consensus,0.0520405291961575,buried_core,False,False,False,False,8.259505970408528,True,True,unassigned_manual_review,,not_annotated_no_domain_boundaries,,True,False
6IV9,A,VI-D,binary,344,345,I,296.0,I,345.0,,ILE,True,1213.0,1214.0,four_layer_exact,high,1.0,0.2789115646258503,2.4016508680885007,0.0,F,A;C;E;F;K;S,differs_from_consensus,True,True,scaffold_differs_from_msa_consensus,0.2001285738153848,surface,False,False,False,False,13.397710618436927,True,False,unassigned_manual_review,,not_annotated_no_domain_boundaries,,True,False
6IV9,A,VI-D,binary,345,346,D,297.0,D,346.0,,ASP,True,1214.0,1215.0,four_layer_exact,high,1.0,0.2267573696145124,2.253763267631969,0.0,E,D;E;K;N;Q;R;S,differs_from_consensus,True,True,scaffold_differs_from_msa_consensus,0.4881135153409676,surface,False,False,False,False,13.80139306106013,True,False,unassigned_manual_review,,not_annotated_no_domain_boundaries,,True,False
6IV9,A,VI-D,binary,346,347,M,298.0,M,347.0,,MET,True,1219.0,1220.0,four_layer_exact,high,0.989010989010989,0.2850574712643677,1.7954617694267447,0.0109890109890109,I,A;I;L;V;Y,differs_from_consensus,True,True,scaffold_differs_from_msa_consensus,0.11070366632667238,buried_core,False,False,False,False,13.438428525850311,True,True,unassigned_manual_review,,not_annotated_no_domain_boundaries,,True,False
6IV9,A,VI-D,binary,347,348,M,299.0,M,348.0,,MET,True,1220.0,1221.0,four_layer_exact,high,0.9835164835164836,0.4025607638888889,1.4280767284554827,0.0164835164835165,Y,F;L;Y,differs_from_consensus,True,True,scaffold_differs_from_msa_consensus,0.04852077653731807,buried_core,False,False,False,False,14.664690632007657,True,True,unassigned_manual_review,,not_annotated_no_domain_boundaries,,True,False
6IV9,A,VI-D,binary,349,350,G,301.0,G,350.0,,GLY,True,1239.0,1240.0,four_layer_exact,high,0.8406593406593407,0.2128851540616246,2.2749309544108747,0.1593406593406593,D,D;E;K;L;N;P;S,differs_from_consensus,True,True,scaffold_differs_from_msa_consensus,0.7996509651143516,surface,False,False,False,False,21.93310278140475,True,False,unassigned_manual_review,,not_annotated_no_domain_boundaries,,True,False
6IV9,A,VI-D,binary,350,351,Y,302.0,Y,351.0,,TYR,True,1244.0,1245.0,four_layer_exact,high,0.8956043956043956,0.3515625,2.327869116409754,0.1043956043956043,E,A;D;E;K;S,differs_from_consensus,True,True,scaffold_differs_from_msa_consensus,0.18612237862347125,buried_core,False,False,False,False,18.634621044996912,True,True,unassigned_manual_review,,not_annotated_no_domain_boundaries,,True,False
6IV9,A,VI-D,binary,352,353,A,304.0,A,353.0,,ALA,True,1246.0,1247.0,four_layer_exact,high,0.9010989010989012,0.3798449612403101,2.298417626079189,0.0989010989010988,K,F;K;L;Q;R,differs_from_consensus,True,True,scaffold_differs_from_msa_consensus,0.189518403335161,buried_core,False,False,False,False,15.111804010207898,True,True,unassigned_manual_review,,not_annotated_no_domain_boundaries,,True,False
6IV9,A,VI-D,binary,353,354,D,305.0,D,354.0,,ASP,True,1247.0,1248.0,four_layer_exact,high,0.967032967032967,0.2907801418439716,2.215610866826668,0.0329670329670329,K,A;D;E;K;N,differs_from_consensus,True,True,scaffold_differs_from_msa_consensus,0.34722880906841536,surface,False,False,False,False,15.09625092199332,True,False,unassigned_manual_review,,not_annotated_no_domain_boundaries,,True,False
6IV9,A,VI-D,binary,354,355,D,306.0,D,355.0,,ASP,True,1248.0,1249.0,four_layer_exact,high,0.978021978021978,0.2657342657342657,2.210779940638721,0.021978021978022,E,A;D;E;K;N;Q;T,differs_from_consensus,True,True,scaffold_differs_from_msa_consensus,0.14372880800729732,buried_core,False,False,False,False,14.753455548831589,True,True,unassigned_manual_review,,not_annotated_no_domain_boundaries,,True,False
6IV9,A,VI-D,binary,355,356,I,307.0,I,356.0,,ILE,True,1255.0,1256.0,four_layer_exact,high,1.0,0.5034013605442177,1.4518623197294174,0.0,L,I;L;V,differs_from_consensus,True,True,scaffold_differs_from_msa_consensus,0.006130092467207697,buried_core,False,False,False,False,11.85531417848044,True,True,unassigned_manual_review,,not_annotated_no_domain_boundaries,,True,False
6IV9,A,VI-D,binary,356,357,I,308.0,I,357.0,,ILE,True,1256.0,1257.0,four_layer_exact,high,1.0,0.2993197278911564,1.9395287444864755,0.0,A,A;I;L;T;V,differs_from_consensus,True,True,scaffold_differs_from_msa_consensus,0.0,buried_core,False,False,False,False,10.176108535993048,True,True,unassigned_manual_review,,not_annotated_no_domain_boundaries,,True,False
6IV9,A,VI-D,binary,358,359,L,310.0,L,359.0,,LEU,True,1258.0,1259.0,four_layer_exact,high,1.0,0.3265306122448979,2.0622700135974417,0.0,E,A;D;E;K;L;Q,differs_from_consensus,True,True,scaffold_differs_from_msa_consensus,0.0,buried_core,False,False,False,False,10.728160325727723,True,True,unassigned_manual_review,,not_annotated_no_domain_boundaries,,True,False
6IV9,A,VI-D,binary,367,368,S,319.0,S,368.0,,SER,True,1267.0,1268.0,four_layer_exact,high,1.0,0.3537414965986394,2.046123816334197,0.0,E,D;E;K;N;Q;S;T,differs_from_consensus,True,True,scaffold_differs_from_msa_consensus,0.09677694410889087,buried_core,False,True,False,False,7.334896028126435,True,True,unassigned_manual_review,,not_annotated_no_domain_boundaries,,True,False
6IV9,A,VI-D,binary,368,369,Q,320.0,Q,369.0,,GLN,True,1268.0,1269.0,four_layer_exact,high,1.0,0.3333333333333333,2.0479296015683297,0.0,Y,D;G;H;N;Q;Y,differs_from_consensus,True,True,scaffold_differs_from_msa_consensus,0.0,buried_core,False,True,False,False,5.034541323575974,True,True,unassigned_manual_review,,not_annotated_no_domain_boundaries,,True,False
6IV9,A,VI-D,binary,381,382,K,333.0,K,382.0,,LYS,True,1282.0,1283.0,four_layer_exact,high,0.9835164835164836,0.1529947916666666,2.6583769167918456,0.0164835164835165,I,A;C;E;I;K;L;N;Q;S;T,differs_from_consensus,True,True,scaffold_differs_from_msa_consensus,0.1382473821412122,buried_core,False,False,False,False,9.85138330707645,True,True,unassigned_manual_review,,not_annotated_no_domain_boundaries,,True,False
6IV9,A,VI-D,binary,385,386,E,337.0,E,386.0,,GLU,True,1294.0,1295.0,four_layer_exact,high,0.6648351648351648,0.2183908045977011,2.2766275839962757,0.3351648351648352,P,D;E;K;P;S;T,differs_from_consensus,False,True,scaffold_differs_from_msa_consensus,0.4794141392189567,surface,False,False,False,False,14.734584584195312,True,False,unassigned_manual_review,,not_annotated_no_domain_boundaries,,False,False
6IV9,A,VI-D,binary,386,387,Y,338.0,Y,387.0,,TYR,True,1295.0,1296.0,four_layer_exact,high,0.7527472527472527,0.2721480582524271,2.300478646670668,0.2472527472527472,E,D;E;G;N;Q;Y,differs_from_consensus,False,True,scaffold_differs_from_msa_consensus,0.2722619345514149,surface,False,False,False,False,17.014850408714747,True,False,unassigned_manual_review,,not_annotated_no_domain_boundaries,,False,False
6IV9,A,VI-D,binary,387,388,G,339.0,G,388.0,,GLY,True,1296.0,1297.0,four_layer_exact,high,0.7527472527472527,0.3689320388349514,2.0793457834291,0.2472527472527472,A,A;F;G;L;Y,differs_from_consensus,False,True,scaffold_differs_from_msa_consensus,0.0,buried_core,False,False,False,False,14.279714248056061,True,True,unassigned_manual_review,,not_annotated_no_domain_boundaries,,False,False
6IV9,A,VI-D,binary,388,389,F,340.0,F,389.0,,PHE,True,1297.0,1298.0,four_layer_exact,high,0.7637362637362637,0.2,2.495497538984417,0.2362637362637363,S,A;E;K;N;P;Q;S;T,differs_from_consensus,False,True,scaffold_differs_from_msa_consensus,0.5617831587866007,surface,False,False,False,False,12.609901071459674,True,False,unassigned_manual_review,,not_annotated_no_domain_boundaries,,False,False
6IV9,A,VI-D,binary,389,390,R,341.0,R,390.0,,ARG,True,1298.0,1299.0,four_layer_exact,high,0.5439560439560439,0.1354166666666666,2.80145769037482,0.4560439560439561,E,D;E;F;G;K;R;V;Y,differs_from_consensus,False,True,scaffold_differs_from_msa_consensus,0.3766977349533298,surface,False,False,False,False,13.34164641717999,True,False,unassigned_manual_review,,not_annotated_no_domain_boundaries,,False,False
6IV9,A,VI-D,binary,390,391,F,342.0,F,391.0,,PHE,True,1304.0,1305.0,four_layer_exact,high,0.7692307692307693,0.437956204379562,1.5540738784102612,0.2307692307692307,L,F;I;L;V;Y,differs_from_consensus,False,True,scaffold_differs_from_msa_consensus,0.010063568466999302,buried_core,False,False,False,False,10.735033288626457,True,True,unassigned_manual_review,,not_annotated_no_domain_boundaries,,False,False
6IV9,A,VI-D,binary,394,395,Q,346.0,Q,395.0,,GLN,True,1320.0,1321.0,four_layer_exact,high,0.945054945054945,0.2900815217391304,2.26751313735381,0.0549450549450549,K,D;E;K;Q;S,differs_from_consensus,True,True,scaffold_differs_from_msa_consensus,0.5324791783840542,surface,False,True,False,False,7.955315681820069,True,False,unassigned_manual_review,,not_annotated_no_domain_boundaries,,True,False
6IV9,A,VI-D,binary,402,403,M,354.0,M,403.0,,MET,True,1344.0,1345.0,four_layer_exact,high,1.0,0.6326530612244898,1.2602980918772664,0.0,L,F;I;L;M,differs_from_consensus,True,True,scaffold_differs_from_msa_consensus,0.0,buried_core,False,True,False,False,7.0579086356667355,True,True,unassigned_manual_review,,not_annotated_no_domain_boundaries,,True,False
6IV9,A,VI-D,binary,406,407,M,358.0,M,407.0,,MET,True,1348.0,1349.0,four_layer_exact,high,1.0,0.272108843537415,1.916129955052642,0.0,I,F;I;L;M;T,differs_from_consensus,True,True,scaffold_differs_from_msa_consensus,0.0,buried_core,False,False,False,False,10.890383565092083,True,True,unassigned_manual_review,,not_annotated_no_domain_boundaries,,True,False
6IV9,A,VI-D,binary,409,410,L,361.0,L,410.0,,LEU,True,1351.0,1352.0,four_layer_exact,high,1.0,0.2993197278911564,1.8451094753767685,0.0,I,A;C;I;L;M;V,differs_from_consensus,True,True,scaffold_differs_from_msa_consensus,0.012016201154626033,buried_core,False,False,False,False,13.065124490938334,True,True,unassigned_manual_review,,not_annotated_no_domain_boundaries,,True,False
6IV9,A,VI-D,binary,410,411,L,362.0,L,411.0,,LEU,True,1352.0,1353.0,four_layer_exact,high,1.0,0.5850340136054422,0.8941066555717766,0.0,I,I;L,differs_from_consensus,True,True,scaffold_differs_from_msa_consensus,0.0,buried_core,False,False,False,False,11.058604017467257,True,True,unassigned_manual_review,,not_annotated_no_domain_boundaries,,True,False
6IV9,A,VI-D,binary,411,412,F,363.0,F,412.0,,PHE,True,1353.0,1354.0,four_layer_exact,high,1.0,0.4897959183673469,1.630093046751539,0.0,Y,F;V;W;Y,differs_from_consensus,True,True,scaffold_differs_from_msa_consensus,0.0,buried_core,False,False,False,False,10.454358892925566,True,True,unassigned_manual_review,,not_annotated_no_domain_boundaries,,True,False
6IV9,A,VI-D,binary,412,413,C,364.0,C,413.0,,CYS,True,1354.0,1355.0,four_layer_exact,high,0.9945054945054944,0.2330907534246575,2.197380744921965,0.0054945054945054,R,D;H;K;R;Y,differs_from_consensus,True,True,scaffold_differs_from_msa_consensus,0.0,buried_core,False,False,False,False,13.202268028220667,True,True,unassigned_manual_review,,not_annotated_no_domain_boundaries,,True,False
6IV9,A,VI-D,binary,413,414,N,365.0,N,414.0,,ASN,True,1355.0,1356.0,four_layer_exact,high,0.989010989010989,0.3586206896551724,2.3468570009870247,0.0109890109890109,Y,E;G;H;Y,differs_from_consensus,True,True,scaffold_differs_from_msa_consensus,0.0054946616618601046,buried_core,False,False,False,False,14.520208767092997,True,True,unassigned_manual_review,,not_annotated_no_domain_boundaries,,True,False
6IV9,A,VI-D,binary,415,416,Y,367.0,Y,416.0,,TYR,True,1357.0,1358.0,four_layer_exact,high,0.9725274725274724,0.1549295774647887,2.615096154671812,0.0274725274725274,K,E;I;K;L;N;R;S;T;V,differs_from_consensus,True,True,scaffold_differs_from_msa_consensus,0.23080017421731241,surface,False,False,False,False,11.38231121779953,True,False,unassigned_manual_review,,not_annotated_no_domain_boundaries,,True,False
6IV9,A,VI-D,binary,416,417,R,368.0,R,417.0,,ARG,True,1364.0,1365.0,four_layer_exact,high,0.8406593406593407,0.2370233050847457,2.2794906108007345,0.1593406593406593,E,D;E;K;N;Q;S,differs_from_consensus,True,True,scaffold_differs_from_msa_consensus,0.33957470406385426,surface,False,False,False,False,14.895367287929991,True,False,unassigned_manual_review,,not_annotated_no_domain_boundaries,,True,False
6IV9,A,VI-D,binary,418,419,D,370.0,D,419.0,,ASP,True,1379.0,1380.0,four_layer_exact,high,0.934065934065934,0.2,2.290201628033181,0.0659340659340659,P,A;D;E;K;N;P;Q;S,differs_from_consensus,True,True,scaffold_differs_from_msa_consensus,0.21862906484133515,surface,False,False,False,False,13.833080029795235,True,False,unassigned_manual_review,,not_annotated_no_domain_boundaries,,True,False
6IV9,A,VI-D,binary,419,420,V,371.0,V,420.0,,VAL,True,1380.0,1381.0,four_layer_exact,high,0.8241758241758241,0.3046195652173913,2.126673938915689,0.1758241758241758,E,A;D;E;G;K;N;S,differs_from_consensus,True,True,scaffold_differs_from_msa_consensus,0.2290329375248117,surface,False,False,False,False,11.930491877952237,True,False,unassigned_manual_review,,not_annotated_no_domain_boundaries,,True,False
6IV9,A,VI-D,binary,420,421,A,372.0,A,421.0,,ALA,True,1382.0,1383.0,four_layer_exact,high,0.8186813186813187,0.2807017543859649,2.2104926532452183,0.1813186813186813,K,E;K;Q;R,differs_from_consensus,True,True,scaffold_differs_from_msa_consensus,0.2995666892502118,surface,False,False,False,False,11.993073567327935,True,False,unassigned_manual_review,,not_annotated_no_domain_boundaries,,True,False
6IV9,A,VI-D,binary,422,423,G,374.0,G,423.0,,GLY,True,1442.0,1443.0,four_layer_exact,high,0.3406593406593406,0.25,2.247250906278105,0.6593406593406593,L,C;I;L;R;S;T;V,differs_from_consensus,False,True,scaffold_differs_from_msa_consensus,0.0,buried_core,False,True,False,False,7.405832364541698,True,True,unassigned_manual_review,,not_annotated_no_domain_boundaries,,False,False
6IV9,A,VI-D,binary,423,424,E,375.0,E,424.0,,GLU,True,1443.0,1444.0,four_layer_exact,high,1.0,0.3013747165532879,2.0156646799666533,0.0,D,D;E;N;Q;S,differs_from_consensus,True,True,scaffold_differs_from_msa_consensus,0.4254208964526362,surface,False,True,False,False,7.813218157632652,True,False,unassigned_manual_review,,not_annotated_no_domain_boundaries,,True,False
6IV9,A,VI-D,binary,424,425,A,376.0,A,425.0,,ALA,True,1444.0,1445.0,four_layer_exact,high,1.0,0.2517006802721088,2.345482959311957,0.0,E,A;D;E;K;N;Q;R;S,differs_from_consensus,True,True,scaffold_differs_from_msa_consensus,0.15914480366417502,buried_core,False,False,False,False,8.372666110866206,True,True,unassigned_manual_review,,not_annotated_no_domain_boundaries,,True,False
6IV9,A,VI-D,binary,427,428,R,379.0,R,428.0,,ARG,True,1447.0,1448.0,four_layer_exact,high,1.0,0.2312925170068027,2.2179089351191426,0.0,E,A;D;E;N;S,differs_from_consensus,True,True,scaffold_differs_from_msa_consensus,0.1413567640449361,buried_core,False,True,False,False,5.946308116814818,True,True,unassigned_manual_review,,not_annotated_no_domain_boundaries,,True,False
6IV9,A,VI-D,binary,431,432,F,383.0,F,432.0,,PHE,True,1451.0,1452.0,four_layer_exact,high,1.0,0.3469387755102041,2.235741102985488,0.0,A,A;G;L;S,differs_from_consensus,True,True,scaffold_differs_from_msa_consensus,0.010063568466999302,buried_core,False,True,False,False,5.590663790504857,True,True,unassigned_manual_review,,not_annotated_no_domain_boundaries,,True,False
6IV9,A,VI-D,binary,433,434,M,385.0,M,434.0,,MET,True,1453.0,1454.0,four_layer_exact,high,1.0,0.1972789115646258,2.573365905557752,0.0,L,A;E;I;L;M;Q;T;V,differs_from_consensus,True,True,scaffold_differs_from_msa_consensus,0.04791287835884844,buried_core,False,True,False,False,5.333898446474103,True,True,unassigned_manual_review,,not_annotated_no_domain_boundaries,,True,False
6IV9,A,VI-D,binary,434,435,T,386.0,T,435.0,,THR,True,1463.0,1464.0,four_layer_exact,high,0.989010989010989,0.2344827586206896,2.1566729463705903,0.0109890109890109,S,D;G;N;S;T,differs_from_consensus,True,True,scaffold_differs_from_msa_consensus,0.11540019600460813,buried_core,False,True,False,False,6.9239604536416754,True,True,unassigned_manual_review,,not_annotated_no_domain_boundaries,,True,False
6IV9,A,VI-D,binary,435,436,D,387.0,D,436.0,,ASP,True,1464.0,1465.0,four_layer_exact,high,0.989010989010989,0.4758620689655172,1.2142240834917557,0.0109890109890109,E,D;E,differs_from_consensus,True,True,scaffold_differs_from_msa_consensus,0.5534363095557352,surface,False,True,False,False,6.113192009727132,True,False,unassigned_manual_review,,not_annotated_no_domain_boundaries,,True,False
6IV9,A,VI-D,binary,436,437,D,388.0,D,437.0,,ASP,True,1465.0,1466.0,four_layer_exact,high,0.978021978021978,0.5128205128205128,1.7173787131873783,0.021978021978022,E,A;D;E,differs_from_consensus,True,True,scaffold_differs_from_msa_consensus,0.5213304046291618,surface,False,False,False,False,9.60757562016709,True,False,unassigned_manual_review,,not_annotated_no_domain_boundaries,,True,False
6IV9,A,VI-D,binary,440,441,G,392.0,G,441.0,,GLY,True,1493.0,1494.0,four_layer_exact,high,1.0,0.1632653061224489,2.56909334204242,0.0,A,A;D;E;K;N;Q;R;S,differs_from_consensus,True,True,scaffold_differs_from_msa_consensus,0.18578895631383327,buried_core,False,False,False,False,9.851932347797652,True,True,unassigned_manual_review,,not_annotated_no_domain_boundaries,,True,False
6IV9,A,VI-D,binary,443,444,A,395.0,A,444.0,,ALA,True,1496.0,1497.0,four_layer_exact,high,1.0,0.1428571428571428,2.580951258992332,0.0,R,A;D;E;I;K;L;N;Q;R;S,differs_from_consensus,True,True,scaffold_differs_from_msa_consensus,0.20489652372791442,surface,False,False,False,False,10.077206522229918,True,False,unassigned_manual_review,,not_annotated_no_domain_boundaries,,True,False
6IV9,A,VI-D,binary,444,445,D,396.0,D,445.0,,ASP,True,1497.0,1498.0,four_layer_exact,high,1.0,0.1496598639455782,2.369323817968326,0.0,E,A;D;E;K;N;Q;R;S,differs_from_consensus,True,True,scaffold_differs_from_msa_consensus,0.3859753572020277,surface,False,False,False,False,12.11534690136404,True,False,unassigned_manual_review,,not_annotated_no_domain_boundaries,,True,False
6IV9,A,VI-D,binary,447,448,A,399.0,A,448.0,,ALA,True,1504.0,1505.0,four_layer_exact,high,1.0,0.2131519274376417,2.3213737058840342,0.0,E,A;D;E;K;N;R;S,differs_from_consensus,True,True,scaffold_differs_from_msa_consensus,0.3326515077346772,surface,False,False,False,False,14.88872772067097,True,False,unassigned_manual_review,,not_annotated_no_domain_boundaries,,True,False
6IV9,A,VI-D,binary,448,449,K,400.0,K,449.0,,LYS,True,1505.0,1506.0,four_layer_exact,high,1.0,0.1972789115646258,2.625432333877093,0.0,R,A;D;E;I;K;R;S,differs_from_consensus,True,True,scaffold_differs_from_msa_consensus,0.5316016190265426,surface,False,False,False,False,15.136957394931654,True,False,unassigned_manual_review,,not_annotated_no_domain_boundaries,,True,False
6IV9,A,VI-D,binary,451,452,G,403.0,G,452.0,,GLY,True,1513.0,1514.0,four_layer_exact,high,0.934065934065934,0.1777777777777777,2.491302523823853,0.0659340659340659,N,A;D;E;K;N;P;S,differs_from_consensus,True,True,scaffold_differs_from_msa_consensus,0.6460299842854911,surface,False,False,False,False,20.138175046798953,True,False,unassigned_manual_review,,not_annotated_no_domain_boundaries,,True,False
6IV9,A,VI-D,binary,453,454,F,405.0,F,454.0,,PHE,True,1558.0,1559.0,four_layer_exact,high,0.978021978021978,0.2727272727272727,2.1448269525385717,0.021978021978022,L,F;I;L;N;V;Y,differs_from_consensus,True,True,scaffold_differs_from_msa_consensus,0.045286058101496864,buried_core,False,False,False,False,16.472078380295002,True,True,unassigned_manual_review,,not_annotated_no_domain_boundaries,,True,False
6IV9,A,VI-D,binary,454,455,R,406.0,R,455.0,,ARG,True,1559.0,1560.0,four_layer_exact,high,0.978021978021978,0.2587412587412587,2.078267806016698,0.021978021978022,K,E;G;K;R;S,differs_from_consensus,True,True,scaffold_differs_from_msa_consensus,0.3671157397718815,surface,False,False,False,False,20.182636548296298,True,False,unassigned_manual_review,,not_annotated_no_domain_boundaries,,True,False
6IV9,A,VI-D,binary,455,456,N,407.0,N,456.0,,ASN,True,1560.0,1561.0,four_layer_exact,high,0.9725274725274724,0.2464788732394366,2.33707591369517,0.0274725274725274,D,D;E;G;K;N;S,differs_from_consensus,True,True,scaffold_differs_from_msa_consensus,0.5419909800724012,surface,False,False,False,False,19.352196661593847,True,False,unassigned_manual_review,,not_annotated_no_domain_boundaries,,True,False
6IV9,A,VI-D,binary,456,457,D,408.0,D,457.0,,ASP,True,1612.0,1613.0,four_layer_exact,high,0.9615384615384616,0.15,2.6274251197114253,0.0384615384615384,K,A;D;I;K;L;P;Q;R;S;T;V,differs_from_consensus,True,True,scaffold_differs_from_msa_consensus,0.18320283831124234,buried_core,False,False,False,False,16.581936254836144,True,True,unassigned_manual_review,,not_annotated_no_domain_boundaries,,True,False
6IV9,A,VI-D,binary,457,458,F,409.0,F,458.0,,PHE,True,1613.0,1614.0,four_layer_exact,high,0.9835164835164836,0.3125,1.6765038569311987,0.0164835164835165,I,F;I;L;V,differs_from_consensus,True,True,scaffold_differs_from_msa_consensus,0.0,buried_core,False,False,False,False,14.777918486189481,True,True,unassigned_manual_review,,not_annotated_no_domain_boundaries,,True,False
6IV9,A,VI-D,binary,458,459,E,410.0,E,459.0,,GLU,True,1615.0,1616.0,four_layer_exact,high,0.945054945054945,0.181159420289855,2.493729977501687,0.0549450549450549,N,A;D;E;K;L;N;Q;R,differs_from_consensus,True,True,scaffold_differs_from_msa_consensus,0.2175954416604776,surface,False,False,False,False,15.532245416336758,True,False,unassigned_manual_review,,not_annotated_no_domain_boundaries,,True,False
6IV9,A,VI-D,binary,459,460,N,411.0,N,460.0,,ASN,True,1616.0,1617.0,four_layer_exact,high,0.934065934065934,0.2134650735294117,2.6291662866310275,0.0659340659340659,K,D;E;K;N;R;S;T;Y,differs_from_consensus,True,True,scaffold_differs_from_msa_consensus,0.27310995911011365,surface,False,False,False,False,13.893714599584309,True,False,unassigned_manual_review,,not_annotated_no_domain_boundaries,,True,False
6IV9,A,VI-D,binary,461,462,A,413.0,A,462.0,,ALA,True,1618.0,1619.0,four_layer_exact,high,0.8846153846153846,0.2047244094488189,2.4295383116632627,0.1153846153846154,L,A;C;I;K;L;V,differs_from_consensus,True,True,scaffold_differs_from_msa_consensus,0.028084377117207356,buried_core,False,False,False,False,10.909417719601095,True,True,unassigned_manual_review,,not_annotated_no_domain_boundaries,,True,False
6IV9,A,VI-D,binary,462,463,D,414.0,D,463.0,,ASP,True,1619.0,1620.0,four_layer_exact,high,0.8736263736263736,0.24,2.27293731708002,0.1263736263736263,P,D;E;K;N;P;S,differs_from_consensus,True,True,scaffold_differs_from_msa_consensus,0.5546400115948422,surface,False,False,False,False,11.60935122170808,True,False,unassigned_manual_review,,not_annotated_no_domain_boundaries,,True,False
6IV9,A,VI-D,binary,463,464,H,415.0,H,464.0,,HIS,True,1620.0,1621.0,four_layer_exact,high,0.8571428571428571,0.1226946721311475,2.6848771729341925,0.1428571428571429,A,A;K;L;M;Q;R;S,differs_from_consensus,True,True,scaffold_differs_from_msa_consensus,0.2260123464848193,surface,False,False,False,False,8.281507575707677,True,False,unassigned_manual_review,,not_annotated_no_domain_boundaries,,True,False
6IV9,A,VI-D,binary,464,465,M,416.0,M,465.0,,MET,True,1621.0,1622.0,four_layer_exact,high,0.8571428571428571,0.221311475409836,1.9900906288311284,0.1428571428571429,L,F;I;L;M;V,differs_from_consensus,True,True,scaffold_differs_from_msa_consensus,0.023916496072828582,buried_core,False,True,False,False,6.774600112421989,True,True,unassigned_manual_review,,not_annotated_no_domain_boundaries,,True,False
6IV9,A,VI-D,binary,467,468,D,419.0,D,468.0,,ASP,True,1649.0,1650.0,four_layer_exact,high,0.6703296703296703,0.2992097701149425,2.234683528872811,0.3296703296703297,K,A;D;K;N;S,differs_from_consensus,False,True,scaffold_differs_from_msa_consensus,0.6376451868107702,surface,False,True,False,False,5.365659356994456,True,False,unassigned_manual_review,,not_annotated_no_domain_boundaries,,False,False
6IV9,A,VI-D,binary,468,469,V,420.0,V,469.0,,VAL,True,1650.0,1651.0,four_layer_exact,high,0.6703296703296703,0.2640086206896552,2.3083275238481704,0.3296703296703297,N,A;E;K;N;S;T;Y,differs_from_consensus,False,True,scaffold_differs_from_msa_consensus,0.15268862501654115,buried_core,False,True,False,False,7.50691655988645,True,True,unassigned_manual_review,,not_annotated_no_domain_boundaries,,False,False
6IV9,A,VI-D,binary,473,474,G,425.0,G,474.0,,GLY,True,1717.0,1718.0,four_layer_exact,high,0.934065934065934,0.2298611111111111,2.4768306474043302,0.0659340659340659,K,D;E;K;N;Q;R;S;T,differs_from_consensus,True,True,scaffold_differs_from_msa_consensus,0.2693461377823344,surface,False,True,False,False,5.653987681197344,True,False,unassigned_manual_review,,not_annotated_no_domain_boundaries,,True,False
6IV9,A,VI-D,binary,475,476,A,427.0,A,476.0,,ALA,True,1774.0,1775.0,four_layer_exact,high,0.2527472527472527,0.1860465116279069,2.3180711122468587,0.7472527472527473,D,A;D;E;K;N;S,differs_from_consensus,False,True,scaffold_differs_from_msa_consensus,0.3370125254064883,surface,False,False,False,False,10.107505386545347,True,False,unassigned_manual_review,,not_annotated_no_domain_boundaries,,False,False
6IV9,A,VI-D,binary,477,478,M,429.0,M,478.0,,MET,True,1776.0,1777.0,four_layer_exact,high,0.2582417582417582,0.2045454545454545,2.5900303417777395,0.7417582417582418,K,A;E;K;L;S;W;Y,differs_from_consensus,False,True,scaffold_differs_from_msa_consensus,0.1696154288653451,buried_core,False,False,False,False,10.697749581705866,True,True,unassigned_manual_review,,not_annotated_no_domain_boundaries,,False,False
6IV9,A,VI-D,binary,478,479,D,430.0,D,479.0,,ASP,True,1777.0,1778.0,four_layer_exact,high,0.3461538461538461,0.25,2.189243332174502,0.6538461538461539,K,D;E;K;N;Q;R;S,differs_from_consensus,False,True,scaffold_differs_from_msa_consensus,0.7899990176997895,surface,False,False,False,False,15.070095054871437,True,False,unassigned_manual_review,,not_annotated_no_domain_boundaries,,False,False
6IV9,A,VI-D,binary,480,481,D,432.0,D,481.0,,ASP,True,1780.0,1781.0,four_layer_exact,high,0.934065934065934,0.2518518518518518,2.1702756729707864,0.0659340659340659,K,A;D;K;N;P;R;S;T,differs_from_consensus,True,True,scaffold_differs_from_msa_consensus,0.4664804106622554,surface,False,False,False,False,14.827877179493592,True,False,unassigned_manual_review,,not_annotated_no_domain_boundaries,,True,False
6IV9,A,VI-D,binary,482,483,K,434.0,K,483.0,,LYS,True,1793.0,1794.0,four_layer_exact,high,0.2967032967032967,0.1923076923076923,2.3323325883750043,0.7032967032967032,I,I;K;L;T;V,differs_from_consensus,False,True,scaffold_differs_from_msa_consensus,0.582573959831037,surface,False,False,False,False,15.325538596948256,True,False,unassigned_manual_review,,not_annotated_no_domain_boundaries,,False,False
6IV9,A,VI-D,binary,483,484,I,435.0,I,484.0,,ILE,True,1794.0,1795.0,four_layer_exact,high,0.2142857142857142,0.1621621621621621,2.5592269492075874,0.7857142857142857,K,A;D;E;G;I;K;L;N;P;Q;Y,differs_from_consensus,False,True,scaffold_differs_from_msa_consensus,0.17235530004056795,buried_core,False,False,False,False,14.829808491065917,True,True,unassigned_manual_review,,not_annotated_no_domain_boundaries,,False,False
6IV9,A,VI-D,binary,484,485,L,436.0,L,485.0,,LEU,True,1799.0,1800.0,four_layer_exact,high,0.4725274725274725,0.2327044025157232,2.5025146555781848,0.5274725274725275,I,F;G;I;K;L;N;S;V,differs_from_consensus,False,True,scaffold_differs_from_msa_consensus,0.0,buried_core,False,False,False,False,9.608340020886086,True,True,unassigned_manual_review,,not_annotated_no_domain_boundaries,,False,False
6IV9,A,VI-D,binary,485,486,D,437.0,D,486.0,,ASP,True,1800.0,1801.0,four_layer_exact,high,0.9065934065934066,0.1444711538461538,2.631169441935095,0.0934065934065934,K,A;D;E;K;M;Q;S;V,differs_from_consensus,True,True,scaffold_differs_from_msa_consensus,0.4505706692464624,surface,False,False,False,False,14.991443797472773,True,False,unassigned_manual_review,,not_annotated_no_domain_boundaries,,True,False
6IV9,A,VI-D,binary,486,487,S,438.0,S,487.0,,SER,True,1801.0,1802.0,four_layer_exact,high,0.9285714285714286,0.3507462686567164,1.6554692045209036,0.0714285714285714,L,F;I;L;V,differs_from_consensus,True,True,scaffold_differs_from_msa_consensus,0.6491793545246652,surface,False,False,False,False,16.23499552780124,True,False,unassigned_manual_review,,not_annotated_no_domain_boundaries,,True,False
6IV9,A,VI-D,binary,488,489,K,440.0,K,489.0,,LYS,True,1819.0,1820.0,four_layer_exact,high,0.9010989010989012,0.1937984496124031,2.2989603811603,0.0989010989010988,E,A;D;E;G;K;N;S,differs_from_consensus,True,True,scaffold_differs_from_msa_consensus,0.1233108129880523,buried_core,False,False,False,False,9.851906393112268,True,True,unassigned_manual_review,,not_annotated_no_domain_boundaries,,True,False
6IV9,A,VI-D,binary,489,490,K,441.0,K,490.0,,LYS,True,1820.0,1821.0,four_layer_exact,high,0.8791208791208791,0.2566137566137565,2.348692044329717,0.1208791208791209,I,I;L;V;Y,differs_from_consensus,True,True,scaffold_differs_from_msa_consensus,0.2469571374220414,surface,False,False,False,False,11.566078897691645,True,False,unassigned_manual_review,,not_annotated_no_domain_boundaries,,True,False
6IV9,A,VI-D,binary,490,491,N,442.0,N,491.0,,ASN,True,1852.0,1853.0,four_layer_exact,high,0.6318681318681318,0.1916666666666666,2.477836666832085,0.3681318681318681,K,A;F;I;K;L;M;R;S;V,differs_from_consensus,False,True,scaffold_differs_from_msa_consensus,0.29650693012089474,surface,False,False,False,False,13.233437688424207,True,False,unassigned_manual_review,,not_annotated_no_domain_boundaries,,False,False
6IV9,A,VI-D,binary,491,492,A,443.0,A,492.0,,ALA,True,1853.0,1854.0,four_layer_exact,high,0.8461538461538461,0.2166666666666666,2.318497798458601,0.1538461538461538,I,I;K;L;Q;R;S;V,differs_from_consensus,True,True,scaffold_differs_from_msa_consensus,0.0,buried_core,False,False,False,False,14.85907084804025,True,True,unassigned_manual_review,,not_annotated_no_domain_boundaries,,True,False
6IV9,A,VI-D,binary,493,494,D,445.0,D,494.0,,ASP,True,1857.0,1858.0,four_layer_exact,high,0.967032967032967,0.3617021276595745,1.9119688492247584,0.0329670329670329,N,D;E;K;N;S,differs_from_consensus,True,True,scaffold_differs_from_msa_consensus,0.2860465363049864,surface,False,False,False,False,16.412827966201057,True,False,unassigned_manual_review,,not_annotated_no_domain_boundaries,,True,False
6IV9,A,VI-D,binary,494,495,L,446.0,L,495.0,,LEU,True,1859.0,1860.0,four_layer_exact,high,0.978021978021978,0.3426573426573426,1.9582044525873452,0.021978021978022,A,A;I;T;V,differs_from_consensus,True,True,scaffold_differs_from_msa_consensus,0.01802430173193905,buried_core,False,False,False,False,15.377452905008552,True,True,unassigned_manual_review,,not_annotated_no_domain_boundaries,,True,False
6IV9,A,VI-D,binary,495,496,L,447.0,L,496.0,,LEU,True,1866.0,1867.0,four_layer_exact,high,0.9945054945054944,0.3789954337899544,2.033045624361181,0.0054945054945054,S,D;H;N;S;T,differs_from_consensus,True,True,scaffold_differs_from_msa_consensus,0.0360486034638781,buried_core,False,False,False,False,18.672792160803144,True,True,unassigned_manual_review,,not_annotated_no_domain_boundaries,,True,False
6IV9,A,VI-D,binary,500,501,M,452.0,M,501.0,,MET,True,1871.0,1872.0,four_layer_exact,high,1.0,0.564625850340136,1.480645417410278,0.0,L,I;L;M;V,differs_from_consensus,True,True,scaffold_differs_from_msa_consensus,0.005391197393035341,buried_core,False,False,False,False,17.544975283303874,True,True,unassigned_manual_review,,not_annotated_no_domain_boundaries,,True,False
6IV9,A,VI-D,binary,503,504,M,455.0,M,504.0,,MET,True,1874.0,1875.0,four_layer_exact,high,1.0,0.3537414965986394,1.6924165180236204,0.0,F,A;F;L;M;V,differs_from_consensus,True,True,scaffold_differs_from_msa_consensus,0.0,buried_core,False,False,False,False,16.29656470259019,True,True,unassigned_manual_review,,not_annotated_no_domain_boundaries,,True,False
6IV9,A,VI-D,binary,506,507,Y,458.0,Y,507.0,,TYR,True,1877.0,1878.0,four_layer_exact,high,1.0,0.3129251700680272,2.220253024889425,0.0,L,F;K;L;M;N;R,differs_from_consensus,True,True,scaffold_differs_from_msa_consensus,0.01681370832025885,buried_core,False,False,False,False,11.237638330176669,True,True,unassigned_manual_review,,not_annotated_no_domain_boundaries,,True,False
6IV9,A,VI-D,binary,522,523,S,474.0,S,523.0,,SER,True,1893.0,1894.0,four_layer_exact,high,1.0,0.6938775510204082,1.0712944490502216,0.0,N,H;N;S,differs_from_consensus,True,True,scaffold_differs_from_msa_consensus,0.27234389694279054,surface,False,True,False,False,5.345815457270425,True,False,unassigned_manual_review,,not_annotated_no_domain_boundaries,,True,False
6IV9,A,VI-D,binary,528,529,K,480.0,K,529.0,,LYS,True,1899.0,1900.0,four_layer_exact,high,1.0,0.3469387755102041,2.0446377815591643,0.0,A,A;D;N;Q;R;S,differs_from_consensus,True,True,scaffold_differs_from_msa_consensus,0.0,buried_core,False,False,False,False,8.78034782407182,True,True,unassigned_manual_review,,not_annotated_no_domain_boundaries,,True,False
6IV9,A,VI-D,binary,529,530,E,481.0,E,530.0,,GLU,True,1900.0,1901.0,four_layer_exact,high,1.0,0.6054421768707483,1.353568709219572,0.0,S,A;D;G;S,differs_from_consensus,True,True,scaffold_differs_from_msa_consensus,0.0,buried_core,False,True,False,False,5.811462609652914,True,True,unassigned_manual_review,,not_annotated_no_domain_boundaries,,True,False
6IV9,A,VI-D,binary,531,532,L,483.0,L,532.0,,LEU,True,1902.0,1903.0,four_layer_exact,high,1.0,0.3741496598639456,1.895009882115032,0.0,I,I;L;M;N;V,differs_from_consensus,True,True,scaffold_differs_from_msa_consensus,0.0060081005773130166,buried_core,False,False,False,False,9.654410516900494,True,True,unassigned_manual_review,,not_annotated_no_domain_boundaries,,True,False
6IV9,A,VI-D,binary,532,533,K,484.0,K,533.0,,LYS,True,1903.0,1904.0,four_layer_exact,high,1.0,0.3469387755102041,2.0107811541491083,0.0,D,D;E;K;N;Q;S,differs_from_consensus,True,True,scaffold_differs_from_msa_consensus,0.323435430013034,surface,False,False,False,False,10.594058799359706,True,False,unassigned_manual_review,,not_annotated_no_domain_boundaries,,True,False
6IV9,A,VI-D,binary,533,534,I,485.0,I,534.0,,ILE,True,1904.0,1905.0,four_layer_exact,high,1.0,0.3741496598639456,1.562613437700859,0.0,V,I;L;T;V,differs_from_consensus,True,True,scaffold_differs_from_msa_consensus,0.012260184934415394,buried_core,False,True,False,False,5.77217164618882,True,True,unassigned_manual_review,,not_annotated_no_domain_boundaries,,True,False
6IV9,A,VI-D,binary,534,535,M,486.0,M,535.0,,MET,True,1913.0,1914.0,four_layer_exact,high,1.0,0.3071853741496598,1.8058501554481996,0.0,L,A;I;L;M,differs_from_consensus,True,True,scaffold_differs_from_msa_consensus,0.0,buried_core,False,False,False,False,10.838325219193656,True,True,unassigned_manual_review,,not_annotated_no_domain_boundaries,,True,False
6IV9,A,VI-D,binary,536,537,S,488.0,S,537.0,,SER,True,1915.0,1916.0,four_layer_exact,high,0.0439560439560439,0.3333333333333333,1.47984841847686,0.956043956043956,D,D;G;N;P;S,differs_from_consensus,False,True,scaffold_differs_from_msa_consensus,0.06232919824722149,buried_core,False,False,False,False,13.109275123264714,True,True,unassigned_manual_review,,not_annotated_no_domain_boundaries,,False,False
6IV9,A,VI-D,binary,537,538,S,489.0,S,538.0,,SER,True,1923.0,1924.0,four_layer_exact,high,0.0329670329670329,0.5,1.039720770839918,0.967032967032967,K,K;R;S,differs_from_consensus,False,True,scaffold_differs_from_msa_consensus,0.5855433348069091,surface,False,False,False,False,16.49800851888987,True,False,unassigned_manual_review,,not_annotated_no_domain_boundaries,,False,False
6IV9,A,VI-D,binary,538,539,A,490.0,A,539.0,,ALA,True,1924.0,1925.0,four_layer_exact,high,0.978021978021978,0.2307692307692307,2.266336114137132,0.021978021978022,E,D;E;K;Q;S,differs_from_consensus,True,True,scaffold_differs_from_msa_consensus,0.1913455925879791,buried_core,False,False,False,False,15.423835992565447,True,True,unassigned_manual_review,,not_annotated_no_domain_boundaries,,True,False
6IV9,A,VI-D,binary,539,540,V,491.0,V,540.0,,VAL,True,1925.0,1926.0,four_layer_exact,high,0.967032967032967,0.4113475177304964,2.09769891143406,0.0329670329670329,L,C;E;I;L;Q,differs_from_consensus,True,True,scaffold_differs_from_msa_consensus,0.07467630736051634,buried_core,False,False,False,False,12.131508786033116,True,True,unassigned_manual_review,,not_annotated_no_domain_boundaries,,True,False
6IV9,A,VI-D,binary,540,541,D,492.0,D,541.0,,ASP,True,1951.0,1952.0,four_layer_exact,high,0.956043956043956,0.4964028776978417,1.6967490771387137,0.0439560439560439,G,D;G;K;N;S,differs_from_consensus,True,True,scaffold_differs_from_msa_consensus,0.4386692093922786,surface,False,False,False,False,15.705678244236456,True,False,unassigned_manual_review,,not_annotated_no_domain_boundaries,,True,False
6IV9,A,VI-D,binary,541,542,V,493.0,V,542.0,,VAL,True,1952.0,1953.0,four_layer_exact,high,0.934065934065934,0.2962962962962963,2.233178555701175,0.0659340659340659,L,E;I;K;L;M;V,differs_from_consensus,True,True,scaffold_differs_from_msa_consensus,0.12492705683171548,buried_core,False,False,False,False,13.489676006531255,True,True,unassigned_manual_review,,not_annotated_no_domain_boundaries,,True,False
6IV9,A,VI-D,binary,543,544,C,495.0,C,544.0,,CYS,True,1954.0,1955.0,four_layer_exact,high,0.956043956043956,0.1726618705035971,2.4325451488115584,0.0439560439560439,V,A;C;I;L;R;S;T;V,differs_from_consensus,True,True,scaffold_differs_from_msa_consensus,0.03984096317940758,buried_core,False,False,False,False,14.783879014942622,True,True,unassigned_manual_review,,not_annotated_no_domain_boundaries,,True,False
6IV9,A,VI-D,binary,545,546,L,497.0,L,546.0,,LEU,True,1982.0,1983.0,four_layer_exact,high,0.989010989010989,0.7931034482758621,0.7019234381787381,0.0109890109890109,F,F;L;Y,differs_from_consensus,True,True,scaffold_differs_from_msa_consensus,0.016102022143482827,buried_core,False,False,False,False,14.773545936675523,True,True,unassigned_manual_review,,not_annotated_no_domain_boundaries,,True,False
6IV9,A,VI-D,binary,547,548,A,499.0,A,548.0,,ALA,True,2037.0,2038.0,four_layer_exact,high,1.0,0.2539682539682539,2.089227697560553,0.0,E,A;D;E;K;P,differs_from_consensus,True,True,scaffold_differs_from_msa_consensus,0.6104737973769401,surface,False,False,False,False,21.637062436988316,True,False,unassigned_manual_review,,not_annotated_no_domain_boundaries,,True,False
6IV9,A,VI-D,binary,548,549,G,500.0,G,549.0,,GLY,True,2038.0,2039.0,four_layer_exact,high,1.0,0.272108843537415,2.0393084887849886,0.0,E,D;E;G;K;N,differs_from_consensus,True,True,scaffold_differs_from_msa_consensus,0.22456043872616505,surface,False,False,False,False,20.02088148959846,True,False,unassigned_manual_review,,not_annotated_no_domain_boundaries,,True,False
6IV9,A,VI-D,binary,551,552,L,503.0,L,552.0,,LEU,True,2052.0,2053.0,four_layer_exact,high,0.9945054945054944,0.3698630136986301,1.7387501761397035,0.0054945054945054,F,F;I;L;M;V,differs_from_consensus,True,True,scaffold_differs_from_msa_consensus,0.023354943642698855,buried_core,False,False,False,False,17.05472311913788,True,True,unassigned_manual_review,,not_annotated_no_domain_boundaries,,True,False
6IV9,A,VI-D,binary,554,555,D,506.0,D,555.0,,ASP,True,2094.0,2095.0,four_layer_exact,high,1.0,0.2244897959183673,2.406589494979646,0.0,N,D;E;K;N;Q;R;S,differs_from_consensus,True,True,scaffold_differs_from_msa_consensus,0.1943987583106221,buried_core,False,False,False,False,16.031373049271554,True,True,unassigned_manual_review,,not_annotated_no_domain_boundaries,,True,False
6IV9,A,VI-D,binary,556,557,Q,508.0,Q,557.0,,GLN,True,2096.0,2097.0,four_layer_exact,high,1.0,0.2108843537414966,2.222595186472575,0.0,G,A;D;E;G;K;R;S,differs_from_consensus,True,True,scaffold_differs_from_msa_consensus,0.21955733750210482,surface,False,False,False,False,12.209992629010761,True,False,unassigned_manual_review,,not_annotated_no_domain_boundaries,,True,False
6IV9,A,VI-D,binary,557,558,R,509.0,R,558.0,,ARG,True,2097.0,2098.0,four_layer_exact,high,1.0,0.27437641723356,2.271048763197599,0.0,K,D;E;K;N;Q;R;T,differs_from_consensus,True,True,scaffold_differs_from_msa_consensus,0.1490937958793974,buried_core,False,False,False,False,13.956938077366948,True,True,unassigned_manual_review,,not_annotated_no_domain_boundaries,,True,False
6IV9,A,VI-D,binary,559,560,T,511.0,T,560.0,,THR,True,2099.0,2100.0,four_layer_exact,high,1.0,0.5238095238095238,1.6623759917322187,0.0,A,A;C;S;V,differs_from_consensus,True,True,scaffold_differs_from_msa_consensus,0.049147659955112874,buried_core,False,False,False,False,9.118280039641542,True,True,unassigned_manual_review,,not_annotated_no_domain_boundaries,,True,False
6IV9,A,VI-D,binary,560,561,N,512.0,N,561.0,,ASN,True,2104.0,2105.0,four_layer_exact,high,0.989010989010989,0.2068965517241379,2.340981317019028,0.0109890109890109,E,A;D;E;K;N;R;S,differs_from_consensus,True,True,scaffold_differs_from_msa_consensus,0.17541480516388067,buried_core,False,False,False,False,10.339169264783242,True,True,unassigned_manual_review,,not_annotated_no_domain_boundaries,,True,False
6IV9,A,VI-D,binary,563,564,F,515.0,F,564.0,,PHE,True,2107.0,2108.0,four_layer_exact,high,0.9945054945054944,0.5958904109589042,1.604710796645177,0.0054945054945054,R,K;N;R;T,differs_from_consensus,True,True,scaffold_differs_from_msa_consensus,0.03522248963449756,buried_core,True,False,True,False,4.231626814564729,True,True,unassigned_manual_review,,not_annotated_no_domain_boundaries,,True,False
6IV9,A,VI-D,binary,565,566,V,517.0,V,566.0,,VAL,True,2109.0,2110.0,four_layer_exact,high,1.0,0.3673469387755102,1.332497444898705,0.0,I,I;L;V,differs_from_consensus,True,True,scaffold_differs_from_msa_consensus,0.0069403920462064155,buried_core,False,False,False,False,9.54307631205818,True,True,unassigned_manual_review,,not_annotated_no_domain_boundaries,,True,False
6IV9,A,VI-D,binary,567,568,N,519.0,N,568.0,,ASN,True,2111.0,2112.0,four_layer_exact,high,1.0,0.6394557823129252,1.1003041688611606,0.0,S,N;S,differs_from_consensus,True,True,scaffold_differs_from_msa_consensus,0.0,buried_core,True,False,True,False,4.746018485681577,True,True,unassigned_manual_review,,not_annotated_no_domain_boundaries,,True,False
6IV9,A,VI-D,binary,568,569,I,520.0,I,569.0,,ILE,True,2112.0,2113.0,four_layer_exact,high,1.0,0.3945578231292517,1.3194395583553464,0.0,F,F;I;L;V,differs_from_consensus,True,True,scaffold_differs_from_msa_consensus,0.006130092467207697,buried_core,False,True,False,False,6.696835810363916,True,True,unassigned_manual_review,,not_annotated_no_domain_boundaries,,True,False
6IV9,A,VI-D,binary,570,571,S,522.0,S,571.0,,SER,True,2114.0,2115.0,four_layer_exact,high,1.0,0.6122448979591837,1.2143778303437045,0.0,R,K;R,differs_from_consensus,True,True,scaffold_differs_from_msa_consensus,0.027650555459683108,buried_core,True,False,True,False,3.4758371956766676,True,True,unassigned_manual_review,,not_annotated_no_domain_boundaries,,True,False
6IV9,A,VI-D,binary,572,573,R,524.0,R,573.0,,ARG,True,2116.0,2117.0,four_layer_exact,high,0.9285714285714286,0.2164179104477611,2.2640765960078166,0.0714285714285714,K,C;D;E;G;K;Q;S;T,differs_from_consensus,True,True,scaffold_differs_from_msa_consensus,0.4609228708800761,surface,True,False,True,False,2.9017471004212387,True,False,unassigned_manual_review,,not_annotated_no_domain_boundaries,,True,False
6IV9,A,VI-D,binary,575,576,A,527.0,A,576.0,,ALA,True,2130.0,2131.0,four_layer_exact,high,0.967032967032967,0.3687943262411347,2.103087712439381,0.0329670329670329,D,A;D;E;N;S,differs_from_consensus,True,True,scaffold_differs_from_msa_consensus,0.47750659456326333,surface,False,True,False,False,6.374487937059605,True,False,unassigned_manual_review,,not_annotated_no_domain_boundaries,,True,False
6IV9,A,VI-D,binary,577,578,S,529.0,S,578.0,,SER,True,2148.0,2149.0,four_layer_exact,high,0.9835164835164836,0.201171875,2.26356625908991,0.0164835164835165,N,A;D;K;N;S,differs_from_consensus,True,True,scaffold_differs_from_msa_consensus,0.2542415130959739,surface,False,False,False,False,8.906675828209742,True,False,unassigned_manual_review,,not_annotated_no_domain_boundaries,,True,False
6IV9,A,VI-D,binary,580,581,L,532.0,L,581.0,,LEU,True,2151.0,2152.0,four_layer_exact,high,0.978021978021978,0.2867132867132867,2.146517873736677,0.021978021978022,R,A;E;K;R,differs_from_consensus,True,True,scaffold_differs_from_msa_consensus,0.15020251443282542,buried_core,False,False,False,False,14.02779823344893,True,True,unassigned_manual_review,,not_annotated_no_domain_boundaries,,True,False
6IV9,A,VI-D,binary,581,582,T,533.0,T,582.0,,THR,True,2162.0,2163.0,four_layer_exact,high,0.9285714285714286,0.1703703703703703,2.5169221974396727,0.0714285714285714,V,A;E;I;P;Q;S;T;V,differs_from_consensus,True,True,scaffold_differs_from_msa_consensus,0.13715112233217847,buried_core,False,False,False,False,16.639284904604885,True,True,unassigned_manual_review,,not_annotated_no_domain_boundaries,,True,False
6IV9,A,VI-D,binary,583,584,F,535.0,F,584.0,,PHE,True,2173.0,2174.0,four_layer_exact,high,0.9945054945054944,0.4383561643835616,1.4631933734396794,0.0054945054945054,Y,F;I;L;Y,differs_from_consensus,True,True,scaffold_differs_from_msa_consensus,0.030190705400997907,buried_core,False,False,False,False,9.916754232847365,True,True,unassigned_manual_review,,not_annotated_no_domain_boundaries,,True,False
6IV9,A,VI-D,binary,588,589,T,540.0,T,589.0,,THR,True,2179.0,2180.0,four_layer_exact,high,0.9945054945054944,0.1506849315068493,2.5423870286418477,0.0054945054945054,R,A;D;E;K;N;Q;R;T;Y,differs_from_consensus,True,True,scaffold_differs_from_msa_consensus,0.0,buried_core,False,False,False,False,18.6959874178707,True,True,unassigned_manual_review,,not_annotated_no_domain_boundaries,,True,False
6IV9,A,VI-D,binary,594,595,D,546.0,D,595.0,,ASP,True,2208.0,2209.0,four_layer_exact,high,0.4835164835164835,0.1481481481481481,2.435364438183984,0.5164835164835164,K,D;E;G;H;K;N;S;T;V,differs_from_consensus,False,True,scaffold_differs_from_msa_consensus,0.5993748585459322,surface,False,False,False,False,26.302534871441424,True,False,unassigned_manual_review,,not_annotated_no_domain_boundaries,,False,False
6IV9,A,VI-D,binary,595,596,N,547.0,N,596.0,,ASN,True,2209.0,2210.0,four_layer_exact,high,0.5,0.1600877192982456,2.5013726448460205,0.5,D,D;E;G;K;N;P;R;T;V,differs_from_consensus,False,True,scaffold_differs_from_msa_consensus,0.5702669894707911,surface,False,False,False,False,26.24253707797773,True,False,unassigned_manual_review,,not_annotated_no_domain_boundaries,,False,False
6IV9,A,VI-D,binary,596,597,I,548.0,I,597.0,,ILE,True,2210.0,2211.0,four_layer_exact,high,0.6868131868131868,0.2333333333333333,2.6046820032950757,0.3131868131868132,M,A;I;K;L;M;V;Y,differs_from_consensus,False,True,scaffold_differs_from_msa_consensus,0.06872261039918083,buried_core,False,False,False,False,20.521866881980625,True,True,unassigned_manual_review,,not_annotated_no_domain_boundaries,,False,False
6IV9,A,VI-D,binary,597,598,T,549.0,T,598.0,,THR,True,2211.0,2212.0,four_layer_exact,high,0.7637362637362637,0.3272235576923077,2.2898809709004224,0.2362637362637363,S,D;E;Q;S;T;Y,differs_from_consensus,False,True,scaffold_differs_from_msa_consensus,0.38526446615385673,surface,False,False,False,False,20.84760896230567,True,False,unassigned_manual_review,,not_annotated_no_domain_boundaries,,False,False
6IV9,A,VI-D,binary,598,599,D,550.0,D,599.0,,ASP,True,2212.0,2213.0,four_layer_exact,high,0.8076923076923077,0.2767857142857143,2.211486572343379,0.1923076923076923,E,D;E;K;N;P;T,differs_from_consensus,True,True,scaffold_differs_from_msa_consensus,0.3625871928346624,surface,False,False,False,False,18.270846590394928,True,False,unassigned_manual_review,,not_annotated_no_domain_boundaries,,True,False
6IV9,A,VI-D,binary,599,600,D,551.0,D,600.0,,ASP,True,2213.0,2214.0,four_layer_exact,high,0.9285714285714286,0.3729011194029851,2.0063318134408825,0.0714285714285714,E,D;E;K;N;P;Q;S,differs_from_consensus,True,True,scaffold_differs_from_msa_consensus,0.5505922078209899,surface,False,False,False,False,18.046741790915735,True,False,unassigned_manual_review,,not_annotated_no_domain_boundaries,,True,False
6IV9,A,VI-D,binary,600,601,R,552.0,R,601.0,,ARG,True,2214.0,2215.0,four_layer_exact,high,0.9395604395604396,0.4068627450980391,1.9177663889166727,0.0604395604395604,E,A;D;E;N;Q,differs_from_consensus,True,True,scaffold_differs_from_msa_consensus,0.34125836841284607,surface,False,False,False,False,17.563805656091592,True,False,unassigned_manual_review,,not_annotated_no_domain_boundaries,,True,False
6IV9,A,VI-D,binary,601,602,I,553.0,I,602.0,,ILE,True,2215.0,2216.0,four_layer_exact,high,0.9395604395604396,0.2794117647058823,2.3270442032622807,0.0604395604395604,L,F;I;L;V;Y,differs_from_consensus,True,True,scaffold_differs_from_msa_consensus,0.018390277401623092,buried_core,False,False,False,False,14.64601944341285,True,True,unassigned_manual_review,,not_annotated_no_domain_boundaries,,True,False
6IV9,A,VI-D,binary,602,603,S,554.0,S,603.0,,SER,True,2216.0,2217.0,four_layer_exact,high,0.9505494505494504,0.2246376811594203,2.2562227947184934,0.0494505494505495,D,D;E;K;N;Q;S,differs_from_consensus,True,True,scaffold_differs_from_msa_consensus,0.10983915938568502,buried_core,False,False,False,False,13.149272427549231,True,True,unassigned_manual_review,,not_annotated_no_domain_boundaries,,True,False
6IV9,A,VI-D,binary,604,605,I,556.0,I,605.0,,ILE,True,2218.0,2219.0,four_layer_exact,high,0.934065934065934,0.237037037037037,2.3975259230819947,0.0659340659340659,Y,A;E;F;I;K;L;M;Y,differs_from_consensus,True,True,scaffold_differs_from_msa_consensus,0.1939984813481771,buried_core,False,False,False,False,12.693602902583734,True,True,unassigned_manual_review,,not_annotated_no_domain_boundaries,,True,False
6IV9,A,VI-D,binary,606,607,K,558.0,K,607.0,,LYS,True,2276.0,2277.0,four_layer_exact,high,0.0714285714285714,0.3636363636363636,1.5941666991180168,0.9285714285714286,S,K;L;M;P;S;Y,differs_from_consensus,False,True,scaffold_differs_from_msa_consensus,0.30304654693856936,surface,False,False,False,False,8.841775255261163,True,False,unassigned_manual_review,,not_annotated_no_domain_boundaries,,False,False
6IV9,A,VI-D,binary,608,609,K,560.0,K,609.0,,LYS,True,2278.0,2279.0,four_layer_exact,high,0.7252747252747253,0.5612244897959183,1.5694452231864695,0.2747252747252747,D,D;E;K;N,differs_from_consensus,False,True,scaffold_differs_from_msa_consensus,0.7321696265943454,surface,False,False,False,False,10.647282151536775,True,False,unassigned_manual_review,,not_annotated_no_domain_boundaries,,False,False
6IV9,A,VI-D,binary,609,610,E,561.0,E,610.0,,GLU,True,2279.0,2280.0,four_layer_exact,high,0.7032967032967034,0.3052631578947368,2.146703934903305,0.2967032967032966,K,A;E;K;P;R;S;T,differs_from_consensus,False,True,scaffold_differs_from_msa_consensus,0.44850210723926326,surface,False,True,False,False,7.675670814403837,True,False,unassigned_manual_review,,not_annotated_no_domain_boundaries,,False,False
6IV9,A,VI-D,binary,610,611,K,562.0,K,611.0,,LYS,True,2280.0,2281.0,four_layer_exact,high,0.5659340659340659,0.2857142857142857,2.239330999190396,0.4340659340659341,N,A;D;E;G;K;N;S,differs_from_consensus,False,True,scaffold_differs_from_msa_consensus,0.803502096913424,surface,False,True,False,False,7.783778777437375,True,False,unassigned_manual_review,,not_annotated_no_domain_boundaries,,False,False
6IV9,A,VI-D,binary,613,614,G,565.0,G,614.0,,GLY,True,2292.0,2293.0,four_layer_exact,high,0.7692307692307693,0.320754716981132,2.3879128042717594,0.2307692307692307,K,E;K;P;T,differs_from_consensus,False,True,scaffold_differs_from_msa_consensus,0.35130787350475856,surface,True,False,True,False,4.71187776929512,True,False,unassigned_manual_review,,not_annotated_no_domain_boundaries,,False,False
6IV9,A,VI-D,binary,615,616,H,567.0,H,616.0,,HIS,True,2342.0,2343.0,four_layer_exact,high,0.989010989010989,0.2549568965517241,2.044704689199091,0.0109890109890109,N,H;K;N;R;T,differs_from_consensus,True,True,scaffold_differs_from_msa_consensus,0.045975244989878136,buried_core,True,False,True,False,3.9515145925550246,True,True,unassigned_manual_review,,not_annotated_no_domain_boundaries,,True,False
6IV9,A,VI-D,binary,617,618,L,569.0,L,618.0,,LEU,True,2344.0,2345.0,four_layer_exact,high,0.9945054945054944,0.4726027397260274,1.5759153766818643,0.0054945054945054,F,F;I;L;V,differs_from_consensus,True,True,scaffold_differs_from_msa_consensus,0.12276593859147458,buried_core,False,True,False,False,6.339066797686333,True,True,unassigned_manual_review,,not_annotated_no_domain_boundaries,,True,False
6IV9,A,VI-D,binary,622,623,T,574.0,T,623.0,,THR,True,2355.0,2356.0,four_layer_exact,high,1.0,0.3333333333333333,1.8894836396114305,0.0,A,A;I,differs_from_consensus,True,True,scaffold_differs_from_msa_consensus,0.08187808730550819,buried_core,False,False,False,False,8.153413517724145,True,True,unassigned_manual_review,,not_annotated_no_domain_boundaries,,True,False
6IV9,A,VI-D,binary,629,630,S,581.0,S,630.0,,SER,True,2362.0,2363.0,four_layer_exact,high,1.0,0.3537414965986394,1.8156290973535367,0.0,R,K;N;R;S;T,differs_from_consensus,True,True,scaffold_differs_from_msa_consensus,0.0764400163467648,buried_core,True,False,True,False,2.8198417836712766,True,True,unassigned_manual_review,,not_annotated_no_domain_boundaries,,True,False
6IV9,A,VI-D,binary,632,633,V,584.0,V,633.0,,VAL,True,2365.0,2366.0,four_layer_exact,high,1.0,0.1766581632653061,2.459084966990156,0.0,K,F;H;I;K;N;Q;R,differs_from_consensus,True,True,scaffold_differs_from_msa_consensus,0.02082117613861925,buried_core,False,False,False,False,8.616975875408167,True,True,unassigned_manual_review,,not_annotated_no_domain_boundaries,,True,False
6IV9,A,VI-D,binary,635,636,I,587.0,I,636.0,,ILE,True,2369.0,2370.0,four_layer_exact,high,1.0,0.4353741496598639,1.4172898637728435,0.0,V,A;I;V,differs_from_consensus,True,True,scaffold_differs_from_msa_consensus,0.0,buried_core,False,False,False,False,12.863365487942577,True,True,unassigned_manual_review,,not_annotated_no_domain_boundaries,,True,False
6IV9,A,VI-D,binary,636,637,K,588.0,K,637.0,,LYS,True,2370.0,2371.0,four_layer_exact,high,1.0,0.6394557823129252,0.811700257404049,0.0,R,K;R,differs_from_consensus,True,True,scaffold_differs_from_msa_consensus,0.005117068712033544,buried_core,False,False,False,False,11.792993696512102,True,True,unassigned_manual_review,,not_annotated_no_domain_boundaries,,True,False
6IV9,A,VI-D,binary,638,639,A,590.0,A,639.0,,ALA,True,2372.0,2373.0,four_layer_exact,high,1.0,0.1700680272108843,2.198069236424125,0.0,G,A;C;G;I;N;S;T;V,differs_from_consensus,True,True,scaffold_differs_from_msa_consensus,0.009361459039069119,buried_core,False,False,False,False,15.282302341063374,True,True,unassigned_manual_review,,not_annotated_no_domain_boundaries,,True,False
6IV9,A,VI-D,binary,640,641,A,592.0,A,641.0,,ALA,True,2374.0,2375.0,four_layer_exact,high,1.0,0.7551020408163265,0.9980762056073184,0.0,P,A;P;T;V,differs_from_consensus,True,True,scaffold_differs_from_msa_consensus,0.0,buried_core,False,False,False,False,17.52532251108676,True,True,unassigned_manual_review,,not_annotated_no_domain_boundaries,,True,False
6IV9,A,VI-D,binary,641,642,Q,593.0,Q,642.0,,GLN,True,2375.0,2376.0,four_layer_exact,high,1.0,0.3129251700680272,2.195610034589785,0.0,K,A;E;K;R;S;T,differs_from_consensus,True,True,scaffold_differs_from_msa_consensus,0.2854013216848946,surface,False,False,False,False,19.843371559783307,True,False,unassigned_manual_review,,not_annotated_no_domain_boundaries,,True,False
6IV9,A,VI-D,binary,643,644,I,595.0,I,644.0,,ILE,True,2377.0,2378.0,four_layer_exact,high,1.0,0.3537414965986394,1.688112846401972,0.0,V,A;C;I;L;V,differs_from_consensus,True,True,scaffold_differs_from_msa_consensus,0.018390277401623092,buried_core,False,False,False,False,14.837508079429114,True,True,unassigned_manual_review,,not_annotated_no_domain_boundaries,,True,False
6IV9,A,VI-D,binary,645,646,E,597.0,E,646.0,,GLU,True,2379.0,2380.0,four_layer_exact,high,1.0,0.3356009070294784,2.0562657025875595,0.0,K,A;E;K;R,differs_from_consensus,True,True,scaffold_differs_from_msa_consensus,0.2553425649285032,surface,False,False,False,False,19.849803020659156,True,False,unassigned_manual_review,,not_annotated_no_domain_boundaries,,True,False
6IV9,A,VI-D,binary,646,647,V,598.0,V,647.0,,VAL,True,2380.0,2381.0,four_layer_exact,high,1.0,0.4693877551020408,1.471496016036716,0.0,L,F;I;L;V,differs_from_consensus,True,True,scaffold_differs_from_msa_consensus,0.0069403920462064155,buried_core,False,False,False,False,15.534406180998506,True,True,unassigned_manual_review,,not_annotated_no_domain_boundaries,,True,False
6IV9,A,VI-D,binary,654,655,M,606.0,M,655.0,,MET,True,2393.0,2394.0,four_layer_exact,high,1.0,0.3265306122448979,1.9751902431035715,0.0,R,A;E;K;R;S,differs_from_consensus,True,True,scaffold_differs_from_msa_consensus,0.016173592179106022,buried_core,False,False,False,False,10.921847641497497,True,True,unassigned_manual_review,,not_annotated_no_domain_boundaries,,True,False
6IV9,A,VI-D,binary,658,659,G,610.0,G,659.0,,GLY,True,2398.0,2399.0,four_layer_exact,high,0.9945054945054944,0.2602739726027397,2.153475989484622,0.0054945054945054,K,D;E;G;K;N;R;S,differs_from_consensus,True,True,scaffold_differs_from_msa_consensus,0.1494721452383353,buried_core,False,True,False,False,7.536710340957076,True,True,unassigned_manual_review,,not_annotated_no_domain_boundaries,,True,False
6IV9,A,VI-D,binary,659,660,G,611.0,G,660.0,,GLY,True,2407.0,2408.0,four_layer_exact,high,0.978021978021978,0.3076923076923077,2.03431797599515,0.021978021978022,R,D;E;G;K;R;S,differs_from_consensus,True,True,scaffold_differs_from_msa_consensus,0.234682771086518,surface,True,False,True,False,4.003615311431955,True,False,unassigned_manual_review,,not_annotated_no_domain_boundaries,,True,False
6IV9,A,VI-D,binary,666,667,E,618.0,E,667.0,,GLU,True,2436.0,2437.0,four_layer_exact,high,1.0,0.3605442176870748,2.145366358317453,0.0,D,D;E;K;L;R;T,differs_from_consensus,True,True,scaffold_differs_from_msa_consensus,0.2860831758346143,surface,False,False,False,False,9.71971946958387,True,False,unassigned_manual_review,,not_annotated_no_domain_boundaries,,True,False
6IV9,A,VI-D,binary,673,674,V,625.0,V,674.0,,VAL,True,2453.0,2454.0,four_layer_exact,high,0.8241758241758241,0.2260869565217391,2.5951530840494907,0.1758241758241758,T,F;G;I;K;N;S;T;V,differs_from_consensus,True,True,scaffold_differs_from_msa_consensus,0.05933320216350842,buried_core,False,False,False,False,14.569016881076191,True,True,unassigned_manual_review,,not_annotated_no_domain_boundaries,,True,False
6IV9,A,VI-D,binary,674,675,E,626.0,E,675.0,,GLU,True,2454.0,2455.0,four_layer_exact,high,0.8461538461538461,0.4369747899159664,2.046389148472396,0.1538461538461538,G,D;E;G,differs_from_consensus,True,True,scaffold_differs_from_msa_consensus,0.44834161834460096,surface,False,False,False,False,17.92476044611462,True,False,unassigned_manual_review,,not_annotated_no_domain_boundaries,,True,False
6IV9,A,VI-D,binary,675,676,F,627.0,F,676.0,,PHE,True,2455.0,2456.0,four_layer_exact,high,0.7582417582417582,0.1620145631067961,2.6546072910495537,0.2417582417582418,K,A;E;G;I;K;N;P;S;T,differs_from_consensus,False,True,scaffold_differs_from_msa_consensus,0.5695772407206469,surface,False,False,False,False,19.964714717920483,True,False,unassigned_manual_review,,not_annotated_no_domain_boundaries,,False,False
6IV9,A,VI-D,binary,676,677,P,628.0,P,677.0,,PRO,True,2456.0,2457.0,four_layer_exact,high,0.8186813186813187,0.175438596491228,2.448897424287677,0.1813186813186813,K,D;E;G;K;N;P;R;S,differs_from_consensus,True,True,scaffold_differs_from_msa_consensus,0.19564843220961378,buried_core,False,False,False,False,16.987961557672303,True,True,unassigned_manual_review,,not_annotated_no_domain_boundaries,,True,False
6IV9,A,VI-D,binary,677,678,D,629.0,D,678.0,,ASP,True,2457.0,2458.0,four_layer_exact,high,0.5439560439560439,0.2307692307692307,2.3437011529219887,0.4560439560439561,E,D;E;P;S;T,differs_from_consensus,False,True,scaffold_differs_from_msa_consensus,0.31260084007061306,surface,False,False,False,False,18.834579108514475,True,False,unassigned_manual_review,,not_annotated_no_domain_boundaries,,False,False
6IV9,A,VI-D,binary,678,679,M,630.0,M,679.0,,MET,True,2458.0,2459.0,four_layer_exact,high,0.4835164835164835,0.1296296296296296,2.698480368890356,0.5164835164835164,E,A;E;I;L;N;P;S;T;V,differs_from_consensus,False,True,scaffold_differs_from_msa_consensus,0.35056443372785956,surface,False,False,False,False,14.264121497096856,True,False,unassigned_manual_review,,not_annotated_no_domain_boundaries,,False,False
6IV9,A,VI-D,binary,679,680,N,631.0,N,680.0,,ASN,True,2462.0,2463.0,four_layer_exact,high,0.4065934065934066,0.2,2.308087143602468,0.5934065934065934,P,A;E;G;K;N;P;Q;S;T,differs_from_consensus,False,True,scaffold_differs_from_msa_consensus,0.6109292515047346,surface,False,False,False,False,19.981641953923187,True,False,unassigned_manual_review,,not_annotated_no_domain_boundaries,,False,False
6IV9,A,VI-D,binary,680,681,S,632.0,S,681.0,,SER,True,2479.0,2480.0,four_layer_exact,high,0.6263736263736264,0.1981981981981982,2.535673647236435,0.3736263736263736,A,A;D;I;K;P;S;T;V,differs_from_consensus,False,True,scaffold_differs_from_msa_consensus,0.08558719912699506,buried_core,False,False,False,False,18.165818706967404,True,True,unassigned_manual_review,,not_annotated_no_domain_boundaries,,False,False
6IV9,A,VI-D,binary,682,683,L,634.0,L,683.0,,LEU,True,2481.0,2482.0,four_layer_exact,high,0.7087912087912088,0.1269841269841269,2.698039359974811,0.2912087912087912,K,A;I;K;L;R;T;V;Y,differs_from_consensus,False,True,scaffold_differs_from_msa_consensus,0.16221871558745146,buried_core,False,False,False,False,12.817312401979994,True,True,unassigned_manual_review,,not_annotated_no_domain_boundaries,,False,False
6IV9,A,VI-D,binary,684,685,A,636.0,A,685.0,,ALA,True,2483.0,2484.0,four_layer_exact,high,0.8901098901098901,0.3125,2.275687682037037,0.1098901098901099,E,A;D;E;K;R;T,differs_from_consensus,True,True,scaffold_differs_from_msa_consensus,0.12081493794723723,buried_core,False,False,False,False,16.08812689263324,True,True,unassigned_manual_review,,not_annotated_no_domain_boundaries,,True,False
6IV9,A,VI-D,binary,686,687,R,638.0,R,687.0,,ARG,True,2485.0,2486.0,four_layer_exact,high,1.0,0.4693877551020408,1.4556105835935438,0.0,I,I;L;R;V,differs_from_consensus,True,True,scaffold_differs_from_msa_consensus,0.0,buried_core,False,False,False,False,8.687449526457469,True,True,unassigned_manual_review,,not_annotated_no_domain_boundaries,,True,False
6IV9,A,VI-D,binary,687,688,S,639.0,S,688.0,,SER,True,2486.0,2487.0,four_layer_exact,high,1.0,0.3199404761904761,2.0892302674309065,0.0,D,A;D;E;K;N;Q;S,differs_from_consensus,True,True,scaffold_differs_from_msa_consensus,0.11323775458667816,buried_core,False,False,False,False,14.351653809972847,True,True,unassigned_manual_review,,not_annotated_no_domain_boundaries,,True,False
6IV9,A,VI-D,binary,691,692,R,643.0,R,692.0,,ARG,True,2490.0,2491.0,four_layer_exact,high,1.0,0.2312925170068027,2.0818279240922206,0.0,E,D;E;G;K;N;R,differs_from_consensus,True,True,scaffold_differs_from_msa_consensus,0.35024401134211003,surface,False,False,False,False,15.526320504382769,True,False,unassigned_manual_review,,not_annotated_no_domain_boundaries,,True,False
6IV9,A,VI-D,binary,692,693,M,644.0,M,693.0,,MET,True,2491.0,2492.0,four_layer_exact,high,1.0,0.1564625850340136,2.3943393928930647,0.0,I,A;E;I;K;L;M;Q;R,differs_from_consensus,True,True,scaffold_differs_from_msa_consensus,0.14797961685928512,buried_core,False,False,False,False,13.217939267471085,True,True,unassigned_manual_review,,not_annotated_no_domain_boundaries,,True,False
6IV9,A,VI-D,binary,694,695,K,646.0,K,695.0,,LYS,True,2493.0,2494.0,four_layer_exact,high,1.0,0.2312925170068027,2.377059686067302,0.0,T,A;C;K;R;S;T;V,differs_from_consensus,True,True,scaffold_differs_from_msa_consensus,0.27834825070070923,surface,False,False,False,False,15.983540688451741,True,False,unassigned_manual_review,,not_annotated_no_domain_boundaries,,True,False
6IV9,A,VI-D,binary,695,696,N,647.0,N,696.0,,ASN,True,2494.0,2495.0,four_layer_exact,high,1.0,0.2040816326530612,2.1812981957329782,0.0,G,D;E;G;K;N;Q;S,differs_from_consensus,True,True,scaffold_differs_from_msa_consensus,0.49168766961726895,surface,False,False,False,False,18.239158677462807,True,False,unassigned_manual_review,,not_annotated_no_domain_boundaries,,True,False
6IV9,A,VI-D,binary,696,697,I,648.0,I,697.0,,ILE,True,2495.0,2496.0,four_layer_exact,high,1.0,0.272108843537415,1.7179731267051934,0.0,F,F;I;L;M;V,differs_from_consensus,True,True,scaffold_differs_from_msa_consensus,0.02313794152388464,buried_core,False,False,False,False,14.762099684215517,True,True,unassigned_manual_review,,not_annotated_no_domain_boundaries,,True,False
6IV9,A,VI-D,binary,702,703,K,654.0,K,703.0,,LYS,True,2503.0,2504.0,four_layer_exact,high,0.978021978021978,0.2447552447552447,2.345306231783017,0.021978021978022,E,E;I;K;L;R;S;T,differs_from_consensus,True,True,scaffold_differs_from_msa_consensus,0.42222467466182395,surface,False,False,False,False,12.168783554372991,True,False,unassigned_manual_review,,not_annotated_no_domain_boundaries,,True,False
6IV9,A,VI-D,binary,703,704,N,655.0,N,704.0,,ASN,True,2511.0,2512.0,four_layer_exact,high,0.9725274725274724,0.3544600938967135,1.8248594816385624,0.0274725274725274,D,D;G;K;N,differs_from_consensus,True,True,scaffold_differs_from_msa_consensus,0.47590198818028967,surface,False,False,False,False,12.06597966737369,True,False,unassigned_manual_review,,not_annotated_no_domain_boundaries,,True,False
6IV9,A,VI-D,binary,707,708,Q,659.0,Q,708.0,,GLN,True,2528.0,2529.0,four_layer_exact,high,0.8846153846153846,0.1904761904761904,2.557731120816462,0.1153846153846154,K,A;K;L;M;N;S;V,differs_from_consensus,True,True,scaffold_differs_from_msa_consensus,0.34073780941478177,surface,True,False,True,False,3.1281645357375414,True,False,unassigned_manual_review,,not_annotated_no_domain_boundaries,,True,False
6IV9,A,VI-D,binary,709,710,K,661.0,K,710.0,,LYS,True,2542.0,2543.0,four_layer_exact,high,0.510989010989011,0.3275862068965517,2.0233165659635355,0.489010989010989,N,E;F;G;K;N;Y,differs_from_consensus,False,True,scaffold_differs_from_msa_consensus,0.5560258512408767,surface,False,True,False,False,7.023014248546366,True,False,unassigned_manual_review,,not_annotated_no_domain_boundaries,,False,False
6IV9,A,VI-D,binary,710,711,G,662.0,G,711.0,,GLY,True,2543.0,2544.0,four_layer_exact,high,0.521978021978022,0.284375,2.1764025004460144,0.478021978021978,A,A;D;E;G;K;S;V,differs_from_consensus,False,True,scaffold_differs_from_msa_consensus,0.5396421240204329,surface,False,False,False,False,10.313550045677445,True,False,unassigned_manual_review,,not_annotated_no_domain_boundaries,,False,False
6IV9,A,VI-D,binary,711,712,R,663.0,R,712.0,,ARG,True,2544.0,2545.0,four_layer_exact,high,0.521978021978022,0.25,2.1819940971853127,0.478021978021978,D,D;E;K;N;Q;R;S;T,differs_from_consensus,False,True,scaffold_differs_from_msa_consensus,0.6779664265086328,surface,False,False,False,False,12.683349652145852,True,False,unassigned_manual_review,,not_annotated_no_domain_boundaries,,False,False
6IV9,A,VI-D,binary,714,715,V,666.0,V,715.0,,VAL,True,2560.0,2561.0,four_layer_exact,high,0.978021978021978,0.1958041958041958,2.514145033457609,0.021978021978022,E,A;E;I;K;L;Q;S;V,differs_from_consensus,True,True,scaffold_differs_from_msa_consensus,0.3261984261717015,surface,False,False,False,False,11.246994027474807,True,False,unassigned_manual_review,,not_annotated_no_domain_boundaries,,True,False
6IV9,A,VI-D,binary,715,716,A,667.0,A,716.0,,ALA,True,2561.0,2562.0,four_layer_exact,high,0.9835164835164836,0.3402777777777778,2.1743241749712787,0.0164835164835165,E,D;E;K;Q;R,differs_from_consensus,True,True,scaffold_differs_from_msa_consensus,0.39832043815354745,surface,False,False,False,False,11.070832147137802,True,False,unassigned_manual_review,,not_annotated_no_domain_boundaries,,True,False
6IV9,A,VI-D,binary,719,720,A,671.0,A,720.0,,ALA,True,2565.0,2566.0,four_layer_exact,high,1.0,0.2244897959183673,2.217077410589673,0.0,K,F;K;L;M;N;Y,differs_from_consensus,True,True,scaffold_differs_from_msa_consensus,0.028084377117207356,buried_core,False,False,False,False,10.653187155958598,True,True,unassigned_manual_review,,not_annotated_no_domain_boundaries,,True,False
6IV9,A,VI-D,binary,722,723,V,674.0,V,723.0,,VAL,True,2568.0,2569.0,four_layer_exact,high,1.0,0.4081632653061224,1.4013609778265448,0.0,I,I;L;V,differs_from_consensus,True,True,scaffold_differs_from_msa_consensus,0.07399656781900857,buried_core,False,False,False,False,10.507356790005003,True,True,unassigned_manual_review,,not_annotated_no_domain_boundaries,,True,False
6IV9,A,VI-D,binary,730,731,M,682.0,M,731.0,,MET,True,2576.0,2577.0,four_layer_exact,high,0.9945054945054944,0.3583617747440273,1.7035115601036432,0.0054945054945054,L,A;I;L;M;V,differs_from_consensus,True,True,scaffold_differs_from_msa_consensus,0.011135823959599537,buried_core,False,False,False,False,9.52465552770866,True,True,unassigned_manual_review,,not_annotated_no_domain_boundaries,,True,False
6IV9,A,VI-D,binary,733,734,L,685.0,L,734.0,,LEU,True,2579.0,2580.0,four_layer_exact,high,0.9945054945054944,0.3583617747440273,1.6765219583980584,0.0054945054945054,I,A;F;I;L;V,differs_from_consensus,True,True,scaffold_differs_from_msa_consensus,0.0060081005773130166,buried_core,False,True,False,False,7.472285230892094,True,True,unassigned_manual_review,,not_annotated_no_domain_boundaries,,True,False
6IV9,A,VI-D,binary,742,743,A,694.0,A,743.0,,ALA,True,2588.0,2589.0,four_layer_exact,high,0.9945054945054944,0.4436860068259385,1.204293998580746,0.0054945054945054,S,A;S;T,differs_from_consensus,True,True,scaffold_differs_from_msa_consensus,0.009361459039069119,buried_core,False,True,False,False,6.853222635930297,True,True,unassigned_manual_review,,not_annotated_no_domain_boundaries,,True,False
6IV9,A,VI-D,binary,748,749,I,700.0,I,749.0,,ILE,True,2594.0,2595.0,four_layer_exact,high,0.9945054945054944,0.7474402730375427,0.9933917542404176,0.0054945054945054,F,F;I;Y,differs_from_consensus,True,True,scaffold_differs_from_msa_consensus,0.07356110960649237,buried_core,False,True,False,False,7.568550910509419,True,True,unassigned_manual_review,,not_annotated_no_domain_boundaries,,True,False
6IV9,A,VI-D,binary,755,756,F,707.0,F,756.0,,PHE,True,2602.0,2603.0,four_layer_exact,high,0.9835164835164836,0.2320501730103806,2.369872249098753,0.0164835164835165,A,A;R;S;T;Y,differs_from_consensus,True,True,scaffold_differs_from_msa_consensus,0.03522248963449756,buried_core,False,False,False,False,11.987548379648446,True,True,unassigned_manual_review,,not_annotated_no_domain_boundaries,,True,False
6IV9,A,VI-D,binary,756,757,G,708.0,G,757.0,,GLY,True,2603.0,2604.0,four_layer_exact,high,0.989010989010989,0.1580756013745704,2.5890123444313358,0.0109890109890109,A,A;E;K;L;Q;S;V;Y,differs_from_consensus,True,True,scaffold_differs_from_msa_consensus,0.234682771086518,surface,False,False,False,False,14.14276945170461,True,False,unassigned_manual_review,,not_annotated_no_domain_boundaries,,True,False
6IV9,A,VI-D,binary,759,760,K,711.0,K,760.0,,LYS,True,2607.0,2608.0,four_layer_exact,high,0.7967032967032966,0.2072072072072072,2.42398740981,0.2032967032967033,G,D;E;G;K;L;N,differs_from_consensus,False,True,scaffold_differs_from_msa_consensus,0.23502078925305975,surface,False,False,False,False,16.22086289512749,True,False,unassigned_manual_review,,not_annotated_no_domain_boundaries,,False,False
6IV9,A,VI-D,binary,760,761,E,712.0,E,761.0,,GLU,True,2608.0,2609.0,four_layer_exact,high,0.6483516483516484,0.1058823529411764,2.708149798870757,0.3516483516483516,Q,D;E;I;K;L;N;Q;R;V,differs_from_consensus,False,True,scaffold_differs_from_msa_consensus,0.6031966089652848,surface,False,False,False,False,17.828100189631506,True,False,unassigned_manual_review,,not_annotated_no_domain_boundaries,,False,False
6IV9,A,VI-D,binary,761,762,I,713.0,I,762.0,,ILE,True,2609.0,2610.0,four_layer_exact,high,0.5274725274725275,0.2539682539682539,2.3626466250137828,0.4725274725274725,K,E;K;Q;S,differs_from_consensus,False,True,scaffold_differs_from_msa_consensus,0.22317568025421944,surface,False,False,False,False,13.287048339461835,True,False,unassigned_manual_review,,not_annotated_no_domain_boundaries,,False,False
6IV9,A,VI-D,binary,762,763,I,714.0,I,763.0,,ILE,True,2610.0,2611.0,four_layer_exact,high,0.2197802197802197,0.2631578947368421,2.194862614954732,0.7802197802197802,L,F;I;L;M;P;T;V;W;Y,differs_from_consensus,False,True,scaffold_differs_from_msa_consensus,0.053788403859923124,buried_core,False,False,False,False,15.614501543297528,True,True,unassigned_manual_review,,not_annotated_no_domain_boundaries,,False,False
6IV9,A,VI-D,binary,763,764,P,715.0,P,764.0,,PRO,True,2611.0,2612.0,four_layer_exact,high,0.1648351648351648,0.3571428571428571,1.9960601285714927,0.8351648351648352,G,D;E;G;K;P;S;T,differs_from_consensus,False,True,scaffold_differs_from_msa_consensus,0.6142378729276805,surface,False,False,False,False,20.523024504421443,True,False,unassigned_manual_review,,not_annotated_no_domain_boundaries,,False,False
6IV9,A,VI-D,binary,764,765,E,716.0,E,765.0,,GLU,True,2612.0,2613.0,four_layer_exact,high,0.0439560439560439,0.5,1.3485390196098022,0.956043956043956,I,A;E;I;K;N,differs_from_consensus,False,True,scaffold_differs_from_msa_consensus,0.33848527940511847,surface,False,False,False,False,21.050106296953345,True,False,unassigned_manual_review,,not_annotated_no_domain_boundaries,,False,False
6IV9,A,VI-D,binary,766,767,A,718.0,A,767.0,,ALA,True,2614.0,2615.0,four_layer_exact,high,0.1428571428571428,0.2127659574468085,2.394110010788653,0.8571428571428572,S,A;E;K;N;P;S;T,differs_from_consensus,False,True,scaffold_differs_from_msa_consensus,0.5395204645804176,surface,False,False,False,False,22.590731025103366,True,False,unassigned_manual_review,,not_annotated_no_domain_boundaries,,False,False
6IV9,A,VI-D,binary,767,768,S,719.0,S,768.0,,SER,True,2615.0,2616.0,four_layer_exact,high,0.7142857142857143,0.2898316062176165,2.073080346070501,0.2857142857142857,G,D;E;G;K;N;S,differs_from_consensus,False,True,scaffold_differs_from_msa_consensus,0.666260457270649,surface,False,False,False,False,24.634850608538763,True,False,unassigned_manual_review,,not_annotated_no_domain_boundaries,,False,False
6IV9,A,VI-D,binary,769,770,N,721.0,N,770.0,,ASN,True,2618.0,2619.0,four_layer_exact,high,0.7967032967032966,0.2516816143497757,2.32476777145408,0.2032967032967033,K,A;E;K;N;S;T,differs_from_consensus,False,True,scaffold_differs_from_msa_consensus,0.18241524023997213,buried_core,False,False,False,False,21.126458559848423,True,True,unassigned_manual_review,,not_annotated_no_domain_boundaries,,False,False
6IV9,A,VI-D,binary,775,776,R,727.0,R,776.0,,ARG,True,2677.0,2678.0,four_layer_exact,high,0.989010989010989,0.3024054982817869,2.309402011292449,0.0109890109890109,L,A;F;L;R;S;T,differs_from_consensus,True,True,scaffold_differs_from_msa_consensus,0.02793838985037318,buried_core,False,False,False,False,16.82183551491215,True,True,unassigned_manual_review,,not_annotated_no_domain_boundaries,,True,False
6IV9,A,VI-D,binary,776,777,I,728.0,I,777.0,,ILE,True,2678.0,2679.0,four_layer_exact,high,0.989010989010989,0.3230240549828179,2.3644001380882167,0.0109890109890109,A,A;E;G;K;S,differs_from_consensus,True,True,scaffold_differs_from_msa_consensus,0.030650462336038485,buried_core,False,False,False,False,17.19406113459911,True,True,unassigned_manual_review,,not_annotated_no_domain_boundaries,,True,False
6IV9,A,VI-D,binary,778,779,S,730.0,S,779.0,,SER,True,2700.0,2701.0,four_layer_exact,high,0.989010989010989,0.5876288659793815,1.3628932113580754,0.0109890109890109,T,A;L;S;T;V,differs_from_consensus,True,True,scaffold_differs_from_msa_consensus,0.0,buried_core,False,False,False,False,13.066242502768121,True,True,unassigned_manual_review,,not_annotated_no_domain_boundaries,,True,False
6IV9,A,VI-D,binary,779,780,Q,731.0,Q,780.0,,GLN,True,2701.0,2702.0,four_layer_exact,high,0.989010989010989,0.2336769759450171,2.2404601917955667,0.0109890109890109,K,A;D;E;K;N;Q;R,differs_from_consensus,True,True,scaffold_differs_from_msa_consensus,0.21429219576629654,surface,False,False,False,False,16.946962560689663,True,False,unassigned_manual_review,,not_annotated_no_domain_boundaries,,True,False
6IV9,A,VI-D,binary,780,781,T,732.0,T,781.0,,THR,True,2702.0,2703.0,four_layer_exact,high,0.9945054945054944,0.1575342465753424,2.5787273039239347,0.0054945054945054,Y,A;D;E;H;K;L;R;Y,differs_from_consensus,True,True,scaffold_differs_from_msa_consensus,0.05300202883959621,buried_core,False,False,False,False,17.370179199942793,True,True,unassigned_manual_review,,not_annotated_no_domain_boundaries,,True,False
6IV9,A,VI-D,binary,781,782,L,733.0,L,782.0,,LEU,True,2703.0,2704.0,four_layer_exact,high,0.989010989010989,0.4827586206896552,1.609178058533682,0.0109890109890109,F,F;L;Y,differs_from_consensus,True,True,scaffold_differs_from_msa_consensus,0.0,buried_core,False,False,False,False,12.55033189237277,True,True,unassigned_manual_review,,not_annotated_no_domain_boundaries,,True,False
6IV9,A,VI-D,binary,782,783,C,734.0,C,783.0,,CYS,True,2704.0,2705.0,four_layer_exact,high,0.989010989010989,0.3862068965517241,1.8964710809938348,0.0109890109890109,L,I;L;M;V,differs_from_consensus,True,True,scaffold_differs_from_msa_consensus,0.014462613365747501,buried_core,False,False,False,False,13.021601073915944,True,True,unassigned_manual_review,,not_annotated_no_domain_boundaries,,True,False
6IV9,A,VI-D,binary,784,785,L,736.0,L,785.0,,LEU,True,2708.0,2709.0,four_layer_exact,high,0.956043956043956,0.2078853046594982,2.396700478961797,0.0439560439560439,E,D;E;I;K;N;Q;R,differs_from_consensus,True,True,scaffold_differs_from_msa_consensus,0.060081005773130164,buried_core,False,False,False,False,14.499778297280342,True,True,unassigned_manual_review,,not_annotated_no_domain_boundaries,,True,False
6IV9,A,VI-D,binary,785,786,C,737.0,C,786.0,,CYS,True,2709.0,2710.0,four_layer_exact,high,0.7472527472527473,0.2641509433962264,2.2871581576111435,0.2527472527472527,D,D;E;G;K;N,differs_from_consensus,False,True,scaffold_differs_from_msa_consensus,0.025663689199107075,buried_core,False,False,False,False,11.246669291554571,True,True,unassigned_manual_review,,not_annotated_no_domain_boundaries,,False,False
6IV9,A,VI-D,binary,786,787,D,738.0,D,787.0,,ASP,True,2710.0,2711.0,four_layer_exact,high,0.7362637362637363,0.160919540229885,2.5745737144408176,0.2637362637362637,K,D;E;K;N;P;R;Y,differs_from_consensus,False,True,scaffold_differs_from_msa_consensus,0.3533712900911513,surface,False,False,False,False,10.301768086517098,True,False,unassigned_manual_review,,not_annotated_no_domain_boundaries,,False,False
6IV9,A,VI-D,binary,787,788,D,739.0,D,788.0,,ASP,True,,,review_required,low,,,,,,,no_original_msa_column,False,True,query_only_insertion,0.651133850895349,surface,False,False,False,False,14.056401179870159,True,False,unassigned_manual_review,,not_annotated_no_domain_boundaries,,False,False
6IV9,A,VI-D,binary,788,789,R,740.0,R,789.0,,ARG,True,,,review_required,low,,,,,,,no_original_msa_column,False,True,query_only_insertion,0.36047817364084367,surface,False,False,False,False,13.406993198747887,True,False,unassigned_manual_review,,not_annotated_no_domain_boundaries,,False,False
6IV9,A,VI-D,binary,789,790,N,741.0,N,790.0,,ASN,True,,,review_required,low,,,,,,,no_original_msa_column,False,True,query_only_insertion,0.7526386662926335,surface,False,False,False,False,13.321545868776818,True,False,unassigned_manual_review,,not_annotated_no_domain_boundaries,,False,False
6IV9,A,VI-D,binary,790,791,E,742.0,E,791.0,,GLU,True,2711.0,2712.0,four_layer_exact,high,0.7307692307692307,0.1698841698841698,2.61160149630466,0.2692307692307693,L,A;E;I;K;L;N;P;Q;S,differs_from_consensus,False,True,scaffold_differs_from_msa_consensus,0.371687377462825,surface,False,False,False,False,14.326453597625255,True,False,unassigned_manual_review,,not_annotated_no_domain_boundaries,,False,False
6IV9,A,VI-D,binary,791,792,S,743.0,S,792.0,,SER,True,2772.0,2773.0,four_layer_exact,high,0.4725274725274725,0.3773584905660377,2.041816216533003,0.5274725274725275,A,A;L;S;T;V,differs_from_consensus,False,True,scaffold_differs_from_msa_consensus,0.1339537813745639,buried_core,False,False,False,False,11.97472214022989,True,True,unassigned_manual_review,,not_annotated_no_domain_boundaries,,False,False
6IV9,A,VI-D,binary,792,793,S,744.0,S,793.0,,SER,True,2773.0,2774.0,four_layer_exact,high,0.6318681318681318,0.147239263803681,2.588783200271536,0.3681318681318681,K,K;L;N;R;T,differs_from_consensus,False,True,scaffold_differs_from_msa_consensus,0.18868381155452654,buried_core,False,False,False,False,9.186368270588234,True,True,unassigned_manual_review,,not_annotated_no_domain_boundaries,,False,False
6IV9,A,VI-D,binary,794,795,L,746.0,L,795.0,,LEU,True,2775.0,2776.0,four_layer_exact,high,0.6373626373626373,0.2181818181818181,2.301561125909051,0.3626373626373627,R,A;E;G;K;R,differs_from_consensus,False,True,scaffold_differs_from_msa_consensus,0.09612960923700826,buried_core,False,True,False,False,5.605637604375588,True,True,unassigned_manual_review,,not_annotated_no_domain_boundaries,,False,False
6IV9,A,VI-D,binary,795,796,F,747.0,F,796.0,,PHE,True,2776.0,2777.0,four_layer_exact,high,0.6648351648351648,0.3085714285714285,2.1124356890593097,0.3351648351648352,Y,F;H;L;Y,differs_from_consensus,False,True,scaffold_differs_from_msa_consensus,0.0044644126002613355,buried_core,True,False,True,False,3.6011449496859136,True,True,unassigned_manual_review,,not_annotated_no_domain_boundaries,,False,False
6IV9,A,VI-D,binary,801,802,R,753.0,R,802.0,,ARG,True,2793.0,2794.0,four_layer_exact,high,0.9835164835164836,0.3598615916955017,1.445138951463459,0.0164835164835165,H,H;K;R;S,differs_from_consensus,True,True,scaffold_differs_from_msa_consensus,0.35714863578003614,surface,True,False,True,False,4.275749894003088,True,False,unassigned_manual_review,,not_annotated_no_domain_boundaries,,True,False
6IV9,A,VI-D,binary,802,803,L,754.0,L,803.0,,LEU,True,2794.0,2795.0,four_layer_exact,high,0.9835164835164836,0.1799307958477508,2.322548022835267,0.0164835164835165,F,A;F;L;V;W;Y,differs_from_consensus,True,True,scaffold_differs_from_msa_consensus,0.07141974826120298,buried_core,True,False,True,False,4.028848353624824,True,True,unassigned_manual_review,,not_annotated_no_domain_boundaries,,True,False
6IV9,A,VI-D,binary,803,804,R,755.0,R,804.0,,ARG,True,2795.0,2796.0,four_layer_exact,high,0.9835164835164836,0.1453287197231834,2.612648747591606,0.0164835164835165,S,A;C;G;K;N;R;S;T;Y,differs_from_consensus,True,True,scaffold_differs_from_msa_consensus,0.031929588400426485,buried_core,False,True,False,False,7.383825442744111,True,True,unassigned_manual_review,,not_annotated_no_domain_boundaries,,True,False
6IV9,A,VI-D,binary,804,805,K,756.0,K,805.0,,LYS,True,2796.0,2797.0,four_layer_exact,high,0.978021978021978,0.1672473867595819,2.5902126977516384,0.021978021978022,E,D;E;G;K;Q;R;S,differs_from_consensus,True,True,scaffold_differs_from_msa_consensus,0.23693215552243702,surface,False,False,False,False,8.059449974452832,True,False,unassigned_manual_review,,not_annotated_no_domain_boundaries,,True,False
6IV9,A,VI-D,binary,805,806,C,757.0,C,806.0,,CYS,True,2820.0,2821.0,four_layer_exact,high,0.967032967032967,0.4770318021201413,1.7914208502171265,0.0329670329670329,Y,C;I;L;Y,differs_from_consensus,True,True,scaffold_differs_from_msa_consensus,0.21243186156525382,surface,False,False,False,False,9.65059062127755,True,False,unassigned_manual_review,,not_annotated_no_domain_boundaries,,True,False
6IV9,A,VI-D,binary,806,807,V,758.0,V,807.0,,VAL,True,2821.0,2822.0,four_layer_exact,high,0.9615384615384616,0.3914590747330961,1.5504590116416832,0.0384615384615384,L,F;I;L;M;V,differs_from_consensus,True,True,scaffold_differs_from_msa_consensus,0.013880784092412831,buried_core,False,False,False,False,10.399672009100936,True,True,unassigned_manual_review,,not_annotated_no_domain_boundaries,,True,False
6IV9,A,VI-D,binary,807,808,E,759.0,E,808.0,,GLU,True,2822.0,2823.0,four_layer_exact,high,0.956043956043956,0.2795698924731182,2.501059938905497,0.0439560439560439,K,A;E;K;R;S;T;V,differs_from_consensus,True,True,scaffold_differs_from_msa_consensus,0.18754569938096766,buried_core,False,False,False,False,12.191870522701247,True,True,unassigned_manual_review,,not_annotated_no_domain_boundaries,,True,False
6IV9,A,VI-D,binary,808,809,V,760.0,V,809.0,,VAL,True,2824.0,2825.0,four_layer_exact,high,0.9505494505494504,0.2202166064981949,2.3007268366601537,0.0494505494505495,K,D;E;H;K;N;Q;S;T,differs_from_consensus,True,True,scaffold_differs_from_msa_consensus,0.42873914373862315,surface,False,False,False,False,14.347311495723108,True,False,unassigned_manual_review,,not_annotated_no_domain_boundaries,,True,False
6IV9,A,VI-D,binary,809,810,D,761.0,D,810.0,,ASP,True,2860.0,2861.0,four_layer_exact,high,0.978021978021978,0.6794425087108014,1.0070103004882645,0.021978021978022,N,D;N,differs_from_consensus,True,True,scaffold_differs_from_msa_consensus,0.011103202321893477,buried_core,False,False,False,False,11.958967956526205,True,True,unassigned_manual_review,,not_annotated_no_domain_boundaries,,True,False
6IV9,A,VI-D,binary,810,811,I,762.0,I,811.0,,ILE,True,2867.0,2868.0,four_layer_exact,high,0.945054945054945,0.3709090909090909,1.7519562069429615,0.0549450549450549,L,F;I;L;M;V,differs_from_consensus,True,True,scaffold_differs_from_msa_consensus,0.030650462336038485,buried_core,False,False,False,False,16.611552431449763,True,True,unassigned_manual_review,,not_annotated_no_domain_boundaries,,True,False
6IV9,A,VI-D,binary,811,812,N,763.0,N,812.0,,ASN,True,2886.0,2887.0,four_layer_exact,high,0.967032967032967,0.2367491166077738,2.1489935970760325,0.0329670329670329,E,A;D;E;K;N;S,differs_from_consensus,True,True,scaffold_differs_from_msa_consensus,0.49026934525392835,surface,False,False,False,False,18.11403495737406,True,False,unassigned_manual_review,,not_annotated_no_domain_boundaries,,True,False
6IV9,A,VI-D,binary,815,816,S,767.0,S,816.0,,SER,True,2903.0,2904.0,four_layer_exact,high,0.934065934065934,0.1845018450184501,2.3924975417138663,0.0659340659340659,K,D;E;K;N;Q;S,differs_from_consensus,True,True,scaffold_differs_from_msa_consensus,0.09677694410889087,buried_core,False,False,False,False,20.700454660496057,True,True,unassigned_manual_review,,not_annotated_no_domain_boundaries,,True,False
6IV9,A,VI-D,binary,816,817,S,768.0,S,817.0,,SER,True,2904.0,2905.0,four_layer_exact,high,0.912087912087912,0.1444866920152091,2.714515138638037,0.0879120879120879,I,A;G;I;L;N;S;T;W;Y,differs_from_consensus,True,True,scaffold_differs_from_msa_consensus,0.30954262401534016,surface,False,False,False,False,21.238381025249307,True,False,unassigned_manual_review,,not_annotated_no_domain_boundaries,,True,False
6IV9,A,VI-D,binary,817,818,M,769.0,M,818.0,,MET,True,2927.0,2928.0,four_layer_exact,high,0.945054945054945,0.2608695652173913,2.1653032680391404,0.0549450549450549,L,A;F;I;L;M;S;T;V,differs_from_consensus,True,True,scaffold_differs_from_msa_consensus,0.021055683262653373,buried_core,False,False,False,False,18.4666609501986,True,True,unassigned_manual_review,,not_annotated_no_domain_boundaries,,True,False
6IV9,A,VI-D,binary,818,819,T,770.0,T,819.0,,THR,True,2928.0,2929.0,four_layer_exact,high,0.967032967032967,0.3028169014084507,1.9963040312387688,0.0329670329670329,I,F;I;L;V;Y,differs_from_consensus,True,True,scaffold_differs_from_msa_consensus,0.024917651722388846,buried_core,False,False,False,False,16.1658702112373,True,True,unassigned_manual_review,,not_annotated_no_domain_boundaries,,True,False
6IV9,A,VI-D,binary,820,821,K,772.0,K,821.0,,LYS,True,2941.0,2942.0,four_layer_exact,high,0.9945054945054944,0.1228668941979522,2.709728539248469,0.0054945054945054,A,A;D;E;K;L;N;Q;S;T;V,differs_from_consensus,True,True,scaffold_differs_from_msa_consensus,0.31918389670073094,surface,False,False,False,False,17.979198896794735,True,False,unassigned_manual_review,,not_annotated_no_domain_boundaries,,True,False
6IV9,A,VI-D,binary,822,823,R,774.0,A,823.0,,ALA,True,2943.0,2944.0,four_layer_literature_restored_substitution,high,0.9945054945054944,0.9863481228668942,0.0721777615461715,0.0054945054945054,R,R,matches_consensus,True,True,literature_confirmed_construct_substitution,0.043640569800527086,buried_core,False,False,False,False,14.4419352785313,True,True,HEPN2,,not_annotated_no_domain_boundaries,HEPN2_R,True,False
6IV9,A,VI-D,binary,824,825,C,776.0,C,825.0,,CYS,True,2945.0,2946.0,four_layer_exact,high,0.9945054945054944,0.1979522184300341,2.486413414557738,0.0054945054945054,N,A;C;I;K;N;Q;S;T,differs_from_consensus,True,True,scaffold_differs_from_msa_consensus,0.10016977581937087,buried_core,False,False,False,False,15.83925629310623,True,True,unassigned_manual_review,,not_annotated_no_domain_boundaries,,True,False
6IV9,A,VI-D,binary,825,826,I,777.0,I,826.0,,ILE,True,2946.0,2947.0,four_layer_exact,high,0.9945054945054944,0.5358361774744027,1.1687021341462314,0.0054945054945054,V,A;I;T;V,differs_from_consensus,True,True,scaffold_differs_from_msa_consensus,0.006130092467207697,buried_core,False,False,False,False,11.023986762473491,True,True,unassigned_manual_review,,not_annotated_no_domain_boundaries,,True,False
6IV9,A,VI-D,binary,829,830,T,781.0,T,830.0,,THR,True,2950.0,2951.0,four_layer_exact,high,0.9945054945054944,0.5460750853242321,1.51553409871928,0.0054945054945054,N,A;N;S;T,differs_from_consensus,True,True,scaffold_differs_from_msa_consensus,0.1473389420062988,buried_core,False,False,False,False,18.211690532580967,True,True,unassigned_manual_review,,not_annotated_no_domain_boundaries,,True,False
6IV9,A,VI-D,binary,830,831,V,782.0,V,831.0,,VAL,True,2951.0,2952.0,four_layer_exact,high,0.9945054945054944,0.4129692832764505,1.4208257338511148,0.0054945054945054,A,A;I;V,differs_from_consensus,True,True,scaffold_differs_from_msa_consensus,0.0,buried_core,False,False,False,False,15.522297445004984,True,True,unassigned_manual_review,,not_annotated_no_domain_boundaries,,True,False
6IV9,A,VI-D,binary,833,834,E,785.0,E,834.0,,GLU,True,2971.0,2972.0,four_layer_exact,high,0.9835164835164836,0.3806228373702422,2.102410568039889,0.0164835164835165,N,A;D;E;K;N;R;S,differs_from_consensus,True,True,scaffold_differs_from_msa_consensus,0.2522894440321536,surface,False,False,False,False,19.7422637741968,True,False,unassigned_manual_review,,not_annotated_no_domain_boundaries,,True,False
6IV9,A,VI-D,binary,834,835,L,786.0,L,835.0,,LEU,True,2972.0,2973.0,four_layer_exact,high,0.978021978021978,0.3310104529616725,1.93143586602138,0.021978021978022,A,A;C;F;I;L;M;V,differs_from_consensus,True,True,scaffold_differs_from_msa_consensus,0.01802430173193905,buried_core,False,False,False,False,14.227901931771678,True,True,unassigned_manual_review,,not_annotated_no_domain_boundaries,,True,False
6IV9,A,VI-D,binary,835,836,K,787.0,K,836.0,,LYS,True,2973.0,2974.0,four_layer_exact,high,0.978021978021978,0.2578397212543554,2.355268453829789,0.021978021978022,D,A;D;G;H;N;P;S,differs_from_consensus,True,True,scaffold_differs_from_msa_consensus,0.2669457602935055,surface,False,False,False,False,18.98831166970025,True,False,unassigned_manual_review,,not_annotated_no_domain_boundaries,,True,False
6IV9,A,VI-D,binary,836,837,E,788.0,E,837.0,,GLU,True,2974.0,2975.0,four_layer_exact,high,0.9835164835164836,0.3206459054209919,2.181501697909065,0.0164835164835165,K,D;E;K;L;N;R,differs_from_consensus,True,True,scaffold_differs_from_msa_consensus,0.39887441035408366,surface,False,False,False,False,21.524352185037657,True,False,unassigned_manual_review,,not_annotated_no_domain_boundaries,,True,False
6IV9,A,VI-D,binary,842,843,R,794.0,R,843.0,,ARG,True,2993.0,2994.0,four_layer_exact,high,0.9505494505494504,0.3032490974729241,2.110489159128578,0.0494505494505495,K,A;E;G;K;R;S;T,differs_from_consensus,True,True,scaffold_differs_from_msa_consensus,0.6060285410080741,surface,False,False,False,False,19.416158831321074,True,False,unassigned_manual_review,,not_annotated_no_domain_boundaries,,True,False
6IV9,A,VI-D,binary,843,844,T,795.0,T,844.0,,THR,True,3006.0,3007.0,four_layer_exact,high,0.9615384615384616,0.192170818505338,2.4255818223282586,0.0384615384615384,E,D;E;K;N;R;S;Y,differs_from_consensus,True,True,scaffold_differs_from_msa_consensus,0.2502803121497125,surface,False,False,False,False,16.330943408780573,True,False,unassigned_manual_review,,not_annotated_no_domain_boundaries,,True,False
6IV9,A,VI-D,binary,844,845,V,796.0,V,845.0,,VAL,True,3007.0,3008.0,four_layer_exact,high,0.989010989010989,0.3539518900343643,1.6060298236467747,0.0109890109890109,I,F;I;M;V,differs_from_consensus,True,True,scaffold_differs_from_msa_consensus,0.04926248386495266,buried_core,False,False,False,False,12.5379093268118,True,True,unassigned_manual_review,,not_annotated_no_domain_boundaries,,True,False
6IV9,A,VI-D,binary,849,850,S,801.0,S,850.0,,SER,True,3046.0,3047.0,four_layer_exact,high,0.9945054945054944,0.3412969283276451,1.7842046366484416,0.0054945054945054,E,A;D;E;G;Q;S,differs_from_consensus,True,True,scaffold_differs_from_msa_consensus,0.015582299561805372,buried_core,False,False,False,False,13.031501403371479,True,True,unassigned_manual_review,,not_annotated_no_domain_boundaries,,True,False
6IV9,A,VI-D,binary,850,851,I,802.0,I,851.0,,ILE,True,3047.0,3048.0,four_layer_exact,high,0.9945054945054944,0.6655290102389079,1.0945551553873465,0.0054945054945054,L,F;I;L;V,differs_from_consensus,True,True,scaffold_differs_from_msa_consensus,0.0,buried_core,False,False,False,False,11.160816421346901,True,True,unassigned_manual_review,,not_annotated_no_domain_boundaries,,True,False
6IV9,A,VI-D,binary,854,855,V,806.0,V,855.0,,VAL,True,3051.0,3052.0,four_layer_exact,high,0.9945054945054944,0.3686006825938566,1.602683868186286,0.0054945054945054,I,A;C;I;L;V,differs_from_consensus,True,True,scaffold_differs_from_msa_consensus,0.0,buried_core,False,False,False,False,17.25148811843806,True,True,unassigned_manual_review,,not_annotated_no_domain_boundaries,,True,False
6IV9,A,VI-D,binary,858,859,C,810.0,C,859.0,,CYS,True,3080.0,3081.0,four_layer_exact,high,0.9615384615384616,0.1067615658362989,2.7734581905670805,0.0384615384615384,H,A;H;I;L;M;Q;S;Y,differs_from_consensus,True,True,scaffold_differs_from_msa_consensus,0.11969626030406391,buried_core,False,False,False,False,21.41837231124672,True,True,unassigned_manual_review,,not_annotated_no_domain_boundaries,,True,False
6IV9,A,VI-D,binary,859,860,I,811.0,I,860.0,,ILE,True,3081.0,3082.0,four_layer_exact,high,0.989010989010989,0.5773195876288659,1.2142087209349026,0.0109890109890109,L,I;L;M;V,differs_from_consensus,True,True,scaffold_differs_from_msa_consensus,0.016316634884203863,buried_core,False,False,False,False,18.71077081503322,True,True,unassigned_manual_review,,not_annotated_no_domain_boundaries,,True,False
6IV9,A,VI-D,binary,860,861,T,812.0,T,861.0,,THR,True,3091.0,3092.0,four_layer_exact,high,0.8131868131868132,0.1746724890829694,2.4703232462616773,0.1868131868131868,L,A;F;I;L;M;Q;V;Y,differs_from_consensus,True,True,scaffold_differs_from_msa_consensus,0.01947992014049626,buried_core,False,False,False,False,23.623345287169705,True,True,unassigned_manual_review,,not_annotated_no_domain_boundaries,,True,False
6IV9,A,VI-D,binary,861,862,K,813.0,K,862.0,,LYS,True,3092.0,3093.0,four_layer_exact,high,0.7967032967032966,0.2690582959641255,2.1311032502971,0.2032967032967033,D,D;E;G;K;N;S,differs_from_consensus,False,True,scaffold_differs_from_msa_consensus,0.4419069123785633,surface,False,False,False,False,25.940921846707038,True,False,unassigned_manual_review,,not_annotated_no_domain_boundaries,,False,False
6IV9,A,VI-D,binary,862,863,R,814.0,R,863.0,,ARG,True,3093.0,3094.0,four_layer_exact,high,0.7307692307692307,0.2512562814070351,2.329051546329626,0.2692307692307693,K,E;K;N;Q;R;S,differs_from_consensus,False,True,scaffold_differs_from_msa_consensus,0.2847354754667891,surface,False,False,False,False,29.175113238553216,True,False,unassigned_manual_review,,not_annotated_no_domain_boundaries,,False,False
6IV9,A,VI-D,binary,863,864,G,815.0,G,864.0,,GLY,True,3094.0,3095.0,four_layer_exact,high,0.6538461538461539,0.1871345029239766,2.4048458984399383,0.3461538461538461,F,F;I;L;V;Y,differs_from_consensus,False,True,scaffold_differs_from_msa_consensus,0.26580302542151846,surface,False,False,False,False,30.26288605180132,True,False,unassigned_manual_review,,not_annotated_no_domain_boundaries,,False,False
6IV9,A,VI-D,binary,864,865,D,816.0,D,865.0,,ASP,True,3110.0,3111.0,four_layer_exact,high,0.5604395604395604,0.2028985507246377,2.321079322969002,0.4395604395604395,K,A;K;N;S;T,differs_from_consensus,False,True,scaffold_differs_from_msa_consensus,0.6680887497261768,surface,False,False,False,False,32.92664455891662,True,False,unassigned_manual_review,,not_annotated_no_domain_boundaries,,False,False
6IV9,A,VI-D,binary,866,867,T,818.0,T,867.0,,THR,True,3112.0,3113.0,four_layer_exact,high,0.6538461538461539,0.1962209302325581,2.5776045604077606,0.3461538461538461,K,E;H;K;N;P;R;S;Y,differs_from_consensus,False,True,scaffold_differs_from_msa_consensus,0.3891434563575089,surface,False,False,False,False,31.362620496290614,True,False,unassigned_manual_review,,not_annotated_no_domain_boundaries,,False,False
6IV9,A,VI-D,binary,867,868,K,819.0,K,868.0,,LYS,True,3113.0,3114.0,four_layer_exact,high,0.6538461538461539,0.1511627906976744,2.5844502358479784,0.3461538461538461,S,A;E;G;K;S;T,differs_from_consensus,False,True,scaffold_differs_from_msa_consensus,0.677941211370071,surface,False,False,False,False,33.54669010082064,True,False,unassigned_manual_review,,not_annotated_no_domain_boundaries,,False,False
6IV9,A,VI-D,binary,868,869,Q,820.0,Q,869.0,,GLN,True,3114.0,3115.0,four_layer_exact,high,0.6428571428571429,0.2731152204836415,2.4580433833576945,0.3571428571428571,K,E;K;N;S;Y,differs_from_consensus,False,True,scaffold_differs_from_msa_consensus,0.7304198451553384,surface,False,False,False,False,33.840966083262195,True,False,unassigned_manual_review,,not_annotated_no_domain_boundaries,,False,False
6IV9,A,VI-D,binary,870,871,E,822.0,E,871.0,,GLU,True,3166.0,3167.0,four_layer_exact,high,0.6593406593406593,0.296137339055794,2.3562313700238597,0.3406593406593406,K,A;F;I;K;L;R;V,differs_from_consensus,False,True,scaffold_differs_from_msa_consensus,0.7330511151816088,surface,False,False,False,False,28.223002953557625,True,False,unassigned_manual_review,,not_annotated_no_domain_boundaries,,False,False
6IV9,A,VI-D,binary,871,872,K,823.0,K,872.0,,LYS,True,3167.0,3168.0,four_layer_exact,high,0.8186813186813187,0.2401746724890829,2.3015612297799546,0.1813186813186813,L,I;K;L;S;T;V,differs_from_consensus,True,True,scaffold_differs_from_msa_consensus,0.29943307641894373,surface,False,False,False,False,28.644742156917296,True,False,unassigned_manual_review,,not_annotated_no_domain_boundaries,,True,False
6IV9,A,VI-D,binary,872,873,I,824.0,I,873.0,,ILE,True,3168.0,3169.0,four_layer_exact,high,0.934065934065934,0.1586715867158671,2.57940935691118,0.0659340659340659,K,A;D;E;K;L;N;Q,differs_from_consensus,True,True,scaffold_differs_from_msa_consensus,0.06743101713928466,buried_core,False,False,False,False,23.570419563747592,True,True,unassigned_manual_review,,not_annotated_no_domain_boundaries,,True,False
6IV9,A,VI-D,binary,873,874,K,825.0,K,874.0,,LYS,True,3169.0,3170.0,four_layer_exact,high,0.9505494505494504,0.2888086642599278,2.253735962896384,0.0494505494505495,E,D;E;G;K;P;Q;R,differs_from_consensus,True,True,scaffold_differs_from_msa_consensus,0.33096859646501053,surface,False,False,False,False,21.507179567632978,True,False,unassigned_manual_review,,not_annotated_no_domain_boundaries,,True,False
6IV9,A,VI-D,binary,875,876,E,827.0,E,876.0,,GLU,True,3171.0,3172.0,four_layer_exact,high,0.9725274725274724,0.2736842105263158,2.3840711075667165,0.0274725274725274,F,A;F;K;L;R;S;Y,differs_from_consensus,True,True,scaffold_differs_from_msa_consensus,0.04385336506072502,buried_core,False,False,False,False,24.30735629461191,True,True,unassigned_manual_review,,not_annotated_no_domain_boundaries,,True,False
6IV9,A,VI-D,binary,876,877,D,828.0,D,877.0,,ASP,True,3185.0,3186.0,four_layer_exact,high,0.9725274725274724,0.2280701754385964,2.121004101676971,0.0274725274725274,E,A;D;E;K;N;S,differs_from_consensus,True,True,scaffold_differs_from_msa_consensus,0.32561328428641767,surface,False,False,False,False,25.334827235036833,True,False,unassigned_manual_review,,not_annotated_no_domain_boundaries,,True,False
6IV9,A,VI-D,binary,877,878,D,829.0,D,878.0,,ASP,True,3186.0,3187.0,four_layer_exact,high,0.9725274725274724,0.175438596491228,2.509953448043905,0.0274725274725274,K,A;D;E;K;L;N;Q;S,differs_from_consensus,True,True,scaffold_differs_from_msa_consensus,0.23528386832417536,surface,False,False,False,False,21.779339292363147,True,False,unassigned_manual_review,,not_annotated_no_domain_boundaries,,True,False
6IV9,A,VI-D,binary,879,880,L,831.0,L,880.0,,LEU,True,3193.0,3194.0,four_layer_exact,high,0.9615384615384616,0.1708185053380783,2.4935338041618795,0.0384615384615384,E,D;E;K;L;N;R;S,differs_from_consensus,True,True,scaffold_differs_from_msa_consensus,0.24692055491472098,surface,False,False,False,False,24.91671480055651,True,False,unassigned_manual_review,,not_annotated_no_domain_boundaries,,True,False
6IV9,A,VI-D,binary,881,882,N,833.0,N,882.0,,ASN,True,3206.0,3207.0,four_layer_exact,high,0.912087912087912,0.4924242424242424,1.7660496347280823,0.0879120879120879,Y,F;H;N;Y,differs_from_consensus,True,True,scaffold_differs_from_msa_consensus,0.4171408014295052,surface,False,False,False,False,20.086923972779605,True,False,unassigned_manual_review,,not_annotated_no_domain_boundaries,,True,False
6IV9,A,VI-D,binary,882,883,H,834.0,H,883.0,,HIS,True,3213.0,3214.0,four_layer_exact,high,0.978021978021978,0.3484320557491289,1.8051593138252695,0.021978021978022,G,G;H;K;N;R,differs_from_consensus,True,True,scaffold_differs_from_msa_consensus,0.2647689408550426,surface,False,False,False,False,20.60123918723506,True,False,unassigned_manual_review,,not_annotated_no_domain_boundaries,,True,False
6IV9,A,VI-D,binary,883,884,G,835.0,G,884.0,,GLY,True,3214.0,3215.0,four_layer_exact,high,0.978021978021978,0.5470383275261324,1.7377392265940013,0.021978021978022,T,S;T,differs_from_consensus,True,True,scaffold_differs_from_msa_consensus,0.01161180976961458,buried_core,False,False,False,False,18.999367743715172,True,True,unassigned_manual_review,,not_annotated_no_domain_boundaries,,True,False
6IV9,A,VI-D,binary,885,886,T,837.0,T,886.0,,THR,True,3216.0,3217.0,four_layer_exact,high,0.989010989010989,0.3608247422680412,1.6287875860541623,0.0109890109890109,S,C;D;N;S;V,differs_from_consensus,True,True,scaffold_differs_from_msa_consensus,0.014042188558603678,buried_core,False,False,False,False,15.03498788839806,True,True,unassigned_manual_review,,not_annotated_no_domain_boundaries,,True,False
6IV9,A,VI-D,binary,894,895,S,846.0,S,895.0,,SER,True,3225.0,3226.0,four_layer_exact,high,0.9945054945054944,0.2798634812286689,1.9470579621542503,0.0054945054945054,V,A;I;L;S;T;V,differs_from_consensus,True,True,scaffold_differs_from_msa_consensus,0.0,buried_core,False,False,False,False,13.282982915040368,True,True,unassigned_manual_review,,not_annotated_no_domain_boundaries,,True,False
6IV9,A,VI-D,binary,897,898,G,849.0,G,898.0,,GLY,True,3271.0,3272.0,four_layer_exact,high,0.9945054945054944,0.5426621160409556,0.8563680260277136,0.0054945054945054,A,A;G,differs_from_consensus,True,True,scaffold_differs_from_msa_consensus,0.0,buried_core,False,False,False,False,9.73046396186235,True,True,unassigned_manual_review,,not_annotated_no_domain_boundaries,,True,False
6IV9,A,VI-D,binary,900,901,I,852.0,I,901.0,,ILE,True,3274.0,3275.0,four_layer_exact,high,0.9945054945054944,0.6484641638225256,1.366584549574924,0.0054945054945054,L,I;L;V,differs_from_consensus,True,True,scaffold_differs_from_msa_consensus,0.018390277401623092,buried_core,True,False,True,False,4.218612230056457,True,True,unassigned_manual_review,,not_annotated_no_domain_boundaries,,True,False
6IV9,A,VI-D,binary,903,904,F,855.0,F,904.0,,PHE,True,3282.0,3283.0,four_layer_exact,high,0.9945054945054944,0.7337883959044369,0.6111992156029766,0.0054945054945054,Y,F;Y,differs_from_consensus,True,True,scaffold_differs_from_msa_consensus,0.045286058101496864,buried_core,False,True,False,False,6.5364421648331525,True,True,unassigned_manual_review,,not_annotated_no_domain_boundaries,,True,False
6IV9,A,VI-D,binary,910,911,Q,862.0,Q,911.0,,GLN,True,3293.0,3294.0,four_layer_exact,high,0.9945054945054944,0.2116040955631399,2.1916698208890306,0.0054945054945054,E,A;D;E;G;K;Q,differs_from_consensus,True,True,scaffold_differs_from_msa_consensus,0.2843650708387665,surface,True,False,True,False,3.3600031554979917,True,False,unassigned_manual_review,,not_annotated_no_domain_boundaries,,True,False
6IV9,A,VI-D,binary,918,919,L,870.0,L,919.0,,LEU,True,3410.0,3411.0,four_layer_exact,high,0.5494505494505495,0.2487046632124352,2.1752514613789637,0.4505494505494505,K,A;I;K;L;N;Q;R;T,differs_from_consensus,False,True,scaffold_differs_from_msa_consensus,0.5449671073373068,surface,False,True,False,False,5.52152621087119,True,False,unassigned_manual_review,,not_annotated_no_domain_boundaries,,False,False
6IV9,A,VI-D,binary,919,920,T,871.0,T,920.0,,THR,True,3411.0,3412.0,four_layer_exact,high,0.7912087912087912,0.4106735159817352,2.0263891856972456,0.2087912087912088,P,A;E;K;P;T,differs_from_consensus,False,True,scaffold_differs_from_msa_consensus,0.7983258171669703,surface,False,True,False,False,6.9022098991354826,True,False,unassigned_manual_review,,not_annotated_no_domain_boundaries,,False,False
