pdb_id,chain_id,subtype,state,full_scaffold_index_0,biological_index_1,full_scaffold_amino_acid,coordinate_index_0,coordinate_amino_acid,pdb_residue_number,pdb_insertion_code,pdb_residue_name,backbone_complete,msa_column_0,msa_column_1,mapping_status,mapping_confidence,msa_coverage,conservation,entropy,gap_fraction,msa_consensus,allowed_residues,scaffold_consensus_status,conservation_constraint_eligible,manual_review_required,decision_reasons,relative_sasa,structural_burial,RNA_contact,RNA_second_shell,crrna_interface,target_rna_interface,minimum_rna_distance,coordinate_available,protein_core,domain,domain_interface,domain_interface_status,HEPN_annotation,mapping_gate_passed,chain_break_adjacent
9M30,A,VI-D,binary,0,1,M,,,,,,False,43,44,full_msa_only_unresolved_coordinate,medium,0.9065934065934066,0.9545920378399684,0.2411828238299522,0.0934065934065934,M,M,matches_consensus,False,True,unresolved_terminal,,,,,,,,False,False,unassigned_manual_review,,not_annotated_no_domain_boundaries,,False,False
9M30,A,VI-D,binary,1,2,K,,,,,,False,44,45,full_msa_only_unresolved_coordinate,medium,0.9065934065934066,0.257311785573512,2.090300057390328,0.0934065934065934,K,A;E;G;K;N;S;T,matches_consensus,False,True,unresolved_terminal,,,,,,,,False,False,unassigned_manual_review,,not_annotated_no_domain_boundaries,,False,False
9M30,A,VI-D,binary,2,3,K,,,,,,False,46,47,full_msa_only_unresolved_coordinate,medium,0.8571428571428571,0.6467303950596396,1.3013013479555542,0.1428571428571429,K,E;K;N,matches_consensus,False,True,unresolved_terminal,,,,,,,,False,False,unassigned_manual_review,,not_annotated_no_domain_boundaries,,False,False
9M30,A,VI-D,binary,3,4,Q,0.0,Q,4.0,,GLN,True,48,49,four_layer_exact,high,0.8461538461538461,0.6326425316020294,1.3574115577290655,0.1538461538461538,K,K;N,differs_from_consensus,True,True,scaffold_differs_from_msa_consensus,0.9252971658740583,surface,True,False,True,False,4.050191456463668,True,False,unassigned_manual_review,,not_annotated_no_domain_boundaries,,True,False
9M30,A,VI-D,binary,5,6,S,2.0,S,6.0,,SER,True,86,87,four_layer_exact,high,0.6923076923076923,0.3170060539350577,2.042154349993927,0.3076923076923077,N,K;N;S;T,differs_from_consensus,False,True,scaffold_differs_from_msa_consensus,0.47800495627067513,surface,False,True,False,False,5.484052909860398,True,False,unassigned_manual_review,,not_annotated_no_domain_boundaries,,False,False
9M30,A,VI-D,binary,8,9,T,5.0,T,9.0,,THR,True,248,249,four_layer_exact,high,0.945054945054945,0.7125102942277457,0.9071193515018484,0.0549450549450549,S,S;T,differs_from_consensus,True,True,scaffold_differs_from_msa_consensus,0.06318984851371655,buried_core,True,False,True,False,2.9138529778666604,True,True,unassigned_manual_review,,not_annotated_no_domain_boundaries,,True,False
9M30,A,VI-D,binary,9,10,V,6.0,V,10.0,,VAL,True,249,250,four_layer_exact,high,0.9505494505494504,0.2069426893629673,2.509394981641873,0.0494505494505495,K,A;K;L;N;R;S;T,differs_from_consensus,True,True,scaffold_differs_from_msa_consensus,0.39494694540775815,surface,True,False,True,False,3.3633737003446953,True,False,unassigned_manual_review,,not_annotated_no_domain_boundaries,,True,False
9M30,A,VI-D,binary,10,11,S,7.0,S,11.0,,SER,True,250,251,four_layer_exact,high,0.956043956043956,0.6693482913868182,1.2504246457891033,0.0439560439560439,A,A;S;V,differs_from_consensus,True,True,scaffold_differs_from_msa_consensus,0.0,buried_core,True,False,True,False,3.02845499585848,True,True,unassigned_manual_review,,not_annotated_no_domain_boundaries,,True,False
9M30,A,VI-D,binary,12,13,T,9.0,T,13.0,,THR,True,252,253,four_layer_exact,high,0.9615384615384616,0.6552583363869549,1.3528717150717957,0.0384615384615384,A,A;R,differs_from_consensus,True,True,scaffold_differs_from_msa_consensus,0.11460851465590349,buried_core,False,True,False,False,5.943092496213614,True,True,unassigned_manual_review,,not_annotated_no_domain_boundaries,,True,False
9M30,A,VI-D,binary,13,14,S,10.0,S,14.0,,SER,True,253,254,four_layer_exact,high,0.967032967032967,0.4271159304271887,1.7182799322688695,0.0329670329670329,A,A;I;L;M;S;V,differs_from_consensus,True,True,scaffold_differs_from_msa_consensus,0.2480919366841005,surface,False,True,False,False,7.821262050185019,True,False,unassigned_manual_review,,not_annotated_no_domain_boundaries,,True,False
9M30,A,VI-D,binary,17,18,E,14.0,E,18.0,,GLU,True,257,258,four_layer_exact,high,0.967032967032967,0.9091769157994324,0.4581478074836201,0.0329670329670329,S,S,differs_from_consensus,True,True,scaffold_differs_from_msa_consensus,0.047517110136344645,buried_core,True,False,True,False,2.7316405965895605,True,True,unassigned_manual_review,,not_annotated_no_domain_boundaries,,True,False
9M30,A,VI-D,binary,18,19,A,15.0,A,19.0,,ALA,True,258,259,four_layer_exact,high,0.967032967032967,0.3947310967178516,1.6992246664650792,0.0329670329670329,T,A;I;T;V,differs_from_consensus,True,True,scaffold_differs_from_msa_consensus,0.2573904425742975,surface,False,True,False,False,5.074799836662799,True,False,unassigned_manual_review,,not_annotated_no_domain_boundaries,,True,False
9M30,A,VI-D,binary,19,20,L,16.0,L,20.0,,LEU,True,259,260,four_layer_exact,high,0.967032967032967,0.5062950294738373,1.2498110704586254,0.0329670329670329,F,F;I;L,differs_from_consensus,True,True,scaffold_differs_from_msa_consensus,0.04205670404119111,buried_core,False,True,False,False,7.21181480617702,True,True,unassigned_manual_review,,not_annotated_no_domain_boundaries,,True,False
9M30,A,VI-D,binary,20,21,S,17.0,S,21.0,,SER,True,260,261,four_layer_exact,high,0.9725274725274724,0.3272385632723856,2.1121187202881275,0.0274725274725274,V,A;I;S;V,differs_from_consensus,True,True,scaffold_differs_from_msa_consensus,0.07867456026207427,buried_core,False,True,False,False,6.857379511211644,True,True,unassigned_manual_review,,not_annotated_no_domain_boundaries,,True,False
9M30,A,VI-D,binary,22,23,Q,19.0,Q,23.0,,GLN,True,262,263,four_layer_exact,high,0.9725274725274724,0.3304184433041844,1.801106335966163,0.0274725274725274,G,D;G;N;S,differs_from_consensus,True,True,scaffold_differs_from_msa_consensus,0.5531650440808353,surface,False,False,False,False,12.42005243731799,True,False,unassigned_manual_review,,not_annotated_no_domain_boundaries,,True,False
9M30,A,VI-D,binary,23,24,G,20.0,G,24.0,,GLY,True,267,268,four_layer_exact,high,0.9395604395604396,0.4560742025488273,1.6173802814414795,0.0604395604395604,D,D;E;G;K;N,differs_from_consensus,True,True,scaffold_differs_from_msa_consensus,0.3313005198598853,surface,False,False,False,False,13.433786847261533,True,False,unassigned_manual_review,,not_annotated_no_domain_boundaries,,True,False
9M30,A,VI-D,binary,24,25,T,21.0,T,25.0,,THR,True,274,275,four_layer_exact,high,0.956043956043956,0.3200236179791866,2.0036331809104624,0.0439560439560439,K,D;E;K;N;R;S;T,differs_from_consensus,True,True,scaffold_differs_from_msa_consensus,0.14971398605241268,buried_core,False,False,False,False,11.947534840654129,True,True,unassigned_manual_review,,not_annotated_no_domain_boundaries,,True,False
9M30,A,VI-D,binary,25,26,V,22.0,V,26.0,,VAL,True,280,281,four_layer_exact,high,0.9725274725274724,0.3989304039893039,1.648984130767411,0.0274725274725274,L,I;L;V,differs_from_consensus,True,True,scaffold_differs_from_msa_consensus,0.02082117613861925,buried_core,False,False,False,False,9.938608746766123,True,True,unassigned_manual_review,,not_annotated_no_domain_boundaries,,True,False
9M30,A,VI-D,binary,26,27,I,23.0,I,27.0,,ILE,True,281,282,four_layer_exact,high,0.9725274725274724,0.2671099226710992,1.7819001293843486,0.0274725274725274,L,A;I;L;V;Y,differs_from_consensus,True,True,scaffold_differs_from_msa_consensus,0.06743101713928466,buried_core,False,False,False,False,9.834297707435178,True,True,unassigned_manual_review,,not_annotated_no_domain_boundaries,,True,False
9M30,A,VI-D,binary,35,36,M,32.0,M,36.0,,MET,True,316,317,four_layer_exact,high,0.9725274725274724,0.2356724723567247,2.099879356735846,0.0274725274725274,D,A;D;E;K;N;S;T,differs_from_consensus,True,True,scaffold_differs_from_msa_consensus,0.2936976236071985,surface,False,True,False,False,7.592702431990721,True,False,unassigned_manual_review,,not_annotated_no_domain_boundaries,,True,False
9M30,A,VI-D,binary,37,38,N,34.0,N,38.0,,ASN,True,318,319,four_layer_exact,high,0.9725274725274724,0.3270217532702175,2.237269038976929,0.0274725274725274,V,A;E;I;K;L;N;V,differs_from_consensus,True,True,scaffold_differs_from_msa_consensus,0.3055457593964877,surface,False,False,False,False,9.357463955174987,True,False,unassigned_manual_review,,not_annotated_no_domain_boundaries,,True,False
9M30,A,VI-D,binary,39,40,S,36.0,S,40.0,,SER,True,320,321,four_layer_exact,high,0.978021978021978,0.655494150577765,1.3890713160628303,0.021978021978022,E,A;E;I;V,differs_from_consensus,True,True,scaffold_differs_from_msa_consensus,0.0,buried_core,False,False,False,False,13.189915473073876,True,True,unassigned_manual_review,,not_annotated_no_domain_boundaries,,True,False
9M30,A,VI-D,binary,40,41,Y,37.0,Y,41.0,,TYR,True,321,322,four_layer_exact,high,0.978021978021978,0.5133137156391301,1.8214920525862968,0.021978021978022,K,E;K;Q,differs_from_consensus,True,True,scaffold_differs_from_msa_consensus,0.09118101180726783,buried_core,False,False,False,False,14.04728368319717,True,True,unassigned_manual_review,,not_annotated_no_domain_boundaries,,True,False
9M30,A,VI-D,binary,44,45,S,41.0,S,45.0,,SER,True,326,327,four_layer_exact,high,0.956043956043956,0.1553283812605721,2.5513462977121204,0.0439560439560439,T,A;D;E;I;K;S;T;V,differs_from_consensus,True,True,scaffold_differs_from_msa_consensus,0.4366056563318598,surface,False,False,False,False,18.754722443979762,True,False,unassigned_manual_review,,not_annotated_no_domain_boundaries,,True,False
9M30,A,VI-D,binary,45,46,S,42.0,S,46.0,,SER,True,327,328,four_layer_exact,high,0.934065934065934,0.2322712480133202,2.352801991003843,0.0659340659340659,D,A;D;G;K;N;S;T,differs_from_consensus,True,True,scaffold_differs_from_msa_consensus,0.6151325974956321,surface,False,False,False,False,18.205737836394363,True,False,unassigned_manual_review,,not_annotated_no_domain_boundaries,,True,False
9M30,A,VI-D,binary,46,47,Q,43.0,Q,47.0,,GLN,True,328,329,four_layer_exact,high,0.934065934065934,0.1598425792779838,2.5857038994526658,0.0659340659340659,D,A;D;E;G;L;N;R;S,differs_from_consensus,True,True,scaffold_differs_from_msa_consensus,0.3403180926362621,surface,False,False,False,False,19.47276982707865,True,False,unassigned_manual_review,,not_annotated_no_domain_boundaries,,True,False
9M30,A,VI-D,binary,47,48,K,44.0,K,48.0,,LYS,True,329,330,four_layer_exact,high,0.9285714285714286,0.1756499199512083,2.452276521386664,0.0714285714285714,E,D;E;G;K;N;S,differs_from_consensus,True,True,scaffold_differs_from_msa_consensus,0.34758192413785755,surface,False,False,False,False,14.335450364846636,True,False,unassigned_manual_review,,not_annotated_no_domain_boundaries,,True,False
9M30,A,VI-D,binary,48,49,P,45.0,P,49.0,,PRO,True,338,339,four_layer_exact,high,0.8791208791208791,0.3775501843506759,1.7146131749936964,0.1208791208791209,I,I;L;V,differs_from_consensus,True,True,scaffold_differs_from_msa_consensus,0.571867548702269,surface,False,False,False,False,20.125978860880885,True,False,unassigned_manual_review,,not_annotated_no_domain_boundaries,,True,False
9M30,A,VI-D,binary,49,50,Q,46.0,Q,50.0,,GLN,True,339,340,four_layer_exact,high,0.8791208791208791,0.2593199508398197,2.3614232965510986,0.1208791208791209,E,D;E;K;S;T,differs_from_consensus,True,True,scaffold_differs_from_msa_consensus,0.21380417378217093,surface,False,False,False,False,16.263219802016536,True,False,unassigned_manual_review,,not_annotated_no_domain_boundaries,,True,False
9M30,A,VI-D,binary,50,51,N,47.0,N,51.0,,ASN,True,340,341,four_layer_exact,high,0.8736263736263736,0.1902716987364769,2.263293370502574,0.1263736263736263,D,D;E;K;N;P;S;T,differs_from_consensus,True,True,scaffold_differs_from_msa_consensus,0.41835432617329504,surface,False,False,False,False,17.79145109384229,True,False,unassigned_manual_review,,not_annotated_no_domain_boundaries,,True,False
9M30,A,VI-D,binary,51,52,L,48.0,L,52.0,,LEU,True,341,342,four_layer_exact,high,0.8241758241758241,0.2945309026233881,2.073156075079693,0.1758241758241758,I,I;K;L;M;V,differs_from_consensus,True,True,scaffold_differs_from_msa_consensus,0.4738945285090468,surface,False,False,False,False,19.31648500933781,True,False,unassigned_manual_review,,not_annotated_no_domain_boundaries,,True,False
9M30,A,VI-D,binary,53,54,S,50.0,S,54.0,,SER,True,355,356,four_layer_exact,high,0.8296703296703297,0.7319460365047173,1.1028045382233551,0.1703296703296702,P,E;P;S,differs_from_consensus,True,True,scaffold_differs_from_msa_consensus,0.33291607335804824,surface,False,False,False,False,17.716229829678042,True,False,unassigned_manual_review,,not_annotated_no_domain_boundaries,,True,False
9M30,A,VI-D,binary,54,55,S,51.0,S,55.0,,SER,True,356,357,four_layer_exact,high,0.3516483516483517,0.184,2.625716339612458,0.6483516483516483,E,A;E;H;K;P;R;Y,differs_from_consensus,False,True,scaffold_differs_from_msa_consensus,0.6296054892155867,surface,False,False,False,False,17.700674137926278,True,False,unassigned_manual_review,,not_annotated_no_domain_boundaries,,False,False
9M30,A,VI-D,binary,56,57,G,53.0,G,57.0,,GLY,True,367,368,four_layer_exact,high,0.967032967032967,0.216359799141256,2.4837791654927117,0.0329670329670329,A,A;K;M;N;Q;S;T,differs_from_consensus,True,True,scaffold_differs_from_msa_consensus,0.21014983239366195,surface,False,False,False,False,14.30837015630895,True,False,unassigned_manual_review,,not_annotated_no_domain_boundaries,,True,False
9M30,A,VI-D,binary,57,58,L,54.0,L,58.0,,LEU,True,368,369,four_layer_exact,high,0.967032967032967,0.6322683938577978,1.1105960048903276,0.0329670329670329,F,F;I;L;Y,differs_from_consensus,True,True,scaffold_differs_from_msa_consensus,0.0720081795060903,buried_core,False,False,False,False,10.501846788644691,True,True,unassigned_manual_review,,not_annotated_no_domain_boundaries,,True,False
9M30,A,VI-D,binary,59,60,N,56.0,N,60.0,,ASN,True,378,379,four_layer_exact,high,0.956043956043956,0.1948483282899106,2.2062077956123254,0.0439560439560439,S,D;E;K;N;R;S;T,differs_from_consensus,True,True,scaffold_differs_from_msa_consensus,0.5170226327484891,surface,False,False,False,False,14.152303595677441,True,False,unassigned_manual_review,,not_annotated_no_domain_boundaries,,True,False
9M30,A,VI-D,binary,61,62,E,58.0,E,62.0,,GLU,True,380,381,four_layer_exact,high,0.8736263736263736,0.1625237426707407,2.475165409379496,0.1263736263736263,T,A;D;E;K;N;S;T;V,differs_from_consensus,True,True,scaffold_differs_from_msa_consensus,0.37615215822581294,surface,False,False,False,False,12.529150742076672,True,False,unassigned_manual_review,,not_annotated_no_domain_boundaries,,True,False
9M30,A,VI-D,binary,62,63,V,59.0,V,63.0,,VAL,True,381,382,four_layer_exact,high,0.8626373626373627,0.1127800620961651,2.6742483123405223,0.1373626373626373,K,A;D;E;I;K;L;N;P;S,differs_from_consensus,True,True,scaffold_differs_from_msa_consensus,0.3021927583901538,surface,False,False,False,False,11.689194395572928,True,False,unassigned_manual_review,,not_annotated_no_domain_boundaries,,True,False
9M30,A,VI-D,binary,63,64,S,60.0,S,64.0,,SER,True,382,383,four_layer_exact,high,0.3461538461538461,0.1951219512195122,2.4119813689627168,0.6538461538461539,K,A;D;E;G;K;N;Q;S,differs_from_consensus,False,True,scaffold_differs_from_msa_consensus,0.4322131017519503,surface,False,True,False,False,7.968271437073396,True,False,unassigned_manual_review,,not_annotated_no_domain_boundaries,,False,False
9M30,A,VI-D,binary,64,65,G,61.0,G,65.0,,GLY,True,434,435,four_layer_exact,high,0.2197802197802197,0.25,2.1927438540629898,0.7802197802197802,D,D;E;G;K;P;S,differs_from_consensus,False,True,scaffold_differs_from_msa_consensus,0.5906963878948941,surface,False,True,False,False,7.319681065132066,True,False,unassigned_manual_review,,not_annotated_no_domain_boundaries,,False,False
9M30,A,VI-D,binary,68,69,K,65.0,K,69.0,,LYS,True,448,449,four_layer_exact,high,0.956043956043956,0.1485718503210568,2.639177815806229,0.0439560439560439,S,D;E;K;N;R;S;T,differs_from_consensus,True,True,scaffold_differs_from_msa_consensus,0.3066274300903306,surface,False,False,False,False,9.617215336381953,True,False,unassigned_manual_review,,not_annotated_no_domain_boundaries,,True,False
9M30,A,VI-D,binary,69,70,F,66.0,F,70.0,,PHE,True,450,451,four_layer_exact,high,0.9505494505494504,0.3139820114472608,1.5433007962640164,0.0494505494505495,I,F;I;L;V,differs_from_consensus,True,True,scaffold_differs_from_msa_consensus,0.0,buried_core,False,True,False,False,7.322198862040193,True,True,unassigned_manual_review,,not_annotated_no_domain_boundaries,,True,False
9M30,A,VI-D,binary,70,71,Q,67.0,Q,71.0,,GLN,True,455,456,four_layer_exact,high,0.912087912087912,0.2311097305272967,2.379220273785973,0.0879120879120879,K,E;K;Q;R;S;T,differs_from_consensus,True,True,scaffold_differs_from_msa_consensus,0.14413978953047174,buried_core,False,False,False,False,11.21906969534438,True,True,unassigned_manual_review,,not_annotated_no_domain_boundaries,,True,False
9M30,A,VI-D,binary,73,74,H,70.0,H,74.0,,HIS,True,472,473,four_layer_exact,high,0.5989010989010989,0.1826831588962892,2.6497855246336,0.4010989010989011,I,A;D;G;I;N;P;S;T;V,differs_from_consensus,False,True,scaffold_differs_from_msa_consensus,0.46526521570753676,surface,False,False,False,False,11.999570559690149,True,False,unassigned_manual_review,,not_annotated_no_domain_boundaries,,False,False
9M30,A,VI-D,binary,74,75,P,71.0,P,75.0,,PRO,True,473,474,four_layer_exact,high,0.6263736263736264,0.1224958530049763,2.621959926688242,0.3736263736263736,K,A;E;F;I;K;N;R;S,differs_from_consensus,False,True,scaffold_differs_from_msa_consensus,0.7237704689588623,surface,False,False,False,False,13.178978982625553,True,False,unassigned_manual_review,,not_annotated_no_domain_boundaries,,False,False
9M30,A,VI-D,binary,75,76,K,72.0,K,76.0,,LYS,True,474,475,four_layer_exact,high,0.6098901098901099,0.1907537422175122,2.4125412516406386,0.39010989010989,N,A;D;E;G;K;N;S;V,differs_from_consensus,False,True,scaffold_differs_from_msa_consensus,0.5025184581542679,surface,False,False,False,False,8.7219761729555,True,False,unassigned_manual_review,,not_annotated_no_domain_boundaries,,False,False
9M30,A,VI-D,binary,77,78,A,74.0,A,78.0,,ALA,True,487,488,four_layer_exact,high,0.7307692307692307,0.1675392670157068,2.4884698344207945,0.2692307692307693,E,D;E;K;N;S;T,differs_from_consensus,False,True,scaffold_differs_from_msa_consensus,0.0,buried_core,False,True,False,False,6.028165491169382,True,True,unassigned_manual_review,,not_annotated_no_domain_boundaries,,False,False
9M30,A,VI-D,binary,79,80,T,76.0,T,80.0,,THR,True,490,491,four_layer_exact,high,0.9395604395604396,0.2316567378025789,2.22493623529721,0.0604395604395604,A,A;I;L;P;S;T;V,differs_from_consensus,True,True,scaffold_differs_from_msa_consensus,0.05221034749089158,buried_core,True,False,True,False,3.923499828048735,True,True,unassigned_manual_review,,not_annotated_no_domain_boundaries,,True,False
9M30,A,VI-D,binary,84,85,F,81.0,F,85.0,,PHE,True,496,497,four_layer_exact,high,0.532967032967033,0.5281701317251231,1.3384381343531648,0.467032967032967,H,H;Y,differs_from_consensus,False,True,scaffold_differs_from_msa_consensus,0.3639160192460446,surface,True,False,True,False,4.202994060986178,True,False,unassigned_manual_review,,not_annotated_no_domain_boundaries,,False,False
9M30,A,VI-D,binary,86,87,P,83.0,P,87.0,,PRO,True,534,535,four_layer_exact,high,0.8131868131868132,0.1780512078168823,2.5265393926374644,0.1868131868131868,K,A;E;K;N;P;Q;R;S;T,differs_from_consensus,True,True,scaffold_differs_from_msa_consensus,0.53977414462608,surface,True,False,True,False,4.082313003438626,True,False,unassigned_manual_review,,not_annotated_no_domain_boundaries,,True,False
9M30,A,VI-D,binary,87,88,Q,84.0,Q,88.0,,GLN,True,535,536,four_layer_exact,high,0.445054945054945,0.115138592750533,2.66069748312687,0.554945054945055,R,A;D;E;I;K;N;P;Q;R;S;T;V,differs_from_consensus,False,True,scaffold_differs_from_msa_consensus,0.2988478967476196,surface,False,True,False,False,6.996581714146128,True,False,unassigned_manual_review,,not_annotated_no_domain_boundaries,,False,False
9M30,A,VI-D,binary,88,89,P,85.0,P,89.0,,PRO,True,536,537,four_layer_exact,high,0.8901098901098901,0.2759538598047914,2.354539732809702,0.1098901098901099,V,A;I;L;P;S;T;V,differs_from_consensus,True,True,scaffold_differs_from_msa_consensus,0.4385805605210759,surface,False,True,False,False,5.72114949106436,True,False,unassigned_manual_review,,not_annotated_no_domain_boundaries,,True,False
9M30,A,VI-D,binary,90,91,M,87.0,M,91.0,,MET,True,538,539,four_layer_exact,high,0.8846153846153846,0.1482806275912527,2.433867761775832,0.1153846153846154,Q,A;D;E;K;M;Q;R;S;T,differs_from_consensus,True,True,scaffold_differs_from_msa_consensus,0.2510161702150028,surface,True,False,True,False,4.21894745621261,True,False,unassigned_manual_review,,not_annotated_no_domain_boundaries,,True,False
9M30,A,VI-D,binary,92,93,L,89.0,L,93.0,,LEU,True,555,556,four_layer_exact,high,0.9725274725274724,0.2636409626364095,2.1080298549867944,0.0274725274725274,Y,I;K;L;M;Q;Y,differs_from_consensus,True,True,scaffold_differs_from_msa_consensus,0.10157034755897149,buried_core,True,False,True,False,3.0672597404250923,True,True,unassigned_manual_review,,not_annotated_no_domain_boundaries,,True,False
9M30,A,VI-D,binary,94,95,C,91.0,C,95.0,,CYS,True,557,558,four_layer_exact,high,0.9725274725274724,0.4833417648334176,1.8605782609423995,0.0274725274725274,G,C;G;H;K;R,differs_from_consensus,True,True,scaffold_differs_from_msa_consensus,0.1267948299943405,buried_core,False,True,False,False,6.643345172511886,True,True,unassigned_manual_review,,not_annotated_no_domain_boundaries,,True,False
9M30,A,VI-D,binary,101,102,M,98.0,M,102.0,,MET,True,564,565,four_layer_exact,high,0.978021978021978,0.3764444125457546,1.8978953842065425,0.021978021978022,K,E;K;N;Q;R,differs_from_consensus,True,True,scaffold_differs_from_msa_consensus,0.4496323701639299,surface,False,False,False,False,13.406709856206104,True,False,unassigned_manual_review,,not_annotated_no_domain_boundaries,,True,False
9M30,A,VI-D,binary,102,103,H,99.0,H,103.0,,HIS,True,565,566,four_layer_exact,high,0.9725274725274724,0.2960179229601792,2.2327720619293143,0.0274725274725274,R,E;K;L;Q;R,differs_from_consensus,True,True,scaffold_differs_from_msa_consensus,0.33099062849993066,surface,False,False,False,False,14.887154974825,True,False,unassigned_manual_review,,not_annotated_no_domain_boundaries,,True,False
9M30,A,VI-D,binary,103,104,Y,100.0,Y,104.0,,TYR,True,566,567,four_layer_exact,high,0.9725274725274724,0.3964009539640095,1.3154595161030895,0.0274725274725274,F,F;I;V;Y,differs_from_consensus,True,True,scaffold_differs_from_msa_consensus,0.045331629112802745,buried_core,False,False,False,False,13.121156034949228,True,True,unassigned_manual_review,,not_annotated_no_domain_boundaries,,True,False
9M30,A,VI-D,binary,116,117,L,113.0,L,117.0,,LEU,True,598,599,four_layer_exact,high,0.9725274725274724,0.5064681650646816,1.0732635696041648,0.0274725274725274,I,I;L,differs_from_consensus,True,True,scaffold_differs_from_msa_consensus,0.012016201154626033,buried_core,False,True,False,False,6.449321869055935,True,True,unassigned_manual_review,,not_annotated_no_domain_boundaries,,True,False
9M30,A,VI-D,binary,119,120,Q,116.0,Q,120.0,,GLN,True,601,602,four_layer_exact,high,0.9725274725274724,0.7710486377104863,0.9327503258970568,0.0274725274725274,N,N;Q,differs_from_consensus,True,True,scaffold_differs_from_msa_consensus,0.04374353610858429,buried_core,True,False,True,False,2.975381047979139,True,True,unassigned_manual_review,,not_annotated_no_domain_boundaries,,True,False
9M30,A,VI-D,binary,130,131,H,127.0,H,131.0,,HIS,True,612,613,four_layer_exact,high,0.978021978021978,0.63638330088687,1.1764477779997191,0.021978021978022,Y,H;Y,differs_from_consensus,True,True,scaffold_differs_from_msa_consensus,0.04546613868039014,buried_core,False,False,False,False,9.188736713168542,True,True,unassigned_manual_review,,not_annotated_no_domain_boundaries,,True,False
9M30,A,VI-D,binary,131,132,V,128.0,V,132.0,,VAL,True,613,614,four_layer_exact,high,0.978021978021978,0.4083928185161151,1.5821683639735211,0.021978021978022,I,A;I;S;V,differs_from_consensus,True,True,scaffold_differs_from_msa_consensus,0.02082117613861925,buried_core,False,False,False,False,14.473287723279556,True,True,unassigned_manual_review,,not_annotated_no_domain_boundaries,,True,False
9M30,A,VI-D,binary,136,137,F,133.0,F,137.0,,PHE,True,618,619,four_layer_exact,high,0.978021978021978,0.6400605667315596,1.2786003477419858,0.021978021978022,Y,F;Y,differs_from_consensus,True,True,scaffold_differs_from_msa_consensus,0.055349626568496166,buried_core,False,False,False,False,16.438147634165553,True,True,unassigned_manual_review,,not_annotated_no_domain_boundaries,,True,False
9M30,A,VI-D,binary,137,138,T,134.0,T,138.0,,THR,True,619,620,four_layer_exact,high,0.978021978021978,0.3874107722258273,1.8668297053550893,0.021978021978022,A,A;I;M;S;T,differs_from_consensus,True,True,scaffold_differs_from_msa_consensus,0.026501014419798106,buried_core,False,False,False,False,15.633170543845663,True,True,unassigned_manual_review,,not_annotated_no_domain_boundaries,,True,False
9M30,A,VI-D,binary,139,140,D,136.0,D,140.0,,ASP,True,627,628,four_layer_exact,high,0.978021978021978,0.5293099718797317,1.5383120879550498,0.021978021978022,N,D;N;Y,differs_from_consensus,True,True,scaffold_differs_from_msa_consensus,0.35478236980075956,surface,False,False,False,False,22.202988113369184,True,False,unassigned_manual_review,,not_annotated_no_domain_boundaries,,True,False
9M30,A,VI-D,binary,141,142,V,138.0,V,142.0,,VAL,True,629,630,four_layer_exact,high,0.9835164835164836,0.6228373702422145,1.1990834743759282,0.0164835164835165,L,I;L;M;V,differs_from_consensus,True,True,scaffold_differs_from_msa_consensus,0.09012225457910382,buried_core,False,False,False,False,18.658448962224636,True,True,unassigned_manual_review,,not_annotated_no_domain_boundaries,,True,False
9M30,A,VI-D,binary,143,144,H,140.0,H,144.0,,HIS,True,631,632,four_layer_exact,high,0.9615384615384616,0.5195729537366548,1.7704840240886426,0.0384615384615384,R,D;G;N;R,differs_from_consensus,True,True,scaffold_differs_from_msa_consensus,0.4351557990164506,surface,False,False,False,False,23.569851046270315,True,False,unassigned_manual_review,,not_annotated_no_domain_boundaries,,True,False
9M30,A,VI-D,binary,144,145,P,141.0,P,145.0,,PRO,True,633,634,four_layer_exact,high,0.8956043956043956,0.1625806451612903,2.560474128027858,0.1043956043956043,D,A;D;E;G;K;N;R;S;T,differs_from_consensus,True,True,scaffold_differs_from_msa_consensus,0.946373845170054,surface,False,False,False,False,27.17451698010463,True,False,unassigned_manual_review,,not_annotated_no_domain_boundaries,,True,True
9M30,A,VI-D,binary,145,146,Q,,,,,,False,634,635,full_msa_only_unresolved_coordinate,medium,0.8956043956043956,0.2474870298313878,2.3402382182330475,0.1043956043956043,E,D;E;G;K;N;S,differs_from_consensus,False,True,unresolved_internal;scaffold_differs_from_msa_consensus,,,,,,,,False,False,unassigned_manual_review,,not_annotated_no_domain_boundaries,,False,False
9M30,A,VI-D,binary,146,147,K,,,,,,False,635,636,full_msa_only_unresolved_coordinate,medium,0.6703296703296703,0.1506591337099811,2.524932108101712,0.3296703296703297,D,A;D;E;G;I;N;R;S;T,differs_from_consensus,False,True,unresolved_internal;scaffold_differs_from_msa_consensus,,,,,,,,False,False,unassigned_manual_review,,not_annotated_no_domain_boundaries,,False,False
9M30,A,VI-D,binary,147,148,E,,,,,,False,636,637,full_msa_only_unresolved_coordinate,medium,0.6538461538461539,0.2962962962962963,2.4002029059513537,0.3461538461538461,D,D;E;K;N;S,differs_from_consensus,False,True,unresolved_internal;scaffold_differs_from_msa_consensus,,,,,,,,False,False,unassigned_manual_review,,not_annotated_no_domain_boundaries,,False,False
9M30,A,VI-D,binary,148,149,E,,,,,,False,637,638,full_msa_only_unresolved_coordinate,medium,0.6208791208791209,0.4591194968553459,1.914095276075878,0.3791208791208791,E,D;E;I;K;T;V,matches_consensus,False,True,unresolved_internal,,,,,,,,False,False,unassigned_manual_review,,not_annotated_no_domain_boundaries,,False,False
9M30,A,VI-D,binary,149,150,L,,,,,,False,665,666,full_msa_only_unresolved_coordinate,medium,0.1538461538461538,0.25,2.461778515219649,0.8461538461538461,L,E;K;L;N;S;T,matches_consensus,False,True,unresolved_internal,,,,,,,,False,False,unassigned_manual_review,,not_annotated_no_domain_boundaries,,False,False
9M30,A,VI-D,binary,150,151,T,,,,,,False,666,667,full_msa_only_unresolved_coordinate,medium,0.7967032967032966,0.1409691629955947,2.612920646123284,0.2032967032967033,D,D;E;G;K;N;P;S;T;Y,differs_from_consensus,False,True,unresolved_internal;scaffold_differs_from_msa_consensus,,,,,,,,False,False,unassigned_manual_review,,not_annotated_no_domain_boundaries,,False,False
9M30,A,VI-D,binary,151,152,E,,,,,,False,667,668,full_msa_only_unresolved_coordinate,medium,0.9615384615384616,0.192170818505338,2.5580005415999194,0.0384615384615384,E,D;E;G;K;N;S;T,matches_consensus,False,True,unresolved_internal,,,,,,,,False,False,unassigned_manual_review,,not_annotated_no_domain_boundaries,,False,False
9M30,A,VI-D,binary,152,153,D,,,,,,False,668,669,full_msa_only_unresolved_coordinate,medium,0.9835164835164836,0.944636678200692,0.2547406375754432,0.0164835164835165,D,D,matches_consensus,False,True,unresolved_internal,,,,,,,,False,False,unassigned_manual_review,,not_annotated_no_domain_boundaries,,False,False
9M30,A,VI-D,binary,153,154,F,,,,,,False,669,670,full_msa_only_unresolved_coordinate,medium,0.9835164835164836,0.3181228373702422,1.8410987589276655,0.0164835164835165,F,F;I;L;V;Y,matches_consensus,False,True,unresolved_internal,,,,,,,,False,False,unassigned_manual_review,,not_annotated_no_domain_boundaries,,False,False
9M30,A,VI-D,binary,154,155,I,,,,,,False,670,671,full_msa_only_unresolved_coordinate,medium,0.9835164835164836,0.5247981545559401,1.3844867958828906,0.0164835164835165,I,F;I;L;V,matches_consensus,False,True,unresolved_internal,,,,,,,,False,False,unassigned_manual_review,,not_annotated_no_domain_boundaries,,False,False
9M30,A,VI-D,binary,155,156,G,,,,,,False,671,672,full_msa_only_unresolved_coordinate,medium,0.0714285714285714,0.8461538461538461,0.4293230219306162,0.9285714285714286,G,G;S,matches_consensus,False,True,unresolved_internal,,,,,,,,False,False,unassigned_manual_review,,not_annotated_no_domain_boundaries,,False,False
9M30,A,VI-D,binary,156,157,A,,,,,,False,674,675,full_msa_only_unresolved_coordinate,medium,0.0714285714285714,0.3076923076923077,1.6715952780212544,0.9285714285714286,M,A;D;F;I;M;N,differs_from_consensus,False,True,unresolved_internal;scaffold_differs_from_msa_consensus,,,,,,,,False,False,unassigned_manual_review,,not_annotated_no_domain_boundaries,,False,False
9M30,A,VI-D,binary,157,158,G,,,,,,False,675,676,full_msa_only_unresolved_coordinate,medium,0.956043956043956,0.8924731182795699,0.5329649423499991,0.0439560439560439,G,G,matches_consensus,False,True,unresolved_internal,,,,,,,,False,False,unassigned_manual_review,,not_annotated_no_domain_boundaries,,False,False
9M30,A,VI-D,binary,158,159,G,,,,,,False,677,678,full_msa_only_unresolved_coordinate,medium,0.945054945054945,0.2382671480144404,2.31862657470561,0.0549450549450549,Y,G;M;N;S;T;Y,differs_from_consensus,False,True,unresolved_internal;scaffold_differs_from_msa_consensus,,,,,,,,False,False,unassigned_manual_review,,not_annotated_no_domain_boundaries,,False,False
9M30,A,VI-D,binary,159,160,W,,,,,,False,678,679,full_msa_only_unresolved_coordinate,medium,0.9505494505494504,0.4838709677419355,1.5113316420864789,0.0494505494505495,L,F;I;L;M,differs_from_consensus,False,True,unresolved_internal;scaffold_differs_from_msa_consensus,,,,,,,,False,False,unassigned_manual_review,,not_annotated_no_domain_boundaries,,False,False
9M30,A,VI-D,binary,160,161,R,,,,,,False,679,680,full_msa_only_unresolved_coordinate,medium,0.8406593406593407,0.3015167364016736,2.168871405821139,0.1593406593406593,S,G;K;N;P;R;S;T;Y,differs_from_consensus,False,True,unresolved_internal;scaffold_differs_from_msa_consensus,,,,,,,,False,False,unassigned_manual_review,,not_annotated_no_domain_boundaries,,False,False
9M30,A,VI-D,binary,161,162,I,,,,,,False,680,681,full_msa_only_unresolved_coordinate,medium,0.7802197802197802,0.3745199692780338,2.120855394358002,0.2197802197802197,T,A;F;L;S;T;V;Y,differs_from_consensus,False,True,unresolved_internal;scaffold_differs_from_msa_consensus,,,,,,,,False,False,unassigned_manual_review,,not_annotated_no_domain_boundaries,,False,False
9M30,A,VI-D,binary,162,163,N,,,,,,False,688,689,full_msa_only_unresolved_coordinate,medium,0.7252747252747253,0.123076923076923,2.685364474835372,0.2747252747252747,D,D;G;K;L;N;Q;R;S;T,differs_from_consensus,False,True,unresolved_internal;scaffold_differs_from_msa_consensus,,,,,,,,False,False,unassigned_manual_review,,not_annotated_no_domain_boundaries,,False,False
9M30,A,VI-D,binary,163,164,L,142.0,L,164.0,,LEU,True,689,690,four_layer_exact,high,0.7362637362637363,0.3922738693467337,2.1847113390248687,0.2637362637362637,N,D;I;K;N;V;Y,differs_from_consensus,False,True,scaffold_differs_from_msa_consensus,0.8129520878837898,surface,False,False,False,False,34.438643047310165,True,False,unassigned_manual_review,,not_annotated_no_domain_boundaries,,False,True
9M30,A,VI-D,binary,164,165,D,143.0,D,165.0,,ASP,True,690,691,four_layer_exact,high,0.7692307692307693,0.3679245283018867,1.9994576928039347,0.2307692307692307,T,D;K;P;S;T,differs_from_consensus,False,True,scaffold_differs_from_msa_consensus,0.5701618884005328,surface,False,False,False,False,32.87660206494026,True,False,unassigned_manual_review,,not_annotated_no_domain_boundaries,,False,False
9M30,A,VI-D,binary,166,167,Q,145.0,Q,167.0,,GLN,True,705,706,four_layer_exact,high,0.9175824175824177,0.2679245283018868,2.1500797832958343,0.0824175824175824,E,A;D;E;K;Q;S,differs_from_consensus,True,True,scaffold_differs_from_msa_consensus,0.5943404608401331,surface,False,False,False,False,36.24465080921469,True,False,unassigned_manual_review,,not_annotated_no_domain_boundaries,,True,False
9M30,A,VI-D,binary,167,168,T,146.0,T,168.0,,THR,True,706,707,four_layer_exact,high,0.9230769230769232,0.1423220973782771,2.474100316647014,0.0769230769230768,K,A;D;E;K;N;Q;S;T;V,differs_from_consensus,True,True,scaffold_differs_from_msa_consensus,0.39276512820474374,surface,False,False,False,False,37.857852330138506,True,False,unassigned_manual_review,,not_annotated_no_domain_boundaries,,True,False
9M30,A,VI-D,binary,168,169,L,147.0,L,169.0,,LEU,True,707,708,four_layer_exact,high,0.9230769230769232,0.4342228464419476,1.7561895836793948,0.0769230769230768,F,F;I;L;V;Y,differs_from_consensus,True,True,scaffold_differs_from_msa_consensus,0.12617011212357335,buried_core,False,False,False,False,32.22165806995842,True,True,unassigned_manual_review,,not_annotated_no_domain_boundaries,,True,False
9M30,A,VI-D,binary,169,170,R,148.0,R,170.0,,ARG,True,726,727,four_layer_exact,high,0.3461538461538461,0.1499219156689224,2.4575951719379603,0.6538461538461539,L,A;C;K;L;M;R;S;T,differs_from_consensus,False,True,scaffold_differs_from_msa_consensus,0.43891993559966325,surface,False,False,False,False,33.46658000684111,True,False,unassigned_manual_review,,not_annotated_no_domain_boundaries,,False,False
9M30,A,VI-D,binary,170,171,G,149.0,G,171.0,,GLY,True,727,728,four_layer_exact,high,0.3571428571428571,0.3712846347607053,1.7196090522880478,0.6428571428571428,D,D;E;N;S,differs_from_consensus,False,True,scaffold_differs_from_msa_consensus,0.6022013835142865,surface,False,False,False,False,37.600883153202986,True,False,unassigned_manual_review,,not_annotated_no_domain_boundaries,,False,False
9M30,A,VI-D,binary,171,172,Q,150.0,Q,172.0,,GLN,True,729,730,four_layer_exact,high,0.2857142857142857,0.6730401529636711,1.308589648316443,0.7142857142857143,P,A;K;P;S,differs_from_consensus,False,True,scaffold_differs_from_msa_consensus,0.4049554259873931,surface,False,False,False,False,37.81747972506154,True,False,unassigned_manual_review,,not_annotated_no_domain_boundaries,,False,False
9M30,A,VI-D,binary,172,173,T,151.0,T,173.0,,THR,True,730,731,four_layer_exact,high,0.2857142857142857,0.2045889101338432,2.313767979451839,0.7142857142857143,E,D;E;K;N;S;T,differs_from_consensus,False,True,scaffold_differs_from_msa_consensus,0.4514129643443121,surface,False,False,False,False,35.09694971977576,True,False,unassigned_manual_review,,not_annotated_no_domain_boundaries,,False,False
9M30,A,VI-D,binary,173,174,N,152.0,N,174.0,,ASN,True,761,762,four_layer_exact,high,0.7252747252747253,0.3163265306122449,2.216312346365829,0.2747252747252747,K,D;E;K;N;R;S,differs_from_consensus,False,True,scaffold_differs_from_msa_consensus,0.5468264550418804,surface,False,False,False,False,33.43858205885054,True,False,unassigned_manual_review,,not_annotated_no_domain_boundaries,,False,False
9M30,A,VI-D,binary,174,175,K,153.0,K,175.0,,LYS,True,762,763,four_layer_exact,high,0.7802197802197802,0.213953488372093,2.484878606258631,0.2197802197802197,S,A;I;K;L;N;Q;S;V,differs_from_consensus,False,True,scaffold_differs_from_msa_consensus,0.46437664798369976,surface,False,False,False,False,31.295393469861406,True,False,unassigned_manual_review,,not_annotated_no_domain_boundaries,,False,False
9M30,A,VI-D,binary,175,176,Y,154.0,Y,176.0,,TYR,True,763,764,four_layer_exact,high,0.7857142857142857,0.4128440366972477,1.8907203716128045,0.2142857142857143,K,K;R;Y,differs_from_consensus,False,True,scaffold_differs_from_msa_consensus,0.3369279999241386,surface,False,False,False,False,29.227430615618758,True,False,unassigned_manual_review,,not_annotated_no_domain_boundaries,,False,False
9M30,A,VI-D,binary,176,177,D,155.0,D,177.0,,ASP,True,764,765,four_layer_exact,high,0.8131868131868132,0.1938325991189427,2.164355216127221,0.1868131868131868,E,A;D;E;K;N;R;S,differs_from_consensus,True,True,scaffold_differs_from_msa_consensus,0.5130493617264847,surface,False,False,False,False,28.857028057704863,True,False,unassigned_manual_review,,not_annotated_no_domain_boundaries,,True,False
9M30,A,VI-D,binary,177,178,R,156.0,R,178.0,,ARG,True,765,766,four_layer_exact,high,0.7307692307692307,0.2081218274111675,2.5933707260581027,0.2692307692307693,K,A;D;E;F;K;L;N;S;T,differs_from_consensus,False,True,scaffold_differs_from_msa_consensus,0.48055273420903355,surface,False,False,False,False,27.20964204771955,True,False,unassigned_manual_review,,not_annotated_no_domain_boundaries,,False,False
9M30,A,VI-D,binary,179,180,K,158.0,K,180.0,,LYS,True,847,848,four_layer_exact,high,0.8791208791208791,0.272,2.3570440080535624,0.1208791208791209,E,D;E;K;L;Q,differs_from_consensus,True,True,scaffold_differs_from_msa_consensus,0.3173447870623862,surface,False,False,False,False,22.628873442615905,True,False,unassigned_manual_review,,not_annotated_no_domain_boundaries,,True,False
9M30,A,VI-D,binary,180,181,N,159.0,N,181.0,,ASN,True,848,849,four_layer_exact,high,0.8901098901098901,0.2125984251968504,2.259972308387499,0.1098901098901099,E,A;D;E;K;N;Q,differs_from_consensus,True,True,scaffold_differs_from_msa_consensus,0.4840241812732229,surface,False,False,False,False,22.415504625856663,True,False,unassigned_manual_review,,not_annotated_no_domain_boundaries,,True,False
9M30,A,VI-D,binary,181,182,Y,160.0,Y,182.0,,TYR,True,853,854,four_layer_exact,high,0.989010989010989,0.3931034482758621,1.7026153784520743,0.0109890109890109,L,F;I;L;V;Y,differs_from_consensus,True,True,scaffold_differs_from_msa_consensus,0.20759586917869122,surface,False,False,False,False,21.561796290087848,True,False,unassigned_manual_review,,not_annotated_no_domain_boundaries,,True,False
9M30,A,VI-D,binary,182,183,I,161.0,I,183.0,,ILE,True,854,855,four_layer_exact,high,0.9835164835164836,0.3819444444444444,1.902525130550066,0.0164835164835165,L,I;L;M;V;Y,differs_from_consensus,True,True,scaffold_differs_from_msa_consensus,0.012260184934415394,buried_core,False,False,False,False,19.59717912187113,True,True,unassigned_manual_review,,not_annotated_no_domain_boundaries,,True,False
9M30,A,VI-D,binary,184,185,R,163.0,R,185.0,,ARG,True,859,860,four_layer_exact,high,0.9725274725274724,0.2867132867132867,2.1543887797951977,0.0274725274725274,N,A;D;K;N;R;S;T,differs_from_consensus,True,True,scaffold_differs_from_msa_consensus,0.27166241411320574,surface,False,False,False,False,17.047700707984003,True,False,unassigned_manual_review,,not_annotated_no_domain_boundaries,,True,False
9M30,A,VI-D,binary,185,186,K,164.0,K,186.0,,LYS,True,866,867,four_layer_exact,high,0.956043956043956,0.1798561151079136,2.5536442431912896,0.0439560439560439,P,A;I;K;N;P;S;T,differs_from_consensus,True,True,scaffold_differs_from_msa_consensus,0.4312689471801771,surface,False,False,False,False,11.460997110729041,True,False,unassigned_manual_review,,not_annotated_no_domain_boundaries,,True,False
9M30,A,VI-D,binary,186,187,E,165.0,E,187.0,,GLU,True,867,868,four_layer_exact,high,0.9615384615384616,0.4357142857142857,1.832936178223712,0.0384615384615384,R,E;K;Q;R;S,differs_from_consensus,True,True,scaffold_differs_from_msa_consensus,0.2072950750602198,surface,False,False,False,False,15.596005811333725,True,False,unassigned_manual_review,,not_annotated_no_domain_boundaries,,True,False
9M30,A,VI-D,binary,188,189,L,167.0,L,189.0,,LEU,True,877,878,four_layer_exact,high,0.934065934065934,0.3823529411764705,2.197807917413664,0.0659340659340659,G,A;G;K;R;S;V,differs_from_consensus,True,True,scaffold_differs_from_msa_consensus,0.17541177923185208,buried_core,False,False,False,False,9.526827464515401,True,True,unassigned_manual_review,,not_annotated_no_domain_boundaries,,True,False
9M30,A,VI-D,binary,192,193,E,171.0,E,193.0,,GLU,True,901,902,four_layer_exact,high,0.9835164835164836,0.2083333333333333,2.408580112882473,0.0164835164835165,D,D;E;F;G;K;N;S;T,differs_from_consensus,True,True,scaffold_differs_from_msa_consensus,0.11549345501305841,buried_core,False,False,False,False,9.20971620204202,True,True,unassigned_manual_review,,not_annotated_no_domain_boundaries,,True,False
9M30,A,VI-D,binary,196,197,H,175.0,H,197.0,,HIS,True,905,906,four_layer_exact,high,0.6208791208791209,0.1727272727272727,2.608474249594354,0.3791208791208791,K,D;H;K;P;R;S;T;Y,differs_from_consensus,False,True,scaffold_differs_from_msa_consensus,0.31278436977408325,surface,False,False,False,False,10.986777022963352,True,False,unassigned_manual_review,,not_annotated_no_domain_boundaries,,False,False
9M30,A,VI-D,binary,198,199,N,177.0,N,199.0,,ASN,True,993,994,four_layer_exact,high,0.5164835164835165,0.1182795698924731,2.7355261193529987,0.4835164835164834,E,D;E;G;K;L;N;R;Y,differs_from_consensus,False,True,scaffold_differs_from_msa_consensus,0.3889822714856278,surface,False,False,False,False,8.118645639352117,True,False,unassigned_manual_review,,not_annotated_no_domain_boundaries,,False,False
9M30,A,VI-D,binary,199,200,E,178.0,E,200.0,,GLU,True,994,995,four_layer_exact,high,0.7252747252747253,0.1530612244897959,2.5439263886462906,0.2747252747252747,K,D;E;I;K;N;Q;T;V,differs_from_consensus,False,True,scaffold_differs_from_msa_consensus,0.6105240991165242,surface,False,False,False,False,12.817771946558572,True,False,unassigned_manual_review,,not_annotated_no_domain_boundaries,,False,False
9M30,A,VI-D,binary,200,201,R,179.0,R,201.0,,ARG,True,995,996,four_layer_exact,high,0.8296703296703297,0.2183908045977011,2.5145360363436486,0.1703296703296702,E,D;E;K;L;N;P;Q;R,differs_from_consensus,True,True,scaffold_differs_from_msa_consensus,0.29732702468504346,surface,False,False,False,False,15.191096206802829,True,False,unassigned_manual_review,,not_annotated_no_domain_boundaries,,True,False
9M30,A,VI-D,binary,201,202,R,180.0,R,202.0,,ARG,True,996,997,four_layer_exact,high,0.9725274725274724,0.380281690140845,2.0447219024364927,0.0274725274725274,K,A;E;K;N;R,differs_from_consensus,True,True,scaffold_differs_from_msa_consensus,0.11576645099278902,buried_core,False,False,False,False,13.753938521232577,True,True,unassigned_manual_review,,not_annotated_no_domain_boundaries,,True,False
9M30,A,VI-D,binary,202,203,Y,181.0,Y,203.0,,TYR,True,997,998,four_layer_exact,high,0.967032967032967,0.2624113475177305,2.556186469552014,0.0329670329670329,S,D;E;N;S;T,differs_from_consensus,True,True,scaffold_differs_from_msa_consensus,0.6072550000862033,surface,False,False,False,False,21.43879037359026,True,False,unassigned_manual_review,,not_annotated_no_domain_boundaries,,True,False
9M30,A,VI-D,binary,204,205,E,183.0,E,205.0,,GLU,True,999,1000,four_layer_exact,high,0.912087912087912,0.3435114503816794,1.9206601311885951,0.0879120879120879,K,D;E;K;N;R,differs_from_consensus,True,True,scaffold_differs_from_msa_consensus,0.39308914635070885,surface,False,False,False,False,24.99030411355293,True,False,unassigned_manual_review,,not_annotated_no_domain_boundaries,,True,False
9M30,A,VI-D,binary,205,206,D,184.0,D,206.0,,ASP,True,1021,1022,four_layer_exact,high,0.9725274725274724,0.4223151408450704,2.004366578420314,0.0274725274725274,E,D;E;H;K;R;Y,differs_from_consensus,True,True,scaffold_differs_from_msa_consensus,0.172805175844153,buried_core,False,False,False,False,20.492505094974707,True,True,unassigned_manual_review,,not_annotated_no_domain_boundaries,,True,False
9M30,A,VI-D,binary,207,208,F,186.0,F,208.0,,PHE,True,1031,1032,four_layer_exact,high,0.9945054945054944,0.6643835616438356,1.2277374201348163,0.0054945054945054,Y,F;Y,differs_from_consensus,True,True,scaffold_differs_from_msa_consensus,0.1358581743044906,buried_core,False,False,False,False,25.459692661046834,True,True,unassigned_manual_review,,not_annotated_no_domain_boundaries,,True,False
9M30,A,VI-D,binary,208,209,A,187.0,A,209.0,,ALA,True,1032,1033,four_layer_exact,high,0.9945054945054944,0.2054794520547945,2.289840835448434,0.0054945054945054,N,D;H;K;N;S;Y,differs_from_consensus,True,True,scaffold_differs_from_msa_consensus,0.018722918078138237,buried_core,False,False,False,False,24.82439191824524,True,True,unassigned_manual_review,,not_annotated_no_domain_boundaries,,True,False
9M30,A,VI-D,binary,211,212,T,190.0,T,212.0,,THR,True,1035,1036,four_layer_exact,high,0.9945054945054944,0.3424657534246575,1.8198097162278748,0.0054945054945054,R,A;C;R;S,differs_from_consensus,True,True,scaffold_differs_from_msa_consensus,0.2558220815906449,surface,False,False,False,False,26.858434156784643,True,False,unassigned_manual_review,,not_annotated_no_domain_boundaries,,True,False
9M30,A,VI-D,binary,214,215,S,193.0,S,215.0,,SER,True,1038,1039,four_layer_exact,high,1.0,0.4419642857142857,1.2867105197612856,0.0,G,A;G;S,differs_from_consensus,True,True,scaffold_differs_from_msa_consensus,0.4093287679828967,surface,False,False,False,False,23.090253269266565,True,False,unassigned_manual_review,,not_annotated_no_domain_boundaries,,True,False
9M30,A,VI-D,binary,215,216,A,194.0,A,216.0,,ALA,True,1039,1040,four_layer_exact,high,1.0,0.1428571428571428,2.660033185241378,0.0,S,A;F;I;K;L;M;Q;S;T;Y,differs_from_consensus,True,True,scaffold_differs_from_msa_consensus,0.09361459039069119,buried_core,False,False,False,False,22.002200106605166,True,True,unassigned_manual_review,,not_annotated_no_domain_boundaries,,True,False
9M30,A,VI-D,binary,217,218,R,196.0,A,218.0,,ALA,True,1041,1042,four_layer_literature_restored_substitution,high,1.0,1.0,-0.0,0.0,R,R,matches_consensus,True,True,literature_confirmed_construct_substitution,0.13936631045443063,buried_core,False,False,False,False,18.361444189554216,True,True,HEPN1,,not_annotated_no_domain_boundaries,HEPN1_R,True,False
9M30,A,VI-D,binary,222,223,H,201.0,A,223.0,,ALA,True,1046,1047,four_layer_literature_restored_substitution,high,1.0,0.9931972789115646,0.0407280509323613,0.0,H,H,matches_consensus,True,True,literature_confirmed_construct_substitution,0.4474104291830502,surface,False,False,False,False,12.780201695313636,True,False,HEPN1,,not_annotated_no_domain_boundaries,HEPN1_H,True,True
9M30,A,VI-D,binary,223,224,S,,,,,,False,1047,1048,full_msa_only_unresolved_coordinate,medium,1.0,0.3197278911564626,2.187913418055878,0.0,G,D;E;F;G;S;Y,differs_from_consensus,False,True,unresolved_internal;scaffold_differs_from_msa_consensus,,,,,,,,False,False,unassigned_manual_review,,not_annotated_no_domain_boundaries,,False,False
9M30,A,VI-D,binary,224,225,D,,,,,,False,1049,1050,full_msa_only_unresolved_coordinate,medium,0.9285714285714286,0.1838235294117647,2.43337981865906,0.0714285714285714,K,D;E;G;K;N;S;T;Y,differs_from_consensus,False,True,unresolved_internal;scaffold_differs_from_msa_consensus,,,,,,,,False,False,unassigned_manual_review,,not_annotated_no_domain_boundaries,,False,False
9M30,A,VI-D,binary,225,226,L,,,,,,False,1050,1051,full_msa_only_unresolved_coordinate,medium,0.912087912087912,0.1753339694656488,2.61739589031574,0.0879120879120879,E,D;E;G;K;N;T;V,differs_from_consensus,False,True,unresolved_internal;scaffold_differs_from_msa_consensus,,,,,,,,False,False,unassigned_manual_review,,not_annotated_no_domain_boundaries,,False,False
9M30,A,VI-D,binary,226,227,S,,,,,,False,1051,1052,full_msa_only_unresolved_coordinate,medium,0.934065934065934,0.1753086419753086,2.555000334921787,0.0659340659340659,S,A;D;E;G;K;N;R;S;T,matches_consensus,False,True,unresolved_internal,,,,,,,,False,False,unassigned_manual_review,,not_annotated_no_domain_boundaries,,False,False
9M30,A,VI-D,binary,227,228,S,,,,,,False,1055,1056,full_msa_only_unresolved_coordinate,medium,0.8626373626373627,0.2254098360655737,2.519479610737625,0.1373626373626373,N,D;E;G;K;N;R;S;T,differs_from_consensus,False,True,unresolved_internal;scaffold_differs_from_msa_consensus,,,,,,,,False,False,unassigned_manual_review,,not_annotated_no_domain_boundaries,,False,False
9M30,A,VI-D,binary,228,229,D,,,,,,False,1056,1057,full_msa_only_unresolved_coordinate,medium,0.8131868131868132,0.168141592920354,2.4508894946563955,0.1868131868131868,R,A;D;K;N;R;S;T,differs_from_consensus,False,True,unresolved_internal;scaffold_differs_from_msa_consensus,,,,,,,,False,False,unassigned_manual_review,,not_annotated_no_domain_boundaries,,False,False
9M30,A,VI-D,binary,229,230,E,,,,,,False,1057,1058,full_msa_only_unresolved_coordinate,medium,0.521978021978022,0.1269841269841269,2.421662682717796,0.478021978021978,A,A;D;E;K;L;N;P;Q;S;T,differs_from_consensus,False,True,unresolved_internal;scaffold_differs_from_msa_consensus,,,,,,,,False,False,unassigned_manual_review,,not_annotated_no_domain_boundaries,,False,False
9M30,A,VI-D,binary,230,231,S,,,,,,False,1058,1059,full_msa_only_unresolved_coordinate,medium,0.2582417582417582,0.1521739130434782,2.626325626645996,0.7417582417582418,N,A;D;E;F;G;K;L;N;S;V,differs_from_consensus,False,True,unresolved_internal;scaffold_differs_from_msa_consensus,,,,,,,,False,False,unassigned_manual_review,,not_annotated_no_domain_boundaries,,False,False
9M30,A,VI-D,binary,231,232,D,,,,,,False,1069,1070,full_msa_only_unresolved_coordinate,medium,0.1923076923076923,0.2121212121212121,2.361930388083419,0.8076923076923077,D,D;E;G;H;K;N;R;T;V,matches_consensus,False,True,unresolved_internal,,,,,,,,False,False,unassigned_manual_review,,not_annotated_no_domain_boundaries,,False,False
9M30,A,VI-D,binary,232,233,H,,,,,,False,1070,1071,full_msa_only_unresolved_coordinate,medium,0.2142857142857142,0.2162162162162162,2.065754107628625,0.7857142857142857,D,D;E;G;H;K;Q;S,differs_from_consensus,False,True,unresolved_internal;scaffold_differs_from_msa_consensus,,,,,,,,False,False,unassigned_manual_review,,not_annotated_no_domain_boundaries,,False,False
9M30,A,VI-D,binary,233,234,V,202.0,V,234.0,,VAL,True,1072,1073,four_layer_exact,high,0.2857142857142857,0.1764705882352941,2.578844808230984,0.7142857142857143,I,D;I;K;L;N;Q;R;S;V,differs_from_consensus,False,True,scaffold_differs_from_msa_consensus,0.5611833456954318,surface,False,False,False,False,23.37768151847088,True,False,unassigned_manual_review,,not_annotated_no_domain_boundaries,,False,True
9M30,A,VI-D,binary,234,235,N,203.0,N,235.0,,ASN,True,1073,1074,four_layer_exact,high,0.3901098901098901,0.1764705882352941,2.429284477153144,0.6098901098901099,A,A;D;G;K;P;S;T,differs_from_consensus,False,True,scaffold_differs_from_msa_consensus,0.4869699963169336,surface,False,False,False,False,22.872456277019847,True,False,unassigned_manual_review,,not_annotated_no_domain_boundaries,,False,False
9M30,A,VI-D,binary,235,236,S,204.0,S,236.0,,SER,True,1074,1075,four_layer_exact,high,0.4065934065934066,0.1714285714285714,2.4148389702678728,0.5934065934065934,D,D;E;G;K;N;P;R;S,differs_from_consensus,False,True,scaffold_differs_from_msa_consensus,0.4500688604412903,surface,False,False,False,False,19.90764362955849,True,False,unassigned_manual_review,,not_annotated_no_domain_boundaries,,False,False
9M30,A,VI-D,binary,236,237,F,205.0,F,237.0,,PHE,True,1075,1076,four_layer_exact,high,0.6538461538461539,0.2142857142857142,2.3573451971064188,0.3461538461538461,T,A;F;N;S;T;Y,differs_from_consensus,False,True,scaffold_differs_from_msa_consensus,0.18114423240598745,buried_core,False,False,False,False,21.00077179842964,True,True,unassigned_manual_review,,not_annotated_no_domain_boundaries,,False,False
9M30,A,VI-D,binary,240,241,Q,209.0,Q,241.0,,GLN,True,1081,1082,four_layer_exact,high,0.945054945054945,0.3941605839416058,2.045662002332108,0.0549450549450549,N,D;K;N;Q;R;S,differs_from_consensus,True,True,scaffold_differs_from_msa_consensus,0.1773568958544278,buried_core,False,False,False,False,23.634260563480634,True,True,unassigned_manual_review,,not_annotated_no_domain_boundaries,,True,False
9M30,A,VI-D,binary,242,243,E,211.0,E,243.0,,GLU,True,1092,1093,four_layer_exact,high,0.9395604395604396,0.406934306569343,1.7487052880905518,0.0604395604395604,D,D;E;K;N;S,differs_from_consensus,True,True,scaffold_differs_from_msa_consensus,0.5941635298481945,surface,False,False,False,False,28.05371850654814,True,False,unassigned_manual_review,,not_annotated_no_domain_boundaries,,True,False
9M30,A,VI-D,binary,243,244,D,212.0,D,244.0,,ASP,True,1093,1094,four_layer_exact,high,0.9065934065934066,0.2366412213740458,2.340740778692264,0.0934065934065934,K,D;E;K;N;Q;S,differs_from_consensus,True,True,scaffold_differs_from_msa_consensus,0.5610825879655655,surface,False,False,False,False,28.816007716970667,True,False,unassigned_manual_review,,not_annotated_no_domain_boundaries,,True,False
9M30,A,VI-D,binary,244,245,Q,213.0,Q,245.0,,GLN,True,1099,1100,four_layer_exact,high,0.456043956043956,0.2131147540983606,2.715843952942517,0.543956043956044,K,D;E;F;K;Q;V,differs_from_consensus,False,True,scaffold_differs_from_msa_consensus,0.34215624547919454,surface,False,False,False,False,27.21083467162406,True,False,unassigned_manual_review,,not_annotated_no_domain_boundaries,,False,False
9M30,A,VI-D,binary,246,247,S,215.0,S,247.0,,SER,True,1113,1114,four_layer_exact,high,0.8846153846153846,0.164021164021164,2.621709658011768,0.1153846153846154,D,A;D;K;N;P;R;S,differs_from_consensus,True,True,scaffold_differs_from_msa_consensus,0.3995886146563862,surface,False,False,False,False,29.662420350013154,True,False,unassigned_manual_review,,not_annotated_no_domain_boundaries,,True,False
9M30,A,VI-D,binary,247,248,D,216.0,D,248.0,,ASP,True,1114,1115,four_layer_exact,high,0.956043956043956,0.1894484412470023,2.3583923331809755,0.0439560439560439,P,A;D;E;G;K;N;P;Q;S,differs_from_consensus,True,True,scaffold_differs_from_msa_consensus,0.6128459427337967,surface,False,False,False,False,28.554935263618503,True,False,unassigned_manual_review,,not_annotated_no_domain_boundaries,,True,False
9M30,A,VI-D,binary,249,250,F,218.0,F,250.0,,PHE,True,1124,1125,four_layer_exact,high,0.9230769230769232,0.2781954887218045,1.885466982305344,0.0769230769230768,L,A;F;I;L;V;Y,differs_from_consensus,True,True,scaffold_differs_from_msa_consensus,0.16101709547198884,buried_core,False,False,False,False,24.292966540401373,True,True,unassigned_manual_review,,not_annotated_no_domain_boundaries,,True,False
9M30,A,VI-D,binary,251,252,E,220.0,E,252.0,,GLU,True,1146,1147,four_layer_exact,high,0.9945054945054944,0.1986301369863013,2.326101214931983,0.0054945054945054,D,A;D;E;K;N;Q;S,differs_from_consensus,True,True,scaffold_differs_from_msa_consensus,0.4532076213442446,surface,False,False,False,False,21.469152107105735,True,False,unassigned_manual_review,,not_annotated_no_domain_boundaries,,True,False
9M30,A,VI-D,binary,254,255,S,223.0,S,255.0,,SER,True,1149,1150,four_layer_exact,high,1.0,0.54421768707483,1.492785903870701,0.0,D,D;E;N,differs_from_consensus,True,True,scaffold_differs_from_msa_consensus,0.2525999397269446,surface,False,False,False,False,17.19977639214099,True,False,unassigned_manual_review,,not_annotated_no_domain_boundaries,,True,False
9M30,A,VI-D,binary,255,256,I,224.0,I,256.0,,ILE,True,1150,1151,four_layer_exact,high,1.0,0.1428571428571428,2.5588674590066685,0.0,K,A;D;E;K;N;R;S;T;Y,differs_from_consensus,True,True,scaffold_differs_from_msa_consensus,0.45906572086810415,surface,False,False,False,False,14.854504481733663,True,False,unassigned_manual_review,,not_annotated_no_domain_boundaries,,True,False
9M30,A,VI-D,binary,257,258,W,226.0,W,258.0,,TRP,True,1152,1153,four_layer_exact,high,1.0,0.6530612244897959,1.1214409686467792,0.0,Y,F;Y,differs_from_consensus,True,True,scaffold_differs_from_msa_consensus,0.1051320202608677,buried_core,False,False,False,False,12.867254673363623,True,True,unassigned_manual_review,,not_annotated_no_domain_boundaries,,True,False
9M30,A,VI-D,binary,258,259,E,227.0,E,259.0,,GLU,True,1153,1154,four_layer_exact,high,1.0,0.1950113378684807,2.297177350744636,0.0,D,A;D;E;K;N;R;S,differs_from_consensus,True,True,scaffold_differs_from_msa_consensus,0.552256487095314,surface,False,False,False,False,12.329511678080596,True,False,unassigned_manual_review,,not_annotated_no_domain_boundaries,,True,False
9M30,A,VI-D,binary,260,261,V,229.0,V,261.0,,VAL,True,1155,1156,four_layer_exact,high,1.0,0.2789115646258503,2.155414520474483,0.0,R,A;G;K;R,differs_from_consensus,True,True,scaffold_differs_from_msa_consensus,0.020165774912611723,buried_core,False,True,False,False,7.668982229541802,True,True,unassigned_manual_review,,not_annotated_no_domain_boundaries,,True,False
9M30,A,VI-D,binary,261,262,T,230.0,T,262.0,,THR,True,1156,1157,four_layer_exact,high,1.0,0.3537414965986394,1.7471194004335109,0.0,I,F;I;L;V,differs_from_consensus,True,True,scaffold_differs_from_msa_consensus,0.07010690493397859,buried_core,False,False,False,False,8.786183743395103,True,True,unassigned_manual_review,,not_annotated_no_domain_boundaries,,True,False
9M30,A,VI-D,binary,262,263,E,231.0,E,263.0,,GLU,True,1157,1158,four_layer_exact,high,1.0,0.2018140589569161,2.2584787038230623,0.0,D,D;E;K;N;T,differs_from_consensus,True,True,scaffold_differs_from_msa_consensus,0.49704199597045373,surface,False,False,False,False,8.711380008828414,True,False,unassigned_manual_review,,not_annotated_no_domain_boundaries,,True,False
9M30,A,VI-D,binary,263,264,R,232.0,R,264.0,,ARG,True,1158,1159,four_layer_exact,high,1.0,0.2176870748299319,2.312275293531052,0.0,E,A;D;E;K;Q;R;S;T,differs_from_consensus,True,True,scaffold_differs_from_msa_consensus,0.2622791877282634,surface,True,False,True,False,3.9824076277981733,True,False,unassigned_manual_review,,not_annotated_no_domain_boundaries,,True,False
9M30,A,VI-D,binary,265,266,D,234.0,D,266.0,,ASP,True,1160,1161,four_layer_exact,high,0.989010989010989,0.7517241379310344,1.1115490089747386,0.0109890109890109,N,D;N,differs_from_consensus,True,True,scaffold_differs_from_msa_consensus,0.07499297451152409,buried_core,False,True,False,False,6.848481095780402,True,True,unassigned_manual_review,,not_annotated_no_domain_boundaries,,True,False
9M30,A,VI-D,binary,266,267,S,235.0,S,267.0,,SER,True,1161,1162,four_layer_exact,high,0.9835164835164836,0.2638888888888889,2.2512048529561555,0.0164835164835165,K,A;D;E;K;N;R;S,differs_from_consensus,True,True,scaffold_differs_from_msa_consensus,0.24645036331507125,surface,False,True,False,False,6.321116926882365,True,False,unassigned_manual_review,,not_annotated_no_domain_boundaries,,True,False
9M30,A,VI-D,binary,267,268,E,236.0,E,268.0,,GLU,True,1162,1163,four_layer_exact,high,0.9835164835164836,0.2523148148148147,1.895333690020296,0.0164835164835165,D,D;E;G;N;S,differs_from_consensus,True,True,scaffold_differs_from_msa_consensus,0.4794449634553965,surface,False,True,False,False,5.806474467693445,True,False,unassigned_manual_review,,not_annotated_no_domain_boundaries,,True,False
9M30,A,VI-D,binary,269,270,L,238.0,L,270.0,,LEU,True,1165,1166,four_layer_exact,high,0.9945054945054944,0.2671232876712329,2.2388035855694746,0.0054945054945054,I,A;F;I;L;V,differs_from_consensus,True,True,scaffold_differs_from_msa_consensus,0.17299009582017447,buried_core,False,False,False,False,8.092785940443873,True,True,unassigned_manual_review,,not_annotated_no_domain_boundaries,,True,False
9M30,A,VI-D,binary,271,272,T,240.0,T,272.0,,THR,True,1185,1186,four_layer_exact,high,1.0,0.4217687074829932,1.7103184593830911,0.0,N,H;K;N;Q;T,differs_from_consensus,True,True,scaffold_differs_from_msa_consensus,0.16048541135715805,buried_core,True,False,True,False,3.642017014376614,True,True,unassigned_manual_review,,not_annotated_no_domain_boundaries,,True,False
9M30,A,VI-D,binary,273,274,T,242.0,T,274.0,,THR,True,1205,1206,four_layer_exact,high,0.989010989010989,0.4758620689655172,1.9274362618765344,0.0109890109890109,K,A;K;R;S,differs_from_consensus,True,True,scaffold_differs_from_msa_consensus,0.05221034749089158,buried_core,False,True,False,False,6.410580579714333,True,True,unassigned_manual_review,,not_annotated_no_domain_boundaries,,True,False
9M30,A,VI-D,binary,277,278,H,246.0,H,278.0,,HIS,True,1210,1211,four_layer_exact,high,1.0,0.1972789115646258,2.6782287151563526,0.0,Y,A;K;L;N;Q;S;Y,differs_from_consensus,True,True,scaffold_differs_from_msa_consensus,0.1332715215532099,buried_core,False,False,False,False,9.733242877738252,True,True,unassigned_manual_review,,not_annotated_no_domain_boundaries,,True,False
9M30,A,VI-D,binary,280,281,C,249.0,C,281.0,,CYS,True,1213,1214,four_layer_exact,high,1.0,0.2789115646258503,2.4016508680885007,0.0,F,A;C;E;F;K;S,differs_from_consensus,True,True,scaffold_differs_from_msa_consensus,0.18175637267513603,buried_core,False,False,False,False,13.920005213610251,True,True,unassigned_manual_review,,not_annotated_no_domain_boundaries,,True,False
9M30,A,VI-D,binary,281,282,H,250.0,H,282.0,,HIS,True,1214,1215,four_layer_exact,high,1.0,0.2267573696145124,2.253763267631969,0.0,E,D;E;K;N;Q;R;S,differs_from_consensus,True,True,scaffold_differs_from_msa_consensus,0.43484427644492574,surface,False,False,False,False,14.99107627258055,True,False,unassigned_manual_review,,not_annotated_no_domain_boundaries,,True,False
9M30,A,VI-D,binary,282,283,V,251.0,V,283.0,,VAL,True,1219,1220,four_layer_exact,high,0.989010989010989,0.2850574712643677,1.7954617694267447,0.0109890109890109,I,A;I;L;V;Y,differs_from_consensus,True,True,scaffold_differs_from_msa_consensus,0.08933967301601649,buried_core,False,False,False,False,15.254563409862227,True,True,unassigned_manual_review,,not_annotated_no_domain_boundaries,,True,False
9M30,A,VI-D,binary,283,284,F,252.0,F,284.0,,PHE,True,1220,1221,four_layer_exact,high,0.9835164835164836,0.4025607638888889,1.4280767284554827,0.0164835164835165,Y,F;L;Y,differs_from_consensus,True,True,scaffold_differs_from_msa_consensus,0.1509535270049895,buried_core,False,False,False,False,15.913100003985111,True,True,unassigned_manual_review,,not_annotated_no_domain_boundaries,,True,False
9M30,A,VI-D,binary,284,285,P,253.0,P,285.0,,PRO,True,1238,1239,four_layer_exact,high,0.8076923076923077,0.1617647058823529,2.468053632903694,0.1923076923076923,D,D;E;G;K;N;P;R;S;T,differs_from_consensus,True,True,scaffold_differs_from_msa_consensus,0.6047048186918063,surface,False,False,False,False,20.307229382053748,True,False,unassigned_manual_review,,not_annotated_no_domain_boundaries,,True,False
9M30,A,VI-D,binary,285,286,K,254.0,K,286.0,,LYS,True,1239,1240,four_layer_exact,high,0.8406593406593407,0.2128851540616246,2.2749309544108747,0.1593406593406593,D,D;E;K;L;N;P;S,differs_from_consensus,True,True,scaffold_differs_from_msa_consensus,0.826700096293529,surface,False,False,False,False,22.529049085078892,True,False,unassigned_manual_review,,not_annotated_no_domain_boundaries,,True,False
9M30,A,VI-D,binary,287,288,S,256.0,S,288.0,,SER,True,1245,1246,four_layer_exact,high,0.9010989010989012,0.2248062015503876,2.230511985753227,0.0989010989010988,E,D;E;K;N;Q;S,differs_from_consensus,True,True,scaffold_differs_from_msa_consensus,0.43330061978692463,surface,False,False,False,False,18.04588694637787,True,False,unassigned_manual_review,,not_annotated_no_domain_boundaries,,True,False
9M30,A,VI-D,binary,289,290,E,258.0,E,290.0,,GLU,True,1247,1248,four_layer_exact,high,0.967032967032967,0.2907801418439716,2.215610866826668,0.0329670329670329,K,A;D;E;K;N,differs_from_consensus,True,True,scaffold_differs_from_msa_consensus,0.3580741661897082,surface,False,False,False,False,15.639744093497402,True,False,unassigned_manual_review,,not_annotated_no_domain_boundaries,,True,False
9M30,A,VI-D,binary,290,291,T,259.0,T,291.0,,THR,True,1248,1249,four_layer_exact,high,0.978021978021978,0.2657342657342657,2.210779940638721,0.021978021978022,E,A;D;E;K;N;Q;T,differs_from_consensus,True,True,scaffold_differs_from_msa_consensus,0.36399310759787157,surface,False,False,False,False,15.22490296314166,True,False,unassigned_manual_review,,not_annotated_no_domain_boundaries,,True,False
9M30,A,VI-D,binary,291,292,I,260.0,I,292.0,,ILE,True,1255,1256,four_layer_exact,high,1.0,0.5034013605442177,1.4518623197294174,0.0,L,I;L;V,differs_from_consensus,True,True,scaffold_differs_from_msa_consensus,0.006130092467207697,buried_core,False,False,False,False,12.090832552847521,True,True,unassigned_manual_review,,not_annotated_no_domain_boundaries,,True,False
9M30,A,VI-D,binary,292,293,V,261.0,V,293.0,,VAL,True,1256,1257,four_layer_exact,high,1.0,0.2993197278911564,1.9395287444864755,0.0,A,A;I;L;T;V,differs_from_consensus,True,True,scaffold_differs_from_msa_consensus,0.02082117613861925,buried_core,False,False,False,False,10.692677109110841,True,True,unassigned_manual_review,,not_annotated_no_domain_boundaries,,True,False
9M30,A,VI-D,binary,294,295,A,263.0,A,295.0,,ALA,True,1258,1259,four_layer_exact,high,1.0,0.3265306122448979,2.0622700135974417,0.0,E,A;D;E;K;L;Q,differs_from_consensus,True,True,scaffold_differs_from_msa_consensus,0.2278745707580358,surface,False,False,False,False,11.581411372810337,True,False,unassigned_manual_review,,not_annotated_no_domain_boundaries,,True,False
9M30,A,VI-D,binary,297,298,E,266.0,E,298.0,,GLU,True,1261,1262,four_layer_exact,high,1.0,0.3877551020408163,1.9020060843287692,0.0,D,D;E;K;N;R,differs_from_consensus,True,True,scaffold_differs_from_msa_consensus,0.3004974227950993,surface,False,False,False,False,10.242038197210274,True,False,unassigned_manual_review,,not_annotated_no_domain_boundaries,,True,False
9M30,A,VI-D,binary,299,300,L,268.0,L,300.0,,LEU,True,1263,1264,four_layer_exact,high,1.0,0.238095238095238,1.9716622477744783,0.0,I,A;I;L;S;T;V,differs_from_consensus,True,True,scaffold_differs_from_msa_consensus,0.030040502886565082,buried_core,True,False,True,False,3.67421773572094,True,True,unassigned_manual_review,,not_annotated_no_domain_boundaries,,True,False
9M30,A,VI-D,binary,300,301,I,269.0,I,301.0,,ILE,True,1264,1265,four_layer_exact,high,1.0,0.5238095238095238,1.256953151755419,0.0,V,I;V,differs_from_consensus,True,True,scaffold_differs_from_msa_consensus,0.04696709722024235,buried_core,False,True,False,False,5.065040659537632,True,True,unassigned_manual_review,,not_annotated_no_domain_boundaries,,True,False
9M30,A,VI-D,binary,301,302,K,270.0,K,302.0,,LYS,True,1265,1266,four_layer_exact,high,1.0,0.2312925170068027,2.29246263815805,0.0,L,K;L;R;T;V,differs_from_consensus,True,True,scaffold_differs_from_msa_consensus,0.24686336886843172,surface,False,False,False,False,8.924734523093857,True,False,unassigned_manual_review,,not_annotated_no_domain_boundaries,,True,False
9M30,A,VI-D,binary,303,304,S,272.0,S,304.0,,SER,True,1267,1268,four_layer_exact,high,1.0,0.3537414965986394,2.046123816334197,0.0,E,D;E;K;N;Q;S;T,differs_from_consensus,True,True,scaffold_differs_from_msa_consensus,0.4125845929990389,surface,False,False,False,False,8.080817926257641,True,False,unassigned_manual_review,,not_annotated_no_domain_boundaries,,True,False
9M30,A,VI-D,binary,304,305,F,273.0,F,305.0,,PHE,True,1268,1269,four_layer_exact,high,1.0,0.3333333333333333,2.0479296015683297,0.0,Y,D;G;H;N;Q;Y,differs_from_consensus,True,True,scaffold_differs_from_msa_consensus,0.11906070670427668,buried_core,False,True,False,False,5.375916155987667,True,True,unassigned_manual_review,,not_annotated_no_domain_boundaries,,True,False
9M30,A,VI-D,binary,307,308,M,276.0,M,308.0,,MET,True,1272,1273,four_layer_exact,high,1.0,0.4761904761904761,1.4215496408747057,0.0,L,I;L;M,differs_from_consensus,True,True,scaffold_differs_from_msa_consensus,0.15577497413034888,buried_core,True,False,True,False,3.6080984226716786,True,True,unassigned_manual_review,,not_annotated_no_domain_boundaries,,True,False
9M30,A,VI-D,binary,321,322,Q,290.0,Q,322.0,,GLN,True,1286,1287,four_layer_exact,high,0.9505494505494504,0.1857142857142857,2.6199475077964154,0.0494505494505495,L,D;E;I;K;L;N;Q;R;S,differs_from_consensus,True,True,scaffold_differs_from_msa_consensus,0.17776538667519856,buried_core,False,False,False,False,17.304610682769336,True,True,unassigned_manual_review,,not_annotated_no_domain_boundaries,,True,False
9M30,A,VI-D,binary,322,323,S,291.0,S,323.0,,SER,True,1294,1295,four_layer_exact,high,0.6648351648351648,0.2183908045977011,2.2766275839962757,0.3351648351648352,P,D;E;K;P;S;T,differs_from_consensus,False,True,scaffold_differs_from_msa_consensus,0.6228629422574331,surface,False,False,False,False,20.99336705347804,True,False,unassigned_manual_review,,not_annotated_no_domain_boundaries,,False,False
9M30,A,VI-D,binary,323,324,D,292.0,D,324.0,,ASP,True,1295,1296,four_layer_exact,high,0.7527472527472527,0.2721480582524271,2.300478646670668,0.2472527472527472,E,D;E;G;N;Q;Y,differs_from_consensus,False,True,scaffold_differs_from_msa_consensus,0.6603278113233313,surface,False,False,False,False,21.6790319018884,True,False,unassigned_manual_review,,not_annotated_no_domain_boundaries,,False,False
9M30,A,VI-D,binary,324,325,L,293.0,L,325.0,,LEU,True,1296,1297,four_layer_exact,high,0.7527472527472527,0.3689320388349514,2.0793457834291,0.2472527472527472,A,A;F;G;L;Y,differs_from_consensus,False,True,scaffold_differs_from_msa_consensus,0.0360486034638781,buried_core,False,False,False,False,17.87066957576179,True,True,unassigned_manual_review,,not_annotated_no_domain_boundaries,,False,False
9M30,A,VI-D,binary,325,326,K,294.0,K,326.0,,LYS,True,1297,1298,four_layer_exact,high,0.7637362637362637,0.2,2.495497538984417,0.2362637362637363,S,A;E;K;N;P;Q;S;T,differs_from_consensus,False,True,scaffold_differs_from_msa_consensus,0.5387524696267773,surface,False,False,False,False,17.298002395425605,True,False,unassigned_manual_review,,not_annotated_no_domain_boundaries,,False,False
9M30,A,VI-D,binary,326,327,S,295.0,S,327.0,,SER,True,1298,1299,four_layer_exact,high,0.5439560439560439,0.1354166666666666,2.80145769037482,0.4560439560439561,E,D;E;F;G;K;R;V;Y,differs_from_consensus,False,True,scaffold_differs_from_msa_consensus,0.3657222458506883,surface,False,False,False,False,15.113148218165628,True,False,unassigned_manual_review,,not_annotated_no_domain_boundaries,,False,False
9M30,A,VI-D,binary,327,328,F,296.0,F,328.0,,PHE,True,1304,1305,four_layer_exact,high,0.7692307692307693,0.437956204379562,1.5540738784102612,0.2307692307692307,L,F;I;L;V;Y,differs_from_consensus,False,True,scaffold_differs_from_msa_consensus,0.06038141080199581,buried_core,False,False,False,False,12.581219731979546,True,True,unassigned_manual_review,,not_annotated_no_domain_boundaries,,False,False
9M30,A,VI-D,binary,329,330,E,298.0,E,330.0,,GLU,True,1318,1319,four_layer_exact,high,0.9505494505494504,0.4364508393285372,1.726737219707108,0.0494505494505495,D,D;E;G;N;S,differs_from_consensus,True,True,scaffold_differs_from_msa_consensus,0.40864439722240264,surface,False,False,False,False,11.259218112665561,True,False,unassigned_manual_review,,not_annotated_no_domain_boundaries,,True,False
9M30,A,VI-D,binary,330,331,D,299.0,D,331.0,,ASP,True,1319,1320,four_layer_exact,high,0.9505494505494504,0.4170413669064748,1.9166068960674485,0.0494505494505495,K,D;E;K;N;Q;T,differs_from_consensus,True,True,scaffold_differs_from_msa_consensus,0.4241529677893794,surface,False,False,False,False,9.891004318121656,True,False,unassigned_manual_review,,not_annotated_no_domain_boundaries,,True,False
9M30,A,VI-D,binary,333,334,N,302.0,N,334.0,,ASN,True,1329,1330,four_layer_exact,high,0.989010989010989,0.7034482758620689,0.9771299884301744,0.0109890109890109,D,D;N;S,differs_from_consensus,True,True,scaffold_differs_from_msa_consensus,0.27862202036205513,surface,False,True,False,False,6.268489954422978,True,False,unassigned_manual_review,,not_annotated_no_domain_boundaries,,True,False
9M30,A,VI-D,binary,337,338,A,306.0,A,338.0,,ALA,True,1342,1343,four_layer_exact,high,1.0,0.4285714285714285,1.8646521770095157,0.0,S,G;H;N;Q;S,differs_from_consensus,True,True,scaffold_differs_from_msa_consensus,0.3668714883646397,surface,True,False,True,False,3.9061251726545807,True,False,unassigned_manual_review,,not_annotated_no_domain_boundaries,,True,False
9M30,A,VI-D,binary,343,344,F,312.0,F,344.0,,PHE,True,1348,1349,four_layer_exact,high,1.0,0.272108843537415,1.916129955052642,0.0,I,F;I;L;M;T,differs_from_consensus,True,True,scaffold_differs_from_msa_consensus,0.0,buried_core,False,False,False,False,11.276103544510535,True,True,unassigned_manual_review,,not_annotated_no_domain_boundaries,,True,False
9M30,A,VI-D,binary,348,349,T,317.0,T,349.0,,THR,True,1353,1354,four_layer_exact,high,1.0,0.4897959183673469,1.630093046751539,0.0,Y,F;V;W;Y,differs_from_consensus,True,True,scaffold_differs_from_msa_consensus,0.08346145000291744,buried_core,False,False,False,False,10.703455829565145,True,True,unassigned_manual_review,,not_annotated_no_domain_boundaries,,True,False
9M30,A,VI-D,binary,349,350,Y,318.0,Y,350.0,,TYR,True,1354,1355,four_layer_exact,high,0.9945054945054944,0.2330907534246575,2.197380744921965,0.0054945054945054,R,D;H;K;R;Y,differs_from_consensus,True,True,scaffold_differs_from_msa_consensus,0.13619900724435702,buried_core,False,False,False,False,14.212156423567926,True,True,unassigned_manual_review,,not_annotated_no_domain_boundaries,,True,False
9M30,A,VI-D,binary,352,353,D,321.0,D,353.0,,ASP,True,1357,1358,four_layer_exact,high,0.9725274725274724,0.1549295774647887,2.615096154671812,0.0274725274725274,K,E;I;K;L;N;R;S;T;V,differs_from_consensus,True,True,scaffold_differs_from_msa_consensus,0.5378924904345157,surface,False,False,False,False,12.477813068933644,True,False,unassigned_manual_review,,not_annotated_no_domain_boundaries,,True,False
9M30,A,VI-D,binary,353,354,H,322.0,H,354.0,,HIS,True,1364,1365,four_layer_exact,high,0.8406593406593407,0.2370233050847457,2.2794906108007345,0.1593406593406593,E,D;E;K;N;Q;S,differs_from_consensus,True,True,scaffold_differs_from_msa_consensus,0.5260573897489894,surface,False,False,False,False,16.52525623962845,True,False,unassigned_manual_review,,not_annotated_no_domain_boundaries,,True,False
9M30,A,VI-D,binary,354,355,H,323.0,H,355.0,,HIS,True,1378,1379,four_layer_exact,high,0.956043956043956,0.2568195443645084,2.1486389561885093,0.0439560439560439,N,D;E;H;K;N;R;S,differs_from_consensus,True,True,scaffold_differs_from_msa_consensus,0.3089167326183014,surface,False,False,False,False,15.165886158138795,True,False,unassigned_manual_review,,not_annotated_no_domain_boundaries,,True,False
9M30,A,VI-D,binary,355,356,A,324.0,A,356.0,,ALA,True,1379,1380,four_layer_exact,high,0.934065934065934,0.2,2.290201628033181,0.0659340659340659,P,A;D;E;K;N;P;Q;S,differs_from_consensus,True,True,scaffold_differs_from_msa_consensus,0.6820271987237296,surface,False,False,False,False,14.389913220957967,True,False,unassigned_manual_review,,not_annotated_no_domain_boundaries,,True,False
9M30,A,VI-D,binary,356,357,F,325.0,F,357.0,,PHE,True,1380,1381,four_layer_exact,high,0.8241758241758241,0.3046195652173913,2.126673938915689,0.1758241758241758,E,A;D;E;G;K;N;S,differs_from_consensus,True,True,scaffold_differs_from_msa_consensus,0.667234433755649,surface,False,False,False,False,13.729607442227179,True,False,unassigned_manual_review,,not_annotated_no_domain_boundaries,,True,False
9M30,A,VI-D,binary,357,358,E,326.0,E,358.0,,GLU,True,1382,1383,four_layer_exact,high,0.8186813186813187,0.2807017543859649,2.2104926532452183,0.1813186813186813,K,E;K;Q;R,differs_from_consensus,True,True,scaffold_differs_from_msa_consensus,0.3642606524297388,surface,False,False,False,False,11.466299314904914,True,False,unassigned_manual_review,,not_annotated_no_domain_boundaries,,True,False
9M30,A,VI-D,binary,358,359,K,327.0,K,359.0,,LYS,True,1439,1440,four_layer_exact,high,0.0439560439560439,0.125,2.079441541679836,0.956043956043956,A,A;G;I;K;R;S;T;V,differs_from_consensus,False,True,scaffold_differs_from_msa_consensus,0.2557416162021427,surface,False,False,False,False,8.824529143908057,True,False,unassigned_manual_review,,not_annotated_no_domain_boundaries,,False,False
9M30,A,VI-D,binary,359,360,E,328.0,E,360.0,,GLU,True,1443,1444,four_layer_exact,high,1.0,0.3013747165532879,2.0156646799666533,0.0,D,D;E;N;Q;S,differs_from_consensus,True,True,scaffold_differs_from_msa_consensus,0.5877216025409223,surface,False,False,False,False,9.039111324430769,True,False,unassigned_manual_review,,not_annotated_no_domain_boundaries,,True,False
9M30,A,VI-D,binary,360,361,A,329.0,A,361.0,,ALA,True,1444,1445,four_layer_exact,high,1.0,0.2517006802721088,2.345482959311957,0.0,E,A;D;E;K;N;Q;R;S,differs_from_consensus,True,True,scaffold_differs_from_msa_consensus,0.45149401256408844,surface,False,False,False,False,9.148523703154952,True,False,unassigned_manual_review,,not_annotated_no_domain_boundaries,,True,False
9M30,A,VI-D,binary,363,364,S,332.0,S,364.0,,SER,True,1447,1448,four_layer_exact,high,1.0,0.2312925170068027,2.2179089351191426,0.0,E,A;D;E;N;S,differs_from_consensus,True,True,scaffold_differs_from_msa_consensus,0.3752704174635548,surface,False,True,False,False,6.632425198175588,True,False,unassigned_manual_review,,not_annotated_no_domain_boundaries,,True,False
9M30,A,VI-D,binary,364,365,S,333.0,S,365.0,,SER,True,1448,1449,four_layer_exact,high,1.0,0.238095238095238,2.461115116554963,0.0,K,A;D;E;K;Q;R;S,differs_from_consensus,True,True,scaffold_differs_from_msa_consensus,0.3105639051161729,surface,False,True,False,False,7.14394167411175,True,False,unassigned_manual_review,,not_annotated_no_domain_boundaries,,True,False
9M30,A,VI-D,binary,367,368,S,336.0,S,368.0,,SER,True,1451,1452,four_layer_exact,high,1.0,0.3469387755102041,2.235741102985488,0.0,A,A;G;L;S,differs_from_consensus,True,True,scaffold_differs_from_msa_consensus,0.12882005414848352,buried_core,False,True,False,False,5.990413382583798,True,True,unassigned_manual_review,,not_annotated_no_domain_boundaries,,True,False
9M30,A,VI-D,binary,370,371,T,339.0,T,371.0,,THR,True,1463,1464,four_layer_exact,high,0.989010989010989,0.2344827586206896,2.1566729463705903,0.0109890109890109,S,D;G;N;S;T,differs_from_consensus,True,True,scaffold_differs_from_msa_consensus,0.4109737992249502,surface,False,True,False,False,6.421018243640133,True,False,unassigned_manual_review,,not_annotated_no_domain_boundaries,,True,False
9M30,A,VI-D,binary,373,374,N,342.0,N,374.0,,ASN,True,1481,1482,four_layer_exact,high,0.9615384615384616,0.3928571428571428,1.8100121644774785,0.0384615384615384,E,A;D;E;G;Q,differs_from_consensus,True,True,scaffold_differs_from_msa_consensus,0.2790759563344016,surface,False,False,False,False,8.881983168416108,True,False,unassigned_manual_review,,not_annotated_no_domain_boundaries,,True,False
9M30,A,VI-D,binary,376,377,E,345.0,E,377.0,,GLU,True,1493,1494,four_layer_exact,high,1.0,0.1632653061224489,2.56909334204242,0.0,A,A;D;E;K;N;Q;R;S,differs_from_consensus,True,True,scaffold_differs_from_msa_consensus,0.43152713824533556,surface,False,False,False,False,10.418900474584623,True,False,unassigned_manual_review,,not_annotated_no_domain_boundaries,,True,False
9M30,A,VI-D,binary,379,380,I,348.0,I,380.0,,ILE,True,1496,1497,four_layer_exact,high,1.0,0.1428571428571428,2.580951258992332,0.0,R,A;D;E;I;K;L;N;Q;R;S,differs_from_consensus,True,True,scaffold_differs_from_msa_consensus,0.28129303931908095,surface,False,False,False,False,10.565816318983527,True,False,unassigned_manual_review,,not_annotated_no_domain_boundaries,,True,False
9M30,A,VI-D,binary,380,381,K,349.0,K,381.0,,LYS,True,1497,1498,four_layer_exact,high,1.0,0.1496598639455782,2.369323817968326,0.0,E,A;D;E;K;N;Q;R;S,differs_from_consensus,True,True,scaffold_differs_from_msa_consensus,0.5873917785309828,surface,False,False,False,False,12.657468613247676,True,False,unassigned_manual_review,,not_annotated_no_domain_boundaries,,True,False
9M30,A,VI-D,binary,381,382,T,350.0,T,382.0,,THR,True,1498,1499,four_layer_exact,high,1.0,0.4217687074829932,1.9739928392220103,0.0,E,A;E;F;I;L;Y,differs_from_consensus,True,True,scaffold_differs_from_msa_consensus,0.13715112233217847,buried_core,False,False,False,False,10.451190970446078,True,True,unassigned_manual_review,,not_annotated_no_domain_boundaries,,True,False
9M30,A,VI-D,binary,383,384,R,352.0,R,384.0,,ARG,True,1504,1505,four_layer_exact,high,1.0,0.2131519274376417,2.3213737058840342,0.0,E,A;D;E;K;N;R;S,differs_from_consensus,True,True,scaffold_differs_from_msa_consensus,0.4780648221407228,surface,False,False,False,False,14.876340885902998,True,False,unassigned_manual_review,,not_annotated_no_domain_boundaries,,True,False
9M30,A,VI-D,binary,384,385,T,353.0,T,385.0,,THR,True,1505,1506,four_layer_exact,high,1.0,0.1972789115646258,2.625432333877093,0.0,R,A;D;E;I;K;R;S,differs_from_consensus,True,True,scaffold_differs_from_msa_consensus,0.5252702003037343,surface,False,False,False,False,15.749325947929158,True,False,unassigned_manual_review,,not_annotated_no_domain_boundaries,,True,False
9M30,A,VI-D,binary,386,387,A,355.0,A,387.0,,ALA,True,1512,1513,four_layer_exact,high,0.945054945054945,0.561815693430657,1.6265565502127437,0.0549450549450549,W,A;F;K;W;Y,differs_from_consensus,True,True,scaffold_differs_from_msa_consensus,0.13817201817743804,buried_core,False,False,False,False,17.757644953050857,True,True,unassigned_manual_review,,not_annotated_no_domain_boundaries,,True,False
9M30,A,VI-D,binary,387,388,S,356.0,S,388.0,,SER,True,1513,1514,four_layer_exact,high,0.934065934065934,0.1777777777777777,2.491302523823853,0.0659340659340659,N,A;D;E;K;N;P;S,differs_from_consensus,True,True,scaffold_differs_from_msa_consensus,0.657332577925979,surface,False,False,False,False,20.380974507435052,True,False,unassigned_manual_review,,not_annotated_no_domain_boundaries,,True,False
9M30,A,VI-D,binary,388,389,A,357.0,A,389.0,,ALA,True,1514,1515,four_layer_exact,high,0.9505494505494504,0.2028985507246377,2.4104156145397626,0.0494505494505495,K,A;D;E;K;R;S,differs_from_consensus,True,True,scaffold_differs_from_msa_consensus,0.5436368763870143,surface,False,False,False,False,20.31523603630941,True,False,unassigned_manual_review,,not_annotated_no_domain_boundaries,,True,False
9M30,A,VI-D,binary,390,391,G,359.0,G,391.0,,GLY,True,1559,1560,four_layer_exact,high,0.978021978021978,0.2587412587412587,2.078267806016698,0.021978021978022,K,E;G;K;R;S,differs_from_consensus,True,True,scaffold_differs_from_msa_consensus,0.0580590488480729,buried_core,False,False,False,False,20.783584200713538,True,True,unassigned_manual_review,,not_annotated_no_domain_boundaries,,True,False
9M30,A,VI-D,binary,391,392,A,360.0,A,392.0,,ALA,True,1560,1561,four_layer_exact,high,0.9725274725274724,0.2464788732394366,2.33707591369517,0.0274725274725274,D,D;E;G;K;N;S,differs_from_consensus,True,True,scaffold_differs_from_msa_consensus,0.5769071706051986,surface,False,False,False,False,20.468094116111665,True,False,unassigned_manual_review,,not_annotated_no_domain_boundaries,,True,False
9M30,A,VI-D,binary,392,393,D,361.0,D,393.0,,ASP,True,1612,1613,four_layer_exact,high,0.9615384615384616,0.15,2.6274251197114253,0.0384615384615384,K,A;D;I;K;L;P;Q;R;S;T;V,differs_from_consensus,True,True,scaffold_differs_from_msa_consensus,0.26718239558024753,surface,False,False,False,False,17.10812741776613,True,False,unassigned_manual_review,,not_annotated_no_domain_boundaries,,True,False
9M30,A,VI-D,binary,393,394,F,362.0,F,394.0,,PHE,True,1613,1614,four_layer_exact,high,0.9835164835164836,0.3125,1.6765038569311987,0.0164835164835165,I,F;I;L;V,differs_from_consensus,True,True,scaffold_differs_from_msa_consensus,0.010063568466999302,buried_core,False,False,False,False,15.529131966528684,True,True,unassigned_manual_review,,not_annotated_no_domain_boundaries,,True,False
9M30,A,VI-D,binary,394,395,K,363.0,K,395.0,,LYS,True,1615,1616,four_layer_exact,high,0.945054945054945,0.181159420289855,2.493729977501687,0.0549450549450549,N,A;D;E;K;L;N;Q;R,differs_from_consensus,True,True,scaffold_differs_from_msa_consensus,0.45106646537310335,surface,False,False,False,False,15.929063732794846,True,False,unassigned_manual_review,,not_annotated_no_domain_boundaries,,True,False
9M30,A,VI-D,binary,396,397,A,365.0,A,397.0,,ALA,True,1617,1618,four_layer_exact,high,0.945054945054945,0.2608695652173913,2.1771218718041907,0.0549450549450549,I,A;F;I;L;M;V,differs_from_consensus,True,True,scaffold_differs_from_msa_consensus,0.018722918078138237,buried_core,False,False,False,False,11.830613267949337,True,True,unassigned_manual_review,,not_annotated_no_domain_boundaries,,True,False
9M30,A,VI-D,binary,397,398,A,366.0,A,398.0,,ALA,True,1618,1619,four_layer_exact,high,0.8846153846153846,0.2047244094488189,2.4295383116632627,0.1153846153846154,L,A;C;I;K;L;V,differs_from_consensus,True,True,scaffold_differs_from_msa_consensus,0.09347587324530478,buried_core,False,False,False,False,11.317500299624362,True,True,unassigned_manual_review,,not_annotated_no_domain_boundaries,,True,False
9M30,A,VI-D,binary,398,399,A,367.0,A,399.0,,ALA,True,1619,1620,four_layer_exact,high,0.8736263736263736,0.24,2.27293731708002,0.1263736263736263,P,D;E;K;N;P;S,differs_from_consensus,True,True,scaffold_differs_from_msa_consensus,0.602939527590689,surface,False,False,False,False,12.449648256113488,True,False,unassigned_manual_review,,not_annotated_no_domain_boundaries,,True,False
9M30,A,VI-D,binary,399,400,D,368.0,D,400.0,,ASP,True,1620,1621,four_layer_exact,high,0.8571428571428571,0.1226946721311475,2.6848771729341925,0.1428571428571429,A,A;K;L;M;Q;R;S,differs_from_consensus,True,True,scaffold_differs_from_msa_consensus,0.08539063697861343,buried_core,False,False,False,False,9.248199834736901,True,True,unassigned_manual_review,,not_annotated_no_domain_boundaries,,True,False
9M30,A,VI-D,binary,400,401,V,369.0,V,401.0,,VAL,True,1621,1622,four_layer_exact,high,0.8571428571428571,0.221311475409836,1.9900906288311284,0.1428571428571429,L,F;I;L;M;V,differs_from_consensus,True,True,scaffold_differs_from_msa_consensus,0.06930107844048458,buried_core,False,True,False,False,7.189462434102772,True,True,unassigned_manual_review,,not_annotated_no_domain_boundaries,,True,False
9M30,A,VI-D,binary,402,403,A,371.0,A,403.0,,ALA,True,1643,1644,four_layer_exact,high,0.6868131868131868,0.5420138888888889,1.5542509616949942,0.3131868131868132,G,A;E;G;K,differs_from_consensus,False,True,scaffold_differs_from_msa_consensus,0.38522501359495115,surface,True,False,True,False,3.764368067166012,True,False,unassigned_manual_review,,not_annotated_no_domain_boundaries,,False,False
9M30,A,VI-D,binary,406,407,R,375.0,R,407.0,,ARG,True,1713,1714,four_layer_exact,high,0.9505494505494504,0.5434782608695652,1.6373027553552315,0.0494505494505495,K,E;K;Q;R;S,differs_from_consensus,True,True,scaffold_differs_from_msa_consensus,0.41228308236120587,surface,True,False,True,False,2.688322395310126,True,False,unassigned_manual_review,,not_annotated_no_domain_boundaries,,True,False
9M30,A,VI-D,binary,407,408,D,376.0,D,408.0,,ASP,True,1715,1716,four_layer_exact,high,0.9395604395604396,0.1985294117647058,2.2649299702020453,0.0604395604395604,E,D;E;G;K;N;Q,differs_from_consensus,True,True,scaffold_differs_from_msa_consensus,0.40345036053268696,surface,False,False,False,False,8.717378678170327,True,False,unassigned_manual_review,,not_annotated_no_domain_boundaries,,True,False
9M30,A,VI-D,binary,408,409,Y,377.0,Y,409.0,,TYR,True,1716,1717,four_layer_exact,high,0.9395604395604396,0.2867647058823529,2.259406732441456,0.0604395604395604,L,A;F;I;K;L;M;V;Y,differs_from_consensus,True,True,scaffold_differs_from_msa_consensus,0.12895045710108427,buried_core,False,False,False,False,8.008001322777053,True,True,unassigned_manual_review,,not_annotated_no_domain_boundaries,,True,False
9M30,A,VI-D,binary,409,410,Q,378.0,Q,410.0,,GLN,True,1717,1718,four_layer_exact,high,0.934065934065934,0.2298611111111111,2.4768306474043302,0.0659340659340659,K,D;E;K;N;Q;R;S;T,differs_from_consensus,True,True,scaffold_differs_from_msa_consensus,0.4094374873570506,surface,True,False,True,False,3.218739314692316,True,False,unassigned_manual_review,,not_annotated_no_domain_boundaries,,True,False
9M30,A,VI-D,binary,411,412,K,380.0,K,412.0,,LYS,True,1719,1720,four_layer_exact,high,0.7197802197802198,0.2346938775510204,2.2606185232570297,0.2802197802197802,D,D;E;K;N;R;S,differs_from_consensus,False,True,scaffold_differs_from_msa_consensus,0.310976406022228,surface,False,False,False,False,11.505804031696218,True,False,unassigned_manual_review,,not_annotated_no_domain_boundaries,,False,False
9M30,A,VI-D,binary,412,413,A,381.0,A,413.0,,ALA,True,1720,1721,four_layer_exact,high,0.6868131868131868,0.2282608695652173,2.501347899829055,0.3131868131868132,K,D;E;G;H;K;N;P;S,differs_from_consensus,False,True,scaffold_differs_from_msa_consensus,0.1674835159971964,buried_core,False,False,False,False,10.233634782834992,True,True,unassigned_manual_review,,not_annotated_no_domain_boundaries,,False,False
9M30,A,VI-D,binary,413,414,N,382.0,N,414.0,,ASN,True,1721,1722,four_layer_exact,high,0.6263736263736264,0.1481481481481481,2.7165792703980234,0.3736263736263736,D,D;E;I;K;L;S;T;V,differs_from_consensus,False,True,scaffold_differs_from_msa_consensus,0.7212329861820057,surface,False,False,False,False,13.387840810636407,True,False,unassigned_manual_review,,not_annotated_no_domain_boundaries,,False,False
9M30,A,VI-D,binary,414,415,D,383.0,D,415.0,,ASP,True,1722,1723,four_layer_exact,high,0.4230769230769231,0.2391304347826087,2.403212749310924,0.5769230769230769,S,D;E;I;K;S;V,differs_from_consensus,False,True,scaffold_differs_from_msa_consensus,0.5091381602611762,surface,False,False,False,False,14.89741233661975,True,False,unassigned_manual_review,,not_annotated_no_domain_boundaries,,False,False
9M30,A,VI-D,binary,415,416,Y,384.0,Y,416.0,,TYR,True,1779,1780,four_layer_exact,high,0.912087912087912,0.3435114503816794,1.9320333962666136,0.0879120879120879,F,F;I;L;V;Y,differs_from_consensus,True,True,scaffold_differs_from_msa_consensus,0.1743501261825366,buried_core,False,False,False,False,12.851972835348683,True,True,unassigned_manual_review,,not_annotated_no_domain_boundaries,,True,False
9M30,A,VI-D,binary,416,417,R,385.0,R,417.0,,ARG,True,1780,1781,four_layer_exact,high,0.934065934065934,0.2518518518518518,2.1702756729707864,0.0659340659340659,K,A;D;K;N;P;R;S;T,differs_from_consensus,True,True,scaffold_differs_from_msa_consensus,0.8226961144968622,surface,False,False,False,False,16.796984739896352,True,False,unassigned_manual_review,,not_annotated_no_domain_boundaries,,True,False
9M30,A,VI-D,binary,418,419,S,387.0,S,419.0,,SER,True,1800,1801,four_layer_exact,high,0.9065934065934066,0.1444711538461538,2.631169441935095,0.0934065934065934,K,A;D;E;K;M;Q;S;V,differs_from_consensus,True,True,scaffold_differs_from_msa_consensus,0.4860816464212796,surface,False,False,False,False,15.279485690492605,True,False,unassigned_manual_review,,not_annotated_no_domain_boundaries,,True,False
9M30,A,VI-D,binary,419,420,F,388.0,F,420.0,,PHE,True,1801,1802,four_layer_exact,high,0.9285714285714286,0.3507462686567164,1.6554692045209036,0.0714285714285714,L,F;I;L;V,differs_from_consensus,True,True,scaffold_differs_from_msa_consensus,0.020127136933998604,buried_core,False,False,False,False,11.202981277775864,True,True,unassigned_manual_review,,not_annotated_no_domain_boundaries,,True,False
9M30,A,VI-D,binary,420,421,E,389.0,E,421.0,,GLU,True,1817,1818,four_layer_exact,high,0.1043956043956044,0.2222222222222222,2.1390858946957136,0.8956043956043956,V,A;E;F;G;I;K;L;R;S;V,differs_from_consensus,False,True,scaffold_differs_from_msa_consensus,0.4132967155701644,surface,False,False,False,False,15.000931847797915,True,False,unassigned_manual_review,,not_annotated_no_domain_boundaries,,False,False
9M30,A,VI-D,binary,421,422,D,390.0,D,422.0,,ASP,True,1818,1819,four_layer_exact,high,0.9010989010989012,0.3023255813953488,2.0708367394739287,0.0989010989010988,E,D;E;N;P;S,differs_from_consensus,True,True,scaffold_differs_from_msa_consensus,0.5371962614138973,surface,False,False,False,False,17.44799158974093,True,False,unassigned_manual_review,,not_annotated_no_domain_boundaries,,True,False
9M30,A,VI-D,binary,425,426,G,394.0,G,426.0,,GLY,True,1854,1855,four_layer_exact,high,0.8846153846153846,0.2020997375328083,2.424667976800019,0.1153846153846154,S,E;G;I;K;L;N;S;T,differs_from_consensus,True,True,scaffold_differs_from_msa_consensus,0.41227168725253527,surface,False,False,False,False,13.043619067269894,True,False,unassigned_manual_review,,not_annotated_no_domain_boundaries,,True,False
9M30,A,VI-D,binary,426,427,N,395.0,N,427.0,,ASN,True,1855,1856,four_layer_exact,high,0.9065934065934066,0.2121212121212121,2.4640271150506643,0.0934065934065934,S,A;D;E;G;K;N;P;R;S;T,differs_from_consensus,True,True,scaffold_differs_from_msa_consensus,0.5246952075451333,surface,False,False,False,False,15.408533659048212,True,False,unassigned_manual_review,,not_annotated_no_domain_boundaries,,True,False
9M30,A,VI-D,binary,427,428,T,396.0,T,428.0,,THR,True,1856,1857,four_layer_exact,high,0.945054945054945,0.2302158273381295,2.310045202045129,0.0549450549450549,E,A;D;E;K;N;S,differs_from_consensus,True,True,scaffold_differs_from_msa_consensus,0.5022972674942118,surface,False,False,False,False,17.75065163268812,True,False,unassigned_manual_review,,not_annotated_no_domain_boundaries,,True,False
9M30,A,VI-D,binary,428,429,G,397.0,G,429.0,,GLY,True,1857,1858,four_layer_exact,high,0.967032967032967,0.3617021276595745,1.9119688492247584,0.0329670329670329,N,D;E;K;N;S,differs_from_consensus,True,True,scaffold_differs_from_msa_consensus,0.6505310407446785,surface,False,False,False,False,20.204023739393985,True,False,unassigned_manual_review,,not_annotated_no_domain_boundaries,,True,False
9M30,A,VI-D,binary,429,430,I,398.0,I,430.0,,ILE,True,1859,1860,four_layer_exact,high,0.978021978021978,0.3426573426573426,1.9582044525873452,0.021978021978022,A,A;I;T;V,differs_from_consensus,True,True,scaffold_differs_from_msa_consensus,0.19841342369823306,buried_core,False,False,False,False,17.730754781795003,True,True,unassigned_manual_review,,not_annotated_no_domain_boundaries,,True,False
9M30,A,VI-D,binary,430,431,G,399.0,G,431.0,,GLY,True,1866,1867,four_layer_exact,high,0.9945054945054944,0.3789954337899544,2.033045624361181,0.0054945054945054,S,D;H;N;S;T,differs_from_consensus,True,True,scaffold_differs_from_msa_consensus,0.29971398067680005,surface,False,False,False,False,20.904607996032777,True,False,unassigned_manual_review,,not_annotated_no_domain_boundaries,,True,False
9M30,A,VI-D,binary,434,435,E,403.0,E,435.0,,GLU,True,1870,1871,four_layer_exact,high,1.0,0.7278911564625851,1.172430109044073,0.0,K,E;K;Q,differs_from_consensus,True,True,scaffold_differs_from_msa_consensus,0.11714584822169002,buried_core,False,False,False,False,19.300879752280856,True,True,unassigned_manual_review,,not_annotated_no_domain_boundaries,,True,False
9M30,A,VI-D,binary,438,439,M,407.0,M,439.0,,MET,True,1874,1875,four_layer_exact,high,1.0,0.3537414965986394,1.6924165180236204,0.0,F,A;F;L;M;V,differs_from_consensus,True,True,scaffold_differs_from_msa_consensus,0.02705494713376479,buried_core,False,False,False,False,17.667656353931424,True,True,unassigned_manual_review,,not_annotated_no_domain_boundaries,,True,False
9M30,A,VI-D,binary,442,443,L,411.0,L,443.0,,LEU,True,1878,1879,four_layer_exact,high,1.0,0.9183673469387756,0.3416338748989142,0.0,F,F;L,differs_from_consensus,True,True,scaffold_differs_from_msa_consensus,0.057371171106917314,buried_core,False,False,False,False,14.03817538627654,True,True,unassigned_manual_review,,not_annotated_no_domain_boundaries,,True,False
9M30,A,VI-D,binary,463,464,I,432.0,I,464.0,,ILE,True,1899,1900,four_layer_exact,high,1.0,0.3469387755102041,2.0446377815591643,0.0,A,A;D;N;Q;R;S,differs_from_consensus,True,True,scaffold_differs_from_msa_consensus,0.036780554803246185,buried_core,False,False,False,False,9.188733610773598,True,True,unassigned_manual_review,,not_annotated_no_domain_boundaries,,True,False
9M30,A,VI-D,binary,468,469,I,437.0,I,469.0,,ILE,True,1904,1905,four_layer_exact,high,1.0,0.3741496598639456,1.562613437700859,0.0,V,I;L;T;V,differs_from_consensus,True,True,scaffold_differs_from_msa_consensus,0.030650462336038485,buried_core,False,True,False,False,6.510553812622911,True,True,unassigned_manual_review,,not_annotated_no_domain_boundaries,,True,False
9M30,A,VI-D,binary,471,472,K,440.0,K,472.0,,LYS,True,1924,1925,four_layer_exact,high,0.978021978021978,0.2307692307692307,2.266336114137132,0.021978021978022,E,D;E;K;Q;S,differs_from_consensus,True,True,scaffold_differs_from_msa_consensus,0.4774665996245462,surface,False,False,False,False,13.595553007034843,True,False,unassigned_manual_review,,not_annotated_no_domain_boundaries,,True,False
9M30,A,VI-D,binary,473,474,N,442.0,N,474.0,,ASN,True,1951,1952,four_layer_exact,high,0.956043956043956,0.4964028776978417,1.6967490771387137,0.0439560439560439,G,D;G;K;N;S,differs_from_consensus,True,True,scaffold_differs_from_msa_consensus,0.7366608160496438,surface,False,False,False,False,17.511846355241726,True,False,unassigned_manual_review,,not_annotated_no_domain_boundaries,,True,False
9M30,A,VI-D,binary,476,477,F,445.0,F,477.0,,PHE,True,1954,1955,four_layer_exact,high,0.956043956043956,0.1726618705035971,2.4325451488115584,0.0439560439560439,V,A;C;I;L;R;S;T;V,differs_from_consensus,True,True,scaffold_differs_from_msa_consensus,0.2973680809440726,surface,False,False,False,False,16.43090012186645,True,False,unassigned_manual_review,,not_annotated_no_domain_boundaries,,True,False
9M30,A,VI-D,binary,477,478,K,446.0,K,478.0,,LYS,True,1981,1982,four_layer_exact,high,0.9725274725274724,0.2394366197183098,2.4260502226502383,0.0274725274725274,E,D;E;K;N;S;T,differs_from_consensus,True,True,scaffold_differs_from_msa_consensus,0.5590116954451149,surface,False,False,False,False,18.526270090490605,True,False,unassigned_manual_review,,not_annotated_no_domain_boundaries,,True,False
9M30,A,VI-D,binary,479,480,K,448.0,K,480.0,,LYS,True,1995,1996,four_layer_exact,high,0.9615384615384616,0.2285714285714285,2.402960687402209,0.0384615384615384,T,A;E;K;Q;R;S;T;V,differs_from_consensus,True,True,scaffold_differs_from_msa_consensus,0.24647391787405276,surface,False,False,False,False,19.462557107101016,True,False,unassigned_manual_review,,not_annotated_no_domain_boundaries,,True,False
9M30,A,VI-D,binary,480,481,P,449.0,P,481.0,,PRO,True,2037,2038,four_layer_exact,high,1.0,0.2539682539682539,2.089227697560553,0.0,E,A;D;E;K;P,differs_from_consensus,True,True,scaffold_differs_from_msa_consensus,0.6698605809557066,surface,False,False,False,False,22.985378119591555,True,False,unassigned_manual_review,,not_annotated_no_domain_boundaries,,True,False
9M30,A,VI-D,binary,484,485,D,453.0,D,485.0,,ASP,True,2051,2052,four_layer_exact,high,0.9945054945054944,0.2157534246575342,2.177386161055365,0.0054945054945054,K,A;E;K;R;S,differs_from_consensus,True,True,scaffold_differs_from_msa_consensus,0.6393251087186514,surface,False,False,False,False,21.683658905585112,True,False,unassigned_manual_review,,not_annotated_no_domain_boundaries,,True,False
9M30,A,VI-D,binary,488,489,M,457.0,M,489.0,,MET,True,2055,2056,four_layer_exact,high,0.0549450549450549,0.1,2.302585092994045,0.945054945054945,A,A;D;K;M;N;Q;R;S;V;Y,differs_from_consensus,False,True,scaffold_differs_from_msa_consensus,0.10236122313493354,buried_core,False,False,False,False,13.516133189544137,True,True,unassigned_manual_review,,not_annotated_no_domain_boundaries,,False,False
9M30,A,VI-D,binary,489,490,T,458.0,T,490.0,,THR,True,2077,2078,four_layer_exact,high,0.9725274725274724,0.323943661971831,2.0774301339406964,0.0274725274725274,N,A;D;E;K;N;S,differs_from_consensus,True,True,scaffold_differs_from_msa_consensus,0.5007139047968026,surface,False,False,False,False,18.4998357668277,True,False,unassigned_manual_review,,not_annotated_no_domain_boundaries,,True,False
9M30,A,VI-D,binary,491,492,C,460.0,C,492.0,,CYS,True,2095,2096,four_layer_exact,high,1.0,0.6326530612244898,1.2508471240780406,0.0,S,A;C;S,differs_from_consensus,True,True,scaffold_differs_from_msa_consensus,0.023116102112162508,buried_core,False,False,False,False,14.603180057668643,True,True,unassigned_manual_review,,not_annotated_no_domain_boundaries,,True,False
9M30,A,VI-D,binary,492,493,R,461.0,R,493.0,,ARG,True,2096,2097,four_layer_exact,high,1.0,0.2108843537414966,2.222595186472575,0.0,G,A;D;E;G;K;R;S,differs_from_consensus,True,True,scaffold_differs_from_msa_consensus,0.519216108614764,surface,False,False,False,False,14.928111848610834,True,False,unassigned_manual_review,,not_annotated_no_domain_boundaries,,True,False
9M30,A,VI-D,binary,493,494,Y,462.0,Y,494.0,,TYR,True,2097,2098,four_layer_exact,high,1.0,0.27437641723356,2.271048763197599,0.0,K,D;E;K;N;Q;R;T,differs_from_consensus,True,True,scaffold_differs_from_msa_consensus,0.5720743227006986,surface,False,False,False,False,16.18972875787243,True,False,unassigned_manual_review,,not_annotated_no_domain_boundaries,,True,False
9M30,A,VI-D,binary,494,495,T,463.0,T,495.0,,THR,True,2098,2099,four_layer_exact,high,1.0,0.5782312925170068,1.424677957899505,0.0,I,I;V;Y,differs_from_consensus,True,True,scaffold_differs_from_msa_consensus,0.03737647758358327,buried_core,False,False,False,False,13.7943604568362,True,True,unassigned_manual_review,,not_annotated_no_domain_boundaries,,True,False
9M30,A,VI-D,binary,495,496,L,464.0,L,496.0,,LEU,True,2099,2100,four_layer_exact,high,1.0,0.5238095238095238,1.6623759917322187,0.0,A,A;C;S;V,differs_from_consensus,True,True,scaffold_differs_from_msa_consensus,0.09012150865969526,buried_core,False,False,False,False,9.824047037353122,True,True,unassigned_manual_review,,not_annotated_no_domain_boundaries,,True,False
9M30,A,VI-D,binary,500,501,V,469.0,V,501.0,,VAL,True,2108,2109,four_layer_exact,high,1.0,0.2857142857142857,2.142879178549894,0.0,I,A;E;F;I;L;T;V,differs_from_consensus,True,True,scaffold_differs_from_msa_consensus,0.1457482329703347,buried_core,False,False,False,False,9.843701558866691,True,True,unassigned_manual_review,,not_annotated_no_domain_boundaries,,True,False
9M30,A,VI-D,binary,502,503,N,471.0,N,503.0,,ASN,True,2110,2111,four_layer_exact,high,1.0,0.3877551020408163,1.5727945757315092,0.0,K,A;K;N,differs_from_consensus,True,True,scaffold_differs_from_msa_consensus,0.1305148407441442,buried_core,False,True,False,False,5.224769587288546,True,True,unassigned_manual_review,,not_annotated_no_domain_boundaries,,True,False
9M30,A,VI-D,binary,504,505,I,473.0,I,505.0,,ILE,True,2112,2113,four_layer_exact,high,1.0,0.3945578231292517,1.3194395583553464,0.0,F,F;I;L;V,differs_from_consensus,True,True,scaffold_differs_from_msa_consensus,0.02313794152388464,buried_core,False,True,False,False,7.524782148559959,True,True,unassigned_manual_review,,not_annotated_no_domain_boundaries,,True,False
9M30,A,VI-D,binary,508,509,Q,477.0,Q,509.0,,GLN,True,2116,2117,four_layer_exact,high,0.9285714285714286,0.2164179104477611,2.2640765960078166,0.0714285714285714,K,C;D;E;G;K;Q;S;T,differs_from_consensus,True,True,scaffold_differs_from_msa_consensus,0.3636669677431021,surface,True,False,True,False,3.479765575595215,True,False,unassigned_manual_review,,not_annotated_no_domain_boundaries,,True,False
9M30,A,VI-D,binary,511,512,S,480.0,S,512.0,,SER,True,2130,2131,four_layer_exact,high,0.967032967032967,0.3687943262411347,2.103087712439381,0.0329670329670329,D,A;D;E;N;S,differs_from_consensus,True,True,scaffold_differs_from_msa_consensus,0.6590677099510662,surface,False,True,False,False,5.760929402520841,True,False,unassigned_manual_review,,not_annotated_no_domain_boundaries,,True,False
9M30,A,VI-D,binary,513,514,D,482.0,D,514.0,,ASP,True,2148,2149,four_layer_exact,high,0.9835164835164836,0.201171875,2.26356625908991,0.0164835164835165,N,A;D;K;N;S,differs_from_consensus,True,True,scaffold_differs_from_msa_consensus,0.36649839429997094,surface,True,False,True,False,3.4611427706021614,True,False,unassigned_manual_review,,not_annotated_no_domain_boundaries,,True,False
9M30,A,VI-D,binary,515,516,R,484.0,R,516.0,,ARG,True,2150,2151,four_layer_exact,high,0.978021978021978,0.6153846153846154,1.5255126535790835,0.021978021978022,K,K;N;S,differs_from_consensus,True,True,scaffold_differs_from_msa_consensus,0.33369217501100695,surface,True,False,True,False,4.9257817681255185,True,False,unassigned_manual_review,,not_annotated_no_domain_boundaries,,True,False
9M30,A,VI-D,binary,516,517,K,485.0,K,517.0,,LYS,True,2151,2152,four_layer_exact,high,0.978021978021978,0.2867132867132867,2.146517873736677,0.021978021978022,R,A;E;K;R,differs_from_consensus,True,True,scaffold_differs_from_msa_consensus,0.41823650265909135,surface,False,True,False,False,6.872096321403813,True,False,unassigned_manual_review,,not_annotated_no_domain_boundaries,,True,False
9M30,A,VI-D,binary,517,518,I,486.0,I,518.0,,ILE,True,2162,2163,four_layer_exact,high,0.9285714285714286,0.1703703703703703,2.5169221974396727,0.0714285714285714,V,A;E;I;P;Q;S;T;V,differs_from_consensus,True,True,scaffold_differs_from_msa_consensus,0.26972406855713865,surface,False,False,False,False,9.40084429024317,True,False,unassigned_manual_review,,not_annotated_no_domain_boundaries,,True,False
9M30,A,VI-D,binary,528,529,M,497.0,M,529.0,,MET,True,2184,2185,four_layer_exact,high,0.9945054945054944,0.2168949771689497,2.362992330965375,0.0054945054945054,I,F;I;L;M;T;V;Y,differs_from_consensus,True,True,scaffold_differs_from_msa_consensus,0.054721214537996866,buried_core,False,False,False,False,19.074612383546313,True,True,unassigned_manual_review,,not_annotated_no_domain_boundaries,,True,False
9M30,A,VI-D,binary,530,531,N,499.0,N,531.0,,ASN,True,2208,2209,four_layer_exact,high,0.4835164835164835,0.1481481481481481,2.435364438183984,0.5164835164835164,K,D;E;G;H;K;N;S;T;V,differs_from_consensus,False,True,scaffold_differs_from_msa_consensus,0.6294559483658738,surface,False,False,False,False,23.816544738613906,True,False,unassigned_manual_review,,not_annotated_no_domain_boundaries,,False,False
9M30,A,VI-D,binary,531,532,R,500.0,R,532.0,,ARG,True,2210,2211,four_layer_exact,high,0.6868131868131868,0.2333333333333333,2.6046820032950757,0.3131868131868132,M,A;I;K;L;M;V;Y,differs_from_consensus,False,True,scaffold_differs_from_msa_consensus,0.36646655372791703,surface,False,False,False,False,21.731544912948316,True,False,unassigned_manual_review,,not_annotated_no_domain_boundaries,,False,False
9M30,A,VI-D,binary,532,533,P,501.0,P,533.0,,PRO,True,2211,2212,four_layer_exact,high,0.7637362637362637,0.3272235576923077,2.2898809709004224,0.2362637362637363,S,D;E;Q;S;T;Y,differs_from_consensus,False,True,scaffold_differs_from_msa_consensus,0.47777696727792085,surface,False,False,False,False,20.41850900141681,True,False,unassigned_manual_review,,not_annotated_no_domain_boundaries,,False,False
9M30,A,VI-D,binary,533,534,D,502.0,D,534.0,,ASP,True,2212,2213,four_layer_exact,high,0.8076923076923077,0.2767857142857143,2.211486572343379,0.1923076923076923,E,D;E;K;N;P;T,differs_from_consensus,True,True,scaffold_differs_from_msa_consensus,0.3708287135250963,surface,False,False,False,False,17.307672920151038,True,False,unassigned_manual_review,,not_annotated_no_domain_boundaries,,True,False
9M30,A,VI-D,binary,536,537,I,505.0,I,537.0,,ILE,True,2215,2216,four_layer_exact,high,0.9395604395604396,0.2794117647058823,2.3270442032622807,0.0604395604395604,L,F;I;L;V;Y,differs_from_consensus,True,True,scaffold_differs_from_msa_consensus,0.0,buried_core,False,False,False,False,14.987292157586312,True,True,unassigned_manual_review,,not_annotated_no_domain_boundaries,,True,False
9M30,A,VI-D,binary,538,539,R,507.0,R,539.0,,ARG,True,2217,2218,four_layer_exact,high,0.934065934065934,0.2222222222222222,2.186511054381146,0.0659340659340659,E,A;D;E;K;N;Q;R;S,differs_from_consensus,True,True,scaffold_differs_from_msa_consensus,0.5671291114579928,surface,False,False,False,False,16.07436227483076,True,False,unassigned_manual_review,,not_annotated_no_domain_boundaries,,True,False
9M30,A,VI-D,binary,539,540,E,508.0,E,540.0,,GLU,True,2218,2219,four_layer_exact,high,0.934065934065934,0.237037037037037,2.3975259230819947,0.0659340659340659,Y,A;E;F;I;K;L;M;Y,differs_from_consensus,True,True,scaffold_differs_from_msa_consensus,0.19165957974119494,buried_core,False,False,False,False,14.637028940278471,True,True,unassigned_manual_review,,not_annotated_no_domain_boundaries,,True,False
9M30,A,VI-D,binary,541,542,E,510.0,E,542.0,,GLU,True,2233,2234,four_layer_exact,high,0.9175824175824177,0.4552238805970149,1.84318765225062,0.0824175824175824,D,D;E;K;N;S,differs_from_consensus,True,True,scaffold_differs_from_msa_consensus,0.38897526599048154,surface,False,False,False,False,11.039841157944341,True,False,unassigned_manual_review,,not_annotated_no_domain_boundaries,,True,False
9M30,A,VI-D,binary,542,543,R,511.0,R,543.0,,ARG,True,2234,2235,four_layer_exact,high,0.9065934065934066,0.2045454545454545,2.2742192318380194,0.0934065934065934,E,D;E;K;N;R,differs_from_consensus,True,True,scaffold_differs_from_msa_consensus,0.4557388302376546,surface,False,False,False,False,14.65460240044978,True,False,unassigned_manual_review,,not_annotated_no_domain_boundaries,,True,False
9M30,A,VI-D,binary,543,544,T,512.0,T,544.0,,THR,True,2235,2236,four_layer_exact,high,0.9065934065934066,0.2575757575757575,2.1789406973992764,0.0934065934065934,I,F;I;L;M;V;W;Y,differs_from_consensus,True,True,scaffold_differs_from_msa_consensus,0.17294423721835248,buried_core,False,False,False,False,11.521666141141054,True,True,unassigned_manual_review,,not_annotated_no_domain_boundaries,,True,False
9M30,A,VI-D,binary,544,545,M,513.0,M,545.0,,MET,True,2236,2237,four_layer_exact,high,0.8131868131868132,0.4221443965517241,1.6736390906316498,0.1868131868131868,L,F;I;L;V;Y,differs_from_consensus,True,True,scaffold_differs_from_msa_consensus,0.054717792445999204,buried_core,False,False,False,False,9.224129607022174,True,True,unassigned_manual_review,,not_annotated_no_domain_boundaries,,True,False
9M30,A,VI-D,binary,545,546,P,514.0,P,546.0,,PRO,True,2237,2238,four_layer_exact,high,0.7857142857142857,0.2252252252252252,2.5311921718650634,0.2142857142857143,E,A;C;E;G;K;N;Q;S,differs_from_consensus,False,True,scaffold_differs_from_msa_consensus,0.15949806626942292,buried_core,False,False,False,False,8.13240930063034,True,True,unassigned_manual_review,,not_annotated_no_domain_boundaries,,False,False
9M30,A,VI-D,binary,546,547,V,515.0,V,547.0,,VAL,True,2277,2278,four_layer_exact,high,0.6648351648351648,0.2528735632183908,2.3446029804260986,0.3351648351648352,L,F;G;I;K;L;V;Y,differs_from_consensus,False,True,scaffold_differs_from_msa_consensus,0.3414630276626301,surface,False,False,False,False,8.270657324051145,True,False,unassigned_manual_review,,not_annotated_no_domain_boundaries,,False,False
9M30,A,VI-D,binary,547,548,G,516.0,G,548.0,,GLY,True,2278,2279,four_layer_exact,high,0.7252747252747253,0.5612244897959183,1.5694452231864695,0.2747252747252747,D,D;E;K;N,differs_from_consensus,False,True,scaffold_differs_from_msa_consensus,0.2075311940864082,surface,False,False,False,False,9.567721403600393,True,False,unassigned_manual_review,,not_annotated_no_domain_boundaries,,False,False
9M30,A,VI-D,binary,548,549,A,517.0,A,549.0,,ALA,True,2279,2280,four_layer_exact,high,0.7032967032967034,0.3052631578947368,2.146703934903305,0.2967032967032966,K,A;E;K;P;R;S;T,differs_from_consensus,False,True,scaffold_differs_from_msa_consensus,0.9106799103225989,surface,False,False,False,False,12.249821578632615,True,False,unassigned_manual_review,,not_annotated_no_domain_boundaries,,False,False
9M30,A,VI-D,binary,549,550,D,518.0,D,550.0,,ASP,True,2280,2281,four_layer_exact,high,0.5659340659340659,0.2857142857142857,2.239330999190396,0.4340659340659341,N,A;D;E;G;K;N;S,differs_from_consensus,False,True,scaffold_differs_from_msa_consensus,0.5715729681101411,surface,False,False,False,False,10.023841017552792,True,False,unassigned_manual_review,,not_annotated_no_domain_boundaries,,False,False
9M30,A,VI-D,binary,552,553,F,521.0,F,553.0,,PHE,True,2292,2293,four_layer_exact,high,0.7692307692307693,0.320754716981132,2.3879128042717594,0.2307692307692307,K,E;K;P;T,differs_from_consensus,False,True,scaffold_differs_from_msa_consensus,0.2553371317107152,surface,True,False,True,False,3.202009584606057,True,False,unassigned_manual_review,,not_annotated_no_domain_boundaries,,False,False
9M30,A,VI-D,binary,555,556,G,524.0,G,556.0,,GLY,True,2340,2341,four_layer_exact,high,0.4725274725274725,0.1764705882352941,2.571291527024937,0.5274725274725275,K,A;E;G;I;K;T;V,differs_from_consensus,False,True,scaffold_differs_from_msa_consensus,0.6852596559033002,surface,False,True,False,False,6.095755726626425,True,False,unassigned_manual_review,,not_annotated_no_domain_boundaries,,False,False
9M30,A,VI-D,binary,556,557,K,525.0,K,557.0,,LYS,True,2341,2342,four_layer_exact,high,0.6648351648351648,0.3193277310924369,2.1855023061773924,0.3351648351648352,D,D;K;N;V,differs_from_consensus,False,True,scaffold_differs_from_msa_consensus,0.5878606212990312,surface,False,True,False,False,6.791002123977405,True,False,unassigned_manual_review,,not_annotated_no_domain_boundaries,,False,False
9M30,A,VI-D,binary,557,558,Q,526.0,Q,558.0,,GLN,True,2342,2343,four_layer_exact,high,0.989010989010989,0.2549568965517241,2.044704689199091,0.0109890109890109,N,H;K;N;R;T,differs_from_consensus,True,True,scaffold_differs_from_msa_consensus,0.03655696838057242,buried_core,True,False,True,False,4.271346051535782,True,True,unassigned_manual_review,,not_annotated_no_domain_boundaries,,True,False
9M30,A,VI-D,binary,565,566,S,534.0,S,566.0,,SER,True,2356,2357,four_layer_exact,high,1.0,0.7142857142857143,0.8897169537548101,0.0,N,K;N;S,differs_from_consensus,True,True,scaffold_differs_from_msa_consensus,0.4045625462922672,surface,False,True,False,False,5.319011292296155,True,False,unassigned_manual_review,,not_annotated_no_domain_boundaries,,True,False
9M30,A,VI-D,binary,571,572,S,540.0,S,572.0,,SER,True,2362,2363,four_layer_exact,high,1.0,0.3537414965986394,1.8156290973535367,0.0,R,K;N;R;S;T,differs_from_consensus,True,True,scaffold_differs_from_msa_consensus,0.47254190906113985,surface,True,False,True,False,4.691313876686887,True,False,unassigned_manual_review,,not_annotated_no_domain_boundaries,,True,False
9M30,A,VI-D,binary,574,575,H,543.0,H,575.0,,HIS,True,2365,2366,four_layer_exact,high,1.0,0.1766581632653061,2.459084966990156,0.0,K,F;H;I;K;N;Q;R,differs_from_consensus,True,True,scaffold_differs_from_msa_consensus,0.3044449559752604,surface,False,False,False,False,9.988494549427028,True,False,unassigned_manual_review,,not_annotated_no_domain_boundaries,,True,False
9M30,A,VI-D,binary,580,581,N,549.0,N,581.0,,ASN,True,2372,2373,four_layer_exact,high,1.0,0.1700680272108843,2.198069236424125,0.0,G,A;C;G;I;N;S;T;V,differs_from_consensus,True,True,scaffold_differs_from_msa_consensus,0.09514630732808359,buried_core,False,False,False,False,15.070475527848464,True,True,unassigned_manual_review,,not_annotated_no_domain_boundaries,,True,False
9M30,A,VI-D,binary,583,584,H,552.0,H,584.0,,HIS,True,2375,2376,four_layer_exact,high,1.0,0.3129251700680272,2.195610034589785,0.0,K,A;E;K;R;S;T,differs_from_consensus,True,True,scaffold_differs_from_msa_consensus,0.29235173165447936,surface,False,False,False,False,20.993745492440066,True,False,unassigned_manual_review,,not_annotated_no_domain_boundaries,,True,False
9M30,A,VI-D,binary,585,586,T,554.0,T,586.0,,THR,True,2377,2378,four_layer_exact,high,1.0,0.3537414965986394,1.688112846401972,0.0,V,A;C;I;L;V,differs_from_consensus,True,True,scaffold_differs_from_msa_consensus,0.02729269576850273,buried_core,False,False,False,False,15.759943018829794,True,True,unassigned_manual_review,,not_annotated_no_domain_boundaries,,True,False
9M30,A,VI-D,binary,587,588,T,556.0,T,588.0,,THR,True,2379,2380,four_layer_exact,high,1.0,0.3356009070294784,2.0562657025875595,0.0,K,A;E;K;R,differs_from_consensus,True,True,scaffold_differs_from_msa_consensus,0.22436290336053943,surface,False,False,False,False,18.228644432641044,True,False,unassigned_manual_review,,not_annotated_no_domain_boundaries,,True,False
9M30,A,VI-D,binary,589,590,V,558.0,V,590.0,,VAL,True,2381,2382,four_layer_exact,high,1.0,0.4285714285714285,1.5186706172242754,0.0,A,A;I;M;V,differs_from_consensus,True,True,scaffold_differs_from_msa_consensus,0.030789052415595417,buried_core,False,False,False,False,13.234613903349462,True,True,unassigned_manual_review,,not_annotated_no_domain_boundaries,,True,False
9M30,A,VI-D,binary,592,593,P,561.0,P,593.0,,PRO,True,2389,2390,four_layer_exact,high,1.0,0.2874149659863945,2.0159987736505576,0.0,E,E;K;P;R;T,differs_from_consensus,True,True,scaffold_differs_from_msa_consensus,0.4784941988082687,surface,False,False,False,False,15.893433998286193,True,False,unassigned_manual_review,,not_annotated_no_domain_boundaries,,True,False
9M30,A,VI-D,binary,593,594,N,562.0,N,594.0,,ASN,True,2390,2391,four_layer_exact,high,1.0,0.238095238095238,2.3303626812105,0.0,K,A;E;K;N;P;S;T,differs_from_consensus,True,True,scaffold_differs_from_msa_consensus,0.3080462738199666,surface,False,False,False,False,13.894411799702644,True,False,unassigned_manual_review,,not_annotated_no_domain_boundaries,,True,False
9M30,A,VI-D,binary,596,597,K,565.0,K,597.0,,LYS,True,2393,2394,four_layer_exact,high,1.0,0.3265306122448979,1.9751902431035715,0.0,R,A;E;K;R;S,differs_from_consensus,True,True,scaffold_differs_from_msa_consensus,0.3729545446022441,surface,False,False,False,False,11.691431591318914,True,False,unassigned_manual_review,,not_annotated_no_domain_boundaries,,True,False
9M30,A,VI-D,binary,600,601,E,569.0,E,601.0,,GLU,True,2398,2399,four_layer_exact,high,0.9945054945054944,0.2602739726027397,2.153475989484622,0.0054945054945054,K,D;E;G;K;N;R;S,differs_from_consensus,True,True,scaffold_differs_from_msa_consensus,0.4465520093850906,surface,False,True,False,False,7.8305658346965545,True,False,unassigned_manual_review,,not_annotated_no_domain_boundaries,,True,False
9M30,A,VI-D,binary,601,602,G,570.0,G,602.0,,GLY,True,2407,2408,four_layer_exact,high,0.978021978021978,0.3076923076923077,2.03431797599515,0.021978021978022,R,D;E;G;K;R;S,differs_from_consensus,True,True,scaffold_differs_from_msa_consensus,0.4950357374064915,surface,True,False,True,False,4.06404457079393,True,False,unassigned_manual_review,,not_annotated_no_domain_boundaries,,True,False
9M30,A,VI-D,binary,604,605,E,573.0,E,605.0,,GLU,True,2432,2433,four_layer_exact,high,1.0,0.4081632653061224,1.6881584280251571,0.0,D,D;E;K;P,differs_from_consensus,True,True,scaffold_differs_from_msa_consensus,0.57586807761388,surface,False,False,False,False,8.156759869531376,True,False,unassigned_manual_review,,not_annotated_no_domain_boundaries,,True,False
9M30,A,VI-D,binary,608,609,K,577.0,K,609.0,,LYS,True,2436,2437,four_layer_exact,high,1.0,0.3605442176870748,2.145366358317453,0.0,D,D;E;K;L;R;T,differs_from_consensus,True,True,scaffold_differs_from_msa_consensus,0.36348493238699464,surface,False,False,False,False,9.848575309627273,True,False,unassigned_manual_review,,not_annotated_no_domain_boundaries,,True,False
9M30,A,VI-D,binary,611,612,F,580.0,F,612.0,,PHE,True,2439,2440,four_layer_exact,high,0.9945054945054944,0.6917808219178082,1.255111671604974,0.0054945054945054,Y,C;F;Y,differs_from_consensus,True,True,scaffold_differs_from_msa_consensus,0.015095352700498953,buried_core,False,False,False,False,10.844436772089884,True,True,unassigned_manual_review,,not_annotated_no_domain_boundaries,,True,False
9M30,A,VI-D,binary,612,613,D,581.0,D,613.0,,ASP,True,2445,2446,four_layer_exact,high,0.9725274725274724,0.1974031690140845,2.4402951543493234,0.0274725274725274,K,D;E;K;N;R,differs_from_consensus,True,True,scaffold_differs_from_msa_consensus,0.45612227040740916,surface,False,False,False,False,12.590668059560745,True,False,unassigned_manual_review,,not_annotated_no_domain_boundaries,,True,False
9M30,A,VI-D,binary,613,614,V,582.0,V,614.0,,VAL,True,2446,2447,four_layer_exact,high,0.9725274725274724,0.4859154929577465,1.7173684276155556,0.0274725274725274,S,A;S;T,differs_from_consensus,True,True,scaffold_differs_from_msa_consensus,0.3700856811166224,surface,False,False,False,False,9.562008866273317,True,False,unassigned_manual_review,,not_annotated_no_domain_boundaries,,True,False
9M30,A,VI-D,binary,615,616,K,584.0,K,616.0,,LYS,True,2453,2454,four_layer_exact,high,0.8241758241758241,0.2260869565217391,2.5951530840494907,0.1758241758241758,T,F;G;I;K;N;S;T;V,differs_from_consensus,True,True,scaffold_differs_from_msa_consensus,0.2304698994340028,surface,False,False,False,False,14.769768260909903,True,False,unassigned_manual_review,,not_annotated_no_domain_boundaries,,True,False
9M30,A,VI-D,binary,617,618,Q,586.0,Q,618.0,,GLN,True,2456,2457,four_layer_exact,high,0.8186813186813187,0.175438596491228,2.448897424287677,0.1813186813186813,K,D;E;G;K;N;P;R;S,differs_from_consensus,True,True,scaffold_differs_from_msa_consensus,0.6375504567776996,surface,False,False,False,False,19.844871554985247,True,False,unassigned_manual_review,,not_annotated_no_domain_boundaries,,True,False
9M30,A,VI-D,binary,619,620,I,588.0,I,620.0,,ILE,True,2458,2459,four_layer_exact,high,0.4835164835164835,0.1296296296296296,2.698480368890356,0.5164835164835164,E,A;E;I;L;N;P;S;T;V,differs_from_consensus,False,True,scaffold_differs_from_msa_consensus,0.29426593521224886,surface,False,False,False,False,20.114593346966466,True,False,unassigned_manual_review,,not_annotated_no_domain_boundaries,,False,False
9M30,A,VI-D,binary,620,621,P,589.0,P,621.0,,PRO,True,2459,2460,four_layer_exact,high,0.4065934065934066,0.1904761904761904,2.5036877497927854,0.5934065934065934,Y,F;I;L;P;Y,differs_from_consensus,False,True,scaffold_differs_from_msa_consensus,0.5765138654447065,surface,False,False,False,False,21.309450493114877,True,False,unassigned_manual_review,,not_annotated_no_domain_boundaries,,False,False
9M30,A,VI-D,binary,621,622,P,590.0,P,622.0,,PRO,True,2460,2461,four_layer_exact,high,0.3626373626373626,0.2058823529411764,2.462566966920486,0.6373626373626373,D,A;C;D;E;N;P;S;T;Y,differs_from_consensus,False,True,scaffold_differs_from_msa_consensus,0.7372479409596513,surface,False,False,False,False,20.4528769300173,True,False,unassigned_manual_review,,not_annotated_no_domain_boundaries,,False,False
9M30,A,VI-D,binary,622,623,T,591.0,T,623.0,,THR,True,2461,2462,four_layer_exact,high,0.3076923076923077,0.1666666666666666,2.469811713553478,0.6923076923076923,N,D;K;N;Q;R;S;T;V,differs_from_consensus,False,True,scaffold_differs_from_msa_consensus,0.2971569659177513,surface,False,False,False,False,17.94680265754018,True,False,unassigned_manual_review,,not_annotated_no_domain_boundaries,,False,False
9M30,A,VI-D,binary,623,624,S,592.0,S,624.0,,SER,True,2462,2463,four_layer_exact,high,0.4065934065934066,0.2,2.308087143602468,0.5934065934065934,P,A;E;G;K;N;P;Q;S;T,differs_from_consensus,False,True,scaffold_differs_from_msa_consensus,0.6856696625880002,surface,False,False,False,False,17.55628997766423,True,False,unassigned_manual_review,,not_annotated_no_domain_boundaries,,False,False
9M30,A,VI-D,binary,624,625,D,593.0,D,625.0,,ASP,True,2480,2481,four_layer_exact,high,0.6758241758241759,0.2416666666666666,2.3078159210303624,0.3241758241758241,S,D;G;K;N;P;S;T,differs_from_consensus,False,True,scaffold_differs_from_msa_consensus,0.46577487080745134,surface,False,False,False,False,17.194939105845915,True,False,unassigned_manual_review,,not_annotated_no_domain_boundaries,,False,False
9M30,A,VI-D,binary,626,627,S,595.0,S,627.0,,SER,True,2482,2483,four_layer_exact,high,0.8846153846153846,0.2887139107611548,2.144128212266124,0.1153846153846154,E,D;E;K;N;S,differs_from_consensus,True,True,scaffold_differs_from_msa_consensus,0.4824740441012941,surface,False,False,False,False,16.13582800267403,True,False,unassigned_manual_review,,not_annotated_no_domain_boundaries,,True,False
9M30,A,VI-D,binary,627,628,A,596.0,A,628.0,,ALA,True,2483,2484,four_layer_exact,high,0.8901098901098901,0.3125,2.275687682037037,0.1098901098901099,E,A;D;E;K;R;T,differs_from_consensus,True,True,scaffold_differs_from_msa_consensus,0.28210372030018305,surface,False,False,False,False,16.896913768124232,True,False,unassigned_manual_review,,not_annotated_no_domain_boundaries,,True,False
9M30,A,VI-D,binary,628,629,Q,597.0,Q,629.0,,GLN,True,2484,2485,four_layer_exact,high,0.9945054945054944,0.4535530821917808,1.8017100993145243,0.0054945054945054,K,K;M;Q,differs_from_consensus,True,True,scaffold_differs_from_msa_consensus,0.03829302644358016,buried_core,False,False,False,False,13.48499181309746,True,True,unassigned_manual_review,,not_annotated_no_domain_boundaries,,True,False
9M30,A,VI-D,binary,631,632,V,600.0,V,632.0,,VAL,True,2487,2488,four_layer_exact,high,1.0,0.1632653061224489,2.568249472168473,0.0,E,A;E;F;K;T;V;Y,differs_from_consensus,True,True,scaffold_differs_from_msa_consensus,0.10332329913000891,buried_core,False,False,False,False,14.980573245166894,True,True,unassigned_manual_review,,not_annotated_no_domain_boundaries,,True,False
9M30,A,VI-D,binary,634,635,R,603.0,R,635.0,,ARG,True,2490,2491,four_layer_exact,high,1.0,0.2312925170068027,2.0818279240922206,0.0,E,D;E;G;K;N;R,differs_from_consensus,True,True,scaffold_differs_from_msa_consensus,0.5102336302094868,surface,False,False,False,False,15.635939386602445,True,False,unassigned_manual_review,,not_annotated_no_domain_boundaries,,True,False
9M30,A,VI-D,binary,637,638,S,606.0,S,638.0,,SER,True,2493,2494,four_layer_exact,high,1.0,0.2312925170068027,2.377059686067302,0.0,T,A;C;K;R;S;T;V,differs_from_consensus,True,True,scaffold_differs_from_msa_consensus,0.2629111737928585,surface,False,False,False,False,15.3923659975656,True,False,unassigned_manual_review,,not_annotated_no_domain_boundaries,,True,False
9M30,A,VI-D,binary,638,639,S,607.0,S,639.0,,SER,True,2494,2495,four_layer_exact,high,1.0,0.2040816326530612,2.1812981957329782,0.0,G,D;E;G;K;N;Q;S,differs_from_consensus,True,True,scaffold_differs_from_msa_consensus,0.5016858357899615,surface,False,False,False,False,17.78107554636599,True,False,unassigned_manual_review,,not_annotated_no_domain_boundaries,,True,False
9M30,A,VI-D,binary,639,640,V,608.0,V,640.0,,VAL,True,2495,2496,four_layer_exact,high,1.0,0.272108843537415,1.7179731267051934,0.0,F,F;I;L;M;V,differs_from_consensus,True,True,scaffold_differs_from_msa_consensus,0.060115783726595734,buried_core,False,False,False,False,15.359586847409764,True,True,unassigned_manual_review,,not_annotated_no_domain_boundaries,,True,False
9M30,A,VI-D,binary,640,641,D,609.0,D,641.0,,ASP,True,2496,2497,four_layer_exact,high,1.0,0.4149659863945578,1.6454428118663162,0.0,S,D;K;N;S;T,differs_from_consensus,True,True,scaffold_differs_from_msa_consensus,0.27847103325711353,surface,False,False,False,False,18.630647470573862,True,False,unassigned_manual_review,,not_annotated_no_domain_boundaries,,True,False
9M30,A,VI-D,binary,641,642,Y,610.0,Y,642.0,,TYR,True,2497,2498,four_layer_exact,high,1.0,0.54421768707483,1.4476296345672652,0.0,F,F;I;L;Y,differs_from_consensus,True,True,scaffold_differs_from_msa_consensus,0.057621635135399724,buried_core,False,False,False,False,16.72671775298854,True,True,unassigned_manual_review,,not_annotated_no_domain_boundaries,,True,False
9M30,A,VI-D,binary,642,643,K,611.0,K,643.0,,LYS,True,2498,2499,four_layer_exact,high,1.0,0.2090419501133786,2.268596289705408,0.0,D,D;E;G;K;N;S,differs_from_consensus,True,True,scaffold_differs_from_msa_consensus,0.44916234074102923,surface,False,False,False,False,17.651502033736875,True,False,unassigned_manual_review,,not_annotated_no_domain_boundaries,,True,False
9M30,A,VI-D,binary,643,644,I,612.0,I,644.0,,ILE,True,2500,2501,four_layer_exact,high,0.967032967032967,0.2061170212765957,2.411003770316559,0.0329670329670329,D,D;E;K;N;Q;S;T,differs_from_consensus,True,True,scaffold_differs_from_msa_consensus,0.40864255278549655,surface,False,False,False,False,16.202359462803134,True,False,unassigned_manual_review,,not_annotated_no_domain_boundaries,,True,False
9M30,A,VI-D,binary,648,649,P,617.0,P,649.0,,PRO,True,2526,2527,four_layer_exact,high,0.8956043956043956,0.2578125,2.3014362249240654,0.1043956043956043,K,D;E;G;K;N;Q;R,differs_from_consensus,True,True,scaffold_differs_from_msa_consensus,0.18987865032074155,buried_core,False,True,False,False,7.0867408827518235,True,True,unassigned_manual_review,,not_annotated_no_domain_boundaries,,True,False
9M30,A,VI-D,binary,650,651,S,619.0,S,651.0,,SER,True,2528,2529,four_layer_exact,high,0.8846153846153846,0.1904761904761904,2.557731120816462,0.1153846153846154,K,A;K;L;M;N;S;V,differs_from_consensus,True,True,scaffold_differs_from_msa_consensus,0.5862790755380403,surface,True,False,True,False,4.326738546955196,True,False,unassigned_manual_review,,not_annotated_no_domain_boundaries,,True,False
9M30,A,VI-D,binary,653,654,I,622.0,I,654.0,,ILE,True,2541,2542,four_layer_exact,high,0.3571428571428571,0.2666666666666666,2.268605285634966,0.6428571428571428,A,A;I;S;V,differs_from_consensus,False,True,scaffold_differs_from_msa_consensus,0.21923156217576034,surface,True,False,True,False,4.733019499901467,True,False,unassigned_manual_review,,not_annotated_no_domain_boundaries,,False,False
9M30,A,VI-D,binary,655,656,K,624.0,K,656.0,,LYS,True,2543,2544,four_layer_exact,high,0.521978021978022,0.284375,2.1764025004460144,0.478021978021978,A,A;D;E;G;K;S;V,differs_from_consensus,False,True,scaffold_differs_from_msa_consensus,0.4357152592370027,surface,True,False,True,False,3.9258153131727718,True,False,unassigned_manual_review,,not_annotated_no_domain_boundaries,,False,False
9M30,A,VI-D,binary,657,658,D,626.0,D,658.0,,ASP,True,2545,2546,four_layer_exact,high,0.0714285714285714,0.3846153846153846,1.5857708352080968,0.9285714285714286,R,D;E;K;R;T;V,differs_from_consensus,False,True,scaffold_differs_from_msa_consensus,0.33601094675350707,surface,False,False,False,False,10.255537337177982,True,False,unassigned_manual_review,,not_annotated_no_domain_boundaries,,False,False
9M30,A,VI-D,binary,659,660,S,628.0,S,660.0,,SER,True,2547,2548,four_layer_exact,high,0.0549450549450549,0.3,1.6434177197931796,0.945054945054945,E,D;E;Q;R;S;T,differs_from_consensus,False,True,scaffold_differs_from_msa_consensus,0.6330532959453727,surface,False,False,False,False,14.426757315305746,True,False,unassigned_manual_review,,not_annotated_no_domain_boundaries,,False,False
9M30,A,VI-D,binary,662,663,F,631.0,F,663.0,,PHE,True,2555,2556,four_layer_exact,high,0.8131868131868132,0.1739130434782608,2.3780661473668188,0.1868131868131868,S,A;G;K;P;Q;R;S;T,differs_from_consensus,True,True,scaffold_differs_from_msa_consensus,0.628497863298601,surface,False,False,False,False,12.79505142780095,True,False,unassigned_manual_review,,not_annotated_no_domain_boundaries,,True,False
9M30,A,VI-D,binary,663,664,S,632.0,S,664.0,,SER,True,2556,2557,four_layer_exact,high,0.8461538461538461,0.1652892561983471,2.420833704936432,0.1538461538461538,E,A;D;E;K;N;Q;R,differs_from_consensus,True,True,scaffold_differs_from_msa_consensus,0.5860870938243963,surface,False,False,False,False,14.387984722373393,True,False,unassigned_manual_review,,not_annotated_no_domain_boundaries,,True,False
9M30,A,VI-D,binary,664,665,D,633.0,D,665.0,,ASP,True,2558,2559,four_layer_exact,high,0.9505494505494504,0.3405797101449275,2.130455423297098,0.0494505494505495,E,D;E;K;N;Q,differs_from_consensus,True,True,scaffold_differs_from_msa_consensus,0.48519863824426485,surface,False,False,False,False,10.93651554981317,True,False,unassigned_manual_review,,not_annotated_no_domain_boundaries,,True,False
9M30,A,VI-D,binary,665,666,A,634.0,A,666.0,,ALA,True,2559,2560,four_layer_exact,high,0.9725274725274724,0.2957746478873239,2.3409547363578675,0.0274725274725274,N,A;G;I;K;N;Q;S,differs_from_consensus,True,True,scaffold_differs_from_msa_consensus,0.09167498569842371,buried_core,False,False,False,False,9.666942354360053,True,True,unassigned_manual_review,,not_annotated_no_domain_boundaries,,True,False
9M30,A,VI-D,binary,666,667,L,635.0,L,667.0,,LEU,True,2560,2561,four_layer_exact,high,0.978021978021978,0.1958041958041958,2.514145033457609,0.021978021978022,E,A;E;I;K;L;Q;S;V,differs_from_consensus,True,True,scaffold_differs_from_msa_consensus,0.41252656383493846,surface,False,False,False,False,12.157647300117056,True,False,unassigned_manual_review,,not_annotated_no_domain_boundaries,,True,False
9M30,A,VI-D,binary,667,668,K,636.0,K,668.0,,LYS,True,2561,2562,four_layer_exact,high,0.9835164835164836,0.3402777777777778,2.1743241749712787,0.0164835164835165,E,D;E;K;Q;R,differs_from_consensus,True,True,scaffold_differs_from_msa_consensus,0.35885108322294973,surface,False,False,False,False,11.581032134817482,True,False,unassigned_manual_review,,not_annotated_no_domain_boundaries,,True,False
9M30,A,VI-D,binary,669,670,Q,638.0,Q,670.0,,GLN,True,2563,2564,four_layer_exact,high,0.989010989010989,0.5655172413793104,1.6154148084290416,0.0109890109890109,E,A;E;Q;R,differs_from_consensus,True,True,scaffold_differs_from_msa_consensus,0.2683123422116956,surface,False,False,False,False,9.955544924466114,True,False,unassigned_manual_review,,not_annotated_no_domain_boundaries,,True,False
9M30,A,VI-D,binary,671,672,Y,640.0,Y,672.0,,TYR,True,2565,2566,four_layer_exact,high,1.0,0.2244897959183673,2.217077410589673,0.0,K,F;K;L;M;N;Y,differs_from_consensus,True,True,scaffold_differs_from_msa_consensus,0.06518381895438603,buried_core,False,False,False,False,11.51396510576727,True,True,unassigned_manual_review,,not_annotated_no_domain_boundaries,,True,False
9M30,A,VI-D,binary,672,673,Q,641.0,Q,673.0,,GLN,True,2566,2567,four_layer_exact,high,1.0,0.5714285714285714,1.3168066800392395,0.0,K,K;Q,differs_from_consensus,True,True,scaffold_differs_from_msa_consensus,0.28480746293492804,surface,False,True,False,False,6.194698488483133,True,False,unassigned_manual_review,,not_annotated_no_domain_boundaries,,True,False
9M30,A,VI-D,binary,675,676,V,644.0,V,676.0,,VAL,True,2569,2570,four_layer_exact,high,0.9945054945054944,0.5051194539249146,1.3480713694736552,0.0054945054945054,I,I;L;T;V,differs_from_consensus,True,True,scaffold_differs_from_msa_consensus,0.03470196023103208,buried_core,False,False,False,False,8.938564351853874,True,True,unassigned_manual_review,,not_annotated_no_domain_boundaries,,True,False
9M30,A,VI-D,binary,676,677,S,645.0,S,677.0,,SER,True,2570,2571,four_layer_exact,high,0.9945054945054944,0.3583617747440273,1.628871656479298,0.0054945054945054,G,G;K;N;R;S;T,differs_from_consensus,True,True,scaffold_differs_from_msa_consensus,0.2840500792202571,surface,False,True,False,False,5.733905952785874,True,False,unassigned_manual_review,,not_annotated_no_domain_boundaries,,True,False
9M30,A,VI-D,binary,682,683,M,651.0,M,683.0,,MET,True,2576,2577,four_layer_exact,high,0.9945054945054944,0.3583617747440273,1.7035115601036432,0.0054945054945054,L,A;I;L;M;V,differs_from_consensus,True,True,scaffold_differs_from_msa_consensus,0.0,buried_core,False,False,False,False,9.519066677543385,True,True,unassigned_manual_review,,not_annotated_no_domain_boundaries,,True,False
9M30,A,VI-D,binary,686,687,T,655.0,T,687.0,,THR,True,2580,2581,four_layer_exact,high,0.9945054945054944,0.4163822525597269,1.7118747516697963,0.0054945054945054,V,I;L;T;V,differs_from_consensus,True,True,scaffold_differs_from_msa_consensus,0.03273042735039531,buried_core,False,False,False,False,9.359090948573282,True,True,unassigned_manual_review,,not_annotated_no_domain_boundaries,,True,False
9M30,A,VI-D,binary,691,692,Y,660.0,Y,692.0,,TYR,True,2585,2586,four_layer_exact,high,0.9945054945054944,0.3651877133105802,1.6138005399096629,0.0054945054945054,N,K;N;R;Y,differs_from_consensus,True,True,scaffold_differs_from_msa_consensus,0.35439554176335897,surface,True,False,True,False,3.2607553276289654,True,False,unassigned_manual_review,,not_annotated_no_domain_boundaries,,True,False
9M30,A,VI-D,binary,708,709,F,677.0,F,709.0,,PHE,True,2603,2604,four_layer_exact,high,0.989010989010989,0.1580756013745704,2.5890123444313358,0.0109890109890109,A,A;E;K;L;Q;S;V;Y,differs_from_consensus,True,True,scaffold_differs_from_msa_consensus,0.7474840095372326,surface,False,False,False,False,15.308844129749545,True,False,unassigned_manual_review,,not_annotated_no_domain_boundaries,,True,False
9M30,A,VI-D,binary,710,711,H,679.0,H,711.0,,HIS,True,2606,2607,four_layer_exact,high,0.912087912087912,0.4015151515151515,1.846238177005216,0.0879120879120879,Y,F;H;I;K;L;Y,differs_from_consensus,True,True,scaffold_differs_from_msa_consensus,0.19951587354509887,buried_core,False,False,False,False,10.929804016649626,True,True,unassigned_manual_review,,not_annotated_no_domain_boundaries,,True,False
9M30,A,VI-D,binary,712,713,V,681.0,V,713.0,,VAL,True,2608,2609,four_layer_exact,high,0.6483516483516484,0.1058823529411764,2.708149798870757,0.3516483516483516,Q,D;E;I;K;L;N;Q;R;V,differs_from_consensus,False,True,scaffold_differs_from_msa_consensus,0.13254718841942967,buried_core,False,False,False,False,18.162513388614304,True,True,unassigned_manual_review,,not_annotated_no_domain_boundaries,,False,False
9M30,A,VI-D,binary,713,714,T,682.0,T,714.0,,THR,True,2609,2610,four_layer_exact,high,0.5274725274725275,0.2539682539682539,2.3626466250137828,0.4725274725274725,K,E;K;Q;S,differs_from_consensus,False,True,scaffold_differs_from_msa_consensus,0.6358513392983242,surface,False,False,False,False,20.438712854724592,True,False,unassigned_manual_review,,not_annotated_no_domain_boundaries,,False,False
9M30,A,VI-D,binary,715,716,P,684.0,P,716.0,,PRO,True,2611,2612,four_layer_exact,high,0.1648351648351648,0.3571428571428571,1.9960601285714927,0.8351648351648352,G,D;E;G;K;P;S;T,differs_from_consensus,False,True,scaffold_differs_from_msa_consensus,0.32659127855167547,surface,False,False,False,False,22.594732866767785,True,False,unassigned_manual_review,,not_annotated_no_domain_boundaries,,False,False
9M30,A,VI-D,binary,716,717,K,685.0,K,717.0,,LYS,True,2613,2614,four_layer_exact,high,0.0879120879120879,0.2857142857142857,1.9459101490553132,0.912087912087912,L,G;K;L;M;P;Q;R;Y,differs_from_consensus,False,True,scaffold_differs_from_msa_consensus,0.6473142505688889,surface,False,False,False,False,24.812443440918504,True,False,unassigned_manual_review,,not_annotated_no_domain_boundaries,,False,False
9M30,A,VI-D,binary,717,718,M,686.0,M,718.0,,MET,True,2614,2615,four_layer_exact,high,0.1428571428571428,0.2127659574468085,2.394110010788653,0.8571428571428572,S,A;E;K;N;P;S;T,differs_from_consensus,False,True,scaffold_differs_from_msa_consensus,0.45968389585909053,surface,False,False,False,False,26.850305276276405,True,False,unassigned_manual_review,,not_annotated_no_domain_boundaries,,False,False
9M30,A,VI-D,binary,718,719,N,687.0,N,719.0,,ASN,True,2615,2616,four_layer_exact,high,0.7142857142857143,0.2898316062176165,2.073080346070501,0.2857142857142857,G,D;E;G;K;N;S,differs_from_consensus,False,True,scaffold_differs_from_msa_consensus,0.6292642306603471,surface,False,False,False,False,28.623115970959457,True,False,unassigned_manual_review,,not_annotated_no_domain_boundaries,,False,False
9M30,A,VI-D,binary,721,722,I,690.0,I,722.0,,ILE,True,2619,2620,four_layer_exact,high,0.7472527472527473,0.2610837438423645,2.1158077834497107,0.2527472527472527,L,F;G;I;L;V;Y,differs_from_consensus,False,True,scaffold_differs_from_msa_consensus,0.2991044344195604,surface,False,False,False,False,19.643827422842296,True,False,unassigned_manual_review,,not_annotated_no_domain_boundaries,,False,False
9M30,A,VI-D,binary,722,723,V,691.0,V,723.0,,VAL,True,2669,2670,four_layer_exact,high,0.7417582417582418,0.4213550395020349,1.916716468223748,0.2582417582417582,D,D;E;K;N;S,differs_from_consensus,False,True,scaffold_differs_from_msa_consensus,0.166569409108954,buried_core,False,False,False,False,19.331388009036033,True,True,unassigned_manual_review,,not_annotated_no_domain_boundaries,,False,False
9M30,A,VI-D,binary,724,725,S,693.0,S,725.0,,SER,True,2677,2678,four_layer_exact,high,0.989010989010989,0.3024054982817869,2.309402011292449,0.0109890109890109,L,A;F;L;R;S;T,differs_from_consensus,True,True,scaffold_differs_from_msa_consensus,0.12542145894749038,buried_core,False,False,False,False,17.53466545290965,True,True,unassigned_manual_review,,not_annotated_no_domain_boundaries,,True,False
9M30,A,VI-D,binary,725,726,Q,694.0,Q,726.0,,GLN,True,2678,2679,four_layer_exact,high,0.989010989010989,0.3230240549828179,2.3644001380882167,0.0109890109890109,A,A;E;G;K;S,differs_from_consensus,True,True,scaffold_differs_from_msa_consensus,0.2877388341707736,surface,False,False,False,False,18.33339569685255,True,False,unassigned_manual_review,,not_annotated_no_domain_boundaries,,True,False
9M30,A,VI-D,binary,728,729,T,697.0,T,729.0,,THR,True,2701,2702,four_layer_exact,high,0.989010989010989,0.2336769759450171,2.2404601917955667,0.0109890109890109,K,A;D;E;K;N;Q;R,differs_from_consensus,True,True,scaffold_differs_from_msa_consensus,0.2939902405229328,surface,False,False,False,False,17.56214824134322,True,False,unassigned_manual_review,,not_annotated_no_domain_boundaries,,True,False
9M30,A,VI-D,binary,729,730,H,698.0,H,730.0,,HIS,True,2702,2703,four_layer_exact,high,0.9945054945054944,0.1575342465753424,2.5787273039239347,0.0054945054945054,Y,A;D;E;H;K;L;R;Y,differs_from_consensus,True,True,scaffold_differs_from_msa_consensus,0.3435016846436391,surface,False,False,False,False,17.802947861556163,True,False,unassigned_manual_review,,not_annotated_no_domain_boundaries,,True,False
9M30,A,VI-D,binary,730,731,L,699.0,L,731.0,,LEU,True,2703,2704,four_layer_exact,high,0.989010989010989,0.4827586206896552,1.609178058533682,0.0109890109890109,F,F;L;Y,differs_from_consensus,True,True,scaffold_differs_from_msa_consensus,0.030040502886565082,buried_core,False,False,False,False,12.69259838986011,True,True,unassigned_manual_review,,not_annotated_no_domain_boundaries,,True,False
9M30,A,VI-D,binary,732,733,T,701.0,T,733.0,,THR,True,2707,2708,four_layer_exact,high,0.9835164835164836,0.2083333333333333,2.3561891361010985,0.0164835164835165,E,A;D;E;G;K;N;S,differs_from_consensus,True,True,scaffold_differs_from_msa_consensus,0.6843803246815626,surface,False,False,False,False,16.55781626234352,True,False,unassigned_manual_review,,not_annotated_no_domain_boundaries,,True,False
9M30,A,VI-D,binary,733,734,D,702.0,D,734.0,,ASP,True,2708,2709,four_layer_exact,high,0.956043956043956,0.2078853046594982,2.396700478961797,0.0439560439560439,E,D;E;I;K;N;Q;R,differs_from_consensus,True,True,scaffold_differs_from_msa_consensus,0.29150541978844685,surface,False,False,False,False,14.527515982466012,True,False,unassigned_manual_review,,not_annotated_no_domain_boundaries,,True,False
9M30,A,VI-D,binary,734,735,K,703.0,K,735.0,,LYS,True,2709,2710,four_layer_exact,high,0.7472527472527473,0.2641509433962264,2.2871581576111435,0.2527472527472527,D,D;E;G;K;N,differs_from_consensus,False,True,scaffold_differs_from_msa_consensus,0.6656768596291214,surface,False,False,False,False,12.970188881230543,True,False,unassigned_manual_review,,not_annotated_no_domain_boundaries,,False,False
9M30,A,VI-D,binary,735,736,N,704.0,N,736.0,,ASN,True,2710,2711,four_layer_exact,high,0.7362637362637363,0.160919540229885,2.5745737144408176,0.2637362637362637,K,D;E;K;N;P;R;Y,differs_from_consensus,False,True,scaffold_differs_from_msa_consensus,0.39206373888904744,surface,False,False,False,False,11.049758515248861,True,False,unassigned_manual_review,,not_annotated_no_domain_boundaries,,False,False
9M30,A,VI-D,binary,736,737,Y,705.0,Y,737.0,,TYR,True,2711,2712,four_layer_exact,high,0.7307692307692307,0.1698841698841698,2.61160149630466,0.2692307692307693,L,A;E;I;K;L;N;P;Q;S,differs_from_consensus,False,True,scaffold_differs_from_msa_consensus,0.017933357607735192,buried_core,False,False,False,False,8.827732127892737,True,True,unassigned_manual_review,,not_annotated_no_domain_boundaries,,False,False
9M30,A,VI-D,binary,737,738,T,706.0,T,738.0,,THR,True,2772,2773,four_layer_exact,high,0.4725274725274725,0.3773584905660377,2.041816216533003,0.5274725274725275,A,A;L;S;T;V,differs_from_consensus,False,True,scaffold_differs_from_msa_consensus,0.13715112233217844,buried_core,False,False,False,False,9.357170385105572,True,True,unassigned_manual_review,,not_annotated_no_domain_boundaries,,False,False
9M30,A,VI-D,binary,738,739,T,707.0,T,739.0,,THR,True,2773,2774,four_layer_exact,high,0.6318681318681318,0.147239263803681,2.588783200271536,0.3681318681318681,K,K;L;N;R;T,differs_from_consensus,False,True,scaffold_differs_from_msa_consensus,0.2844900643384773,surface,False,True,False,False,6.3900630677713215,True,False,unassigned_manual_review,,not_annotated_no_domain_boundaries,,False,False
9M30,A,VI-D,binary,739,740,Y,708.0,Y,740.0,,TYR,True,2774,2775,four_layer_exact,high,0.6373626373626373,0.2909090909090909,2.0103418791286254,0.3626373626373627,N,D;K;N;R;S,differs_from_consensus,False,True,scaffold_differs_from_msa_consensus,0.35678018976572184,surface,False,True,False,False,7.356464791348084,True,False,unassigned_manual_review,,not_annotated_no_domain_boundaries,,False,False
9M30,A,VI-D,binary,740,741,G,709.0,G,741.0,,GLY,True,2775,2776,four_layer_exact,high,0.6373626373626373,0.2181818181818181,2.301561125909051,0.3626373626373627,R,A;E;G;K;R,differs_from_consensus,False,True,scaffold_differs_from_msa_consensus,0.0,buried_core,False,True,False,False,5.8081347299418375,True,True,unassigned_manual_review,,not_annotated_no_domain_boundaries,,False,False
9M30,A,VI-D,binary,741,742,H,710.0,H,742.0,,HIS,True,2776,2777,four_layer_exact,high,0.6648351648351648,0.3085714285714285,2.1124356890593097,0.3351648351648352,Y,F;H;L;Y,differs_from_consensus,False,True,scaffold_differs_from_msa_consensus,0.08139597286080846,buried_core,True,False,True,False,4.0265778582847265,True,True,unassigned_manual_review,,not_annotated_no_domain_boundaries,,False,False
9M30,A,VI-D,binary,744,745,N,713.0,N,745.0,,ASN,True,2779,2780,four_layer_exact,high,0.3571428571428571,0.28,1.990826886209467,0.6428571428571428,K,E;K;N;R;S,differs_from_consensus,False,True,scaffold_differs_from_msa_consensus,0.24082721077352987,surface,False,False,False,False,8.018436287497805,True,False,unassigned_manual_review,,not_annotated_no_domain_boundaries,,False,False
9M30,A,VI-D,binary,745,746,Q,714.0,Q,746.0,,GLN,True,2780,2781,four_layer_exact,high,0.1758241758241758,0.15625,2.515381233729024,0.8241758241758241,V,C;G;H;I;K;N;Q;R;T;V,differs_from_consensus,False,True,scaffold_differs_from_msa_consensus,0.381096244532538,surface,False,True,False,False,5.691027093309127,True,False,unassigned_manual_review,,not_annotated_no_domain_boundaries,,False,False
9M30,A,VI-D,binary,747,748,G,716.0,G,748.0,,GLY,True,2782,2783,four_layer_exact,high,0.1098901098901098,0.3,1.9172155185650603,0.8901098901098901,K,A;E;G;I;K;L;R;S;T,differs_from_consensus,False,True,scaffold_differs_from_msa_consensus,0.11877745587740957,buried_core,True,False,True,False,3.373749842433384,True,True,unassigned_manual_review,,not_annotated_no_domain_boundaries,,False,False
9M30,A,VI-D,binary,748,749,H,717.0,H,749.0,,HIS,True,2791,2792,four_layer_exact,high,0.9615384615384616,0.3487544483985765,2.0376508177228585,0.0384615384615384,N,K;N;Q;R,differs_from_consensus,True,True,scaffold_differs_from_msa_consensus,0.4721874907202467,surface,True,False,True,False,3.738990874381313,True,False,unassigned_manual_review,,not_annotated_no_domain_boundaries,,True,False
9M30,A,VI-D,binary,749,750,R,718.0,R,750.0,,ARG,True,2792,2793,four_layer_exact,high,0.9835164835164836,0.405997693194925,2.0801532475047324,0.0164835164835165,K,K;M;R;T,differs_from_consensus,True,True,scaffold_differs_from_msa_consensus,0.24172376992715863,surface,True,False,True,False,3.3895432031534614,True,False,unassigned_manual_review,,not_annotated_no_domain_boundaries,,True,False
9M30,A,VI-D,binary,750,751,K,719.0,K,751.0,,LYS,True,2793,2794,four_layer_exact,high,0.9835164835164836,0.3598615916955017,1.445138951463459,0.0164835164835165,H,H;K;R;S,differs_from_consensus,True,True,scaffold_differs_from_msa_consensus,0.21943891566991927,surface,True,False,True,False,3.455343663259824,True,False,unassigned_manual_review,,not_annotated_no_domain_boundaries,,True,False
9M30,A,VI-D,binary,751,752,W,720.0,W,752.0,,TRP,True,2794,2795,four_layer_exact,high,0.9835164835164836,0.1799307958477508,2.322548022835267,0.0164835164835165,F,A;F;L;V;W;Y,differs_from_consensus,True,True,scaffold_differs_from_msa_consensus,0.1543789653106142,buried_core,True,False,True,False,3.4287537250155125,True,True,unassigned_manual_review,,not_annotated_no_domain_boundaries,,True,False
9M30,A,VI-D,binary,752,753,Y,721.0,Y,753.0,,TYR,True,2795,2796,four_layer_exact,high,0.9835164835164836,0.1453287197231834,2.612648747591606,0.0164835164835165,S,A;C;G;K;N;R;S;T;Y,differs_from_consensus,True,True,scaffold_differs_from_msa_consensus,0.13961916241004463,buried_core,False,True,False,False,7.751784093169807,True,True,unassigned_manual_review,,not_annotated_no_domain_boundaries,,True,False
9M30,A,VI-D,binary,753,754,V,722.0,V,754.0,,VAL,True,2796,2797,four_layer_exact,high,0.978021978021978,0.1672473867595819,2.5902126977516384,0.021978021978022,E,D;E;G;K;Q;R;S,differs_from_consensus,True,True,scaffold_differs_from_msa_consensus,0.36705819688585267,surface,False,True,False,False,5.227540781564259,True,False,unassigned_manual_review,,not_annotated_no_domain_boundaries,,True,False
9M30,A,VI-D,binary,754,755,L,723.0,L,755.0,,LEU,True,2820,2821,four_layer_exact,high,0.967032967032967,0.4770318021201413,1.7914208502171265,0.0329670329670329,Y,C;I;L;Y,differs_from_consensus,True,True,scaffold_differs_from_msa_consensus,0.2943969282883378,surface,True,False,True,False,4.267889545832986,True,False,unassigned_manual_review,,not_annotated_no_domain_boundaries,,True,False
9M30,A,VI-D,binary,755,756,V,724.0,V,756.0,,VAL,True,2821,2822,four_layer_exact,high,0.9615384615384616,0.3914590747330961,1.5504590116416832,0.0384615384615384,L,F;I;L;M;V,differs_from_consensus,True,True,scaffold_differs_from_msa_consensus,0.013880784092412831,buried_core,False,False,False,False,9.270065087311846,True,True,unassigned_manual_review,,not_annotated_no_domain_boundaries,,True,False
9M30,A,VI-D,binary,757,758,N,726.0,N,758.0,,ASN,True,2824,2825,four_layer_exact,high,0.9505494505494504,0.2202166064981949,2.3007268366601537,0.0494505494505495,K,D;E;H;K;N;Q;S;T,differs_from_consensus,True,True,scaffold_differs_from_msa_consensus,0.44450539452225996,surface,False,False,False,False,9.083338589021848,True,False,unassigned_manual_review,,not_annotated_no_domain_boundaries,,True,False
9M30,A,VI-D,binary,760,761,Q,729.0,Q,761.0,,GLN,True,2886,2887,four_layer_exact,high,0.967032967032967,0.2367491166077738,2.1489935970760325,0.0329670329670329,E,A;D;E;K;N;S,differs_from_consensus,True,True,scaffold_differs_from_msa_consensus,0.5719825976452094,surface,False,False,False,False,15.430644352961696,True,False,unassigned_manual_review,,not_annotated_no_domain_boundaries,,True,False
9M30,A,VI-D,binary,762,763,S,731.0,S,763.0,,SER,True,2901,2902,four_layer_exact,high,0.945054945054945,0.2909090909090909,2.1035600283597664,0.0549450549450549,A,A;I;L;S;V;Y,differs_from_consensus,True,True,scaffold_differs_from_msa_consensus,0.20134503799868445,surface,False,False,False,False,18.25631655496177,True,False,unassigned_manual_review,,not_annotated_no_domain_boundaries,,True,False
9M30,A,VI-D,binary,764,765,I,733.0,I,765.0,,ILE,True,2903,2904,four_layer_exact,high,0.934065934065934,0.1845018450184501,2.3924975417138663,0.0659340659340659,K,D;E;K;N;Q;S,differs_from_consensus,True,True,scaffold_differs_from_msa_consensus,0.3643322542255996,surface,False,False,False,False,21.59917838064471,True,False,unassigned_manual_review,,not_annotated_no_domain_boundaries,,True,False
9M30,A,VI-D,binary,765,766,T,734.0,T,766.0,,THR,True,2904,2905,four_layer_exact,high,0.912087912087912,0.1444866920152091,2.714515138638037,0.0879120879120879,I,A;G;I;L;N;S;T;W;Y,differs_from_consensus,True,True,scaffold_differs_from_msa_consensus,0.19252819521788855,buried_core,False,False,False,False,21.916413429488507,True,True,unassigned_manual_review,,not_annotated_no_domain_boundaries,,True,False
9M30,A,VI-D,binary,766,767,A,735.0,A,767.0,,ALA,True,2927,2928,four_layer_exact,high,0.945054945054945,0.2608695652173913,2.1653032680391404,0.0549450549450549,L,A;F;I;L;M;S;T;V,differs_from_consensus,True,True,scaffold_differs_from_msa_consensus,0.037445836156276474,buried_core,False,False,False,False,19.000385088094518,True,True,unassigned_manual_review,,not_annotated_no_domain_boundaries,,True,False
9M30,A,VI-D,binary,767,768,V,736.0,V,768.0,,VAL,True,2928,2929,four_layer_exact,high,0.967032967032967,0.3028169014084507,1.9963040312387688,0.0329670329670329,I,F;I;L;V;Y,differs_from_consensus,True,True,scaffold_differs_from_msa_consensus,0.04858274432344491,buried_core,False,False,False,False,16.701178435331208,True,True,unassigned_manual_review,,not_annotated_no_domain_boundaries,,True,False
9M30,A,VI-D,binary,768,769,S,737.0,S,769.0,,SER,True,2940,2941,four_layer_exact,high,0.9945054945054944,0.2491467576791808,2.291636948478845,0.0054945054945054,R,K;N;R;S;T;V,differs_from_consensus,True,True,scaffold_differs_from_msa_consensus,0.1167517982506058,buried_core,False,False,False,False,18.990766216150437,True,True,unassigned_manual_review,,not_annotated_no_domain_boundaries,,True,False
9M30,A,VI-D,binary,769,770,S,738.0,S,770.0,,SER,True,2941,2942,four_layer_exact,high,0.9945054945054944,0.1228668941979522,2.709728539248469,0.0054945054945054,A,A;D;E;K;L;N;Q;S;T;V,differs_from_consensus,True,True,scaffold_differs_from_msa_consensus,0.08482413667394764,buried_core,False,False,False,False,18.802580743186848,True,True,unassigned_manual_review,,not_annotated_no_domain_boundaries,,True,False
9M30,A,VI-D,binary,770,771,F,739.0,F,771.0,,PHE,True,2942,2943,four_layer_exact,high,0.9945054945054944,0.4778156996587031,1.264865563050892,0.0054945054945054,Y,A;F;Y,differs_from_consensus,True,True,scaffold_differs_from_msa_consensus,0.015095352700498953,buried_core,False,False,False,False,12.61606003359349,True,True,unassigned_manual_review,,not_annotated_no_domain_boundaries,,True,False
9M30,A,VI-D,binary,771,772,R,740.0,A,772.0,,ALA,True,2943,2944,four_layer_literature_restored_substitution,high,0.9945054945054944,0.9863481228668942,0.0721777615461715,0.0054945054945054,R,R,matches_consensus,True,True,literature_confirmed_construct_substitution,0.11536551671826152,buried_core,False,False,False,False,15.433165053201584,True,True,HEPN2,,not_annotated_no_domain_boundaries,HEPN2_R,True,False
9M30,A,VI-D,binary,773,774,I,742.0,I,774.0,,ILE,True,2945,2946,four_layer_exact,high,0.9945054945054944,0.1979522184300341,2.486413414557738,0.0054945054945054,N,A;C;I;K;N;Q;S;T,differs_from_consensus,True,True,scaffold_differs_from_msa_consensus,0.02452036986883079,buried_core,False,False,False,False,16.465975672480894,True,True,unassigned_manual_review,,not_annotated_no_domain_boundaries,,True,False
9M30,A,VI-D,binary,776,777,H,745.0,A,777.0,,ALA,True,2948,2949,four_layer_literature_restored_substitution,high,0.9945054945054944,0.9931740614334472,0.040843717863401,0.0054945054945054,H,H,matches_consensus,True,True,literature_confirmed_construct_substitution,0.42657636084169964,surface,False,False,False,False,17.53519278399095,True,False,HEPN2,,not_annotated_no_domain_boundaries,HEPN2_H,True,False
9M30,A,VI-D,binary,777,778,I,746.0,I,778.0,,ILE,True,2949,2950,four_layer_exact,high,0.9945054945054944,0.7747440273037542,0.9264919163679826,0.0054945054945054,L,I;L;M,differs_from_consensus,True,True,scaffold_differs_from_msa_consensus,0.018390277401623092,buried_core,False,False,False,False,15.460085257597887,True,True,unassigned_manual_review,,not_annotated_no_domain_boundaries,,True,False
9M30,A,VI-D,binary,778,779,S,747.0,S,779.0,,SER,True,2950,2951,four_layer_exact,high,0.9945054945054944,0.5460750853242321,1.51553409871928,0.0054945054945054,N,A;N;S;T,differs_from_consensus,True,True,scaffold_differs_from_msa_consensus,0.10731907510067379,buried_core,False,False,False,False,18.88447993594732,True,True,unassigned_manual_review,,not_annotated_no_domain_boundaries,,True,False
9M30,A,VI-D,binary,779,780,V,748.0,V,780.0,,VAL,True,2951,2952,four_layer_exact,high,0.9945054945054944,0.4129692832764505,1.4208257338511148,0.0054945054945054,A,A;I;V,differs_from_consensus,True,True,scaffold_differs_from_msa_consensus,0.020165774912611723,buried_core,False,False,False,False,16.125500057614666,True,True,unassigned_manual_review,,not_annotated_no_domain_boundaries,,True,False
9M30,A,VI-D,binary,783,784,S,752.0,S,784.0,,SER,True,2972,2973,four_layer_exact,high,0.978021978021978,0.3310104529616725,1.93143586602138,0.021978021978022,A,A;C;F;I;L;M;V,differs_from_consensus,True,True,scaffold_differs_from_msa_consensus,0.0898643052439701,buried_core,False,False,False,False,16.937257835030657,True,True,unassigned_manual_review,,not_annotated_no_domain_boundaries,,True,False
9M30,A,VI-D,binary,784,785,N,753.0,N,785.0,,ASN,True,2973,2974,four_layer_exact,high,0.978021978021978,0.2578397212543554,2.355268453829789,0.021978021978022,D,A;D;G;H;N;P;S,differs_from_consensus,True,True,scaffold_differs_from_msa_consensus,0.18500752139039886,buried_core,False,False,False,False,20.13706949822577,True,True,unassigned_manual_review,,not_annotated_no_domain_boundaries,,True,False
9M30,A,VI-D,binary,785,786,E,754.0,E,786.0,,GLU,True,2974,2975,four_layer_exact,high,0.9835164835164836,0.3206459054209919,2.181501697909065,0.0164835164835165,K,D;E;K;L;N;R,differs_from_consensus,True,True,scaffold_differs_from_msa_consensus,0.47888375948701795,surface,False,False,False,False,22.226954551765726,True,False,unassigned_manual_review,,not_annotated_no_domain_boundaries,,True,False
9M30,A,VI-D,binary,788,789,S,757.0,S,789.0,,SER,True,2984,2985,four_layer_exact,high,0.9835164835164836,0.2745098039215686,2.1201385496305694,0.0164835164835165,G,A;D;E;G;K;N;S,differs_from_consensus,True,True,scaffold_differs_from_msa_consensus,0.535255070735649,surface,False,False,False,False,20.560828541656512,True,False,unassigned_manual_review,,not_annotated_no_domain_boundaries,,True,False
9M30,A,VI-D,binary,789,790,G,758.0,G,790.0,,GLY,True,2985,2986,four_layer_exact,high,0.9835164835164836,0.4636678200692041,1.6664074302277303,0.0164835164835165,D,D;E;G;K;N,differs_from_consensus,True,True,scaffold_differs_from_msa_consensus,0.2957860232159194,surface,False,False,False,False,21.552371341592067,True,False,unassigned_manual_review,,not_annotated_no_domain_boundaries,,True,False
9M30,A,VI-D,binary,791,792,G,760.0,G,792.0,,GLY,True,2993,2994,four_layer_exact,high,0.9505494505494504,0.3032490974729241,2.110489159128578,0.0494505494505495,K,A;E;G;K;R;S;T,differs_from_consensus,True,True,scaffold_differs_from_msa_consensus,0.26820888124173486,surface,False,False,False,False,19.416777112163313,True,False,unassigned_manual_review,,not_annotated_no_domain_boundaries,,True,False
9M30,A,VI-D,binary,793,794,L,762.0,L,794.0,,LEU,True,3007,3008,four_layer_exact,high,0.989010989010989,0.3539518900343643,1.6060298236467747,0.0109890109890109,I,F;I;M;V,differs_from_consensus,True,True,scaffold_differs_from_msa_consensus,0.08096737656156051,buried_core,False,False,False,False,12.830085606421937,True,True,unassigned_manual_review,,not_annotated_no_domain_boundaries,,True,False
9M30,A,VI-D,binary,794,795,H,763.0,H,795.0,,HIS,True,3008,3009,four_layer_exact,high,0.989010989010989,0.2623138602520045,2.1231691141312816,0.0109890109890109,D,D;E;K;N;S;T,differs_from_consensus,True,True,scaffold_differs_from_msa_consensus,0.5978489528690858,surface,False,False,False,False,10.955582841159176,True,False,unassigned_manual_review,,not_annotated_no_domain_boundaries,,True,False
9M30,A,VI-D,binary,803,804,L,772.0,L,804.0,,LEU,True,3051,3052,four_layer_exact,high,0.9945054945054944,0.3686006825938566,1.602683868186286,0.0054945054945054,I,A;C;I;L;V,differs_from_consensus,True,True,scaffold_differs_from_msa_consensus,0.0,buried_core,False,False,False,False,16.328141666599844,True,True,unassigned_manual_review,,not_annotated_no_domain_boundaries,,True,False
9M30,A,VI-D,binary,804,805,V,773.0,V,805.0,,VAL,True,3061,3062,four_layer_exact,high,0.9945054945054944,0.3651877133105802,1.635936536196335,0.0054945054945054,M,I;L;M;V,differs_from_consensus,True,True,scaffold_differs_from_msa_consensus,0.0,buried_core,False,False,False,False,16.973727190037028,True,True,unassigned_manual_review,,not_annotated_no_domain_boundaries,,True,False
9M30,A,VI-D,binary,806,807,S,775.0,S,807.0,,SER,True,3063,3064,four_layer_exact,high,0.9945054945054944,0.5870307167235495,1.465201573163282,0.0054945054945054,R,K;R;S,differs_from_consensus,True,True,scaffold_differs_from_msa_consensus,0.12454294803150848,buried_core,False,False,False,False,22.834583654147163,True,True,unassigned_manual_review,,not_annotated_no_domain_boundaries,,True,False
9M30,A,VI-D,binary,807,808,M,776.0,M,808.0,,MET,True,3080,3081,four_layer_exact,high,0.9615384615384616,0.1067615658362989,2.7734581905670805,0.0384615384615384,H,A;H;I;L;M;Q;S;Y,differs_from_consensus,True,True,scaffold_differs_from_msa_consensus,0.03950552761889165,buried_core,False,False,False,False,20.771861544584976,True,True,unassigned_manual_review,,not_annotated_no_domain_boundaries,,True,False
9M30,A,VI-D,binary,808,809,I,777.0,I,809.0,,ILE,True,3081,3082,four_layer_exact,high,0.989010989010989,0.5773195876288659,1.2142087209349026,0.0109890109890109,L,I;L;M;V,differs_from_consensus,True,True,scaffold_differs_from_msa_consensus,0.018390277401623092,buried_core,False,False,False,False,20.67354250379153,True,True,unassigned_manual_review,,not_annotated_no_domain_boundaries,,True,False
9M30,A,VI-D,binary,809,810,A,778.0,A,810.0,,ALA,True,3091,3092,four_layer_exact,high,0.8131868131868132,0.1746724890829694,2.4703232462616773,0.1868131868131868,L,A;F;I;L;M;Q;V;Y,differs_from_consensus,True,True,scaffold_differs_from_msa_consensus,0.323290048695608,surface,False,False,False,False,25.911485823261973,True,False,unassigned_manual_review,,not_annotated_no_domain_boundaries,,True,False
9M30,A,VI-D,binary,810,811,K,779.0,K,811.0,,LYS,True,3092,3093,four_layer_exact,high,0.7967032967032966,0.2690582959641255,2.1311032502971,0.2032967032967033,D,D;E;G;K;N;S,differs_from_consensus,False,True,scaffold_differs_from_msa_consensus,0.545910561864315,surface,False,False,False,False,28.197862812405933,True,False,unassigned_manual_review,,not_annotated_no_domain_boundaries,,False,False
9M30,A,VI-D,binary,811,812,N,780.0,N,812.0,,ASN,True,3111,3112,four_layer_exact,high,0.6483516483516484,0.4078431372549019,1.7946383577714922,0.3516483516483516,D,D;E;N;S,differs_from_consensus,False,True,scaffold_differs_from_msa_consensus,0.41008384990711216,surface,False,False,False,False,27.51382167715675,True,False,unassigned_manual_review,,not_annotated_no_domain_boundaries,,False,False
9M30,A,VI-D,binary,812,813,N,781.0,N,813.0,,ASN,True,3112,3113,four_layer_exact,high,0.6538461538461539,0.1962209302325581,2.5776045604077606,0.3461538461538461,K,E;H;K;N;P;R;S;Y,differs_from_consensus,False,True,scaffold_differs_from_msa_consensus,0.5042657688442016,surface,False,False,False,False,28.20963004357418,True,False,unassigned_manual_review,,not_annotated_no_domain_boundaries,,False,False
9M30,A,VI-D,binary,813,814,W,782.0,W,814.0,,TRP,True,3113,3114,four_layer_exact,high,0.6538461538461539,0.1511627906976744,2.5844502358479784,0.3461538461538461,S,A;E;G;K;S;T,differs_from_consensus,False,True,scaffold_differs_from_msa_consensus,0.3521670249013569,surface,False,False,False,False,23.30964343022763,True,False,unassigned_manual_review,,not_annotated_no_domain_boundaries,,False,False
9M30,A,VI-D,binary,814,815,Y,783.0,Y,815.0,,TYR,True,3114,3115,four_layer_exact,high,0.6428571428571429,0.2731152204836415,2.4580433833576945,0.3571428571428571,K,E;K;N;S;Y,differs_from_consensus,False,True,scaffold_differs_from_msa_consensus,0.2715400610638038,surface,False,False,False,False,26.233160958643296,True,False,unassigned_manual_review,,not_annotated_no_domain_boundaries,,False,False
9M30,A,VI-D,binary,816,817,T,785.0,T,817.0,,THR,True,3116,3117,four_layer_exact,high,0.6373626373626373,0.1176470588235294,2.7959902884656938,0.3626373626373627,E,A;D;E;G;K;L;S;T,differs_from_consensus,False,True,scaffold_differs_from_msa_consensus,0.39981084380321447,surface,False,False,False,False,26.455324891233648,True,False,unassigned_manual_review,,not_annotated_no_domain_boundaries,,False,False
9M30,A,VI-D,binary,817,818,S,786.0,S,818.0,,SER,True,3117,3118,four_layer_exact,high,0.6098901098901099,0.1875,2.6075595058323318,0.39010989010989,N,A;D;F;K;N;Q;S;V;Y,differs_from_consensus,False,True,scaffold_differs_from_msa_consensus,0.6228575103423932,surface,False,False,False,False,27.379017025127272,True,False,unassigned_manual_review,,not_annotated_no_domain_boundaries,,False,False
9M30,A,VI-D,binary,818,819,H,787.0,H,819.0,,HIS,True,3118,3119,four_layer_exact,high,0.4175824175824176,0.1973684210526315,2.3697393626424144,0.5824175824175823,S,A;D;E;G;K;N;P;S,differs_from_consensus,False,True,scaffold_differs_from_msa_consensus,0.7013188216115236,surface,False,False,False,False,24.155508395805462,True,False,unassigned_manual_review,,not_annotated_no_domain_boundaries,,False,False
9M30,A,VI-D,binary,819,820,Q,788.0,Q,820.0,,GLN,True,3143,3144,four_layer_exact,high,0.2197802197802197,0.4615384615384615,1.5072818507947183,0.7802197802197802,K,D;E;K;Q;R,differs_from_consensus,False,True,scaffold_differs_from_msa_consensus,0.092884468022376,buried_core,False,False,False,False,18.991582847354657,True,True,unassigned_manual_review,,not_annotated_no_domain_boundaries,,False,False
9M30,A,VI-D,binary,820,821,P,789.0,P,821.0,,PRO,True,3165,3166,four_layer_exact,high,0.5989010989010989,0.1958925750394944,2.473618564339416,0.4010989010989011,E,A;D;E;G;K;N;P;S,differs_from_consensus,False,True,scaffold_differs_from_msa_consensus,0.695102704932414,surface,False,False,False,False,21.784189930851188,True,False,unassigned_manual_review,,not_annotated_no_domain_boundaries,,False,False
9M30,A,VI-D,binary,822,823,T,791.0,T,823.0,,THR,True,3167,3168,four_layer_exact,high,0.8186813186813187,0.2401746724890829,2.3015612297799546,0.1813186813186813,L,I;K;L;S;T;V,differs_from_consensus,True,True,scaffold_differs_from_msa_consensus,0.01947992014049626,buried_core,False,False,False,False,21.343171988310164,True,True,unassigned_manual_review,,not_annotated_no_domain_boundaries,,True,False
9M30,A,VI-D,binary,823,824,A,792.0,A,824.0,,ALA,True,3168,3169,four_layer_exact,high,0.934065934065934,0.1586715867158671,2.57940935691118,0.0659340659340659,K,A;D;E;K;L;N;Q,differs_from_consensus,True,True,scaffold_differs_from_msa_consensus,0.34426283418234505,surface,False,False,False,False,22.9760500584762,True,False,unassigned_manual_review,,not_annotated_no_domain_boundaries,,True,False
9M30,A,VI-D,binary,826,827,L,795.0,L,827.0,,LEU,True,3171,3172,four_layer_exact,high,0.9725274725274724,0.2736842105263158,2.3840711075667165,0.0274725274725274,F,A;F;K;L;R;S;Y,differs_from_consensus,True,True,scaffold_differs_from_msa_consensus,0.1401296618561931,buried_core,False,False,False,False,22.70758443579115,True,True,unassigned_manual_review,,not_annotated_no_domain_boundaries,,True,False
9M30,A,VI-D,binary,827,828,N,796.0,N,828.0,,ASN,True,3185,3186,four_layer_exact,high,0.9725274725274724,0.2280701754385964,2.121004101676971,0.0274725274725274,E,A;D;E;K;N;S,differs_from_consensus,True,True,scaffold_differs_from_msa_consensus,0.506508962663254,surface,False,False,False,False,23.716353717762285,True,False,unassigned_manual_review,,not_annotated_no_domain_boundaries,,True,False
9M30,A,VI-D,binary,828,829,N,797.0,N,829.0,,ASN,True,3186,3187,four_layer_exact,high,0.9725274725274724,0.175438596491228,2.509953448043905,0.0274725274725274,K,A;D;E;K;L;N;Q;S,differs_from_consensus,True,True,scaffold_differs_from_msa_consensus,0.3094211636510299,surface,False,False,False,False,18.319155162211857,True,False,unassigned_manual_review,,not_annotated_no_domain_boundaries,,True,False
9M30,A,VI-D,binary,830,831,K,799.0,K,831.0,,LYS,True,3193,3194,four_layer_exact,high,0.9615384615384616,0.1708185053380783,2.4935338041618795,0.0384615384615384,E,D;E;K;L;N;R;S,differs_from_consensus,True,True,scaffold_differs_from_msa_consensus,0.6368315013465234,surface,False,False,False,False,25.832332755412374,True,False,unassigned_manual_review,,not_annotated_no_domain_boundaries,,True,False
9M30,A,VI-D,binary,832,833,H,801.0,H,833.0,,HIS,True,3206,3207,four_layer_exact,high,0.912087912087912,0.4924242424242424,1.7660496347280823,0.0879120879120879,Y,F;H;N;Y,differs_from_consensus,True,True,scaffold_differs_from_msa_consensus,0.5406696103792614,surface,False,False,False,False,21.720337534956016,True,False,unassigned_manual_review,,not_annotated_no_domain_boundaries,,True,False
9M30,A,VI-D,binary,833,834,H,802.0,H,834.0,,HIS,True,3213,3214,four_layer_exact,high,0.978021978021978,0.3484320557491289,1.8051593138252695,0.021978021978022,G,G;H;K;N;R,differs_from_consensus,True,True,scaffold_differs_from_msa_consensus,0.45406111820759054,surface,False,False,False,False,21.50158875924986,True,False,unassigned_manual_review,,not_annotated_no_domain_boundaries,,True,False
9M30,A,VI-D,binary,836,837,C,805.0,C,837.0,,CYS,True,3216,3217,four_layer_exact,high,0.989010989010989,0.3608247422680412,1.6287875860541623,0.0109890109890109,S,C;D;N;S;V,differs_from_consensus,True,True,scaffold_differs_from_msa_consensus,0.04575814353647793,buried_core,False,False,False,False,17.348803120577568,True,True,unassigned_manual_review,,not_annotated_no_domain_boundaries,,True,False
9M30,A,VI-D,binary,843,844,Y,812.0,Y,844.0,,TYR,True,3223,3224,four_layer_exact,high,0.9945054945054944,0.7133105802047781,1.0995162720432474,0.0054945054945054,L,I;L;Y,differs_from_consensus,True,True,scaffold_differs_from_msa_consensus,0.0,buried_core,False,False,False,False,14.265745108053913,True,True,unassigned_manual_review,,not_annotated_no_domain_boundaries,,True,False
9M30,A,VI-D,binary,844,845,C,813.0,C,845.0,,CYS,True,3224,3225,four_layer_exact,high,0.9945054945054944,0.5938566552901023,1.162126883169962,0.0054945054945054,N,C;F;N;Y,differs_from_consensus,True,True,scaffold_differs_from_msa_consensus,0.01364722898265052,buried_core,False,False,False,False,11.710833681539384,True,True,unassigned_manual_review,,not_annotated_no_domain_boundaries,,True,False
9M30,A,VI-D,binary,845,846,I,814.0,I,846.0,,ILE,True,3225,3226,four_layer_exact,high,0.9945054945054944,0.2798634812286689,1.9470579621542503,0.0054945054945054,V,A;I;L;S;T;V,differs_from_consensus,True,True,scaffold_differs_from_msa_consensus,0.0,buried_core,False,False,False,False,13.526628289815822,True,True,unassigned_manual_review,,not_annotated_no_domain_boundaries,,True,False
9M30,A,VI-D,binary,848,849,G,817.0,G,849.0,,GLY,True,3271,3272,four_layer_exact,high,0.9945054945054944,0.5426621160409556,0.8563680260277136,0.0054945054945054,A,A;G,differs_from_consensus,True,True,scaffold_differs_from_msa_consensus,0.0,buried_core,False,False,False,False,10.176548371233995,True,True,unassigned_manual_review,,not_annotated_no_domain_boundaries,,True,False
9M30,A,VI-D,binary,850,851,V,819.0,V,851.0,,VAL,True,3273,3274,four_layer_exact,high,0.9945054945054944,0.8703071672354948,0.5843109063318744,0.0054945054945054,N,C;N,differs_from_consensus,True,True,scaffold_differs_from_msa_consensus,0.03470196023103208,buried_core,True,False,True,False,4.235728320871567,True,True,unassigned_manual_review,,not_annotated_no_domain_boundaries,,True,False
9M30,A,VI-D,binary,851,852,V,820.0,V,852.0,,VAL,True,3274,3275,four_layer_exact,high,0.9945054945054944,0.6484641638225256,1.366584549574924,0.0054945054945054,L,I;L;V,differs_from_consensus,True,True,scaffold_differs_from_msa_consensus,0.0416423522772385,buried_core,True,False,True,False,4.632011548254499,True,True,unassigned_manual_review,,not_annotated_no_domain_boundaries,,True,False
9M30,A,VI-D,binary,858,859,T,827.0,T,859.0,,THR,True,3286,3287,four_layer_exact,high,0.9945054945054944,0.6075085324232082,0.7385756362529033,0.0054945054945054,S,S;T,differs_from_consensus,True,True,scaffold_differs_from_msa_consensus,0.08177404944646838,buried_core,False,False,False,False,9.139345469412206,True,True,unassigned_manual_review,,not_annotated_no_domain_boundaries,,True,False
9M30,A,VI-D,binary,860,861,N,829.0,N,861.0,,ASN,True,3292,3293,four_layer_exact,high,0.9945054945054944,0.4914675767918088,1.6634119131836618,0.0054945054945054,E,A;D;E;K;N,differs_from_consensus,True,True,scaffold_differs_from_msa_consensus,0.21431397317916637,surface,False,False,False,False,8.15604793115692,True,False,unassigned_manual_review,,not_annotated_no_domain_boundaries,,True,False
9M30,A,VI-D,binary,867,868,N,836.0,N,868.0,,ASN,True,3317,3318,four_layer_exact,high,0.8956043956043956,0.2996108949416342,2.244778911930258,0.1043956043956043,E,A;D;E;K;N;R;S,differs_from_consensus,True,True,scaffold_differs_from_msa_consensus,0.4768446593051453,surface,False,True,False,False,5.32941505916153,True,False,unassigned_manual_review,,not_annotated_no_domain_boundaries,,True,False
9M30,A,VI-D,binary,868,869,P,837.0,P,869.0,,PRO,True,3409,3410,four_layer_exact,high,0.4835164835164835,0.1794871794871795,2.637974726987787,0.5164835164835164,Y,A;E;I;K;L;P;T;Y,differs_from_consensus,False,True,scaffold_differs_from_msa_consensus,0.49174658261088344,surface,True,False,True,False,4.078352530530385,True,False,unassigned_manual_review,,not_annotated_no_domain_boundaries,,False,False
9M30,A,VI-D,binary,869,870,N,838.0,N,870.0,,ASN,True,3410,3411,four_layer_exact,high,0.5494505494505495,0.2487046632124352,2.1752514613789637,0.4505494505494505,K,A;I;K;L;N;Q;R;T,differs_from_consensus,False,True,scaffold_differs_from_msa_consensus,0.4433748722674512,surface,True,False,True,False,2.889139835960887,True,False,unassigned_manual_review,,not_annotated_no_domain_boundaries,,False,False
9M30,A,VI-D,binary,872,873,P,841.0,P,873.0,,PRO,True,3413,3414,four_layer_exact,high,0.7912087912087912,0.1963470319634703,2.3631954098400354,0.2087912087912088,K,A;D;E;K;P;Q;T;V,differs_from_consensus,False,True,scaffold_differs_from_msa_consensus,0.5288659026625965,surface,False,True,False,False,6.763753838067289,True,False,unassigned_manual_review,,not_annotated_no_domain_boundaries,,False,False
9M30,A,VI-D,binary,875,876,E,,,,,,False,3458,3459,full_msa_only_unresolved_coordinate,medium,0.1373626373626373,0.875,0.4563344322932884,0.8626373626373627,E,D;E,matches_consensus,False,True,unresolved_terminal,,,,,,,,False,False,unassigned_manual_review,,not_annotated_no_domain_boundaries,,False,False
9M30,A,VI-D,binary,876,877,V,,,,,,False,3459,3460,full_msa_only_unresolved_coordinate,medium,0.0989010989010989,0.2941176470588235,1.9721037385162652,0.9010989010989012,D,A;D;E;I;K;N;Q;T;V,differs_from_consensus,False,True,unresolved_terminal;scaffold_differs_from_msa_consensus,,,,,,,,False,False,unassigned_manual_review,,not_annotated_no_domain_boundaries,,False,False
