pdb_id,chain_id,subtype,state,full_scaffold_index_0,biological_index_1,full_scaffold_amino_acid,coordinate_index_0,coordinate_amino_acid,pdb_residue_number,pdb_insertion_code,pdb_residue_name,backbone_complete,msa_column_0,msa_column_1,mapping_status,mapping_confidence,msa_coverage,conservation,entropy,gap_fraction,msa_consensus,allowed_residues,scaffold_consensus_status,conservation_constraint_eligible,manual_review_required,decision_reasons,relative_sasa,structural_burial,RNA_contact,RNA_second_shell,crrna_interface,target_rna_interface,minimum_rna_distance,coordinate_available,protein_core,domain,domain_interface,domain_interface_status,HEPN_annotation,mapping_gate_passed,chain_break_adjacent
9M33,A,VI-D,ternary_tr1,0,1,M,,,,,,False,43,44,full_msa_only_unresolved_coordinate,medium,0.9065934065934066,0.9545920378399684,0.2411828238299522,0.0934065934065934,M,M,matches_consensus,False,True,unresolved_terminal,,,,,,,,False,False,unassigned_manual_review,,not_annotated_no_domain_boundaries,,False,False
9M33,A,VI-D,ternary_tr1,1,2,K,,,,,,False,44,45,full_msa_only_unresolved_coordinate,medium,0.9065934065934066,0.257311785573512,2.090300057390328,0.0934065934065934,K,A;E;G;K;N;S;T,matches_consensus,False,True,unresolved_terminal,,,,,,,,False,False,unassigned_manual_review,,not_annotated_no_domain_boundaries,,False,False
9M33,A,VI-D,ternary_tr1,2,3,K,,,,,,False,46,47,full_msa_only_unresolved_coordinate,medium,0.8571428571428571,0.6467303950596396,1.3013013479555542,0.1428571428571429,K,E;K;N,matches_consensus,False,True,unresolved_terminal,,,,,,,,False,False,unassigned_manual_review,,not_annotated_no_domain_boundaries,,False,False
9M33,A,VI-D,ternary_tr1,3,4,Q,,,,,,False,48,49,full_msa_only_unresolved_coordinate,medium,0.8461538461538461,0.6326425316020294,1.3574115577290655,0.1538461538461538,K,K;N,differs_from_consensus,False,True,unresolved_terminal;scaffold_differs_from_msa_consensus,,,,,,,,False,False,unassigned_manual_review,,not_annotated_no_domain_boundaries,,False,False
9M33,A,VI-D,ternary_tr1,4,5,K,,,,,,False,85,86,full_msa_only_unresolved_coordinate,medium,0.6868131868131868,0.2029146734898208,2.252092333101242,0.3131868131868132,K,E;I;K;L;M;Q;V,matches_consensus,False,True,unresolved_terminal,,,,,,,,False,False,unassigned_manual_review,,not_annotated_no_domain_boundaries,,False,False
9M33,A,VI-D,ternary_tr1,5,6,S,,,,,,False,86,87,full_msa_only_unresolved_coordinate,medium,0.6923076923076923,0.3170060539350577,2.042154349993927,0.3076923076923077,N,K;N;S;T,differs_from_consensus,False,True,unresolved_terminal;scaffold_differs_from_msa_consensus,,,,,,,,False,False,unassigned_manual_review,,not_annotated_no_domain_boundaries,,False,False
9M33,A,VI-D,ternary_tr1,6,7,K,,,,,,False,215,216,full_msa_only_unresolved_coordinate,medium,0.8681318681318682,0.5127778240239741,1.9045604964317489,0.1318681318681318,K,K;R,matches_consensus,False,True,unresolved_terminal,,,,,,,,False,False,unassigned_manual_review,,not_annotated_no_domain_boundaries,,False,False
9M33,A,VI-D,ternary_tr1,7,8,K,,,,,,False,216,217,full_msa_only_unresolved_coordinate,medium,0.8901098901098901,0.95353714608373,0.2497454434196022,0.1098901098901099,K,K,matches_consensus,False,True,unresolved_terminal,,,,,,,,False,False,unassigned_manual_review,,not_annotated_no_domain_boundaries,,False,False
9M33,A,VI-D,ternary_tr1,8,9,T,,,,,,False,248,249,full_msa_only_unresolved_coordinate,medium,0.945054945054945,0.7125102942277457,0.9071193515018484,0.0549450549450549,S,S;T,differs_from_consensus,False,True,unresolved_terminal;scaffold_differs_from_msa_consensus,,,,,,,,False,False,unassigned_manual_review,,not_annotated_no_domain_boundaries,,False,False
9M33,A,VI-D,ternary_tr1,9,10,V,,,,,,False,249,250,full_msa_only_unresolved_coordinate,medium,0.9505494505494504,0.2069426893629673,2.509394981641873,0.0494505494505495,K,A;K;L;N;R;S;T,differs_from_consensus,False,True,unresolved_terminal;scaffold_differs_from_msa_consensus,,,,,,,,False,False,unassigned_manual_review,,not_annotated_no_domain_boundaries,,False,False
9M33,A,VI-D,ternary_tr1,10,11,S,,,,,,False,250,251,full_msa_only_unresolved_coordinate,medium,0.956043956043956,0.6693482913868182,1.2504246457891033,0.0439560439560439,A,A;S;V,differs_from_consensus,False,True,unresolved_terminal;scaffold_differs_from_msa_consensus,,,,,,,,False,False,unassigned_manual_review,,not_annotated_no_domain_boundaries,,False,False
9M33,A,VI-D,ternary_tr1,11,12,K,,,,,,False,251,252,full_msa_only_unresolved_coordinate,medium,0.956043956043956,0.9929146062440032,0.0421309468454774,0.0439560439560439,K,K,matches_consensus,False,True,unresolved_terminal,,,,,,,,False,False,unassigned_manual_review,,not_annotated_no_domain_boundaries,,False,False
9M33,A,VI-D,ternary_tr1,12,13,T,,,,,,False,252,253,full_msa_only_unresolved_coordinate,medium,0.9615384615384616,0.6552583363869549,1.3528717150717957,0.0384615384615384,A,A;R,differs_from_consensus,False,True,unresolved_terminal;scaffold_differs_from_msa_consensus,,,,,,,,False,False,unassigned_manual_review,,not_annotated_no_domain_boundaries,,False,False
9M33,A,VI-D,ternary_tr1,13,14,S,,,,,,False,253,254,full_msa_only_unresolved_coordinate,medium,0.967032967032967,0.4271159304271887,1.7182799322688695,0.0329670329670329,A,A;I;L;M;S;V,differs_from_consensus,False,True,unresolved_terminal;scaffold_differs_from_msa_consensus,,,,,,,,False,False,unassigned_manual_review,,not_annotated_no_domain_boundaries,,False,False
9M33,A,VI-D,ternary_tr1,14,15,G,,,,,,False,254,255,full_msa_only_unresolved_coordinate,medium,0.967032967032967,0.9860272178152972,0.0832326775644997,0.0329670329670329,G,G,matches_consensus,False,True,unresolved_terminal,,,,,,,,False,False,unassigned_manual_review,,not_annotated_no_domain_boundaries,,False,False
9M33,A,VI-D,ternary_tr1,15,16,L,,,,,,False,255,256,full_msa_only_unresolved_coordinate,medium,0.967032967032967,0.5763772651189869,1.08187629296816,0.0329670329670329,L,I;L;V,matches_consensus,False,True,unresolved_terminal,,,,,,,,False,False,unassigned_manual_review,,not_annotated_no_domain_boundaries,,False,False
9M33,A,VI-D,ternary_tr1,16,17,K,,,,,,False,256,257,full_msa_only_unresolved_coordinate,medium,0.967032967032967,0.979040826722946,0.1247749378664701,0.0329670329670329,K,K,matches_consensus,False,True,unresolved_terminal,,,,,,,,False,False,unassigned_manual_review,,not_annotated_no_domain_boundaries,,False,False
9M33,A,VI-D,ternary_tr1,17,18,E,,,,,,False,257,258,full_msa_only_unresolved_coordinate,medium,0.967032967032967,0.9091769157994324,0.4581478074836201,0.0329670329670329,S,S,differs_from_consensus,False,True,unresolved_terminal;scaffold_differs_from_msa_consensus,,,,,,,,False,False,unassigned_manual_review,,not_annotated_no_domain_boundaries,,False,False
9M33,A,VI-D,ternary_tr1,18,19,A,,,,,,False,258,259,full_msa_only_unresolved_coordinate,medium,0.967032967032967,0.3947310967178516,1.6992246664650792,0.0329670329670329,T,A;I;T;V,differs_from_consensus,False,True,unresolved_terminal;scaffold_differs_from_msa_consensus,,,,,,,,False,False,unassigned_manual_review,,not_annotated_no_domain_boundaries,,False,False
9M33,A,VI-D,ternary_tr1,19,20,L,,,,,,False,259,260,full_msa_only_unresolved_coordinate,medium,0.967032967032967,0.5062950294738373,1.2498110704586254,0.0329670329670329,F,F;I;L,differs_from_consensus,False,True,unresolved_terminal;scaffold_differs_from_msa_consensus,,,,,,,,False,False,unassigned_manual_review,,not_annotated_no_domain_boundaries,,False,False
9M33,A,VI-D,ternary_tr1,20,21,S,,,,,,False,260,261,full_msa_only_unresolved_coordinate,medium,0.9725274725274724,0.3272385632723856,2.1121187202881275,0.0274725274725274,V,A;I;S;V,differs_from_consensus,False,True,unresolved_terminal;scaffold_differs_from_msa_consensus,,,,,,,,False,False,unassigned_manual_review,,not_annotated_no_domain_boundaries,,False,False
9M33,A,VI-D,ternary_tr1,21,22,V,,,,,,False,261,262,full_msa_only_unresolved_coordinate,medium,0.9725274725274724,0.2009828720098287,2.366567536764244,0.0274725274725274,V,F;H;I;L;V;Y,matches_consensus,False,True,unresolved_terminal,,,,,,,,False,False,unassigned_manual_review,,not_annotated_no_domain_boundaries,,False,False
9M33,A,VI-D,ternary_tr1,22,23,Q,,,,,,False,262,263,full_msa_only_unresolved_coordinate,medium,0.9725274725274724,0.3304184433041844,1.801106335966163,0.0274725274725274,G,D;G;N;S,differs_from_consensus,False,True,unresolved_terminal;scaffold_differs_from_msa_consensus,,,,,,,,False,False,unassigned_manual_review,,not_annotated_no_domain_boundaries,,False,False
9M33,A,VI-D,ternary_tr1,23,24,G,,,,,,False,267,268,full_msa_only_unresolved_coordinate,medium,0.9395604395604396,0.4560742025488273,1.6173802814414795,0.0604395604395604,D,D;E;G;K;N,differs_from_consensus,False,True,unresolved_terminal;scaffold_differs_from_msa_consensus,,,,,,,,False,False,unassigned_manual_review,,not_annotated_no_domain_boundaries,,False,False
9M33,A,VI-D,ternary_tr1,24,25,T,,,,,,False,274,275,full_msa_only_unresolved_coordinate,medium,0.956043956043956,0.3200236179791866,2.0036331809104624,0.0439560439560439,K,D;E;K;N;R;S;T,differs_from_consensus,False,True,unresolved_terminal;scaffold_differs_from_msa_consensus,,,,,,,,False,False,unassigned_manual_review,,not_annotated_no_domain_boundaries,,False,False
9M33,A,VI-D,ternary_tr1,25,26,V,,,,,,False,280,281,full_msa_only_unresolved_coordinate,medium,0.9725274725274724,0.3989304039893039,1.648984130767411,0.0274725274725274,L,I;L;V,differs_from_consensus,False,True,unresolved_terminal;scaffold_differs_from_msa_consensus,,,,,,,,False,False,unassigned_manual_review,,not_annotated_no_domain_boundaries,,False,False
9M33,A,VI-D,ternary_tr1,26,27,I,,,,,,False,281,282,full_msa_only_unresolved_coordinate,medium,0.9725274725274724,0.2671099226710992,1.7819001293843486,0.0274725274725274,L,A;I;L;V;Y,differs_from_consensus,False,True,unresolved_terminal;scaffold_differs_from_msa_consensus,,,,,,,,False,False,unassigned_manual_review,,not_annotated_no_domain_boundaries,,False,False
9M33,A,VI-D,ternary_tr1,27,28,M,,,,,,False,282,283,full_msa_only_unresolved_coordinate,medium,0.967032967032967,0.4294447274579724,1.4811518958896204,0.0329670329670329,M,I;L;M;V,matches_consensus,False,True,unresolved_terminal,,,,,,,,False,False,unassigned_manual_review,,not_annotated_no_domain_boundaries,,False,False
9M33,A,VI-D,ternary_tr1,28,29,T,,,,,,False,284,285,full_msa_only_unresolved_coordinate,medium,0.978021978021978,0.8621976602311059,0.6059760468456942,0.021978021978022,T,S;T,matches_consensus,False,True,unresolved_terminal,,,,,,,,False,False,unassigned_manual_review,,not_annotated_no_domain_boundaries,,False,False
9M33,A,VI-D,ternary_tr1,29,30,S,,,,,,False,292,293,full_msa_only_unresolved_coordinate,medium,0.978021978021978,0.7381755544391013,0.9947325851226966,0.021978021978022,S,A;S;T,matches_consensus,False,True,unresolved_terminal,,,,,,,,False,False,unassigned_manual_review,,not_annotated_no_domain_boundaries,,False,False
9M33,A,VI-D,ternary_tr1,30,31,F,,,,,,False,293,294,full_msa_only_unresolved_coordinate,medium,0.978021978021978,0.8966482451733295,0.5286431443832109,0.021978021978022,F,F,matches_consensus,False,True,unresolved_terminal,,,,,,,,False,False,unassigned_manual_review,,not_annotated_no_domain_boundaries,,False,False
9M33,A,VI-D,ternary_tr1,31,32,G,,,,,,False,312,313,full_msa_only_unresolved_coordinate,medium,0.9505494505494504,0.7930573106370326,0.922177043381254,0.0494505494505495,G,G,matches_consensus,False,True,unresolved_terminal,,,,,,,,False,False,unassigned_manual_review,,not_annotated_no_domain_boundaries,,False,False
9M33,A,VI-D,ternary_tr1,32,33,K,,,,,,False,313,314,full_msa_only_unresolved_coordinate,medium,0.956043956043956,0.4865303712451103,1.5400904170215637,0.0439560439560439,K,K;N;R,matches_consensus,False,True,unresolved_terminal,,,,,,,,False,False,unassigned_manual_review,,not_annotated_no_domain_boundaries,,False,False
9M33,A,VI-D,ternary_tr1,33,34,G,,,,,,False,314,315,full_msa_only_unresolved_coordinate,medium,0.9615384615384616,0.7467204104067423,1.0872364902092786,0.0384615384615384,G,G;K,matches_consensus,False,True,unresolved_terminal,,,,,,,,False,False,unassigned_manual_review,,not_annotated_no_domain_boundaries,,False,False
9M33,A,VI-D,ternary_tr1,34,35,N,,,,,,False,315,316,full_msa_only_unresolved_coordinate,medium,0.967032967032967,0.6646532275671349,1.440195898959805,0.0329670329670329,N,N;S,matches_consensus,False,True,unresolved_terminal,,,,,,,,False,False,unassigned_manual_review,,not_annotated_no_domain_boundaries,,False,False
9M33,A,VI-D,ternary_tr1,35,36,M,,,,,,False,316,317,full_msa_only_unresolved_coordinate,medium,0.9725274725274724,0.2356724723567247,2.099879356735846,0.0274725274725274,D,A;D;E;K;N;S;T,differs_from_consensus,False,True,unresolved_terminal;scaffold_differs_from_msa_consensus,,,,,,,,False,False,unassigned_manual_review,,not_annotated_no_domain_boundaries,,False,False
9M33,A,VI-D,ternary_tr1,36,37,A,,,,,,False,317,318,full_msa_only_unresolved_coordinate,medium,0.9725274725274724,0.7294211172942111,1.10516738090373,0.0274725274725274,A,A;S,matches_consensus,False,True,unresolved_terminal,,,,,,,,False,False,unassigned_manual_review,,not_annotated_no_domain_boundaries,,False,False
9M33,A,VI-D,ternary_tr1,37,38,N,,,,,,False,318,319,full_msa_only_unresolved_coordinate,medium,0.9725274725274724,0.3270217532702175,2.237269038976929,0.0274725274725274,V,A;E;I;K;L;N;V,differs_from_consensus,False,True,unresolved_terminal;scaffold_differs_from_msa_consensus,,,,,,,,False,False,unassigned_manual_review,,not_annotated_no_domain_boundaries,,False,False
9M33,A,VI-D,ternary_tr1,38,39,L,,,,,,False,319,320,full_msa_only_unresolved_coordinate,medium,0.978021978021978,0.3557740615804205,1.9760526724519545,0.021978021978022,L,I;L;N;P;V,matches_consensus,False,True,unresolved_terminal,,,,,,,,False,False,unassigned_manual_review,,not_annotated_no_domain_boundaries,,False,False
9M33,A,VI-D,ternary_tr1,39,40,S,,,,,,False,320,321,full_msa_only_unresolved_coordinate,medium,0.978021978021978,0.655494150577765,1.3890713160628303,0.021978021978022,E,A;E;I;V,differs_from_consensus,False,True,unresolved_terminal;scaffold_differs_from_msa_consensus,,,,,,,,False,False,unassigned_manual_review,,not_annotated_no_domain_boundaries,,False,False
9M33,A,VI-D,ternary_tr1,40,41,Y,,,,,,False,321,322,full_msa_only_unresolved_coordinate,medium,0.978021978021978,0.5133137156391301,1.8214920525862968,0.021978021978022,K,E;K;Q,differs_from_consensus,False,True,unresolved_terminal;scaffold_differs_from_msa_consensus,,,,,,,,False,False,unassigned_manual_review,,not_annotated_no_domain_boundaries,,False,False
9M33,A,VI-D,ternary_tr1,41,42,K,,,,,,False,322,323,full_msa_only_unresolved_coordinate,medium,0.967032967032967,0.3421148388035804,2.1951504323846187,0.0329670329670329,K,E;I;K;R,matches_consensus,False,True,unresolved_terminal,,,,,,,,False,False,unassigned_manual_review,,not_annotated_no_domain_boundaries,,False,False
9M33,A,VI-D,ternary_tr1,42,43,I,,,,,,False,323,324,full_msa_only_unresolved_coordinate,medium,0.967032967032967,0.5551997671202968,1.5401403075624502,0.0329670329670329,I,I;V,matches_consensus,False,True,unresolved_terminal,,,,,,,,False,False,unassigned_manual_review,,not_annotated_no_domain_boundaries,,False,False
9M33,A,VI-D,ternary_tr1,43,44,P,,,,,,False,325,326,full_msa_only_unresolved_coordinate,medium,0.0274725274725274,0.4,1.3321790402101223,0.9725274725274724,P,G;N;P;T,matches_consensus,False,True,unresolved_terminal,,,,,,,,False,False,unassigned_manual_review,,not_annotated_no_domain_boundaries,,False,False
9M33,A,VI-D,ternary_tr1,44,45,S,,,,,,False,326,327,full_msa_only_unresolved_coordinate,medium,0.956043956043956,0.1553283812605721,2.5513462977121204,0.0439560439560439,T,A;D;E;I;K;S;T;V,differs_from_consensus,False,True,unresolved_terminal;scaffold_differs_from_msa_consensus,,,,,,,,False,False,unassigned_manual_review,,not_annotated_no_domain_boundaries,,False,False
9M33,A,VI-D,ternary_tr1,45,46,S,,,,,,False,327,328,full_msa_only_unresolved_coordinate,medium,0.934065934065934,0.2322712480133202,2.352801991003843,0.0659340659340659,D,A;D;G;K;N;S;T,differs_from_consensus,False,True,unresolved_terminal;scaffold_differs_from_msa_consensus,,,,,,,,False,False,unassigned_manual_review,,not_annotated_no_domain_boundaries,,False,False
9M33,A,VI-D,ternary_tr1,46,47,Q,,,,,,False,328,329,full_msa_only_unresolved_coordinate,medium,0.934065934065934,0.1598425792779838,2.5857038994526658,0.0659340659340659,D,A;D;E;G;L;N;R;S,differs_from_consensus,False,True,unresolved_terminal;scaffold_differs_from_msa_consensus,,,,,,,,False,False,unassigned_manual_review,,not_annotated_no_domain_boundaries,,False,False
9M33,A,VI-D,ternary_tr1,47,48,K,,,,,,False,329,330,full_msa_only_unresolved_coordinate,medium,0.9285714285714286,0.1756499199512083,2.452276521386664,0.0714285714285714,E,D;E;G;K;N;S,differs_from_consensus,False,True,unresolved_terminal;scaffold_differs_from_msa_consensus,,,,,,,,False,False,unassigned_manual_review,,not_annotated_no_domain_boundaries,,False,False
9M33,A,VI-D,ternary_tr1,48,49,P,,,,,,False,338,339,full_msa_only_unresolved_coordinate,medium,0.8791208791208791,0.3775501843506759,1.7146131749936964,0.1208791208791209,I,I;L;V,differs_from_consensus,False,True,unresolved_terminal;scaffold_differs_from_msa_consensus,,,,,,,,False,False,unassigned_manual_review,,not_annotated_no_domain_boundaries,,False,False
9M33,A,VI-D,ternary_tr1,49,50,Q,,,,,,False,339,340,full_msa_only_unresolved_coordinate,medium,0.8791208791208791,0.2593199508398197,2.3614232965510986,0.1208791208791209,E,D;E;K;S;T,differs_from_consensus,False,True,unresolved_terminal;scaffold_differs_from_msa_consensus,,,,,,,,False,False,unassigned_manual_review,,not_annotated_no_domain_boundaries,,False,False
9M33,A,VI-D,ternary_tr1,50,51,N,,,,,,False,340,341,full_msa_only_unresolved_coordinate,medium,0.8736263736263736,0.1902716987364769,2.263293370502574,0.1263736263736263,D,D;E;K;N;P;S;T,differs_from_consensus,False,True,unresolved_terminal;scaffold_differs_from_msa_consensus,,,,,,,,False,False,unassigned_manual_review,,not_annotated_no_domain_boundaries,,False,False
9M33,A,VI-D,ternary_tr1,51,52,L,,,,,,False,341,342,full_msa_only_unresolved_coordinate,medium,0.8241758241758241,0.2945309026233881,2.073156075079693,0.1758241758241758,I,I;K;L;M;V,differs_from_consensus,False,True,unresolved_terminal;scaffold_differs_from_msa_consensus,,,,,,,,False,False,unassigned_manual_review,,not_annotated_no_domain_boundaries,,False,False
9M33,A,VI-D,ternary_tr1,52,53,N,,,,,,False,354,355,full_msa_only_unresolved_coordinate,medium,0.6868131868131868,0.2749576031656303,2.267626693227431,0.3131868131868132,N,D;K;N;Q;S;T,matches_consensus,False,True,unresolved_terminal,,,,,,,,False,False,unassigned_manual_review,,not_annotated_no_domain_boundaries,,False,False
9M33,A,VI-D,ternary_tr1,53,54,S,,,,,,False,355,356,full_msa_only_unresolved_coordinate,medium,0.8296703296703297,0.7319460365047173,1.1028045382233551,0.1703296703296702,P,E;P;S,differs_from_consensus,False,True,unresolved_terminal;scaffold_differs_from_msa_consensus,,,,,,,,False,False,unassigned_manual_review,,not_annotated_no_domain_boundaries,,False,False
9M33,A,VI-D,ternary_tr1,54,55,S,,,,,,False,356,357,full_msa_only_unresolved_coordinate,medium,0.3516483516483517,0.184,2.625716339612458,0.6483516483516483,E,A;E;H;K;P;R;Y,differs_from_consensus,False,True,unresolved_terminal;scaffold_differs_from_msa_consensus,,,,,,,,False,False,unassigned_manual_review,,not_annotated_no_domain_boundaries,,False,False
9M33,A,VI-D,ternary_tr1,55,56,A,,,,,,False,366,367,full_msa_only_unresolved_coordinate,medium,0.0879120879120879,0.25,2.1660849392498287,0.912087912087912,A,A;D;G;I;K;N;Q;S;T;V,matches_consensus,False,True,unresolved_terminal,,,,,,,,False,False,unassigned_manual_review,,not_annotated_no_domain_boundaries,,False,False
9M33,A,VI-D,ternary_tr1,56,57,G,,,,,,False,367,368,full_msa_only_unresolved_coordinate,medium,0.967032967032967,0.216359799141256,2.4837791654927117,0.0329670329670329,A,A;K;M;N;Q;S;T,differs_from_consensus,False,True,unresolved_terminal;scaffold_differs_from_msa_consensus,,,,,,,,False,False,unassigned_manual_review,,not_annotated_no_domain_boundaries,,False,False
9M33,A,VI-D,ternary_tr1,57,58,L,,,,,,False,368,369,full_msa_only_unresolved_coordinate,medium,0.967032967032967,0.6322683938577978,1.1105960048903276,0.0329670329670329,F,F;I;L;Y,differs_from_consensus,False,True,unresolved_terminal;scaffold_differs_from_msa_consensus,,,,,,,,False,False,unassigned_manual_review,,not_annotated_no_domain_boundaries,,False,False
9M33,A,VI-D,ternary_tr1,58,59,K,,,,,,False,376,377,full_msa_only_unresolved_coordinate,medium,0.0549450549450549,0.2,2.025326220770068,0.945054945054945,K,D;E;K;N;P;R;S;V,matches_consensus,False,True,unresolved_terminal,,,,,,,,False,False,unassigned_manual_review,,not_annotated_no_domain_boundaries,,False,False
9M33,A,VI-D,ternary_tr1,59,60,N,,,,,,False,378,379,full_msa_only_unresolved_coordinate,medium,0.956043956043956,0.1948483282899106,2.2062077956123254,0.0439560439560439,S,D;E;K;N;R;S;T,differs_from_consensus,False,True,unresolved_terminal;scaffold_differs_from_msa_consensus,,,,,,,,False,False,unassigned_manual_review,,not_annotated_no_domain_boundaries,,False,False
9M33,A,VI-D,ternary_tr1,60,61,V,,,,,,False,379,380,full_msa_only_unresolved_coordinate,medium,0.9505494505494504,0.3746376272950271,1.7433444770914472,0.0494505494505495,V,A;I;L;V,matches_consensus,False,True,unresolved_terminal,,,,,,,,False,False,unassigned_manual_review,,not_annotated_no_domain_boundaries,,False,False
9M33,A,VI-D,ternary_tr1,61,62,E,,,,,,False,380,381,full_msa_only_unresolved_coordinate,medium,0.8736263736263736,0.1625237426707407,2.475165409379496,0.1263736263736263,T,A;D;E;K;N;S;T;V,differs_from_consensus,False,True,unresolved_terminal;scaffold_differs_from_msa_consensus,,,,,,,,False,False,unassigned_manual_review,,not_annotated_no_domain_boundaries,,False,False
9M33,A,VI-D,ternary_tr1,62,63,V,,,,,,False,381,382,full_msa_only_unresolved_coordinate,medium,0.8626373626373627,0.1127800620961651,2.6742483123405223,0.1373626373626373,K,A;D;E;I;K;L;N;P;S,differs_from_consensus,False,True,unresolved_terminal;scaffold_differs_from_msa_consensus,,,,,,,,False,False,unassigned_manual_review,,not_annotated_no_domain_boundaries,,False,False
9M33,A,VI-D,ternary_tr1,63,64,S,,,,,,False,382,383,full_msa_only_unresolved_coordinate,medium,0.3461538461538461,0.1951219512195122,2.4119813689627168,0.6538461538461539,K,A;D;E;G;K;N;Q;S,differs_from_consensus,False,True,unresolved_terminal;scaffold_differs_from_msa_consensus,,,,,,,,False,False,unassigned_manual_review,,not_annotated_no_domain_boundaries,,False,False
9M33,A,VI-D,ternary_tr1,64,65,G,,,,,,False,434,435,full_msa_only_unresolved_coordinate,medium,0.2197802197802197,0.25,2.1927438540629898,0.7802197802197802,D,D;E;G;K;P;S,differs_from_consensus,False,True,unresolved_terminal;scaffold_differs_from_msa_consensus,,,,,,,,False,False,unassigned_manual_review,,not_annotated_no_domain_boundaries,,False,False
9M33,A,VI-D,ternary_tr1,65,66,K,,,,,,False,439,440,full_msa_only_unresolved_coordinate,medium,0.945054945054945,0.3126450550273265,2.3974674163023746,0.0549450549450549,K,D;E;K;N;S;T,matches_consensus,False,True,unresolved_terminal,,,,,,,,False,False,unassigned_manual_review,,not_annotated_no_domain_boundaries,,False,False
9M33,A,VI-D,ternary_tr1,66,67,K,,,,,,False,442,443,full_msa_only_unresolved_coordinate,medium,0.8901098901098901,0.2826490279906428,2.294952448916504,0.1098901098901099,K,D;E;G;K;N;Q;R;S;T,matches_consensus,False,True,unresolved_terminal,,,,,,,,False,False,unassigned_manual_review,,not_annotated_no_domain_boundaries,,False,False
9M33,A,VI-D,ternary_tr1,67,68,I,,,,,,False,447,448,full_msa_only_unresolved_coordinate,medium,0.967032967032967,0.3330179754020813,1.6210769632639537,0.0329670329670329,I,F;I;L;V;Y,matches_consensus,False,True,unresolved_terminal,,,,,,,,False,False,unassigned_manual_review,,not_annotated_no_domain_boundaries,,False,False
9M33,A,VI-D,ternary_tr1,68,69,K,,,,,,False,448,449,full_msa_only_unresolved_coordinate,medium,0.956043956043956,0.1485718503210568,2.639177815806229,0.0439560439560439,S,D;E;K;N;R;S;T,differs_from_consensus,False,True,unresolved_terminal;scaffold_differs_from_msa_consensus,,,,,,,,False,False,unassigned_manual_review,,not_annotated_no_domain_boundaries,,False,False
9M33,A,VI-D,ternary_tr1,69,70,F,,,,,,False,450,451,full_msa_only_unresolved_coordinate,medium,0.9505494505494504,0.3139820114472608,1.5433007962640164,0.0494505494505495,I,F;I;L;V,differs_from_consensus,False,True,unresolved_terminal;scaffold_differs_from_msa_consensus,,,,,,,,False,False,unassigned_manual_review,,not_annotated_no_domain_boundaries,,False,False
9M33,A,VI-D,ternary_tr1,70,71,Q,,,,,,False,455,456,full_msa_only_unresolved_coordinate,medium,0.912087912087912,0.2311097305272967,2.379220273785973,0.0879120879120879,K,E;K;Q;R;S;T,differs_from_consensus,False,True,unresolved_terminal;scaffold_differs_from_msa_consensus,,,,,,,,False,False,unassigned_manual_review,,not_annotated_no_domain_boundaries,,False,False
9M33,A,VI-D,ternary_tr1,71,72,G,,,,,,False,456,457,full_msa_only_unresolved_coordinate,medium,0.8956043956043956,0.430614028119787,1.5459415884889187,0.1043956043956043,G,G;K;N;S,matches_consensus,False,True,unresolved_terminal,,,,,,,,False,False,unassigned_manual_review,,not_annotated_no_domain_boundaries,,False,False
9M33,A,VI-D,ternary_tr1,72,73,R,,,,,,False,471,472,full_msa_only_unresolved_coordinate,medium,0.6318681318681318,0.6369595361149628,1.2623893288411203,0.3681318681318681,R,K;N;R,matches_consensus,False,True,unresolved_terminal,,,,,,,,False,False,unassigned_manual_review,,not_annotated_no_domain_boundaries,,False,False
9M33,A,VI-D,ternary_tr1,73,74,H,,,,,,False,472,473,full_msa_only_unresolved_coordinate,medium,0.5989010989010989,0.1826831588962892,2.6497855246336,0.4010989010989011,I,A;D;G;I;N;P;S;T;V,differs_from_consensus,False,True,unresolved_terminal;scaffold_differs_from_msa_consensus,,,,,,,,False,False,unassigned_manual_review,,not_annotated_no_domain_boundaries,,False,False
9M33,A,VI-D,ternary_tr1,74,75,P,,,,,,False,473,474,full_msa_only_unresolved_coordinate,medium,0.6263736263736264,0.1224958530049763,2.621959926688242,0.3736263736263736,K,A;E;F;I;K;N;R;S,differs_from_consensus,False,True,unresolved_terminal;scaffold_differs_from_msa_consensus,,,,,,,,False,False,unassigned_manual_review,,not_annotated_no_domain_boundaries,,False,False
9M33,A,VI-D,ternary_tr1,75,76,K,,,,,,False,474,475,full_msa_only_unresolved_coordinate,medium,0.6098901098901099,0.1907537422175122,2.4125412516406386,0.39010989010989,N,A;D;E;G;K;N;S;V,differs_from_consensus,False,True,unresolved_terminal;scaffold_differs_from_msa_consensus,,,,,,,,False,False,unassigned_manual_review,,not_annotated_no_domain_boundaries,,False,False
9M33,A,VI-D,ternary_tr1,76,77,I,,,,,,False,486,487,full_msa_only_unresolved_coordinate,medium,0.4505494505494505,0.2137219186399514,2.4081697528469217,0.5494505494505495,I,I;K;L;M;N;R;T,matches_consensus,False,True,unresolved_terminal,,,,,,,,False,False,unassigned_manual_review,,not_annotated_no_domain_boundaries,,False,False
9M33,A,VI-D,ternary_tr1,77,78,A,,,,,,False,487,488,full_msa_only_unresolved_coordinate,medium,0.7307692307692307,0.1675392670157068,2.4884698344207945,0.2692307692307693,E,D;E;K;N;S;T,differs_from_consensus,False,True,unresolved_terminal;scaffold_differs_from_msa_consensus,,,,,,,,False,False,unassigned_manual_review,,not_annotated_no_domain_boundaries,,False,False
9M33,A,VI-D,ternary_tr1,78,79,T,,,,,,False,489,490,full_msa_only_unresolved_coordinate,medium,0.9395604395604396,0.2388960108589095,2.380030213672298,0.0604395604395604,T,E;I;L;N;S;T;V,matches_consensus,False,True,unresolved_terminal,,,,,,,,False,False,unassigned_manual_review,,not_annotated_no_domain_boundaries,,False,False
9M33,A,VI-D,ternary_tr1,79,80,T,,,,,,False,490,491,full_msa_only_unresolved_coordinate,medium,0.9395604395604396,0.2316567378025789,2.22493623529721,0.0604395604395604,A,A;I;L;P;S;T;V,differs_from_consensus,False,True,unresolved_terminal;scaffold_differs_from_msa_consensus,,,,,,,,False,False,unassigned_manual_review,,not_annotated_no_domain_boundaries,,False,False
9M33,A,VI-D,ternary_tr1,80,81,D,,,,,,False,491,492,full_msa_only_unresolved_coordinate,medium,0.945054945054945,0.4274163360035936,2.0799929411783484,0.0549450549450549,D,A;D;E;N;S,matches_consensus,False,True,unresolved_terminal,,,,,,,,False,False,unassigned_manual_review,,not_annotated_no_domain_boundaries,,False,False
9M33,A,VI-D,ternary_tr1,81,82,N,,,,,,False,492,493,full_msa_only_unresolved_coordinate,medium,0.956043956043956,0.7520112185401135,0.9764390571959576,0.0439560439560439,N,D;K;N,matches_consensus,False,True,unresolved_terminal,,,,,,,,False,False,unassigned_manual_review,,not_annotated_no_domain_boundaries,,False,False
9M33,A,VI-D,ternary_tr1,82,83,P,,,,,,False,493,494,full_msa_only_unresolved_coordinate,medium,0.9615384615384616,0.9085379259802124,0.4819831182000113,0.0384615384615384,P,P,matches_consensus,False,True,unresolved_terminal,,,,,,,,False,False,unassigned_manual_review,,not_annotated_no_domain_boundaries,,False,False
9M33,A,VI-D,ternary_tr1,83,84,L,,,,,,False,494,495,full_msa_only_unresolved_coordinate,medium,0.8681318681318682,0.363356363939066,2.2344235712832656,0.1318681318681318,L,A;I;L;S;T;V,matches_consensus,False,True,unresolved_terminal,,,,,,,,False,False,unassigned_manual_review,,not_annotated_no_domain_boundaries,,False,False
9M33,A,VI-D,ternary_tr1,84,85,F,,,,,,False,496,497,full_msa_only_unresolved_coordinate,medium,0.532967032967033,0.5281701317251231,1.3384381343531648,0.467032967032967,H,H;Y,differs_from_consensus,False,True,unresolved_terminal;scaffold_differs_from_msa_consensus,,,,,,,,False,False,unassigned_manual_review,,not_annotated_no_domain_boundaries,,False,False
9M33,A,VI-D,ternary_tr1,85,86,K,,,,,,False,533,534,full_msa_only_unresolved_coordinate,medium,0.8076923076923077,0.2409418636488089,2.4729087309970152,0.1923076923076923,K,D;E;G;K;N;Q;R;S,matches_consensus,False,True,unresolved_terminal,,,,,,,,False,False,unassigned_manual_review,,not_annotated_no_domain_boundaries,,False,False
9M33,A,VI-D,ternary_tr1,86,87,P,,,,,,False,534,535,full_msa_only_unresolved_coordinate,medium,0.8131868131868132,0.1780512078168823,2.5265393926374644,0.1868131868131868,K,A;E;K;N;P;Q;R;S;T,differs_from_consensus,False,True,unresolved_terminal;scaffold_differs_from_msa_consensus,,,,,,,,False,False,unassigned_manual_review,,not_annotated_no_domain_boundaries,,False,False
9M33,A,VI-D,ternary_tr1,87,88,Q,,,,,,False,535,536,full_msa_only_unresolved_coordinate,medium,0.445054945054945,0.115138592750533,2.66069748312687,0.554945054945055,R,A;D;E;I;K;N;P;Q;R;S;T;V,differs_from_consensus,False,True,unresolved_terminal;scaffold_differs_from_msa_consensus,,,,,,,,False,False,unassigned_manual_review,,not_annotated_no_domain_boundaries,,False,False
9M33,A,VI-D,ternary_tr1,88,89,P,0.0,P,89.0,,PRO,True,536,537,four_layer_exact,high,0.8901098901098901,0.2759538598047914,2.354539732809702,0.1098901098901099,V,A;I;L;P;S;T;V,differs_from_consensus,True,True,scaffold_differs_from_msa_consensus,0.9968533510968219,surface,False,True,False,False,5.8162480973527515,True,False,unassigned_manual_review,,not_annotated_no_domain_boundaries,,True,False
9M33,A,VI-D,ternary_tr1,89,90,G,1.0,G,90.0,,GLY,True,537,538,four_layer_exact,high,0.8791208791208791,0.6017206063088898,1.5229936692232289,0.1208791208791209,G,G;N;P;R,matches_consensus,True,False,,0.2273999551630635,surface,True,False,True,False,3.3974526038044353,True,False,unassigned_manual_review,,not_annotated_no_domain_boundaries,,True,False
9M33,A,VI-D,ternary_tr1,90,91,M,2.0,M,91.0,,MET,True,538,539,four_layer_exact,high,0.8846153846153846,0.1482806275912527,2.433867761775832,0.1153846153846154,Q,A;D;E;K;M;Q;R;S;T,differs_from_consensus,True,True,scaffold_differs_from_msa_consensus,0.42884562967237133,surface,True,False,True,False,4.42912985919074,True,False,unassigned_manual_review,,not_annotated_no_domain_boundaries,,True,False
9M33,A,VI-D,ternary_tr1,91,92,D,3.0,D,92.0,,ASP,True,554,555,four_layer_exact,high,0.9725274725274724,0.9028691190286912,0.4903819545334799,0.0274725274725274,D,D,matches_consensus,True,False,,0.017360343337644336,buried_core,True,False,True,False,3.3755201106182775,True,True,unassigned_manual_review,,not_annotated_no_domain_boundaries,,True,False
9M33,A,VI-D,ternary_tr1,92,93,L,4.0,L,93.0,,LEU,True,555,556,four_layer_exact,high,0.9725274725274724,0.2636409626364095,2.1080298549867944,0.0274725274725274,Y,I;K;L;M;Q;Y,differs_from_consensus,True,True,scaffold_differs_from_msa_consensus,0.12560274986822356,buried_core,True,False,True,False,2.9956701689077683,True,True,unassigned_manual_review,,not_annotated_no_domain_boundaries,,True,False
9M33,A,VI-D,ternary_tr1,93,94,L,5.0,L,94.0,,LEU,True,556,557,four_layer_exact,high,0.9725274725274724,0.5247524752475247,1.1047228506401456,0.0274725274725274,L,I;L,matches_consensus,True,False,,0.19112449396331693,buried_core,True,False,True,False,4.686211451759508,True,True,unassigned_manual_review,,not_annotated_no_domain_boundaries,,True,False
9M33,A,VI-D,ternary_tr1,94,95,C,6.0,C,95.0,,CYS,True,557,558,four_layer_exact,high,0.9725274725274724,0.4833417648334176,1.8605782609423995,0.0274725274725274,G,C;G;H;K;R,differs_from_consensus,True,True,scaffold_differs_from_msa_consensus,0.12761021437743747,buried_core,False,True,False,False,6.651550022965649,True,True,unassigned_manual_review,,not_annotated_no_domain_boundaries,,True,False
9M33,A,VI-D,ternary_tr1,95,96,L,7.0,L,96.0,,LEU,True,558,559,four_layer_exact,high,0.9725274725274724,0.3790561537905615,1.857486521669793,0.0274725274725274,L,A;C;I;L;R,matches_consensus,True,False,,0.01802430173193905,buried_core,False,False,False,False,8.112334169208191,True,True,unassigned_manual_review,,not_annotated_no_domain_boundaries,,True,False
9M33,A,VI-D,ternary_tr1,96,97,K,8.0,K,97.0,,LYS,True,559,560,four_layer_exact,high,0.9725274725274724,0.8161451181614511,0.5991945906047905,0.0274725274725274,K,K;R,matches_consensus,True,False,,0.06632354694059503,buried_core,False,True,False,False,5.8325241057512525,True,True,unassigned_manual_review,,not_annotated_no_domain_boundaries,,True,False
9M33,A,VI-D,ternary_tr1,97,98,D,9.0,D,98.0,,ASP,True,560,561,four_layer_exact,high,0.978021978021978,0.2618244455608985,2.1311095792334758,0.021978021978022,D,A;D;E;G;N;P;S,matches_consensus,True,False,,0.47430281359287263,surface,False,False,False,False,9.831141014232607,True,False,unassigned_manual_review,,not_annotated_no_domain_boundaries,,True,False
9M33,A,VI-D,ternary_tr1,98,99,K,10.0,K,99.0,,LYS,True,561,562,four_layer_exact,high,0.978021978021978,0.2204837436302303,2.3047630718212755,0.021978021978022,K,A;E;K;T;V,matches_consensus,True,False,,0.44923816494338037,surface,False,False,False,False,11.958719016850026,True,False,unassigned_manual_review,,not_annotated_no_domain_boundaries,,True,False
9M33,A,VI-D,ternary_tr1,99,100,L,11.0,L,100.0,,LEU,True,562,563,four_layer_exact,high,0.978021978021978,0.7864063733582143,0.847668083666137,0.021978021978022,L,I;L,matches_consensus,True,False,,0.04205670404119111,buried_core,False,False,False,False,8.850384529989032,True,True,unassigned_manual_review,,not_annotated_no_domain_boundaries,,True,False
9M33,A,VI-D,ternary_tr1,100,101,E,12.0,E,101.0,,GLU,True,563,564,four_layer_exact,high,0.978021978021978,0.9379889471039976,0.3591659995215883,0.021978021978022,E,E,matches_consensus,True,False,,0.0,buried_core,False,False,False,False,8.659812174734473,True,True,unassigned_manual_review,,not_annotated_no_domain_boundaries,,True,False
9M33,A,VI-D,ternary_tr1,101,102,M,13.0,M,102.0,,MET,True,564,565,four_layer_exact,high,0.978021978021978,0.3764444125457546,1.8978953842065425,0.021978021978022,K,E;K;N;Q;R,differs_from_consensus,True,True,scaffold_differs_from_msa_consensus,0.5093405825401566,surface,False,False,False,False,13.854612478150255,True,False,unassigned_manual_review,,not_annotated_no_domain_boundaries,,True,False
9M33,A,VI-D,ternary_tr1,102,103,H,14.0,H,103.0,,HIS,True,565,566,four_layer_exact,high,0.9725274725274724,0.2960179229601792,2.2327720619293143,0.0274725274725274,R,E;K;L;Q;R,differs_from_consensus,True,True,scaffold_differs_from_msa_consensus,0.2986434441417187,surface,False,False,False,False,15.351736451075267,True,False,unassigned_manual_review,,not_annotated_no_domain_boundaries,,True,False
9M33,A,VI-D,ternary_tr1,103,104,Y,15.0,Y,104.0,,TYR,True,566,567,four_layer_exact,high,0.9725274725274724,0.3964009539640095,1.3154595161030895,0.0274725274725274,F,F;I;V;Y,differs_from_consensus,True,True,scaffold_differs_from_msa_consensus,0.05451511364542568,buried_core,False,False,False,False,13.50950705412965,True,True,unassigned_manual_review,,not_annotated_no_domain_boundaries,,True,False
9M33,A,VI-D,ternary_tr1,104,105,F,16.0,F,105.0,,PHE,True,567,568,four_layer_exact,high,0.9725274725274724,0.9028691190286912,0.3824482483275325,0.0274725274725274,F,F;Y,matches_consensus,True,False,,0.07816450073739596,buried_core,False,False,False,False,12.529004808297557,True,True,unassigned_manual_review,,not_annotated_no_domain_boundaries,,True,False
9M33,A,VI-D,ternary_tr1,105,106,G,17.0,G,106.0,,GLY,True,572,573,four_layer_exact,high,0.967032967032967,0.8509569900298377,0.6669910387731421,0.0329670329670329,G,D;G,matches_consensus,True,False,,0.45871892633099354,surface,False,False,False,False,17.187149029680242,True,False,unassigned_manual_review,,not_annotated_no_domain_boundaries,,True,False
9M33,A,VI-D,ternary_tr1,106,107,K,18.0,K,107.0,,LYS,True,577,578,four_layer_exact,high,0.956043956043956,0.4437965901542549,1.8169639891654,0.0439560439560439,K,E;K;Q;R,matches_consensus,True,False,,0.47557722450374407,surface,False,False,False,False,14.504331055489278,True,False,unassigned_manual_review,,not_annotated_no_domain_boundaries,,True,False
9M33,A,VI-D,ternary_tr1,107,108,T,19.0,T,108.0,,THR,True,578,579,four_layer_exact,high,0.956043956043956,0.4310281201564691,1.8581568467619405,0.0439560439560439,T,E;K;N;S;T,matches_consensus,True,False,,0.44420841566609953,surface,False,False,False,False,13.92800820037605,True,False,unassigned_manual_review,,not_annotated_no_domain_boundaries,,True,False
9M33,A,VI-D,ternary_tr1,108,109,F,20.0,F,109.0,,PHE,True,579,580,four_layer_exact,high,0.956043956043956,0.7874381873200974,0.7486458359144552,0.0439560439560439,F,F;Y,matches_consensus,True,False,,0.11735859180456172,buried_core,False,False,False,False,10.36864998152517,True,True,unassigned_manual_review,,not_annotated_no_domain_boundaries,,True,False
9M33,A,VI-D,ternary_tr1,109,110,D,21.0,D,110.0,,ASP,True,589,590,four_layer_exact,high,0.9505494505494504,0.2982234445848509,1.8617780241960429,0.0494505494505495,D,D;E;K;N;Q;S,matches_consensus,True,False,,0.8108870603114544,surface,False,False,False,False,9.822087519408704,True,False,unassigned_manual_review,,not_annotated_no_domain_boundaries,,True,False
9M33,A,VI-D,ternary_tr1,110,111,D,22.0,D,111.0,,ASP,True,592,593,four_layer_exact,high,0.9725274725274724,0.9028691190286912,0.4422919571830753,0.0274725274725274,D,D,matches_consensus,True,False,,0.1521952862649468,buried_core,False,True,False,False,6.7765671358255934,True,True,unassigned_manual_review,,not_annotated_no_domain_boundaries,,True,False
9M33,A,VI-D,ternary_tr1,111,112,N,23.0,N,112.0,,ASN,True,593,594,four_layer_exact,high,0.9725274725274724,0.8818385488183854,0.4780332910855459,0.0274725274725274,N,N;S,matches_consensus,True,False,,0.34195691491598273,surface,True,False,True,False,3.6642664586535996,True,False,unassigned_manual_review,,not_annotated_no_domain_boundaries,,True,False
9M33,A,VI-D,ternary_tr1,112,113,I,24.0,I,113.0,,ILE,True,594,595,four_layer_exact,high,0.9725274725274724,0.6461660764616607,1.0064735926327066,0.0274725274725274,I,I;L;V,matches_consensus,True,False,,0.14099212674577705,buried_core,False,True,False,False,6.516922317703053,True,True,unassigned_manual_review,,not_annotated_no_domain_boundaries,,True,False
9M33,A,VI-D,ternary_tr1,113,114,H,25.0,H,114.0,,HIS,True,595,596,four_layer_exact,high,0.9725274725274724,0.7641107176411072,0.7909641595037971,0.0274725274725274,H,H;R,matches_consensus,True,False,,0.005391197393035341,buried_core,False,True,False,False,7.591769325673998,True,True,unassigned_manual_review,,not_annotated_no_domain_boundaries,,True,False
9M33,A,VI-D,ternary_tr1,114,115,I,26.0,I,115.0,,ILE,True,596,597,four_layer_exact,high,0.9725274725274724,0.7294211172942111,0.7432855236723085,0.0274725274725274,I,I;V,matches_consensus,True,False,,0.0,buried_core,True,False,True,False,4.282954272510229,True,True,unassigned_manual_review,,not_annotated_no_domain_boundaries,,True,False
9M33,A,VI-D,ternary_tr1,115,116,Q,27.0,Q,116.0,,GLN,True,597,598,four_layer_exact,high,0.9725274725274724,0.9791862397918624,0.1011894487526793,0.0274725274725274,Q,Q,matches_consensus,True,False,,0.09702623207579664,buried_core,True,False,True,False,2.4717996378655034,True,True,unassigned_manual_review,,not_annotated_no_domain_boundaries,,True,False
9M33,A,VI-D,ternary_tr1,116,117,L,28.0,L,117.0,,LEU,True,598,599,four_layer_exact,high,0.9725274725274724,0.5064681650646816,1.0732635696041648,0.0274725274725274,I,I;L,differs_from_consensus,True,True,scaffold_differs_from_msa_consensus,0.0060081005773130166,buried_core,False,True,False,False,6.393945924168855,True,True,unassigned_manual_review,,not_annotated_no_domain_boundaries,,True,False
9M33,A,VI-D,ternary_tr1,117,118,I,29.0,I,118.0,,ILE,True,599,600,four_layer_exact,high,0.9725274725274724,0.549035195490352,0.9937481707190128,0.0274725274725274,I,A;I,matches_consensus,True,False,,0.0,buried_core,False,False,False,False,8.444637517982697,True,True,unassigned_manual_review,,not_annotated_no_domain_boundaries,,True,False
9M33,A,VI-D,ternary_tr1,118,119,Y,30.0,Y,119.0,,TYR,True,600,601,four_layer_exact,high,0.9725274725274724,0.7918623979186239,0.7195081984231031,0.0274725274725274,Y,H;Y,matches_consensus,True,False,,0.18204838993882214,buried_core,True,False,True,False,3.5091761043603222,True,True,unassigned_manual_review,,not_annotated_no_domain_boundaries,,True,False
9M33,A,VI-D,ternary_tr1,119,120,Q,31.0,Q,120.0,,GLN,True,601,602,four_layer_exact,high,0.9725274725274724,0.7710486377104863,0.9327503258970568,0.0274725274725274,N,N;Q,differs_from_consensus,True,True,scaffold_differs_from_msa_consensus,0.09853168327539688,buried_core,True,False,True,False,3.2829411296170306,True,True,unassigned_manual_review,,not_annotated_no_domain_boundaries,,True,False
9M33,A,VI-D,ternary_tr1,120,121,I,32.0,I,121.0,,ILE,True,602,603,four_layer_exact,high,0.9725274725274724,0.8473657584736575,0.5720383016931849,0.0274725274725274,I,I;V,matches_consensus,True,False,,0.012260184934415394,buried_core,False,False,False,False,9.826952772652836,True,True,unassigned_manual_review,,not_annotated_no_domain_boundaries,,True,False
9M33,A,VI-D,ternary_tr1,121,122,L,33.0,L,122.0,,LEU,True,603,604,four_layer_exact,high,0.9725274725274724,0.7224831972248319,1.1142788584799177,0.0274725274725274,L,F;L;M,matches_consensus,True,False,,0.09477469190390184,buried_core,False,True,False,False,7.964593871979611,True,True,unassigned_manual_review,,not_annotated_no_domain_boundaries,,True,False
9M33,A,VI-D,ternary_tr1,122,123,D,34.0,D,123.0,,ASP,True,604,605,four_layer_exact,high,0.9725274725274724,0.9859073498590736,0.0838238025531242,0.0274725274725274,D,D,matches_consensus,True,False,,0.1986539397549755,buried_core,False,True,False,False,7.109558988216949,True,True,unassigned_manual_review,,not_annotated_no_domain_boundaries,,True,False
9M33,A,VI-D,ternary_tr1,123,124,I,35.0,I,124.0,,ILE,True,605,606,four_layer_exact,high,0.9725274725274724,0.8612415986124159,0.59589947731441,0.0274725274725274,I,I;V,matches_consensus,True,False,,0.12873194181136166,buried_core,False,False,False,False,10.579107018362132,True,True,unassigned_manual_review,,not_annotated_no_domain_boundaries,,True,False
9M33,A,VI-D,ternary_tr1,124,125,E,36.0,E,125.0,,GLU,True,606,607,four_layer_exact,high,0.9725274725274724,0.4241526342415263,1.824311774719388,0.0274725274725274,E,E;K;N;Q,matches_consensus,True,False,,0.17541346024290008,buried_core,False,False,False,False,11.162919675677879,True,True,unassigned_manual_review,,not_annotated_no_domain_boundaries,,True,False
9M33,A,VI-D,ternary_tr1,125,126,K,37.0,K,126.0,,LYS,True,607,608,four_layer_exact,high,0.9725274725274724,0.9861241598612416,0.0731345002932976,0.0274725274725274,K,K,matches_consensus,True,False,,0.1242520660954677,buried_core,True,False,True,False,4.310146425049564,True,True,unassigned_manual_review,,not_annotated_no_domain_boundaries,,True,False
9M33,A,VI-D,ternary_tr1,126,127,I,38.0,I,127.0,,ILE,True,608,609,four_layer_exact,high,0.9725274725274724,0.7710486377104863,0.9794433374117556,0.0274725274725274,I,I;V,matches_consensus,True,False,,0.1275741772090742,buried_core,False,True,False,False,7.091748699788514,True,True,unassigned_manual_review,,not_annotated_no_domain_boundaries,,True,False
9M33,A,VI-D,ternary_tr1,127,128,L,39.0,L,128.0,,LEU,True,609,610,four_layer_exact,high,0.9725274725274724,0.7014526270145263,0.961400111587987,0.0274725274725274,L,F;I;L,matches_consensus,True,False,,0.09012150865969526,buried_core,False,False,False,False,11.84791801163587,True,True,unassigned_manual_review,,not_annotated_no_domain_boundaries,,True,False
9M33,A,VI-D,ternary_tr1,128,129,A,40.0,A,129.0,,ALA,True,610,611,four_layer_exact,high,0.9725274725274724,0.4276215942762159,1.6201183849636598,0.0274725274725274,A,A;G;S;T,matches_consensus,True,False,,0.028084377117207356,buried_core,False,False,False,False,12.151851561403491,True,True,unassigned_manual_review,,not_annotated_no_domain_boundaries,,True,False
9M33,A,VI-D,ternary_tr1,129,130,V,41.0,V,130.0,,VAL,True,611,612,four_layer_exact,high,0.978021978021978,0.3401110390078593,2.1266266094351343,0.021978021978022,V,E;I;L;P;T;V,matches_consensus,True,False,,0.10332329913000891,buried_core,False,False,False,False,8.898242410864803,True,True,unassigned_manual_review,,not_annotated_no_domain_boundaries,,True,False
9M33,A,VI-D,ternary_tr1,130,131,H,42.0,H,131.0,,HIS,True,612,613,four_layer_exact,high,0.978021978021978,0.63638330088687,1.1764477779997191,0.021978021978022,Y,H;Y,differs_from_consensus,True,True,scaffold_differs_from_msa_consensus,0.04546613868039014,buried_core,False,True,False,False,7.160327025448705,True,True,unassigned_manual_review,,not_annotated_no_domain_boundaries,,True,False
9M33,A,VI-D,ternary_tr1,131,132,V,43.0,V,132.0,,VAL,True,613,614,four_layer_exact,high,0.978021978021978,0.4083928185161151,1.5821683639735211,0.021978021978022,I,A;I;S;V,differs_from_consensus,True,True,scaffold_differs_from_msa_consensus,0.0069403920462064155,buried_core,False,False,False,False,13.6195413069923,True,True,unassigned_manual_review,,not_annotated_no_domain_boundaries,,True,False
9M33,A,VI-D,ternary_tr1,132,133,N,44.0,N,133.0,,ASN,True,614,615,four_layer_exact,high,0.9725274725274724,0.6029187540840776,1.356439458939927,0.0274725274725274,N,N;T,matches_consensus,True,False,,0.10052748499685708,buried_core,False,False,False,False,14.741761284161452,True,True,unassigned_manual_review,,not_annotated_no_domain_boundaries,,True,False
9M33,A,VI-D,ternary_tr1,133,134,N,45.0,N,134.0,,ASN,True,615,616,four_layer_exact,high,0.978021978021978,0.6227557862859615,1.220235102878004,0.021978021978022,N,D;N,matches_consensus,True,False,,0.08402610042119538,buried_core,False,False,False,False,9.828402952842525,True,True,unassigned_manual_review,,not_annotated_no_domain_boundaries,,True,False
9M33,A,VI-D,ternary_tr1,134,135,I,46.0,I,135.0,,ILE,True,616,617,four_layer_exact,high,0.978021978021978,0.6748864373783258,0.987056587698443,0.021978021978022,I,A;I;V,matches_consensus,True,False,,0.02452036986883079,buried_core,False,False,False,False,14.55470724193759,True,True,unassigned_manual_review,,not_annotated_no_domain_boundaries,,True,False
9M33,A,VI-D,ternary_tr1,135,136,V,47.0,V,136.0,,VAL,True,617,618,four_layer_exact,high,0.978021978021978,0.4605234696084793,1.4637418878752475,0.021978021978022,V,I;L;T;V,matches_consensus,True,False,,0.34623702074723345,surface,False,False,False,False,17.444538807674324,True,False,unassigned_manual_review,,not_annotated_no_domain_boundaries,,True,False
9M33,A,VI-D,ternary_tr1,136,137,F,48.0,F,137.0,,PHE,True,618,619,four_layer_exact,high,0.978021978021978,0.6400605667315596,1.2786003477419858,0.021978021978022,Y,F;Y,differs_from_consensus,True,True,scaffold_differs_from_msa_consensus,0.06996981338013966,buried_core,False,False,False,False,16.318645102348235,True,True,unassigned_manual_review,,not_annotated_no_domain_boundaries,,True,False
9M33,A,VI-D,ternary_tr1,137,138,T,49.0,T,138.0,,THR,True,619,620,four_layer_exact,high,0.978021978021978,0.3874107722258273,1.8668297053550893,0.021978021978022,A,A;I;M;S;T,differs_from_consensus,True,True,scaffold_differs_from_msa_consensus,0.026501014419798106,buried_core,False,False,False,False,15.438095311938747,True,True,unassigned_manual_review,,not_annotated_no_domain_boundaries,,True,False
9M33,A,VI-D,ternary_tr1,138,139,L,50.0,L,139.0,,LEU,True,626,627,four_layer_exact,high,0.978021978021978,0.4150984209387843,1.4610470414168355,0.021978021978022,L,F;I;L;V,matches_consensus,True,False,,0.09012150865969526,buried_core,False,False,False,False,19.5315006065563,True,True,unassigned_manual_review,,not_annotated_no_domain_boundaries,,True,False
9M33,A,VI-D,ternary_tr1,139,140,D,51.0,D,140.0,,ASP,True,627,628,four_layer_exact,high,0.978021978021978,0.5293099718797317,1.5383120879550498,0.021978021978022,N,D;N;Y,differs_from_consensus,True,True,scaffold_differs_from_msa_consensus,0.4159646425641887,surface,False,False,False,False,21.773001518952572,True,False,unassigned_manual_review,,not_annotated_no_domain_boundaries,,True,False
9M33,A,VI-D,ternary_tr1,140,141,N,52.0,N,141.0,,ASN,True,628,629,four_layer_exact,high,0.978021978021978,0.8061864590093013,0.8667451873659544,0.021978021978022,N,H;N,matches_consensus,True,False,,0.14437129429865134,buried_core,False,False,False,False,19.781498858478646,True,True,unassigned_manual_review,,not_annotated_no_domain_boundaries,,True,False
9M33,A,VI-D,ternary_tr1,141,142,V,53.0,V,142.0,,VAL,True,629,630,four_layer_exact,high,0.9835164835164836,0.6228373702422145,1.1990834743759282,0.0164835164835165,L,I;L;M;V,differs_from_consensus,True,True,scaffold_differs_from_msa_consensus,0.1355746726501994,buried_core,False,False,False,False,20.895511921673947,True,True,unassigned_manual_review,,not_annotated_no_domain_boundaries,,True,False
9M33,A,VI-D,ternary_tr1,142,143,L,54.0,L,143.0,,LEU,True,630,631,four_layer_exact,high,0.9835164835164836,0.1695501730103806,2.6246834244920807,0.0164835164835165,L,A;D;F;L;N;Q;R;S,matches_consensus,True,False,,0.01133874248807282,buried_core,False,False,False,False,24.594710863244522,True,True,unassigned_manual_review,,not_annotated_no_domain_boundaries,,True,False
9M33,A,VI-D,ternary_tr1,143,144,H,55.0,H,144.0,,HIS,True,631,632,four_layer_exact,high,0.9615384615384616,0.5195729537366548,1.7704840240886426,0.0384615384615384,R,D;G;N;R,differs_from_consensus,True,True,scaffold_differs_from_msa_consensus,0.488653699815087,surface,False,False,False,False,27.262676483455177,True,False,unassigned_manual_review,,not_annotated_no_domain_boundaries,,True,False
9M33,A,VI-D,ternary_tr1,144,145,P,56.0,P,145.0,,PRO,True,633,634,four_layer_exact,high,0.8956043956043956,0.1625806451612903,2.560474128027858,0.1043956043956043,D,A;D;E;G;K;N;R;S;T,differs_from_consensus,True,True,scaffold_differs_from_msa_consensus,0.808917351025772,surface,False,False,False,False,28.318254130608953,True,False,unassigned_manual_review,,not_annotated_no_domain_boundaries,,True,True
9M33,A,VI-D,ternary_tr1,145,146,Q,,,,,,False,634,635,full_msa_only_unresolved_coordinate,medium,0.8956043956043956,0.2474870298313878,2.3402382182330475,0.1043956043956043,E,D;E;G;K;N;S,differs_from_consensus,False,True,unresolved_internal;scaffold_differs_from_msa_consensus,,,,,,,,False,False,unassigned_manual_review,,not_annotated_no_domain_boundaries,,False,False
9M33,A,VI-D,ternary_tr1,146,147,K,,,,,,False,635,636,full_msa_only_unresolved_coordinate,medium,0.6703296703296703,0.1506591337099811,2.524932108101712,0.3296703296703297,D,A;D;E;G;I;N;R;S;T,differs_from_consensus,False,True,unresolved_internal;scaffold_differs_from_msa_consensus,,,,,,,,False,False,unassigned_manual_review,,not_annotated_no_domain_boundaries,,False,False
9M33,A,VI-D,ternary_tr1,147,148,E,,,,,,False,636,637,full_msa_only_unresolved_coordinate,medium,0.6538461538461539,0.2962962962962963,2.4002029059513537,0.3461538461538461,D,D;E;K;N;S,differs_from_consensus,False,True,unresolved_internal;scaffold_differs_from_msa_consensus,,,,,,,,False,False,unassigned_manual_review,,not_annotated_no_domain_boundaries,,False,False
9M33,A,VI-D,ternary_tr1,148,149,E,,,,,,False,637,638,full_msa_only_unresolved_coordinate,medium,0.6208791208791209,0.4591194968553459,1.914095276075878,0.3791208791208791,E,D;E;I;K;T;V,matches_consensus,False,True,unresolved_internal,,,,,,,,False,False,unassigned_manual_review,,not_annotated_no_domain_boundaries,,False,False
9M33,A,VI-D,ternary_tr1,149,150,L,,,,,,False,665,666,full_msa_only_unresolved_coordinate,medium,0.1538461538461538,0.25,2.461778515219649,0.8461538461538461,L,E;K;L;N;S;T,matches_consensus,False,True,unresolved_internal,,,,,,,,False,False,unassigned_manual_review,,not_annotated_no_domain_boundaries,,False,False
9M33,A,VI-D,ternary_tr1,150,151,T,,,,,,False,666,667,full_msa_only_unresolved_coordinate,medium,0.7967032967032966,0.1409691629955947,2.612920646123284,0.2032967032967033,D,D;E;G;K;N;P;S;T;Y,differs_from_consensus,False,True,unresolved_internal;scaffold_differs_from_msa_consensus,,,,,,,,False,False,unassigned_manual_review,,not_annotated_no_domain_boundaries,,False,False
9M33,A,VI-D,ternary_tr1,151,152,E,,,,,,False,667,668,full_msa_only_unresolved_coordinate,medium,0.9615384615384616,0.192170818505338,2.5580005415999194,0.0384615384615384,E,D;E;G;K;N;S;T,matches_consensus,False,True,unresolved_internal,,,,,,,,False,False,unassigned_manual_review,,not_annotated_no_domain_boundaries,,False,False
9M33,A,VI-D,ternary_tr1,152,153,D,,,,,,False,668,669,full_msa_only_unresolved_coordinate,medium,0.9835164835164836,0.944636678200692,0.2547406375754432,0.0164835164835165,D,D,matches_consensus,False,True,unresolved_internal,,,,,,,,False,False,unassigned_manual_review,,not_annotated_no_domain_boundaries,,False,False
9M33,A,VI-D,ternary_tr1,153,154,F,,,,,,False,669,670,full_msa_only_unresolved_coordinate,medium,0.9835164835164836,0.3181228373702422,1.8410987589276655,0.0164835164835165,F,F;I;L;V;Y,matches_consensus,False,True,unresolved_internal,,,,,,,,False,False,unassigned_manual_review,,not_annotated_no_domain_boundaries,,False,False
9M33,A,VI-D,ternary_tr1,154,155,I,,,,,,False,670,671,full_msa_only_unresolved_coordinate,medium,0.9835164835164836,0.5247981545559401,1.3844867958828906,0.0164835164835165,I,F;I;L;V,matches_consensus,False,True,unresolved_internal,,,,,,,,False,False,unassigned_manual_review,,not_annotated_no_domain_boundaries,,False,False
9M33,A,VI-D,ternary_tr1,155,156,G,,,,,,False,671,672,full_msa_only_unresolved_coordinate,medium,0.0714285714285714,0.8461538461538461,0.4293230219306162,0.9285714285714286,G,G;S,matches_consensus,False,True,unresolved_internal,,,,,,,,False,False,unassigned_manual_review,,not_annotated_no_domain_boundaries,,False,False
9M33,A,VI-D,ternary_tr1,156,157,A,,,,,,False,674,675,full_msa_only_unresolved_coordinate,medium,0.0714285714285714,0.3076923076923077,1.6715952780212544,0.9285714285714286,M,A;D;F;I;M;N,differs_from_consensus,False,True,unresolved_internal;scaffold_differs_from_msa_consensus,,,,,,,,False,False,unassigned_manual_review,,not_annotated_no_domain_boundaries,,False,False
9M33,A,VI-D,ternary_tr1,157,158,G,,,,,,False,675,676,full_msa_only_unresolved_coordinate,medium,0.956043956043956,0.8924731182795699,0.5329649423499991,0.0439560439560439,G,G,matches_consensus,False,True,unresolved_internal,,,,,,,,False,False,unassigned_manual_review,,not_annotated_no_domain_boundaries,,False,False
9M33,A,VI-D,ternary_tr1,158,159,G,,,,,,False,677,678,full_msa_only_unresolved_coordinate,medium,0.945054945054945,0.2382671480144404,2.31862657470561,0.0549450549450549,Y,G;M;N;S;T;Y,differs_from_consensus,False,True,unresolved_internal;scaffold_differs_from_msa_consensus,,,,,,,,False,False,unassigned_manual_review,,not_annotated_no_domain_boundaries,,False,False
9M33,A,VI-D,ternary_tr1,159,160,W,,,,,,False,678,679,full_msa_only_unresolved_coordinate,medium,0.9505494505494504,0.4838709677419355,1.5113316420864789,0.0494505494505495,L,F;I;L;M,differs_from_consensus,False,True,unresolved_internal;scaffold_differs_from_msa_consensus,,,,,,,,False,False,unassigned_manual_review,,not_annotated_no_domain_boundaries,,False,False
9M33,A,VI-D,ternary_tr1,160,161,R,,,,,,False,679,680,full_msa_only_unresolved_coordinate,medium,0.8406593406593407,0.3015167364016736,2.168871405821139,0.1593406593406593,S,G;K;N;P;R;S;T;Y,differs_from_consensus,False,True,unresolved_internal;scaffold_differs_from_msa_consensus,,,,,,,,False,False,unassigned_manual_review,,not_annotated_no_domain_boundaries,,False,False
9M33,A,VI-D,ternary_tr1,161,162,I,,,,,,False,680,681,full_msa_only_unresolved_coordinate,medium,0.7802197802197802,0.3745199692780338,2.120855394358002,0.2197802197802197,T,A;F;L;S;T;V;Y,differs_from_consensus,False,True,unresolved_internal;scaffold_differs_from_msa_consensus,,,,,,,,False,False,unassigned_manual_review,,not_annotated_no_domain_boundaries,,False,False
9M33,A,VI-D,ternary_tr1,162,163,N,,,,,,False,688,689,full_msa_only_unresolved_coordinate,medium,0.7252747252747253,0.123076923076923,2.685364474835372,0.2747252747252747,D,D;G;K;L;N;Q;R;S;T,differs_from_consensus,False,True,unresolved_internal;scaffold_differs_from_msa_consensus,,,,,,,,False,False,unassigned_manual_review,,not_annotated_no_domain_boundaries,,False,False
9M33,A,VI-D,ternary_tr1,163,164,L,57.0,L,164.0,,LEU,True,689,690,four_layer_exact,high,0.7362637362637363,0.3922738693467337,2.1847113390248687,0.2637362637362637,N,D;I;K;N;V;Y,differs_from_consensus,False,True,scaffold_differs_from_msa_consensus,0.9422128394666708,surface,False,False,False,False,36.69798851687877,True,False,unassigned_manual_review,,not_annotated_no_domain_boundaries,,False,True
9M33,A,VI-D,ternary_tr1,164,165,D,58.0,D,165.0,,ASP,True,690,691,four_layer_exact,high,0.7692307692307693,0.3679245283018867,1.9994576928039347,0.2307692307692307,T,D;K;P;S;T,differs_from_consensus,False,True,scaffold_differs_from_msa_consensus,0.34115710340763705,surface,False,False,False,False,37.771940566277436,True,False,unassigned_manual_review,,not_annotated_no_domain_boundaries,,False,False
9M33,A,VI-D,ternary_tr1,165,166,Y,59.0,Y,166.0,,TYR,True,692,693,four_layer_exact,high,0.8516483516483516,0.8068415637860082,0.6570525118176964,0.1483516483516483,Y,F;Y,matches_consensus,True,False,,0.2079485398307999,surface,False,False,False,False,36.03371996462214,True,False,unassigned_manual_review,,not_annotated_no_domain_boundaries,,True,False
9M33,A,VI-D,ternary_tr1,166,167,Q,60.0,Q,167.0,,GLN,True,705,706,four_layer_exact,high,0.9175824175824177,0.2679245283018868,2.1500797832958343,0.0824175824175824,E,A;D;E;K;Q;S,differs_from_consensus,True,True,scaffold_differs_from_msa_consensus,0.5770095368447056,surface,False,False,False,False,40.26529668288971,True,False,unassigned_manual_review,,not_annotated_no_domain_boundaries,,True,False
9M33,A,VI-D,ternary_tr1,167,168,T,61.0,T,168.0,,THR,True,706,707,four_layer_exact,high,0.9230769230769232,0.1423220973782771,2.474100316647014,0.0769230769230768,K,A;D;E;K;N;Q;S;T;V,differs_from_consensus,True,True,scaffold_differs_from_msa_consensus,0.2432592178704107,surface,False,False,False,False,40.74665176951754,True,False,unassigned_manual_review,,not_annotated_no_domain_boundaries,,True,False
9M33,A,VI-D,ternary_tr1,168,169,L,62.0,L,169.0,,LEU,True,707,708,four_layer_exact,high,0.9230769230769232,0.4342228464419476,1.7561895836793948,0.0769230769230768,F,F;I;L;V;Y,differs_from_consensus,True,True,scaffold_differs_from_msa_consensus,0.0709624824170566,buried_core,False,False,False,False,35.78208856217868,True,True,unassigned_manual_review,,not_annotated_no_domain_boundaries,,True,False
9M33,A,VI-D,ternary_tr1,169,170,R,63.0,R,170.0,,ARG,True,726,727,four_layer_exact,high,0.3461538461538461,0.1499219156689224,2.4575951719379603,0.6538461538461539,L,A;C;K;L;M;R;S;T,differs_from_consensus,False,True,scaffold_differs_from_msa_consensus,0.4537976470164015,surface,False,False,False,False,40.50624613826736,True,False,unassigned_manual_review,,not_annotated_no_domain_boundaries,,False,False
9M33,A,VI-D,ternary_tr1,170,171,G,64.0,G,171.0,,GLY,True,727,728,four_layer_exact,high,0.3571428571428571,0.3712846347607053,1.7196090522880478,0.6428571428571428,D,D;E;N;S,differs_from_consensus,False,True,scaffold_differs_from_msa_consensus,0.5715066941533609,surface,False,False,False,False,43.382349560257715,True,False,unassigned_manual_review,,not_annotated_no_domain_boundaries,,False,False
9M33,A,VI-D,ternary_tr1,171,172,Q,65.0,Q,172.0,,GLN,True,729,730,four_layer_exact,high,0.2857142857142857,0.6730401529636711,1.308589648316443,0.7142857142857143,P,A;K;P;S,differs_from_consensus,False,True,scaffold_differs_from_msa_consensus,0.42825878290734104,surface,False,False,False,False,40.38869871002959,True,False,unassigned_manual_review,,not_annotated_no_domain_boundaries,,False,False
9M33,A,VI-D,ternary_tr1,172,173,T,66.0,T,173.0,,THR,True,730,731,four_layer_exact,high,0.2857142857142857,0.2045889101338432,2.313767979451839,0.7142857142857143,E,D;E;K;N;S;T,differs_from_consensus,False,True,scaffold_differs_from_msa_consensus,0.45378800839042605,surface,False,False,False,False,42.60412754470807,True,False,unassigned_manual_review,,not_annotated_no_domain_boundaries,,False,False
9M33,A,VI-D,ternary_tr1,173,174,N,67.0,N,174.0,,ASN,True,761,762,four_layer_exact,high,0.7252747252747253,0.3163265306122449,2.216312346365829,0.2747252747252747,K,D;E;K;N;R;S,differs_from_consensus,False,True,scaffold_differs_from_msa_consensus,0.5656323186594369,surface,False,False,False,False,38.7903974969152,True,False,unassigned_manual_review,,not_annotated_no_domain_boundaries,,False,False
9M33,A,VI-D,ternary_tr1,174,175,K,68.0,K,175.0,,LYS,True,762,763,four_layer_exact,high,0.7802197802197802,0.213953488372093,2.484878606258631,0.2197802197802197,S,A;I;K;L;N;Q;S;V,differs_from_consensus,False,True,scaffold_differs_from_msa_consensus,0.5391060319186388,surface,False,False,False,False,36.28917936506772,True,False,unassigned_manual_review,,not_annotated_no_domain_boundaries,,False,False
9M33,A,VI-D,ternary_tr1,175,176,Y,69.0,Y,176.0,,TYR,True,763,764,four_layer_exact,high,0.7857142857142857,0.4128440366972477,1.8907203716128045,0.2142857142857143,K,K;R;Y,differs_from_consensus,False,True,scaffold_differs_from_msa_consensus,0.2818951326970506,surface,False,False,False,False,38.25538166514319,True,False,unassigned_manual_review,,not_annotated_no_domain_boundaries,,False,False
9M33,A,VI-D,ternary_tr1,176,177,D,70.0,D,177.0,,ASP,True,764,765,four_layer_exact,high,0.8131868131868132,0.1938325991189427,2.164355216127221,0.1868131868131868,E,A;D;E;K;N;R;S,differs_from_consensus,True,True,scaffold_differs_from_msa_consensus,0.45682781026221325,surface,False,False,False,False,37.73617098346056,True,False,unassigned_manual_review,,not_annotated_no_domain_boundaries,,True,False
9M33,A,VI-D,ternary_tr1,177,178,R,71.0,R,178.0,,ARG,True,765,766,four_layer_exact,high,0.7307692307692307,0.2081218274111675,2.5933707260581027,0.2692307692307693,K,A;D;E;F;K;L;N;S;T,differs_from_consensus,False,True,scaffold_differs_from_msa_consensus,0.4852925032013041,surface,False,False,False,False,31.026275651080923,True,False,unassigned_manual_review,,not_annotated_no_domain_boundaries,,False,False
9M33,A,VI-D,ternary_tr1,178,179,F,72.0,F,179.0,,PHE,True,808,809,four_layer_exact,high,0.7967032967032966,0.6947869955156951,1.085834884972082,0.2032967032967033,F,F;L;Y,matches_consensus,False,False,,0.04025427386799721,buried_core,False,False,False,False,32.12800749496466,True,True,unassigned_manual_review,,not_annotated_no_domain_boundaries,,False,False
9M33,A,VI-D,ternary_tr1,179,180,K,73.0,K,180.0,,LYS,True,847,848,four_layer_exact,high,0.8791208791208791,0.272,2.3570440080535624,0.1208791208791209,E,D;E;K;L;Q,differs_from_consensus,True,True,scaffold_differs_from_msa_consensus,0.41012634810551646,surface,False,False,False,False,32.97235771429151,True,False,unassigned_manual_review,,not_annotated_no_domain_boundaries,,True,False
9M33,A,VI-D,ternary_tr1,180,181,N,74.0,N,181.0,,ASN,True,848,849,four_layer_exact,high,0.8901098901098901,0.2125984251968504,2.259972308387499,0.1098901098901099,E,A;D;E;K;N;Q,differs_from_consensus,True,True,scaffold_differs_from_msa_consensus,0.38340061187336066,surface,False,False,False,False,31.58612236432626,True,False,unassigned_manual_review,,not_annotated_no_domain_boundaries,,True,False
9M33,A,VI-D,ternary_tr1,181,182,Y,75.0,Y,182.0,,TYR,True,853,854,four_layer_exact,high,0.989010989010989,0.3931034482758621,1.7026153784520743,0.0109890109890109,L,F;I;L;V;Y,differs_from_consensus,True,True,scaffold_differs_from_msa_consensus,0.17338265898786154,buried_core,False,False,False,False,25.73236971203952,True,True,unassigned_manual_review,,not_annotated_no_domain_boundaries,,True,False
9M33,A,VI-D,ternary_tr1,182,183,I,76.0,I,183.0,,ILE,True,854,855,four_layer_exact,high,0.9835164835164836,0.3819444444444444,1.902525130550066,0.0164835164835165,L,I;L;M;V;Y,differs_from_consensus,True,True,scaffold_differs_from_msa_consensus,0.03620167250210248,buried_core,False,False,False,False,28.044113577325028,True,True,unassigned_manual_review,,not_annotated_no_domain_boundaries,,True,False
9M33,A,VI-D,ternary_tr1,183,184,K,77.0,K,184.0,,LYS,True,855,856,four_layer_exact,high,0.9725274725274724,0.3218968531468531,2.266836153858927,0.0274725274725274,K,D;E;K;N;R;S,matches_consensus,True,False,,0.5522574309818962,surface,False,False,False,False,28.065823978571753,True,False,unassigned_manual_review,,not_annotated_no_domain_boundaries,,True,False
9M33,A,VI-D,ternary_tr1,184,185,R,78.0,R,185.0,,ARG,True,859,860,four_layer_exact,high,0.9725274725274724,0.2867132867132867,2.1543887797951977,0.0274725274725274,N,A;D;K;N;R;S;T,differs_from_consensus,True,True,scaffold_differs_from_msa_consensus,0.3231317915656312,surface,False,False,False,False,26.26381512775301,True,False,unassigned_manual_review,,not_annotated_no_domain_boundaries,,True,False
9M33,A,VI-D,ternary_tr1,185,186,K,79.0,K,186.0,,LYS,True,866,867,four_layer_exact,high,0.956043956043956,0.1798561151079136,2.5536442431912896,0.0439560439560439,P,A;I;K;N;P;S;T,differs_from_consensus,True,True,scaffold_differs_from_msa_consensus,0.4506770143787244,surface,False,False,False,False,22.56933937892585,True,False,unassigned_manual_review,,not_annotated_no_domain_boundaries,,True,False
9M33,A,VI-D,ternary_tr1,186,187,E,80.0,E,187.0,,GLU,True,867,868,four_layer_exact,high,0.9615384615384616,0.4357142857142857,1.832936178223712,0.0384615384615384,R,E;K;Q;R;S,differs_from_consensus,True,True,scaffold_differs_from_msa_consensus,0.25786530609291414,surface,False,False,False,False,21.587902819611834,True,False,unassigned_manual_review,,not_annotated_no_domain_boundaries,,True,False
9M33,A,VI-D,ternary_tr1,187,188,L,81.0,L,188.0,,LEU,True,876,877,four_layer_exact,high,0.934065934065934,0.5073529411764706,1.6645494685568731,0.0659340659340659,L,F;I;L;M;Y,matches_consensus,True,False,,0.030040502886565082,buried_core,False,False,False,False,20.3154172333545,True,True,unassigned_manual_review,,not_annotated_no_domain_boundaries,,True,False
9M33,A,VI-D,ternary_tr1,188,189,L,82.0,L,189.0,,LEU,True,877,878,four_layer_exact,high,0.934065934065934,0.3823529411764705,2.197807917413664,0.0659340659340659,G,A;G;K;R;S;V,differs_from_consensus,True,True,scaffold_differs_from_msa_consensus,0.184129714475378,buried_core,False,False,False,False,17.021125055415936,True,True,unassigned_manual_review,,not_annotated_no_domain_boundaries,,True,False
9M33,A,VI-D,ternary_tr1,189,190,Y,83.0,Y,190.0,,TYR,True,883,884,four_layer_exact,high,0.989010989010989,0.8896551724137931,0.4561349249235004,0.0109890109890109,Y,F;Y,matches_consensus,True,False,,0.19879405829043137,buried_core,False,False,False,False,15.362978614884787,True,True,unassigned_manual_review,,not_annotated_no_domain_boundaries,,True,False
9M33,A,VI-D,ternary_tr1,190,191,F,84.0,F,191.0,,PHE,True,884,885,four_layer_exact,high,0.989010989010989,0.7448275862068966,0.9081011234715318,0.0109890109890109,F,F;L;Y,matches_consensus,True,False,,0.0497504707017582,buried_core,False,False,False,False,16.59148557715019,True,True,unassigned_manual_review,,not_annotated_no_domain_boundaries,,True,False
9M33,A,VI-D,ternary_tr1,191,192,G,85.0,G,192.0,,GLY,True,889,890,four_layer_exact,high,0.9725274725274724,0.676056338028169,1.231170526549714,0.0274725274725274,G,D;G;N;S,matches_consensus,True,False,,0.4965252148157532,surface,False,False,False,False,15.088637047161763,True,False,unassigned_manual_review,,not_annotated_no_domain_boundaries,,True,False
9M33,A,VI-D,ternary_tr1,192,193,E,86.0,E,193.0,,GLU,True,901,902,four_layer_exact,high,0.9835164835164836,0.2083333333333333,2.408580112882473,0.0164835164835165,D,D;E;F;G;K;N;S;T,differs_from_consensus,True,True,scaffold_differs_from_msa_consensus,0.317571626670874,surface,False,False,False,False,13.371848336302651,True,False,unassigned_manual_review,,not_annotated_no_domain_boundaries,,True,False
9M33,A,VI-D,ternary_tr1,193,194,A,87.0,A,194.0,,ALA,True,902,903,four_layer_exact,high,0.9835164835164836,0.3611111111111111,2.0000778562397588,0.0164835164835165,A,A;E;I;L;T;V,matches_consensus,True,False,,0.03533468589306414,buried_core,False,False,False,False,17.805806259163774,True,True,unassigned_manual_review,,not_annotated_no_domain_boundaries,,True,False
9M33,A,VI-D,ternary_tr1,194,195,F,88.0,F,195.0,,PHE,True,903,904,four_layer_exact,high,0.978021978021978,0.7482517482517482,0.9158307687118252,0.021978021978022,F,F;L;Y,matches_consensus,True,False,,0.020127136933998604,buried_core,False,False,False,False,20.565095287876,True,True,unassigned_manual_review,,not_annotated_no_domain_boundaries,,True,False
9M33,A,VI-D,ternary_tr1,195,196,Y,89.0,Y,196.0,,TYR,True,904,905,four_layer_exact,high,0.9725274725274724,0.2887323943661972,2.4549672026777847,0.0274725274725274,Y,F;I;K;Y,matches_consensus,True,False,,0.19879405829043137,buried_core,False,False,False,False,17.43847626846054,True,True,unassigned_manual_review,,not_annotated_no_domain_boundaries,,True,False
9M33,A,VI-D,ternary_tr1,196,197,H,90.0,H,197.0,,HIS,True,905,906,four_layer_exact,high,0.6208791208791209,0.1727272727272727,2.608474249594354,0.3791208791208791,K,D;H;K;P;R;S;T;Y,differs_from_consensus,False,True,scaffold_differs_from_msa_consensus,0.25512245621271995,surface,False,False,False,False,15.942096884788207,True,False,unassigned_manual_review,,not_annotated_no_domain_boundaries,,False,False
9M33,A,VI-D,ternary_tr1,197,198,E,91.0,E,198.0,,GLU,True,992,993,four_layer_exact,high,0.1483516483516483,0.2222222222222222,2.364846178214263,0.8516483516483516,E,A;D;E;G;I;K;N,matches_consensus,False,False,,0.664681606323835,surface,False,False,False,False,13.688248458849985,True,False,unassigned_manual_review,,not_annotated_no_domain_boundaries,,False,False
9M33,A,VI-D,ternary_tr1,198,199,N,92.0,N,199.0,,ASN,True,993,994,four_layer_exact,high,0.5164835164835165,0.1182795698924731,2.7355261193529987,0.4835164835164834,E,D;E;G;K;L;N;R;Y,differs_from_consensus,False,True,scaffold_differs_from_msa_consensus,0.6342041031703146,surface,False,False,False,False,12.98275665414619,True,False,unassigned_manual_review,,not_annotated_no_domain_boundaries,,False,False
9M33,A,VI-D,ternary_tr1,199,200,E,93.0,E,200.0,,GLU,True,994,995,four_layer_exact,high,0.7252747252747253,0.1530612244897959,2.5439263886462906,0.2747252747252747,K,D;E;I;K;N;Q;T;V,differs_from_consensus,False,True,scaffold_differs_from_msa_consensus,0.5780318601199345,surface,False,False,False,False,18.621837756870057,True,False,unassigned_manual_review,,not_annotated_no_domain_boundaries,,False,False
9M33,A,VI-D,ternary_tr1,200,201,R,94.0,R,201.0,,ARG,True,995,996,four_layer_exact,high,0.8296703296703297,0.2183908045977011,2.5145360363436486,0.1703296703296702,E,D;E;K;L;N;P;Q;R,differs_from_consensus,True,True,scaffold_differs_from_msa_consensus,0.2983893416286216,surface,False,False,False,False,21.952379822206286,True,False,unassigned_manual_review,,not_annotated_no_domain_boundaries,,True,False
9M33,A,VI-D,ternary_tr1,201,202,R,95.0,R,202.0,,ARG,True,996,997,four_layer_exact,high,0.9725274725274724,0.380281690140845,2.0447219024364927,0.0274725274725274,K,A;E;K;N;R,differs_from_consensus,True,True,scaffold_differs_from_msa_consensus,0.10744861435007867,buried_core,False,False,False,False,19.768514973706505,True,True,unassigned_manual_review,,not_annotated_no_domain_boundaries,,True,False
9M33,A,VI-D,ternary_tr1,202,203,Y,96.0,Y,203.0,,TYR,True,997,998,four_layer_exact,high,0.967032967032967,0.2624113475177305,2.556186469552014,0.0329670329670329,S,D;E;N;S;T,differs_from_consensus,True,True,scaffold_differs_from_msa_consensus,0.6318511142868992,surface,False,False,False,False,26.208870843689777,True,False,unassigned_manual_review,,not_annotated_no_domain_boundaries,,True,False
9M33,A,VI-D,ternary_tr1,203,204,E,97.0,E,204.0,,GLU,True,998,999,four_layer_exact,high,0.967032967032967,0.3191489361702128,2.001474815983524,0.0329670329670329,E,D;E;K;Q;R,matches_consensus,True,False,,0.19020565629625732,buried_core,False,False,False,False,29.53628166159135,True,True,unassigned_manual_review,,not_annotated_no_domain_boundaries,,True,False
9M33,A,VI-D,ternary_tr1,204,205,E,98.0,E,205.0,,GLU,True,999,1000,four_layer_exact,high,0.912087912087912,0.3435114503816794,1.9206601311885951,0.0879120879120879,K,D;E;K;N;R,differs_from_consensus,True,True,scaffold_differs_from_msa_consensus,0.37089727395437694,surface,False,False,False,False,29.89624150198672,True,False,unassigned_manual_review,,not_annotated_no_domain_boundaries,,True,False
9M33,A,VI-D,ternary_tr1,205,206,D,99.0,D,206.0,,ASP,True,1021,1022,four_layer_exact,high,0.9725274725274724,0.4223151408450704,2.004366578420314,0.0274725274725274,E,D;E;H;K;R;Y,differs_from_consensus,True,True,scaffold_differs_from_msa_consensus,0.1617019735222595,buried_core,False,False,False,False,26.201377872753323,True,True,unassigned_manual_review,,not_annotated_no_domain_boundaries,,True,False
9M33,A,VI-D,ternary_tr1,206,207,I,100.0,I,207.0,,ILE,True,1030,1031,four_layer_exact,high,0.9945054945054944,0.3084332191780822,1.9334741628997247,0.0054945054945054,I,A;C;I;L;N;V,matches_consensus,True,False,,0.04904073973766158,buried_core,False,False,False,False,26.23588892272282,True,True,unassigned_manual_review,,not_annotated_no_domain_boundaries,,True,False
9M33,A,VI-D,ternary_tr1,207,208,F,101.0,F,208.0,,PHE,True,1031,1032,four_layer_exact,high,0.9945054945054944,0.6643835616438356,1.2277374201348163,0.0054945054945054,Y,F;Y,differs_from_consensus,True,True,scaffold_differs_from_msa_consensus,0.25662099590848225,surface,False,False,False,False,28.969973704424984,True,False,unassigned_manual_review,,not_annotated_no_domain_boundaries,,True,False
9M33,A,VI-D,ternary_tr1,208,209,A,102.0,A,209.0,,ALA,True,1032,1033,four_layer_exact,high,0.9945054945054944,0.2054794520547945,2.289840835448434,0.0054945054945054,N,D;H;K;N;S;Y,differs_from_consensus,True,True,scaffold_differs_from_msa_consensus,0.028084377117207356,buried_core,False,False,False,False,26.783961216824572,True,True,unassigned_manual_review,,not_annotated_no_domain_boundaries,,True,False
9M33,A,VI-D,ternary_tr1,209,210,I,103.0,I,210.0,,ILE,True,1033,1034,four_layer_exact,high,0.9945054945054944,0.4111729452054795,1.6950957478591993,0.0054945054945054,I,I;L;V,matches_consensus,True,False,,0.08582129454090776,buried_core,False,False,False,False,22.72307559816435,True,True,unassigned_manual_review,,not_annotated_no_domain_boundaries,,True,False
9M33,A,VI-D,ternary_tr1,210,211,L,104.0,L,211.0,,LEU,True,1034,1035,four_layer_exact,high,0.9945054945054944,0.6712328767123288,1.184271988274514,0.0054945054945054,L,F;I;L,matches_consensus,True,False,,0.1648395228319984,buried_core,False,False,False,False,25.066295116838887,True,True,unassigned_manual_review,,not_annotated_no_domain_boundaries,,True,False
9M33,A,VI-D,ternary_tr1,211,212,T,105.0,T,212.0,,THR,True,1035,1036,four_layer_exact,high,0.9945054945054944,0.3424657534246575,1.8198097162278748,0.0054945054945054,R,A;C;R;S,differs_from_consensus,True,True,scaffold_differs_from_msa_consensus,0.2737186390337319,surface,False,False,False,False,26.08849306469725,True,False,unassigned_manual_review,,not_annotated_no_domain_boundaries,,True,False
9M33,A,VI-D,ternary_tr1,212,213,L,106.0,L,213.0,,LEU,True,1036,1037,four_layer_exact,high,0.9945054945054944,0.4246575342465753,1.7449120721819953,0.0054945054945054,L,F;I;L;M;V,matches_consensus,True,False,,0.05804862977347053,buried_core,False,False,False,False,23.025572612560623,True,True,unassigned_manual_review,,not_annotated_no_domain_boundaries,,True,False
9M33,A,VI-D,ternary_tr1,213,214,L,107.0,L,214.0,,LEU,True,1037,1038,four_layer_exact,high,1.0,0.6326530612244898,1.1752685407534762,0.0,L,A;I;L;V,matches_consensus,True,False,,0.060081005773130164,buried_core,False,False,False,False,19.222761913961712,True,True,unassigned_manual_review,,not_annotated_no_domain_boundaries,,True,False
9M33,A,VI-D,ternary_tr1,214,215,S,108.0,S,215.0,,SER,True,1038,1039,four_layer_exact,high,1.0,0.4419642857142857,1.2867105197612856,0.0,G,A;G;S,differs_from_consensus,True,True,scaffold_differs_from_msa_consensus,0.46967004747228525,surface,False,False,False,False,23.083530750582756,True,False,unassigned_manual_review,,not_annotated_no_domain_boundaries,,True,False
9M33,A,VI-D,ternary_tr1,215,216,A,109.0,A,216.0,,ALA,True,1039,1040,four_layer_exact,high,1.0,0.1428571428571428,2.660033185241378,0.0,S,A;F;I;K;L;M;Q;S;T;Y,differs_from_consensus,True,True,scaffold_differs_from_msa_consensus,0.13106042654696767,buried_core,False,False,False,False,22.186295066339905,True,True,unassigned_manual_review,,not_annotated_no_domain_boundaries,,True,False
9M33,A,VI-D,ternary_tr1,216,217,L,110.0,L,217.0,,LEU,True,1040,1041,four_layer_exact,high,1.0,0.4693877551020408,1.5713257017154096,0.0,L,A;I;L;M;V,matches_consensus,True,False,,0.0360486034638781,buried_core,False,False,False,False,18.463899978203138,True,True,unassigned_manual_review,,not_annotated_no_domain_boundaries,,True,False
9M33,A,VI-D,ternary_tr1,217,218,R,111.0,A,218.0,,ALA,True,1041,1042,four_layer_literature_restored_substitution,high,1.0,1.0,-0.0,0.0,R,R,matches_consensus,True,True,literature_confirmed_construct_substitution,0.18511803051817005,buried_core,False,False,False,False,18.46920524622578,True,True,HEPN1,,not_annotated_no_domain_boundaries,HEPN1_R,True,False
9M33,A,VI-D,ternary_tr1,218,219,Q,112.0,Q,219.0,,GLN,True,1042,1043,four_layer_exact,high,1.0,0.7142857142857143,0.9316783758070812,0.0,Q,H;N;Q,matches_consensus,True,False,,0.3766858394006504,surface,False,False,False,False,19.92519870423484,True,False,unassigned_manual_review,,not_annotated_no_domain_boundaries,,True,False
9M33,A,VI-D,ternary_tr1,219,220,F,113.0,F,220.0,,PHE,True,1043,1044,four_layer_exact,high,1.0,0.2108843537414966,2.323815639312074,0.0,F,A;F;L;M;S;W,matches_consensus,True,False,,0.11062469267134716,buried_core,False,False,False,False,17.73071155081266,True,True,unassigned_manual_review,,not_annotated_no_domain_boundaries,,True,False
9M33,A,VI-D,ternary_tr1,220,221,C,114.0,C,221.0,,CYS,True,1044,1045,four_layer_exact,high,1.0,0.3197278911564626,1.9871025701383875,0.0,C,A;C;I;L;S;T;V,matches_consensus,True,False,,0.03452576464817479,buried_core,False,False,False,False,14.54552390787124,True,True,unassigned_manual_review,,not_annotated_no_domain_boundaries,,True,False
9M33,A,VI-D,ternary_tr1,221,222,F,115.0,F,222.0,,PHE,True,1045,1046,four_layer_exact,high,1.0,0.2653061224489796,1.9638985671056768,0.0,F,A;F;M;T;V,matches_consensus,True,False,,0.4386762901840108,surface,False,False,False,False,13.641302168808904,True,False,unassigned_manual_review,,not_annotated_no_domain_boundaries,,True,False
9M33,A,VI-D,ternary_tr1,222,223,H,116.0,A,223.0,,ALA,True,1046,1047,four_layer_literature_restored_substitution,high,1.0,0.9931972789115646,0.0407280509323613,0.0,H,H,matches_consensus,True,True,literature_confirmed_construct_substitution,0.5129734708820926,surface,False,False,False,False,14.656287343485607,True,False,HEPN1,,not_annotated_no_domain_boundaries,HEPN1_H,True,True
9M33,A,VI-D,ternary_tr1,223,224,S,,,,,,False,1047,1048,full_msa_only_unresolved_coordinate,medium,1.0,0.3197278911564626,2.187913418055878,0.0,G,D;E;F;G;S;Y,differs_from_consensus,False,True,unresolved_internal;scaffold_differs_from_msa_consensus,,,,,,,,False,False,unassigned_manual_review,,not_annotated_no_domain_boundaries,,False,False
9M33,A,VI-D,ternary_tr1,224,225,D,,,,,,False,1049,1050,full_msa_only_unresolved_coordinate,medium,0.9285714285714286,0.1838235294117647,2.43337981865906,0.0714285714285714,K,D;E;G;K;N;S;T;Y,differs_from_consensus,False,True,unresolved_internal;scaffold_differs_from_msa_consensus,,,,,,,,False,False,unassigned_manual_review,,not_annotated_no_domain_boundaries,,False,False
9M33,A,VI-D,ternary_tr1,225,226,L,,,,,,False,1050,1051,full_msa_only_unresolved_coordinate,medium,0.912087912087912,0.1753339694656488,2.61739589031574,0.0879120879120879,E,D;E;G;K;N;T;V,differs_from_consensus,False,True,unresolved_internal;scaffold_differs_from_msa_consensus,,,,,,,,False,False,unassigned_manual_review,,not_annotated_no_domain_boundaries,,False,False
9M33,A,VI-D,ternary_tr1,226,227,S,,,,,,False,1051,1052,full_msa_only_unresolved_coordinate,medium,0.934065934065934,0.1753086419753086,2.555000334921787,0.0659340659340659,S,A;D;E;G;K;N;R;S;T,matches_consensus,False,True,unresolved_internal,,,,,,,,False,False,unassigned_manual_review,,not_annotated_no_domain_boundaries,,False,False
9M33,A,VI-D,ternary_tr1,227,228,S,,,,,,False,1055,1056,full_msa_only_unresolved_coordinate,medium,0.8626373626373627,0.2254098360655737,2.519479610737625,0.1373626373626373,N,D;E;G;K;N;R;S;T,differs_from_consensus,False,True,unresolved_internal;scaffold_differs_from_msa_consensus,,,,,,,,False,False,unassigned_manual_review,,not_annotated_no_domain_boundaries,,False,False
9M33,A,VI-D,ternary_tr1,228,229,D,,,,,,False,1056,1057,full_msa_only_unresolved_coordinate,medium,0.8131868131868132,0.168141592920354,2.4508894946563955,0.1868131868131868,R,A;D;K;N;R;S;T,differs_from_consensus,False,True,unresolved_internal;scaffold_differs_from_msa_consensus,,,,,,,,False,False,unassigned_manual_review,,not_annotated_no_domain_boundaries,,False,False
9M33,A,VI-D,ternary_tr1,229,230,E,,,,,,False,1057,1058,full_msa_only_unresolved_coordinate,medium,0.521978021978022,0.1269841269841269,2.421662682717796,0.478021978021978,A,A;D;E;K;L;N;P;Q;S;T,differs_from_consensus,False,True,unresolved_internal;scaffold_differs_from_msa_consensus,,,,,,,,False,False,unassigned_manual_review,,not_annotated_no_domain_boundaries,,False,False
9M33,A,VI-D,ternary_tr1,230,231,S,,,,,,False,1058,1059,full_msa_only_unresolved_coordinate,medium,0.2582417582417582,0.1521739130434782,2.626325626645996,0.7417582417582418,N,A;D;E;F;G;K;L;N;S;V,differs_from_consensus,False,True,unresolved_internal;scaffold_differs_from_msa_consensus,,,,,,,,False,False,unassigned_manual_review,,not_annotated_no_domain_boundaries,,False,False
9M33,A,VI-D,ternary_tr1,231,232,D,,,,,,False,1069,1070,full_msa_only_unresolved_coordinate,medium,0.1923076923076923,0.2121212121212121,2.361930388083419,0.8076923076923077,D,D;E;G;H;K;N;R;T;V,matches_consensus,False,True,unresolved_internal,,,,,,,,False,False,unassigned_manual_review,,not_annotated_no_domain_boundaries,,False,False
9M33,A,VI-D,ternary_tr1,232,233,H,117.0,H,233.0,,HIS,True,1070,1071,four_layer_exact,high,0.2142857142857142,0.2162162162162162,2.065754107628625,0.7857142857142857,D,D;E;G;H;K;Q;S,differs_from_consensus,False,True,scaffold_differs_from_msa_consensus,0.9283417511331603,surface,False,False,False,False,26.31869240419609,True,False,unassigned_manual_review,,not_annotated_no_domain_boundaries,,False,True
9M33,A,VI-D,ternary_tr1,233,234,V,118.0,V,234.0,,VAL,True,1072,1073,four_layer_exact,high,0.2857142857142857,0.1764705882352941,2.578844808230984,0.7142857142857143,I,D;I;K;L;N;Q;R;S;V,differs_from_consensus,False,True,scaffold_differs_from_msa_consensus,0.335305217179511,surface,False,False,False,False,23.85358727435208,True,False,unassigned_manual_review,,not_annotated_no_domain_boundaries,,False,False
9M33,A,VI-D,ternary_tr1,234,235,N,119.0,N,235.0,,ASN,True,1073,1074,four_layer_exact,high,0.3901098901098901,0.1764705882352941,2.429284477153144,0.6098901098901099,A,A;D;G;K;P;S;T,differs_from_consensus,False,True,scaffold_differs_from_msa_consensus,0.4771894289604623,surface,False,False,False,False,22.795066451549495,True,False,unassigned_manual_review,,not_annotated_no_domain_boundaries,,False,False
9M33,A,VI-D,ternary_tr1,235,236,S,120.0,S,236.0,,SER,True,1074,1075,four_layer_exact,high,0.4065934065934066,0.1714285714285714,2.4148389702678728,0.5934065934065934,D,D;E;G;K;N;P;R;S,differs_from_consensus,False,True,scaffold_differs_from_msa_consensus,0.48888727107599256,surface,False,False,False,False,18.934725790497627,True,False,unassigned_manual_review,,not_annotated_no_domain_boundaries,,False,False
9M33,A,VI-D,ternary_tr1,236,237,F,121.0,F,237.0,,PHE,True,1075,1076,four_layer_exact,high,0.6538461538461539,0.2142857142857142,2.3573451971064188,0.3461538461538461,T,A;F;N;S;T;Y,differs_from_consensus,False,True,scaffold_differs_from_msa_consensus,0.20127136933998604,surface,False,False,False,False,21.309038358490994,True,False,unassigned_manual_review,,not_annotated_no_domain_boundaries,,False,False
9M33,A,VI-D,ternary_tr1,237,238,W,122.0,W,238.0,,TRP,True,1078,1079,four_layer_exact,high,0.8516483516483516,0.3916666666666666,2.1616914042489888,0.1483516483516483,W,A;S;V;W;Y,matches_consensus,True,False,,0.07530673168957683,buried_core,False,False,False,False,22.853217468428184,True,True,unassigned_manual_review,,not_annotated_no_domain_boundaries,,True,False
9M33,A,VI-D,ternary_tr1,238,239,L,123.0,L,239.0,,LEU,True,1079,1080,four_layer_exact,high,0.978021978021978,0.6153846153846154,1.3618227655954975,0.021978021978022,L,I;L,matches_consensus,True,False,,0.0880891326600356,buried_core,False,False,False,False,18.84360982567621,True,True,unassigned_manual_review,,not_annotated_no_domain_boundaries,,True,False
9M33,A,VI-D,ternary_tr1,239,240,Y,124.0,Y,240.0,,TYR,True,1080,1081,four_layer_exact,high,0.9835164835164836,0.6319444444444444,0.7720129761978174,0.0164835164835165,Y,F;Y,matches_consensus,True,False,,0.10650949935118927,buried_core,False,False,False,False,15.846143378854478,True,True,unassigned_manual_review,,not_annotated_no_domain_boundaries,,True,False
9M33,A,VI-D,ternary_tr1,240,241,Q,125.0,Q,241.0,,GLN,True,1081,1082,four_layer_exact,high,0.945054945054945,0.3941605839416058,2.045662002332108,0.0549450549450549,N,D;K;N;Q;R;S,differs_from_consensus,True,True,scaffold_differs_from_msa_consensus,0.2130968825934587,surface,False,False,False,False,23.915926903124543,True,False,unassigned_manual_review,,not_annotated_no_domain_boundaries,,True,False
9M33,A,VI-D,ternary_tr1,241,242,L,126.0,L,242.0,,LEU,True,1082,1083,four_layer_exact,high,0.9835164835164836,0.5277777777777778,1.7186172629535157,0.0164835164835165,L,A;I;L;S,matches_consensus,True,False,,0.051803456174417964,buried_core,False,False,False,False,23.975789863989114,True,True,unassigned_manual_review,,not_annotated_no_domain_boundaries,,True,False
9M33,A,VI-D,ternary_tr1,242,243,E,127.0,E,243.0,,GLU,True,1092,1093,four_layer_exact,high,0.9395604395604396,0.406934306569343,1.7487052880905518,0.0604395604395604,D,D;E;K;N;S,differs_from_consensus,True,True,scaffold_differs_from_msa_consensus,0.6065474345071755,surface,False,False,False,False,28.119012133429024,True,False,unassigned_manual_review,,not_annotated_no_domain_boundaries,,True,False
9M33,A,VI-D,ternary_tr1,243,244,D,128.0,D,244.0,,ASP,True,1093,1094,four_layer_exact,high,0.9065934065934066,0.2366412213740458,2.340740778692264,0.0934065934065934,K,D;E;K;N;Q;S,differs_from_consensus,True,True,scaffold_differs_from_msa_consensus,0.5735968699970672,surface,False,False,False,False,29.026430568695496,True,False,unassigned_manual_review,,not_annotated_no_domain_boundaries,,True,False
9M33,A,VI-D,ternary_tr1,244,245,Q,129.0,Q,245.0,,GLN,True,1099,1100,four_layer_exact,high,0.456043956043956,0.2131147540983606,2.715843952942517,0.543956043956044,K,D;E;F;K;Q;V,differs_from_consensus,False,True,scaffold_differs_from_msa_consensus,0.3005308409508306,surface,False,False,False,False,26.64324191641001,True,False,unassigned_manual_review,,not_annotated_no_domain_boundaries,,False,False
9M33,A,VI-D,ternary_tr1,245,246,L,130.0,L,246.0,,LEU,True,1100,1101,four_layer_exact,high,0.7142857142857143,0.6185567010309279,1.313524370036907,0.2857142857142857,L,F;I;L,matches_consensus,False,False,,0.10670186563686197,buried_core,False,False,False,False,28.094928329737385,True,True,unassigned_manual_review,,not_annotated_no_domain_boundaries,,False,False
9M33,A,VI-D,ternary_tr1,246,247,S,131.0,S,247.0,,SER,True,1113,1114,four_layer_exact,high,0.8846153846153846,0.164021164021164,2.621709658011768,0.1153846153846154,D,A;D;K;N;P;R;S,differs_from_consensus,True,True,scaffold_differs_from_msa_consensus,0.2874213526993339,surface,False,False,False,False,32.909877486810814,True,False,unassigned_manual_review,,not_annotated_no_domain_boundaries,,True,False
9M33,A,VI-D,ternary_tr1,247,248,D,132.0,D,248.0,,ASP,True,1114,1115,four_layer_exact,high,0.956043956043956,0.1894484412470023,2.3583923331809755,0.0439560439560439,P,A;D;E;G;K;N;P;Q;S,differs_from_consensus,True,True,scaffold_differs_from_msa_consensus,0.5128951795212267,surface,False,False,False,False,33.848969397374255,True,False,unassigned_manual_review,,not_annotated_no_domain_boundaries,,True,False
9M33,A,VI-D,ternary_tr1,248,249,E,133.0,E,249.0,,GLU,True,1115,1116,four_layer_exact,high,0.9725274725274724,0.5070422535211268,1.5166328558532232,0.0274725274725274,E,D;E;N,matches_consensus,True,False,,0.42199788471901006,surface,False,False,False,False,31.611521772845354,True,False,unassigned_manual_review,,not_annotated_no_domain_boundaries,,True,False
9M33,A,VI-D,ternary_tr1,249,250,F,134.0,F,250.0,,PHE,True,1124,1125,four_layer_exact,high,0.9230769230769232,0.2781954887218045,1.885466982305344,0.0769230769230768,L,A;F;I;L;V;Y,differs_from_consensus,True,True,scaffold_differs_from_msa_consensus,0.17051329230574985,buried_core,False,False,False,False,28.747629078877857,True,True,unassigned_manual_review,,not_annotated_no_domain_boundaries,,True,False
9M33,A,VI-D,ternary_tr1,250,251,K,135.0,K,251.0,,LYS,True,1145,1146,four_layer_exact,high,0.978021978021978,0.2657342657342657,2.2510283909761952,0.021978021978022,K,I;K;L;R;W,matches_consensus,True,False,,0.26561862376302964,surface,False,False,False,False,29.026932141432017,True,False,unassigned_manual_review,,not_annotated_no_domain_boundaries,,True,False
9M33,A,VI-D,ternary_tr1,251,252,E,136.0,E,252.0,,GLU,True,1146,1147,four_layer_exact,high,0.9945054945054944,0.1986301369863013,2.326101214931983,0.0054945054945054,D,A;D;E;K;N;Q;S,differs_from_consensus,True,True,scaffold_differs_from_msa_consensus,0.5287631218931113,surface,False,False,False,False,27.363140235308805,True,False,unassigned_manual_review,,not_annotated_no_domain_boundaries,,True,False
9M33,A,VI-D,ternary_tr1,252,253,T,137.0,T,253.0,,THR,True,1147,1148,four_layer_exact,high,1.0,0.2857142857142857,2.118341611796008,0.0,T,F;I;L;T;V,matches_consensus,True,False,,0.07950304325939431,buried_core,False,False,False,False,24.52489996911114,True,True,unassigned_manual_review,,not_annotated_no_domain_boundaries,,True,False
9M33,A,VI-D,ternary_tr1,253,254,L,138.0,L,254.0,,LEU,True,1148,1149,four_layer_exact,high,1.0,0.6462585034013606,1.051052160330606,0.0,L,I;L;V,matches_consensus,True,False,,0.0460324286188445,buried_core,False,False,False,False,23.14538518554216,True,True,unassigned_manual_review,,not_annotated_no_domain_boundaries,,True,False
9M33,A,VI-D,ternary_tr1,254,255,S,139.0,S,255.0,,SER,True,1149,1150,four_layer_exact,high,1.0,0.54421768707483,1.492785903870701,0.0,D,D;E;N,differs_from_consensus,True,True,scaffold_differs_from_msa_consensus,0.3077856021833763,surface,False,False,False,False,23.915970622424993,True,False,unassigned_manual_review,,not_annotated_no_domain_boundaries,,True,False
9M33,A,VI-D,ternary_tr1,255,256,I,140.0,I,256.0,,ILE,True,1150,1151,four_layer_exact,high,1.0,0.1428571428571428,2.5588674590066685,0.0,K,A;D;E;K;N;R;S;T;Y,differs_from_consensus,True,True,scaffold_differs_from_msa_consensus,0.535992066251912,surface,False,False,False,False,22.285002562248547,True,False,unassigned_manual_review,,not_annotated_no_domain_boundaries,,True,False
9M33,A,VI-D,ternary_tr1,256,257,L,141.0,L,257.0,,LEU,True,1151,1152,four_layer_exact,high,1.0,0.2993197278911564,2.2837401168457734,0.0,L,F;I;K;L;T;V;Y,matches_consensus,True,False,,0.05339544652926394,buried_core,False,False,False,False,19.145275466025204,True,True,unassigned_manual_review,,not_annotated_no_domain_boundaries,,True,False
9M33,A,VI-D,ternary_tr1,257,258,W,142.0,W,258.0,,TRP,True,1152,1153,four_layer_exact,high,1.0,0.6530612244897959,1.1214409686467792,0.0,Y,F;Y,differs_from_consensus,True,True,scaffold_differs_from_msa_consensus,0.06315924009569626,buried_core,False,False,False,False,16.570959513105176,True,True,unassigned_manual_review,,not_annotated_no_domain_boundaries,,True,False
9M33,A,VI-D,ternary_tr1,258,259,E,143.0,E,259.0,,GLU,True,1153,1154,four_layer_exact,high,1.0,0.1950113378684807,2.297177350744636,0.0,D,A;D;E;K;N;R;S,differs_from_consensus,True,True,scaffold_differs_from_msa_consensus,0.36181815571265896,surface,False,False,False,False,20.328515173783753,True,False,unassigned_manual_review,,not_annotated_no_domain_boundaries,,True,False
9M33,A,VI-D,ternary_tr1,259,260,E,144.0,E,260.0,,GLU,True,1154,1155,four_layer_exact,high,1.0,0.2789115646258503,2.3094382548538204,0.0,E,A;D;E;K;N;Q;R;S,matches_consensus,True,False,,0.229647436351214,surface,False,False,False,False,16.401730422624226,True,False,unassigned_manual_review,,not_annotated_no_domain_boundaries,,True,False
9M33,A,VI-D,ternary_tr1,260,261,V,145.0,V,261.0,,VAL,True,1155,1156,four_layer_exact,high,1.0,0.2789115646258503,2.155414520474483,0.0,R,A;G;K;R,differs_from_consensus,True,True,scaffold_differs_from_msa_consensus,0.06246352841585774,buried_core,False,False,False,False,14.300772731360569,True,True,unassigned_manual_review,,not_annotated_no_domain_boundaries,,True,False
9M33,A,VI-D,ternary_tr1,261,262,T,146.0,T,262.0,,THR,True,1156,1157,four_layer_exact,high,1.0,0.3537414965986394,1.7471194004335109,0.0,I,F;I;L;V,differs_from_consensus,True,True,scaffold_differs_from_msa_consensus,0.07327363032879709,buried_core,False,False,False,False,17.969230799753635,True,True,unassigned_manual_review,,not_annotated_no_domain_boundaries,,True,False
9M33,A,VI-D,ternary_tr1,262,263,E,147.0,E,263.0,,GLU,True,1157,1158,four_layer_exact,high,1.0,0.2018140589569161,2.2584787038230623,0.0,D,D;E;K;N;T,differs_from_consensus,True,True,scaffold_differs_from_msa_consensus,0.5649993504126516,surface,False,False,False,False,15.712744567693774,True,False,unassigned_manual_review,,not_annotated_no_domain_boundaries,,True,False
9M33,A,VI-D,ternary_tr1,263,264,R,148.0,R,264.0,,ARG,True,1158,1159,four_layer_exact,high,1.0,0.2176870748299319,2.312275293531052,0.0,E,A;D;E;K;Q;R;S;T,differs_from_consensus,True,True,scaffold_differs_from_msa_consensus,0.3014364571892713,surface,False,False,False,False,9.008505109470384,True,False,unassigned_manual_review,,not_annotated_no_domain_boundaries,,True,False
9M33,A,VI-D,ternary_tr1,264,265,I,149.0,I,265.0,,ILE,True,1159,1160,four_layer_exact,high,0.989010989010989,0.3931034482758621,1.3740939813341857,0.0109890109890109,I,I;L;V,matches_consensus,True,False,,0.19003286648343862,buried_core,False,False,False,False,13.188206001376665,True,True,unassigned_manual_review,,not_annotated_no_domain_boundaries,,True,False
9M33,A,VI-D,ternary_tr1,265,266,D,150.0,D,266.0,,ASP,True,1160,1161,four_layer_exact,high,0.989010989010989,0.7517241379310344,1.1115490089747386,0.0109890109890109,N,D;N,differs_from_consensus,True,True,scaffold_differs_from_msa_consensus,0.10143261828413579,buried_core,False,False,False,False,14.738105978782654,True,True,unassigned_manual_review,,not_annotated_no_domain_boundaries,,True,False
9M33,A,VI-D,ternary_tr1,266,267,S,151.0,S,267.0,,SER,True,1161,1162,four_layer_exact,high,0.9835164835164836,0.2638888888888889,2.2512048529561555,0.0164835164835165,K,A;D;E;K;N;R;S,differs_from_consensus,True,True,scaffold_differs_from_msa_consensus,0.5023334497800744,surface,False,False,False,False,11.363989087193206,True,False,unassigned_manual_review,,not_annotated_no_domain_boundaries,,True,False
9M33,A,VI-D,ternary_tr1,267,268,E,152.0,E,268.0,,GLU,True,1162,1163,four_layer_exact,high,0.9835164835164836,0.2523148148148147,1.895333690020296,0.0164835164835165,D,D;E;G;N;S,differs_from_consensus,True,True,scaffold_differs_from_msa_consensus,0.4663013850643427,surface,False,True,False,False,7.718515959387232,True,False,unassigned_manual_review,,not_annotated_no_domain_boundaries,,True,False
9M33,A,VI-D,ternary_tr1,268,269,F,153.0,F,269.0,,PHE,True,1164,1165,four_layer_exact,high,0.9945054945054944,0.9657534246575342,0.1722554178011724,0.0054945054945054,F,F,matches_consensus,True,False,,0.08393042281416199,buried_core,False,False,False,False,11.405559170894213,True,True,unassigned_manual_review,,not_annotated_no_domain_boundaries,,True,False
9M33,A,VI-D,ternary_tr1,269,270,L,154.0,L,270.0,,LEU,True,1165,1166,four_layer_exact,high,0.9945054945054944,0.2671232876712329,2.2388035855694746,0.0054945054945054,I,A;F;I;L;V,differs_from_consensus,True,True,scaffold_differs_from_msa_consensus,0.19817829162966366,buried_core,False,False,False,False,11.153179219475488,True,True,unassigned_manual_review,,not_annotated_no_domain_boundaries,,True,False
9M33,A,VI-D,ternary_tr1,270,271,K,155.0,K,271.0,,LYS,True,1166,1167,four_layer_exact,high,0.9945054945054944,0.3698630136986301,1.9018254981732936,0.0054945054945054,K,D;E;K;N;S;T,matches_consensus,True,False,,0.40780758649050175,surface,False,True,False,False,5.45729602507778,True,False,unassigned_manual_review,,not_annotated_no_domain_boundaries,,True,False
9M33,A,VI-D,ternary_tr1,271,272,T,156.0,T,272.0,,THR,True,1185,1186,four_layer_exact,high,1.0,0.4217687074829932,1.7103184593830911,0.0,N,H;K;N;Q;T,differs_from_consensus,True,True,scaffold_differs_from_msa_consensus,0.6328132730817144,surface,False,True,False,False,5.173632097720349,True,False,unassigned_manual_review,,not_annotated_no_domain_boundaries,,True,False
9M33,A,VI-D,ternary_tr1,272,273,N,157.0,N,273.0,,ASN,True,1186,1187,four_layer_exact,high,1.0,0.3809523809523809,1.5139112730778306,0.0,N,A;N;S,matches_consensus,True,False,,0.2037916677418167,surface,False,True,False,False,7.089229059045607,True,False,unassigned_manual_review,,not_annotated_no_domain_boundaries,,True,False
9M33,A,VI-D,ternary_tr1,273,274,T,158.0,T,274.0,,THR,True,1205,1206,four_layer_exact,high,0.989010989010989,0.4758620689655172,1.9274362618765344,0.0109890109890109,K,A;K;R;S,differs_from_consensus,True,True,scaffold_differs_from_msa_consensus,0.1471905565486374,buried_core,False,False,False,False,8.124968216806955,True,True,unassigned_manual_review,,not_annotated_no_domain_boundaries,,True,False
9M33,A,VI-D,ternary_tr1,274,275,V,159.0,V,275.0,,VAL,True,1206,1207,four_layer_exact,high,0.9835164835164836,0.2777777777777778,1.9833296245501533,0.0164835164835165,V,K;N;R;T;V,matches_consensus,True,False,,0.09022509660068341,buried_core,False,True,False,False,6.884494364806394,True,True,unassigned_manual_review,,not_annotated_no_domain_boundaries,,True,False
9M33,A,VI-D,ternary_tr1,275,276,N,160.0,N,276.0,,ASN,True,1208,1209,four_layer_exact,high,1.0,0.8299319727891157,0.5496289992148657,0.0,N,D;N,matches_consensus,True,False,,0.05049071048460175,buried_core,False,False,False,False,9.026893112652797,True,True,unassigned_manual_review,,not_annotated_no_domain_boundaries,,True,False
9M33,A,VI-D,ternary_tr1,276,277,L,161.0,L,277.0,,LEU,True,1209,1210,four_layer_exact,high,1.0,0.6122448979591837,1.1209026347865876,0.0,L,F;I;L;V,matches_consensus,True,False,,0.0720972069277562,buried_core,False,False,False,False,11.914352687629771,True,True,unassigned_manual_review,,not_annotated_no_domain_boundaries,,True,False
9M33,A,VI-D,ternary_tr1,277,278,H,162.0,H,278.0,,HIS,True,1210,1211,four_layer_exact,high,1.0,0.1972789115646258,2.6782287151563526,0.0,Y,A;K;L;N;Q;S;Y,differs_from_consensus,True,True,scaffold_differs_from_msa_consensus,0.12940764308863856,buried_core,False,False,False,False,12.554165338678644,True,True,unassigned_manual_review,,not_annotated_no_domain_boundaries,,True,False
9M33,A,VI-D,ternary_tr1,278,279,I,163.0,I,279.0,,ILE,True,1211,1212,four_layer_exact,high,1.0,0.6122448979591837,1.3254426319926962,0.0,I,I;L;V,matches_consensus,True,False,,0.06130092467207697,buried_core,False,False,False,False,12.896368190520002,True,True,unassigned_manual_review,,not_annotated_no_domain_boundaries,,True,False
9M33,A,VI-D,ternary_tr1,279,280,L,164.0,L,280.0,,LEU,True,1212,1213,four_layer_exact,high,1.0,0.782312925170068,0.6506324030379541,0.0,L,I;L,matches_consensus,True,False,,0.030040502886565082,buried_core,False,False,False,False,14.623230003151589,True,True,unassigned_manual_review,,not_annotated_no_domain_boundaries,,True,False
9M33,A,VI-D,ternary_tr1,280,281,C,165.0,C,281.0,,CYS,True,1213,1214,four_layer_exact,high,1.0,0.2789115646258503,2.4016508680885007,0.0,F,A;C;E;F;K;S,differs_from_consensus,True,True,scaffold_differs_from_msa_consensus,0.16436030187208212,buried_core,False,False,False,False,18.13552099272858,True,True,unassigned_manual_review,,not_annotated_no_domain_boundaries,,True,False
9M33,A,VI-D,ternary_tr1,281,282,H,166.0,H,282.0,,HIS,True,1214,1215,four_layer_exact,high,1.0,0.2267573696145124,2.253763267631969,0.0,E,D;E;K;N;Q;R;S,differs_from_consensus,True,True,scaffold_differs_from_msa_consensus,0.5473564903424272,surface,False,False,False,False,19.48194802768186,True,False,unassigned_manual_review,,not_annotated_no_domain_boundaries,,True,False
9M33,A,VI-D,ternary_tr1,282,283,V,167.0,V,283.0,,VAL,True,1219,1220,four_layer_exact,high,0.989010989010989,0.2850574712643677,1.7954617694267447,0.0109890109890109,I,A;I;L;V;Y,differs_from_consensus,True,True,scaffold_differs_from_msa_consensus,0.12169388855778655,buried_core,False,False,False,False,19.857675014981194,True,True,unassigned_manual_review,,not_annotated_no_domain_boundaries,,True,False
9M33,A,VI-D,ternary_tr1,283,284,F,168.0,F,284.0,,PHE,True,1220,1221,four_layer_exact,high,0.9835164835164836,0.4025607638888889,1.4280767284554827,0.0164835164835165,Y,F;L;Y,differs_from_consensus,True,True,scaffold_differs_from_msa_consensus,0.18114423240598745,buried_core,False,False,False,False,20.943031978786607,True,True,unassigned_manual_review,,not_annotated_no_domain_boundaries,,True,False
9M33,A,VI-D,ternary_tr1,284,285,P,169.0,P,285.0,,PRO,True,1238,1239,four_layer_exact,high,0.8076923076923077,0.1617647058823529,2.468053632903694,0.1923076923076923,D,D;E;G;K;N;P;R;S;T,differs_from_consensus,True,True,scaffold_differs_from_msa_consensus,0.626746390816947,surface,False,False,False,False,25.115387175322716,True,False,unassigned_manual_review,,not_annotated_no_domain_boundaries,,True,False
9M33,A,VI-D,ternary_tr1,285,286,K,170.0,K,286.0,,LYS,True,1239,1240,four_layer_exact,high,0.8406593406593407,0.2128851540616246,2.2749309544108747,0.1593406593406593,D,D;E;K;L;N;P;S,differs_from_consensus,True,True,scaffold_differs_from_msa_consensus,0.7799577768787606,surface,False,False,False,False,27.39391845917047,True,False,unassigned_manual_review,,not_annotated_no_domain_boundaries,,True,False
9M33,A,VI-D,ternary_tr1,286,287,E,171.0,E,287.0,,GLU,True,1244,1245,four_layer_exact,high,0.8956043956043956,0.3515625,2.327869116409754,0.1043956043956043,E,A;D;E;K;S,matches_consensus,True,False,,0.22249942552915294,surface,False,False,False,False,23.106875926546333,True,False,unassigned_manual_review,,not_annotated_no_domain_boundaries,,True,False
9M33,A,VI-D,ternary_tr1,287,288,S,172.0,S,288.0,,SER,True,1245,1246,four_layer_exact,high,0.9010989010989012,0.2248062015503876,2.230511985753227,0.0989010989010988,E,D;E;K;N;Q;S,differs_from_consensus,True,True,scaffold_differs_from_msa_consensus,0.42035385297306493,surface,False,False,False,False,23.493204393738782,True,False,unassigned_manual_review,,not_annotated_no_domain_boundaries,,True,False
9M33,A,VI-D,ternary_tr1,288,289,K,173.0,K,289.0,,LYS,True,1246,1247,four_layer_exact,high,0.9010989010989012,0.3798449612403101,2.298417626079189,0.0989010989010988,K,F;K;L;Q;R,matches_consensus,True,False,,0.439667542537218,surface,False,False,False,False,21.19419661223676,True,False,unassigned_manual_review,,not_annotated_no_domain_boundaries,,True,False
9M33,A,VI-D,ternary_tr1,289,290,E,174.0,E,290.0,,GLU,True,1247,1248,four_layer_exact,high,0.967032967032967,0.2907801418439716,2.215610866826668,0.0329670329670329,K,A;D;E;K;N,differs_from_consensus,True,True,scaffold_differs_from_msa_consensus,0.3462629048409653,surface,False,False,False,False,21.83389753137171,True,False,unassigned_manual_review,,not_annotated_no_domain_boundaries,,True,False
9M33,A,VI-D,ternary_tr1,290,291,T,175.0,T,291.0,,THR,True,1248,1249,four_layer_exact,high,0.978021978021978,0.2657342657342657,2.210779940638721,0.021978021978022,E,A;D;E;K;N;Q;T,differs_from_consensus,True,True,scaffold_differs_from_msa_consensus,0.2594683747570486,surface,False,False,False,False,21.3482996207154,True,False,unassigned_manual_review,,not_annotated_no_domain_boundaries,,True,False
9M33,A,VI-D,ternary_tr1,291,292,I,176.0,I,292.0,,ILE,True,1255,1256,four_layer_exact,high,1.0,0.5034013605442177,1.4518623197294174,0.0,L,I;L;V,differs_from_consensus,True,True,scaffold_differs_from_msa_consensus,0.012260184934415394,buried_core,False,False,False,False,18.28605809809703,True,True,unassigned_manual_review,,not_annotated_no_domain_boundaries,,True,False
9M33,A,VI-D,ternary_tr1,292,293,V,177.0,V,293.0,,VAL,True,1256,1257,four_layer_exact,high,1.0,0.2993197278911564,1.9395287444864755,0.0,A,A;I;L;T;V,differs_from_consensus,True,True,scaffold_differs_from_msa_consensus,0.013880784092412831,buried_core,False,False,False,False,17.175399016498236,True,True,unassigned_manual_review,,not_annotated_no_domain_boundaries,,True,False
9M33,A,VI-D,ternary_tr1,293,294,R,178.0,R,294.0,,ARG,True,1257,1258,four_layer_exact,high,1.0,0.2585034013605442,2.084442976404572,0.0,R,E;K;N;Q;R,matches_consensus,True,False,,0.27531817312065526,surface,False,False,False,False,18.063374396983615,True,False,unassigned_manual_review,,not_annotated_no_domain_boundaries,,True,False
9M33,A,VI-D,ternary_tr1,294,295,A,179.0,A,295.0,,ALA,True,1258,1259,four_layer_exact,high,1.0,0.3265306122448979,2.0622700135974417,0.0,E,A;D;E;K;L;Q,differs_from_consensus,True,True,scaffold_differs_from_msa_consensus,0.20915165267989758,surface,False,False,False,False,16.621218621114654,True,False,unassigned_manual_review,,not_annotated_no_domain_boundaries,,True,False
9M33,A,VI-D,ternary_tr1,295,296,Y,180.0,Y,296.0,,TYR,True,1259,1260,four_layer_exact,high,1.0,0.8299319727891157,0.5763658118470587,0.0,Y,F;Y,matches_consensus,True,False,,0.004073988684649127,buried_core,False,False,False,False,9.90281923923444,True,True,unassigned_manual_review,,not_annotated_no_domain_boundaries,,True,False
9M33,A,VI-D,ternary_tr1,296,297,Y,181.0,Y,297.0,,TYR,True,1260,1261,four_layer_exact,high,1.0,0.8639455782312925,0.5195563462488444,0.0,Y,F;Y,matches_consensus,True,False,,0.05147663212410123,buried_core,False,False,False,False,13.405171300900335,True,True,unassigned_manual_review,,not_annotated_no_domain_boundaries,,True,False
9M33,A,VI-D,ternary_tr1,297,298,E,182.0,E,298.0,,GLU,True,1261,1262,four_layer_exact,high,1.0,0.3877551020408163,1.9020060843287692,0.0,D,D;E;K;N;R,differs_from_consensus,True,True,scaffold_differs_from_msa_consensus,0.23986755850414065,surface,False,False,False,False,14.606761211710731,True,False,unassigned_manual_review,,not_annotated_no_domain_boundaries,,True,False
9M33,A,VI-D,ternary_tr1,298,299,F,183.0,F,299.0,,PHE,True,1262,1263,four_layer_exact,high,1.0,0.8231292517006803,0.6533785638727668,0.0,F,F;L;Y,matches_consensus,True,False,,0.05924666753551919,buried_core,False,False,False,False,10.209299318225696,True,True,unassigned_manual_review,,not_annotated_no_domain_boundaries,,True,False
9M33,A,VI-D,ternary_tr1,299,300,L,184.0,L,300.0,,LEU,True,1263,1264,four_layer_exact,high,1.0,0.238095238095238,1.9716622477744783,0.0,I,A;I;L;S;T;V,differs_from_consensus,True,True,scaffold_differs_from_msa_consensus,0.22153323527236252,surface,False,False,False,False,8.275591494702605,True,False,unassigned_manual_review,,not_annotated_no_domain_boundaries,,True,False
9M33,A,VI-D,ternary_tr1,300,301,I,185.0,I,301.0,,ILE,True,1264,1265,four_layer_exact,high,1.0,0.5238095238095238,1.256953151755419,0.0,V,I;V,differs_from_consensus,True,True,scaffold_differs_from_msa_consensus,0.09462540861295778,buried_core,False,False,False,False,9.686996883524417,True,True,unassigned_manual_review,,not_annotated_no_domain_boundaries,,True,False
9M33,A,VI-D,ternary_tr1,301,302,K,186.0,K,302.0,,LYS,True,1265,1266,four_layer_exact,high,1.0,0.2312925170068027,2.29246263815805,0.0,L,K;L;R;T;V,differs_from_consensus,True,True,scaffold_differs_from_msa_consensus,0.18913319602940007,buried_core,False,False,False,False,11.560548514135167,True,True,unassigned_manual_review,,not_annotated_no_domain_boundaries,,True,False
9M33,A,VI-D,ternary_tr1,302,303,K,187.0,K,303.0,,LYS,True,1266,1267,four_layer_exact,high,1.0,0.8979591836734694,0.5457328038407442,0.0,K,K,matches_consensus,True,False,,0.28472744094948926,surface,False,True,False,False,7.9195522248837635,True,False,unassigned_manual_review,,not_annotated_no_domain_boundaries,,True,False
9M33,A,VI-D,ternary_tr1,303,304,S,188.0,S,304.0,,SER,True,1267,1268,four_layer_exact,high,1.0,0.3537414965986394,2.046123816334197,0.0,E,D;E;K;N;Q;S;T,differs_from_consensus,True,True,scaffold_differs_from_msa_consensus,0.31129964584730396,surface,False,False,False,False,12.918561931180259,True,False,unassigned_manual_review,,not_annotated_no_domain_boundaries,,True,False
9M33,A,VI-D,ternary_tr1,304,305,F,189.0,F,305.0,,PHE,True,1268,1269,four_layer_exact,high,1.0,0.3333333333333333,2.0479296015683297,0.0,Y,D;G;H;N;Q;Y,differs_from_consensus,True,True,scaffold_differs_from_msa_consensus,0.22975995984126904,surface,False,False,False,False,9.36464312424409,True,False,unassigned_manual_review,,not_annotated_no_domain_boundaries,,True,False
9M33,A,VI-D,ternary_tr1,305,306,K,190.0,K,306.0,,LYS,True,1270,1271,four_layer_exact,high,1.0,0.8299319727891157,0.7833546044022643,0.0,K,K,matches_consensus,True,False,,0.4670161715333794,surface,True,False,True,False,4.834497805865083,True,False,unassigned_manual_review,,not_annotated_no_domain_boundaries,,True,False
9M33,A,VI-D,ternary_tr1,306,307,N,191.0,N,307.0,,ASN,True,1271,1272,four_layer_exact,high,1.0,0.8979591836734694,0.5098511654738686,0.0,N,N,matches_consensus,True,False,,0.5563540194699825,surface,False,False,False,False,10.748032648871218,True,False,unassigned_manual_review,,not_annotated_no_domain_boundaries,,True,False
9M33,A,VI-D,ternary_tr1,307,308,M,192.0,M,308.0,,MET,True,1272,1273,four_layer_exact,high,1.0,0.4761904761904761,1.4215496408747057,0.0,L,I;L;M,differs_from_consensus,True,True,scaffold_differs_from_msa_consensus,0.1971275338300761,buried_core,False,False,False,False,11.658235013343983,True,True,unassigned_manual_review,,not_annotated_no_domain_boundaries,,True,False
9M33,A,VI-D,ternary_tr1,308,309,G,193.0,G,309.0,,GLY,True,1273,1274,four_layer_exact,high,1.0,0.9931972789115646,0.0407280509323613,0.0,G,G,matches_consensus,True,False,,0.6992446972617287,surface,False,False,False,False,12.974461814917566,True,False,unassigned_manual_review,,not_annotated_no_domain_boundaries,,True,False
9M33,A,VI-D,ternary_tr1,309,310,F,194.0,F,310.0,,PHE,True,1274,1275,four_layer_exact,high,1.0,0.673469387755102,1.024525939789765,0.0,F,F;I;L;V,matches_consensus,True,False,,0.099351820472226,buried_core,False,False,False,False,12.990603645504455,True,True,unassigned_manual_review,,not_annotated_no_domain_boundaries,,True,False
9M33,A,VI-D,ternary_tr1,310,311,S,195.0,S,311.0,,SER,True,1275,1276,four_layer_exact,high,1.0,0.6802721088435374,0.8701824883160747,0.0,S,N;S,matches_consensus,True,False,,0.31996930654418854,surface,False,False,False,False,12.781716278851684,True,False,unassigned_manual_review,,not_annotated_no_domain_boundaries,,True,False
9M33,A,VI-D,ternary_tr1,311,312,I,196.0,I,312.0,,ILE,True,1276,1277,four_layer_exact,high,1.0,0.4897959183673469,1.4029766224170417,0.0,I,I;L;V,matches_consensus,True,False,,0.036780554803246185,buried_core,False,False,False,False,12.202883123375829,True,True,unassigned_manual_review,,not_annotated_no_domain_boundaries,,True,False
9M33,A,VI-D,ternary_tr1,312,313,K,197.0,K,313.0,,LYS,True,1277,1278,four_layer_exact,high,1.0,0.6326530612244898,1.231637905784032,0.0,K,K;R;T,matches_consensus,True,False,,0.5577351971284283,surface,False,True,False,False,7.321409371562961,True,False,unassigned_manual_review,,not_annotated_no_domain_boundaries,,True,False
9M33,A,VI-D,ternary_tr1,313,314,K,198.0,K,314.0,,LYS,True,1278,1279,four_layer_exact,high,1.0,0.5374149659863946,1.6664890810719153,0.0,K,K;L;R;T,matches_consensus,True,False,,0.2564231820659723,surface,False,False,False,False,10.985848754713633,True,False,unassigned_manual_review,,not_annotated_no_domain_boundaries,,True,False
9M33,A,VI-D,ternary_tr1,314,315,L,199.0,L,315.0,,LEU,True,1279,1280,four_layer_exact,high,1.0,0.7074829931972789,0.9403957543104906,0.0,L,I;L;V,matches_consensus,True,False,,0.030040502886565082,buried_core,False,False,False,False,13.363823970189571,True,True,unassigned_manual_review,,not_annotated_no_domain_boundaries,,True,False
9M33,A,VI-D,ternary_tr1,315,316,R,200.0,R,316.0,,ARG,True,1280,1281,four_layer_exact,high,1.0,0.9183673469387756,0.3724215158765141,0.0,R,K;R,matches_consensus,True,False,,0.1455188010276116,buried_core,False,True,False,False,7.391240767736511,True,True,unassigned_manual_review,,not_annotated_no_domain_boundaries,,True,False
9M33,A,VI-D,ternary_tr1,316,317,E,201.0,E,317.0,,GLU,True,1281,1282,four_layer_exact,high,1.0,0.9387755102040816,0.3329962617527603,0.0,E,E,matches_consensus,True,False,,0.3432900283919467,surface,False,False,False,False,8.494592097014714,True,False,unassigned_manual_review,,not_annotated_no_domain_boundaries,,True,False
9M33,A,VI-D,ternary_tr1,317,318,I,202.0,I,318.0,,ILE,True,1282,1283,four_layer_exact,high,0.9835164835164836,0.1529947916666666,2.6583769167918456,0.0164835164835165,I,A;C;E;I;K;L;N;Q;S;T,matches_consensus,True,False,,0.07356110960649237,buried_core,False,False,False,False,13.843279027260726,True,True,unassigned_manual_review,,not_annotated_no_domain_boundaries,,True,False
9M33,A,VI-D,ternary_tr1,318,319,M,203.0,M,319.0,,MET,True,1283,1284,four_layer_exact,high,0.9835164835164836,0.388671875,1.4537946797931418,0.0164835164835165,M,I;L;M,matches_consensus,True,False,,0.032347184358212044,buried_core,False,False,False,False,15.782732294124509,True,True,unassigned_manual_review,,not_annotated_no_domain_boundaries,,True,False
9M33,A,VI-D,ternary_tr1,319,320,L,204.0,L,320.0,,LEU,True,1284,1285,four_layer_exact,high,0.989010989010989,0.4896551724137931,1.4849654532787977,0.0109890109890109,L,F;I;L;V,matches_consensus,True,False,,0.1969124017182231,buried_core,False,False,False,False,11.042726208038111,True,True,unassigned_manual_review,,not_annotated_no_domain_boundaries,,True,False
9M33,A,VI-D,ternary_tr1,320,321,E,205.0,E,321.0,,GLU,True,1285,1286,four_layer_exact,high,0.967032967032967,0.3215130023640661,2.0545554518651894,0.0329670329670329,E,A;D;E;K;T,matches_consensus,True,False,,0.5156503677384972,surface,False,False,False,False,14.250946999839883,True,False,unassigned_manual_review,,not_annotated_no_domain_boundaries,,True,False
9M33,A,VI-D,ternary_tr1,321,322,Q,206.0,Q,322.0,,GLN,True,1286,1287,four_layer_exact,high,0.9505494505494504,0.1857142857142857,2.6199475077964154,0.0494505494505495,L,D;E;I;K;L;N;Q;R;S,differs_from_consensus,True,True,scaffold_differs_from_msa_consensus,0.14754036111978946,buried_core,False,False,False,False,18.560228614661455,True,True,unassigned_manual_review,,not_annotated_no_domain_boundaries,,True,False
9M33,A,VI-D,ternary_tr1,322,323,S,207.0,S,323.0,,SER,True,1294,1295,four_layer_exact,high,0.6648351648351648,0.2183908045977011,2.2766275839962757,0.3351648351648352,P,D;E;K;P;S;T,differs_from_consensus,False,True,scaffold_differs_from_msa_consensus,0.5767090141182971,surface,False,False,False,False,21.042187400003936,True,False,unassigned_manual_review,,not_annotated_no_domain_boundaries,,False,False
9M33,A,VI-D,ternary_tr1,323,324,D,208.0,D,324.0,,ASP,True,1295,1296,four_layer_exact,high,0.7527472527472527,0.2721480582524271,2.300478646670668,0.2472527472527472,E,D;E;G;N;Q;Y,differs_from_consensus,False,True,scaffold_differs_from_msa_consensus,0.35962843110690224,surface,False,False,False,False,20.830765481347303,True,False,unassigned_manual_review,,not_annotated_no_domain_boundaries,,False,False
9M33,A,VI-D,ternary_tr1,324,325,L,209.0,L,325.0,,LEU,True,1296,1297,four_layer_exact,high,0.7527472527472527,0.3689320388349514,2.0793457834291,0.2472527472527472,A,A;F;G;L;Y,differs_from_consensus,False,True,scaffold_differs_from_msa_consensus,0.05339544652926394,buried_core,False,False,False,False,16.221550681537217,True,True,unassigned_manual_review,,not_annotated_no_domain_boundaries,,False,False
9M33,A,VI-D,ternary_tr1,325,326,K,210.0,K,326.0,,LYS,True,1297,1298,four_layer_exact,high,0.7637362637362637,0.2,2.495497538984417,0.2362637362637363,S,A;E;K;N;P;Q;S;T,differs_from_consensus,False,True,scaffold_differs_from_msa_consensus,0.3409106190196269,surface,False,False,False,False,16.435443162605033,True,False,unassigned_manual_review,,not_annotated_no_domain_boundaries,,False,False
9M33,A,VI-D,ternary_tr1,326,327,S,211.0,S,327.0,,SER,True,1298,1299,four_layer_exact,high,0.5439560439560439,0.1354166666666666,2.80145769037482,0.4560439560439561,E,D;E;F;G;K;R;V;Y,differs_from_consensus,False,True,scaffold_differs_from_msa_consensus,0.35904050391163644,surface,False,False,False,False,17.628454372567433,True,False,unassigned_manual_review,,not_annotated_no_domain_boundaries,,False,False
9M33,A,VI-D,ternary_tr1,327,328,F,212.0,F,328.0,,PHE,True,1304,1305,four_layer_exact,high,0.7692307692307693,0.437956204379562,1.5540738784102612,0.2307692307692307,L,F;I;L;V;Y,differs_from_consensus,False,True,scaffold_differs_from_msa_consensus,0.1553433791396057,buried_core,False,False,False,False,13.273209077233421,True,True,unassigned_manual_review,,not_annotated_no_domain_boundaries,,False,False
9M33,A,VI-D,ternary_tr1,328,329,K,213.0,K,329.0,,LYS,True,1317,1318,four_layer_exact,high,0.7417582417582418,0.3939393939393939,1.895624631418794,0.2582417582417582,K,K;N;R;S;T,matches_consensus,False,False,,0.5437288056373965,surface,False,False,False,False,12.308791061338162,True,False,unassigned_manual_review,,not_annotated_no_domain_boundaries,,False,False
9M33,A,VI-D,ternary_tr1,329,330,E,214.0,E,330.0,,GLU,True,1318,1319,four_layer_exact,high,0.9505494505494504,0.4364508393285372,1.726737219707108,0.0494505494505495,D,D;E;G;N;S,differs_from_consensus,True,True,scaffold_differs_from_msa_consensus,0.3805067719280336,surface,False,False,False,False,12.439636800192877,True,False,unassigned_manual_review,,not_annotated_no_domain_boundaries,,True,False
9M33,A,VI-D,ternary_tr1,330,331,D,215.0,D,331.0,,ASP,True,1319,1320,four_layer_exact,high,0.9505494505494504,0.4170413669064748,1.9166068960674485,0.0494505494505495,K,D;E;K;N;Q;T,differs_from_consensus,True,True,scaffold_differs_from_msa_consensus,0.6627488886545455,surface,False,False,False,False,10.423063119952708,True,False,unassigned_manual_review,,not_annotated_no_domain_boundaries,,True,False
9M33,A,VI-D,ternary_tr1,331,332,K,216.0,K,332.0,,LYS,True,1320,1321,four_layer_exact,high,0.945054945054945,0.2900815217391304,2.26751313735381,0.0549450549450549,K,D;E;K;Q;S,matches_consensus,True,False,,0.591163766361282,surface,False,False,False,False,10.114459194948008,True,False,unassigned_manual_review,,not_annotated_no_domain_boundaries,,True,False
9M33,A,VI-D,ternary_tr1,332,333,Y,217.0,Y,333.0,,TYR,True,1328,1329,four_layer_exact,high,0.9835164835164836,0.5763888888888888,1.5655954542862445,0.0164835164835165,Y,F;H;L;M;Y,matches_consensus,True,False,,0.1957555767691069,buried_core,False,False,False,False,8.851745630131438,True,True,unassigned_manual_review,,not_annotated_no_domain_boundaries,,True,False
9M33,A,VI-D,ternary_tr1,333,334,N,218.0,N,334.0,,ASN,True,1329,1330,four_layer_exact,high,0.989010989010989,0.7034482758620689,0.9771299884301744,0.0109890109890109,D,D;N;S,differs_from_consensus,True,True,scaffold_differs_from_msa_consensus,0.6079226023386651,surface,False,True,False,False,6.124151761505493,True,False,unassigned_manual_review,,not_annotated_no_domain_boundaries,,True,False
9M33,A,VI-D,ternary_tr1,334,335,S,219.0,S,335.0,,SER,True,1339,1340,four_layer_exact,high,1.0,0.5644132653061225,1.3492588774272718,0.0,S,N;S;T,matches_consensus,True,False,,0.4740352803302785,surface,True,False,True,False,3.733045513332384,True,False,unassigned_manual_review,,not_annotated_no_domain_boundaries,,True,False
9M33,A,VI-D,ternary_tr1,335,336,V,220.0,V,336.0,,VAL,True,1340,1341,four_layer_exact,high,1.0,0.4217687074829932,1.925199117995484,0.0,V,C;F;I;V;Y,matches_consensus,True,False,,0.11485633853315973,buried_core,False,True,False,False,5.6690795461359444,True,True,unassigned_manual_review,,not_annotated_no_domain_boundaries,,True,False
9M33,A,VI-D,ternary_tr1,336,337,R,221.0,R,337.0,,ARG,True,1341,1342,four_layer_exact,high,1.0,0.891156462585034,0.447573497919058,0.0,R,K;R,matches_consensus,True,False,,0.2664288417909905,surface,True,False,False,True,3.057278615866964,True,False,unassigned_manual_review,,not_annotated_no_domain_boundaries,,True,False
9M33,A,VI-D,ternary_tr1,337,338,A,222.0,A,338.0,,ALA,True,1342,1343,four_layer_exact,high,1.0,0.4285714285714285,1.8646521770095157,0.0,S,G;H;N;Q;S,differs_from_consensus,True,True,scaffold_differs_from_msa_consensus,0.2075551391295198,surface,True,False,False,True,3.518990413552007,True,False,unassigned_manual_review,,not_annotated_no_domain_boundaries,,True,False
9M33,A,VI-D,ternary_tr1,338,339,K,223.0,K,339.0,,LYS,True,1343,1344,four_layer_exact,high,1.0,0.8843537414965986,0.5502227380803095,0.0,K,K;R,matches_consensus,True,False,,0.27351972928680796,surface,True,False,True,False,3.972323596652643,True,False,unassigned_manual_review,,not_annotated_no_domain_boundaries,,True,False
9M33,A,VI-D,ternary_tr1,339,340,L,224.0,L,340.0,,LEU,True,1344,1345,four_layer_exact,high,1.0,0.6326530612244898,1.2602980918772664,0.0,L,F;I;L;M,matches_consensus,True,False,,0.1441944138555124,buried_core,False,False,False,False,8.447255923621858,True,True,unassigned_manual_review,,not_annotated_no_domain_boundaries,,True,False
9M33,A,VI-D,ternary_tr1,340,341,Y,225.0,Y,341.0,,TYR,True,1345,1346,four_layer_exact,high,1.0,0.7414965986394558,0.8412463775084362,0.0,Y,N;Y,matches_consensus,True,False,,0.23545995645227352,surface,False,True,False,False,6.394434532339709,True,False,unassigned_manual_review,,not_annotated_no_domain_boundaries,,True,False
9M33,A,VI-D,ternary_tr1,341,342,K,226.0,K,342.0,,LYS,True,1346,1347,four_layer_exact,high,1.0,0.2789115646258503,2.131463212267474,0.0,K,K;Q;R;S;T,matches_consensus,True,False,,0.35180113631896176,surface,False,True,False,False,5.771426563126692,True,False,unassigned_manual_review,,not_annotated_no_domain_boundaries,,True,False
9M33,A,VI-D,ternary_tr1,342,343,L,227.0,L,343.0,,LEU,True,1347,1348,four_layer_exact,high,1.0,0.4421768707482993,1.7099606389579318,0.0,L,F;I;L;M;V,matches_consensus,True,False,,0.1081458103916343,buried_core,False,False,False,False,9.980134823006544,True,True,unassigned_manual_review,,not_annotated_no_domain_boundaries,,True,False
9M33,A,VI-D,ternary_tr1,343,344,F,228.0,F,344.0,,PHE,True,1348,1349,four_layer_exact,high,1.0,0.272108843537415,1.916129955052642,0.0,I,F;I;L;M;T,differs_from_consensus,True,True,scaffold_differs_from_msa_consensus,0.11573103737049198,buried_core,False,False,False,False,12.153091776403851,True,True,unassigned_manual_review,,not_annotated_no_domain_boundaries,,True,False
9M33,A,VI-D,ternary_tr1,344,345,D,229.0,D,345.0,,ASP,True,1349,1350,four_layer_exact,high,1.0,0.8299319727891157,0.7323686358194832,0.0,D,D;N,matches_consensus,True,False,,0.08882561857514781,buried_core,False,False,False,False,9.274767457702799,True,True,unassigned_manual_review,,not_annotated_no_domain_boundaries,,True,False
9M33,A,VI-D,ternary_tr1,345,346,F,230.0,F,346.0,,PHE,True,1350,1351,four_layer_exact,high,1.0,0.8775510204081632,0.4144903141283139,0.0,F,F;Y,matches_consensus,True,False,,0.010063568466999302,buried_core,False,False,False,False,12.751670197446165,True,True,unassigned_manual_review,,not_annotated_no_domain_boundaries,,True,False
9M33,A,VI-D,ternary_tr1,346,347,I,231.0,I,347.0,,ILE,True,1351,1352,four_layer_exact,high,1.0,0.2993197278911564,1.8451094753767685,0.0,I,A;C;I;L;M;V,matches_consensus,True,False,,0.07217868126154621,buried_core,False,False,False,False,15.442988020385608,True,True,unassigned_manual_review,,not_annotated_no_domain_boundaries,,True,False
9M33,A,VI-D,ternary_tr1,347,348,I,232.0,I,348.0,,ILE,True,1352,1353,four_layer_exact,high,1.0,0.5850340136054422,0.8941066555717766,0.0,I,I;L,matches_consensus,True,False,,0.030650462336038485,buried_core,False,False,False,False,15.550663225462602,True,True,unassigned_manual_review,,not_annotated_no_domain_boundaries,,True,False
9M33,A,VI-D,ternary_tr1,348,349,T,233.0,T,349.0,,THR,True,1353,1354,four_layer_exact,high,1.0,0.4897959183673469,1.630093046751539,0.0,Y,F;V;W;Y,differs_from_consensus,True,True,scaffold_differs_from_msa_consensus,0.16829818698516452,buried_core,False,False,False,False,15.24799734805589,True,True,unassigned_manual_review,,not_annotated_no_domain_boundaries,,True,False
9M33,A,VI-D,ternary_tr1,349,350,Y,234.0,Y,350.0,,TYR,True,1354,1355,four_layer_exact,high,0.9945054945054944,0.2330907534246575,2.197380744921965,0.0054945054945054,R,D;H;K;R;Y,differs_from_consensus,True,True,scaffold_differs_from_msa_consensus,0.20493906130172987,surface,False,False,False,False,18.02671084672361,True,False,unassigned_manual_review,,not_annotated_no_domain_boundaries,,True,False
9M33,A,VI-D,ternary_tr1,350,351,Y,235.0,Y,351.0,,TYR,True,1355,1356,four_layer_exact,high,0.989010989010989,0.3586206896551724,2.3468570009870247,0.0109890109890109,Y,E;G;H;Y,matches_consensus,True,False,,0.22035169096980295,surface,False,False,False,False,20.124598958034777,True,False,unassigned_manual_review,,not_annotated_no_domain_boundaries,,True,False
9M33,A,VI-D,ternary_tr1,351,352,Y,236.0,Y,352.0,,TYR,True,1356,1357,four_layer_exact,high,0.989010989010989,0.5103448275862069,1.398364346465243,0.0109890109890109,Y,F;I;L;Y,matches_consensus,True,False,,0.1208705197004356,buried_core,False,False,False,False,18.565671045358755,True,True,unassigned_manual_review,,not_annotated_no_domain_boundaries,,True,False
9M33,A,VI-D,ternary_tr1,352,353,D,237.0,D,353.0,,ASP,True,1357,1358,four_layer_exact,high,0.9725274725274724,0.1549295774647887,2.615096154671812,0.0274725274725274,K,E;I;K;L;N;R;S;T;V,differs_from_consensus,True,True,scaffold_differs_from_msa_consensus,0.5143677237586067,surface,False,False,False,False,21.718952444994272,True,False,unassigned_manual_review,,not_annotated_no_domain_boundaries,,True,False
9M33,A,VI-D,ternary_tr1,353,354,H,238.0,H,354.0,,HIS,True,1364,1365,four_layer_exact,high,0.8406593406593407,0.2370233050847457,2.2794906108007345,0.1593406593406593,E,D;E;K;N;Q;S,differs_from_consensus,True,True,scaffold_differs_from_msa_consensus,0.631921039893725,surface,False,False,False,False,24.002917478845003,True,False,unassigned_manual_review,,not_annotated_no_domain_boundaries,,True,False
9M33,A,VI-D,ternary_tr1,354,355,H,239.0,H,355.0,,HIS,True,1378,1379,four_layer_exact,high,0.956043956043956,0.2568195443645084,2.1486389561885093,0.0439560439560439,N,D;E;H;K;N;R;S,differs_from_consensus,True,True,scaffold_differs_from_msa_consensus,0.24690073993866896,surface,False,False,False,False,25.65578750958958,True,False,unassigned_manual_review,,not_annotated_no_domain_boundaries,,True,False
9M33,A,VI-D,ternary_tr1,355,356,A,240.0,A,356.0,,ALA,True,1379,1380,four_layer_exact,high,0.934065934065934,0.2,2.290201628033181,0.0659340659340659,P,A;D;E;K;N;P;Q;S,differs_from_consensus,True,True,scaffold_differs_from_msa_consensus,0.4336551240466116,surface,False,False,False,False,24.612791006025148,True,False,unassigned_manual_review,,not_annotated_no_domain_boundaries,,True,False
9M33,A,VI-D,ternary_tr1,356,357,F,241.0,F,357.0,,PHE,True,1380,1381,four_layer_exact,high,0.8241758241758241,0.3046195652173913,2.126673938915689,0.1758241758241758,E,A;D;E;G;K;N;S,differs_from_consensus,True,True,scaffold_differs_from_msa_consensus,0.5630846682631054,surface,False,False,False,False,25.77038258769101,True,False,unassigned_manual_review,,not_annotated_no_domain_boundaries,,True,False
9M33,A,VI-D,ternary_tr1,357,358,E,242.0,E,358.0,,GLU,True,1382,1383,four_layer_exact,high,0.8186813186813187,0.2807017543859649,2.2104926532452183,0.1813186813186813,K,E;K;Q;R,differs_from_consensus,True,True,scaffold_differs_from_msa_consensus,0.4544098792682686,surface,False,False,False,False,24.422607755445316,True,False,unassigned_manual_review,,not_annotated_no_domain_boundaries,,True,False
9M33,A,VI-D,ternary_tr1,358,359,K,243.0,K,359.0,,LYS,True,1439,1440,four_layer_exact,high,0.0439560439560439,0.125,2.079441541679836,0.956043956043956,A,A;G;I;K;R;S;T;V,differs_from_consensus,False,True,scaffold_differs_from_msa_consensus,0.29184597041852506,surface,False,False,False,False,18.19610042399676,True,False,unassigned_manual_review,,not_annotated_no_domain_boundaries,,False,False
9M33,A,VI-D,ternary_tr1,359,360,E,244.0,E,360.0,,GLU,True,1443,1444,four_layer_exact,high,1.0,0.3013747165532879,2.0156646799666533,0.0,D,D;E;N;Q;S,differs_from_consensus,True,True,scaffold_differs_from_msa_consensus,0.5329572467006696,surface,False,False,False,False,21.64831489443111,True,False,unassigned_manual_review,,not_annotated_no_domain_boundaries,,True,False
9M33,A,VI-D,ternary_tr1,360,361,A,245.0,A,361.0,,ALA,True,1444,1445,four_layer_exact,high,1.0,0.2517006802721088,2.345482959311957,0.0,E,A;D;E;K;N;Q;R;S,differs_from_consensus,True,True,scaffold_differs_from_msa_consensus,0.37748636981219685,surface,False,False,False,False,22.64839223276241,True,False,unassigned_manual_review,,not_annotated_no_domain_boundaries,,True,False
9M33,A,VI-D,ternary_tr1,361,362,L,246.0,L,362.0,,LEU,True,1445,1446,four_layer_exact,high,1.0,0.2925170068027211,2.0303833825336195,0.0,L,F;I;L;M;N;T;Y,matches_consensus,True,False,,0.13161085044553655,buried_core,False,False,False,False,19.873284885758522,True,True,unassigned_manual_review,,not_annotated_no_domain_boundaries,,True,False
9M33,A,VI-D,ternary_tr1,362,363,V,247.0,V,363.0,,VAL,True,1446,1447,four_layer_exact,high,1.0,0.7346938775510204,1.013560840988167,0.0,V,I;V,matches_consensus,True,False,,0.2968716948607012,surface,False,False,False,False,17.184499370063296,True,False,unassigned_manual_review,,not_annotated_no_domain_boundaries,,True,False
9M33,A,VI-D,ternary_tr1,363,364,S,248.0,S,364.0,,SER,True,1447,1448,four_layer_exact,high,1.0,0.2312925170068027,2.2179089351191426,0.0,E,A;D;E;N;S,differs_from_consensus,True,True,scaffold_differs_from_msa_consensus,0.4324439986778193,surface,False,False,False,False,19.72586382185266,True,False,unassigned_manual_review,,not_annotated_no_domain_boundaries,,True,False
9M33,A,VI-D,ternary_tr1,364,365,S,249.0,S,365.0,,SER,True,1448,1449,four_layer_exact,high,1.0,0.238095238095238,2.461115116554963,0.0,K,A;D;E;K;Q;R;S,differs_from_consensus,True,True,scaffold_differs_from_msa_consensus,0.2511011365427661,surface,False,False,False,False,20.105766840896383,True,False,unassigned_manual_review,,not_annotated_no_domain_boundaries,,True,False
9M33,A,VI-D,ternary_tr1,365,366,L,250.0,L,366.0,,LEU,True,1449,1450,four_layer_exact,high,1.0,1.0,-0.0,0.0,L,L,matches_consensus,True,False,,0.1387747445230867,buried_core,False,False,False,False,16.71623550130834,True,True,unassigned_manual_review,,not_annotated_no_domain_boundaries,,True,False
9M33,A,VI-D,ternary_tr1,366,367,R,251.0,R,367.0,,ARG,True,1450,1451,four_layer_exact,high,1.0,0.9319727891156464,0.3638624342161701,0.0,R,R,matches_consensus,True,False,,0.6340257726595355,surface,False,False,False,False,12.479771336724138,True,False,unassigned_manual_review,,not_annotated_no_domain_boundaries,,True,False
9M33,A,VI-D,ternary_tr1,367,368,S,252.0,S,368.0,,SER,True,1451,1452,four_layer_exact,high,1.0,0.3469387755102041,2.235741102985488,0.0,A,A;G;L;S,differs_from_consensus,True,True,scaffold_differs_from_msa_consensus,0.5118816213929409,surface,False,False,False,False,18.33993980166392,True,False,unassigned_manual_review,,not_annotated_no_domain_boundaries,,True,False
9M33,A,VI-D,ternary_tr1,368,369,S,253.0,S,369.0,,SER,True,1452,1453,four_layer_exact,high,0.9945054945054944,0.2646261415525114,1.911215964175884,0.0054945054945054,S,A;C;N;S;T,matches_consensus,True,False,,0.2428208711882091,surface,False,False,False,False,17.255484613638167,True,False,unassigned_manual_review,,not_annotated_no_domain_boundaries,,True,False
9M33,A,VI-D,ternary_tr1,369,370,L,254.0,L,370.0,,LEU,True,1453,1454,four_layer_exact,high,1.0,0.1972789115646258,2.573365905557752,0.0,L,A;E;I;L;M;Q;T;V,matches_consensus,True,False,,0.7533662971436762,surface,False,False,False,False,15.886524067669745,True,False,unassigned_manual_review,,not_annotated_no_domain_boundaries,,True,False
9M33,A,VI-D,ternary_tr1,370,371,T,255.0,T,371.0,,THR,True,1463,1464,four_layer_exact,high,0.989010989010989,0.2344827586206896,2.1566729463705903,0.0109890109890109,S,D;G;N;S;T,differs_from_consensus,True,True,scaffold_differs_from_msa_consensus,0.44528758927275475,surface,False,False,False,False,15.928191887170158,True,False,unassigned_manual_review,,not_annotated_no_domain_boundaries,,True,False
9M33,A,VI-D,ternary_tr1,371,372,E,256.0,E,372.0,,GLU,True,1464,1465,four_layer_exact,high,0.989010989010989,0.4758620689655172,1.2142240834917557,0.0109890109890109,E,D;E,matches_consensus,True,False,,0.44775804285544263,surface,False,False,False,False,13.385070018808818,True,False,unassigned_manual_review,,not_annotated_no_domain_boundaries,,True,False
9M33,A,VI-D,ternary_tr1,372,373,E,257.0,E,373.0,,GLU,True,1465,1466,four_layer_exact,high,0.978021978021978,0.5128205128205128,1.7173787131873783,0.021978021978022,E,A;D;E,matches_consensus,True,False,,0.6227365827019229,surface,False,False,False,False,16.16939033690859,True,False,unassigned_manual_review,,not_annotated_no_domain_boundaries,,True,False
9M33,A,VI-D,ternary_tr1,373,374,N,258.0,N,374.0,,ASN,True,1481,1482,four_layer_exact,high,0.9615384615384616,0.3928571428571428,1.8100121644774785,0.0384615384615384,E,A;D;E;G;Q,differs_from_consensus,True,True,scaffold_differs_from_msa_consensus,0.3050217739633321,surface,False,False,False,False,19.58413412384826,True,False,unassigned_manual_review,,not_annotated_no_domain_boundaries,,True,False
9M33,A,VI-D,ternary_tr1,374,375,K,259.0,K,375.0,,LYS,True,1483,1484,four_layer_exact,high,1.0,0.9251700680272108,0.3108673782336407,0.0,K,K;R,matches_consensus,True,False,,0.27504510563845863,surface,False,False,False,False,14.55490628812414,True,False,unassigned_manual_review,,not_annotated_no_domain_boundaries,,True,False
9M33,A,VI-D,ternary_tr1,375,376,E,260.0,E,376.0,,GLU,True,1484,1485,four_layer_exact,high,1.0,0.4557823129251701,1.7742692619317308,0.0,E,D;E;K,matches_consensus,True,False,,0.2915787934480437,surface,False,False,False,False,18.41582179472754,True,False,unassigned_manual_review,,not_annotated_no_domain_boundaries,,True,False
9M33,A,VI-D,ternary_tr1,376,377,E,261.0,E,377.0,,GLU,True,1493,1494,four_layer_exact,high,1.0,0.1632653061224489,2.56909334204242,0.0,A,A;D;E;K;N;Q;R;S,differs_from_consensus,True,True,scaffold_differs_from_msa_consensus,0.4458611407584894,surface,False,False,False,False,22.61029409919871,True,False,unassigned_manual_review,,not_annotated_no_domain_boundaries,,True,False
9M33,A,VI-D,ternary_tr1,377,378,I,262.0,I,378.0,,ILE,True,1494,1495,four_layer_exact,high,1.0,0.4285714285714285,1.7428869139002894,0.0,I,A;F;I;L;V,matches_consensus,True,False,,0.20773192971258864,surface,False,False,False,False,22.78812067104131,True,False,unassigned_manual_review,,not_annotated_no_domain_boundaries,,True,False
9M33,A,VI-D,ternary_tr1,378,379,Y,263.0,Y,379.0,,TYR,True,1495,1496,four_layer_exact,high,1.0,1.0,-0.0,0.0,Y,Y,matches_consensus,True,False,,0.09176680535757978,buried_core,False,False,False,False,16.81781791581674,True,True,unassigned_manual_review,,not_annotated_no_domain_boundaries,,True,False
9M33,A,VI-D,ternary_tr1,379,380,I,264.0,I,380.0,,ILE,True,1496,1497,four_layer_exact,high,1.0,0.1428571428571428,2.580951258992332,0.0,R,A;D;E;I;K;L;N;Q;R;S,differs_from_consensus,True,True,scaffold_differs_from_msa_consensus,0.27585416102434634,surface,False,False,False,False,20.560766315477075,True,False,unassigned_manual_review,,not_annotated_no_domain_boundaries,,True,False
9M33,A,VI-D,ternary_tr1,380,381,K,265.0,K,381.0,,LYS,True,1497,1498,four_layer_exact,high,1.0,0.1496598639455782,2.369323817968326,0.0,E,A;D;E;K;N;Q;R;S,differs_from_consensus,True,True,scaffold_differs_from_msa_consensus,0.5321642303482007,surface,False,False,False,False,23.128884297707632,True,False,unassigned_manual_review,,not_annotated_no_domain_boundaries,,True,False
9M33,A,VI-D,ternary_tr1,381,382,T,266.0,T,382.0,,THR,True,1498,1499,four_layer_exact,high,1.0,0.4217687074829932,1.9739928392220103,0.0,E,A;E;F;I;L;Y,differs_from_consensus,True,True,scaffold_differs_from_msa_consensus,0.11846288354038682,buried_core,False,False,False,False,21.54045887029544,True,True,unassigned_manual_review,,not_annotated_no_domain_boundaries,,True,False
9M33,A,VI-D,ternary_tr1,382,383,A,267.0,A,383.0,,ALA,True,1503,1504,four_layer_exact,high,1.0,0.8435374149659864,0.704003828144631,0.0,A,A;S,matches_consensus,True,False,,0.0,buried_core,False,False,False,False,18.614314030619532,True,True,unassigned_manual_review,,not_annotated_no_domain_boundaries,,True,False
9M33,A,VI-D,ternary_tr1,383,384,R,268.0,R,384.0,,ARG,True,1504,1505,four_layer_exact,high,1.0,0.2131519274376417,2.3213737058840342,0.0,E,A;D;E;K;N;R;S,differs_from_consensus,True,True,scaffold_differs_from_msa_consensus,0.436652622957101,surface,False,False,False,False,21.49360863612556,True,False,unassigned_manual_review,,not_annotated_no_domain_boundaries,,True,False
9M33,A,VI-D,ternary_tr1,384,385,T,269.0,T,385.0,,THR,True,1505,1506,four_layer_exact,high,1.0,0.1972789115646258,2.625432333877093,0.0,R,A;D;E;I;K;R;S,differs_from_consensus,True,True,scaffold_differs_from_msa_consensus,0.4738515341615473,surface,False,False,False,False,23.799959764843685,True,False,unassigned_manual_review,,not_annotated_no_domain_boundaries,,True,False
9M33,A,VI-D,ternary_tr1,385,386,L,270.0,L,386.0,,LEU,True,1506,1507,four_layer_exact,high,0.9945054945054944,0.4246575342465753,1.732594913941025,0.0054945054945054,L,F;I;L;V,matches_consensus,True,False,,0.06608910635044318,buried_core,False,False,False,False,20.003952040789653,True,True,unassigned_manual_review,,not_annotated_no_domain_boundaries,,True,False
9M33,A,VI-D,ternary_tr1,386,387,A,271.0,A,387.0,,ALA,True,1512,1513,four_layer_exact,high,0.945054945054945,0.561815693430657,1.6265565502127437,0.0549450549450549,W,A;F;K;W;Y,differs_from_consensus,True,True,scaffold_differs_from_msa_consensus,0.041529419537314746,buried_core,False,False,False,False,21.33274251595442,True,True,unassigned_manual_review,,not_annotated_no_domain_boundaries,,True,False
9M33,A,VI-D,ternary_tr1,387,388,S,272.0,S,388.0,,SER,True,1513,1514,four_layer_exact,high,0.934065934065934,0.1777777777777777,2.491302523823853,0.0659340659340659,N,A;D;E;K;N;P;S,differs_from_consensus,True,True,scaffold_differs_from_msa_consensus,0.6129356716188069,surface,False,False,False,False,24.2192239908889,True,False,unassigned_manual_review,,not_annotated_no_domain_boundaries,,True,False
9M33,A,VI-D,ternary_tr1,388,389,A,273.0,A,389.0,,ALA,True,1514,1515,four_layer_exact,high,0.9505494505494504,0.2028985507246377,2.4104156145397626,0.0494505494505495,K,A;D;E;K;R;S,differs_from_consensus,True,True,scaffold_differs_from_msa_consensus,0.44048928138630916,surface,False,False,False,False,25.4543400508197,True,False,unassigned_manual_review,,not_annotated_no_domain_boundaries,,True,False
9M33,A,VI-D,ternary_tr1,389,390,L,274.0,L,390.0,,LEU,True,1558,1559,four_layer_exact,high,0.978021978021978,0.2727272727272727,2.1448269525385717,0.021978021978022,L,F;I;L;N;V;Y,matches_consensus,True,False,,0.07810530750506922,buried_core,False,False,False,False,21.187264240775562,True,True,unassigned_manual_review,,not_annotated_no_domain_boundaries,,True,False
9M33,A,VI-D,ternary_tr1,390,391,G,275.0,G,391.0,,GLY,True,1559,1560,four_layer_exact,high,0.978021978021978,0.2587412587412587,2.078267806016698,0.021978021978022,K,E;G;K;R;S,differs_from_consensus,True,True,scaffold_differs_from_msa_consensus,0.14745113451818365,buried_core,False,False,False,False,22.290786197697358,True,True,unassigned_manual_review,,not_annotated_no_domain_boundaries,,True,False
9M33,A,VI-D,ternary_tr1,391,392,A,276.0,A,392.0,,ALA,True,1560,1561,four_layer_exact,high,0.9725274725274724,0.2464788732394366,2.33707591369517,0.0274725274725274,D,D;E;G;K;N;S,differs_from_consensus,True,True,scaffold_differs_from_msa_consensus,0.5770787161761434,surface,False,False,False,False,23.25057214893092,True,False,unassigned_manual_review,,not_annotated_no_domain_boundaries,,True,False
9M33,A,VI-D,ternary_tr1,392,393,D,277.0,D,393.0,,ASP,True,1612,1613,four_layer_exact,high,0.9615384615384616,0.15,2.6274251197114253,0.0384615384615384,K,A;D;I;K;L;P;Q;R;S;T;V,differs_from_consensus,True,True,scaffold_differs_from_msa_consensus,0.3748940971956629,surface,False,False,False,False,20.296361292515677,True,False,unassigned_manual_review,,not_annotated_no_domain_boundaries,,True,False
9M33,A,VI-D,ternary_tr1,393,394,F,278.0,F,394.0,,PHE,True,1613,1614,four_layer_exact,high,0.9835164835164836,0.3125,1.6765038569311987,0.0164835164835165,I,F;I;L;V,differs_from_consensus,True,True,scaffold_differs_from_msa_consensus,0.008928825200522671,buried_core,False,False,False,False,18.09305801646255,True,True,unassigned_manual_review,,not_annotated_no_domain_boundaries,,True,False
9M33,A,VI-D,ternary_tr1,394,395,K,279.0,K,395.0,,LYS,True,1615,1616,four_layer_exact,high,0.945054945054945,0.181159420289855,2.493729977501687,0.0549450549450549,N,A;D;E;K;L;N;Q;R,differs_from_consensus,True,True,scaffold_differs_from_msa_consensus,0.4514451071588606,surface,False,False,False,False,18.96804605288106,True,False,unassigned_manual_review,,not_annotated_no_domain_boundaries,,True,False
9M33,A,VI-D,ternary_tr1,395,396,K,280.0,K,396.0,,LYS,True,1616,1617,four_layer_exact,high,0.934065934065934,0.2134650735294117,2.6291662866310275,0.0659340659340659,K,D;E;K;N;R;S;T;Y,matches_consensus,True,False,,0.3997190503541702,surface,False,False,False,False,18.37644986699638,True,False,unassigned_manual_review,,not_annotated_no_domain_boundaries,,True,False
9M33,A,VI-D,ternary_tr1,396,397,A,281.0,A,397.0,,ALA,True,1617,1618,four_layer_exact,high,0.945054945054945,0.2608695652173913,2.1771218718041907,0.0549450549450549,I,A;F;I;L;M;V,differs_from_consensus,True,True,scaffold_differs_from_msa_consensus,0.09044786499587268,buried_core,False,False,False,False,15.1927779408774,True,True,unassigned_manual_review,,not_annotated_no_domain_boundaries,,True,False
9M33,A,VI-D,ternary_tr1,397,398,A,282.0,A,398.0,,ALA,True,1618,1619,four_layer_exact,high,0.8846153846153846,0.2047244094488189,2.4295383116632627,0.1153846153846154,L,A;C;I;K;L;V,differs_from_consensus,True,True,scaffold_differs_from_msa_consensus,0.08020237639614225,buried_core,False,False,False,False,14.142596834048883,True,True,unassigned_manual_review,,not_annotated_no_domain_boundaries,,True,False
9M33,A,VI-D,ternary_tr1,398,399,A,283.0,A,399.0,,ALA,True,1619,1620,four_layer_exact,high,0.8736263736263736,0.24,2.27293731708002,0.1263736263736263,P,D;E;K;N;P;S,differs_from_consensus,True,True,scaffold_differs_from_msa_consensus,0.6153289948791902,surface,False,False,False,False,15.793287459101991,True,False,unassigned_manual_review,,not_annotated_no_domain_boundaries,,True,False
9M33,A,VI-D,ternary_tr1,399,400,D,284.0,D,400.0,,ASP,True,1620,1621,four_layer_exact,high,0.8571428571428571,0.1226946721311475,2.6848771729341925,0.1428571428571429,A,A;K;L;M;Q;R;S,differs_from_consensus,True,True,scaffold_differs_from_msa_consensus,0.22004014455094342,surface,False,False,False,False,13.51988963392807,True,False,unassigned_manual_review,,not_annotated_no_domain_boundaries,,True,False
9M33,A,VI-D,ternary_tr1,400,401,V,285.0,V,401.0,,VAL,True,1621,1622,four_layer_exact,high,0.8571428571428571,0.221311475409836,1.9900906288311284,0.1428571428571429,L,F;I;L;M;V,differs_from_consensus,True,True,scaffold_differs_from_msa_consensus,0.2272620903554779,surface,False,False,False,False,10.57850563573179,True,False,unassigned_manual_review,,not_annotated_no_domain_boundaries,,True,False
9M33,A,VI-D,ternary_tr1,401,402,N,286.0,N,402.0,,ASN,True,1642,1643,four_layer_exact,high,0.8131868131868132,0.3274336283185841,2.0235842718943307,0.1868131868131868,N,D;E;K;N;S,matches_consensus,True,False,,0.35964147161718113,surface,False,False,False,False,8.708006809137263,True,False,unassigned_manual_review,,not_annotated_no_domain_boundaries,,True,False
9M33,A,VI-D,ternary_tr1,402,403,A,287.0,A,403.0,,ALA,True,1643,1644,four_layer_exact,high,0.6868131868131868,0.5420138888888889,1.5542509616949942,0.3131868131868132,G,A;E;G;K,differs_from_consensus,False,True,scaffold_differs_from_msa_consensus,0.5618656146347134,surface,False,True,False,False,7.161250916207383,True,False,unassigned_manual_review,,not_annotated_no_domain_boundaries,,False,False
9M33,A,VI-D,ternary_tr1,403,404,K,288.0,K,404.0,,LYS,True,1649,1650,four_layer_exact,high,0.6703296703296703,0.2992097701149425,2.234683528872811,0.3296703296703297,K,A;D;K;N;S,matches_consensus,False,False,,0.683930950624472,surface,False,False,False,False,9.51334729869034,True,False,unassigned_manual_review,,not_annotated_no_domain_boundaries,,False,False
9M33,A,VI-D,ternary_tr1,404,405,N,289.0,N,405.0,,ASN,True,1650,1651,four_layer_exact,high,0.6703296703296703,0.2640086206896552,2.3083275238481704,0.3296703296703297,N,A;E;K;N;S;T;Y,matches_consensus,False,False,,0.22207354592621756,surface,False,False,False,False,10.010394639583984,True,False,unassigned_manual_review,,not_annotated_no_domain_boundaries,,False,False
9M33,A,VI-D,ternary_tr1,405,406,I,290.0,I,406.0,,ILE,True,1698,1699,four_layer_exact,high,0.7637362637362637,0.73046875,0.906308675562731,0.2362637362637363,I,I;L;V,matches_consensus,False,False,,0.2323646314527488,surface,False,True,False,False,6.389802592327515,True,False,unassigned_manual_review,,not_annotated_no_domain_boundaries,,False,False
9M33,A,VI-D,ternary_tr1,406,407,R,291.0,R,407.0,,ARG,True,1713,1714,four_layer_exact,high,0.9505494505494504,0.5434782608695652,1.6373027553552315,0.0494505494505495,K,E;K;Q;R;S,differs_from_consensus,True,True,scaffold_differs_from_msa_consensus,0.5887312987587404,surface,True,False,True,False,4.8367987819224245,True,False,unassigned_manual_review,,not_annotated_no_domain_boundaries,,True,False
9M33,A,VI-D,ternary_tr1,407,408,D,292.0,D,408.0,,ASP,True,1715,1716,four_layer_exact,high,0.9395604395604396,0.1985294117647058,2.2649299702020453,0.0604395604395604,E,D;E;G;K;N;Q,differs_from_consensus,True,True,scaffold_differs_from_msa_consensus,0.3819714380592328,surface,False,False,False,False,8.980499070502995,True,False,unassigned_manual_review,,not_annotated_no_domain_boundaries,,True,False
9M33,A,VI-D,ternary_tr1,408,409,Y,293.0,Y,409.0,,TYR,True,1716,1717,four_layer_exact,high,0.9395604395604396,0.2867647058823529,2.259406732441456,0.0604395604395604,L,A;F;I;K;L;M;V;Y,differs_from_consensus,True,True,scaffold_differs_from_msa_consensus,0.16613410884458873,buried_core,False,False,False,False,8.5260219029395,True,True,unassigned_manual_review,,not_annotated_no_domain_boundaries,,True,False
9M33,A,VI-D,ternary_tr1,409,410,Q,294.0,Q,410.0,,GLN,True,1717,1718,four_layer_exact,high,0.934065934065934,0.2298611111111111,2.4768306474043302,0.0659340659340659,K,D;E;K;N;Q;R;S;T,differs_from_consensus,True,True,scaffold_differs_from_msa_consensus,0.3133910412354215,surface,True,False,True,False,3.11592621359534,True,False,unassigned_manual_review,,not_annotated_no_domain_boundaries,,True,False
9M33,A,VI-D,ternary_tr1,410,411,K,295.0,K,411.0,,LYS,True,1718,1719,four_layer_exact,high,0.9175824175824177,0.3169981060606061,2.321887168082493,0.0824175824175824,K,A;D;G;K;N;P;R;S,matches_consensus,True,False,,0.7169301333631128,surface,False,True,False,False,5.116230245784686,True,False,unassigned_manual_review,,not_annotated_no_domain_boundaries,,True,False
9M33,A,VI-D,ternary_tr1,411,412,K,296.0,K,412.0,,LYS,True,1719,1720,four_layer_exact,high,0.7197802197802198,0.2346938775510204,2.2606185232570297,0.2802197802197802,D,D;E;K;N;R;S,differs_from_consensus,False,True,scaffold_differs_from_msa_consensus,0.2795059009698905,surface,False,False,False,False,10.178095613425283,True,False,unassigned_manual_review,,not_annotated_no_domain_boundaries,,False,False
9M33,A,VI-D,ternary_tr1,412,413,A,297.0,A,413.0,,ALA,True,1720,1721,four_layer_exact,high,0.6868131868131868,0.2282608695652173,2.501347899829055,0.3131868131868132,K,D;E;G;H;K;N;P;S,differs_from_consensus,False,True,scaffold_differs_from_msa_consensus,0.19979019364082845,buried_core,False,False,False,False,8.671432503095085,True,True,unassigned_manual_review,,not_annotated_no_domain_boundaries,,False,False
9M33,A,VI-D,ternary_tr1,413,414,N,298.0,N,414.0,,ASN,True,1721,1722,four_layer_exact,high,0.6263736263736264,0.1481481481481481,2.7165792703980234,0.3736263736263736,D,D;E;I;K;L;S;T;V,differs_from_consensus,False,True,scaffold_differs_from_msa_consensus,0.7117754712147127,surface,False,False,False,False,10.467041737025664,True,False,unassigned_manual_review,,not_annotated_no_domain_boundaries,,False,False
9M33,A,VI-D,ternary_tr1,414,415,D,299.0,D,415.0,,ASP,True,1722,1723,four_layer_exact,high,0.4230769230769231,0.2391304347826087,2.403212749310924,0.5769230769230769,S,D;E;I;K;S;V,differs_from_consensus,False,True,scaffold_differs_from_msa_consensus,0.4366453075053524,surface,False,False,False,False,14.538476314543331,True,False,unassigned_manual_review,,not_annotated_no_domain_boundaries,,False,False
9M33,A,VI-D,ternary_tr1,415,416,Y,300.0,Y,416.0,,TYR,True,1779,1780,four_layer_exact,high,0.912087912087912,0.3435114503816794,1.9320333962666136,0.0879120879120879,F,F;I;L;V;Y,differs_from_consensus,True,True,scaffold_differs_from_msa_consensus,0.21517415515317953,surface,False,False,False,False,16.19315319654287,True,False,unassigned_manual_review,,not_annotated_no_domain_boundaries,,True,False
9M33,A,VI-D,ternary_tr1,416,417,R,301.0,R,417.0,,ARG,True,1780,1781,four_layer_exact,high,0.934065934065934,0.2518518518518518,2.1702756729707864,0.0659340659340659,K,A;D;K;N;P;R;S;T,differs_from_consensus,True,True,scaffold_differs_from_msa_consensus,0.6164583993046596,surface,False,False,False,False,18.445647817626266,True,False,unassigned_manual_review,,not_annotated_no_domain_boundaries,,True,False
9M33,A,VI-D,ternary_tr1,417,418,I,302.0,I,418.0,,ILE,True,1799,1800,four_layer_exact,high,0.4725274725274725,0.2327044025157232,2.5025146555781848,0.5274725274725275,I,F;G;I;K;L;N;S;V,matches_consensus,False,False,,0.04014579058056158,buried_core,False,False,False,False,19.04660399457885,True,True,unassigned_manual_review,,not_annotated_no_domain_boundaries,,False,False
9M33,A,VI-D,ternary_tr1,418,419,S,303.0,S,419.0,,SER,True,1800,1801,four_layer_exact,high,0.9065934065934066,0.1444711538461538,2.631169441935095,0.0934065934065934,K,A;D;E;K;M;Q;S;V,differs_from_consensus,True,True,scaffold_differs_from_msa_consensus,0.2542688348178903,surface,False,False,False,False,20.71309909692039,True,False,unassigned_manual_review,,not_annotated_no_domain_boundaries,,True,False
9M33,A,VI-D,ternary_tr1,419,420,F,304.0,F,420.0,,PHE,True,1801,1802,four_layer_exact,high,0.9285714285714286,0.3507462686567164,1.6554692045209036,0.0714285714285714,L,F;I;L;V,differs_from_consensus,True,True,scaffold_differs_from_msa_consensus,0.020127136933998604,buried_core,False,False,False,False,17.3149870382325,True,True,unassigned_manual_review,,not_annotated_no_domain_boundaries,,True,False
9M33,A,VI-D,ternary_tr1,420,421,E,305.0,E,421.0,,GLU,True,1817,1818,four_layer_exact,high,0.1043956043956044,0.2222222222222222,2.1390858946957136,0.8956043956043956,V,A;E;F;G;I;K;L;R;S;V,differs_from_consensus,False,True,scaffold_differs_from_msa_consensus,0.33265775182344426,surface,False,False,False,False,20.955911560971185,True,False,unassigned_manual_review,,not_annotated_no_domain_boundaries,,False,False
9M33,A,VI-D,ternary_tr1,421,422,D,306.0,D,422.0,,ASP,True,1818,1819,four_layer_exact,high,0.9010989010989012,0.3023255813953488,2.0708367394739287,0.0989010989010988,E,D;E;N;P;S,differs_from_consensus,True,True,scaffold_differs_from_msa_consensus,0.6434968833197044,surface,False,False,False,False,24.513992529317715,True,False,unassigned_manual_review,,not_annotated_no_domain_boundaries,,True,False
9M33,A,VI-D,ternary_tr1,422,423,I,307.0,I,423.0,,ILE,True,1820,1821,four_layer_exact,high,0.8791208791208791,0.2566137566137565,2.348692044329717,0.1208791208791209,I,I;L;V;Y,matches_consensus,True,False,,0.2688511842145656,surface,False,False,False,False,20.018410741839485,True,False,unassigned_manual_review,,not_annotated_no_domain_boundaries,,True,False
9M33,A,VI-D,ternary_tr1,423,424,K,308.0,K,424.0,,LYS,True,1852,1853,four_layer_exact,high,0.6318681318681318,0.1916666666666666,2.477836666832085,0.3681318681318681,K,A;F;I;K;L;M;R;S;V,matches_consensus,False,False,,0.035819480984234806,buried_core,False,False,False,False,16.319223286244362,True,True,unassigned_manual_review,,not_annotated_no_domain_boundaries,,False,False
9M33,A,VI-D,ternary_tr1,424,425,I,309.0,I,425.0,,ILE,True,1853,1854,four_layer_exact,high,0.8461538461538461,0.2166666666666666,2.318497798458601,0.1538461538461538,I,I;K;L;Q;R;S;V,matches_consensus,True,False,,0.1950051943483589,buried_core,False,False,False,False,17.65112853439602,True,True,unassigned_manual_review,,not_annotated_no_domain_boundaries,,True,False
9M33,A,VI-D,ternary_tr1,425,426,G,310.0,G,426.0,,GLY,True,1854,1855,four_layer_exact,high,0.8846153846153846,0.2020997375328083,2.424667976800019,0.1153846153846154,S,E;G;I;K;L;N;S;T,differs_from_consensus,True,True,scaffold_differs_from_msa_consensus,0.11354017926290204,buried_core,False,False,False,False,21.083573194894342,True,True,unassigned_manual_review,,not_annotated_no_domain_boundaries,,True,False
9M33,A,VI-D,ternary_tr1,426,427,N,311.0,N,427.0,,ASN,True,1855,1856,four_layer_exact,high,0.9065934065934066,0.2121212121212121,2.4640271150506643,0.0934065934065934,S,A;D;E;G;K;N;P;R;S;T,differs_from_consensus,True,True,scaffold_differs_from_msa_consensus,0.470861262490776,surface,False,False,False,False,23.69750561739067,True,False,unassigned_manual_review,,not_annotated_no_domain_boundaries,,True,False
9M33,A,VI-D,ternary_tr1,427,428,T,312.0,T,428.0,,THR,True,1856,1857,four_layer_exact,high,0.945054945054945,0.2302158273381295,2.310045202045129,0.0549450549450549,E,A;D;E;K;N;S,differs_from_consensus,True,True,scaffold_differs_from_msa_consensus,0.3377001688961531,surface,False,False,False,False,23.93921963604695,True,False,unassigned_manual_review,,not_annotated_no_domain_boundaries,,True,False
9M33,A,VI-D,ternary_tr1,428,429,G,313.0,G,429.0,,GLY,True,1857,1858,four_layer_exact,high,0.967032967032967,0.3617021276595745,1.9119688492247584,0.0329670329670329,N,D;E;K;N;S,differs_from_consensus,True,True,scaffold_differs_from_msa_consensus,0.7720004790347547,surface,False,False,False,False,24.747480802593632,True,False,unassigned_manual_review,,not_annotated_no_domain_boundaries,,True,False
9M33,A,VI-D,ternary_tr1,429,430,I,314.0,I,430.0,,ILE,True,1859,1860,four_layer_exact,high,0.978021978021978,0.3426573426573426,1.9582044525873452,0.021978021978022,A,A;I;T;V,differs_from_consensus,True,True,scaffold_differs_from_msa_consensus,0.12529736773527564,buried_core,False,False,False,False,20.06209323617533,True,True,unassigned_manual_review,,not_annotated_no_domain_boundaries,,True,False
9M33,A,VI-D,ternary_tr1,430,431,G,315.0,G,431.0,,GLY,True,1866,1867,four_layer_exact,high,0.9945054945054944,0.3789954337899544,2.033045624361181,0.0054945054945054,S,D;H;N;S;T,differs_from_consensus,True,True,scaffold_differs_from_msa_consensus,0.27758689780416046,surface,False,False,False,False,22.554306269776102,True,False,unassigned_manual_review,,not_annotated_no_domain_boundaries,,True,False
9M33,A,VI-D,ternary_tr1,431,432,Y,316.0,Y,432.0,,TYR,True,1867,1868,four_layer_exact,high,1.0,0.3605442176870748,2.272974925393071,0.0,Y,D;L;P;S;T;Y,matches_consensus,True,False,,0.2680228629372121,surface,False,False,False,False,23.18999459080122,True,False,unassigned_manual_review,,not_annotated_no_domain_boundaries,,True,False
9M33,A,VI-D,ternary_tr1,432,433,F,317.0,F,433.0,,PHE,True,1868,1869,four_layer_exact,high,1.0,0.8979591836734694,0.4738477239414613,0.0,F,F;L,matches_consensus,True,False,,0.10519230301463724,buried_core,False,False,False,False,16.478155075794973,True,True,unassigned_manual_review,,not_annotated_no_domain_boundaries,,True,False
9M33,A,VI-D,ternary_tr1,433,434,S,318.0,S,434.0,,SER,True,1869,1870,four_layer_exact,high,1.0,0.3469387755102041,1.6809986183902323,0.0,S,A;C;S;T;V,matches_consensus,True,False,,0.013825277729841554,buried_core,False,False,False,False,17.99495961574865,True,True,unassigned_manual_review,,not_annotated_no_domain_boundaries,,True,False
9M33,A,VI-D,ternary_tr1,434,435,E,319.0,E,435.0,,GLU,True,1870,1871,four_layer_exact,high,1.0,0.7278911564625851,1.172430109044073,0.0,K,E;K;Q,differs_from_consensus,True,True,scaffold_differs_from_msa_consensus,0.06246173682876846,buried_core,False,False,False,False,20.015017844397562,True,True,unassigned_manual_review,,not_annotated_no_domain_boundaries,,True,False
9M33,A,VI-D,ternary_tr1,435,436,L,320.0,L,436.0,,LEU,True,1871,1872,four_layer_exact,high,1.0,0.564625850340136,1.480645417410278,0.0,L,I;L;M;V,matches_consensus,True,False,,0.07141974826120298,buried_core,False,False,False,False,18.804016595298705,True,True,unassigned_manual_review,,not_annotated_no_domain_boundaries,,True,False
9M33,A,VI-D,ternary_tr1,436,437,I,321.0,I,437.0,,ILE,True,1872,1873,four_layer_exact,high,1.0,0.4149659863945578,1.4337109365189795,0.0,I,I;L;M;V,matches_consensus,True,False,,0.04904073973766158,buried_core,False,False,False,False,15.217556948600802,True,True,unassigned_manual_review,,not_annotated_no_domain_boundaries,,True,False
9M33,A,VI-D,ternary_tr1,437,438,Y,322.0,Y,438.0,,TYR,True,1873,1874,four_layer_exact,high,1.0,0.782312925170068,0.8904468001169228,0.0,Y,A;F;Y,matches_consensus,True,False,,0.09021354461259275,buried_core,False,False,False,False,14.684126193419024,True,True,unassigned_manual_review,,not_annotated_no_domain_boundaries,,True,False
9M33,A,VI-D,ternary_tr1,438,439,M,323.0,M,439.0,,MET,True,1874,1875,four_layer_exact,high,1.0,0.3537414965986394,1.6924165180236204,0.0,F,A;F;L;M;V,differs_from_consensus,True,True,scaffold_differs_from_msa_consensus,0.052441708568473376,buried_core,False,False,False,False,18.057352307847484,True,True,unassigned_manual_review,,not_annotated_no_domain_boundaries,,True,False
9M33,A,VI-D,ternary_tr1,439,440,L,324.0,L,440.0,,LEU,True,1875,1876,four_layer_exact,high,1.0,0.5510204081632653,1.3299700895444704,0.0,L,I;L;M;V,matches_consensus,True,False,,0.01802430173193905,buried_core,False,False,False,False,15.053884406440552,True,True,unassigned_manual_review,,not_annotated_no_domain_boundaries,,True,False
9M33,A,VI-D,ternary_tr1,440,441,T,325.0,T,441.0,,THR,True,1876,1877,four_layer_exact,high,1.0,0.564625850340136,1.100496697203287,0.0,T,C;S;T,matches_consensus,True,False,,0.0381681589322879,buried_core,False,False,False,False,11.771191331885841,True,True,unassigned_manual_review,,not_annotated_no_domain_boundaries,,True,False
9M33,A,VI-D,ternary_tr1,441,442,L,326.0,L,442.0,,LEU,True,1877,1878,four_layer_exact,high,1.0,0.3129251700680272,2.220253024889425,0.0,L,F;K;L;M;N;R,matches_consensus,True,False,,0.17879907256461816,buried_core,False,False,False,False,14.918359072262215,True,True,unassigned_manual_review,,not_annotated_no_domain_boundaries,,True,False
9M33,A,VI-D,ternary_tr1,442,443,L,327.0,L,443.0,,LEU,True,1878,1879,four_layer_exact,high,1.0,0.9183673469387756,0.3416338748989142,0.0,F,F;L,differs_from_consensus,True,True,scaffold_differs_from_msa_consensus,0.06473418901733675,buried_core,False,False,False,False,14.810266180862548,True,True,unassigned_manual_review,,not_annotated_no_domain_boundaries,,True,False
9M33,A,VI-D,ternary_tr1,443,444,L,328.0,L,444.0,,LEU,True,1879,1880,four_layer_exact,high,1.0,0.8231292517006803,0.6978446422888986,0.0,L,I;L,matches_consensus,True,False,,0.10534694830375553,buried_core,False,False,False,False,11.402535762735095,True,True,unassigned_manual_review,,not_annotated_no_domain_boundaries,,True,False
9M33,A,VI-D,ternary_tr1,444,445,D,329.0,D,445.0,,ASP,True,1880,1881,four_layer_exact,high,1.0,0.7959183673469388,0.7786317192627682,0.0,D,D;E;N,matches_consensus,True,False,,0.17854221236007223,buried_core,False,False,False,False,9.193949280642187,True,True,unassigned_manual_review,,not_annotated_no_domain_boundaries,,True,False
9M33,A,VI-D,ternary_tr1,445,446,G,330.0,G,446.0,,GLY,True,1881,1882,four_layer_exact,high,1.0,0.8435374149659864,0.7604654682901153,0.0,G,G;K,matches_consensus,True,False,,0.3632638085004279,surface,False,True,False,False,6.439816166205661,True,False,unassigned_manual_review,,not_annotated_no_domain_boundaries,,True,False
9M33,A,VI-D,ternary_tr1,446,447,K,331.0,K,447.0,,LYS,True,1882,1883,four_layer_exact,high,1.0,0.9931972789115646,0.0407280509323613,0.0,K,K,matches_consensus,True,False,,0.5346884734216936,surface,True,False,True,False,4.061990090754071,True,False,unassigned_manual_review,,not_annotated_no_domain_boundaries,,True,False
9M33,A,VI-D,ternary_tr1,447,448,E,332.0,E,448.0,,GLU,True,1883,1884,four_layer_exact,high,1.0,0.9727891156462584,0.1402106888660079,0.0,E,E,matches_consensus,True,False,,0.10044959343878758,buried_core,False,True,False,False,7.097774071265295,True,True,unassigned_manual_review,,not_annotated_no_domain_boundaries,,True,False
9M33,A,VI-D,ternary_tr1,448,449,I,333.0,I,449.0,,ILE,True,1884,1885,four_layer_exact,high,1.0,0.8775510204081632,0.5693343986134891,0.0,I,I,matches_consensus,True,False,,0.04291064727045388,buried_core,False,True,False,False,7.808134486686795,True,True,unassigned_manual_review,,not_annotated_no_domain_boundaries,,True,False
9M33,A,VI-D,ternary_tr1,449,450,N,334.0,N,450.0,,ASN,True,1885,1886,four_layer_exact,high,1.0,1.0,-0.0,0.0,N,N,matches_consensus,True,False,,0.29403245063961186,surface,True,False,True,True,4.270249434972952,True,False,unassigned_manual_review,,not_annotated_no_domain_boundaries,,True,False
9M33,A,VI-D,ternary_tr1,450,451,D,335.0,D,451.0,,ASP,True,1886,1887,four_layer_exact,high,1.0,0.4897959183673469,1.3634847226218587,0.0,D,D;E;I,matches_consensus,True,False,,0.22356784382496403,surface,True,False,True,False,2.959350395737629,True,False,unassigned_manual_review,,not_annotated_no_domain_boundaries,,True,False
9M33,A,VI-D,ternary_tr1,451,452,L,336.0,L,452.0,,LEU,True,1887,1888,four_layer_exact,high,1.0,0.8503401360544217,0.5510940293246659,0.0,L,F;L,matches_consensus,True,False,,0.01802430173193905,buried_core,False,True,False,False,6.854596853781849,True,True,unassigned_manual_review,,not_annotated_no_domain_boundaries,,True,False
9M33,A,VI-D,ternary_tr1,452,453,L,337.0,L,453.0,,LEU,True,1888,1889,four_layer_exact,high,1.0,0.7074829931972789,1.094446455166942,0.0,L,F;I;L;V,matches_consensus,True,False,,0.0,buried_core,False,True,False,False,7.725776026647142,True,True,unassigned_manual_review,,not_annotated_no_domain_boundaries,,True,False
9M33,A,VI-D,ternary_tr1,453,454,T,338.0,T,454.0,,THR,True,1889,1890,four_layer_exact,high,1.0,0.7006802721088435,0.9855207153732972,0.0,T,C;S;T,matches_consensus,True,False,,0.14496389796018494,buried_core,True,False,True,False,3.149616177712233,True,True,unassigned_manual_review,,not_annotated_no_domain_boundaries,,True,False
9M33,A,VI-D,ternary_tr1,454,455,T,339.0,T,455.0,,THR,True,1890,1891,four_layer_exact,high,1.0,0.4421768707482993,1.7109871039484106,0.0,T,A;G;S;T,matches_consensus,True,False,,0.12548397781968867,buried_core,True,False,True,False,4.5065545264424935,True,True,unassigned_manual_review,,not_annotated_no_domain_boundaries,,True,False
9M33,A,VI-D,ternary_tr1,455,456,L,340.0,L,456.0,,LEU,True,1891,1892,four_layer_exact,high,1.0,0.782312925170068,0.862810340609705,0.0,L,I;L;M;Y,matches_consensus,True,False,,0.01802430173193905,buried_core,False,True,False,False,7.827990904313144,True,True,unassigned_manual_review,,not_annotated_no_domain_boundaries,,True,False
9M33,A,VI-D,ternary_tr1,456,457,I,341.0,I,457.0,,ILE,True,1892,1893,four_layer_exact,high,1.0,0.7891156462585034,0.876635168330833,0.0,I,I;V,matches_consensus,True,False,,0.11647175687694622,buried_core,False,True,False,False,6.141148375958892,True,True,unassigned_manual_review,,not_annotated_no_domain_boundaries,,True,False
9M33,A,VI-D,ternary_tr1,457,458,N,342.0,N,458.0,,ASN,True,1893,1894,four_layer_exact,high,1.0,0.6938775510204082,1.0712944490502216,0.0,N,H;N;S,matches_consensus,True,False,,0.09172915672194508,buried_core,True,False,True,False,2.7372379879203135,True,True,unassigned_manual_review,,not_annotated_no_domain_boundaries,,True,False
9M33,A,VI-D,ternary_tr1,458,459,K,343.0,K,459.0,,LYS,True,1894,1895,four_layer_exact,high,1.0,0.8571428571428571,0.6733816047923615,0.0,K,K,matches_consensus,True,False,,0.14239801175726857,buried_core,False,True,False,False,6.158406266037235,True,True,unassigned_manual_review,,not_annotated_no_domain_boundaries,,True,False
9M33,A,VI-D,ternary_tr1,459,460,F,344.0,F,460.0,,PHE,True,1895,1896,four_layer_exact,high,1.0,0.8163265306122449,0.6652628659212857,0.0,F,F;L,matches_consensus,True,False,,0.030190705400997907,buried_core,False,False,False,False,8.173919628755145,True,True,unassigned_manual_review,,not_annotated_no_domain_boundaries,,True,False
9M33,A,VI-D,ternary_tr1,460,461,D,345.0,D,461.0,,ASP,True,1896,1897,four_layer_exact,high,1.0,0.4897959183673469,1.2275483767033433,0.0,D,D;E,matches_consensus,True,False,,0.27414507645080255,surface,True,False,True,False,4.526038448320501,True,False,unassigned_manual_review,,not_annotated_no_domain_boundaries,,True,False
9M33,A,VI-D,ternary_tr1,461,462,N,346.0,N,462.0,,ASN,True,1897,1898,four_layer_exact,high,1.0,0.7755102040816326,0.9738557928909876,0.0,N,N;S,matches_consensus,True,False,,0.19424238604757585,buried_core,True,False,True,False,3.945431174544745,True,True,unassigned_manual_review,,not_annotated_no_domain_boundaries,,True,False
9M33,A,VI-D,ternary_tr1,462,463,I,347.0,I,463.0,,ILE,True,1898,1899,four_layer_exact,high,1.0,0.9727891156462584,0.153200773933249,0.0,I,I,matches_consensus,True,False,,0.04291064727045388,buried_core,False,True,False,False,7.387156416446471,True,True,unassigned_manual_review,,not_annotated_no_domain_boundaries,,True,False
9M33,A,VI-D,ternary_tr1,463,464,I,348.0,I,464.0,,ILE,True,1899,1900,four_layer_exact,high,1.0,0.3469387755102041,2.0446377815591643,0.0,A,A;D;N;Q;R;S,differs_from_consensus,True,True,scaffold_differs_from_msa_consensus,0.11034166440973853,buried_core,False,False,False,False,9.538946803522014,True,True,unassigned_manual_review,,not_annotated_no_domain_boundaries,,True,False
9M33,A,VI-D,ternary_tr1,464,465,S,349.0,S,465.0,,SER,True,1900,1901,four_layer_exact,high,1.0,0.6054421768707483,1.353568709219572,0.0,S,A;D;G;S,matches_consensus,True,False,,0.37351339563159097,surface,False,True,False,False,5.75077770580114,True,False,unassigned_manual_review,,not_annotated_no_domain_boundaries,,True,False
9M33,A,VI-D,ternary_tr1,465,466,F,350.0,F,466.0,,PHE,True,1901,1902,four_layer_exact,high,1.0,0.6190476190476191,0.9068532215822056,0.0,F,F;L,matches_consensus,True,False,,0.09057211620299373,buried_core,True,False,True,False,4.074009087067422,True,True,unassigned_manual_review,,not_annotated_no_domain_boundaries,,True,False
9M33,A,VI-D,ternary_tr1,466,467,I,351.0,I,467.0,,ILE,True,1902,1903,four_layer_exact,high,1.0,0.3741496598639456,1.895009882115032,0.0,I,I;L;M;N;V,matches_consensus,True,False,,0.06130092467207697,buried_core,False,False,False,False,10.195761023912457,True,True,unassigned_manual_review,,not_annotated_no_domain_boundaries,,True,False
9M33,A,VI-D,ternary_tr1,467,468,D,352.0,D,468.0,,ASP,True,1903,1904,four_layer_exact,high,1.0,0.3469387755102041,2.0107811541491083,0.0,D,D;E;K;N;Q;S,matches_consensus,True,False,,0.4018319031525775,surface,False,False,False,False,10.92253382431529,True,False,unassigned_manual_review,,not_annotated_no_domain_boundaries,,True,False
9M33,A,VI-D,ternary_tr1,468,469,I,353.0,I,469.0,,ILE,True,1904,1905,four_layer_exact,high,1.0,0.3741496598639456,1.562613437700859,0.0,V,I;L;T;V,differs_from_consensus,True,True,scaffold_differs_from_msa_consensus,0.31876480829480025,surface,False,False,False,False,8.070499922667352,True,False,unassigned_manual_review,,not_annotated_no_domain_boundaries,,True,False
9M33,A,VI-D,ternary_tr1,469,470,L,354.0,L,470.0,,LEU,True,1913,1914,four_layer_exact,high,1.0,0.3071853741496598,1.8058501554481996,0.0,L,A;I;L;M,matches_consensus,True,False,,0.012016201154626033,buried_core,False,False,False,False,11.97367099645746,True,True,unassigned_manual_review,,not_annotated_no_domain_boundaries,,True,False
9M33,A,VI-D,ternary_tr1,470,471,K,355.0,K,471.0,,LYS,True,1914,1915,four_layer_exact,high,0.9945054945054944,0.3219178082191781,2.0026462262962146,0.0054945054945054,K,D;E;K;N;R,matches_consensus,True,False,,0.45843717421175617,surface,False,False,False,False,14.441279977862486,True,False,unassigned_manual_review,,not_annotated_no_domain_boundaries,,True,False
9M33,A,VI-D,ternary_tr1,471,472,K,356.0,K,472.0,,LYS,True,1924,1925,four_layer_exact,high,0.978021978021978,0.2307692307692307,2.266336114137132,0.021978021978022,E,D;E;K;Q;S,differs_from_consensus,True,True,scaffold_differs_from_msa_consensus,0.5322253050392799,surface,False,False,False,False,12.869112028398321,True,False,unassigned_manual_review,,not_annotated_no_domain_boundaries,,True,False
9M33,A,VI-D,ternary_tr1,472,473,L,357.0,L,473.0,,LEU,True,1925,1926,four_layer_exact,high,0.967032967032967,0.4113475177304964,2.09769891143406,0.0329670329670329,L,C;E;I;L;Q,matches_consensus,True,False,,0.49113127516322913,surface,False,False,False,False,13.032822153919776,True,False,unassigned_manual_review,,not_annotated_no_domain_boundaries,,True,False
9M33,A,VI-D,ternary_tr1,473,474,N,358.0,N,474.0,,ASN,True,1951,1952,four_layer_exact,high,0.956043956043956,0.4964028776978417,1.6967490771387137,0.0439560439560439,G,D;G;K;N;S,differs_from_consensus,True,True,scaffold_differs_from_msa_consensus,0.6314156577524515,surface,False,False,False,False,17.504779597269735,True,False,unassigned_manual_review,,not_annotated_no_domain_boundaries,,True,False
9M33,A,VI-D,ternary_tr1,474,475,L,359.0,L,475.0,,LEU,True,1952,1953,four_layer_exact,high,0.934065934065934,0.2962962962962963,2.233178555701175,0.0659340659340659,L,E;I;K;L;M;V,matches_consensus,True,False,,0.30778911576560775,surface,False,False,False,False,13.0909538036824,True,False,unassigned_manual_review,,not_annotated_no_domain_boundaries,,True,False
9M33,A,VI-D,ternary_tr1,475,476,E,360.0,E,476.0,,GLU,True,1953,1954,four_layer_exact,high,0.967032967032967,0.2413563829787234,2.1898049691173327,0.0329670329670329,E,D;E;K;N;P;S,matches_consensus,True,False,,0.4430677436386491,surface,False,False,False,False,15.57327090984249,True,False,unassigned_manual_review,,not_annotated_no_domain_boundaries,,True,False
9M33,A,VI-D,ternary_tr1,476,477,F,361.0,F,477.0,,PHE,True,1954,1955,four_layer_exact,high,0.956043956043956,0.1726618705035971,2.4325451488115584,0.0439560439560439,V,A;C;I;L;R;S;T;V,differs_from_consensus,True,True,scaffold_differs_from_msa_consensus,0.39809597135844843,surface,False,False,False,False,16.496346918849483,True,False,unassigned_manual_review,,not_annotated_no_domain_boundaries,,True,False
9M33,A,VI-D,ternary_tr1,477,478,K,362.0,K,478.0,,LYS,True,1981,1982,four_layer_exact,high,0.9725274725274724,0.2394366197183098,2.4260502226502383,0.0274725274725274,E,D;E;K;N;S;T,differs_from_consensus,True,True,scaffold_differs_from_msa_consensus,0.5956065108467891,surface,False,False,False,False,18.260019983050302,True,False,unassigned_manual_review,,not_annotated_no_domain_boundaries,,True,False
9M33,A,VI-D,ternary_tr1,478,479,F,363.0,F,479.0,,PHE,True,1982,1983,four_layer_exact,high,0.989010989010989,0.7931034482758621,0.7019234381787381,0.0109890109890109,F,F;L;Y,matches_consensus,True,False,,0.03816919882380967,buried_core,False,False,False,False,14.31663775030801,True,True,unassigned_manual_review,,not_annotated_no_domain_boundaries,,True,False
9M33,A,VI-D,ternary_tr1,479,480,K,364.0,K,480.0,,LYS,True,1995,1996,four_layer_exact,high,0.9615384615384616,0.2285714285714285,2.402960687402209,0.0384615384615384,T,A;E;K;Q;R;S;T;V,differs_from_consensus,True,True,scaffold_differs_from_msa_consensus,0.24744035697003,surface,False,False,False,False,19.775266052432116,True,False,unassigned_manual_review,,not_annotated_no_domain_boundaries,,True,False
9M33,A,VI-D,ternary_tr1,480,481,P,365.0,P,481.0,,PRO,True,2037,2038,four_layer_exact,high,1.0,0.2539682539682539,2.089227697560553,0.0,E,A;D;E;K;P,differs_from_consensus,True,True,scaffold_differs_from_msa_consensus,0.6335976709164285,surface,False,False,False,False,23.324480874666474,True,False,unassigned_manual_review,,not_annotated_no_domain_boundaries,,True,False
9M33,A,VI-D,ternary_tr1,481,482,E,366.0,E,482.0,,GLU,True,2038,2039,four_layer_exact,high,1.0,0.272108843537415,2.0393084887849886,0.0,E,D;E;G;K;N,matches_consensus,True,False,,0.3208574226536214,surface,False,False,False,False,22.874287823625384,True,False,unassigned_manual_review,,not_annotated_no_domain_boundaries,,True,False
9M33,A,VI-D,ternary_tr1,482,483,Y,367.0,Y,483.0,,TYR,True,2049,2050,four_layer_exact,high,0.9945054945054944,0.773972602739726,0.6761898808828565,0.0054945054945054,Y,F;Y,matches_consensus,True,False,,0.02599719285288179,buried_core,False,False,False,False,18.360893401142274,True,True,unassigned_manual_review,,not_annotated_no_domain_boundaries,,True,False
9M33,A,VI-D,ternary_tr1,483,484,A,368.0,A,484.0,,ALA,True,2050,2051,four_layer_exact,high,0.0219780219780219,0.25,1.3862943611198906,0.978021978021978,A,A;N;P;S,matches_consensus,False,False,,0.29217766332896855,surface,False,False,False,False,21.356279580832794,True,False,unassigned_manual_review,,not_annotated_no_domain_boundaries,,False,False
9M33,A,VI-D,ternary_tr1,484,485,D,369.0,D,485.0,,ASP,True,2051,2052,four_layer_exact,high,0.9945054945054944,0.2157534246575342,2.177386161055365,0.0054945054945054,K,A;E;K;R;S,differs_from_consensus,True,True,scaffold_differs_from_msa_consensus,0.560191612755789,surface,False,False,False,False,21.952467390633146,True,False,unassigned_manual_review,,not_annotated_no_domain_boundaries,,True,False
9M33,A,VI-D,ternary_tr1,485,486,F,370.0,F,486.0,,PHE,True,2052,2053,four_layer_exact,high,0.9945054945054944,0.3698630136986301,1.7387501761397035,0.0054945054945054,F,F;I;L;M;V,matches_consensus,True,False,,0.09057211620299374,buried_core,False,False,False,False,18.093421871917503,True,True,unassigned_manual_review,,not_annotated_no_domain_boundaries,,True,False
9M33,A,VI-D,ternary_tr1,486,487,F,371.0,F,487.0,,PHE,True,2053,2054,four_layer_exact,high,1.0,0.8979591836734694,0.4030262359021584,0.0,F,F;L,matches_consensus,True,False,,0.06200896523606557,buried_core,False,False,False,False,14.161164987355688,True,True,unassigned_manual_review,,not_annotated_no_domain_boundaries,,True,False
9M33,A,VI-D,ternary_tr1,487,488,N,372.0,N,488.0,,ASN,True,2054,2055,four_layer_exact,high,0.0604395604395604,0.5454545454545454,1.294545165844896,0.9395604395604396,N,G;K;L;N;R,matches_consensus,False,False,,0.29374464853107995,surface,False,False,False,False,16.946648343866638,True,False,unassigned_manual_review,,not_annotated_no_domain_boundaries,,False,False
9M33,A,VI-D,ternary_tr1,488,489,M,373.0,M,489.0,,MET,True,2055,2056,four_layer_exact,high,0.0549450549450549,0.1,2.302585092994045,0.945054945054945,A,A;D;K;M;N;Q;R;S;V;Y,differs_from_consensus,False,True,scaffold_differs_from_msa_consensus,0.2072020604714504,surface,False,False,False,False,13.950840033089435,True,False,unassigned_manual_review,,not_annotated_no_domain_boundaries,,False,False
9M33,A,VI-D,ternary_tr1,489,490,T,374.0,T,490.0,,THR,True,2077,2078,four_layer_exact,high,0.9725274725274724,0.323943661971831,2.0774301339406964,0.0274725274725274,N,A;D;E;K;N;S,differs_from_consensus,True,True,scaffold_differs_from_msa_consensus,0.5552746750146392,surface,False,False,False,False,18.027199911432813,True,False,unassigned_manual_review,,not_annotated_no_domain_boundaries,,True,False
9M33,A,VI-D,ternary_tr1,490,491,N,375.0,N,491.0,,ASN,True,2094,2095,four_layer_exact,high,1.0,0.2244897959183673,2.406589494979646,0.0,N,D;E;K;N;Q;R;S,matches_consensus,True,False,,0.23946108518043344,surface,False,False,False,False,16.978033044826777,True,False,unassigned_manual_review,,not_annotated_no_domain_boundaries,,True,False
9M33,A,VI-D,ternary_tr1,491,492,C,376.0,C,492.0,,CYS,True,2095,2096,four_layer_exact,high,1.0,0.6326530612244898,1.2508471240780406,0.0,S,A;C;S,differs_from_consensus,True,True,scaffold_differs_from_msa_consensus,0.0,buried_core,False,False,False,False,13.393671309105601,True,True,unassigned_manual_review,,not_annotated_no_domain_boundaries,,True,False
9M33,A,VI-D,ternary_tr1,492,493,R,377.0,R,493.0,,ARG,True,2096,2097,four_layer_exact,high,1.0,0.2108843537414966,2.222595186472575,0.0,G,A;D;E;G;K;R;S,differs_from_consensus,True,True,scaffold_differs_from_msa_consensus,0.40870185018677935,surface,False,False,False,False,13.835636636110578,True,False,unassigned_manual_review,,not_annotated_no_domain_boundaries,,True,False
9M33,A,VI-D,ternary_tr1,493,494,Y,378.0,Y,494.0,,TYR,True,2097,2098,four_layer_exact,high,1.0,0.27437641723356,2.271048763197599,0.0,K,D;E;K;N;Q;R;T,differs_from_consensus,True,True,scaffold_differs_from_msa_consensus,0.5888880310209574,surface,False,False,False,False,16.424194619218046,True,False,unassigned_manual_review,,not_annotated_no_domain_boundaries,,True,False
9M33,A,VI-D,ternary_tr1,494,495,T,379.0,T,495.0,,THR,True,2098,2099,four_layer_exact,high,1.0,0.5782312925170068,1.424677957899505,0.0,I,I;V;Y,differs_from_consensus,True,True,scaffold_differs_from_msa_consensus,0.026501014419798106,buried_core,False,False,False,False,14.135258458990767,True,True,unassigned_manual_review,,not_annotated_no_domain_boundaries,,True,False
9M33,A,VI-D,ternary_tr1,495,496,L,380.0,L,496.0,,LEU,True,2099,2100,four_layer_exact,high,1.0,0.5238095238095238,1.6623759917322187,0.0,A,A;C;S;V,differs_from_consensus,True,True,scaffold_differs_from_msa_consensus,0.07810530750506922,buried_core,False,False,False,False,9.31326107623538,True,True,unassigned_manual_review,,not_annotated_no_domain_boundaries,,True,False
9M33,A,VI-D,ternary_tr1,496,497,E,381.0,E,497.0,,GLU,True,2104,2105,four_layer_exact,high,0.989010989010989,0.2068965517241379,2.340981317019028,0.0109890109890109,E,A;D;E;K;N;R;S,matches_consensus,True,False,,0.2878348039250929,surface,False,False,False,False,13.17875480383964,True,False,unassigned_manual_review,,not_annotated_no_domain_boundaries,,True,False
9M33,A,VI-D,ternary_tr1,497,498,E,382.0,E,498.0,,GLU,True,2105,2106,four_layer_exact,high,0.9945054945054944,0.5273972602739726,1.5192846228609018,0.0054945054945054,E,D;E;Q,matches_consensus,True,False,,0.10753635024803335,buried_core,False,False,False,False,14.856712928276252,True,True,unassigned_manual_review,,not_annotated_no_domain_boundaries,,True,False
9M33,A,VI-D,ternary_tr1,498,499,L,383.0,L,499.0,,LEU,True,2106,2107,four_layer_exact,high,0.9945054945054944,0.821917808219178,0.5918675357263076,0.0054945054945054,L,I;L,matches_consensus,True,False,,0.0060081005773130166,buried_core,False,False,False,False,11.586773669145451,True,True,unassigned_manual_review,,not_annotated_no_domain_boundaries,,True,False
9M33,A,VI-D,ternary_tr1,499,500,R,384.0,R,500.0,,ARG,True,2107,2108,four_layer_exact,high,0.9945054945054944,0.5958904109589042,1.604710796645177,0.0054945054945054,R,K;N;R;T,matches_consensus,True,False,,0.15991192751036692,buried_core,False,True,False,False,6.623076883787749,True,True,unassigned_manual_review,,not_annotated_no_domain_boundaries,,True,False
9M33,A,VI-D,ternary_tr1,500,501,V,385.0,V,501.0,,VAL,True,2108,2109,four_layer_exact,high,1.0,0.2857142857142857,2.142879178549894,0.0,I,A;E;F;I;L;T;V,differs_from_consensus,True,True,scaffold_differs_from_msa_consensus,0.10332329913000891,buried_core,False,False,False,False,11.103781522173158,True,True,unassigned_manual_review,,not_annotated_no_domain_boundaries,,True,False
9M33,A,VI-D,ternary_tr1,501,502,I,386.0,I,502.0,,ILE,True,2109,2110,four_layer_exact,high,1.0,0.3673469387755102,1.332497444898705,0.0,I,I;L;V,matches_consensus,True,False,,0.0,buried_core,False,False,False,False,10.214788974973871,True,True,unassigned_manual_review,,not_annotated_no_domain_boundaries,,True,False
9M33,A,VI-D,ternary_tr1,502,503,N,387.0,N,503.0,,ASN,True,2110,2111,four_layer_exact,high,1.0,0.3877551020408163,1.5727945757315092,0.0,K,A;K;N,differs_from_consensus,True,True,scaffold_differs_from_msa_consensus,0.2953198914197845,surface,False,True,False,False,7.0879664847016395,True,False,unassigned_manual_review,,not_annotated_no_domain_boundaries,,True,False
9M33,A,VI-D,ternary_tr1,503,504,S,388.0,S,504.0,,SER,True,2111,2112,four_layer_exact,high,1.0,0.6394557823129252,1.1003041688611606,0.0,S,N;S,matches_consensus,True,False,,0.3779059502115005,surface,False,True,False,False,7.258125371863222,True,False,unassigned_manual_review,,not_annotated_no_domain_boundaries,,True,False
9M33,A,VI-D,ternary_tr1,504,505,I,389.0,I,505.0,,ILE,True,2112,2113,four_layer_exact,high,1.0,0.3945578231292517,1.3194395583553464,0.0,F,F;I;L;V,differs_from_consensus,True,True,scaffold_differs_from_msa_consensus,0.17502932164541027,buried_core,False,True,False,False,6.730573109520912,True,True,unassigned_manual_review,,not_annotated_no_domain_boundaries,,True,False
9M33,A,VI-D,ternary_tr1,505,506,A,390.0,A,506.0,,ALA,True,2113,2114,four_layer_exact,high,1.0,0.6530612244897959,1.19525362353663,0.0,A,A;G;S,matches_consensus,True,False,,0.600367025922596,surface,False,True,False,False,5.669884636757833,True,False,unassigned_manual_review,,not_annotated_no_domain_boundaries,,True,False
9M33,A,VI-D,ternary_tr1,506,507,R,391.0,R,507.0,,ARG,True,2114,2115,four_layer_exact,high,1.0,0.6122448979591837,1.2143778303437045,0.0,R,K;R,matches_consensus,True,False,,0.24866554312493014,surface,True,False,False,True,3.893126958117538,True,False,unassigned_manual_review,,not_annotated_no_domain_boundaries,,True,False
9M33,A,VI-D,ternary_tr1,507,508,M,392.0,M,508.0,,MET,True,2115,2116,four_layer_exact,high,1.0,0.8571428571428571,0.7113012067054002,0.0,M,M,matches_consensus,True,False,,0.5857652094261344,surface,False,True,False,False,5.95269232722322,True,False,unassigned_manual_review,,not_annotated_no_domain_boundaries,,True,False
9M33,A,VI-D,ternary_tr1,508,509,Q,393.0,Q,509.0,,GLN,True,2116,2117,four_layer_exact,high,0.9285714285714286,0.2164179104477611,2.2640765960078166,0.0714285714285714,K,C;D;E;G;K;Q;S;T,differs_from_consensus,True,True,scaffold_differs_from_msa_consensus,0.4676224641272646,surface,False,True,False,False,6.487206346986596,True,False,unassigned_manual_review,,not_annotated_no_domain_boundaries,,True,False
9M33,A,VI-D,ternary_tr1,509,510,K,394.0,K,510.0,,LYS,True,2122,2123,four_layer_exact,high,0.8516483516483516,0.6166666666666667,1.582507438135677,0.1483516483516483,K,K;R;S,matches_consensus,True,False,,0.5999769987012635,surface,False,True,False,False,7.027675143315305,True,False,unassigned_manual_review,,not_annotated_no_domain_boundaries,,True,False
9M33,A,VI-D,ternary_tr1,510,511,P,395.0,P,511.0,,PRO,True,2123,2124,four_layer_exact,high,0.8516483516483516,0.4166666666666667,2.1032142678567847,0.1483516483516483,P,A;E;K;P,matches_consensus,True,False,,0.09114175215395595,buried_core,False,False,False,False,8.162713689884136,True,True,unassigned_manual_review,,not_annotated_no_domain_boundaries,,True,False
9M33,A,VI-D,ternary_tr1,511,512,S,396.0,S,512.0,,SER,True,2130,2131,four_layer_exact,high,0.967032967032967,0.3687943262411347,2.103087712439381,0.0329670329670329,D,A;D;E;N;S,differs_from_consensus,True,True,scaffold_differs_from_msa_consensus,0.2646681956248223,surface,False,False,False,False,9.633175575325566,True,False,unassigned_manual_review,,not_annotated_no_domain_boundaries,,True,False
9M33,A,VI-D,ternary_tr1,512,513,A,397.0,A,513.0,,ALA,True,2131,2132,four_layer_exact,high,0.967032967032967,0.1631205673758865,2.427358468175039,0.0329670329670329,A,A;E;I;K;L;M;P;V,matches_consensus,True,False,,0.516713963121241,surface,False,False,False,False,10.331454292334554,True,False,unassigned_manual_review,,not_annotated_no_domain_boundaries,,True,False
9M33,A,VI-D,ternary_tr1,513,514,D,398.0,D,514.0,,ASP,True,2148,2149,four_layer_exact,high,0.9835164835164836,0.201171875,2.26356625908991,0.0164835164835165,N,A;D;K;N;S,differs_from_consensus,True,True,scaffold_differs_from_msa_consensus,0.4589444298266256,surface,False,False,False,False,13.343889277486713,True,False,unassigned_manual_review,,not_annotated_no_domain_boundaries,,True,False
9M33,A,VI-D,ternary_tr1,514,515,A,399.0,A,515.0,,ALA,True,2149,2150,four_layer_exact,high,0.9835164835164836,0.4375,1.9869221185386,0.0164835164835165,A,A;I;S;T;V,matches_consensus,True,False,,0.04469614493213326,buried_core,False,False,False,False,15.136234196992287,True,True,unassigned_manual_review,,not_annotated_no_domain_boundaries,,True,False
9M33,A,VI-D,ternary_tr1,515,516,R,400.0,R,516.0,,ARG,True,2150,2151,four_layer_exact,high,0.978021978021978,0.6153846153846154,1.5255126535790835,0.021978021978022,K,K;N;S,differs_from_consensus,True,True,scaffold_differs_from_msa_consensus,0.25810476782563946,surface,False,True,False,False,6.813722094766988,True,False,unassigned_manual_review,,not_annotated_no_domain_boundaries,,True,False
9M33,A,VI-D,ternary_tr1,516,517,K,401.0,K,517.0,,LYS,True,2151,2152,four_layer_exact,high,0.978021978021978,0.2867132867132867,2.146517873736677,0.021978021978022,R,A;E;K;R,differs_from_consensus,True,True,scaffold_differs_from_msa_consensus,0.5872150506323851,surface,False,False,False,False,15.108263745412414,True,False,unassigned_manual_review,,not_annotated_no_domain_boundaries,,True,False
9M33,A,VI-D,ternary_tr1,517,518,I,402.0,I,518.0,,ILE,True,2162,2163,four_layer_exact,high,0.9285714285714286,0.1703703703703703,2.5169221974396727,0.0714285714285714,V,A;E;I;P;Q;S;T;V,differs_from_consensus,True,True,scaffold_differs_from_msa_consensus,0.1532523116801924,buried_core,False,False,False,False,17.73598863613055,True,True,unassigned_manual_review,,not_annotated_no_domain_boundaries,,True,False
9M33,A,VI-D,ternary_tr1,518,519,M,403.0,M,519.0,,MET,True,2163,2164,four_layer_exact,high,0.9285714285714286,0.5259259259259259,1.3665553528949437,0.0714285714285714,M,L;M;V,matches_consensus,True,False,,0.027309416138705557,buried_core,False,False,False,False,13.719901803484863,True,True,unassigned_manual_review,,not_annotated_no_domain_boundaries,,True,False
9M33,A,VI-D,ternary_tr1,519,520,Y,404.0,Y,520.0,,TYR,True,2173,2174,four_layer_exact,high,0.9945054945054944,0.4383561643835616,1.4631933734396794,0.0054945054945054,Y,F;I;L;Y,matches_consensus,True,False,,0.20597456846505455,surface,False,False,False,False,10.532564800559168,True,False,unassigned_manual_review,,not_annotated_no_domain_boundaries,,True,False
9M33,A,VI-D,ternary_tr1,520,521,R,405.0,R,521.0,,ARG,True,2174,2175,four_layer_exact,high,0.9945054945054944,0.2397260273972602,2.3571543363396743,0.0054945054945054,R,E;I;K;L;R;V;Y,matches_consensus,True,False,,0.24613117217547947,surface,False,False,False,False,18.775315140987924,True,False,unassigned_manual_review,,not_annotated_no_domain_boundaries,,True,False
9M33,A,VI-D,ternary_tr1,521,522,D,406.0,D,522.0,,ASP,True,2175,2176,four_layer_exact,high,0.9945054945054944,0.7397260273972602,0.9231110752216588,0.0054945054945054,D,A;D;E,matches_consensus,True,False,,0.12980344626618734,buried_core,False,False,False,False,17.834238999878945,True,True,unassigned_manual_review,,not_annotated_no_domain_boundaries,,True,False
9M33,A,VI-D,ternary_tr1,522,523,A,407.0,A,523.0,,ALA,True,2177,2178,four_layer_exact,high,0.9945054945054944,0.958904109589041,0.2165598939777729,0.0054945054945054,A,A,matches_consensus,True,False,,0.043640569800527086,buried_core,False,False,False,False,14.812763698834003,True,True,unassigned_manual_review,,not_annotated_no_domain_boundaries,,True,False
9M33,A,VI-D,ternary_tr1,523,524,L,408.0,L,524.0,,LEU,True,2178,2179,four_layer_exact,high,0.9945054945054944,0.3356164383561644,1.774873005308953,0.0054945054945054,L,A;I;L;V,matches_consensus,True,False,,0.05407290519581715,buried_core,False,False,False,False,17.717466576300385,True,True,unassigned_manual_review,,not_annotated_no_domain_boundaries,,True,False
9M33,A,VI-D,ternary_tr1,524,525,R,409.0,R,525.0,,ARG,True,2179,2180,four_layer_exact,high,0.9945054945054944,0.1506849315068493,2.5423870286418477,0.0054945054945054,R,A;D;E;K;N;Q;R;T;Y,matches_consensus,True,False,,0.05188558115069304,buried_core,False,False,False,False,19.822586828740565,True,True,unassigned_manual_review,,not_annotated_no_domain_boundaries,,True,False
9M33,A,VI-D,ternary_tr1,525,526,I,410.0,I,526.0,,ILE,True,2180,2181,four_layer_exact,high,0.9945054945054944,0.4178082191780822,1.5684907183055476,0.0054945054945054,I,I;L;M;T;V,matches_consensus,True,False,,0.036780554803246185,buried_core,False,False,False,False,16.3172861084324,True,True,unassigned_manual_review,,not_annotated_no_domain_boundaries,,True,False
9M33,A,VI-D,ternary_tr1,526,527,L,411.0,L,527.0,,LEU,True,2181,2182,four_layer_exact,high,0.9945054945054944,0.8972602739726028,0.4286223933512616,0.0054945054945054,L,F;L,matches_consensus,True,False,,0.04205670404119111,buried_core,False,False,False,False,15.454203990352772,True,True,unassigned_manual_review,,not_annotated_no_domain_boundaries,,True,False
9M33,A,VI-D,ternary_tr1,527,528,G,412.0,G,528.0,,GLY,True,2183,2184,four_layer_exact,high,1.0,0.9183673469387756,0.4348760218906276,0.0,G,G,matches_consensus,True,False,,0.10450628792653122,buried_core,False,False,False,False,21.384881172378698,True,True,unassigned_manual_review,,not_annotated_no_domain_boundaries,,True,False
9M33,A,VI-D,ternary_tr1,528,529,M,413.0,M,529.0,,MET,True,2184,2185,four_layer_exact,high,0.9945054945054944,0.2168949771689497,2.362992330965375,0.0054945054945054,I,F;I;L;M;T;V;Y,differs_from_consensus,True,True,scaffold_differs_from_msa_consensus,0.06113062455000818,buried_core,False,False,False,False,23.737128455040498,True,True,unassigned_manual_review,,not_annotated_no_domain_boundaries,,True,False
9M33,A,VI-D,ternary_tr1,529,530,D,414.0,D,530.0,,ASP,True,2207,2208,four_layer_exact,high,0.6153846153846154,0.2294372294372294,2.3917285271214634,0.3846153846153846,D,D;E;G;K;N;P;R;S,matches_consensus,False,False,,0.3178523458835723,surface,False,False,False,False,25.06359036303499,True,False,unassigned_manual_review,,not_annotated_no_domain_boundaries,,False,False
9M33,A,VI-D,ternary_tr1,530,531,N,415.0,N,531.0,,ASN,True,2208,2209,four_layer_exact,high,0.4835164835164835,0.1481481481481481,2.435364438183984,0.5164835164835164,K,D;E;G;H;K;N;S;T;V,differs_from_consensus,False,True,scaffold_differs_from_msa_consensus,0.6258640285438063,surface,False,False,False,False,26.975881989797283,True,False,unassigned_manual_review,,not_annotated_no_domain_boundaries,,False,False
9M33,A,VI-D,ternary_tr1,531,532,R,416.0,R,532.0,,ARG,True,2210,2211,four_layer_exact,high,0.6868131868131868,0.2333333333333333,2.6046820032950757,0.3131868131868132,M,A;I;K;L;M;V;Y,differs_from_consensus,False,True,scaffold_differs_from_msa_consensus,0.3623852809009053,surface,False,False,False,False,28.388175388604928,True,False,unassigned_manual_review,,not_annotated_no_domain_boundaries,,False,False
9M33,A,VI-D,ternary_tr1,532,533,P,417.0,P,533.0,,PRO,True,2211,2212,four_layer_exact,high,0.7637362637362637,0.3272235576923077,2.2898809709004224,0.2362637362637363,S,D;E;Q;S;T;Y,differs_from_consensus,False,True,scaffold_differs_from_msa_consensus,0.5385381353805582,surface,False,False,False,False,28.73742075858945,True,False,unassigned_manual_review,,not_annotated_no_domain_boundaries,,False,False
9M33,A,VI-D,ternary_tr1,533,534,D,418.0,D,534.0,,ASP,True,2212,2213,four_layer_exact,high,0.8076923076923077,0.2767857142857143,2.211486572343379,0.1923076923076923,E,D;E;K;N;P;T,differs_from_consensus,True,True,scaffold_differs_from_msa_consensus,0.36504779237811963,surface,False,False,False,False,26.451331620004936,True,False,unassigned_manual_review,,not_annotated_no_domain_boundaries,,True,False
9M33,A,VI-D,ternary_tr1,534,535,E,419.0,E,535.0,,GLU,True,2213,2214,four_layer_exact,high,0.9285714285714286,0.3729011194029851,2.0063318134408825,0.0714285714285714,E,D;E;K;N;P;Q;S,matches_consensus,True,False,,0.5961098521560392,surface,False,False,False,False,26.973931317742462,True,False,unassigned_manual_review,,not_annotated_no_domain_boundaries,,True,False
9M33,A,VI-D,ternary_tr1,535,536,E,420.0,E,536.0,,GLU,True,2214,2215,four_layer_exact,high,0.9395604395604396,0.4068627450980391,1.9177663889166727,0.0604395604395604,E,A;D;E;N;Q,matches_consensus,True,False,,0.28610216626913015,surface,False,False,False,False,25.389177309452677,True,False,unassigned_manual_review,,not_annotated_no_domain_boundaries,,True,False
9M33,A,VI-D,ternary_tr1,536,537,I,421.0,I,537.0,,ILE,True,2215,2216,four_layer_exact,high,0.9395604395604396,0.2794117647058823,2.3270442032622807,0.0604395604395604,L,F;I;L;V;Y,differs_from_consensus,True,True,scaffold_differs_from_msa_consensus,0.0,buried_core,False,False,False,False,22.445629625705028,True,True,unassigned_manual_review,,not_annotated_no_domain_boundaries,,True,False
9M33,A,VI-D,ternary_tr1,537,538,D,422.0,D,538.0,,ASP,True,2216,2217,four_layer_exact,high,0.9505494505494504,0.2246376811594203,2.2562227947184934,0.0494505494505495,D,D;E;K;N;Q;S,matches_consensus,True,False,,0.3819275534281754,surface,False,False,False,False,21.88954749154951,True,False,unassigned_manual_review,,not_annotated_no_domain_boundaries,,True,False
9M33,A,VI-D,ternary_tr1,538,539,R,423.0,R,539.0,,ARG,True,2217,2218,four_layer_exact,high,0.934065934065934,0.2222222222222222,2.186511054381146,0.0659340659340659,E,A;D;E;K;N;Q;R;S,differs_from_consensus,True,True,scaffold_differs_from_msa_consensus,0.5488162404595535,surface,False,False,False,False,22.624179227260235,True,False,unassigned_manual_review,,not_annotated_no_domain_boundaries,,True,False
9M33,A,VI-D,ternary_tr1,539,540,E,424.0,E,540.0,,GLU,True,2218,2219,four_layer_exact,high,0.934065934065934,0.237037037037037,2.3975259230819947,0.0659340659340659,Y,A;E;F;I;K;L;M;Y,differs_from_consensus,True,True,scaffold_differs_from_msa_consensus,0.14116959315583175,buried_core,False,False,False,False,19.87403903380292,True,True,unassigned_manual_review,,not_annotated_no_domain_boundaries,,True,False
9M33,A,VI-D,ternary_tr1,540,541,L,425.0,L,541.0,,LEU,True,2231,2232,four_layer_exact,high,0.7362637362637363,0.32,1.7236461551685858,0.2637362637362637,L,A;F;I;L;V,matches_consensus,False,False,,0.17287999940897106,buried_core,False,False,False,False,17.76127094891448,True,True,unassigned_manual_review,,not_annotated_no_domain_boundaries,,False,False
9M33,A,VI-D,ternary_tr1,541,542,E,426.0,E,542.0,,GLU,True,2233,2234,four_layer_exact,high,0.9175824175824177,0.4552238805970149,1.84318765225062,0.0824175824175824,D,D;E;K;N;S,differs_from_consensus,True,True,scaffold_differs_from_msa_consensus,0.4359007423820721,surface,False,False,False,False,19.32428963589112,True,False,unassigned_manual_review,,not_annotated_no_domain_boundaries,,True,False
9M33,A,VI-D,ternary_tr1,542,543,R,427.0,R,543.0,,ARG,True,2234,2235,four_layer_exact,high,0.9065934065934066,0.2045454545454545,2.2742192318380194,0.0934065934065934,E,D;E;K;N;R,differs_from_consensus,True,True,scaffold_differs_from_msa_consensus,0.49497993665298023,surface,False,False,False,False,18.946299781421963,True,False,unassigned_manual_review,,not_annotated_no_domain_boundaries,,True,False
9M33,A,VI-D,ternary_tr1,543,544,T,428.0,T,544.0,,THR,True,2235,2236,four_layer_exact,high,0.9065934065934066,0.2575757575757575,2.1789406973992764,0.0934065934065934,I,F;I;L;M;V;W;Y,differs_from_consensus,True,True,scaffold_differs_from_msa_consensus,0.16206877405456732,buried_core,False,False,False,False,15.937660430367792,True,True,unassigned_manual_review,,not_annotated_no_domain_boundaries,,True,False
9M33,A,VI-D,ternary_tr1,544,545,M,429.0,M,545.0,,MET,True,2236,2237,four_layer_exact,high,0.8131868131868132,0.4221443965517241,1.6736390906316498,0.1868131868131868,L,F;I;L;V;Y,differs_from_consensus,True,True,scaffold_differs_from_msa_consensus,0.12035015096899507,buried_core,False,False,False,False,12.329425150668522,True,True,unassigned_manual_review,,not_annotated_no_domain_boundaries,,True,False
9M33,A,VI-D,ternary_tr1,545,546,P,430.0,P,546.0,,PRO,True,2237,2238,four_layer_exact,high,0.7857142857142857,0.2252252252252252,2.5311921718650634,0.2142857142857143,E,A;C;E;G;K;N;Q;S,differs_from_consensus,False,True,scaffold_differs_from_msa_consensus,0.22699797037245464,surface,False,False,False,False,14.569118016974096,True,False,unassigned_manual_review,,not_annotated_no_domain_boundaries,,False,False
9M33,A,VI-D,ternary_tr1,546,547,V,431.0,V,547.0,,VAL,True,2277,2278,four_layer_exact,high,0.6648351648351648,0.2528735632183908,2.3446029804260986,0.3351648351648352,L,F;G;I;K;L;V;Y,differs_from_consensus,False,True,scaffold_differs_from_msa_consensus,0.3039392672439874,surface,False,False,False,False,15.935892170647667,True,False,unassigned_manual_review,,not_annotated_no_domain_boundaries,,False,False
9M33,A,VI-D,ternary_tr1,547,548,G,432.0,G,548.0,,GLY,True,2278,2279,four_layer_exact,high,0.7252747252747253,0.5612244897959183,1.5694452231864695,0.2747252747252747,D,D;E;K;N,differs_from_consensus,False,True,scaffold_differs_from_msa_consensus,0.5820626871303959,surface,False,False,False,False,17.85474558961819,True,False,unassigned_manual_review,,not_annotated_no_domain_boundaries,,False,False
9M33,A,VI-D,ternary_tr1,548,549,A,433.0,A,549.0,,ALA,True,2279,2280,four_layer_exact,high,0.7032967032967034,0.3052631578947368,2.146703934903305,0.2967032967032966,K,A;E;K;P;R;S;T,differs_from_consensus,False,True,scaffold_differs_from_msa_consensus,0.5239051417656024,surface,False,False,False,False,18.011992236922136,True,False,unassigned_manual_review,,not_annotated_no_domain_boundaries,,False,False
9M33,A,VI-D,ternary_tr1,549,550,D,434.0,D,550.0,,ASP,True,2280,2281,four_layer_exact,high,0.5659340659340659,0.2857142857142857,2.239330999190396,0.4340659340659341,N,A;D;E;G;K;N;S,differs_from_consensus,False,True,scaffold_differs_from_msa_consensus,0.7995369581068167,surface,False,False,False,False,17.40204111485926,True,False,unassigned_manual_review,,not_annotated_no_domain_boundaries,,False,False
9M33,A,VI-D,ternary_tr1,550,551,G,435.0,G,551.0,,GLY,True,2290,2291,four_layer_exact,high,0.6978021978021978,0.6344086021505376,1.383610521736433,0.3021978021978022,G,G;K;N;S,matches_consensus,False,False,,0.6291482736699663,surface,False,False,False,False,15.045993451414056,True,False,unassigned_manual_review,,not_annotated_no_domain_boundaries,,False,False
9M33,A,VI-D,ternary_tr1,551,552,K,436.0,K,552.0,,LYS,True,2291,2292,four_layer_exact,high,0.7362637362637363,0.4603125,1.7781822332535753,0.2637362637362637,K,D;E;K;N;T,matches_consensus,False,False,,0.5740528423605061,surface,False,False,False,False,11.269082229297025,True,False,unassigned_manual_review,,not_annotated_no_domain_boundaries,,False,False
9M33,A,VI-D,ternary_tr1,552,553,F,437.0,F,553.0,,PHE,True,2292,2293,four_layer_exact,high,0.7692307692307693,0.320754716981132,2.3879128042717594,0.2307692307692307,K,E;K;P;T,differs_from_consensus,False,True,scaffold_differs_from_msa_consensus,0.5322696760419617,surface,False,False,False,False,9.975874786357174,True,False,unassigned_manual_review,,not_annotated_no_domain_boundaries,,False,False
9M33,A,VI-D,ternary_tr1,553,554,I,438.0,I,554.0,,ILE,True,2293,2294,four_layer_exact,high,0.412087912087912,0.273972602739726,2.253269814704581,0.5879120879120879,I,I;K;L;R;S;T;V,matches_consensus,False,False,,0.3664231196875156,surface,False,False,False,False,9.818749163050898,True,False,unassigned_manual_review,,not_annotated_no_domain_boundaries,,False,False
9M33,A,VI-D,ternary_tr1,554,555,K,439.0,K,555.0,,LYS,True,2294,2295,four_layer_exact,high,0.3186813186813186,0.2982456140350877,2.257030525296559,0.6813186813186813,K,K;L;N;P;S;T,matches_consensus,False,False,,0.7650430923795096,surface,False,False,False,False,8.486917918738301,True,False,unassigned_manual_review,,not_annotated_no_domain_boundaries,,False,False
9M33,A,VI-D,ternary_tr1,555,556,G,440.0,G,556.0,,GLY,True,2340,2341,four_layer_exact,high,0.4725274725274725,0.1764705882352941,2.571291527024937,0.5274725274725275,K,A;E;G;I;K;T;V,differs_from_consensus,False,True,scaffold_differs_from_msa_consensus,0.6970516239285496,surface,False,True,False,False,7.338464710376419,True,False,unassigned_manual_review,,not_annotated_no_domain_boundaries,,False,False
9M33,A,VI-D,ternary_tr1,556,557,K,441.0,K,557.0,,LYS,True,2341,2342,four_layer_exact,high,0.6648351648351648,0.3193277310924369,2.1855023061773924,0.3351648351648352,D,D;K;N;V,differs_from_consensus,False,True,scaffold_differs_from_msa_consensus,0.6162550811648393,surface,False,False,False,False,8.709923658303623,True,False,unassigned_manual_review,,not_annotated_no_domain_boundaries,,False,False
9M33,A,VI-D,ternary_tr1,557,558,Q,442.0,Q,558.0,,GLN,True,2342,2343,four_layer_exact,high,0.989010989010989,0.2549568965517241,2.044704689199091,0.0109890109890109,N,H;K;N;R;T,differs_from_consensus,True,True,scaffold_differs_from_msa_consensus,0.198973175631496,buried_core,False,True,False,False,7.07020982465562,True,True,unassigned_manual_review,,not_annotated_no_domain_boundaries,,True,False
9M33,A,VI-D,ternary_tr1,558,559,G,443.0,G,559.0,,GLY,True,2343,2344,four_layer_exact,high,0.9945054945054944,0.3287671232876712,2.0693192496989004,0.0054945054945054,G,D;G;K;N;P,matches_consensus,True,False,,0.20838232403455767,surface,False,False,False,False,8.265495901331137,True,False,unassigned_manual_review,,not_annotated_no_domain_boundaries,,True,False
9M33,A,VI-D,ternary_tr1,559,560,F,444.0,F,560.0,,PHE,True,2344,2345,four_layer_exact,high,0.9945054945054944,0.4726027397260274,1.5759153766818643,0.0054945054945054,F,F;I;L;V,matches_consensus,True,False,,0.0493675105572856,buried_core,False,False,False,False,10.289867377134705,True,True,unassigned_manual_review,,not_annotated_no_domain_boundaries,,True,False
9M33,A,VI-D,ternary_tr1,560,561,R,445.0,R,561.0,,ARG,True,2345,2346,four_layer_exact,high,0.9945054945054944,0.8835616438356164,0.506741600035178,0.0054945054945054,R,K;R,matches_consensus,True,False,,0.13745563977184116,buried_core,False,False,False,False,8.519850292084804,True,True,unassigned_manual_review,,not_annotated_no_domain_boundaries,,True,False
9M33,A,VI-D,ternary_tr1,561,562,N,446.0,N,562.0,,ASN,True,2352,2353,four_layer_exact,high,1.0,0.9047619047619048,0.4827964867853797,0.0,N,N,matches_consensus,True,False,,0.433960920718288,surface,True,False,True,False,4.01017620604206,True,False,unassigned_manual_review,,not_annotated_no_domain_boundaries,,True,False
9M33,A,VI-D,ternary_tr1,562,563,F,447.0,F,563.0,,PHE,True,2353,2354,four_layer_exact,high,1.0,0.9047619047619048,0.3994558080260597,0.0,F,F;Y,matches_consensus,True,False,,0.05487446067964071,buried_core,False,False,False,False,8.169846534965844,True,True,unassigned_manual_review,,not_annotated_no_domain_boundaries,,True,False
9M33,A,VI-D,ternary_tr1,563,564,I,448.0,I,564.0,,ILE,True,2354,2355,four_layer_exact,high,1.0,0.7755102040816326,0.7402808121349429,0.0,I,I;L,matches_consensus,True,False,,0.04904073973766158,buried_core,False,False,False,False,9.635773251192536,True,True,unassigned_manual_review,,not_annotated_no_domain_boundaries,,True,False
9M33,A,VI-D,ternary_tr1,564,565,A,449.0,A,565.0,,ALA,True,2355,2356,four_layer_exact,high,1.0,0.3333333333333333,1.8894836396114305,0.0,A,A;I,matches_consensus,True,False,,0.1404218855860368,buried_core,False,True,False,False,7.538652906681861,True,True,unassigned_manual_review,,not_annotated_no_domain_boundaries,,True,False
9M33,A,VI-D,ternary_tr1,565,566,S,450.0,S,566.0,,SER,True,2356,2357,four_layer_exact,high,1.0,0.7142857142857143,0.8897169537548101,0.0,N,K;N;S,differs_from_consensus,True,True,scaffold_differs_from_msa_consensus,0.3060285803514125,surface,True,False,False,True,4.54682066922878,True,False,unassigned_manual_review,,not_annotated_no_domain_boundaries,,True,False
9M33,A,VI-D,ternary_tr1,566,567,N,451.0,N,567.0,,ASN,True,2357,2358,four_layer_exact,high,1.0,0.91156462585034,0.4243103208457421,0.0,N,N,matches_consensus,True,False,,0.15171649903005985,buried_core,True,False,False,True,4.971469907207965,True,True,unassigned_manual_review,,not_annotated_no_domain_boundaries,,True,False
9M33,A,VI-D,ternary_tr1,567,568,V,452.0,V,568.0,,VAL,True,2358,2359,four_layer_exact,high,1.0,0.8503401360544217,0.4497918496700321,0.0,V,I;V,matches_consensus,True,False,,0.06246352841585774,buried_core,False,True,False,False,7.901606381260222,True,True,unassigned_manual_review,,not_annotated_no_domain_boundaries,,True,False
9M33,A,VI-D,ternary_tr1,568,569,I,453.0,I,569.0,,ILE,True,2359,2360,four_layer_exact,high,1.0,0.6802721088435374,0.9582240756813062,0.0,I,I;L;V,matches_consensus,True,False,,0.012260184934415394,buried_core,False,False,False,False,8.807511476656787,True,True,unassigned_manual_review,,not_annotated_no_domain_boundaries,,True,False
9M33,A,VI-D,ternary_tr1,569,570,E,454.0,E,570.0,,GLU,True,2360,2361,four_layer_exact,high,1.0,0.3333333333333333,1.8971449057834,0.0,E,D;E;K;N;S,matches_consensus,True,False,,0.3754612895992118,surface,True,False,False,True,4.9696723752987575,True,False,unassigned_manual_review,,not_annotated_no_domain_boundaries,,True,False
9M33,A,VI-D,ternary_tr1,570,571,S,455.0,S,571.0,,SER,True,2361,2362,four_layer_exact,high,1.0,0.8435374149659864,0.5213503309611086,0.0,S,N;S,matches_consensus,True,False,,0.19366933668071623,buried_core,False,True,False,False,6.215970702311049,True,True,unassigned_manual_review,,not_annotated_no_domain_boundaries,,True,False
9M33,A,VI-D,ternary_tr1,571,572,S,456.0,S,572.0,,SER,True,2362,2363,four_layer_exact,high,1.0,0.3537414965986394,1.8156290973535367,0.0,R,K;N;R;S;T,differs_from_consensus,True,True,scaffold_differs_from_msa_consensus,0.4935872558324805,surface,False,True,False,False,5.110018241727085,True,False,unassigned_manual_review,,not_annotated_no_domain_boundaries,,True,False
9M33,A,VI-D,ternary_tr1,572,573,R,457.0,R,573.0,,ARG,True,2363,2364,four_layer_exact,high,1.0,0.7619047619047619,0.9837272783521896,0.0,R,K;R;W,matches_consensus,True,False,,0.31231673273331556,surface,False,True,False,False,5.788410205842359,True,False,unassigned_manual_review,,not_annotated_no_domain_boundaries,,True,False
9M33,A,VI-D,ternary_tr1,573,574,F,458.0,F,574.0,,PHE,True,2364,2365,four_layer_exact,high,1.0,0.9659863945578232,0.1484282892171749,0.0,F,F,matches_consensus,True,False,,0.020127136933998604,buried_core,False,False,False,False,9.992290129117734,True,True,unassigned_manual_review,,not_annotated_no_domain_boundaries,,True,False
9M33,A,VI-D,ternary_tr1,574,575,H,459.0,H,575.0,,HIS,True,2365,2366,four_layer_exact,high,1.0,0.1766581632653061,2.459084966990156,0.0,K,F;H;I;K;N;Q;R,differs_from_consensus,True,True,scaffold_differs_from_msa_consensus,0.23690492141324085,surface,False,False,False,False,9.419498427091156,True,False,unassigned_manual_review,,not_annotated_no_domain_boundaries,,True,False
9M33,A,VI-D,ternary_tr1,575,576,Y,460.0,Y,576.0,,TYR,True,2367,2368,four_layer_exact,high,1.0,0.9727891156462584,0.1402106888660079,0.0,Y,Y,matches_consensus,True,False,,0.09488942900305589,buried_core,False,False,False,False,8.902015882389218,True,True,unassigned_manual_review,,not_annotated_no_domain_boundaries,,True,False
9M33,A,VI-D,ternary_tr1,576,577,L,461.0,L,577.0,,LEU,True,2368,2369,four_layer_exact,high,1.0,0.5714285714285714,1.0281281059418343,0.0,L,I;L;V,matches_consensus,True,False,,0.02936304422001187,buried_core,False,False,False,False,14.102086116265653,True,True,unassigned_manual_review,,not_annotated_no_domain_boundaries,,True,False
9M33,A,VI-D,ternary_tr1,577,578,V,462.0,V,578.0,,VAL,True,2369,2370,four_layer_exact,high,1.0,0.4353741496598639,1.4172898637728435,0.0,V,A;I;V,matches_consensus,True,False,,0.08552960722215941,buried_core,False,False,False,False,16.04279555365769,True,True,unassigned_manual_review,,not_annotated_no_domain_boundaries,,True,False
9M33,A,VI-D,ternary_tr1,578,579,R,463.0,R,579.0,,ARG,True,2370,2371,four_layer_exact,high,1.0,0.6394557823129252,0.811700257404049,0.0,R,K;R,matches_consensus,True,False,,0.08398600798374174,buried_core,False,False,False,False,12.879319655179088,True,True,unassigned_manual_review,,not_annotated_no_domain_boundaries,,True,False
9M33,A,VI-D,ternary_tr1,579,580,Y,464.0,Y,580.0,,TYR,True,2371,2372,four_layer_exact,high,1.0,0.8503401360544217,0.5452229666215684,0.0,Y,F;Y,matches_consensus,True,False,,0.020369943423245638,buried_core,False,False,False,False,11.522137171402173,True,True,unassigned_manual_review,,not_annotated_no_domain_boundaries,,True,False
9M33,A,VI-D,ternary_tr1,580,581,N,465.0,N,581.0,,ASN,True,2372,2373,four_layer_exact,high,1.0,0.1700680272108843,2.198069236424125,0.0,G,A;C;G;I;N;S;T;V,differs_from_consensus,True,True,scaffold_differs_from_msa_consensus,0.117823257524125,buried_core,False,False,False,False,17.656601259000762,True,True,unassigned_manual_review,,not_annotated_no_domain_boundaries,,True,False
9M33,A,VI-D,ternary_tr1,581,582,N,466.0,N,582.0,,ASN,True,2373,2374,four_layer_exact,high,1.0,0.5170068027210885,1.4482255672881177,0.0,N,D;K;N;R;S,matches_consensus,True,False,,0.27716889681855167,surface,False,False,False,False,21.114504915309887,True,False,unassigned_manual_review,,not_annotated_no_domain_boundaries,,True,False
9M33,A,VI-D,ternary_tr1,582,583,P,467.0,P,583.0,,PRO,True,2374,2375,four_layer_exact,high,1.0,0.7551020408163265,0.9980762056073184,0.0,P,A;P;T;V,matches_consensus,True,False,,0.1434513642313284,buried_core,False,False,False,False,20.14222771210151,True,True,unassigned_manual_review,,not_annotated_no_domain_boundaries,,True,False
9M33,A,VI-D,ternary_tr1,583,584,H,468.0,H,584.0,,HIS,True,2375,2376,four_layer_exact,high,1.0,0.3129251700680272,2.195610034589785,0.0,K,A;E;K;R;S;T,differs_from_consensus,True,True,scaffold_differs_from_msa_consensus,0.2807449492961854,surface,False,False,False,False,23.4366621051624,True,False,unassigned_manual_review,,not_annotated_no_domain_boundaries,,True,False
9M33,A,VI-D,ternary_tr1,584,585,K,469.0,K,585.0,,LYS,True,2376,2377,four_layer_exact,high,1.0,0.3401360544217687,2.29174671988634,0.0,K,D;E;K;N;S;T,matches_consensus,True,False,,0.4800271041318881,surface,False,False,False,False,23.67548551846887,True,False,unassigned_manual_review,,not_annotated_no_domain_boundaries,,True,False
9M33,A,VI-D,ternary_tr1,585,586,T,470.0,T,586.0,,THR,True,2377,2378,four_layer_exact,high,1.0,0.3537414965986394,1.688112846401972,0.0,V,A;C;I;L;V,differs_from_consensus,True,True,scaffold_differs_from_msa_consensus,0.013250507209899053,buried_core,False,False,False,False,19.113824870171605,True,True,unassigned_manual_review,,not_annotated_no_domain_boundaries,,True,False
9M33,A,VI-D,ternary_tr1,586,587,R,471.0,R,587.0,,ARG,True,2378,2379,four_layer_exact,high,1.0,0.5578231292517006,1.7049736224519816,0.0,R,H;K;R;S,matches_consensus,True,False,,0.22510047956168636,surface,False,False,False,False,21.581445798943417,True,False,unassigned_manual_review,,not_annotated_no_domain_boundaries,,True,False
9M33,A,VI-D,ternary_tr1,587,588,T,472.0,T,588.0,,THR,True,2379,2380,four_layer_exact,high,1.0,0.3356009070294784,2.0562657025875595,0.0,K,A;E;K;R,differs_from_consensus,True,True,scaffold_differs_from_msa_consensus,0.14838794171142072,buried_core,False,False,False,False,23.00336471366714,True,True,unassigned_manual_review,,not_annotated_no_domain_boundaries,,True,False
9M33,A,VI-D,ternary_tr1,588,589,L,473.0,L,589.0,,LEU,True,2380,2381,four_layer_exact,high,1.0,0.4693877551020408,1.471496016036716,0.0,L,F;I;L;V,matches_consensus,True,False,,0.03469368613077167,buried_core,False,False,False,False,17.633566636711695,True,True,unassigned_manual_review,,not_annotated_no_domain_boundaries,,True,False
9M33,A,VI-D,ternary_tr1,589,590,V,474.0,V,590.0,,VAL,True,2381,2382,four_layer_exact,high,1.0,0.4285714285714285,1.5186706172242754,0.0,A,A;I;M;V,differs_from_consensus,True,True,scaffold_differs_from_msa_consensus,0.020038594575531917,buried_core,False,False,False,False,18.297358104601855,True,True,unassigned_manual_review,,not_annotated_no_domain_boundaries,,True,False
9M33,A,VI-D,ternary_tr1,590,591,K,475.0,K,591.0,,LYS,True,2382,2383,four_layer_exact,high,0.9945054945054944,0.2716894977168949,2.093049613727429,0.0054945054945054,K,E;K;N;Q;R;S,matches_consensus,True,False,,0.609140119267122,surface,False,False,False,False,22.887081403032273,True,False,unassigned_manual_review,,not_annotated_no_domain_boundaries,,True,False
9M33,A,VI-D,ternary_tr1,591,592,N,476.0,N,592.0,,ASN,True,2388,2389,four_layer_exact,high,1.0,0.7959183673469388,0.8274555280008078,0.0,N,C;N,matches_consensus,True,False,,0.11829459308655282,buried_core,False,False,False,False,22.158840164932382,True,True,unassigned_manual_review,,not_annotated_no_domain_boundaries,,True,False
9M33,A,VI-D,ternary_tr1,592,593,P,477.0,P,593.0,,PRO,True,2389,2390,four_layer_exact,high,1.0,0.2874149659863945,2.0159987736505576,0.0,E,E;K;P;R;T,differs_from_consensus,True,True,scaffold_differs_from_msa_consensus,0.5073011413168044,surface,False,False,False,False,21.348218440009074,True,False,unassigned_manual_review,,not_annotated_no_domain_boundaries,,True,False
9M33,A,VI-D,ternary_tr1,593,594,N,478.0,N,594.0,,ASN,True,2390,2391,four_layer_exact,high,1.0,0.238095238095238,2.3303626812105,0.0,K,A;E;K;N;P;S;T,differs_from_consensus,True,True,scaffold_differs_from_msa_consensus,0.28572717519326635,surface,False,False,False,False,19.95419650608777,True,False,unassigned_manual_review,,not_annotated_no_domain_boundaries,,True,False
9M33,A,VI-D,ternary_tr1,594,595,V,479.0,V,595.0,,VAL,True,2391,2392,four_layer_exact,high,1.0,0.3469387755102041,1.4594640207736869,0.0,V,A;I;L;V,matches_consensus,True,False,,0.0069403920462064155,buried_core,False,False,False,False,17.295591053524603,True,True,unassigned_manual_review,,not_annotated_no_domain_boundaries,,True,False
9M33,A,VI-D,ternary_tr1,595,596,V,480.0,V,596.0,,VAL,True,2392,2393,four_layer_exact,high,1.0,0.6258503401360545,1.143334124932022,0.0,V,I;L;T;V,matches_consensus,True,False,,0.03470196023103208,buried_core,False,False,False,False,16.449138851655107,True,True,unassigned_manual_review,,not_annotated_no_domain_boundaries,,True,False
9M33,A,VI-D,ternary_tr1,596,597,K,481.0,K,597.0,,LYS,True,2393,2394,four_layer_exact,high,1.0,0.3265306122448979,1.9751902431035715,0.0,R,A;E;K;R;S,differs_from_consensus,True,True,scaffold_differs_from_msa_consensus,0.323428294870397,surface,False,False,False,False,16.273603117387232,True,False,unassigned_manual_review,,not_annotated_no_domain_boundaries,,True,False
9M33,A,VI-D,ternary_tr1,597,598,F,482.0,F,598.0,,PHE,True,2394,2395,four_layer_exact,high,1.0,0.7551020408163265,0.8150132857617806,0.0,F,F;L;Y,matches_consensus,True,False,,0.15997455794989507,buried_core,False,False,False,False,13.231512362245663,True,True,unassigned_manual_review,,not_annotated_no_domain_boundaries,,True,False
9M33,A,VI-D,ternary_tr1,598,599,V,483.0,V,599.0,,VAL,True,2395,2396,four_layer_exact,high,1.0,0.7278911564625851,0.8883088396536021,0.0,V,A;I;V,matches_consensus,True,False,,0.03235421554177008,buried_core,False,False,False,False,11.669415376577081,True,True,unassigned_manual_review,,not_annotated_no_domain_boundaries,,True,False
9M33,A,VI-D,ternary_tr1,599,600,L,484.0,L,600.0,,LEU,True,2396,2397,four_layer_exact,high,1.0,0.9455782312925172,0.2832196460072378,0.0,L,L,matches_consensus,True,False,,0.0060081005773130166,buried_core,False,False,False,False,11.40692002109742,True,True,unassigned_manual_review,,not_annotated_no_domain_boundaries,,True,False
9M33,A,VI-D,ternary_tr1,600,601,E,485.0,E,601.0,,GLU,True,2398,2399,four_layer_exact,high,0.9945054945054944,0.2602739726027397,2.153475989484622,0.0054945054945054,K,D;E;G;K;N;R;S,differs_from_consensus,True,True,scaffold_differs_from_msa_consensus,0.43922451923385125,surface,False,False,False,False,10.997046977825812,True,False,unassigned_manual_review,,not_annotated_no_domain_boundaries,,True,False
9M33,A,VI-D,ternary_tr1,601,602,G,486.0,G,602.0,,GLY,True,2407,2408,four_layer_exact,high,0.978021978021978,0.3076923076923077,2.03431797599515,0.021978021978022,R,D;E;G;K;R;S,differs_from_consensus,True,True,scaffold_differs_from_msa_consensus,0.6368240303360929,surface,False,True,False,False,7.653249065946259,True,False,unassigned_manual_review,,not_annotated_no_domain_boundaries,,True,False
9M33,A,VI-D,ternary_tr1,602,603,I,487.0,I,603.0,,ILE,True,2409,2410,four_layer_exact,high,0.9945054945054944,0.589041095890411,1.0731959757798548,0.0054945054945054,I,I;L;M,matches_consensus,True,False,,0.11508932853200009,buried_core,False,True,False,False,7.28629286535872,True,True,unassigned_manual_review,,not_annotated_no_domain_boundaries,,True,False
9M33,A,VI-D,ternary_tr1,603,604,P,488.0,P,604.0,,PRO,True,2431,2432,four_layer_exact,high,1.0,0.7959183673469388,0.9609288284265856,0.0,P,P,matches_consensus,True,False,,0.3493767165901645,surface,True,False,True,False,4.247573414594818,True,False,unassigned_manual_review,,not_annotated_no_domain_boundaries,,True,False
9M33,A,VI-D,ternary_tr1,604,605,E,489.0,E,605.0,,GLU,True,2432,2433,four_layer_exact,high,1.0,0.4081632653061224,1.6881584280251571,0.0,D,D;E;K;P,differs_from_consensus,True,True,scaffold_differs_from_msa_consensus,0.5615378506470541,surface,False,True,False,False,7.126536081754556,True,False,unassigned_manual_review,,not_annotated_no_domain_boundaries,,True,False
9M33,A,VI-D,ternary_tr1,605,606,T,490.0,T,606.0,,THR,True,2433,2434,four_layer_exact,high,1.0,0.2653061224489796,1.973315842127645,0.0,T,A;E;K;N;S;T,matches_consensus,True,False,,0.42153714881161597,surface,True,False,True,False,4.10663976044511,True,False,unassigned_manual_review,,not_annotated_no_domain_boundaries,,True,False
9M33,A,VI-D,ternary_tr1,606,607,Q,491.0,Q,607.0,,GLN,True,2434,2435,four_layer_exact,high,1.0,0.8979591836734694,0.4879014008686823,0.0,Q,Q,matches_consensus,True,False,,0.15182945888734647,buried_core,True,False,True,False,3.312696309285182,True,True,unassigned_manual_review,,not_annotated_no_domain_boundaries,,True,False
9M33,A,VI-D,ternary_tr1,607,608,I,492.0,I,608.0,,ILE,True,2435,2436,four_layer_exact,high,1.0,0.7891156462585034,0.6560502726420293,0.0,I,I;L,matches_consensus,True,False,,0.030650462336038485,buried_core,False,False,False,False,8.123021365304169,True,True,unassigned_manual_review,,not_annotated_no_domain_boundaries,,True,False
9M33,A,VI-D,ternary_tr1,608,609,K,493.0,K,609.0,,LYS,True,2436,2437,four_layer_exact,high,1.0,0.3605442176870748,2.145366358317453,0.0,D,D;E;K;L;R;T,differs_from_consensus,True,True,scaffold_differs_from_msa_consensus,0.45462573010762125,surface,False,False,False,False,9.550323163825936,True,False,unassigned_manual_review,,not_annotated_no_domain_boundaries,,True,False
9M33,A,VI-D,ternary_tr1,609,610,R,494.0,R,610.0,,ARG,True,2437,2438,four_layer_exact,high,1.0,0.7891156462585034,0.849897306138563,0.0,R,K;R;S,matches_consensus,True,False,,0.3845092936208141,surface,True,False,True,False,3.612350536925861,True,False,unassigned_manual_review,,not_annotated_no_domain_boundaries,,True,False
9M33,A,VI-D,ternary_tr1,610,611,Y,495.0,Y,611.0,,TYR,True,2438,2439,four_layer_exact,high,1.0,0.9659863945578232,0.1937405014692199,0.0,Y,Y,matches_consensus,True,False,,0.1942023160241199,buried_core,False,True,False,False,6.656721528935372,True,True,unassigned_manual_review,,not_annotated_no_domain_boundaries,,True,False
9M33,A,VI-D,ternary_tr1,611,612,F,496.0,F,612.0,,PHE,True,2439,2440,four_layer_exact,high,0.9945054945054944,0.6917808219178082,1.255111671604974,0.0054945054945054,Y,C;F;Y,differs_from_consensus,True,True,scaffold_differs_from_msa_consensus,0.04025427386799721,buried_core,False,False,False,False,11.747165922708096,True,True,unassigned_manual_review,,not_annotated_no_domain_boundaries,,True,False
9M33,A,VI-D,ternary_tr1,612,613,D,497.0,D,613.0,,ASP,True,2445,2446,four_layer_exact,high,0.9725274725274724,0.1974031690140845,2.4402951543493234,0.0274725274725274,K,D;E;K;N;R,differs_from_consensus,True,True,scaffold_differs_from_msa_consensus,0.45198174895607063,surface,False,False,False,False,11.519890505846243,True,False,unassigned_manual_review,,not_annotated_no_domain_boundaries,,True,False
9M33,A,VI-D,ternary_tr1,613,614,V,498.0,V,614.0,,VAL,True,2446,2447,four_layer_exact,high,0.9725274725274724,0.4859154929577465,1.7173684276155556,0.0274725274725274,S,A;S;T,differs_from_consensus,True,True,scaffold_differs_from_msa_consensus,0.3314708130701537,surface,False,False,False,False,9.662590964289727,True,False,unassigned_manual_review,,not_annotated_no_domain_boundaries,,True,False
9M33,A,VI-D,ternary_tr1,614,615,C,499.0,C,615.0,,CYS,True,2447,2448,four_layer_exact,high,0.978021978021978,0.4895104895104895,1.4922572554319866,0.021978021978022,C,C;I;L;V,matches_consensus,True,False,,0.021826657041218445,buried_core,False,False,False,False,12.22492751107802,True,True,unassigned_manual_review,,not_annotated_no_domain_boundaries,,True,False
9M33,A,VI-D,ternary_tr1,615,616,K,500.0,K,616.0,,LYS,True,2453,2454,four_layer_exact,high,0.8241758241758241,0.2260869565217391,2.5951530840494907,0.1758241758241758,T,F;G;I;K;N;S;T;V,differs_from_consensus,True,True,scaffold_differs_from_msa_consensus,0.16907588409822194,buried_core,False,False,False,False,15.623214848989265,True,True,unassigned_manual_review,,not_annotated_no_domain_boundaries,,True,False
9M33,A,VI-D,ternary_tr1,616,617,G,501.0,G,617.0,,GLY,True,2454,2455,four_layer_exact,high,0.8461538461538461,0.4369747899159664,2.046389148472396,0.1538461538461538,G,D;E;G,matches_consensus,True,False,,0.2699844852434464,surface,False,False,False,False,17.668258554316154,True,False,unassigned_manual_review,,not_annotated_no_domain_boundaries,,True,False
9M33,A,VI-D,ternary_tr1,617,618,Q,502.0,Q,618.0,,GLN,True,2456,2457,four_layer_exact,high,0.8186813186813187,0.175438596491228,2.448897424287677,0.1813186813186813,K,D;E;G;K;N;P;R;S,differs_from_consensus,True,True,scaffold_differs_from_msa_consensus,0.7330373363785053,surface,False,False,False,False,18.144459201092065,True,False,unassigned_manual_review,,not_annotated_no_domain_boundaries,,True,False
9M33,A,VI-D,ternary_tr1,618,619,E,503.0,E,619.0,,GLU,True,2457,2458,four_layer_exact,high,0.5439560439560439,0.2307692307692307,2.3437011529219887,0.4560439560439561,E,D;E;P;S;T,matches_consensus,False,False,,0.6991011771937534,surface,False,False,False,False,23.06177578309875,True,False,unassigned_manual_review,,not_annotated_no_domain_boundaries,,False,False
9M33,A,VI-D,ternary_tr1,619,620,I,504.0,I,620.0,,ILE,True,2458,2459,four_layer_exact,high,0.4835164835164835,0.1296296296296296,2.698480368890356,0.5164835164835164,E,A;E;I;L;N;P;S;T;V,differs_from_consensus,False,True,scaffold_differs_from_msa_consensus,0.28456744001134643,surface,False,False,False,False,20.275538102954087,True,False,unassigned_manual_review,,not_annotated_no_domain_boundaries,,False,False
9M33,A,VI-D,ternary_tr1,620,621,P,505.0,P,621.0,,PRO,True,2459,2460,four_layer_exact,high,0.4065934065934066,0.1904761904761904,2.5036877497927854,0.5934065934065934,Y,F;I;L;P;Y,differs_from_consensus,False,True,scaffold_differs_from_msa_consensus,0.529947400873206,surface,False,False,False,False,21.38397856404099,True,False,unassigned_manual_review,,not_annotated_no_domain_boundaries,,False,False
9M33,A,VI-D,ternary_tr1,621,622,P,506.0,P,622.0,,PRO,True,2460,2461,four_layer_exact,high,0.3626373626373626,0.2058823529411764,2.462566966920486,0.6373626373626373,D,A;C;D;E;N;P;S;T;Y,differs_from_consensus,False,True,scaffold_differs_from_msa_consensus,0.6638657108686601,surface,False,False,False,False,18.89668866656393,True,False,unassigned_manual_review,,not_annotated_no_domain_boundaries,,False,False
9M33,A,VI-D,ternary_tr1,622,623,T,507.0,T,623.0,,THR,True,2461,2462,four_layer_exact,high,0.3076923076923077,0.1666666666666666,2.469811713553478,0.6923076923076923,N,D;K;N;Q;R;S;T;V,differs_from_consensus,False,True,scaffold_differs_from_msa_consensus,0.34949597258685156,surface,False,False,False,False,17.58746980565319,True,False,unassigned_manual_review,,not_annotated_no_domain_boundaries,,False,False
9M33,A,VI-D,ternary_tr1,623,624,S,508.0,S,624.0,,SER,True,2462,2463,four_layer_exact,high,0.4065934065934066,0.2,2.308087143602468,0.5934065934065934,P,A;E;G;K;N;P;Q;S;T,differs_from_consensus,False,True,scaffold_differs_from_msa_consensus,0.7106846852997375,surface,False,False,False,False,16.63737814241797,True,False,unassigned_manual_review,,not_annotated_no_domain_boundaries,,False,False
9M33,A,VI-D,ternary_tr1,624,625,D,509.0,D,625.0,,ASP,True,2480,2481,four_layer_exact,high,0.6758241758241759,0.2416666666666666,2.3078159210303624,0.3241758241758241,S,D;G;K;N;P;S;T,differs_from_consensus,False,True,scaffold_differs_from_msa_consensus,0.4472503476429431,surface,False,False,False,False,17.47600971094749,True,False,unassigned_manual_review,,not_annotated_no_domain_boundaries,,False,False
9M33,A,VI-D,ternary_tr1,625,626,K,510.0,K,626.0,,LYS,True,2481,2482,four_layer_exact,high,0.7087912087912088,0.1269841269841269,2.698039359974811,0.2912087912087912,K,A;I;K;L;R;T;V;Y,matches_consensus,False,False,,0.264922787613926,surface,False,False,False,False,12.350432019533155,True,False,unassigned_manual_review,,not_annotated_no_domain_boundaries,,False,False
9M33,A,VI-D,ternary_tr1,626,627,S,511.0,S,627.0,,SER,True,2482,2483,four_layer_exact,high,0.8846153846153846,0.2887139107611548,2.144128212266124,0.1153846153846154,E,D;E;K;N;S,differs_from_consensus,True,True,scaffold_differs_from_msa_consensus,0.4268655030053494,surface,False,False,False,False,17.7334400198165,True,False,unassigned_manual_review,,not_annotated_no_domain_boundaries,,True,False
9M33,A,VI-D,ternary_tr1,627,628,A,512.0,A,628.0,,ALA,True,2483,2484,four_layer_exact,high,0.8901098901098901,0.3125,2.275687682037037,0.1098901098901099,E,A;D;E;K;R;T,differs_from_consensus,True,True,scaffold_differs_from_msa_consensus,0.27662147064564885,surface,False,False,False,False,19.324532941017015,True,False,unassigned_manual_review,,not_annotated_no_domain_boundaries,,True,False
9M33,A,VI-D,ternary_tr1,628,629,Q,513.0,Q,629.0,,GLN,True,2484,2485,four_layer_exact,high,0.9945054945054944,0.4535530821917808,1.8017100993145243,0.0054945054945054,K,K;M;Q,differs_from_consensus,True,True,scaffold_differs_from_msa_consensus,0.05307091073445837,buried_core,False,False,False,False,13.616400236577405,True,True,unassigned_manual_review,,not_annotated_no_domain_boundaries,,True,False
9M33,A,VI-D,ternary_tr1,629,630,I,514.0,I,630.0,,ILE,True,2485,2486,four_layer_exact,high,1.0,0.4693877551020408,1.4556105835935438,0.0,I,I;L;R;V,matches_consensus,True,False,,0.018390277401623092,buried_core,False,False,False,False,14.401301356604124,True,True,unassigned_manual_review,,not_annotated_no_domain_boundaries,,True,False
9M33,A,VI-D,ternary_tr1,630,631,D,515.0,D,631.0,,ASP,True,2486,2487,four_layer_exact,high,1.0,0.3199404761904761,2.0892302674309065,0.0,D,A;D;E;K;N;Q;S,matches_consensus,True,False,,0.34852522878500874,surface,False,False,False,False,19.458671474332906,True,False,unassigned_manual_review,,not_annotated_no_domain_boundaries,,True,False
9M33,A,VI-D,ternary_tr1,631,632,V,516.0,V,632.0,,VAL,True,2487,2488,four_layer_exact,high,1.0,0.1632653061224489,2.568249472168473,0.0,E,A;E;F;K;T;V;Y,differs_from_consensus,True,True,scaffold_differs_from_msa_consensus,0.2197448007893433,surface,False,False,False,False,19.051807679277225,True,False,unassigned_manual_review,,not_annotated_no_domain_boundaries,,True,False
9M33,A,VI-D,ternary_tr1,632,633,L,517.0,L,633.0,,LEU,True,2488,2489,four_layer_exact,high,1.0,0.9183673469387756,0.3629909419913447,0.0,L,I;L,matches_consensus,True,False,,0.01802430173193905,buried_core,False,False,False,False,13.275880510482754,True,True,unassigned_manual_review,,not_annotated_no_domain_boundaries,,True,False
9M33,A,VI-D,ternary_tr1,633,634,A,518.0,A,634.0,,ALA,True,2489,2490,four_layer_exact,high,1.0,0.3605442176870748,1.9231872361462825,0.0,A,A;I;S;T;V,matches_consensus,True,False,,0.17681214661070707,buried_core,False,False,False,False,18.58441499463878,True,True,unassigned_manual_review,,not_annotated_no_domain_boundaries,,True,False
9M33,A,VI-D,ternary_tr1,634,635,R,519.0,R,635.0,,ARG,True,2490,2491,four_layer_exact,high,1.0,0.2312925170068027,2.0818279240922206,0.0,E,D;E;G;K;N;R,differs_from_consensus,True,True,scaffold_differs_from_msa_consensus,0.5988040244714794,surface,False,False,False,False,21.00899207869617,True,False,unassigned_manual_review,,not_annotated_no_domain_boundaries,,True,False
9M33,A,VI-D,ternary_tr1,635,636,I,520.0,I,636.0,,ILE,True,2491,2492,four_layer_exact,high,1.0,0.1564625850340136,2.3943393928930647,0.0,I,A;E;I;K;L;M;Q;R,matches_consensus,True,False,,0.21317080800732321,surface,False,False,False,False,17.080698836636806,True,False,unassigned_manual_review,,not_annotated_no_domain_boundaries,,True,False
9M33,A,VI-D,ternary_tr1,636,637,I,521.0,I,637.0,,ILE,True,2492,2493,four_layer_exact,high,1.0,0.5238095238095238,0.9656212078672828,0.0,I,I;L,matches_consensus,True,False,,0.012260184934415394,buried_core,False,False,False,False,15.495674027924894,True,True,unassigned_manual_review,,not_annotated_no_domain_boundaries,,True,False
9M33,A,VI-D,ternary_tr1,637,638,S,522.0,S,638.0,,SER,True,2493,2494,four_layer_exact,high,1.0,0.2312925170068027,2.377059686067302,0.0,T,A;C;K;R;S;T;V,differs_from_consensus,True,True,scaffold_differs_from_msa_consensus,0.3605666288177313,surface,False,False,False,False,20.673822296430743,True,False,unassigned_manual_review,,not_annotated_no_domain_boundaries,,True,False
9M33,A,VI-D,ternary_tr1,638,639,S,523.0,S,639.0,,SER,True,2494,2495,four_layer_exact,high,1.0,0.2040816326530612,2.1812981957329782,0.0,G,D;E;G;K;N;Q;S,differs_from_consensus,True,True,scaffold_differs_from_msa_consensus,0.5197882196367781,surface,False,False,False,False,21.08415681634216,True,False,unassigned_manual_review,,not_annotated_no_domain_boundaries,,True,False
9M33,A,VI-D,ternary_tr1,639,640,V,524.0,V,640.0,,VAL,True,2495,2496,four_layer_exact,high,1.0,0.272108843537415,1.7179731267051934,0.0,F,F;I;L;M;V,differs_from_consensus,True,True,scaffold_differs_from_msa_consensus,0.03470196023103208,buried_core,False,False,False,False,17.459366026438744,True,True,unassigned_manual_review,,not_annotated_no_domain_boundaries,,True,False
9M33,A,VI-D,ternary_tr1,640,641,D,525.0,D,641.0,,ASP,True,2496,2497,four_layer_exact,high,1.0,0.4149659863945578,1.6454428118663162,0.0,S,D;K;N;S;T,differs_from_consensus,True,True,scaffold_differs_from_msa_consensus,0.2901870577563249,surface,False,False,False,False,18.80409224377447,True,False,unassigned_manual_review,,not_annotated_no_domain_boundaries,,True,False
9M33,A,VI-D,ternary_tr1,641,642,Y,526.0,Y,642.0,,TYR,True,2497,2498,four_layer_exact,high,1.0,0.54421768707483,1.4476296345672652,0.0,F,F;I;L;Y,differs_from_consensus,True,True,scaffold_differs_from_msa_consensus,0.05199438570576358,buried_core,False,False,False,False,18.19378731202428,True,True,unassigned_manual_review,,not_annotated_no_domain_boundaries,,True,False
9M33,A,VI-D,ternary_tr1,642,643,K,527.0,K,643.0,,LYS,True,2498,2499,four_layer_exact,high,1.0,0.2090419501133786,2.268596289705408,0.0,D,D;E;G;K;N;S,differs_from_consensus,True,True,scaffold_differs_from_msa_consensus,0.545117283095617,surface,False,False,False,False,19.430568945805945,True,False,unassigned_manual_review,,not_annotated_no_domain_boundaries,,True,False
9M33,A,VI-D,ternary_tr1,643,644,I,528.0,I,644.0,,ILE,True,2500,2501,four_layer_exact,high,0.967032967032967,0.2061170212765957,2.411003770316559,0.0329670329670329,D,D;E;K;N;Q;S;T,differs_from_consensus,True,True,scaffold_differs_from_msa_consensus,0.43523656517174647,surface,False,False,False,False,16.917291383725747,True,False,unassigned_manual_review,,not_annotated_no_domain_boundaries,,True,False
9M33,A,VI-D,ternary_tr1,644,645,F,529.0,F,645.0,,PHE,True,2502,2503,four_layer_exact,high,0.978021978021978,0.6083916083916084,1.3673360658753668,0.021978021978022,F,F;I;L,matches_consensus,True,False,,0.014527981067260639,buried_core,False,False,False,False,14.066940914325063,True,True,unassigned_manual_review,,not_annotated_no_domain_boundaries,,True,False
9M33,A,VI-D,ternary_tr1,645,646,E,530.0,E,646.0,,GLU,True,2503,2504,four_layer_exact,high,0.978021978021978,0.2447552447552447,2.345306231783017,0.021978021978022,E,E;I;K;L;R;S;T,matches_consensus,True,False,,0.3676836641633649,surface,False,False,False,False,15.136023526446193,True,False,unassigned_manual_review,,not_annotated_no_domain_boundaries,,True,False
9M33,A,VI-D,ternary_tr1,646,647,D,531.0,D,647.0,,ASP,True,2511,2512,four_layer_exact,high,0.9725274725274724,0.3544600938967135,1.8248594816385624,0.0274725274725274,D,D;G;K;N,matches_consensus,True,False,,0.4312791416993782,surface,False,False,False,False,13.319014364346026,True,False,unassigned_manual_review,,not_annotated_no_domain_boundaries,,True,False
9M33,A,VI-D,ternary_tr1,647,648,V,532.0,V,648.0,,VAL,True,2517,2518,four_layer_exact,high,0.9615384615384616,0.5928571428571429,1.110576939410738,0.0384615384615384,V,A;I;V,matches_consensus,True,False,,0.06968261945172399,buried_core,False,False,False,False,9.666600750173549,True,True,unassigned_manual_review,,not_annotated_no_domain_boundaries,,True,False
9M33,A,VI-D,ternary_tr1,648,649,P,533.0,P,649.0,,PRO,True,2526,2527,four_layer_exact,high,0.8956043956043956,0.2578125,2.3014362249240654,0.1043956043956043,K,D;E;G;K;N;Q;R,differs_from_consensus,True,True,scaffold_differs_from_msa_consensus,0.1569288362321173,buried_core,False,True,False,False,7.159183203225976,True,True,unassigned_manual_review,,not_annotated_no_domain_boundaries,,True,False
9M33,A,VI-D,ternary_tr1,649,650,Q,534.0,Q,650.0,,GLN,True,2527,2528,four_layer_exact,high,0.8846153846153846,0.4047619047619047,1.885689526112464,0.1153846153846154,Q,E;K;N;Q;T,matches_consensus,True,False,,0.49782481436503184,surface,False,True,False,False,6.548386881232489,True,False,unassigned_manual_review,,not_annotated_no_domain_boundaries,,True,False
9M33,A,VI-D,ternary_tr1,650,651,S,535.0,S,651.0,,SER,True,2528,2529,four_layer_exact,high,0.8846153846153846,0.1904761904761904,2.557731120816462,0.1153846153846154,K,A;K;L;M;N;S;V,differs_from_consensus,True,True,scaffold_differs_from_msa_consensus,0.682726699663476,surface,True,False,True,False,4.239970007804413,True,False,unassigned_manual_review,,not_annotated_no_domain_boundaries,,True,True
9M33,A,VI-D,ternary_tr1,651,652,A,,,,,,False,2532,2533,full_msa_only_unresolved_coordinate,medium,0.7802197802197802,0.1743119266055046,2.408228072180579,0.2197802197802197,A,A;D;E;K;N;Q;S;V,matches_consensus,False,True,unresolved_internal,,,,,,,,False,False,unassigned_manual_review,,not_annotated_no_domain_boundaries,,False,False
9M33,A,VI-D,ternary_tr1,652,653,K,,,,,,False,2533,2534,full_msa_only_unresolved_coordinate,medium,0.7582417582417582,0.2857142857142857,2.202028705278716,0.2417582417582418,K,D;E;K;N;R;S,matches_consensus,False,True,unresolved_internal,,,,,,,,False,False,unassigned_manual_review,,not_annotated_no_domain_boundaries,,False,False
9M33,A,VI-D,ternary_tr1,653,654,I,,,,,,False,2541,2542,full_msa_only_unresolved_coordinate,medium,0.3571428571428571,0.2666666666666666,2.268605285634966,0.6428571428571428,A,A;I;S;V,differs_from_consensus,False,True,unresolved_internal;scaffold_differs_from_msa_consensus,,,,,,,,False,False,unassigned_manual_review,,not_annotated_no_domain_boundaries,,False,False
9M33,A,VI-D,ternary_tr1,654,655,N,,,,,,False,2542,2543,full_msa_only_unresolved_coordinate,medium,0.510989010989011,0.3275862068965517,2.0233165659635355,0.489010989010989,N,E;F;G;K;N;Y,matches_consensus,False,True,unresolved_internal,,,,,,,,False,False,unassigned_manual_review,,not_annotated_no_domain_boundaries,,False,False
9M33,A,VI-D,ternary_tr1,655,656,K,,,,,,False,2543,2544,full_msa_only_unresolved_coordinate,medium,0.521978021978022,0.284375,2.1764025004460144,0.478021978021978,A,A;D;E;G;K;S;V,differs_from_consensus,False,True,unresolved_internal;scaffold_differs_from_msa_consensus,,,,,,,,False,False,unassigned_manual_review,,not_annotated_no_domain_boundaries,,False,False
9M33,A,VI-D,ternary_tr1,656,657,D,,,,,,False,2544,2545,full_msa_only_unresolved_coordinate,medium,0.521978021978022,0.25,2.1819940971853127,0.478021978021978,D,D;E;K;N;Q;R;S;T,matches_consensus,False,True,unresolved_internal,,,,,,,,False,False,unassigned_manual_review,,not_annotated_no_domain_boundaries,,False,False
9M33,A,VI-D,ternary_tr1,657,658,D,,,,,,False,2545,2546,full_msa_only_unresolved_coordinate,medium,0.0714285714285714,0.3846153846153846,1.5857708352080968,0.9285714285714286,R,D;E;K;R;T;V,differs_from_consensus,False,True,unresolved_internal;scaffold_differs_from_msa_consensus,,,,,,,,False,False,unassigned_manual_review,,not_annotated_no_domain_boundaries,,False,False
9M33,A,VI-D,ternary_tr1,658,659,P,,,,,,False,2546,2547,full_msa_only_unresolved_coordinate,medium,0.0714285714285714,0.4615384615384615,1.0123308391031731,0.9285714285714286,P,A;K;P,matches_consensus,False,True,unresolved_internal,,,,,,,,False,False,unassigned_manual_review,,not_annotated_no_domain_boundaries,,False,False
9M33,A,VI-D,ternary_tr1,659,660,S,,,,,,False,2547,2548,full_msa_only_unresolved_coordinate,medium,0.0549450549450549,0.3,1.6434177197931796,0.945054945054945,E,D;E;Q;R;S;T,differs_from_consensus,False,True,unresolved_internal;scaffold_differs_from_msa_consensus,,,,,,,,False,False,unassigned_manual_review,,not_annotated_no_domain_boundaries,,False,False
9M33,A,VI-D,ternary_tr1,660,661,R,,,,,,False,2548,2549,full_msa_only_unresolved_coordinate,medium,0.0659340659340659,0.3333333333333333,1.6326309271543522,0.934065934065934,R,A;C;K;N;R;S,matches_consensus,False,True,unresolved_internal,,,,,,,,False,False,unassigned_manual_review,,not_annotated_no_domain_boundaries,,False,False
9M33,A,VI-D,ternary_tr1,661,662,N,536.0,N,662.0,,ASN,True,2549,2550,four_layer_exact,high,0.0384615384615384,0.4285714285714285,1.277034259466139,0.9615384615384616,N,G;L;N;Y,matches_consensus,False,False,,0.8209446881757493,surface,False,False,False,False,10.364071743687477,True,False,unassigned_manual_review,,not_annotated_no_domain_boundaries,,False,True
9M33,A,VI-D,ternary_tr1,662,663,F,537.0,F,663.0,,PHE,True,2555,2556,four_layer_exact,high,0.8131868131868132,0.1739130434782608,2.3780661473668188,0.1868131868131868,S,A;G;K;P;Q;R;S;T,differs_from_consensus,True,True,scaffold_differs_from_msa_consensus,0.7850540542821249,surface,False,False,False,False,9.808045797256831,True,False,unassigned_manual_review,,not_annotated_no_domain_boundaries,,True,False
9M33,A,VI-D,ternary_tr1,663,664,S,538.0,S,664.0,,SER,True,2556,2557,four_layer_exact,high,0.8461538461538461,0.1652892561983471,2.420833704936432,0.1538461538461538,E,A;D;E;K;N;Q;R,differs_from_consensus,True,True,scaffold_differs_from_msa_consensus,0.4407789074762092,surface,False,False,False,False,12.36085876008362,True,False,unassigned_manual_review,,not_annotated_no_domain_boundaries,,True,False
9M33,A,VI-D,ternary_tr1,664,665,D,539.0,D,665.0,,ASP,True,2558,2559,four_layer_exact,high,0.9505494505494504,0.3405797101449275,2.130455423297098,0.0494505494505495,E,D;E;K;N;Q,differs_from_consensus,True,True,scaffold_differs_from_msa_consensus,0.34570306936579226,surface,False,False,False,False,9.95060314632647,True,False,unassigned_manual_review,,not_annotated_no_domain_boundaries,,True,False
9M33,A,VI-D,ternary_tr1,665,666,A,540.0,A,666.0,,ALA,True,2559,2560,four_layer_exact,high,0.9725274725274724,0.2957746478873239,2.3409547363578675,0.0274725274725274,N,A;G;I;K;N;Q;S,differs_from_consensus,True,True,scaffold_differs_from_msa_consensus,0.48822736473064854,surface,False,True,False,False,7.169362549293238,True,False,unassigned_manual_review,,not_annotated_no_domain_boundaries,,True,False
9M33,A,VI-D,ternary_tr1,666,667,L,541.0,L,667.0,,LEU,True,2560,2561,four_layer_exact,high,0.978021978021978,0.1958041958041958,2.514145033457609,0.021978021978022,E,A;E;I;K;L;Q;S;V,differs_from_consensus,True,True,scaffold_differs_from_msa_consensus,0.6261083499519943,surface,False,False,False,False,9.595130523193022,True,False,unassigned_manual_review,,not_annotated_no_domain_boundaries,,True,False
9M33,A,VI-D,ternary_tr1,667,668,K,542.0,K,668.0,,LYS,True,2561,2562,four_layer_exact,high,0.9835164835164836,0.3402777777777778,2.1743241749712787,0.0164835164835165,E,D;E;K;Q;R,differs_from_consensus,True,True,scaffold_differs_from_msa_consensus,0.40103894524734285,surface,False,False,False,False,10.853546557559675,True,False,unassigned_manual_review,,not_annotated_no_domain_boundaries,,True,False
9M33,A,VI-D,ternary_tr1,668,669,K,543.0,K,669.0,,LYS,True,2562,2563,four_layer_exact,high,0.989010989010989,0.6827586206896552,1.1966129281184084,0.0109890109890109,K,I;K;R,matches_consensus,True,False,,0.37169966470280086,surface,False,True,False,False,5.8940262062123,True,False,unassigned_manual_review,,not_annotated_no_domain_boundaries,,True,False
9M33,A,VI-D,ternary_tr1,669,670,Q,544.0,Q,670.0,,GLN,True,2563,2564,four_layer_exact,high,0.989010989010989,0.5655172413793104,1.6154148084290416,0.0109890109890109,E,A;E;Q;R,differs_from_consensus,True,True,scaffold_differs_from_msa_consensus,0.4294352744495254,surface,True,False,False,True,4.838994707479199,True,False,unassigned_manual_review,,not_annotated_no_domain_boundaries,,True,False
9M33,A,VI-D,ternary_tr1,670,671,R,545.0,R,671.0,,ARG,True,2564,2565,four_layer_exact,high,0.9945054945054944,0.4452054794520548,1.5924278725022518,0.0054945054945054,R,K;Q;R,matches_consensus,True,False,,0.32321255572129504,surface,False,False,False,False,10.018739947713447,True,False,unassigned_manual_review,,not_annotated_no_domain_boundaries,,True,False
9M33,A,VI-D,ternary_tr1,671,672,Y,546.0,Y,672.0,,TYR,True,2565,2566,four_layer_exact,high,1.0,0.2244897959183673,2.217077410589673,0.0,K,F;K;L;M;N;Y,differs_from_consensus,True,True,scaffold_differs_from_msa_consensus,0.07540281065033365,buried_core,False,False,False,False,10.063917562612337,True,True,unassigned_manual_review,,not_annotated_no_domain_boundaries,,True,False
9M33,A,VI-D,ternary_tr1,672,673,Q,547.0,Q,673.0,,GLN,True,2566,2567,four_layer_exact,high,1.0,0.5714285714285714,1.3168066800392395,0.0,K,K;Q,differs_from_consensus,True,True,scaffold_differs_from_msa_consensus,0.16428116835116663,buried_core,True,False,False,True,3.710636674654268,True,True,unassigned_manual_review,,not_annotated_no_domain_boundaries,,True,False
9M33,A,VI-D,ternary_tr1,673,674,A,548.0,A,674.0,,ALA,True,2567,2568,four_layer_exact,high,1.0,0.6585884353741497,1.2836432611857385,0.0,A,A;N;S,matches_consensus,True,False,,0.12169896750789855,buried_core,False,False,False,False,8.113412656562023,True,True,unassigned_manual_review,,not_annotated_no_domain_boundaries,,True,False
9M33,A,VI-D,ternary_tr1,674,675,I,549.0,I,675.0,,ILE,True,2568,2569,four_layer_exact,high,1.0,0.4081632653061224,1.4013609778265448,0.0,I,I;L;V,matches_consensus,True,False,,0.09195138700811546,buried_core,False,False,False,False,10.598421853435386,True,True,unassigned_manual_review,,not_annotated_no_domain_boundaries,,True,False
9M33,A,VI-D,ternary_tr1,675,676,V,550.0,V,676.0,,VAL,True,2569,2570,four_layer_exact,high,0.9945054945054944,0.5051194539249146,1.3480713694736552,0.0054945054945054,I,I;L;T;V,differs_from_consensus,True,True,scaffold_differs_from_msa_consensus,0.04858274432344491,buried_core,False,False,False,False,9.441400878025053,True,True,unassigned_manual_review,,not_annotated_no_domain_boundaries,,True,False
9M33,A,VI-D,ternary_tr1,676,677,S,551.0,S,677.0,,SER,True,2570,2571,four_layer_exact,high,0.9945054945054944,0.3583617747440273,1.628871656479298,0.0054945054945054,G,G;K;N;R;S;T,differs_from_consensus,True,True,scaffold_differs_from_msa_consensus,0.24316721657701254,surface,False,True,False,False,7.1196506632488195,True,False,unassigned_manual_review,,not_annotated_no_domain_boundaries,,True,False
9M33,A,VI-D,ternary_tr1,677,678,L,552.0,L,678.0,,LEU,True,2571,2572,four_layer_exact,high,0.9945054945054944,0.9726962457337884,0.1405949040578399,0.0054945054945054,L,L,matches_consensus,True,False,,0.04205670404119111,buried_core,False,False,False,False,10.00223805602827,True,True,unassigned_manual_review,,not_annotated_no_domain_boundaries,,True,False
9M33,A,VI-D,ternary_tr1,678,679,Y,553.0,Y,679.0,,TYR,True,2572,2573,four_layer_exact,high,0.9945054945054944,0.9931740614334472,0.040843717863401,0.0054945054945054,Y,Y,matches_consensus,True,False,,0.022958711331557344,buried_core,False,False,False,False,12.206167951364778,True,True,unassigned_manual_review,,not_annotated_no_domain_boundaries,,True,False
9M33,A,VI-D,ternary_tr1,679,680,L,554.0,L,680.0,,LEU,True,2573,2574,four_layer_exact,high,0.9945054945054944,0.8703071672354948,0.5659801064147093,0.0054945054945054,L,L,matches_consensus,True,False,,0.060081005773130164,buried_core,False,False,False,False,9.77036112015606,True,True,unassigned_manual_review,,not_annotated_no_domain_boundaries,,True,False
9M33,A,VI-D,ternary_tr1,680,681,T,555.0,T,681.0,,THR,True,2574,2575,four_layer_exact,high,0.9945054945054944,0.8464163822525598,0.682968501365504,0.0054945054945054,T,N;T,matches_consensus,True,False,,0.10996246442271555,buried_core,False,False,False,False,8.353232020045601,True,True,unassigned_manual_review,,not_annotated_no_domain_boundaries,,True,False
9M33,A,VI-D,ternary_tr1,681,682,V,556.0,V,682.0,,VAL,True,2575,2576,four_layer_exact,high,0.9945054945054944,0.7815699658703071,0.7252802535594597,0.0054945054945054,V,I;V,matches_consensus,True,False,,0.02082117613861925,buried_core,False,False,False,False,11.948717310562548,True,True,unassigned_manual_review,,not_annotated_no_domain_boundaries,,True,False
9M33,A,VI-D,ternary_tr1,682,683,M,557.0,M,683.0,,MET,True,2576,2577,four_layer_exact,high,0.9945054945054944,0.3583617747440273,1.7035115601036432,0.0054945054945054,L,A;I;L;M;V,differs_from_consensus,True,True,scaffold_differs_from_msa_consensus,0.0,buried_core,False,False,False,False,13.75769734270971,True,True,unassigned_manual_review,,not_annotated_no_domain_boundaries,,True,False
9M33,A,VI-D,ternary_tr1,683,684,Y,558.0,Y,684.0,,TYR,True,2577,2578,four_layer_exact,high,0.9945054945054944,0.9453924914675768,0.2324390042743155,0.0054945054945054,Y,Y,matches_consensus,True,False,,0.12895045710108427,buried_core,False,True,False,False,6.3147527903717515,True,True,unassigned_manual_review,,not_annotated_no_domain_boundaries,,True,False
9M33,A,VI-D,ternary_tr1,684,685,L,559.0,L,685.0,,LEU,True,2578,2579,four_layer_exact,high,0.9945054945054944,0.5802047781569966,1.3137402061419368,0.0054945054945054,L,I;L;Q,matches_consensus,True,False,,0.20427541962864254,surface,False,True,False,False,7.431442993938014,True,False,unassigned_manual_review,,not_annotated_no_domain_boundaries,,True,False
9M33,A,VI-D,ternary_tr1,685,686,I,560.0,I,686.0,,ILE,True,2579,2580,four_layer_exact,high,0.9945054945054944,0.3583617747440273,1.6765219583980584,0.0054945054945054,I,A;F;I;L;V,matches_consensus,True,False,,0.030650462336038485,buried_core,False,False,False,False,11.929462953664652,True,True,unassigned_manual_review,,not_annotated_no_domain_boundaries,,True,False
9M33,A,VI-D,ternary_tr1,686,687,T,561.0,T,687.0,,THR,True,2580,2581,four_layer_exact,high,0.9945054945054944,0.4163822525597269,1.7118747516697963,0.0054945054945054,V,I;L;T;V,differs_from_consensus,True,True,scaffold_differs_from_msa_consensus,0.013250507209899053,buried_core,False,False,False,False,10.780028222293172,True,True,unassigned_manual_review,,not_annotated_no_domain_boundaries,,True,False
9M33,A,VI-D,ternary_tr1,687,688,K,562.0,K,688.0,,LYS,True,2581,2582,four_layer_exact,high,0.9945054945054944,1.0,-0.0,0.0054945054945054,K,K,matches_consensus,True,False,,0.22910687420100972,surface,True,False,True,False,4.602227297061398,True,False,unassigned_manual_review,,not_annotated_no_domain_boundaries,,True,False
9M33,A,VI-D,ternary_tr1,688,689,N,563.0,N,689.0,,ASN,True,2582,2583,four_layer_exact,high,0.9945054945054944,0.7747440273037542,0.8187206589520368,0.0054945054945054,N,N;S,matches_consensus,True,False,,0.18538277254982147,buried_core,False,True,False,False,6.711324208563981,True,True,unassigned_manual_review,,not_annotated_no_domain_boundaries,,True,False
9M33,A,VI-D,ternary_tr1,689,690,L,564.0,L,690.0,,LEU,True,2583,2584,four_layer_exact,high,0.9945054945054944,0.7610921501706485,0.7497833821657893,0.0054945054945054,L,I;L;M,matches_consensus,True,False,,0.05407290519581715,buried_core,False,False,False,False,10.177915518469023,True,True,unassigned_manual_review,,not_annotated_no_domain_boundaries,,True,False
9M33,A,VI-D,ternary_tr1,690,691,V,565.0,V,691.0,,VAL,True,2584,2585,four_layer_exact,high,0.9945054945054944,0.8327645051194539,0.7317718664974477,0.0054945054945054,V,I;V,matches_consensus,True,False,,0.05474055480656399,buried_core,False,False,False,False,8.997914954049666,True,True,unassigned_manual_review,,not_annotated_no_domain_boundaries,,True,False
9M33,A,VI-D,ternary_tr1,691,692,Y,566.0,Y,692.0,,TYR,True,2585,2586,four_layer_exact,high,0.9945054945054944,0.3651877133105802,1.6138005399096629,0.0054945054945054,N,K;N;R;Y,differs_from_consensus,True,True,scaffold_differs_from_msa_consensus,0.2438120537275206,surface,True,False,True,False,2.287796054448347,True,False,unassigned_manual_review,,not_annotated_no_domain_boundaries,,True,False
9M33,A,VI-D,ternary_tr1,692,693,V,567.0,V,693.0,,VAL,True,2586,2587,four_layer_exact,high,0.9945054945054944,0.5358361774744027,1.0578935661054298,0.0054945054945054,V,A;I;V,matches_consensus,True,False,,0.027761568184825662,buried_core,False,False,False,False,8.050232099751948,True,True,unassigned_manual_review,,not_annotated_no_domain_boundaries,,True,False
9M33,A,VI-D,ternary_tr1,693,694,N,568.0,N,694.0,,ASN,True,2587,2588,four_layer_exact,high,0.9945054945054944,1.0,-0.0,0.0054945054945054,N,N,matches_consensus,True,False,,0.024187041286330032,buried_core,False,False,False,False,9.71268029794737,True,True,unassigned_manual_review,,not_annotated_no_domain_boundaries,,True,False
9M33,A,VI-D,ternary_tr1,694,695,S,569.0,S,695.0,,SER,True,2588,2589,four_layer_exact,high,0.9945054945054944,0.4436860068259385,1.204293998580746,0.0054945054945054,S,A;S;T,matches_consensus,True,False,,0.18174385096768939,buried_core,False,True,False,False,6.385394550586645,True,True,unassigned_manual_review,,not_annotated_no_domain_boundaries,,True,False
9M33,A,VI-D,ternary_tr1,695,696,R,570.0,R,696.0,,ARG,True,2589,2590,four_layer_exact,high,0.9945054945054944,0.8293515358361775,0.7967762206574318,0.0054945054945054,R,R,matches_consensus,True,False,,0.07035998046046006,buried_core,True,False,True,False,2.553519126971532,True,True,unassigned_manual_review,,not_annotated_no_domain_boundaries,,True,False
9M33,A,VI-D,ternary_tr1,696,697,Y,571.0,Y,697.0,,TYR,True,2590,2591,four_layer_exact,high,0.9945054945054944,0.8293515358361775,0.4569129468902394,0.0054945054945054,Y,F;Y,matches_consensus,True,False,,0.0,buried_core,False,True,False,False,7.8580563608278675,True,True,unassigned_manual_review,,not_annotated_no_domain_boundaries,,True,False
9M33,A,VI-D,ternary_tr1,697,698,V,572.0,V,698.0,,VAL,True,2591,2592,four_layer_exact,high,0.9945054945054944,0.310580204778157,1.930086470252553,0.0054945054945054,V,F;L;S;T;V,matches_consensus,True,False,,0.0878773519114214,buried_core,False,False,False,False,8.291375327760269,True,True,unassigned_manual_review,,not_annotated_no_domain_boundaries,,True,False
9M33,A,VI-D,ternary_tr1,698,699,I,573.0,I,699.0,,ILE,True,2592,2593,four_layer_exact,high,0.9945054945054944,0.5460750853242321,1.2426740662908782,0.0054945054945054,I,I;L;M,matches_consensus,True,False,,0.1777726815490232,buried_core,True,False,True,False,3.922665615045441,True,True,unassigned_manual_review,,not_annotated_no_domain_boundaries,,True,False
9M33,A,VI-D,ternary_tr1,699,700,A,574.0,A,700.0,,ALA,True,2593,2594,four_layer_exact,high,0.9945054945054944,0.8430034129692833,0.4810387504522502,0.0054945054945054,A,A;G,matches_consensus,True,False,,0.0,buried_core,False,True,False,False,6.164270513735305,True,True,unassigned_manual_review,,not_annotated_no_domain_boundaries,,True,False
9M33,A,VI-D,ternary_tr1,700,701,F,575.0,F,701.0,,PHE,True,2594,2595,four_layer_exact,high,0.9945054945054944,0.7474402730375427,0.9933917542404176,0.0054945054945054,F,F;I;Y,matches_consensus,True,False,,0.13862047200503694,buried_core,False,False,False,False,8.852603749235076,True,True,unassigned_manual_review,,not_annotated_no_domain_boundaries,,True,False
9M33,A,VI-D,ternary_tr1,701,702,H,576.0,H,702.0,,HIS,True,2595,2596,four_layer_exact,high,0.9945054945054944,0.4436860068259385,1.8268208765594285,0.0054945054945054,H,A;H;Q;S;Y,matches_consensus,True,False,,0.06265794347847213,buried_core,False,False,False,False,9.41941993086377,True,True,unassigned_manual_review,,not_annotated_no_domain_boundaries,,True,False
9M33,A,VI-D,ternary_tr1,702,703,C,577.0,C,703.0,,CYS,True,2596,2597,four_layer_exact,high,0.9945054945054944,0.5187713310580204,1.7740587079985133,0.0054945054945054,C,A;C;S,matches_consensus,True,False,,0.023116102112162508,buried_core,False,True,False,False,6.58258235314047,True,True,unassigned_manual_review,,not_annotated_no_domain_boundaries,,True,False
9M33,A,VI-D,ternary_tr1,703,704,L,578.0,L,704.0,,LEU,True,2597,2598,four_layer_exact,high,0.9945054945054944,0.5872440273037542,1.4647097106339533,0.0054945054945054,L,F;L;V;Y,matches_consensus,True,False,,0.012016201154626033,buried_core,False,False,False,False,10.544778459674246,True,True,unassigned_manual_review,,not_annotated_no_domain_boundaries,,True,False
9M33,A,VI-D,ternary_tr1,704,705,E,579.0,E,705.0,,GLU,True,2598,2599,four_layer_exact,high,0.9945054945054944,0.938566552901024,0.3149912403921044,0.0054945054945054,E,E,matches_consensus,True,False,,0.4530281420150663,surface,False,False,False,False,13.201240230971138,True,False,unassigned_manual_review,,not_annotated_no_domain_boundaries,,True,False
9M33,A,VI-D,ternary_tr1,705,706,R,580.0,R,706.0,,ARG,True,2599,2600,four_layer_exact,high,0.9945054945054944,0.9110494880546076,0.4445948802520189,0.0054945054945054,R,R,matches_consensus,True,False,,0.21637574934200302,surface,False,True,False,False,6.527474178088208,True,False,unassigned_manual_review,,not_annotated_no_domain_boundaries,,True,False
9M33,A,VI-D,ternary_tr1,706,707,D,581.0,D,707.0,,ASP,True,2600,2601,four_layer_exact,high,0.9945054945054944,0.9726962457337884,0.1630920840305657,0.0054945054945054,D,D,matches_consensus,True,False,,0.04441280928757391,buried_core,False,False,False,False,8.02936466250655,True,True,unassigned_manual_review,,not_annotated_no_domain_boundaries,,True,False
9M33,A,VI-D,ternary_tr1,707,708,A,582.0,A,708.0,,ALA,True,2602,2603,four_layer_exact,high,0.9835164835164836,0.2320501730103806,2.369872249098753,0.0164835164835165,A,A;R;S;T;Y,matches_consensus,True,False,,0.05405760397120238,buried_core,False,False,False,False,13.499217674147674,True,True,unassigned_manual_review,,not_annotated_no_domain_boundaries,,True,False
9M33,A,VI-D,ternary_tr1,708,709,F,583.0,F,709.0,,PHE,True,2603,2604,four_layer_exact,high,0.989010989010989,0.1580756013745704,2.5890123444313358,0.0109890109890109,A,A;E;K;L;Q;S;V;Y,differs_from_consensus,True,True,scaffold_differs_from_msa_consensus,0.693269126235213,surface,False,False,False,False,15.526108479952237,True,False,unassigned_manual_review,,not_annotated_no_domain_boundaries,,True,False
9M33,A,VI-D,ternary_tr1,709,710,L,584.0,L,710.0,,LEU,True,2604,2605,four_layer_exact,high,0.989010989010989,0.7353951890034365,1.0705526406580743,0.0109890109890109,L,F;I;L,matches_consensus,True,False,,0.19013781505269095,buried_core,False,False,False,False,12.276600676345414,True,True,unassigned_manual_review,,not_annotated_no_domain_boundaries,,True,False
9M33,A,VI-D,ternary_tr1,710,711,H,585.0,H,711.0,,HIS,True,2606,2607,four_layer_exact,high,0.912087912087912,0.4015151515151515,1.846238177005216,0.0879120879120879,Y,F;H;I;K;L;Y,differs_from_consensus,True,True,scaffold_differs_from_msa_consensus,0.20145726560527974,surface,False,False,False,False,11.392045718211381,True,False,unassigned_manual_review,,not_annotated_no_domain_boundaries,,True,False
9M33,A,VI-D,ternary_tr1,711,712,G,586.0,G,712.0,,GLY,True,2607,2608,four_layer_exact,high,0.7967032967032966,0.2072072072072072,2.42398740981,0.2032967032967033,G,D;E;G;K;L;N,matches_consensus,False,False,,0.6147376673374633,surface,False,False,False,False,17.903655191398112,True,False,unassigned_manual_review,,not_annotated_no_domain_boundaries,,False,False
9M33,A,VI-D,ternary_tr1,712,713,V,587.0,V,713.0,,VAL,True,2608,2609,four_layer_exact,high,0.6483516483516484,0.1058823529411764,2.708149798870757,0.3516483516483516,Q,D;E;I;K;L;N;Q;R;V,differs_from_consensus,False,True,scaffold_differs_from_msa_consensus,0.10713336492386599,buried_core,False,False,False,False,18.6865711696983,True,True,unassigned_manual_review,,not_annotated_no_domain_boundaries,,False,False
9M33,A,VI-D,ternary_tr1,713,714,T,588.0,T,714.0,,THR,True,2609,2610,four_layer_exact,high,0.5274725274725275,0.2539682539682539,2.3626466250137828,0.4725274725274725,K,E;K;Q;S,differs_from_consensus,False,True,scaffold_differs_from_msa_consensus,0.5880297236842033,surface,False,False,False,False,21.03635954116533,True,False,unassigned_manual_review,,not_annotated_no_domain_boundaries,,False,False
9M33,A,VI-D,ternary_tr1,714,715,L,589.0,L,715.0,,LEU,True,2610,2611,four_layer_exact,high,0.2197802197802197,0.2631578947368421,2.194862614954732,0.7802197802197802,L,F;I;L;M;P;T;V;W;Y,matches_consensus,False,False,,0.17960769663191228,buried_core,False,False,False,False,18.05922149197202,True,True,unassigned_manual_review,,not_annotated_no_domain_boundaries,,False,False
9M33,A,VI-D,ternary_tr1,715,716,P,590.0,P,716.0,,PRO,True,2611,2612,four_layer_exact,high,0.1648351648351648,0.3571428571428571,1.9960601285714927,0.8351648351648352,G,D;E;G;K;P;S;T,differs_from_consensus,False,True,scaffold_differs_from_msa_consensus,0.3645670086158238,surface,False,False,False,False,23.55100217385152,True,False,unassigned_manual_review,,not_annotated_no_domain_boundaries,,False,False
9M33,A,VI-D,ternary_tr1,716,717,K,591.0,K,717.0,,LYS,True,2613,2614,four_layer_exact,high,0.0879120879120879,0.2857142857142857,1.9459101490553132,0.912087912087912,L,G;K;L;M;P;Q;R;Y,differs_from_consensus,False,True,scaffold_differs_from_msa_consensus,0.5843624312555925,surface,False,False,False,False,24.810881503444556,True,False,unassigned_manual_review,,not_annotated_no_domain_boundaries,,False,False
9M33,A,VI-D,ternary_tr1,717,718,M,592.0,M,718.0,,MET,True,2614,2615,four_layer_exact,high,0.1428571428571428,0.2127659574468085,2.394110010788653,0.8571428571428572,S,A;E;K;N;P;S;T,differs_from_consensus,False,True,scaffold_differs_from_msa_consensus,0.41594641853633807,surface,False,False,False,False,27.99574256089788,True,False,unassigned_manual_review,,not_annotated_no_domain_boundaries,,False,False
9M33,A,VI-D,ternary_tr1,718,719,N,593.0,N,719.0,,ASN,True,2615,2616,four_layer_exact,high,0.7142857142857143,0.2898316062176165,2.073080346070501,0.2857142857142857,G,D;E;G;K;N;S,differs_from_consensus,False,True,scaffold_differs_from_msa_consensus,0.6440676730157671,surface,False,False,False,False,29.956810303025907,True,False,unassigned_manual_review,,not_annotated_no_domain_boundaries,,False,False
9M33,A,VI-D,ternary_tr1,719,720,K,594.0,K,720.0,,LYS,True,2617,2618,four_layer_exact,high,0.7472527472527473,0.224390243902439,2.4455305924756554,0.2527472527472527,K,D;E;I;K;L;Q;V,matches_consensus,False,False,,0.8371073940448753,surface,False,False,False,False,27.43729816294545,True,False,unassigned_manual_review,,not_annotated_no_domain_boundaries,,False,False
9M33,A,VI-D,ternary_tr1,720,721,K,595.0,K,721.0,,LYS,True,2618,2619,four_layer_exact,high,0.7967032967032966,0.2516816143497757,2.32476777145408,0.2032967032967033,K,A;E;K;N;S;T,matches_consensus,False,False,,0.25110776703809773,surface,False,False,False,False,24.872946765893463,True,False,unassigned_manual_review,,not_annotated_no_domain_boundaries,,False,False
9M33,A,VI-D,ternary_tr1,721,722,I,596.0,I,722.0,,ILE,True,2619,2620,four_layer_exact,high,0.7472527472527473,0.2610837438423645,2.1158077834497107,0.2527472527472527,L,F;G;I;L;V;Y,differs_from_consensus,False,True,scaffold_differs_from_msa_consensus,0.2433547199135474,surface,False,False,False,False,20.717049287056913,True,False,unassigned_manual_review,,not_annotated_no_domain_boundaries,,False,False
9M33,A,VI-D,ternary_tr1,722,723,V,597.0,V,723.0,,VAL,True,2669,2670,four_layer_exact,high,0.7417582417582418,0.4213550395020349,1.916716468223748,0.2582417582417582,D,D;E;K;N;S,differs_from_consensus,False,True,scaffold_differs_from_msa_consensus,0.18045019320136682,buried_core,False,False,False,False,20.50720444806436,True,True,unassigned_manual_review,,not_annotated_no_domain_boundaries,,False,False
9M33,A,VI-D,ternary_tr1,723,724,Y,598.0,Y,724.0,,TYR,True,2676,2677,four_layer_exact,high,0.7802197802197802,0.4653487843671893,2.1132506106780404,0.2197802197802197,Y,A;F;L;Y,matches_consensus,False,False,,0.15045615196730827,buried_core,False,False,False,False,16.516417543698772,True,True,unassigned_manual_review,,not_annotated_no_domain_boundaries,,False,False
9M33,A,VI-D,ternary_tr1,724,725,S,599.0,S,725.0,,SER,True,2677,2678,four_layer_exact,high,0.989010989010989,0.3024054982817869,2.309402011292449,0.0109890109890109,L,A;F;L;R;S;T,differs_from_consensus,True,True,scaffold_differs_from_msa_consensus,0.10380503143674616,buried_core,False,False,False,False,18.497021727718174,True,True,unassigned_manual_review,,not_annotated_no_domain_boundaries,,True,False
9M33,A,VI-D,ternary_tr1,725,726,Q,600.0,Q,726.0,,GLN,True,2678,2679,four_layer_exact,high,0.989010989010989,0.3230240549828179,2.3644001380882167,0.0109890109890109,A,A;E;G;K;S,differs_from_consensus,True,True,scaffold_differs_from_msa_consensus,0.2779196955748576,surface,False,False,False,False,19.003952375840687,True,False,unassigned_manual_review,,not_annotated_no_domain_boundaries,,True,False
9M33,A,VI-D,ternary_tr1,726,727,L,601.0,L,727.0,,LEU,True,2679,2680,four_layer_exact,high,0.9945054945054944,0.7098976109215017,1.1075423377193525,0.0054945054945054,L,F;I;L,matches_consensus,True,False,,0.0060081005773130166,buried_core,False,False,False,False,13.769519194401543,True,True,unassigned_manual_review,,not_annotated_no_domain_boundaries,,True,False
9M33,A,VI-D,ternary_tr1,727,728,T,602.0,T,728.0,,THR,True,2700,2701,four_layer_exact,high,0.989010989010989,0.5876288659793815,1.3628932113580754,0.0109890109890109,T,A;L;S;T;V,matches_consensus,True,False,,0.013250507209899053,buried_core,False,False,False,False,14.714434524839286,True,True,unassigned_manual_review,,not_annotated_no_domain_boundaries,,True,False
9M33,A,VI-D,ternary_tr1,728,729,T,603.0,T,729.0,,THR,True,2701,2702,four_layer_exact,high,0.989010989010989,0.2336769759450171,2.2404601917955667,0.0109890109890109,K,A;D;E;K;N;Q;R,differs_from_consensus,True,True,scaffold_differs_from_msa_consensus,0.32751234922203276,surface,False,False,False,False,17.838684198572626,True,False,unassigned_manual_review,,not_annotated_no_domain_boundaries,,True,False
9M33,A,VI-D,ternary_tr1,729,730,H,604.0,H,730.0,,HIS,True,2702,2703,four_layer_exact,high,0.9945054945054944,0.1575342465753424,2.5787273039239347,0.0054945054945054,Y,A;D;E;H;K;L;R;Y,differs_from_consensus,True,True,scaffold_differs_from_msa_consensus,0.35865706420376925,surface,False,False,False,False,17.678729333242675,True,False,unassigned_manual_review,,not_annotated_no_domain_boundaries,,True,False
9M33,A,VI-D,ternary_tr1,730,731,L,605.0,L,731.0,,LEU,True,2703,2704,four_layer_exact,high,0.989010989010989,0.4827586206896552,1.609178058533682,0.0109890109890109,F,F;L;Y,differs_from_consensus,True,True,scaffold_differs_from_msa_consensus,0.012016201154626033,buried_core,False,False,False,False,12.994972667403259,True,True,unassigned_manual_review,,not_annotated_no_domain_boundaries,,True,False
9M33,A,VI-D,ternary_tr1,731,732,L,606.0,L,732.0,,LEU,True,2704,2705,four_layer_exact,high,0.989010989010989,0.3862068965517241,1.8964710809938348,0.0109890109890109,L,I;L;M;V,matches_consensus,True,False,,0.10873424163652161,buried_core,False,False,False,False,12.962177172559596,True,True,unassigned_manual_review,,not_annotated_no_domain_boundaries,,True,False
9M33,A,VI-D,ternary_tr1,732,733,T,607.0,T,733.0,,THR,True,2707,2708,four_layer_exact,high,0.9835164835164836,0.2083333333333333,2.3561891361010985,0.0164835164835165,E,A;D;E;G;K;N;S,differs_from_consensus,True,True,scaffold_differs_from_msa_consensus,0.6984225132401665,surface,False,False,False,False,16.42626831457176,True,False,unassigned_manual_review,,not_annotated_no_domain_boundaries,,True,False
9M33,A,VI-D,ternary_tr1,733,734,D,608.0,D,734.0,,ASP,True,2708,2709,four_layer_exact,high,0.956043956043956,0.2078853046594982,2.396700478961797,0.0439560439560439,E,D;E;I;K;N;Q;R,differs_from_consensus,True,True,scaffold_differs_from_msa_consensus,0.3040197018199486,surface,False,False,False,False,14.34433666940311,True,False,unassigned_manual_review,,not_annotated_no_domain_boundaries,,True,False
9M33,A,VI-D,ternary_tr1,734,735,K,609.0,K,735.0,,LYS,True,2709,2710,four_layer_exact,high,0.7472527472527473,0.2641509433962264,2.2871581576111435,0.2527472527472527,D,D;E;G;K;N,differs_from_consensus,False,True,scaffold_differs_from_msa_consensus,0.6651936400811326,surface,False,False,False,False,12.709602982446299,True,False,unassigned_manual_review,,not_annotated_no_domain_boundaries,,False,False
9M33,A,VI-D,ternary_tr1,735,736,N,610.0,N,736.0,,ASN,True,2710,2711,four_layer_exact,high,0.7362637362637363,0.160919540229885,2.5745737144408176,0.2637362637362637,K,D;E;K;N;P;R;Y,differs_from_consensus,False,True,scaffold_differs_from_msa_consensus,0.39604830946061886,surface,False,False,False,False,10.920797430883537,True,False,unassigned_manual_review,,not_annotated_no_domain_boundaries,,False,False
9M33,A,VI-D,ternary_tr1,736,737,Y,611.0,Y,737.0,,TYR,True,2711,2712,four_layer_exact,high,0.7307692307692307,0.1698841698841698,2.61160149630466,0.2692307692307693,L,A;E;I;K;L;N;P;Q;S,differs_from_consensus,False,True,scaffold_differs_from_msa_consensus,0.013341615341423725,buried_core,False,False,False,False,9.175176127194652,True,True,unassigned_manual_review,,not_annotated_no_domain_boundaries,,False,False
9M33,A,VI-D,ternary_tr1,737,738,T,612.0,T,738.0,,THR,True,2772,2773,four_layer_exact,high,0.4725274725274725,0.3773584905660377,2.041816216533003,0.5274725274725275,A,A;L;S;T;V,differs_from_consensus,False,True,scaffold_differs_from_msa_consensus,0.11698355870201738,buried_core,False,False,False,False,9.16727723260817,True,True,unassigned_manual_review,,not_annotated_no_domain_boundaries,,False,False
9M33,A,VI-D,ternary_tr1,738,739,T,613.0,T,739.0,,THR,True,2773,2774,four_layer_exact,high,0.6318681318681318,0.147239263803681,2.588783200271536,0.3681318681318681,K,K;L;N;R;T,differs_from_consensus,False,True,scaffold_differs_from_msa_consensus,0.2627391380109069,surface,False,True,False,False,6.792406177090481,True,False,unassigned_manual_review,,not_annotated_no_domain_boundaries,,False,False
9M33,A,VI-D,ternary_tr1,739,740,Y,614.0,Y,740.0,,TYR,True,2774,2775,four_layer_exact,high,0.6373626373626373,0.2909090909090909,2.0103418791286254,0.3626373626373627,N,D;K;N;R;S,differs_from_consensus,False,True,scaffold_differs_from_msa_consensus,0.5694855547923868,surface,False,True,False,False,7.617219726008324,True,False,unassigned_manual_review,,not_annotated_no_domain_boundaries,,False,False
9M33,A,VI-D,ternary_tr1,740,741,G,615.0,G,741.0,,GLY,True,2775,2776,four_layer_exact,high,0.6373626373626373,0.2181818181818181,2.301561125909051,0.3626373626373627,R,A;E;G;K;R,differs_from_consensus,False,True,scaffold_differs_from_msa_consensus,0.02060498123197539,buried_core,False,True,False,False,5.704275738980742,True,True,unassigned_manual_review,,not_annotated_no_domain_boundaries,,False,False
9M33,A,VI-D,ternary_tr1,741,742,H,616.0,H,742.0,,HIS,True,2776,2777,four_layer_exact,high,0.6648351648351648,0.3085714285714285,2.1124356890593097,0.3351648351648352,Y,F;H;L;Y,differs_from_consensus,False,True,scaffold_differs_from_msa_consensus,0.07661267364624273,buried_core,True,False,True,False,4.486428439611439,True,True,unassigned_manual_review,,not_annotated_no_domain_boundaries,,False,False
9M33,A,VI-D,ternary_tr1,742,743,L,617.0,L,743.0,,LEU,True,2777,2778,four_layer_exact,high,0.6648351648351648,0.5828571428571429,1.5659919020608035,0.3351648351648352,L,F;I;K;L;R,matches_consensus,False,False,,0.0060081005773130166,buried_core,False,True,False,False,6.969931004084574,True,True,unassigned_manual_review,,not_annotated_no_domain_boundaries,,False,False
9M33,A,VI-D,ternary_tr1,743,744,K,618.0,K,744.0,,LYS,True,2778,2779,four_layer_exact,high,0.6593406593406593,0.3930635838150289,1.8599215232801665,0.3406593406593406,K,A;D;K;R,matches_consensus,False,False,,0.159198876537335,buried_core,True,False,True,False,2.3475707046684833,True,True,unassigned_manual_review,,not_annotated_no_domain_boundaries,,False,False
9M33,A,VI-D,ternary_tr1,744,745,N,619.0,N,745.0,,ASN,True,2779,2780,four_layer_exact,high,0.3571428571428571,0.28,1.990826886209467,0.6428571428571428,K,E;K;N;R;S,differs_from_consensus,False,True,scaffold_differs_from_msa_consensus,0.2319675972757755,surface,False,True,False,False,7.721890812632933,True,False,unassigned_manual_review,,not_annotated_no_domain_boundaries,,False,False
9M33,A,VI-D,ternary_tr1,745,746,Q,620.0,Q,746.0,,GLN,True,2780,2781,four_layer_exact,high,0.1758241758241758,0.15625,2.515381233729024,0.8241758241758241,V,C;G;H;I;K;N;Q;R;T;V,differs_from_consensus,False,True,scaffold_differs_from_msa_consensus,0.4091236073443719,surface,False,True,False,False,5.103794380098892,True,False,unassigned_manual_review,,not_annotated_no_domain_boundaries,,False,False
9M33,A,VI-D,ternary_tr1,746,747,K,621.0,K,747.0,,LYS,True,2781,2782,four_layer_exact,high,0.1373626373626373,0.24,2.171546030553766,0.8626373626373627,K,D;E;G;I;K;L;N;R,matches_consensus,False,False,,0.4283117500411531,surface,True,False,True,False,3.9630443638708774,True,False,unassigned_manual_review,,not_annotated_no_domain_boundaries,,False,False
9M33,A,VI-D,ternary_tr1,747,748,G,622.0,G,748.0,,GLY,True,2782,2783,four_layer_exact,high,0.1098901098901098,0.3,1.9172155185650603,0.8901098901098901,K,A;E;G;I;K;L;R;S;T,differs_from_consensus,False,True,scaffold_differs_from_msa_consensus,0.09403173469751615,buried_core,True,False,True,False,3.5035141570813026,True,True,unassigned_manual_review,,not_annotated_no_domain_boundaries,,False,False
9M33,A,VI-D,ternary_tr1,748,749,H,623.0,H,749.0,,HIS,True,2791,2792,four_layer_exact,high,0.9615384615384616,0.3487544483985765,2.0376508177228585,0.0384615384615384,N,K;N;Q;R,differs_from_consensus,True,True,scaffold_differs_from_msa_consensus,0.38888417841962747,surface,True,False,True,False,3.8787755029972972,True,False,unassigned_manual_review,,not_annotated_no_domain_boundaries,,True,False
9M33,A,VI-D,ternary_tr1,749,750,R,624.0,R,750.0,,ARG,True,2792,2793,four_layer_exact,high,0.9835164835164836,0.405997693194925,2.0801532475047324,0.0164835164835165,K,K;M;R;T,differs_from_consensus,True,True,scaffold_differs_from_msa_consensus,0.1717923760849146,buried_core,True,False,True,False,3.5849173808692645,True,True,unassigned_manual_review,,not_annotated_no_domain_boundaries,,True,False
9M33,A,VI-D,ternary_tr1,750,751,K,625.0,K,751.0,,LYS,True,2793,2794,four_layer_exact,high,0.9835164835164836,0.3598615916955017,1.445138951463459,0.0164835164835165,H,H;K;R;S,differs_from_consensus,True,True,scaffold_differs_from_msa_consensus,0.22503920392994142,surface,True,False,True,False,3.7063702678887736,True,False,unassigned_manual_review,,not_annotated_no_domain_boundaries,,True,False
9M33,A,VI-D,ternary_tr1,751,752,W,626.0,W,752.0,,TRP,True,2794,2795,four_layer_exact,high,0.9835164835164836,0.1799307958477508,2.322548022835267,0.0164835164835165,F,A;F;L;V;W;Y,differs_from_consensus,True,True,scaffold_differs_from_msa_consensus,0.14206722904817756,buried_core,True,False,True,False,4.177734123818942,True,True,unassigned_manual_review,,not_annotated_no_domain_boundaries,,True,False
9M33,A,VI-D,ternary_tr1,752,753,Y,627.0,Y,753.0,,TYR,True,2795,2796,four_layer_exact,high,0.9835164835164836,0.1453287197231834,2.612648747591606,0.0164835164835165,S,A;C;G;K;N;R;S;T;Y,differs_from_consensus,True,True,scaffold_differs_from_msa_consensus,0.12332320767144808,buried_core,False,True,False,False,7.3796227386628965,True,True,unassigned_manual_review,,not_annotated_no_domain_boundaries,,True,False
9M33,A,VI-D,ternary_tr1,753,754,V,628.0,V,754.0,,VAL,True,2796,2797,four_layer_exact,high,0.978021978021978,0.1672473867595819,2.5902126977516384,0.021978021978022,E,D;E;G;K;Q;R;S,differs_from_consensus,True,True,scaffold_differs_from_msa_consensus,0.3038120869069076,surface,False,True,False,False,5.013394812277754,True,False,unassigned_manual_review,,not_annotated_no_domain_boundaries,,True,False
9M33,A,VI-D,ternary_tr1,754,755,L,629.0,L,755.0,,LEU,True,2820,2821,four_layer_exact,high,0.967032967032967,0.4770318021201413,1.7914208502171265,0.0329670329670329,Y,C;I;L;Y,differs_from_consensus,True,True,scaffold_differs_from_msa_consensus,0.1441944138555124,buried_core,True,False,True,False,4.841076905005941,True,True,unassigned_manual_review,,not_annotated_no_domain_boundaries,,True,False
9M33,A,VI-D,ternary_tr1,755,756,V,630.0,V,756.0,,VAL,True,2821,2822,four_layer_exact,high,0.9615384615384616,0.3914590747330961,1.5504590116416832,0.0384615384615384,L,F;I;L;M;V,differs_from_consensus,True,True,scaffold_differs_from_msa_consensus,0.02082117613861925,buried_core,False,False,False,False,9.366077262127153,True,True,unassigned_manual_review,,not_annotated_no_domain_boundaries,,True,False
9M33,A,VI-D,ternary_tr1,756,757,K,631.0,K,757.0,,LYS,True,2822,2823,four_layer_exact,high,0.956043956043956,0.2795698924731182,2.501059938905497,0.0439560439560439,K,A;E;K;R;S;T;V,matches_consensus,True,False,,0.43648335201713884,surface,False,False,False,False,10.604503874186525,True,False,unassigned_manual_review,,not_annotated_no_domain_boundaries,,True,False
9M33,A,VI-D,ternary_tr1,757,758,N,632.0,N,758.0,,ASN,True,2824,2825,four_layer_exact,high,0.9505494505494504,0.2202166064981949,2.3007268366601537,0.0494505494505495,K,D;E;H;K;N;Q;S;T,differs_from_consensus,True,True,scaffold_differs_from_msa_consensus,0.475395853437699,surface,False,True,False,False,7.135970394659396,True,False,unassigned_manual_review,,not_annotated_no_domain_boundaries,,True,False
9M33,A,VI-D,ternary_tr1,758,759,N,633.0,N,759.0,,ASN,True,2860,2861,four_layer_exact,high,0.978021978021978,0.6794425087108014,1.0070103004882645,0.021978021978022,N,D;N,matches_consensus,True,False,,0.20557216135055584,surface,False,False,False,False,9.820468076018523,True,False,unassigned_manual_review,,not_annotated_no_domain_boundaries,,True,False
9M33,A,VI-D,ternary_tr1,759,760,L,634.0,L,760.0,,LEU,True,2867,2868,four_layer_exact,high,0.945054945054945,0.3709090909090909,1.7519562069429615,0.0549450549450549,L,F;I;L;M;V,matches_consensus,True,False,,0.16280714683233877,buried_core,False,False,False,False,13.790629953404755,True,True,unassigned_manual_review,,not_annotated_no_domain_boundaries,,True,False
9M33,A,VI-D,ternary_tr1,760,761,Q,635.0,Q,761.0,,GLN,True,2886,2887,four_layer_exact,high,0.967032967032967,0.2367491166077738,2.1489935970760325,0.0329670329670329,E,A;D;E;K;N;S,differs_from_consensus,True,True,scaffold_differs_from_msa_consensus,0.5332924180396794,surface,False,False,False,False,14.407228534628603,True,False,unassigned_manual_review,,not_annotated_no_domain_boundaries,,True,False
9M33,A,VI-D,ternary_tr1,761,762,N,636.0,N,762.0,,ASN,True,2887,2888,four_layer_exact,high,0.967032967032967,0.4169611307420495,2.00488469845492,0.0329670329670329,N,E;H;N;S,matches_consensus,True,False,,0.15602412199080973,buried_core,False,False,False,False,12.466239261058993,True,True,unassigned_manual_review,,not_annotated_no_domain_boundaries,,True,False
9M33,A,VI-D,ternary_tr1,762,763,S,637.0,S,763.0,,SER,True,2901,2902,four_layer_exact,high,0.945054945054945,0.2909090909090909,2.1035600283597664,0.0549450549450549,A,A;I;L;S;V;Y,differs_from_consensus,True,True,scaffold_differs_from_msa_consensus,0.2142918048125441,surface,False,False,False,False,17.806237640948556,True,False,unassigned_manual_review,,not_annotated_no_domain_boundaries,,True,False
9M33,A,VI-D,ternary_tr1,763,764,D,638.0,D,764.0,,ASP,True,2902,2903,four_layer_exact,high,0.9395604395604396,0.358974358974359,2.0819152050835474,0.0604395604395604,D,D;E;K;N;R;S,matches_consensus,True,False,,0.08241429535413891,buried_core,False,False,False,False,21.061657142053363,True,True,unassigned_manual_review,,not_annotated_no_domain_boundaries,,True,False
9M33,A,VI-D,ternary_tr1,764,765,I,639.0,I,765.0,,ILE,True,2903,2904,four_layer_exact,high,0.934065934065934,0.1845018450184501,2.3924975417138663,0.0659340659340659,K,D;E;K;N;Q;S,differs_from_consensus,True,True,scaffold_differs_from_msa_consensus,0.3833014139283664,surface,False,False,False,False,22.901219471641767,True,False,unassigned_manual_review,,not_annotated_no_domain_boundaries,,True,False
9M33,A,VI-D,ternary_tr1,765,766,T,640.0,T,766.0,,THR,True,2904,2905,four_layer_exact,high,0.912087912087912,0.1444866920152091,2.714515138638037,0.0879120879120879,I,A;G;I;L;N;S;T;W;Y,differs_from_consensus,True,True,scaffold_differs_from_msa_consensus,0.18484407876809072,buried_core,False,False,False,False,23.20480176829768,True,True,unassigned_manual_review,,not_annotated_no_domain_boundaries,,True,False
9M33,A,VI-D,ternary_tr1,766,767,A,641.0,A,767.0,,ALA,True,2927,2928,four_layer_exact,high,0.945054945054945,0.2608695652173913,2.1653032680391404,0.0549450549450549,L,A;F;I;L;M;S;T;V,differs_from_consensus,True,True,scaffold_differs_from_msa_consensus,0.05616875423441471,buried_core,False,False,False,False,20.341112025372286,True,True,unassigned_manual_review,,not_annotated_no_domain_boundaries,,True,False
9M33,A,VI-D,ternary_tr1,767,768,V,642.0,V,768.0,,VAL,True,2928,2929,four_layer_exact,high,0.967032967032967,0.3028169014084507,1.9963040312387688,0.0329670329670329,I,F;I;L;V;Y,differs_from_consensus,True,True,scaffold_differs_from_msa_consensus,0.03470196023103208,buried_core,False,False,False,False,18.003134913848708,True,True,unassigned_manual_review,,not_annotated_no_domain_boundaries,,True,False
9M33,A,VI-D,ternary_tr1,768,769,S,643.0,S,769.0,,SER,True,2940,2941,four_layer_exact,high,0.9945054945054944,0.2491467576791808,2.291636948478845,0.0054945054945054,R,K;N;R;S;T;V,differs_from_consensus,True,True,scaffold_differs_from_msa_consensus,0.1167517982506058,buried_core,False,False,False,False,20.33916497804125,True,True,unassigned_manual_review,,not_annotated_no_domain_boundaries,,True,False
9M33,A,VI-D,ternary_tr1,769,770,S,644.0,S,770.0,,SER,True,2941,2942,four_layer_exact,high,0.9945054945054944,0.1228668941979522,2.709728539248469,0.0054945054945054,A,A;D;E;K;L;N;Q;S;T;V,differs_from_consensus,True,True,scaffold_differs_from_msa_consensus,0.09425685982387964,buried_core,False,False,False,False,20.13651104942162,True,True,unassigned_manual_review,,not_annotated_no_domain_boundaries,,True,False
9M33,A,VI-D,ternary_tr1,770,771,F,645.0,F,771.0,,PHE,True,2942,2943,four_layer_exact,high,0.9945054945054944,0.4778156996587031,1.264865563050892,0.0054945054945054,Y,A;F;Y,differs_from_consensus,True,True,scaffold_differs_from_msa_consensus,0.010063568466999302,buried_core,False,False,False,False,13.991306193910061,True,True,unassigned_manual_review,,not_annotated_no_domain_boundaries,,True,False
9M33,A,VI-D,ternary_tr1,771,772,R,646.0,A,772.0,,ALA,True,2943,2944,four_layer_literature_restored_substitution,high,0.9945054945054944,0.9863481228668942,0.0721777615461715,0.0054945054945054,R,R,matches_consensus,True,True,literature_confirmed_construct_substitution,0.08728113960105417,buried_core,False,False,False,False,16.653367753794004,True,True,HEPN2,,not_annotated_no_domain_boundaries,HEPN2_R,True,False
9M33,A,VI-D,ternary_tr1,772,773,N,647.0,N,773.0,,ASN,True,2944,2945,four_layer_exact,high,0.9945054945054944,0.9658703071672357,0.1942834193895058,0.0054945054945054,N,N,matches_consensus,True,False,,0.5468047377757417,surface,False,False,False,False,18.60240541102774,True,False,unassigned_manual_review,,not_annotated_no_domain_boundaries,,True,False
9M33,A,VI-D,ternary_tr1,773,774,I,648.0,I,774.0,,ILE,True,2945,2946,four_layer_exact,high,0.9945054945054944,0.1979522184300341,2.486413414557738,0.0054945054945054,N,A;C;I;K;N;Q;S;T,differs_from_consensus,True,True,scaffold_differs_from_msa_consensus,0.030650462336038485,buried_core,False,False,False,False,17.331336814672856,True,True,unassigned_manual_review,,not_annotated_no_domain_boundaries,,True,False
9M33,A,VI-D,ternary_tr1,774,775,V,649.0,V,775.0,,VAL,True,2946,2947,four_layer_exact,high,0.9945054945054944,0.5358361774744027,1.1687021341462314,0.0054945054945054,V,A;I;T;V,matches_consensus,True,False,,0.02082117613861925,buried_core,False,False,False,False,12.48968800842139,True,True,unassigned_manual_review,,not_annotated_no_domain_boundaries,,True,False
9M33,A,VI-D,ternary_tr1,775,776,A,650.0,A,776.0,,ALA,True,2947,2948,four_layer_exact,high,0.9945054945054944,0.5426621160409556,1.5575289013707645,0.0054945054945054,A,A;D;E;M,matches_consensus,True,False,,0.4325995489150054,surface,False,False,False,False,15.8317591660399,True,False,unassigned_manual_review,,not_annotated_no_domain_boundaries,,True,False
9M33,A,VI-D,ternary_tr1,776,777,H,651.0,A,777.0,,ALA,True,2948,2949,four_layer_literature_restored_substitution,high,0.9945054945054944,0.9931740614334472,0.040843717863401,0.0054945054945054,H,H,matches_consensus,True,True,literature_confirmed_construct_substitution,0.45962835090060655,surface,False,False,False,False,18.094196040102936,True,False,HEPN2,,not_annotated_no_domain_boundaries,HEPN2_H,True,False
9M33,A,VI-D,ternary_tr1,777,778,I,652.0,I,778.0,,ILE,True,2949,2950,four_layer_exact,high,0.9945054945054944,0.7747440273037542,0.9264919163679826,0.0054945054945054,L,I;L;M,differs_from_consensus,True,True,scaffold_differs_from_msa_consensus,0.02452036986883079,buried_core,False,False,False,False,14.783811066276442,True,True,unassigned_manual_review,,not_annotated_no_domain_boundaries,,True,False
9M33,A,VI-D,ternary_tr1,778,779,S,653.0,S,779.0,,SER,True,2950,2951,four_layer_exact,high,0.9945054945054944,0.5460750853242321,1.51553409871928,0.0054945054945054,N,A;N;S;T,differs_from_consensus,True,True,scaffold_differs_from_msa_consensus,0.1462748240051872,buried_core,False,False,False,False,18.869446708242794,True,True,unassigned_manual_review,,not_annotated_no_domain_boundaries,,True,False
9M33,A,VI-D,ternary_tr1,779,780,V,654.0,V,780.0,,VAL,True,2951,2952,four_layer_exact,high,0.9945054945054944,0.4129692832764505,1.4208257338511148,0.0054945054945054,A,A;I;V,differs_from_consensus,True,True,scaffold_differs_from_msa_consensus,0.0,buried_core,False,False,False,False,16.62053063181296,True,True,unassigned_manual_review,,not_annotated_no_domain_boundaries,,True,False
9M33,A,VI-D,ternary_tr1,780,781,V,655.0,V,781.0,,VAL,True,2952,2953,four_layer_exact,high,0.9945054945054944,0.4197952218430034,1.2712606531607642,0.0054945054945054,V,I;L;V,matches_consensus,True,False,,0.047017581197270245,buried_core,False,False,False,False,14.423210295347186,True,True,unassigned_manual_review,,not_annotated_no_domain_boundaries,,True,False
9M33,A,VI-D,ternary_tr1,781,782,R,656.0,R,782.0,,ARG,True,2970,2971,four_layer_exact,high,0.9835164835164836,0.5190311418685121,1.805813755696792,0.0164835164835165,R,A;N;R;S,matches_consensus,True,False,,0.4459798510262764,surface,False,False,False,False,19.001995555967007,True,False,unassigned_manual_review,,not_annotated_no_domain_boundaries,,True,False
9M33,A,VI-D,ternary_tr1,782,783,N,657.0,N,783.0,,ASN,True,2971,2972,four_layer_exact,high,0.9835164835164836,0.3806228373702422,2.102410568039889,0.0164835164835165,N,A;D;E;K;N;R;S,matches_consensus,True,False,,0.31962041669920116,surface,False,False,False,False,21.630622588652738,True,False,unassigned_manual_review,,not_annotated_no_domain_boundaries,,True,False
9M33,A,VI-D,ternary_tr1,783,784,S,658.0,S,784.0,,SER,True,2972,2973,four_layer_exact,high,0.978021978021978,0.3310104529616725,1.93143586602138,0.021978021978022,A,A;C;F;I;L;M;V,differs_from_consensus,True,True,scaffold_differs_from_msa_consensus,0.08383017729503124,buried_core,False,False,False,False,19.692553436280022,True,True,unassigned_manual_review,,not_annotated_no_domain_boundaries,,True,False
9M33,A,VI-D,ternary_tr1,784,785,N,659.0,N,785.0,,ASN,True,2973,2974,four_layer_exact,high,0.978021978021978,0.2578397212543554,2.355268453829789,0.021978021978022,D,A;D;G;H;N;P;S,differs_from_consensus,True,True,scaffold_differs_from_msa_consensus,0.21308304884529522,surface,False,False,False,False,23.046211385068055,True,False,unassigned_manual_review,,not_annotated_no_domain_boundaries,,True,False
9M33,A,VI-D,ternary_tr1,785,786,E,660.0,E,786.0,,GLU,True,2974,2975,four_layer_exact,high,0.9835164835164836,0.3206459054209919,2.181501697909065,0.0164835164835165,K,D;E;K;L;N;R,differs_from_consensus,True,True,scaffold_differs_from_msa_consensus,0.4981027554343313,surface,False,False,False,False,25.44609936848406,True,False,unassigned_manual_review,,not_annotated_no_domain_boundaries,,True,False
9M33,A,VI-D,ternary_tr1,786,787,Y,661.0,Y,787.0,,TYR,True,2975,2976,four_layer_exact,high,0.9615384615384616,0.7217258662017869,1.0803433260661472,0.0384615384615384,Y,F;Y,matches_consensus,True,False,,0.09991478272687802,buried_core,False,False,False,False,24.523810514907378,True,True,unassigned_manual_review,,not_annotated_no_domain_boundaries,,True,False
9M33,A,VI-D,ternary_tr1,787,788,I,662.0,I,788.0,,ILE,True,2976,2977,four_layer_exact,high,0.967032967032967,0.4875568058861718,1.6375594256322548,0.0329670329670329,I,A;I;L;V,matches_consensus,True,False,,0.0544796180323962,buried_core,False,False,False,False,19.736865189287627,True,True,unassigned_manual_review,,not_annotated_no_domain_boundaries,,True,False
9M33,A,VI-D,ternary_tr1,788,789,S,663.0,S,789.0,,SER,True,2984,2985,four_layer_exact,high,0.9835164835164836,0.2745098039215686,2.1201385496305694,0.0164835164835165,G,A;D;E;G;K;N;S,differs_from_consensus,True,True,scaffold_differs_from_msa_consensus,0.5352550707356492,surface,False,False,False,False,25.505830613230057,True,False,unassigned_manual_review,,not_annotated_no_domain_boundaries,,True,False
9M33,A,VI-D,ternary_tr1,789,790,G,664.0,G,790.0,,GLY,True,2985,2986,four_layer_exact,high,0.9835164835164836,0.4636678200692041,1.6664074302277303,0.0164835164835165,D,D;E;G;K;N,differs_from_consensus,True,True,scaffold_differs_from_msa_consensus,0.28396143095926746,surface,False,False,False,False,26.887355529149414,True,False,unassigned_manual_review,,not_annotated_no_domain_boundaries,,True,False
9M33,A,VI-D,ternary_tr1,790,791,I,665.0,I,791.0,,ILE,True,2992,2993,four_layer_exact,high,0.9835164835164836,0.5397923875432526,1.5186884667253122,0.0164835164835165,I,F;I;L;V,matches_consensus,True,False,,0.08573045945585778,buried_core,False,False,False,False,21.27728303492281,True,True,unassigned_manual_review,,not_annotated_no_domain_boundaries,,True,False
9M33,A,VI-D,ternary_tr1,791,792,G,666.0,G,792.0,,GLY,True,2993,2994,four_layer_exact,high,0.9505494505494504,0.3032490974729241,2.110489159128578,0.0494505494505495,K,A;E;G;K;R;S;T,differs_from_consensus,True,True,scaffold_differs_from_msa_consensus,0.299116353089698,surface,False,False,False,False,24.664705808289124,True,False,unassigned_manual_review,,not_annotated_no_domain_boundaries,,True,False
9M33,A,VI-D,ternary_tr1,792,793,E,667.0,E,793.0,,GLU,True,3006,3007,four_layer_exact,high,0.9615384615384616,0.192170818505338,2.4255818223282586,0.0384615384615384,E,D;E;K;N;R;S;Y,matches_consensus,True,False,,0.5245689970855528,surface,False,False,False,False,21.12944927270854,True,False,unassigned_manual_review,,not_annotated_no_domain_boundaries,,True,False
9M33,A,VI-D,ternary_tr1,793,794,L,668.0,L,794.0,,LEU,True,3007,3008,four_layer_exact,high,0.989010989010989,0.3539518900343643,1.6060298236467747,0.0109890109890109,I,F;I;M;V,differs_from_consensus,True,True,scaffold_differs_from_msa_consensus,0.06475525800687428,buried_core,False,False,False,False,17.719487089647576,True,True,unassigned_manual_review,,not_annotated_no_domain_boundaries,,True,False
9M33,A,VI-D,ternary_tr1,794,795,H,669.0,H,795.0,,HIS,True,3008,3009,four_layer_exact,high,0.989010989010989,0.2623138602520045,2.1231691141312816,0.0109890109890109,D,D;E;K;N;S;T,differs_from_consensus,True,True,scaffold_differs_from_msa_consensus,0.5704826514634027,surface,False,False,False,False,13.244851271533788,True,False,unassigned_manual_review,,not_annotated_no_domain_boundaries,,True,False
9M33,A,VI-D,ternary_tr1,795,796,S,670.0,S,796.0,,SER,True,3035,3036,four_layer_exact,high,0.989010989010989,0.8625429553264605,0.6452752271356559,0.0109890109890109,S,S,matches_consensus,True,False,,0.16777580305299694,buried_core,False,False,False,False,12.748047069420542,True,True,unassigned_manual_review,,not_annotated_no_domain_boundaries,,True,False
9M33,A,VI-D,ternary_tr1,796,797,Y,671.0,Y,797.0,,TYR,True,3044,3045,four_layer_exact,high,0.9945054945054944,0.8771331058020477,0.5003688822901302,0.0054945054945054,Y,W;Y,matches_consensus,True,False,,0.23628207421953837,surface,False,False,False,False,10.887717837076773,True,False,unassigned_manual_review,,not_annotated_no_domain_boundaries,,True,False
9M33,A,VI-D,ternary_tr1,797,798,F,672.0,F,798.0,,PHE,True,3045,3046,four_layer_exact,high,0.9945054945054944,0.7303754266211604,0.646373754231609,0.0054945054945054,F,F;Y,matches_consensus,True,False,,0.02829004184557609,buried_core,False,False,False,False,10.537264471905715,True,True,unassigned_manual_review,,not_annotated_no_domain_boundaries,,True,False
9M33,A,VI-D,ternary_tr1,798,799,E,673.0,E,799.0,,GLU,True,3046,3047,four_layer_exact,high,0.9945054945054944,0.3412969283276451,1.7842046366484416,0.0054945054945054,E,A;D;E;G;Q;S,matches_consensus,True,False,,0.12072934884997849,buried_core,False,False,False,False,14.430342441013744,True,True,unassigned_manual_review,,not_annotated_no_domain_boundaries,,True,False
9M33,A,VI-D,ternary_tr1,799,800,L,674.0,L,800.0,,LEU,True,3047,3048,four_layer_exact,high,0.9945054945054944,0.6655290102389079,1.0945551553873465,0.0054945054945054,L,F;I;L;V,matches_consensus,True,False,,0.024032402309252066,buried_core,False,False,False,False,16.271310950008274,True,True,unassigned_manual_review,,not_annotated_no_domain_boundaries,,True,False
9M33,A,VI-D,ternary_tr1,800,801,Y,675.0,Y,801.0,,TYR,True,3048,3049,four_layer_exact,high,0.9945054945054944,0.9112627986348124,0.3236709773367355,0.0054945054945054,Y,F;Y,matches_consensus,True,False,,0.004073988684649127,buried_core,False,False,False,False,13.383899790118978,True,True,unassigned_manual_review,,not_annotated_no_domain_boundaries,,True,False
9M33,A,VI-D,ternary_tr1,801,802,H,676.0,H,802.0,,HIS,True,3049,3050,four_layer_exact,high,0.9945054945054944,0.7406143344709898,1.0243926616835215,0.0054945054945054,H,C;H,matches_consensus,True,False,,0.0,buried_core,False,False,False,False,13.342311661956579,True,True,unassigned_manual_review,,not_annotated_no_domain_boundaries,,True,False
9M33,A,VI-D,ternary_tr1,802,803,Y,677.0,Y,803.0,,TYR,True,3050,3051,four_layer_exact,high,0.9945054945054944,0.78839590443686,0.8194246612011497,0.0054945054945054,Y,F;Y,matches_consensus,True,False,,0.1044384850245399,buried_core,False,False,False,False,18.850100132270477,True,True,unassigned_manual_review,,not_annotated_no_domain_boundaries,,True,False
9M33,A,VI-D,ternary_tr1,803,804,L,678.0,L,804.0,,LEU,True,3051,3052,four_layer_exact,high,0.9945054945054944,0.3686006825938566,1.602683868186286,0.0054945054945054,I,A;C;I;L;V,differs_from_consensus,True,True,scaffold_differs_from_msa_consensus,0.0,buried_core,False,False,False,False,18.709343112385376,True,True,unassigned_manual_review,,not_annotated_no_domain_boundaries,,True,False
9M33,A,VI-D,ternary_tr1,804,805,V,679.0,V,805.0,,VAL,True,3061,3062,four_layer_exact,high,0.9945054945054944,0.3651877133105802,1.635936536196335,0.0054945054945054,M,I;L;M;V,differs_from_consensus,True,True,scaffold_differs_from_msa_consensus,0.0,buried_core,False,False,False,False,17.41249560718981,True,True,unassigned_manual_review,,not_annotated_no_domain_boundaries,,True,False
9M33,A,VI-D,ternary_tr1,805,806,Q,680.0,Q,806.0,,GLN,True,3062,3063,four_layer_exact,high,0.9945054945054944,0.931740614334471,0.3684350711820774,0.0054945054945054,Q,Q,matches_consensus,True,False,,0.0,buried_core,False,False,False,False,20.02705018290547,True,True,unassigned_manual_review,,not_annotated_no_domain_boundaries,,True,False
9M33,A,VI-D,ternary_tr1,806,807,S,681.0,S,807.0,,SER,True,3063,3064,four_layer_exact,high,0.9945054945054944,0.5870307167235495,1.465201573163282,0.0054945054945054,R,K;R;S,differs_from_consensus,True,True,scaffold_differs_from_msa_consensus,0.08734422095895888,buried_core,False,False,False,False,23.63110809913448,True,True,unassigned_manual_review,,not_annotated_no_domain_boundaries,,True,False
9M33,A,VI-D,ternary_tr1,807,808,M,682.0,M,808.0,,MET,True,3080,3081,four_layer_exact,high,0.9615384615384616,0.1067615658362989,2.7734581905670805,0.0384615384615384,H,A;H;I;L;M;Q;S;Y,differs_from_consensus,True,True,scaffold_differs_from_msa_consensus,0.03985895679242051,buried_core,False,False,False,False,21.176808194051493,True,True,unassigned_manual_review,,not_annotated_no_domain_boundaries,,True,False
9M33,A,VI-D,ternary_tr1,808,809,I,683.0,I,809.0,,ILE,True,3081,3082,four_layer_exact,high,0.989010989010989,0.5773195876288659,1.2142087209349026,0.0109890109890109,L,I;L;M;V,differs_from_consensus,True,True,scaffold_differs_from_msa_consensus,0.012260184934415394,buried_core,False,False,False,False,21.989950632200983,True,True,unassigned_manual_review,,not_annotated_no_domain_boundaries,,True,False
9M33,A,VI-D,ternary_tr1,809,810,A,684.0,A,810.0,,ALA,True,3091,3092,four_layer_exact,high,0.8131868131868132,0.1746724890829694,2.4703232462616773,0.1868131868131868,L,A;F;I;L;M;Q;V;Y,differs_from_consensus,True,True,scaffold_differs_from_msa_consensus,0.3254011989588204,surface,False,False,False,False,27.23149961297622,True,False,unassigned_manual_review,,not_annotated_no_domain_boundaries,,True,False
9M33,A,VI-D,ternary_tr1,810,811,K,685.0,K,811.0,,LYS,True,3092,3093,four_layer_exact,high,0.7967032967032966,0.2690582959641255,2.1311032502971,0.2032967032967033,D,D;E;G;K;N;S,differs_from_consensus,False,True,scaffold_differs_from_msa_consensus,0.5356872336488695,surface,False,False,False,False,29.71006476210917,True,False,unassigned_manual_review,,not_annotated_no_domain_boundaries,,False,False
9M33,A,VI-D,ternary_tr1,811,812,N,686.0,N,812.0,,ASN,True,3111,3112,four_layer_exact,high,0.6483516483516484,0.4078431372549019,1.7946383577714922,0.3516483516483516,D,D;E;N;S,differs_from_consensus,False,True,scaffold_differs_from_msa_consensus,0.4101751655335765,surface,False,False,False,False,28.266379469037563,True,False,unassigned_manual_review,,not_annotated_no_domain_boundaries,,False,False
9M33,A,VI-D,ternary_tr1,812,813,N,687.0,N,813.0,,ASN,True,3112,3113,four_layer_exact,high,0.6538461538461539,0.1962209302325581,2.5776045604077606,0.3461538461538461,K,E;H;K;N;P;R;S;Y,differs_from_consensus,False,True,scaffold_differs_from_msa_consensus,0.47633852456255465,surface,False,False,False,False,29.423813631944064,True,False,unassigned_manual_review,,not_annotated_no_domain_boundaries,,False,False
9M33,A,VI-D,ternary_tr1,813,814,W,688.0,W,814.0,,TRP,True,3113,3114,four_layer_exact,high,0.6538461538461539,0.1511627906976744,2.5844502358479784,0.3461538461538461,S,A;E;G;K;S;T,differs_from_consensus,False,True,scaffold_differs_from_msa_consensus,0.3105943844320637,surface,False,False,False,False,24.299891000147007,True,False,unassigned_manual_review,,not_annotated_no_domain_boundaries,,False,False
9M33,A,VI-D,ternary_tr1,814,815,Y,689.0,Y,815.0,,TYR,True,3114,3115,four_layer_exact,high,0.6428571428571429,0.2731152204836415,2.4580433833576945,0.3571428571428571,K,E;K;N;S;Y,differs_from_consensus,False,True,scaffold_differs_from_msa_consensus,0.26643056521582986,surface,False,False,False,False,26.164950063188208,True,False,unassigned_manual_review,,not_annotated_no_domain_boundaries,,False,False
9M33,A,VI-D,ternary_tr1,815,816,D,690.0,D,816.0,,ASP,True,3115,3116,four_layer_exact,high,0.6208791208791209,0.1630276564774381,2.346655743484709,0.3791208791208791,D,D;E;G;K;N;P;S,matches_consensus,False,False,,0.344291989656184,surface,False,False,False,False,25.285878407712644,True,False,unassigned_manual_review,,not_annotated_no_domain_boundaries,,False,False
9M33,A,VI-D,ternary_tr1,816,817,T,691.0,T,817.0,,THR,True,3116,3117,four_layer_exact,high,0.6373626373626373,0.1176470588235294,2.7959902884656938,0.3626373626373627,E,A;D;E;G;K;L;S;T,differs_from_consensus,False,True,scaffold_differs_from_msa_consensus,0.38339361119849685,surface,False,False,False,False,25.30519427210035,True,False,unassigned_manual_review,,not_annotated_no_domain_boundaries,,False,False
9M33,A,VI-D,ternary_tr1,817,818,S,692.0,S,818.0,,SER,True,3117,3118,four_layer_exact,high,0.6098901098901099,0.1875,2.6075595058323318,0.39010989010989,N,A;D;F;K;N;Q;S;V;Y,differs_from_consensus,False,True,scaffold_differs_from_msa_consensus,0.5999889048049473,surface,False,False,False,False,26.256870105891927,True,False,unassigned_manual_review,,not_annotated_no_domain_boundaries,,False,False
9M33,A,VI-D,ternary_tr1,818,819,H,693.0,H,819.0,,HIS,True,3118,3119,four_layer_exact,high,0.4175824175824176,0.1973684210526315,2.3697393626424144,0.5824175824175823,S,A;D;E;G;K;N;P;S,differs_from_consensus,False,True,scaffold_differs_from_msa_consensus,0.6903388430874896,surface,False,False,False,False,23.099765614750623,True,False,unassigned_manual_review,,not_annotated_no_domain_boundaries,,False,False
9M33,A,VI-D,ternary_tr1,819,820,Q,694.0,Q,820.0,,GLN,True,3143,3144,four_layer_exact,high,0.2197802197802197,0.4615384615384615,1.5072818507947183,0.7802197802197802,K,D;E;K;Q;R,differs_from_consensus,False,True,scaffold_differs_from_msa_consensus,0.09632268287300072,buried_core,False,False,False,False,18.57591348045617,True,True,unassigned_manual_review,,not_annotated_no_domain_boundaries,,False,False
9M33,A,VI-D,ternary_tr1,820,821,P,695.0,P,821.0,,PRO,True,3165,3166,four_layer_exact,high,0.5989010989010989,0.1958925750394944,2.473618564339416,0.4010989010989011,E,A;D;E;G;K;N;P;S,differs_from_consensus,False,True,scaffold_differs_from_msa_consensus,0.6141253288285934,surface,False,False,False,False,20.75122073891149,True,False,unassigned_manual_review,,not_annotated_no_domain_boundaries,,False,False
9M33,A,VI-D,ternary_tr1,821,822,K,696.0,K,822.0,,LYS,True,3166,3167,four_layer_exact,high,0.6593406593406593,0.296137339055794,2.3562313700238597,0.3406593406593406,K,A;F;I;K;L;R;V,matches_consensus,False,False,,0.26935829046213,surface,False,False,False,False,14.453362124066928,True,False,unassigned_manual_review,,not_annotated_no_domain_boundaries,,False,False
9M33,A,VI-D,ternary_tr1,822,823,T,697.0,T,823.0,,THR,True,3167,3168,four_layer_exact,high,0.8186813186813187,0.2401746724890829,2.3015612297799546,0.1813186813186813,L,I;K;L;S;T;V,differs_from_consensus,True,True,scaffold_differs_from_msa_consensus,0.026501014419798106,buried_core,False,False,False,False,20.18960979368731,True,True,unassigned_manual_review,,not_annotated_no_domain_boundaries,,True,False
9M33,A,VI-D,ternary_tr1,823,824,A,698.0,A,824.0,,ALA,True,3168,3169,four_layer_exact,high,0.934065934065934,0.1586715867158671,2.57940935691118,0.0659340659340659,K,A;D;E;K;L;N;Q,differs_from_consensus,True,True,scaffold_differs_from_msa_consensus,0.3432072590507389,surface,False,False,False,False,21.90116472505115,True,False,unassigned_manual_review,,not_annotated_no_domain_boundaries,,True,False
9M33,A,VI-D,ternary_tr1,824,825,E,699.0,E,825.0,,GLU,True,3169,3170,four_layer_exact,high,0.9505494505494504,0.2888086642599278,2.253735962896384,0.0494505494505495,E,D;E;G;K;P;Q;R,matches_consensus,True,False,,0.39616125768157434,surface,False,False,False,False,15.7231045472684,True,False,unassigned_manual_review,,not_annotated_no_domain_boundaries,,True,False
9M33,A,VI-D,ternary_tr1,825,826,Y,700.0,Y,826.0,,TYR,True,3170,3171,four_layer_exact,high,0.9615384615384616,0.69105871886121,1.358622346108025,0.0384615384615384,Y,F;Y,matches_consensus,True,False,,0.06984360118934711,buried_core,False,False,False,False,14.249335332189958,True,True,unassigned_manual_review,,not_annotated_no_domain_boundaries,,True,False
9M33,A,VI-D,ternary_tr1,826,827,L,701.0,L,827.0,,LEU,True,3171,3172,four_layer_exact,high,0.9725274725274724,0.2736842105263158,2.3840711075667165,0.0274725274725274,F,A;F;K;L;R;S;Y,differs_from_consensus,True,True,scaffold_differs_from_msa_consensus,0.10611343439197467,buried_core,False,False,False,False,21.723907268272285,True,True,unassigned_manual_review,,not_annotated_no_domain_boundaries,,True,False
9M33,A,VI-D,ternary_tr1,827,828,N,702.0,N,828.0,,ASN,True,3185,3186,four_layer_exact,high,0.9725274725274724,0.2280701754385964,2.121004101676971,0.0274725274725274,E,A;D;E;K;N;S,differs_from_consensus,True,True,scaffold_differs_from_msa_consensus,0.41383713481645334,surface,False,False,False,False,22.838159941440672,True,False,unassigned_manual_review,,not_annotated_no_domain_boundaries,,True,False
9M33,A,VI-D,ternary_tr1,828,829,N,703.0,N,829.0,,ASN,True,3186,3187,four_layer_exact,high,0.9725274725274724,0.175438596491228,2.509953448043905,0.0274725274725274,K,A;D;E;K;L;N;Q;S,differs_from_consensus,True,True,scaffold_differs_from_msa_consensus,0.32930489965266724,surface,False,False,False,False,18.101419165349494,True,False,unassigned_manual_review,,not_annotated_no_domain_boundaries,,True,False
9M33,A,VI-D,ternary_tr1,829,830,L,704.0,L,830.0,,LEU,True,3192,3193,four_layer_exact,high,0.967032967032967,0.4522968197879858,1.411107694756027,0.0329670329670329,L,I;L;V,matches_consensus,True,False,,0.07074228959464977,buried_core,False,False,False,False,22.352294896589168,True,True,unassigned_manual_review,,not_annotated_no_domain_boundaries,,True,False
9M33,A,VI-D,ternary_tr1,830,831,K,705.0,K,831.0,,LYS,True,3193,3194,four_layer_exact,high,0.9615384615384616,0.1708185053380783,2.4935338041618795,0.0384615384615384,E,D;E;K;L;N;R;S,differs_from_consensus,True,True,scaffold_differs_from_msa_consensus,0.5096079678267577,surface,False,False,False,False,25.164643343987787,True,False,unassigned_manual_review,,not_annotated_no_domain_boundaries,,True,False
9M33,A,VI-D,ternary_tr1,831,832,K,706.0,K,832.0,,LYS,True,3205,3206,four_layer_exact,high,0.934065934065934,0.4534313725490196,1.743901500804819,0.0659340659340659,K,E;K;N;Q;R;S;T,matches_consensus,True,False,,0.5608975029945984,surface,False,False,False,False,22.842452625446143,True,False,unassigned_manual_review,,not_annotated_no_domain_boundaries,,True,False
9M33,A,VI-D,ternary_tr1,832,833,H,707.0,H,833.0,,HIS,True,3206,3207,four_layer_exact,high,0.912087912087912,0.4924242424242424,1.7660496347280823,0.0879120879120879,Y,F;H;N;Y,differs_from_consensus,True,True,scaffold_differs_from_msa_consensus,0.52735307231912,surface,False,False,False,False,20.51038667763341,True,False,unassigned_manual_review,,not_annotated_no_domain_boundaries,,True,False
9M33,A,VI-D,ternary_tr1,833,834,H,708.0,H,834.0,,HIS,True,3213,3214,four_layer_exact,high,0.978021978021978,0.3484320557491289,1.8051593138252695,0.021978021978022,G,G;H;K;N;R,differs_from_consensus,True,True,scaffold_differs_from_msa_consensus,0.43890573864746046,surface,False,False,False,False,24.694701915580477,True,False,unassigned_manual_review,,not_annotated_no_domain_boundaries,,True,False
9M33,A,VI-D,ternary_tr1,834,835,T,709.0,T,835.0,,THR,True,3214,3215,four_layer_exact,high,0.978021978021978,0.5470383275261324,1.7377392265940013,0.021978021978022,T,S;T,matches_consensus,True,False,,0.2627391380109069,surface,False,False,False,False,20.86649347954582,True,False,unassigned_manual_review,,not_annotated_no_domain_boundaries,,True,False
9M33,A,VI-D,ternary_tr1,835,836,Y,710.0,Y,836.0,,TYR,True,3215,3216,four_layer_exact,high,0.989010989010989,0.7800687285223368,0.9399261397042378,0.0109890109890109,Y,P;Y,matches_consensus,True,False,,0.11622683962097659,buried_core,False,False,False,False,14.940202764750067,True,True,unassigned_manual_review,,not_annotated_no_domain_boundaries,,True,False
9M33,A,VI-D,ternary_tr1,836,837,C,711.0,C,837.0,,CYS,True,3216,3217,four_layer_exact,high,0.989010989010989,0.3608247422680412,1.6287875860541623,0.0109890109890109,S,C;D;N;S;V,differs_from_consensus,True,True,scaffold_differs_from_msa_consensus,0.09922165444367671,buried_core,False,False,False,False,16.70608308166248,True,True,unassigned_manual_review,,not_annotated_no_domain_boundaries,,True,False
9M33,A,VI-D,ternary_tr1,837,838,K,712.0,K,838.0,,LYS,True,3217,3218,four_layer_exact,high,0.989010989010989,0.7250859106529209,1.145474998418898,0.0109890109890109,K,K;R,matches_consensus,True,False,,0.5133295836799333,surface,False,False,False,False,14.065769596022788,True,False,unassigned_manual_review,,not_annotated_no_domain_boundaries,,True,False
9M33,A,VI-D,ternary_tr1,838,839,D,713.0,D,839.0,,ASP,True,3218,3219,four_layer_exact,high,0.9945054945054944,0.7337883959044369,1.124333275233936,0.0054945054945054,D,D;N,matches_consensus,True,False,,0.43311760823133183,surface,False,False,False,False,11.238570657558597,True,False,unassigned_manual_review,,not_annotated_no_domain_boundaries,,True,False
9M33,A,VI-D,ternary_tr1,839,840,F,714.0,F,840.0,,PHE,True,3219,3220,four_layer_exact,high,0.9945054945054944,0.4163822525597269,1.4008498795579936,0.0054945054945054,F,A;F;L;M,matches_consensus,True,False,,0.020127136933998604,buried_core,False,False,False,False,15.791595545855785,True,True,unassigned_manual_review,,not_annotated_no_domain_boundaries,,True,False
9M33,A,VI-D,ternary_tr1,840,841,V,715.0,V,841.0,,VAL,True,3220,3221,four_layer_exact,high,0.9945054945054944,0.4607508532423208,1.434370393272457,0.0054945054945054,V,I;L;M;V,matches_consensus,True,False,,0.0,buried_core,False,False,False,False,14.67827794740587,True,True,unassigned_manual_review,,not_annotated_no_domain_boundaries,,True,False
9M33,A,VI-D,ternary_tr1,841,842,K,716.0,K,842.0,,LYS,True,3221,3222,four_layer_exact,high,0.9945054945054944,0.6245733788395904,1.2722698224800089,0.0054945054945054,K,H;K;W,matches_consensus,True,False,,0.2225365792736919,surface,False,False,False,False,10.499405220124327,True,False,unassigned_manual_review,,not_annotated_no_domain_boundaries,,True,False
9M33,A,VI-D,ternary_tr1,842,843,A,717.0,A,843.0,,ALA,True,3222,3223,four_layer_exact,high,0.9945054945054944,0.4914675767918088,1.6026506977934307,0.0054945054945054,A,A;I;L;V,matches_consensus,True,False,,0.06553021327348384,buried_core,False,False,False,False,15.863217185327763,True,True,unassigned_manual_review,,not_annotated_no_domain_boundaries,,True,False
9M33,A,VI-D,ternary_tr1,843,844,Y,718.0,Y,844.0,,TYR,True,3223,3224,four_layer_exact,high,0.9945054945054944,0.7133105802047781,1.0995162720432474,0.0054945054945054,L,I;L;Y,differs_from_consensus,True,True,scaffold_differs_from_msa_consensus,0.022007346292384322,buried_core,False,False,False,False,15.43999353879217,True,True,unassigned_manual_review,,not_annotated_no_domain_boundaries,,True,False
9M33,A,VI-D,ternary_tr1,844,845,C,719.0,C,845.0,,CYS,True,3224,3225,four_layer_exact,high,0.9945054945054944,0.5938566552901023,1.162126883169962,0.0054945054945054,N,C;F;N;Y,differs_from_consensus,True,True,scaffold_differs_from_msa_consensus,0.0072313066828737504,buried_core,False,False,False,False,11.994013214702212,True,True,unassigned_manual_review,,not_annotated_no_domain_boundaries,,True,False
9M33,A,VI-D,ternary_tr1,845,846,I,720.0,I,846.0,,ILE,True,3225,3226,four_layer_exact,high,0.9945054945054944,0.2798634812286689,1.9470579621542503,0.0054945054945054,V,A;I;L;S;T;V,differs_from_consensus,True,True,scaffold_differs_from_msa_consensus,0.0,buried_core,False,False,False,False,14.01848082543722,True,True,unassigned_manual_review,,not_annotated_no_domain_boundaries,,True,False
9M33,A,VI-D,ternary_tr1,846,847,P,721.0,P,847.0,,PRO,True,3243,3244,four_layer_exact,high,0.9945054945054944,0.9112627986348124,0.4798990182367803,0.0054945054945054,P,P,matches_consensus,True,False,,0.0,buried_core,False,False,False,False,12.702088458964496,True,True,unassigned_manual_review,,not_annotated_no_domain_boundaries,,True,False
9M33,A,VI-D,ternary_tr1,847,848,F,722.0,F,848.0,,PHE,True,3244,3245,four_layer_exact,high,0.9945054945054944,0.8225255972696246,0.6470827085570559,0.0054945054945054,F,F;L,matches_consensus,True,False,,0.030190705400997907,buried_core,False,False,False,False,9.338071382108954,True,True,unassigned_manual_review,,not_annotated_no_domain_boundaries,,True,False
9M33,A,VI-D,ternary_tr1,848,849,G,723.0,G,849.0,,GLY,True,3271,3272,four_layer_exact,high,0.9945054945054944,0.5426621160409556,0.8563680260277136,0.0054945054945054,A,A;G,differs_from_consensus,True,True,scaffold_differs_from_msa_consensus,0.0,buried_core,False,False,False,False,9.979738114050717,True,True,unassigned_manual_review,,not_annotated_no_domain_boundaries,,True,False
9M33,A,VI-D,ternary_tr1,849,850,Y,724.0,Y,850.0,,TYR,True,3272,3273,four_layer_exact,high,0.9945054945054944,1.0,-0.0,0.0054945054945054,Y,Y,matches_consensus,True,False,,0.013257473217272065,buried_core,False,False,False,False,8.242332818020884,True,True,unassigned_manual_review,,not_annotated_no_domain_boundaries,,True,False
9M33,A,VI-D,ternary_tr1,850,851,V,725.0,V,851.0,,VAL,True,3273,3274,four_layer_exact,high,0.9945054945054944,0.8703071672354948,0.5843109063318744,0.0054945054945054,N,C;N,differs_from_consensus,True,True,scaffold_differs_from_msa_consensus,0.083284704554477,buried_core,True,False,True,False,4.630736615759257,True,True,unassigned_manual_review,,not_annotated_no_domain_boundaries,,True,False
9M33,A,VI-D,ternary_tr1,851,852,V,726.0,V,852.0,,VAL,True,3274,3275,four_layer_exact,high,0.9945054945054944,0.6484641638225256,1.366584549574924,0.0054945054945054,L,I;L;V,differs_from_consensus,True,True,scaffold_differs_from_msa_consensus,0.06246352841585774,buried_core,True,False,True,False,4.436077972975973,True,True,unassigned_manual_review,,not_annotated_no_domain_boundaries,,True,False
9M33,A,VI-D,ternary_tr1,852,853,P,727.0,P,853.0,,PRO,True,3275,3276,four_layer_exact,high,0.9945054945054944,0.5733788395904437,1.029467248822873,0.0054945054945054,P,A;P,matches_consensus,True,False,,0.0607611681026373,buried_core,True,False,True,False,3.680766211582845,True,True,unassigned_manual_review,,not_annotated_no_domain_boundaries,,True,False
9M33,A,VI-D,ternary_tr1,853,854,R,728.0,R,854.0,,ARG,True,3281,3282,four_layer_exact,high,0.9945054945054944,1.0,-0.0,0.0054945054945054,R,R,matches_consensus,True,False,,0.057541594493816565,buried_core,True,False,True,False,3.821282159962112,True,True,unassigned_manual_review,,not_annotated_no_domain_boundaries,,True,False
9M33,A,VI-D,ternary_tr1,854,855,Y,729.0,Y,855.0,,TYR,True,3282,3283,four_layer_exact,high,0.9945054945054944,0.7337883959044369,0.6111992156029766,0.0054945054945054,Y,F;Y,matches_consensus,True,False,,0.055100907195737625,buried_core,False,True,False,False,6.298293664790908,True,True,unassigned_manual_review,,not_annotated_no_domain_boundaries,,True,False
9M33,A,VI-D,ternary_tr1,855,856,K,730.0,K,856.0,,LYS,True,3283,3284,four_layer_exact,high,0.9945054945054944,0.9112627986348124,0.4533576770844879,0.0054945054945054,K,K,matches_consensus,True,False,,0.02510212401217912,buried_core,True,False,True,False,3.560816951810258,True,True,unassigned_manual_review,,not_annotated_no_domain_boundaries,,True,False
9M33,A,VI-D,ternary_tr1,856,857,N,731.0,N,857.0,,ASN,True,3284,3285,four_layer_exact,high,0.9945054945054944,0.8805460750853242,0.5454137059640182,0.0054945054945054,N,N,matches_consensus,True,False,,0.017182288534181318,buried_core,True,False,True,False,3.209080424833228,True,True,unassigned_manual_review,,not_annotated_no_domain_boundaries,,True,False
9M33,A,VI-D,ternary_tr1,857,858,L,732.0,L,858.0,,LEU,True,3285,3286,four_layer_exact,high,0.9945054945054944,0.9795221843003412,0.1223900868110231,0.0054945054945054,L,L,matches_consensus,True,False,,0.030040502886565082,buried_core,False,True,False,False,6.569701463505129,True,True,unassigned_manual_review,,not_annotated_no_domain_boundaries,,True,False
9M33,A,VI-D,ternary_tr1,858,859,T,733.0,T,859.0,,THR,True,3286,3287,four_layer_exact,high,0.9945054945054944,0.6075085324232082,0.7385756362529033,0.0054945054945054,S,S;T,differs_from_consensus,True,True,scaffold_differs_from_msa_consensus,0.09423287530766279,buried_core,False,False,False,False,9.482083510717422,True,True,unassigned_manual_review,,not_annotated_no_domain_boundaries,,True,False
9M33,A,VI-D,ternary_tr1,859,860,I,734.0,I,860.0,,ILE,True,3291,3292,four_layer_exact,high,0.9945054945054944,0.676905574516496,1.2826502550317684,0.0054945054945054,I,I;N;V,matches_consensus,True,False,,0.12873194181136163,buried_core,False,True,False,False,6.844048690268927,True,True,unassigned_manual_review,,not_annotated_no_domain_boundaries,,True,False
9M33,A,VI-D,ternary_tr1,860,861,N,735.0,N,861.0,,ASN,True,3292,3293,four_layer_exact,high,0.9945054945054944,0.4914675767918088,1.6634119131836618,0.0054945054945054,E,A;D;E;K;N,differs_from_consensus,True,True,scaffold_differs_from_msa_consensus,0.15226651940541142,buried_core,False,False,False,False,8.73201634099007,True,True,unassigned_manual_review,,not_annotated_no_domain_boundaries,,True,False
9M33,A,VI-D,ternary_tr1,861,862,E,736.0,E,862.0,,GLU,True,3293,3294,four_layer_exact,high,0.9945054945054944,0.2116040955631399,2.1916698208890306,0.0054945054945054,E,A;D;E;G;K;Q,matches_consensus,True,False,,0.20241008162606033,surface,False,True,False,False,5.257693071062013,True,False,unassigned_manual_review,,not_annotated_no_domain_boundaries,,True,False
9M33,A,VI-D,ternary_tr1,862,863,L,737.0,L,863.0,,LEU,True,3294,3295,four_layer_exact,high,0.9945054945054944,0.78839590443686,0.920485964506321,0.0054945054945054,L,I;L,matches_consensus,True,False,,0.05068561186305109,buried_core,True,False,True,False,3.494192677325248,True,True,unassigned_manual_review,,not_annotated_no_domain_boundaries,,True,False
9M33,A,VI-D,ternary_tr1,863,864,F,738.0,F,864.0,,PHE,True,3295,3296,four_layer_exact,high,0.9945054945054944,0.9522184300341296,0.2299796848520801,0.0054945054945054,F,F,matches_consensus,True,False,,0.06541319503549546,buried_core,True,False,True,False,3.251470734319809,True,True,unassigned_manual_review,,not_annotated_no_domain_boundaries,,True,False
9M33,A,VI-D,ternary_tr1,864,865,D,739.0,D,865.0,,ASP,True,3303,3304,four_layer_exact,high,0.9725274725274724,0.7590643274853801,0.9431207284312612,0.0274725274725274,D,D;Y,matches_consensus,True,False,,0.3715298909610861,surface,False,True,False,False,5.000708977578629,True,False,unassigned_manual_review,,not_annotated_no_domain_boundaries,,True,False
9M33,A,VI-D,ternary_tr1,865,866,R,740.0,R,866.0,,ARG,True,3304,3305,four_layer_exact,high,0.9835164835164836,0.4152249134948096,1.800919381742992,0.0164835164835165,R,D;E;K;M;R,matches_consensus,True,False,,0.27278971845517996,surface,True,False,True,True,3.124417934785241,True,False,unassigned_manual_review,,not_annotated_no_domain_boundaries,,True,False
9M33,A,VI-D,ternary_tr1,866,867,N,741.0,N,867.0,,ASN,True,3316,3317,four_layer_exact,high,0.945054945054945,0.6836363636363636,1.2332013883339008,0.0549450549450549,N,D;E;N,matches_consensus,True,False,,0.3799438933105185,surface,True,False,True,True,2.854620694342227,True,False,unassigned_manual_review,,not_annotated_no_domain_boundaries,,True,False
9M33,A,VI-D,ternary_tr1,867,868,N,742.0,N,868.0,,ASN,True,3317,3318,four_layer_exact,high,0.8956043956043956,0.2996108949416342,2.244778911930258,0.1043956043956043,E,A;D;E;K;N;R;S,differs_from_consensus,True,True,scaffold_differs_from_msa_consensus,0.28914000812334756,surface,False,True,False,False,5.219895947320137,True,False,unassigned_manual_review,,not_annotated_no_domain_boundaries,,True,False
9M33,A,VI-D,ternary_tr1,868,869,P,743.0,P,869.0,,PRO,True,3409,3410,four_layer_exact,high,0.4835164835164835,0.1794871794871795,2.637974726987787,0.5164835164835164,Y,A;E;I;K;L;P;T;Y,differs_from_consensus,False,True,scaffold_differs_from_msa_consensus,0.6672913509184009,surface,True,False,True,False,4.971055005580301,True,False,unassigned_manual_review,,not_annotated_no_domain_boundaries,,False,False
9M33,A,VI-D,ternary_tr1,869,870,N,744.0,N,870.0,,ASN,True,3410,3411,four_layer_exact,high,0.5494505494505495,0.2487046632124352,2.1752514613789637,0.4505494505494505,K,A;I;K;L;N;Q;R;T,differs_from_consensus,False,True,scaffold_differs_from_msa_consensus,0.34116252696437654,surface,True,False,True,False,4.037805661630767,True,False,unassigned_manual_review,,not_annotated_no_domain_boundaries,,False,False
9M33,A,VI-D,ternary_tr1,870,871,P,745.0,P,871.0,,PRO,True,3411,3412,four_layer_exact,high,0.7912087912087912,0.4106735159817352,2.0263891856972456,0.2087912087912088,P,A;E;K;P;T,matches_consensus,False,False,,0.5425684628615597,surface,True,False,True,False,4.857325526215857,True,False,unassigned_manual_review,,not_annotated_no_domain_boundaries,,False,False
9M33,A,VI-D,ternary_tr1,871,872,E,746.0,E,872.0,,GLU,True,3412,3413,four_layer_exact,high,0.7967032967032966,0.2986425339366516,2.22573897823122,0.2032967032967033,E,D;E;G;K;R,matches_consensus,False,False,,0.27946554474449203,surface,True,False,True,False,4.23197377084481,True,False,unassigned_manual_review,,not_annotated_no_domain_boundaries,,False,False
9M33,A,VI-D,ternary_tr1,872,873,P,747.0,P,873.0,,PRO,True,3413,3414,four_layer_exact,high,0.7912087912087912,0.1963470319634703,2.3631954098400354,0.2087912087912088,K,A;D;E;K;P;Q;T;V,differs_from_consensus,False,True,scaffold_differs_from_msa_consensus,0.4117381606185851,surface,False,False,False,False,8.076619497628922,True,False,unassigned_manual_review,,not_annotated_no_domain_boundaries,,False,False
9M33,A,VI-D,ternary_tr1,873,874,K,748.0,K,874.0,,LYS,True,3414,3415,four_layer_exact,high,0.7582417582417582,0.3561208267090619,2.2090170498338395,0.2417582417582418,K,A;D;E;G;K;N;S,matches_consensus,False,False,,0.8354701982936902,surface,False,True,False,False,7.317435370180391,True,False,unassigned_manual_review,,not_annotated_no_domain_boundaries,,False,False
9M33,A,VI-D,ternary_tr1,874,875,E,749.0,E,875.0,,GLU,True,3423,3424,four_layer_exact,high,0.7417582417582418,0.309328968903437,2.1549634450683137,0.2582417582417582,E,D;E;G;K;R,matches_consensus,False,False,,0.7275175166991475,surface,True,False,True,False,3.146033819461756,True,False,unassigned_manual_review,,not_annotated_no_domain_boundaries,,False,False
9M33,A,VI-D,ternary_tr1,875,876,E,,,,,,False,3458,3459,full_msa_only_unresolved_coordinate,medium,0.1373626373626373,0.875,0.4563344322932884,0.8626373626373627,E,D;E,matches_consensus,False,True,unresolved_terminal,,,,,,,,False,False,unassigned_manual_review,,not_annotated_no_domain_boundaries,,False,False
9M33,A,VI-D,ternary_tr1,876,877,V,,,,,,False,3459,3460,full_msa_only_unresolved_coordinate,medium,0.0989010989010989,0.2941176470588235,1.9721037385162652,0.9010989010989012,D,A;D;E;I;K;N;Q;T;V,differs_from_consensus,False,True,unresolved_terminal;scaffold_differs_from_msa_consensus,,,,,,,,False,False,unassigned_manual_review,,not_annotated_no_domain_boundaries,,False,False
